#%yanny
#
# confSummaryS-10022345.par
#
# Created by pydl.pydlutils.yanny.yanny
#
# 2026-06-11 14:07:32 UTC
#
configuration_id 10022345
robostrategy_run iota-1
fps_calibrations_version 2025.12.04+ccda1c9
jaeger_version 1.11.1
coordio_version 1.18.1
kaiju_version 1.4.1
design_id 741577
field_id 108329
focal_scale 0.99996
instruments BOSS APOGEE
epoch 2461202.686835827
obstime Thu Jun 11 04:25:46 2026
MJD 61202
observatory LCO
temperature 8.8
raCen 267.551045895561
decCen -19.5916796153473
pa 269.72195
is_dithered 0
parent_configuration -999
dither_radius -999.0
cloned_from -999

typedef enum {
    BOSS,
    APOGEE,
    METROLOGY,
    NONE
} FIBERTYPE;

typedef struct {
    short positionerId;
    char holeId[28];
    FIBERTYPE fiberType;
    short assigned;
    short on_target;
    short disabled;
    short valid;
    short decollided;
    short too;
    double xwok;
    double ywok;
    double zwok;
    double xFocal;
    double yFocal;
    float alpha;
    float beta;
    double racat;
    double deccat;
    float pmra;
    float pmdec;
    float parallax;
    double ra;
    double dec;
    double ra_observed;
    double dec_observed;
    double alt_observed;
    double az_observed;
    float lambda_design;
    float lambda_eff;
    float coord_epoch;
    short spectrographId;
    short fiberId;
    float mag[5];
    char optical_prov[92];
    float bp_mag;
    float gaia_g_mag;
    float rp_mag;
    float h_mag;
    long catalogid;
    long carton_to_target_pk;
    char cadence[76];
    char firstcarton[164];
    char program[48];
    char category[60];
    long sdssv_boss_target0;
    long sdssv_apogee_target0;
    double delta_ra;
    double delta_dec;
    long too_id;
    char too_program[4];
} FIBERMAP;

FIBERMAP 4 R+1C12 APOGEE 0 0 0 1 0 0 -47.31971157826139 30.480853365910015 143.1 -30.24964805385537 -47.46517528092523 172.58394 81.60196 -999.0 -999.0 -999.0 -999.0 -999.0 267.45300182551347 -19.735562410436643 267.50962398195406 -19.745970910916988 75.75500491479943 52.06464005236285 -999.0 16600.0 -999.0 2 -999 {-999.0 -999.0 -999.0 -999.0 -999.0} "" -999.0 -999.0 -999.0 -999.0 -999 -999 "" "" "" "" 0 0 0.0 0.0 -999 ""
FIBERMAP 4 R+1C12 BOSS 1 1 0 1 0 0 -47.120552562530115 31.1912003116927 143.1 -30.960924675531903 -47.269473659344534 172.58394 81.60196 267.45075504388933 -19.73495149104038 -7.7693133 -0.6672753 0.6918001 267.4507311039415 -19.734953426379356 267.50730950201114 -19.745404989342344 75.75621604906601 52.05693027943 5400.0 5400.0 2016.0 1 22 {-999.0 17.677687 16.641495 16.102116 -999.0} sdss_psfmag_ps1 17.268148 16.503126 15.617356 13.892 63050395477111287 980272504 "" ops_std_boss_red ops_std standard_boss 0 0 0.0 0.0 -999 ""
FIBERMAP 4 R+1C12 METROLOGY 0 0 0 1 0 0 -46.59543280600553 30.667718228459538 143.1 -30.44001793088276 -46.741840802447584 172.58394 81.60196 -999.0 -999.0 -999.0 -999.0 -999.0 267.45240251291693 -19.73337109375666 267.508987954452 -19.7438082117378 75.75397186135908 52.056544664098624 -999.0 6231.0 -999.0 -1 -999 {-999.0 -999.0 -999.0 -999.0 -999.0} "" -999.0 -999.0 -999.0 -999.0 -999 -999 "" "" "" "" 0 0 0.0 0.0 -999 ""
FIBERMAP 6 R+3C2 APOGEE 0 0 0 1 0 0 -226.0901639708115 72.2926548073435 143.1 -71.19176982570119 -226.42927095113086 83.21868 87.6914 -999.0 -999.0 -999.0 -999.0 -999.0 267.3192558909808 -20.27639618892742 267.3774956822143 -20.28702554121029 76.21055341193237 53.37450385007469 -999.0 16600.0 -999.0 2 -999 {-999.0 -999.0 -999.0 -999.0 -999.0} "" -999.0 -999.0 -999.0 -999.0 -999 -999 "" "" "" "" 0 0 0.0 0.0 -999 ""
FIBERMAP 6 R+3C2 BOSS 1 1 0 1 0 0 -225.38255788332808 72.18472523152602 143.1 -71.08727962015725 -225.72117775265244 83.21868 87.6914 267.3196156008288 -20.274251224617746 4.6040587 -3.964335 -0.0894505 267.3196298362288 -20.274262722627324 267.3778212648666 -20.284926527593665 76.2089322844399 53.36876538242394 5400.0 5400.0 2016.0 1 75 {-999.0 16.230463 14.87068 14.0423355 -999.0} sdss_psfmag_from_g3xp 15.6206665 14.822092 13.590284 11.519 63050395476613769 1093266946 bright_3x1 mwm_astar_core_boss mwm_ob science 0 0 0.0 0.0 -999 ""
FIBERMAP 6 R+3C2 METROLOGY 0 0 0 1 0 0 -225.81688963278114 71.59636510257243 143.1 -70.49684228266698 -226.15263189429618 83.21868 87.6914 -999.0 -999.0 -999.0 -999.0 -999.0 267.32150691191845 -20.275617799544616 267.37971393373243 -20.2862665224621 76.20849301885927 53.37791200000322 -999.0 6231.0 -999.0 -1 -999 {-999.0 -999.0 -999.0 -999.0 -999.0} "" -999.0 -999.0 -999.0 -999.0 -999 -999 "" "" "" "" 0 0 0.0 0.0 -999 ""
FIBERMAP 13 R-1C1 APOGEE 1 1 0 1 0 0 -279.415607684765 -4.276268770963253 143.1 5.63196045255026 -279.3803896650438 103.063515 101.8602 267.5667027748085 -20.436393816382104 -3.2747931 1.0746291 0.16229111 267.5666926387612 -20.436390699567507 267.625365087592 -20.446341338665274 76.1399397391226 54.51596442336484 16000.0 16600.0 2016.0 2 255 {-999.0 16.988916 14.71617 13.526825 -999.0} sdss_psfmag_from_g3xp 15.821761 14.191978 12.97251 9.622 63050395475646336 1147955796 bright_12x1 mwm_bin_rv_short_rgb_apogee_12epoch mwm_bin science 0 0 0.0 0.0 -999 ""
FIBERMAP 13 R-1C1 BOSS 0 0 0 1 0 0 -278.7484786045391 -3.958658001469006 143.1 5.311128766788609 -278.7148363870549 103.063515 101.8602 -999.0 -999.0 -999.0 -999.0 -999.0 267.5657063532907 -20.43434215393727 267.62432997409826 -20.444330229020938 76.13936947744246 54.506953080866936 -999.0 5400.0 -999.0 1 525 {-999.0 -999.0 -999.0 -999.0 -999.0} "" -999.0 -999.0 -999.0 -999.0 -999 -999 "" "" "" "" 0 0 0.0 0.0 -999 ""
FIBERMAP 13 R-1C1 METROLOGY 0 0 0 1 0 0 -278.79215835048035 -4.693901045357462 143.1 6.04654570724332 -278.7549459760801 103.063515 101.8602 -999.0 -999.0 -999.0 -999.0 -999.0 267.5680674912681 -20.434532742021126 267.62670343096613 -20.44450490195432 76.13779307052317 54.51354154780614 -999.0 6231.0 -999.0 -1 -999 {-999.0 -999.0 -999.0 -999.0 -999.0} "" -999.0 -999.0 -999.0 -999.0 -999 -999 "" "" "" "" 0 0 0.0 0.0 -999 ""
FIBERMAP 15 R-1C25 APOGEE 0 0 0 1 0 0 268.3956121748623 -21.13357929370908 143.1 19.8300484779188 268.4842704427837 331.81863 135.67068 -999.0 -999.0 -999.0 -999.0 -999.0 267.61672779856104 -18.77989382562723 267.6705290014685 -18.790101591077413 74.98138981323048 49.76125124702003 -999.0 16600.0 -999.0 2 -999 {-999.0 -999.0 -999.0 -999.0 -999.0} "" -999.0 -999.0 -999.0 -999.0 -999 -999 "" "" "" "" 0 0 0.0 0.0 -999 ""
FIBERMAP 15 R-1C25 BOSS 1 1 0 1 0 0 268.63246608920053 -21.79777085567171 143.1 20.49305627649151 268.7243351997357 331.81863 135.67068 267.6188570235661 -18.77896698726454 10.496012 -60.97467 5.710444 267.6188891774743 -18.77914383593513 267.672645199906 -18.789386854735067 74.97947032220047 49.764788071652916 5400.0 5400.0 2016.0 1 336 {-999.0 18.758984 17.201859 15.63137 -999.0} sdss_psfmag_ps1 18.009184 16.354567 15.07031 12.253 63050395482925658 1077811164 bright_flexible_2x1 mwm_snc_ext_main_boss mwm_snc science 0 0 0.0 0.0 -999 ""
FIBERMAP 15 R-1C25 METROLOGY 0 0 0 1 0 0 267.8878858286007 -21.682862621426125 143.1 20.381767197476844 267.9792358773101 331.81863 135.67068 -999.0 -999.0 -999.0 -999.0 -999.0 267.61852189946404 -18.781337700270022 267.67229627099334 -18.791569712851093 74.98125095454088 49.76982422390449 -999.0 6231.0 -999.0 -1 -999 {-999.0 -999.0 -999.0 -999.0 -999.0} "" -999.0 -999.0 -999.0 -999.0 -999 -999 "" "" "" "" 0 0 0.0 0.0 -999 ""
FIBERMAP 24 R+3C10 APOGEE 0 0 0 1 0 0 -69.68865877903464 50.13437813415827 143.1 -49.79360603855694 -69.92833649948892 231.46432 95.23097 -999.0 -999.0 -999.0 -999.0 -999.0 267.3897211840612 -19.80351386072093 267.44655382327574 -19.814070533295457 75.84482889962021 52.10363571366781 -999.0 16600.0 -999.0 2 -999 {-999.0 -999.0 -999.0 -999.0 -999.0} "" -999.0 -999.0 -999.0 -999.0 -999 -999 "" "" "" "" 0 0 0.0 0.0 -999 ""
FIBERMAP 24 R+3C10 BOSS 1 1 0 1 0 0 -70.30530506489008 50.552561883204554 143.1 -50.20877575233143 -70.54698016837685 231.46432 95.23097 267.38840206867985 -19.805386872716216 -5.164539 -1.1963837 0.09243177 267.3883861479119 -19.805390342662484 267.44518237172304 -19.81598679081065 75.8470777462651 52.105797651977596 5400.0 5400.0 2016.0 1 24 {-999.0 19.024324 17.706436 17.148901 -999.0} sdss_psfmag_ps1 18.358786 17.556433 16.549917 -999.0 63050395477105711 1070865427 bright_1x1 mwm_halo_distant_rrl_boss_single mwm_halo science 0 0 0.0 0.0 -999 ""
FIBERMAP 24 R+3C10 METROLOGY 0 0 0 1 0 0 -69.6438740300638 50.88103236675575 143.1 -50.54043893912942 -69.88717733943359 231.46432 95.23097 -999.0 -999.0 -999.0 -999.0 -999.0 267.38730638846545 -19.803400409534824 267.44410888624327 -19.813989710615026 75.84646107860068 52.096999539719036 -999.0 6231.0 -999.0 -1 -999 {-999.0 -999.0 -999.0 -999.0 -999.0} "" -999.0 -999.0 -999.0 -999.0 -999 -999 "" "" "" "" 0 0 0.0 0.0 -999 ""
FIBERMAP 27 R-2C1 APOGEE 1 1 0 1 0 0 -260.8914726303463 -48.94139461689192 143.1 50.20488216821924 -260.6404683617642 307.4842 118.66205 267.7107030333763 -20.380356929673372 -8.800596 -11.735379 1.2079933 267.71067580392304 -20.38039096653004 267.76915757029815 -20.389981279540322 76.0008465266683 54.70124368445761 16000.0 16600.0 2016.0 2 256 {-999.0 14.9588995 13.559661 12.916338 -999.0} sdss_psfmag_from_g3xp 14.389315 13.454927 12.496629 10.325 63050395475651487 1069771750 bright_18x1 mwm_bin_rv_short_subgiant_apogee mwm_bin science 0 0 0.0 0.0 -999 ""
FIBERMAP 27 R-2C1 BOSS 0 0 0 1 0 0 -261.16663799890307 -49.63567591379126 143.1 50.90046280692236 -260.9122503623291 307.4842 118.66205 -999.0 -999.0 -999.0 -999.0 -999.0 267.7129599549714 -20.381171674670178 267.7714001501548 -20.39079055809266 75.99977047664204 54.70942342434762 -999.0 5400.0 -999.0 1 526 {-999.0 -999.0 -999.0 -999.0 -999.0} "" -999.0 -999.0 -999.0 -999.0 -999 -999 "" "" "" "" 0 0 0.0 0.0 -999 ""
FIBERMAP 27 R-2C1 METROLOGY 0 0 0 1 0 0 -261.6307609402492 -49.043889370987756 143.1 50.310959141441074 -261.37922102147473 307.4842 118.66205 -999.0 -999.0 -999.0 -999.0 -999.0 267.7110510207309 -20.38263075551699 267.7695081865106 -20.392244422889057 76.0020632658719 54.70924844418454 -999.0 6231.0 -999.0 -1 -999 {-999.0 -999.0 -999.0 -999.0 -999.0} "" -999.0 -999.0 -999.0 -999.0 -999 -999 "" "" "" "" 0 0 0.0 0.0 -999 ""
FIBERMAP 34 R-11C16 APOGEE 1 1 0 1 0 0 167.36320580144772 -234.00004085982968 143.1 233.17576634729426 168.49006671722753 323.20038 48.939255 268.2982518045483 -19.082849400585363 -5.3293858 -5.413513 0.3680711 268.29823544858147 -19.082865101737568 268.3527961437196 -19.091236239327994 74.72679452104305 52.30695201803663 16000.0 16600.0 2016.0 2 235 {-999.0 18.23265 16.08246 14.730223 -999.0} sdss_psfmag_ps1 16.91563 15.361103 14.028693 10.799 63050395479149383 1069254491 bright_18x1 mwm_bin_rv_short_subgiant_apogee mwm_bin science 0 0 0.0 0.0 -999 ""
FIBERMAP 34 R-11C16 BOSS 0 0 0 1 0 0 166.62364061718787 -234.15764467097432 143.1 233.33695086788754 167.7513046238289 323.20038 48.939255 -999.0 -999.0 -999.0 -999.0 -999.0 268.29878102845885 -19.08507035741246 268.35330266083486 -19.093479442352788 74.7279715998059 52.31442564515078 -999.0 5400.0 -999.0 1 345 {-999.0 -999.0 -999.0 -999.0 -999.0} "" -999.0 -999.0 -999.0 -999.0 -999 -999 "" "" "" "" 0 0 0.0 0.0 -999 ""
FIBERMAP 34 R-11C16 METROLOGY 0 0 0 1 0 0 166.84648586807643 -233.45058685524586 143.1 232.6288482643743 167.97070721529616 323.20038 48.939255 -999.0 -999.0 -999.0 -999.0 -999.0 268.29656474749817 -19.084379279923265 268.3510976414036 -19.092782971356026 74.72902321676025 52.307101985833754 -999.0 6231.0 -999.0 -1 -999 {-999.0 -999.0 -999.0 -999.0 -999.0} "" -999.0 -999.0 -999.0 -999.0 -999 -999 "" "" "" "" 0 0 0.0 0.0 -999 ""
FIBERMAP 38 R+13C14 APOGEE 1 1 0 1 0 0 130.5338756939678 241.63718888713723 143.1 -242.25811663009142 129.354530630322 252.4166 73.04555 266.77651843649016 -19.19691061003182 -2.8576822 -0.055855557 0.31373468 266.7765096601588 -19.196910772033007 266.8316645075449 -19.209197406874527 75.83605231556876 48.67880222799316 16000.0 16600.0 2016.0 2 57 {-999.0 16.988297 15.093331 14.193857 -999.0} sdss_psfmag_ps1 16.019129 14.662696 13.527714 10.631 63050395481100848 1149139466 bright_12x1 mwm_bin_rv_short_rgb_apogee_12epoch mwm_bin science 0 0 0.0 0.0 -999 ""
FIBERMAP 38 R+13C14 BOSS 0 0 0 1 0 0 130.00115616454144 242.1505175963967 143.1 -242.76883364722886 128.819347665022 252.4166 73.04555 -999.0 -999.0 -999.0 -999.0 -999.0 266.7749188299004 -19.198487476769152 266.83003866310037 -19.210816753635033 75.83828367069344 48.678896361479985 -999.0 5400.0 -999.0 1 95 {-999.0 -999.0 -999.0 -999.0 -999.0} "" -999.0 -999.0 -999.0 -999.0 -999 -999 "" "" "" "" 0 0 0.0 0.0 -999 ""
FIBERMAP 38 R+13C14 METROLOGY 0 0 0 1 0 0 130.7307940157797 242.3546003890011 143.1 -242.97644656872447 129.54795739200134 252.4166 73.04555 -999.0 -999.0 -999.0 -999.0 -999.0 266.7742235024929 -19.196272384895757 266.829348276906 -19.208592965047174 75.83713906998352 48.67066082133431 -999.0 6231.0 -999.0 -1 -999 {-999.0 -999.0 -999.0 -999.0 -999.0} "" -999.0 -999.0 -999.0 -999.0 -999 -999 "" "" "" "" 0 0 0.0 0.0 -999 ""
FIBERMAP 41 R+10C10 APOGEE 0 0 0 1 0 0 33.819507452296584 185.4794357937961 143.1 -185.63394771158622 32.917685067030924 331.62262 108.24922 -999.0 -999.0 -999.0 -999.0 -999.0 266.9544818743503 -19.48940980241585 267.0104636821784 -19.501167396685194 75.92503311764588 50.012125620461745 -999.0 16600.0 -999.0 2 -999 {-999.0 -999.0 -999.0 -999.0 -999.0} "" -999.0 -999.0 -999.0 -999.0 -999 -999 "" "" "" "" 0 0 0.0 0.0 -999 ""
FIBERMAP 41 R+10C10 BOSS 1 1 0 1 0 0 33.685803916784025 184.75207715287365 143.1 -184.90597790970727 32.787518088951416 331.62262 108.24922 266.956787109375 -19.489767640766544 -999.0 -999.0 -999.0 266.95678710937506 -19.489767640766544 267.0127290459465 -19.501556999000034 75.92378924732168 50.019440187390074 5400.0 5400.0 2015.5 1 127 {-999.0 -999.0 -999.0 -999.0 -999.0} "" -999.0 -999.0 -999.0 -999.0 27021603148185271 852694762 "" ops_sky_boss_fallback ops_sky sky_boss 0 0 0.0 0.0 -999 ""
FIBERMAP 41 R+10C10 METROLOGY 0 0 0 1 0 0 33.119825845407455 185.21496676767558 143.1 -185.36609705097035 32.21932306817818 331.62262 108.24922 -999.0 -999.0 -999.0 -999.0 -999.0 266.9552641681122 -19.491488430668884 267.01122288439376 -19.503270611606055 75.92600372668691 50.020343275934124 -999.0 6231.0 -999.0 -1 -999 {-999.0 -999.0 -999.0 -999.0 -999.0} "" -999.0 -999.0 -999.0 -999.0 -999 -999 "" "" "" "" 0 0 0.0 0.0 -999 ""
FIBERMAP 47 R-6C12 APOGEE 0 0 0 1 0 0 8.576814648520166 -126.6714509183067 143.1 126.62327204097629 9.191065946533733 245.77098 84.4022 -999.0 -999.0 -999.0 -999.0 -999.0 267.95885627956415 -19.564416383845902 268.01488780382044 -19.57355387352163 75.28799902397853 52.84472755067213 -999.0 16600.0 -999.0 2 -999 {-999.0 -999.0 -999.0 -999.0 -999.0} "" -999.0 -999.0 -999.0 -999.0 -999 -999 "" "" "" "" 0 0 0.0 0.0 -999 ""
FIBERMAP 47 R-6C12 BOSS 1 1 0 1 0 0 7.925136523347184 -126.34472197698761 143.1 126.2997223980023 8.5378360525364 245.77098 84.4022 267.9579426204645 -19.566363588402293 -4.824654 2.6320605 1.8562639 267.95792776964515 -19.56635595447092 268.01392102873564 -19.57553324539124 75.29000476892497 52.84807971134032 5400.0 5400.0 2016.0 1 391 {-999.0 15.651998 14.715164 14.282525 -999.0} sdss_psfmag_from_g3xp 15.340129 14.696325 13.904173 12.347 63050395478402010 1095681045 bright_1x1 mwm_bin_vis_boss mwm_filler science 0 0 0.0 0.0 -999 ""
FIBERMAP 47 R-6C12 METROLOGY 0 0 0 1 0 0 8.567759988867387 -125.92350959043756 143.1 125.8754133769139 9.178382239633441 245.77098 84.4022 -999.0 -999.0 -999.0 -999.0 -999.0 267.9565652608499 -19.564421102830238 268.01256553598876 -19.573591681289496 75.28964294683615 52.839039332166635 -999.0 6231.0 -999.0 -1 -999 {-999.0 -999.0 -999.0 -999.0 -999.0} "" -999.0 -999.0 -999.0 -999.0 -999 -999 "" "" "" "" 0 0 0.0 0.0 -999 ""
FIBERMAP 48 R-6C4 APOGEE 0 0 0 1 0 0 -146.21599084991487 -110.61274354203904 143.1 111.31655525047309 -145.67165287546305 21.613216 124.56101 -999.0 -999.0 -999.0 -999.0 -999.0 267.9088674481844 -20.033839749723366 267.966289349015 -20.04299703663751 75.63426411653587 54.120599593219595 -999.0 16600.0 -999.0 2 -999 {-999.0 -999.0 -999.0 -999.0 -999.0} "" -999.0 -999.0 -999.0 -999.0 -999 -999 "" "" "" "" 0 0 0.0 0.0 -999 ""
FIBERMAP 48 R-6C4 BOSS 1 1 0 1 0 0 -145.61501848157664 -111.02906715159841 143.1 111.72994098149385 -145.06869133923095 21.613216 124.56101 267.90979580158387 -20.032024989113747 -0.45955718 -1.1967034 0.94508237 267.9102888130494 -20.032028459988013 267.96766105514905 -20.041218541697475 75.63212440192264 54.118603747779154 5400.0 5400.0 2016.0 1 491 {-999.0 10.742709 10.419299 10.256563 -999.0} sdss_psfmag_from_g3xp 10.701312 10.393475 9.896051 9.057 63050395478228280 1068459765 bright_3x1 mwm_ob_core_boss mwm_ob science 0 0 1.6722639799118042 0.0 -999 ""
FIBERMAP 48 R-6C4 METROLOGY 0 0 0 1 0 0 -146.2578491073058 -111.35956755282358 143.1 112.0635437191304 -145.70988487157854 21.613216 124.56101 -999.0 -999.0 -999.0 -999.0 -999.0 267.9113607920409 -20.03399447157668 267.96875110081317 -20.04317110286102 75.63263404791101 54.12724832836409 -999.0 6231.0 -999.0 -1 -999 {-999.0 -999.0 -999.0 -999.0 -999.0} "" -999.0 -999.0 -999.0 -999.0 -999 -999 "" "" "" "" 0 0 0.0 0.0 -999 ""
FIBERMAP 50 R-4C21 APOGEE 1 1 0 1 0 0 186.75959176786475 -90.78006540342817 143.1 89.86908171789482 187.19044847131875 270.51706 56.054314 267.84067215598884 -19.025109956815296 -4.316249 -7.68823 1.4657574 267.8406589139639 -19.025132255472176 267.89513449014044 -19.034702390894612 75.00181057548961 51.00995011337156 16000.0 16600.0 2016.0 2 225 {-999.0 13.722414 12.91383 12.519118 -999.0} sdss_psfmag_from_g3xp 13.471745 12.891759 12.152472 10.793 63050395478876630 1069529793 bright_18x1 mwm_bin_rv_short_subgiant_apogee mwm_bin science 0 0 0.0 0.0 -999 ""
FIBERMAP 50 R-4C21 BOSS 0 0 0 1 0 0 186.1404047827529 -90.40540069532688 143.1 89.49744112106443 186.5694754184728 270.51706 56.054314 -999.0 -999.0 -999.0 -999.0 -999.0 267.83953849904634 -19.026915771872208 267.893975713558 -19.03652834547525 75.00386721011128 51.012081808362495 -999.0 5400.0 -999.0 1 323 {-999.0 -999.0 -999.0 -999.0 -999.0} "" -999.0 -999.0 -999.0 -999.0 -999 -999 "" "" "" "" 0 0 0.0 0.0 -999 ""
FIBERMAP 50 R-4C21 METROLOGY 0 0 0 1 0 0 186.79244181861415 -90.03664254174876 143.1 89.1255379361465 187.21968923186117 270.51706 56.054314 -999.0 -999.0 -999.0 -999.0 -999.0 267.83834709522245 -19.02493483527121 267.89279113388204 -19.03453965145938 75.00329016785363 51.00354821962367 -999.0 6231.0 -999.0 -1 -999 {-999.0 -999.0 -999.0 -999.0 -999.0} "" -999.0 -999.0 -999.0 -999.0 -999 -999 "" "" "" "" 0 0 0.0 0.0 -999 ""
FIBERMAP 51 R+5C4 APOGEE 0 0 0 1 0 0 -156.68136250675613 84.11825345189527 143.1 -83.35357454596065 -157.08144889638632 340.66144 83.46774 -999.0 -999.0 -999.0 -999.0 -999.0 267.28059360131084 -20.067008927972253 267.33822087208193 -20.077787148771723 76.09818535039072 52.62100931654413 -999.0 16600.0 -999.0 2 -999 {-999.0 -999.0 -999.0 -999.0 -999.0} "" -999.0 -999.0 -999.0 -999.0 -999 -999 "" "" "" "" 0 0 0.0 0.0 -999 ""
FIBERMAP 51 R+5C4 BOSS 1 1 0 1 0 0 -156.95319997618452 83.46319687798396 143.1 -82.69723274860698 -157.35009351494963 340.66144 83.46774 267.28272156784135 -20.067834785587625 -1.2055122 -6.3872056 0.113901444 267.2827178454188 -20.067853310801897 267.3403054434906 -20.07866153418705 76.09732491764517 52.629183805247 5400.0 5400.0 2016.0 1 38 {-999.0 20.76292 19.167873 18.314552 -999.0} sdss_psfmag_ps1 20.086735 18.810205 17.727575 -999.0 63050395476753636 1055530206 dark_flexible_2x2 bhm_csc_boss bhm_csc science 0 0 0.0 0.0 -999 ""
FIBERMAP 51 R+5C4 METROLOGY 0 0 0 1 0 0 -157.4264154828419 84.05196408908462 143.1 -83.28367311544787 -157.82614161680607 340.66144 83.46774 -999.0 -999.0 -999.0 -999.0 -999.0 267.2807993643607 -20.06931124513586 267.33840343338306 -20.08011398090229 76.09962377013133 52.62865554475411 -999.0 6231.0 -999.0 -1 -999 {-999.0 -999.0 -999.0 -999.0 -999.0} "" -999.0 -999.0 -999.0 -999.0 -999 -999 "" "" "" "" 0 0 0.0 0.0 -999 ""
FIBERMAP 60 R-3C7 APOGEE 1 1 0 1 0 0 -115.15342507146677 -65.64917590558856 143.1 66.20457906137746 -114.82888892670964 299.12366 134.9202 267.7636628011343 -19.940523420877323 2.0943408 -3.2100375 0.81162184 267.76366926288324 -19.94053273115087 267.8208414939234 -19.950088183778323 75.67554427744292 53.47469740538434 16000.0 16600.0 2016.0 2 290 {-999.0 14.384234 13.186795 12.569447 -999.0} sdss_psfmag_from_g3xp 13.931361 13.082128 12.162714 10.24 63050395478254779 1069771777 bright_18x1 mwm_bin_rv_short_subgiant_apogee mwm_bin science 0 0 0.0 0.0 -999 ""
FIBERMAP 60 R-3C7 BOSS 0 0 0 1 0 0 -115.46789744786388 -66.31520048823373 143.1 66.87209519293849 -115.14011302064948 299.12366 134.9202 -999.0 -999.0 -999.0 -999.0 -999.0 267.76589832647056 -19.941496384616126 267.8230294136649 -19.951082214288693 75.67466681719563 53.48322132789099 -999.0 5400.0 -999.0 1 476 {-999.0 -999.0 -999.0 -999.0 -999.0} "" -999.0 -999.0 -999.0 -999.0 -999 -999 "" "" "" "" 0 0 0.0 0.0 -999 ""
FIBERMAP 60 R-3C7 METROLOGY 0 0 0 1 0 0 -115.89776619855168 -65.71248638545084 143.1 66.27149830880111 -115.57288429053467 299.12366 134.9202 -999.0 -999.0 -999.0 -999.0 -999.0 267.7639523382792 -19.942829151495562 267.82110004363915 -19.952409404332155 75.67690411976359 53.48236442309229 -999.0 6231.0 -999.0 -1 -999 {-999.0 -999.0 -999.0 -999.0 -999.0} "" -999.0 -999.0 -999.0 -999.0 -999 -999 "" "" "" "" 0 0 0.0 0.0 -999 ""
FIBERMAP 73 R-11C14 APOGEE 1 1 0 1 0 0 139.37074560290233 -203.3303047790251 143.1 202.64345649174572 140.35022556569066 74.00598 67.1146 268.2015104146241 -19.16747509012886 2.456201 -2.7718658 0.6028635 268.20151795660445 -19.167483129545634 268.25634354576374 -19.176084939077445 74.85130520996775 52.3073589403333 16000.0 16600.0 2016.0 2 232 {-999.0 15.443498 13.712394 12.859801 -999.0} sdss_psfmag_from_g3xp 14.66453 13.465372 12.388159 9.793 63050395478788319 1069305370 bright_18x1 mwm_bin_rv_short_subgiant_apogee mwm_bin science 0 0 0.0 0.0 -999 ""
FIBERMAP 73 R-11C14 BOSS 0 0 0 1 0 0 139.8453517485138 -203.87009652250066 143.1 203.1809171783363 140.82742657248255 74.00598 67.1146 -999.0 -999.0 -999.0 -999.0 -999.0 268.2032880012784 -19.16599498804997 268.2580638508367 -19.174632096139362 74.84912594500904 52.307517836481 -999.0 5400.0 -999.0 1 341 {-999.0 -999.0 -999.0 -999.0 -999.0} "" -999.0 -999.0 -999.0 -999.0 -999 -999 "" "" "" "" 0 0 0.0 0.0 -999 ""
FIBERMAP 73 R-11C14 METROLOGY 0 0 0 1 0 0 139.11144819676386 -204.02968765532557 143.1 203.3440614436552 140.09433546229002 74.00598 67.1146 -999.0 -999.0 -999.0 -999.0 -999.0 268.20384306900354 -19.1681963029821 268.25863800720595 -19.176820249153558 74.85021784080587 52.315064252032414 -999.0 6231.0 -999.0 -1 -999 {-999.0 -999.0 -999.0 -999.0 -999.0} "" -999.0 -999.0 -999.0 -999.0 -999 -999 "" "" "" "" 0 0 0.0 0.0 -999 ""
FIBERMAP 85 R+2C11 APOGEE 1 1 0 1 0 0 -51.93243429421502 59.15871665875743 143.1 -58.90364251363251 -52.21682351939826 176.06186 32.592678 267.36053466796875 -19.74965008353304 -999.0 -999.0 -999.0 267.36053466796875 -19.74965008353304 267.41721377889723 -19.76029494326287 75.82841647202883 51.86587287855665 16000.0 16600.0 2015.5 2 15 {-999.0 -999.0 -999.0 -999.0 -999.0} "" -999.0 -999.0 -999.0 -999.0 27021603148173393 848963164 "" ops_sky_apogee_good ops_sky sky_apogee 0 0 0.0 0.0 -999 ""
FIBERMAP 85 R+2C11 BOSS 0 0 0 1 0 0 -51.30565112974621 59.52265836843334 143.1 -59.270606955192626 -51.591838897252984 176.06186 32.592678 -999.0 -999.0 -999.0 -999.0 -999.0 267.3593630345148 -19.747742182217486 267.41599468136394 -19.758427488572952 75.82798031816102 51.8570998422486 -999.0 5400.0 -999.0 1 23 {-999.0 -999.0 -999.0 -999.0 -999.0} "" -999.0 -999.0 -999.0 -999.0 -999 -999 "" "" "" "" 0 0 0.0 0.0 -999 ""
FIBERMAP 85 R+2C11 METROLOGY 0 0 0 1 0 0 -51.30036685927399 58.77193326681035 143.1 -58.519946365032965 -51.58291187557343 176.06186 32.592678 -999.0 -999.0 -999.0 -999.0 -999.0 267.36176651262747 -19.747739818543042 267.41840966110226 -19.75840842142548 75.82630630952274 51.86337894989333 -999.0 6231.0 -999.0 -1 -999 {-999.0 -999.0 -999.0 -999.0 -999.0} "" -999.0 -999.0 -999.0 -999.0 -999 -999 "" "" "" "" 0 0 0.0 0.0 -999 ""
FIBERMAP 89 R-9C1 APOGEE 1 1 0 1 0 0 -180.58320586541834 -156.51785998598314 143.1 157.386067886742 -179.81432593363607 118.271675 47.26494 268.05683176329694 -20.13659756594806 -0.5046974 -2.9409604 0.1796153 268.05683020419013 -20.136606095800577 268.11452924399396 -20.14535578012963 75.59558059023443 54.79848233761589 16000.0 16600.0 2016.0 2 258 {-999.0 17.734674 15.460197 14.253329 -999.0} sdss_psfmag_ps1 16.502266 14.824127 13.589855 10.197 63050395477615006 1149094425 bright_12x1 mwm_bin_rv_short_rgb_apogee_12epoch mwm_bin science 0 0 0.0 0.0 -999 ""
FIBERMAP 89 R-9C1 BOSS 0 0 0 1 0 0 -179.87051957093243 -156.69134767070935 143.1 157.55608815434627 -179.1008346589972 118.271675 47.26494 -999.0 -999.0 -999.0 -999.0 -999.0 268.0574490102586 -20.134438842905404 268.11509686777333 -20.14322316506759 75.5937917158037 54.79334734587121 -999.0 5400.0 -999.0 1 352 {-999.0 -999.0 -999.0 -999.0 -999.0} "" -999.0 -999.0 -999.0 -999.0 -999 -999 "" "" "" "" 0 0 0.0 0.0 -999 ""
FIBERMAP 89 R-9C1 METROLOGY 0 0 0 1 0 0 -180.3787043001547 -157.2325323901467 143.1 158.09971090931163 -179.60636688361134 118.271675 47.26494 -999.0 -999.0 -999.0 -999.0 -999.0 268.05920648123015 -20.13599697444478 268.11687127843993 -20.144766245906162 75.59352464969733 54.802410842922484 -999.0 6231.0 -999.0 -1 -999 {-999.0 -999.0 -999.0 -999.0 -999.0} "" -999.0 -999.0 -999.0 -999.0 -999 -999 "" "" "" "" 0 0 0.0 0.0 -999 ""
FIBERMAP 92 R-1C26 APOGEE 1 1 0 1 0 0 274.8939100024231 -10.76086705615127 143.1 9.426339158861515 274.93189642297455 93.22908 141.68082 267.5835564688357 -18.76046793577355 -4.358632 -2.0665736 0.7402707 267.58354311790384 -18.76047392958658 267.63729369594574 -18.770772184352783 74.98983235623915 49.62247868650269 16000.0 16600.0 2016.0 2 229 {-999.0 15.005768 13.660777 13.05924 -999.0} sdss_psfmag_from_g3xp 14.474091 13.584683 12.651324 10.596 63050395482986123 1069525402 bright_18x1 mwm_bin_rv_short_subgiant_apogee mwm_bin science 0 0 0.0 0.0 -999 ""
FIBERMAP 92 R-1C26 BOSS 0 0 0 1 0 0 275.3319851847027 -10.099384625041719 143.1 8.762765139443186 275.36673896487486 93.22908 141.68082 -999.0 -999.0 -999.0 -999.0 -999.0 267.581469750024 -18.75913786915695 267.63517405168716 -18.769482689473115 74.99032794033901 49.61346882242049 -999.0 5400.0 -999.0 1 338 {-999.0 -999.0 -999.0 -999.0 -999.0} "" -999.0 -999.0 -999.0 -999.0 -999 -999 "" "" "" "" 0 0 0.0 0.0 -999 ""
FIBERMAP 92 R-1C26 METROLOGY 0 0 0 1 0 0 275.6485560998576 -10.81286008908054 143.1 9.47466744774677 275.6867557540652 93.22908 141.68082 -999.0 -999.0 -999.0 -999.0 -999.0 267.5837351607085 -18.758143122528903 267.63744828173583 -18.768470731111233 74.98809388901785 49.61662859530429 -999.0 6231.0 -999.0 -1 -999 {-999.0 -999.0 -999.0 -999.0 -999.0} "" -999.0 -999.0 -999.0 -999.0 -999 -999 "" "" "" "" 0 0 0.0 0.0 -999 ""
FIBERMAP 101 R-9C6 APOGEE 1 1 0 1 0 0 -72.46866016057479 -161.7431275424783 143.1 162.08642017234794 -71.68002130986999 73.07757 108.4895 268.0726790768533 -19.809598764074735 -5.116158 -4.2525053 1.4790754 268.07266330481093 -19.809611097882755 268.12939503061574 -19.81839618844036 75.3709474390923 53.849014305473744 16000.0 16600.0 2016.0 2 181 {-999.0 12.843417 12.0756035 11.717353 -999.0} sdss_psfmag_from_g3xp 12.611932 12.06833 11.340266 9.962 63050395478279713 1069577114 bright_18x1 mwm_bin_rv_short_subgiant_apogee mwm_bin science 0 0 0.0 0.0 -999 ""
FIBERMAP 101 R-9C6 BOSS 0 0 0 1 0 0 -71.71367249859345 -161.72873865182558 143.1 162.06836831705812 -70.92514256180618 73.07757 108.4895 -999.0 -999.0 -999.0 -999.0 -999.0 268.07271433397096 -19.80731251913785 268.12939456014294 -19.81613503848303 75.369453528937 53.84229401973238 -999.0 5400.0 -999.0 1 374 {-999.0 -999.0 -999.0 -999.0 -999.0} "" -999.0 -999.0 -999.0 -999.0 -999 -999 "" "" "" "" 0 0 0.0 0.0 -999 ""
FIBERMAP 101 R-9C6 METROLOGY 0 0 0 1 0 0 -72.05719719092457 -162.3601427526946 143.1 162.70140674075247 -71.2655854694434 73.07757 108.4895 -999.0 -999.0 -999.0 -999.0 -999.0 268.0747559054091 -19.808360269446034 268.1314514971774 -19.817166764608814 75.36868293609918 53.85042230355043 -999.0 6231.0 -999.0 -1 -999 {-999.0 -999.0 -999.0 -999.0 -999.0} "" -999.0 -999.0 -999.0 -999.0 -999 -999 "" "" "" "" 0 0 0.0 0.0 -999 ""
FIBERMAP 105 R-2C23 APOGEE 1 1 0 1 0 0 240.11851595036416 -47.36706780060324 143.1 46.1993983049637 240.33594084752963 7.7178245 76.06905 267.7008987742143 -18.864649960801515 -0.8596764 -0.78189975 0.3373188 267.7008961393067 -18.864652228594544 267.7549290642261 -18.874622090527247 74.98458308457754 50.20992008056244 16000.0 16600.0 2016.0 2 203 {-999.0 16.849077 14.360257 12.965322 -999.0} sdss_psfmag_from_g3xp 15.522327 13.643548 12.365712 8.94 63050395482905691 1147636010 bright_12x1 mwm_bin_rv_short_rgb_apogee_12epoch mwm_bin science 0 0 0.0 0.0 -999 ""
FIBERMAP 105 R-2C23 BOSS 0 0 0 1 0 0 240.0306365286204 -48.093010813086735 143.1 46.92573018217434 240.25158874110164 7.7178245 76.06905 -999.0 -999.0 -999.0 -999.0 -999.0 267.7032663837673 -18.864849818973077 267.7572562736135 -18.87485400282263 74.9831825165767 50.21653948029484 -999.0 5400.0 -999.0 1 286 {-999.0 -999.0 -999.0 -999.0 -999.0} "" -999.0 -999.0 -999.0 -999.0 -999 -999 "" "" "" "" 0 0 0.0 0.0 -999 ""
FIBERMAP 105 R-2C23 METROLOGY 0 0 0 1 0 0 239.4349582856717 -47.64862678748864 143.1 46.484259797267356 239.65378488808255 7.7178245 76.06905 -999.0 -999.0 -999.0 -999.0 -999.0 267.70185002361495 -18.866612449314548 267.75585752907193 -18.876608405668183 74.98535757671262 50.217752432161205 -999.0 6231.0 -999.0 -1 -999 {-999.0 -999.0 -999.0 -999.0 -999.0} "" -999.0 -999.0 -999.0 -999.0 -999 -999 "" "" "" "" 0 0 0.0 0.0 -999 ""
FIBERMAP 109 R-5C5 APOGEE 1 0 1 1 0 0 -148.37481817194117 -89.78986330641102 143.1 90.50522920160451 -147.9314150913581 10.00694 171.48161 267.8065356531253 -20.029722518074625 -4.0590444 -9.079063 0.40282038 267.8417748228044 -20.04073016595671 267.89922890497166 -20.05005977463599 75.68637922579066 53.97487554202712 16000.0 16600.0 2016.0 2 295 {-999.0 18.652462 16.326 14.920376 -999.0} sdss_psfmag_ps1 17.234156 15.521062 14.071336 10.467 63050395476699307 1069286974 bright_18x1 mwm_bin_rv_short_subgiant_apogee mwm_bin science 0 0 0.0 0.0 -999 ""
FIBERMAP 109 R-5C5 BOSS 0 0 1 1 0 0 -147.6469614480211 -89.5981643359226 143.1 90.31000810428708 -147.20452630481773 10.00694 171.48161 -999.0 -999.0 -999.0 -999.0 -999.0 267.84123109384996 -20.038551051234982 267.89863498842817 -20.04791859915405 75.68538990457341 53.96687036935327 -999.0 5400.0 -999.0 1 486 {-999.0 -999.0 -999.0 -999.0 -999.0} "" -999.0 -999.0 -999.0 -999.0 -999 -999 "" "" "" "" 0 0 0.0 0.0 -999 ""
FIBERMAP 109 R-5C5 METROLOGY 0 0 1 1 0 0 -147.84413631714563 -90.31815782149383 143.1 91.03092113788652 -147.39819707099963 10.00694 171.48161 -999.0 -999.0 -999.0 -999.0 -999.0 267.8435535578656 -20.039164050168015 267.9009712741964 -20.048515225198425 75.68413036976102 53.97452944365597 -999.0 6231.0 -999.0 -1 -999 {-999.0 -999.0 -999.0 -999.0 -999.0} "" -999.0 -999.0 -999.0 -999.0 -999 -999 "" "" "" "" 0 0 0.0 0.0 -999 ""
FIBERMAP 111 R+1C26 APOGEE 1 0 1 1 0 0 280.84175787945435 27.093662688471227 143.1 -28.455093647952413 280.6957406281625 9.993334 170.19539 267.5262685640019 -18.755971892717188 -3.917941 -5.4016237 0.4637454 267.4626595078974 -18.742908807628883 267.51637986712 -18.753524284186152 75.0578761154865 49.25997752489826 16000.0 16600.0 2016.0 2 107 {-999.0 16.54424 14.591343 13.645362 -999.0} sdss_psfmag_from_g3xp 15.601818 14.28446 13.138753 10.399 63050395482988573 1148589959 bright_12x1 mwm_bin_rv_short_rgb_apogee_12epoch mwm_bin science 0 0 0.0 0.0 -999 ""
FIBERMAP 111 R+1C26 BOSS 0 0 1 1 0 0 281.58660236098683 27.09362577384418 143.1 -28.45867122329877 281.44054672468036 9.993334 170.19539 -999.0 -999.0 -999.0 -999.0 -999.0 267.4627029450892 -18.74066167953827 267.51637448113263 -18.7513184644586 75.05630374440706 49.25397792909348 -999.0 5400.0 -999.0 1 183 {-999.0 -999.0 -999.0 -999.0 -999.0} "" -999.0 -999.0 -999.0 -999.0 -999 -999 "" "" "" "" 0 0 0.0 0.0 -999 ""
FIBERMAP 111 R+1C26 METROLOGY 0 0 1 1 0 0 281.22576160697645 26.44158614885275 143.1 -27.80491431466496 281.0828887893873 9.993334 170.19539 -999.0 -999.0 -999.0 -999.0 -999.0 267.4647669821056 -18.741691638475217 267.5184531347925 -18.752331244944486 75.05565008114573 49.26217911272886 -999.0 6231.0 -999.0 -1 -999 {-999.0 -999.0 -999.0 -999.0 -999.0} "" -999.0 -999.0 -999.0 -999.0 -999 -999 "" "" "" "" 0 0 0.0 0.0 -999 ""
FIBERMAP 112 R-4C23 APOGEE 1 1 0 1 0 0 246.07959433521134 -59.606583319014774 143.1 58.40935295032111 246.3561049877286 126.776 76.11625 267.73988506585874 -18.846682859635425 15.226851 0.07373406 9.158205 267.73993173114957 -18.84668264577408 267.7939059037379 -18.856555418965673 74.94566692332712 50.26052020189254 16000.0 16600.0 2016.0 2 237 {-999.0 15.807167 14.384259 13.441007 -999.0} sdss_psfmag_from_g3xp 15.222892 14.101901 13.0178995 11.018 63050395482913294 1068905226 bright_18x1 mwm_bin_rv_short_mdwarf_apogee_18epoch mwm_bin science 0 0 0.0 0.0 -999 ""
FIBERMAP 112 R-4C23 BOSS 0 0 0 1 0 0 246.75486559600944 -59.338013728125304 143.1 58.137520392713995 247.03003800562288 126.776 76.11625 -999.0 -999.0 -999.0 -999.0 -999.0 267.73911011493357 -18.844601458025636 267.79303468782723 -18.854517640128183 74.94481882479013 50.25271224106535 -999.0 5400.0 -999.0 1 347 {-999.0 -999.0 -999.0 -999.0 -999.0} "" -999.0 -999.0 -999.0 -999.0 -999 -999 "" "" "" "" 0 0 0.0 0.0 -999 ""
FIBERMAP 112 R-4C23 METROLOGY 0 0 0 1 0 0 246.67246186935722 -60.058859472382004 143.1 58.85872869384 246.9511365753984 126.776 76.11625 -999.0 -999.0 -999.0 -999.0 -999.0 267.74141374635275 -18.84481341609812 267.7953507968151 -18.854712078031298 74.94339829768583 50.25918158682441 -999.0 6231.0 -999.0 -1 -999 {-999.0 -999.0 -999.0 -999.0 -999.0} "" -999.0 -999.0 -999.0 -999.0 -999 -999 "" "" "" "" 0 0 0.0 0.0 -999 ""
FIBERMAP 113 R-7C11 APOGEE 1 1 0 1 0 0 22.547220549975265 -142.29789873303554 143.1 142.18111696303683 23.23657860335599 328.32587 119.13397 268.00883383979 -19.521827619609677 0.4757572 0.035309836 0.13763213 268.00883530381935 -19.52182751719833 268.0647329329779 -19.530845456636957 75.22451458269204 52.84482617197871 16000.0 16600.0 2016.0 2 167 {-999.0 18.42399 16.067999 14.412408 -999.0} sdss_psfmag_ps1 17.131779 14.920425 13.5665045 9.905 63050395478497112 1153804193 bright_1x1 mwm_galactic_core_dist_apogee_sparse mwm_galactic science 0 0 0.0 0.0 -999 ""
FIBERMAP 113 R-7C11 BOSS 0 0 0 1 0 0 22.530675032522865 -143.05118628043584 143.1 142.934445799166 23.22368940205922 328.32587 119.13397 -999.0 -999.0 -999.0 -999.0 -999.0 268.01136757842806 -19.521819132617285 268.06722032906896 -19.530868589225324 75.22279644933565 52.85108012524131 -999.0 5400.0 -999.0 1 400 {-999.0 -999.0 -999.0 -999.0 -999.0} "" -999.0 -999.0 -999.0 -999.0 -999 -999 "" "" "" "" 0 0 0.0 0.0 -999 ""
FIBERMAP 113 R-7C11 METROLOGY 0 0 0 1 0 0 21.890036999406696 -142.64781967691403 143.1 142.53420888790964 22.58112713086669 328.32587 119.13397 -999.0 -999.0 -999.0 -999.0 -999.0 268.0100874206204 -19.523776157391556 268.0659587245193 -19.53281767714184 75.22498767035933 52.85359450050606 -999.0 6231.0 -999.0 -1 -999 {-999.0 -999.0 -999.0 -999.0 -999.0} "" -999.0 -999.0 -999.0 -999.0 -999 -999 "" "" "" "" 0 0 0.0 0.0 -999 ""
FIBERMAP 116 R+4C14 APOGEE 0 0 0 1 0 0 31.53206380878734 78.13290304743718 143.1 -78.28187258674821 31.151277672116052 179.91975 115.74784 -999.0 -999.0 -999.0 -999.0 -999.0 267.2991774427306 -19.496304356169915 267.35512316379845 -19.50716724789987 75.69670549955558 50.955339925376336 -999.0 16600.0 -999.0 2 -999 {-999.0 -999.0 -999.0 -999.0 -999.0} "" -999.0 -999.0 -999.0 -999.0 -999 -999 "" "" "" "" 0 0 0.0 0.0 -999 ""
FIBERMAP 116 R+4C14 BOSS 1 1 0 1 0 0 31.187417400914054 78.81678500850256 143.1 -78.96404668303842 30.80333045145618 179.91975 115.74784 267.29666794772737 -19.497297216111587 -0.37163407 0.33426452 0.43621644 267.2969695236334 -19.49729624662317 267.3528767500735 -19.50820252914897 75.69894907227341 50.95241572032416 5400.0 5400.0 2016.0 1 165 {-999.0 12.826332 12.317752 12.06044 -999.0} sdss_psfmag_from_g3xp 12.690534 12.2934675 11.703613 10.771 63050395478671241 1068459763 bright_3x1 mwm_ob_core_boss mwm_ob science 0 0 1.027298092842102 0.0 -999 ""
FIBERMAP 116 R+4C14 METROLOGY 0 0 0 1 0 0 31.946174414732127 78.75580803444574 143.1 -78.90675486710751 31.562344082233572 179.91975 115.74784 -999.0 -999.0 -999.0 -999.0 -999.0 267.2971459181916 -19.49500039341748 267.35305821102384 -19.505896025489978 75.69722630946738 50.9461689526853 -999.0 6231.0 -999.0 -1 -999 {-999.0 -999.0 -999.0 -999.0 -999.0} "" -999.0 -999.0 -999.0 -999.0 -999 -999 "" "" "" "" 0 0 0.0 0.0 -999 ""
FIBERMAP 121 R+6C3 APOGEE 1 1 0 1 0 0 -191.35969740869237 125.84869858958645 143.1 -124.91357641692485 -191.96049261606908 159.16052 100.100746 267.1463858586345 -20.17142262175552 -2.366165 -4.237255 0.43911976 267.14637854746746 -20.171434911332952 267.2043362119425 -20.182536779118596 76.26166276964788 52.59151709275476 16000.0 16600.0 2016.0 2 18 {-999.0 17.373264 15.122329 14.316459 -999.0} sdss_psfmag_ps1 16.25977 14.796317 13.622099 10.613 63050395476639005 1149137086 bright_12x1 mwm_bin_rv_short_rgb_apogee_12epoch mwm_bin science 0 0 0.0 0.0 -999 ""
FIBERMAP 121 R+6C3 BOSS 0 0 0 1 0 0 -191.22769486621374 126.56321417135423 143.1 -125.62869557022943 -191.83196421976518 159.16052 100.100746 -999.0 -999.0 -999.0 -999.0 -999.0 267.1440969166587 -20.171025742901456 267.2020123918925 -20.182168888512674 76.26302943897795 52.584193310572346 -999.0 5400.0 -999.0 1 26 {-999.0 -999.0 -999.0 -999.0 -999.0} "" -999.0 -999.0 -999.0 -999.0 -999 -999 "" "" "" "" 0 0 0.0 0.0 -999 ""
FIBERMAP 121 R+6C3 METROLOGY 0 0 0 1 0 0 -190.6545099963925 126.0858686572128 143.1 -125.15415625032703 -191.25649262389885 159.16052 100.100746 -999.0 -999.0 -999.0 -999.0 -999.0 267.145595545835 -20.169343161650147 267.2035175148487 -20.180472825157285 76.26084323636238 52.58290975222428 -999.0 6231.0 -999.0 -1 -999 {-999.0 -999.0 -999.0 -999.0 -999.0} "" -999.0 -999.0 -999.0 -999.0 -999 -999 "" "" "" "" 0 0 0.0 0.0 -999 ""
FIBERMAP 127 R-1C2 APOGEE 0 0 0 1 0 0 -258.35262110518215 -28.28073454219138 143.1 29.532971573501534 -258.20200775000495 222.16357 153.3357 -999.0 -999.0 -999.0 -999.0 -999.0 267.64401126069725 -20.373024585527233 267.70248260847154 -20.382789484571877 76.04370719770387 54.51058740567743 -999.0 16600.0 -999.0 2 -999 {-999.0 -999.0 -999.0 -999.0 -999.0} "" -999.0 -999.0 -999.0 -999.0 -999 -999 "" "" "" "" 0 0 0.0 0.0 -999 ""
FIBERMAP 127 R-1C2 BOSS 1 1 0 1 0 0 -259.0622455088542 -28.47248747186255 143.1 29.72815815168657 -258.910664898425 222.16357 153.3357 267.64434094738675 -20.375116695639516 0.49062535 -2.6325579 0.7210059 267.6446780430806 -20.375124331012746 267.7031123423948 -20.384921658149025 76.04464545942429 54.51889497581978 5400.0 5400.0 2016.0 1 512 {-999.0 12.593606 12.031488 11.75101 -999.0} sdss_psfmag_from_g3xp 12.453319 12.007129 11.369224 10.23 63050395475648949 1068459717 bright_3x1 mwm_ob_core_boss mwm_ob science 0 0 1.1324942111968994 0.0 -999 ""
FIBERMAP 127 R-1C2 METROLOGY 0 0 0 1 0 0 -258.8853302545447 -27.755644855583917 143.1 29.010494137566923 -258.73723740797726 222.16357 153.3357 -999.0 -999.0 -999.0 -999.0 -999.0 267.642357385013 -20.37465743920406 267.7008029127205 -20.384451082038844 76.04598388935096 54.51157461997627 -999.0 6231.0 -999.0 -1 -999 {-999.0 -999.0 -999.0 -999.0 -999.0} "" -999.0 -999.0 -999.0 -999.0 -999 -999 "" "" "" "" 0 0 0.0 0.0 -999 ""
FIBERMAP 133 R-7C18 APOGEE 1 1 0 1 0 0 177.6343398158694 -142.32656271805632 143.1 141.45719210504197 178.31580736681806 313.79907 129.44315 268.0057700211523 -19.052357612979723 -10.794338 -10.126167 2.2646255 268.00573689925295 -19.05238698253696 268.060262398855 -19.061523040326747 74.9077541887341 51.50081859423462 16000.0 16600.0 2016.0 2 222 {-999.0 12.228026 11.618094 11.250028 -999.0} sdss_psfmag_from_g3xp 12.059746 11.611048 10.885121 9.676 63050395478812725 1069800947 bright_18x1 mwm_bin_rv_short_subgiant_apogee mwm_bin science 0 0 0.0 0.0 -999 ""
FIBERMAP 133 R-7C18 BOSS 0 0 0 1 0 0 177.5396192174207 -143.0793798150643 143.1 142.2104298733836 178.2247448490788 313.79907 129.44315 -999.0 -999.0 -999.0 -999.0 -999.0 268.0082144597041 -19.052599269366034 268.0626957183822 -19.06176879303197 74.90625826709913 51.507593616434065 -999.0 5400.0 -999.0 1 320 {-999.0 -999.0 -999.0 -999.0 -999.0} "" -999.0 -999.0 -999.0 -999.0 -999 -999 "" "" "" "" 0 0 0.0 0.0 -999 ""
FIBERMAP 133 R-7C18 METROLOGY 0 0 0 1 0 0 176.94907518363163 -142.62916211127862 143.1 141.76310119767882 177.6320466304536 313.79907 129.44315 -999.0 -999.0 -999.0 -999.0 -999.0 268.00680184462425 -19.054365716934544 268.0613010709392 -19.06352717643653 74.9084254639375 51.50899283683083 -999.0 6231.0 -999.0 -1 -999 {-999.0 -999.0 -999.0 -999.0 -999.0} "" -999.0 -999.0 -999.0 -999.0 -999 -999 "" "" "" "" 0 0 0.0 0.0 -999 ""
FIBERMAP 135 R-9C8 APOGEE 1 1 0 1 0 0 -25.31942445678336 -178.4472514731775 143.1 178.56087934192985 -24.452167065131736 295.23877 150.57178 268.12567852850765 -19.666388554362438 -19.353672 -7.0624666 0.8955258 268.1256189186749 -19.66640903806895 268.1819198771328 -19.675090420016293 75.2389497367645 53.555146919750676 16000.0 16600.0 2016.0 2 189 {-999.0 13.136541 11.931505 11.3728 -999.0} sdss_psfmag_from_g3xp 12.6848135 11.864798 10.9733 8.97 63050395478430826 1147645935 bright_12x1 mwm_bin_rv_short_rgb_apogee_12epoch mwm_bin science 0 0 0.0 0.0 -999 ""
FIBERMAP 135 R-9C8 BOSS 0 0 0 1 0 0 -25.34550665575322 -179.17722824600227 143.1 179.29094488880773 -24.474705573795383 295.23877 150.57178 -999.0 -999.0 -999.0 -999.0 -999.0 268.1280707689349 -19.666445751171057 268.1843265097531 -19.675158347183388 75.2373018495419 53.56125774177997 -999.0 5400.0 -999.0 1 386 {-999.0 -999.0 -999.0 -999.0 -999.0} "" -999.0 -999.0 -999.0 -999.0 -999 -999 "" "" "" "" 0 0 0.0 0.0 -999 ""
FIBERMAP 135 R-9C8 METROLOGY 0 0 0 1 0 0 -25.989388086107734 -178.7740643758954 143.1 178.8909264396219 -25.120510090500787 295.23877 150.57178 -999.0 -999.0 -999.0 -999.0 -999.0 268.1268000181067 -19.66841875538746 268.1830744976148 -19.677123532267018 75.23948883766316 53.56394510186078 -999.0 6231.0 -999.0 -1 -999 {-999.0 -999.0 -999.0 -999.0 -999.0} "" -999.0 -999.0 -999.0 -999.0 -999 -999 "" "" "" "" 0 0 0.0 0.0 -999 ""
FIBERMAP 137 R-11C13 APOGEE 1 1 0 1 0 0 115.86509967671782 -216.79045989049064 143.1 216.21697996299048 116.91111439465737 4.6005 100.73379 268.24512118779325 -19.238359129499923 -2.1689024 -1.0038004 0.28823718 268.2451145251185 -19.238362040885242 268.30013913804885 -19.24683423495272 74.86896330217195 52.61376227310732 16000.0 16600.0 2016.0 2 184 {-999.0 16.673367 14.303589 13.0554285 -999.0} sdss_psfmag_from_g3xp 15.428078 13.729704 12.490497 9.076 63050395478544284 1147684535 bright_12x1 mwm_bin_rv_short_rgb_apogee_12epoch mwm_bin science 0 0 0.0 0.0 -999 ""
FIBERMAP 137 R-11C13 BOSS 0 0 0 1 0 0 115.933458308356 -217.51840952937172 143.1 216.94456019023815 116.98300198992793 4.6005 100.73379 -999.0 -999.0 -999.0 -999.0 -999.0 268.2474980445288 -19.238099270299312 268.3024762232835 -19.246604616687 74.86718391808309 52.618837155126016 -999.0 5400.0 -999.0 1 377 {-999.0 -999.0 -999.0 -999.0 -999.0} "" -999.0 -999.0 -999.0 -999.0 -999 -999 "" "" "" "" 0 0 0.0 0.0 -999 ""
FIBERMAP 137 R-11C13 METROLOGY 0 0 0 1 0 0 115.2506243803785 -217.20274376564277 143.1 216.63222434104068 116.29867159221386 4.6005 100.73379 -999.0 -999.0 -999.0 -999.0 -999.0 268.2465389064671 -19.240156145029566 268.301536089534 -19.248652361026924 74.86922341531258 52.622309311166816 -999.0 6231.0 -999.0 -1 -999 {-999.0 -999.0 -999.0 -999.0 -999.0} "" -999.0 -999.0 -999.0 -999.0 -999 -999 "" "" "" "" 0 0 0.0 0.0 -999 ""
FIBERMAP 139 R+9C14 APOGEE 1 1 0 1 0 0 80.60936890445183 176.94305167945836 143.1 -177.32506154915887 79.74654828128806 227.03682 51.49179 266.98219140812074 -19.347668033312914 -1.893628 -0.8717659 0.26521522 266.98218558717826 -19.347670561750352 267.03774810696376 -19.359389352228302 75.80677413984301 49.674978254098974 16000.0 16600.0 2016.0 2 95 {-999.0 17.938934 15.5723505 14.487191 -999.0} sdss_psfmag_ps1 16.647902 15.080831 13.694528 10.371 63050395480691835 1069253922 bright_18x1 mwm_bin_rv_short_subgiant_apogee mwm_bin science 0 0 0.0 0.0 -999 ""
FIBERMAP 139 R+9C14 BOSS 0 0 0 1 0 0 80.59737091891493 177.66493696985765 143.1 -178.04685124179326 79.73104784237067 227.03682 51.49179 -999.0 -999.0 -999.0 -999.0 -999.0 266.9798609126512 -19.3476458270444 267.03538310763224 -19.359409026580618 75.80836471862217 49.66859541072199 -999.0 5400.0 -999.0 1 169 {-999.0 -999.0 -999.0 -999.0 -999.0} "" -999.0 -999.0 -999.0 -999.0 -999 -999 "" "" "" "" 0 0 0.0 0.0 -999 ""
FIBERMAP 139 R+9C14 METROLOGY 0 0 0 1 0 0 81.25405003941151 177.30672726199006 143.1 -177.6918467303842 80.38943123868945 227.03682 51.49179 -999.0 -999.0 -999.0 -999.0 -999.0 266.9809759017682 -19.34565636817689 267.03650360697236 -19.357406272689417 75.80620052796392 49.66587506889448 -999.0 6231.0 -999.0 -1 -999 {-999.0 -999.0 -999.0 -999.0 -999.0} "" -999.0 -999.0 -999.0 -999.0 -999 -999 "" "" "" "" 0 0 0.0 0.0 -999 ""
FIBERMAP 141 R-12C15 APOGEE 1 1 0 1 0 0 175.35513020257815 -236.76457473170234 143.1 235.9013748757463 176.49499272225177 29.099085 67.58913 268.3067321777343 -19.058785527419985 -999.0 -999.0 -999.0 268.3067321777343 -19.058785527419985 268.3612210353694 -19.06714032797202 74.70454907782035 52.260623496472014 16000.0 16600.0 2015.5 2 234 {-999.0 -999.0 -999.0 -999.0 -999.0} "" -999.0 -999.0 -999.0 -999.0 27021603148180888 848964937 "" ops_sky_apogee_good ops_sky sky_apogee 0 0 0.0 0.0 -999 ""
FIBERMAP 141 R-12C15 BOSS 0 0 0 1 0 0 175.44400488462063 -237.4819560726354 143.1 236.61828779449587 176.58734402119953 29.099085 67.58913 -999.0 -999.0 -999.0 -999.0 -999.0 268.309015488841 -19.058501032473362 268.3634576792143 -19.066889963576173 74.7028316354389 52.26539090978633 -999.0 5400.0 -999.0 1 344 {-999.0 -999.0 -999.0 -999.0 -999.0} "" -999.0 -999.0 -999.0 -999.0 -999 -999 "" "" "" "" 0 0 0.0 0.0 -999 ""
FIBERMAP 141 R-12C15 METROLOGY 0 0 0 1 0 0 174.76767785697302 -237.2382236068184 143.1 236.37784994300924 175.90986925582578 29.099085 67.58913 -999.0 -999.0 -999.0 -999.0 -999.0 268.3083068778868 -19.060511449081908 268.3627679346682 -19.068890407269283 74.70467210035589 52.26925554089178 -999.0 6231.0 -999.0 -1 -999 {-999.0 -999.0 -999.0 -999.0 -999.0} "" -999.0 -999.0 -999.0 -999.0 -999 -999 "" "" "" "" 0 0 0.0 0.0 -999 ""
FIBERMAP 143 R-8C14 APOGEE 0 0 0 1 0 0 97.154044830012 -164.4460707017867 143.1 163.9660995575847 97.94701800894104 299.22958 127.45963 -999.0 -999.0 -999.0 -999.0 -999.0 268.0783889323103 -19.295462408355288 268.13361102271483 -19.304353199565078 75.02349036023294 52.366042883001114 -999.0 16600.0 -999.0 2 -999 {-999.0 -999.0 -999.0 -999.0 -999.0} "" -999.0 -999.0 -999.0 -999.0 -999 -999 "" "" "" "" 0 0 0.0 0.0 -999 ""
FIBERMAP 143 R-8C14 BOSS 1 1 0 1 0 0 96.85552056879341 -165.14932789040972 143.1 164.67076897639706 97.65192188219937 299.22958 127.45963 268.0807458125042 -19.296294332841867 -0.08593163 1.558336 0.32925925 268.08074554843654 -19.296289813101854 268.1359250338979 -19.305213269372675 75.02247202956883 52.37422588195778 5400.0 5400.0 2016.0 1 273 {-999.0 18.264484 16.989922 16.344126 15.820583} sdss_psfmag_from_ps1dr2 17.7449 16.8916 15.9406 14.166 63050395478775149 1039965271 "" ops_std_boss_ps1dr2 ops_std standard_boss 0 0 0.0 0.0 -999 ""
FIBERMAP 143 R-8C14 METROLOGY 0 0 0 1 0 0 96.41166728196472 -164.5375791328269 143.1 164.06120576763337 97.20512295797752 299.22958 127.45963 -999.0 -999.0 -999.0 -999.0 -999.0 268.0788079504962 -19.297637642896632 268.1340043623396 -19.306554761351762 75.02471355194783 52.37327065423028 -999.0 6231.0 -999.0 -1 -999 {-999.0 -999.0 -999.0 -999.0 -999.0} "" -999.0 -999.0 -999.0 -999.0 -999 -999 "" "" "" "" 0 0 0.0 0.0 -999 ""
FIBERMAP 145 R-10C1 APOGEE 1 1 0 1 0 0 -176.92646478074857 -205.0618338179474 143.1 205.90978339038887 -175.92220605628813 265.86285 132.81013 268.212627725901 -20.12419902710391 -1.9498651 -4.9234457 0.86105394 268.21262170287224 -20.124213306883178 268.2702558810359 -20.13256197151001 75.47579638566667 55.137999272721984 16000.0 16600.0 2016.0 2 259 {-999.0 13.497611 12.737679 12.372862 -999.0} sdss_psfmag_from_g3xp 13.271109 12.722266 12.010756 10.678 63050395477618745 1069577108 bright_18x1 mwm_bin_rv_short_subgiant_apogee mwm_bin science 0 0 0.0 0.0 -999 ""
FIBERMAP 145 R-10C1 BOSS 0 0 0 1 0 0 -177.50420859755832 -205.5081688947838 143.1 206.35889896120443 -176.49775404155682 265.86285 132.81013 -999.0 -999.0 -999.0 -999.0 -999.0 268.21409393402797 -20.125899018108008 268.27168755808975 -20.134279310040476 75.47587652334535 55.1466893802276 -999.0 5400.0 -999.0 1 353 {-999.0 -999.0 -999.0 -999.0 -999.0} "" -999.0 -999.0 -999.0 -999.0 -999 -999 "" "" "" "" 0 0 0.0 0.0 -999 ""
FIBERMAP 145 R-10C1 METROLOGY 0 0 0 1 0 0 -177.60765926835634 -204.76343376342692 143.1 205.61470440080083 -176.60481331364178 265.86285 132.81013 -999.0 -999.0 -999.0 -999.0 -999.0 268.21173779659347 -20.12627820129362 268.26934579573344 -20.134654358899812 75.47779881851369 55.14217868178196 -999.0 6231.0 -999.0 -1 -999 {-999.0 -999.0 -999.0 -999.0 -999.0} "" -999.0 -999.0 -999.0 -999.0 -999 -999 "" "" "" "" 0 0 0.0 0.0 -999 ""
FIBERMAP 149 R-10C17 APOGEE 1 1 0 1 0 0 182.40271007410607 -180.30372875355096 143.1 179.40925253132602 183.2682215812443 86.5022 108.74272 268.1268310546875 -19.037820929432996 -999.0 -999.0 -999.0 268.1268310546875 -19.037820929432996 268.1812919769052 -19.046646737927265 74.81453326791892 51.761033476605256 16000.0 16600.0 2015.5 2 191 {-999.0 -999.0 -999.0 -999.0 -999.0} "" -999.0 -999.0 -999.0 -999.0 27021603148180920 848964979 "" ops_sky_apogee_good ops_sky sky_apogee 0 0 0.0 0.0 -999 ""
FIBERMAP 149 R-10C17 BOSS 0 0 0 1 0 0 183.1388596400717 -180.06452733705214 143.1 179.16649120496047 184.00317226654656 86.5022 108.74272 -999.0 -999.0 -999.0 -999.0 -999.0 268.1260990210243 -19.035556648678604 268.1805087336543 -19.0444248838071 74.8135446307 51.75292873824833 -999.0 5400.0 -999.0 1 264 {-999.0 -999.0 -999.0 -999.0 -999.0} "" -999.0 -999.0 -999.0 -999.0 -999 -999 "" "" "" "" 0 0 0.0 0.0 -999 ""
FIBERMAP 149 R-10C17 METROLOGY 0 0 0 1 0 0 182.97768480360972 -180.77877998155736 143.1 179.8814889982725 183.84547181069894 86.5022 108.74272 -999.0 -999.0 -999.0 -999.0 -999.0 268.1284021879867 -19.036017392093406 268.1828254958274 -19.04486821645239 74.81225806652468 51.75990199902549 -999.0 6231.0 -999.0 -1 -999 {-999.0 -999.0 -999.0 -999.0 -999.0} "" -999.0 -999.0 -999.0 -999.0 -999 -999 "" "" "" "" 0 0 0.0 0.0 -999 ""
FIBERMAP 152 R+6C16 APOGEE 0 0 0 1 0 0 100.12424888233275 115.68499197580418 143.1 -116.16487283399059 99.55768332480412 175.07254 126.48366 -999.0 -999.0 -999.0 -999.0 -999.0 267.1786171792508 -19.288395332712383 267.2339744092544 -19.299619055200683 75.6334170284612 50.03317653329219 -999.0 16600.0 -999.0 2 -999 {-999.0 -999.0 -999.0 -999.0 -999.0} "" -999.0 -999.0 -999.0 -999.0 -999 -999 "" "" "" "" 0 0 0.0 0.0 -999 ""
FIBERMAP 152 R+6C16 BOSS 1 1 0 1 0 0 99.74724597780616 116.30573536242339 143.1 -116.78375460926293 99.17768767371155 175.07254 126.48366 267.17662288215524 -19.289437168394244 -3.5957992 -7.153661 0.8426979 267.17661183273754 -19.28945791660639 267.23193121087115 -19.300725239074207 75.63556524338172 50.03087020479129 5400.0 5400.0 2016.0 1 223 {-999.0 16.594658 15.391375 14.893182 -999.0} sdss_psfmag_ps1 16.015642 15.262415 14.398822 12.692 63050395482692774 980272838 "" ops_std_boss_red ops_std standard_boss 0 0 0.0 0.0 -999 ""
FIBERMAP 152 R+6C16 METROLOGY 0 0 0 1 0 0 100.48284767161604 116.34142561686826 143.1 -116.8230126516721 99.91307808871616 175.07254 126.48366 -999.0 -999.0 -999.0 -999.0 -999.0 267.17647544798984 -19.287229212843503 267.2318000117391 -19.29848647244194 75.63407677615314 50.02411141275206 -999.0 6231.0 -999.0 -1 -999 {-999.0 -999.0 -999.0 -999.0 -999.0} "" -999.0 -999.0 -999.0 -999.0 -999 -999 "" "" "" "" 0 0 0.0 0.0 -999 ""
FIBERMAP 154 R-11C7 APOGEE 1 1 0 1 0 0 -43.453763070663314 -233.3946300472214 143.1 233.5934130766759 -42.31892501729457 322.94583 12.110515 268.3018154862936 -19.72019296326518 0.037792172 -2.716919 0.2699432 268.3018156027336 -19.720200843316153 268.35824230729116 -19.72841294780351 75.14971483190803 54.14131341884054 16000.0 16600.0 2016.0 2 172 {-999.0 17.332453 15.277673 14.343209 -999.0} sdss_psfmag_ps1 16.193161 14.682409 13.503918 10.346 63050395478412968 1149106864 bright_12x1 mwm_bin_rv_short_rgb_apogee_12epoch mwm_bin science 0 0 0.0 0.0 -999 ""
FIBERMAP 154 R-11C7 BOSS 0 0 0 1 0 0 -44.130541492055656 -233.0838264389355 143.1 233.2859097457802 -42.99717662748664 322.94583 12.110515 -999.0 -999.0 -999.0 -999.0 -999.0 268.30091125701955 -19.72222425488464 268.3572985864672 -19.730475645816092 75.15174110013213 54.145092697390055 -999.0 5400.0 -999.0 1 414 {-999.0 -999.0 -999.0 -999.0 -999.0} "" -999.0 -999.0 -999.0 -999.0 -999 -999 "" "" "" "" 0 0 0.0 0.0 -999 ""
FIBERMAP 154 R-11C7 METROLOGY 0 0 0 1 0 0 -43.53057934663233 -232.65307255912379 143.1 232.85226674695264 -42.39933585347069 322.94583 12.110515 -999.0 -999.0 -999.0 -999.0 -999.0 268.299553252644 -19.720436126551927 268.3559484677537 -19.728680859035588 75.15151683322696 54.13655570756953 -999.0 6231.0 -999.0 -1 -999 {-999.0 -999.0 -999.0 -999.0 -999.0} "" -999.0 -999.0 -999.0 -999.0 -999 -999 "" "" "" "" 0 0 0.0 0.0 -999 ""
FIBERMAP 156 R-6C19 APOGEE 1 1 0 1 0 0 186.8192069199203 -108.31932833511226 143.1 107.40714726538371 187.33517287644622 30.73279 132.71242 267.89692000036115 -19.02479256113738 -42.86218 -23.146797 6.882296 267.89678850166354 -19.02485969520322 267.95125351702234 -19.0342843699719 74.96333840957206 51.150930780148954 16000.0 16600.0 2016.0 2 223 {-999.0 15.702312 14.306065 13.660636 -999.0} sdss_psfmag_from_g3xp 15.134772 14.209429 13.258107 11.168 63050395478863389 1068917943 bright_18x1 mwm_bin_rv_short_mdwarf_apogee_18epoch mwm_bin science 0 0 0.0 0.0 -999 ""
FIBERMAP 156 R-6C19 BOSS 0 0 0 1 0 0 187.5229020006097 -108.48884424236581 143.1 107.57323959259 188.0396541290621 30.73279 132.71242 -999.0 -999.0 -999.0 -999.0 -999.0 267.8973848230067 -19.022656409082177 267.9517991093106 -19.032120162120453 74.96146586836927 51.14630020690015 -999.0 5400.0 -999.0 1 321 {-999.0 -999.0 -999.0 -999.0 -999.0} "" -999.0 -999.0 -999.0 -999.0 -999 -999 "" "" "" "" 0 0 0.0 0.0 -999 ""
FIBERMAP 156 R-6C19 METROLOGY 0 0 0 1 0 0 187.00037867895577 -109.04319623994408 143.1 108.13009852449 187.51984795091266 30.73279 132.71242 -999.0 -999.0 -999.0 -999.0 -999.0 267.8991741630191 -19.024212473659016 267.9536051027942 -19.033659897367045 74.96130374627653 51.15513862704944 -999.0 6231.0 -999.0 -1 -999 {-999.0 -999.0 -999.0 -999.0 -999.0} "" -999.0 -999.0 -999.0 -999.0 -999 -999 "" "" "" "" 0 0 0.0 0.0 -999 ""
FIBERMAP 161 R-11C9 APOGEE 1 1 0 1 0 0 21.249123647825026 -224.57871304166613 143.1 224.46397044385031 22.337830945834494 326.17038 102.92167 268.2723667277516 -19.524496744580468 6.5319653 -1.5509225 1.1972377 268.27238682865004 -19.524501242817514 268.32824427358145 -19.53283552726856 75.04139539462616 53.498733188762856 16000.0 16600.0 2016.0 2 174 {-999.0 14.580024 13.516314 13.055054 -999.0} sdss_psfmag_from_g3xp 13.93004 13.527044 12.46855 10.751 63050395478443140 1150402322 bright_12x1 mwm_bin_rv_short_subgiant_apogee_12epoch mwm_bin science 0 0 0.0 0.0 -999 ""
FIBERMAP 161 R-11C9 BOSS 0 0 0 1 0 0 20.98914819936151 -225.25162013864104 143.1 225.13810427753043 22.081134356866514 326.17038 102.92167 -999.0 -999.0 -999.0 -999.0 -999.0 268.27462850049847 -19.525234725740496 268.33044227491484 -19.53360121287062 75.04036021675493 53.50629080630034 -999.0 5400.0 -999.0 1 416 {-999.0 -999.0 -999.0 -999.0 -999.0} "" -999.0 -999.0 -999.0 -999.0 -999 -999 "" "" "" "" 0 0 0.0 0.0 -999 ""
FIBERMAP 161 R-11C9 METROLOGY 0 0 0 1 0 0 20.51662849912374 -224.70784983505942 143.1 224.59665511198193 21.60600038076465 326.17038 102.92167 -999.0 -999.0 -999.0 -999.0 -999.0 268.27292746059385 -19.52668217900968 268.32875865242363 -19.535041915479404 75.04250333780598 53.50636034397087 -999.0 6231.0 -999.0 -1 -999 {-999.0 -999.0 -999.0 -999.0 -999.0} "" -999.0 -999.0 -999.0 -999.0 -999 -999 "" "" "" "" 0 0 0.0 0.0 -999 ""
FIBERMAP 163 R+5C6 APOGEE 0 0 0 1 0 0 -119.06164184962633 84.38724358663237 143.1 -83.80510702505589 -119.46498131317415 289.50525 115.42433 -999.0 -999.0 -999.0 -999.0 -999.0 267.279501635438 -19.95318796443138 267.3367933623898 -19.963995475220344 76.02236971334911 52.26871935349641 -999.0 16600.0 -999.0 2 -999 {-999.0 -999.0 -999.0 -999.0 -999.0} "" -999.0 -999.0 -999.0 -999.0 -999 -999 "" "" "" "" 0 0 0.0 0.0 -999 ""
FIBERMAP 163 R+5C6 BOSS 1 1 0 1 0 0 -119.57901377520032 83.86165679838368 143.1 -83.2770368112235 -119.97977595016302 289.50525 115.42433 267.28120465428356 -19.95474853042193 -1.3870761 -8.828279 1.1941208 267.2812003742989 -19.954774135633645 267.3384547473752 -19.96561299636707 76.02231582012962 52.278024665637005 5400.0 5400.0 2016.0 1 51 {-999.0 19.082636 17.683222 17.02427 -999.0} sdss_psfmag_ps1 18.485655 17.591358 16.459524 14.516 63050395477050089 1094600335 bright_1x1 mwm_bin_vis_boss mwm_filler science 0 0 0.0 0.0 -999 ""
FIBERMAP 163 R+5C6 METROLOGY 0 0 0 1 0 0 -119.7881801794915 84.56512071285385 143.1 -83.97944928746978 -120.19234520653865 289.50525 115.42433 -999.0 -999.0 -999.0 -999.0 -999.0 267.2789115289854 -19.95542917150476 267.3361800130689 -19.9662635874074 76.0243297221825 52.27401353660463 -999.0 6231.0 -999.0 -1 -999 {-999.0 -999.0 -999.0 -999.0 -999.0} "" -999.0 -999.0 -999.0 -999.0 -999 -999 "" "" "" "" 0 0 0.0 0.0 -999 ""
FIBERMAP 165 R-3C3 APOGEE 1 1 0 1 0 0 -213.99527445589172 -37.8765965137045 143.1 38.9130849422243 -213.80039209420354 146.72176 51.208405 267.6747417731698 -20.23951632634742 -7.4122105 -7.805725 1.4708135 267.67471886030324 -20.239538965781602 267.73278965468285 -20.249255298428615 75.93501956743285 54.16932067089178 16000.0 16600.0 2016.0 2 241 {-999.0 14.775874 13.531059 12.9186325 -999.0} sdss_psfmag_from_g3xp 14.274028 13.464852 12.496715 10.486 63050395476655290 1069500770 bright_18x1 mwm_bin_rv_short_subgiant_apogee mwm_bin science 0 0 0.0 0.0 -999 ""
FIBERMAP 165 R-3C3 BOSS 0 0 0 1 0 0 -213.2580812822795 -37.72118295040701 143.1 38.75410206667496 -213.06399126008165 146.72176 51.208405 -999.0 -999.0 -999.0 -999.0 -999.0 267.67426500784137 -20.23733030344898 267.73228600826155 -20.247083544960365 75.93395418367804 54.1612946388143 -999.0 5400.0 -999.0 1 498 {-999.0 -999.0 -999.0 -999.0 -999.0} "" -999.0 -999.0 -999.0 -999.0 -999 -999 "" "" "" "" 0 0 0.0 0.0 -999 ""
FIBERMAP 165 R-3C3 METROLOGY 0 0 0 1 0 0 -213.49561190312747 -38.42422153497708 143.1 39.45825691044961 -213.29809796519856 146.72176 51.208405 -999.0 -999.0 -999.0 -999.0 -999.0 267.67652948811207 -20.23807978820532 267.7345645736498 -20.247817008543315 75.93281919138705 54.16933591795498 -999.0 6231.0 -999.0 -1 -999 {-999.0 -999.0 -999.0 -999.0 -999.0} "" -999.0 -999.0 -999.0 -999.0 -999 -999 "" "" "" "" 0 0 0.0 0.0 -999 ""
FIBERMAP 166 R-4C1 APOGEE 1 1 0 1 0 0 -236.2697237179651 -81.41414021362509 143.1 82.55646515509119 -235.86241455971827 321.18896 134.23471 267.81517464991094 -20.305981599789092 33.21991 17.528404 24.026777 267.81527738434 -20.305930761025362 267.87352130052676 -20.31526686152917 75.87790919164885 54.72821673355721 16000.0 16600.0 2016.0 2 272 {-999.0 13.497734 12.077517 11.251233 -999.0} sdss_psfmag_from_g3xp 12.918815 11.873734 10.860361 8.994 63050395475676648 1068917916 bright_18x1 mwm_bin_rv_short_mdwarf_apogee_18epoch mwm_bin science 0 0 0.0 0.0 -999 ""
FIBERMAP 166 R-4C1 BOSS 0 0 0 1 0 0 -236.157975169949 -82.14304954668775 143.1 83.28479446967773 -235.7471346374888 321.18896 134.23471 -999.0 -999.0 -999.0 -999.0 -999.0 267.8176779221579 -20.30556314988712 267.87587549379384 -20.314928451983423 75.87600895423516 54.73302729734081 -999.0 5400.0 -999.0 1 444 {-999.0 -999.0 -999.0 -999.0 -999.0} "" -999.0 -999.0 -999.0 -999.0 -999 -999 "" "" "" "" 0 0 0.0 0.0 -999 ""
FIBERMAP 166 R-4C1 METROLOGY 0 0 0 1 0 0 -236.85701065838435 -81.87466392225723 143.1 83.01981493276504 -236.44743632168718 321.18896 134.23471 -999.0 -999.0 -999.0 -999.0 -999.0 267.81681860155805 -20.307720107992935 267.87503512938747 -20.317077214572937 75.8780020523465 54.73763823147124 -999.0 6231.0 -999.0 -1 -999 {-999.0 -999.0 -999.0 -999.0 -999.0} "" -999.0 -999.0 -999.0 -999.0 -999 -999 "" "" "" "" 0 0 0.0 0.0 -999 ""
FIBERMAP 168 R+5C2 APOGEE 0 0 0 1 0 0 -197.84939725771557 96.48811745251443 143.1 -95.52302301403125 -198.30737910954042 12.029211 101.83756 -999.0 -999.0 -999.0 -999.0 -999.0 267.24101279142917 -20.191226212798664 267.2990135152618 -20.202078179523372 76.20886916454035 52.90293829256041 -999.0 16600.0 -999.0 2 -999 {-999.0 -999.0 -999.0 -999.0 -999.0} "" -999.0 -999.0 -999.0 -999.0 -999 -999 "" "" "" "" 0 0 0.0 0.0 -999 ""
FIBERMAP 168 R+5C2 BOSS 1 1 0 1 0 0 -197.5370395374483 95.7833374129554 143.1 -94.81979523473913 -197.99161749316792 12.029211 101.83756 267.2433048081935 -20.19028816540396 -0.6492677 -2.0598183 1.1392286 267.24330280179123 -20.19029413962448 267.30125874503307 -20.20117559160701 76.20669922495674 52.90603758849652 5400.0 5400.0 2016.0 1 73 {-999.0 16.995438 15.781221 15.0808 -999.0} sdss_psfmag_ps1 16.431221 15.632759 14.696629 12.312 63050395476635564 917199449 bright_3x1 mwm_yso_pms_boss_sagitta_edr3 mwm_yso science 0 0 0.0 0.0 -999 ""
FIBERMAP 168 R+5C2 METROLOGY 0 0 0 1 0 0 -198.28238881702913 95.87818587736906 143.1 -94.91102185071274 -198.7373884512189 12.029211 101.83756 -999.0 -999.0 -999.0 -999.0 -999.0 267.24297625727434 -20.192579589757063 267.30095078140084 -20.20345138674862 76.20843649209061 52.912321951282024 -999.0 6231.0 -999.0 -1 -999 {-999.0 -999.0 -999.0 -999.0 -999.0} "" -999.0 -999.0 -999.0 -999.0 -999 -999 "" "" "" "" 0 0 0.0 0.0 -999 ""
FIBERMAP 172 R-5C1 APOGEE 1 1 0 1 0 0 -214.7119841922951 -98.02403344532556 143.1 99.06088571361869 -214.22518877029583 53.85445 47.46826 267.86872117312964 -20.24076871864358 -1.3195297 1.4362049 0.8660864 267.8687170941244 -20.240764553128063 267.92675770629 -20.24997762918544 75.79754680680888 54.657647218530805 16000.0 16600.0 2016.0 2 273 {-999.0 13.188342 12.366298 11.933293 -999.0} sdss_psfmag_from_g3xp 12.924097 12.351553 11.561247 10.163 63050395475685029 1069529758 bright_18x1 mwm_bin_rv_short_subgiant_apogee mwm_bin science 0 0 0.0 0.0 -999 ""
FIBERMAP 172 R-5C1 BOSS 0 0 0 1 0 0 -214.5688444679651 -98.752690922317 143.1 99.78881085400285 -214.0785205191989 53.85445 47.46826 -999.0 -999.0 -999.0 -999.0 -999.0 267.87112266295014 -20.240312341907668 267.929117482032 -20.249554556015926 75.79558867319552 54.662196836042256 -999.0 5400.0 -999.0 1 445 {-999.0 -999.0 -999.0 -999.0 -999.0} "" -999.0 -999.0 -999.0 -999.0 -999 -999 "" "" "" "" 0 0 0.0 0.0 -999 ""
FIBERMAP 172 R-5C1 METROLOGY 0 0 0 1 0 0 -215.26872881163496 -98.53263921715525 143.1 99.57216685309996 -214.77943646588935 53.85445 47.46826 -999.0 -999.0 -999.0 -999.0 -999.0 267.8704216006837 -20.242468802315127 267.92843539418243 -20.25170233368347 75.79747017769284 54.66715895831578 -999.0 6231.0 -999.0 -1 -999 {-999.0 -999.0 -999.0 -999.0 -999.0} "" -999.0 -999.0 -999.0 -999.0 -999 -999 "" "" "" "" 0 0 0.0 0.0 -999 ""
FIBERMAP 173 R-1C17 APOGEE 0 0 0 1 0 0 94.7292427163743 -17.182126340118685 143.1 16.72154652845722 94.80771740381195 31.939787 91.4286 -999.0 -999.0 -999.0 -999.0 -999.0 267.6056412042437 -19.30404370597525 267.66097213215085 -19.3141574195843 75.35494924429237 51.19764253225043 -999.0 16600.0 -999.0 2 -999 {-999.0 -999.0 -999.0 -999.0 -999.0} "" -999.0 -999.0 -999.0 -999.0 -999 -999 "" "" "" "" 0 0 0.0 0.0 -999 ""
FIBERMAP 173 R-1C17 BOSS 1 1 0 1 0 0 95.13528709252482 -17.78484193371336 143.1 17.322260515271665 95.2166655398957 31.939787 91.4286 267.6076333799584 -19.30269458294117 -1.1719265 -7.251164 0.5241162 267.6076297784907 -19.30271561394824 267.66291361230986 -19.31286324724227 75.35273088469454 51.198958927902524 5400.0 5400.0 2016.0 1 315 {-999.0 18.226875 16.957443 16.395672 -999.0} sdss_psfmag_ps1 17.668972 16.857044 15.875257 13.867 63050395478710439 980272602 "" ops_std_boss_red ops_std standard_boss 0 0 0.0 0.0 -999 ""
FIBERMAP 173 R-1C17 METROLOGY 0 0 0 1 0 0 94.39274077936945 -17.850156775943336 143.1 17.391175311639255 94.47447462359294 31.939787 91.4286 -999.0 -999.0 -999.0 -999.0 -999.0 267.60783566357026 -19.3049694636888 267.6631381837409 -19.315105052915875 75.3541284816373 51.20594154926374 -999.0 6231.0 -999.0 -1 -999 {-999.0 -999.0 -999.0 -999.0 -999.0} "" -999.0 -999.0 -999.0 -999.0 -999 -999 "" "" "" "" 0 0 0.0 0.0 -999 ""
FIBERMAP 174 R-8C12 APOGEE 0 0 0 1 0 0 28.226493782503063 -169.68626482696763 143.1 169.54050536447676 29.048464627408173 295.50888 19.52072 -999.0 -999.0 -999.0 -999.0 -999.0 268.09660029704446 -19.504228166327092 268.1524304448774 -19.51302278834253 75.15134332831299 53.01058128513819 -999.0 16600.0 -999.0 2 -999 {-999.0 -999.0 -999.0 -999.0 -999.0} "" -999.0 -999.0 -999.0 -999.0 -999 -999 "" "" "" "" 0 0 0.0 0.0 -999 ""
FIBERMAP 174 R-8C12 BOSS 1 1 0 1 0 0 27.67970357794613 -169.2251904611118 143.1 169.08210826569749 28.499465288820094 295.50888 19.52072 268.0952453613281 -19.50584343173631 -999.0 -999.0 -999.0 268.0952453613281 -19.505843431736313 268.1510357970194 -19.514679354722393 75.15342976300366 53.01192760554659 5400.0 5400.0 2015.5 1 395 {-999.0 -999.0 -999.0 -999.0 -999.0} "" -999.0 -999.0 -999.0 -999.0 27021603148178610 852693271 "" ops_sky_boss_fallback ops_sky sky_boss 0 0 0.0 0.0 -999 ""
FIBERMAP 174 R-8C12 METROLOGY 0 0 0 1 0 0 28.40096022009961 -168.95889993989343 143.1 168.8123315076609 29.219392366771373 295.50888 19.52072 -999.0 -999.0 -999.0 -999.0 -999.0 268.09438710296143 -19.503667722080223 268.15018398266034 -19.5124955686829 75.15255837007858 53.003508253860616 -999.0 6231.0 -999.0 -1 -999 {-999.0 -999.0 -999.0 -999.0 -999.0} "" -999.0 -999.0 -999.0 -999.0 -999 -999 "" "" "" "" 0 0 0.0 0.0 -999 ""
FIBERMAP 175 R-9C10 APOGEE 1 1 0 1 0 0 23.79923725298977 -173.9384079254986 143.1 173.8139123455837 24.642071585824766 0.37794998 120.91926 268.1103143805226 -19.517573920293415 -0.7322776 -4.5516887 0.19630419 268.1103121271721 -19.517587121842464 268.1661789681347 -19.52634307299219 75.1506737391361 53.08304909897856 16000.0 16600.0 2016.0 2 165 {-999.0 17.668362 15.247095 14.2088995 -999.0} sdss_psfmag_ps1 16.38674 14.705245 13.479552 10.174 63050395478481642 1149092671 bright_12x1 mwm_bin_rv_short_rgb_apogee_12epoch mwm_bin science 0 0 0.0 0.0 -999 ""
FIBERMAP 175 R-9C10 BOSS 0 0 0 1 0 0 24.188219616429233 -174.58209367269527 143.1 174.45567716117952 25.034157407412057 0.37794998 120.91926 -999.0 -999.0 -999.0 -999.0 -999.0 268.1124791793059 -19.51635144792951 268.1682972331331 -19.525140210862876 75.14838609256637 53.084791171615734 -999.0 5400.0 -999.0 1 398 {-999.0 -999.0 -999.0 -999.0 -999.0} "" -999.0 -999.0 -999.0 -999.0 -999 -999 "" "" "" "" 0 0 0.0 0.0 -999 ""
FIBERMAP 175 R-9C10 METROLOGY 0 0 0 1 0 0 23.437401944047558 -174.5867569864427 143.1 174.46398370749995 24.283401237985476 0.37794998 120.91926 -999.0 -999.0 -999.0 -999.0 -999.0 268.1125191307323 -19.518635243069877 268.16835655931914 -19.52741255370253 75.1498683181159 53.091514726769276 -999.0 6231.0 -999.0 -1 -999 {-999.0 -999.0 -999.0 -999.0 -999.0} "" -999.0 -999.0 -999.0 -999.0 -999 -999 "" "" "" "" 0 0 0.0 0.0 -999 ""
FIBERMAP 176 R-7C19 APOGEE 0 0 0 1 0 0 171.7082987743892 -125.34460236048535 143.1 124.50486813466664 172.30766521326805 217.51202 32.384422 -999.0 -999.0 -999.0 -999.0 -999.0 267.95157883247987 -19.070361807471468 268.0061664047014 -19.079633999714503 74.95725347210337 51.41550969896002 -999.0 16600.0 -999.0 2 -999 {-999.0 -999.0 -999.0 -999.0 -999.0} "" -999.0 -999.0 -999.0 -999.0 -999 -999 "" "" "" "" 0 0 0.0 0.0 -999 ""
FIBERMAP 176 R-7C19 BOSS 1 1 0 1 0 0 171.94205595581892 -124.62675085917535 143.1 123.78591945236181 172.53792679206757 217.51202 32.384422 267.9494523846966 -19.069523119120806 -32.73545 -19.775795 2.9229288 267.94935192715053 -19.06958047607617 268.0038936450469 -19.078898359628557 74.95829898278336 51.40774437643921 5400.0 5400.0 2016.0 1 276 {-999.0 14.908836 13.889087 13.480783 -999.0} sdss_psfmag_gaia 14.562867 13.909356 13.112893 11.539 63050395478857565 1077959032 bright_flexible_2x1 mwm_snc_ext_main_boss mwm_snc science 0 0 0.0 0.0 -999 ""
FIBERMAP 176 R-7C19 METROLOGY 0 0 0 1 0 0 172.44467911494493 -125.21329276129669 143.1 124.3699919196635 173.04337022511746 217.51202 32.384422 -999.0 -999.0 -999.0 -999.0 -999.0 267.95122354869915 -19.068046568774662 268.0057728241695 -19.0773487503575 74.95594438167527 51.40815193407701 -999.0 6231.0 -999.0 -1 -999 {-999.0 -999.0 -999.0 -999.0 -999.0} "" -999.0 -999.0 -999.0 -999.0 -999 -999 "" "" "" "" 0 0 0.0 0.0 -999 ""
FIBERMAP 180 R-4C11 APOGEE 0 0 0 1 0 0 -39.44213381056605 -85.38230667414582 143.1 85.56928587481606 -39.025759133408265 245.7739 69.87004 -999.0 -999.0 -999.0 -999.0 -999.0 267.8265914395415 -19.710679449111318 267.88307599420386 -19.720125508895464 75.47842634773592 52.94426661987728 -999.0 16600.0 -999.0 2 -999 {-999.0 -999.0 -999.0 -999.0 -999.0} "" -999.0 -999.0 -999.0 -999.0 -999 -999 "" "" "" "" 0 0 0.0 0.0 -999 ""
FIBERMAP 180 R-4C11 BOSS 1 1 0 1 0 0 -39.97803525056186 -84.86716310896828 143.1 85.05676953650163 -39.56413265144067 245.7739 69.87004 267.8250716964386 -19.712256184890087 -12.498007 -14.394595 1.1244459 267.8250331912059 -19.712297934436048 267.8814790856084 -19.721784905943046 75.48065442495151 52.945149667579834 5400.0 5400.0 2016.0 1 422 {-999.0 15.567903 14.330458 13.74169 -999.0} sdss_psfmag_from_g3xp 15.09728 14.246885 13.336986 11.367 63050395478369292 939013543 bright_1x1 openfibertargets_nov2020_34a open_fiber science 0 0 0.0 0.0 -999 ""
FIBERMAP 180 R-4C11 METROLOGY 0 0 0 1 0 0 -39.24933623235518 -84.6595845210108 143.1 84.84566555649835 -38.83647867284318 245.7739 69.87004 -999.0 -999.0 -999.0 -999.0 -999.0 267.8243523044974 -19.71010255677073 267.8808042148037 -19.719581269572693 75.47964644087786 52.93693320636129 -999.0 6231.0 -999.0 -1 -999 {-999.0 -999.0 -999.0 -999.0 -999.0} "" -999.0 -999.0 -999.0 -999.0 -999 -999 "" "" "" "" 0 0 0.0 0.0 -999 ""
FIBERMAP 182 R+7C8 APOGEE 1 1 0 1 0 0 -54.29966845021481 120.96151572241156 143.1 -120.6917543341912 -54.88384399937349 290.41415 102.94147 267.1614522614105 -19.756784168830563 -5.347973 -5.7671175 0.6529139 267.1614357801964 -19.75680089556358 267.2181688384606 -19.76796005391991 75.97010674746834 51.36195972672045 16000.0 16600.0 2016.0 2 124 {-999.0 23.948105 24.410889 17.549767 -999.0} sdss_psfmag_gaia 20.986979 17.877855 15.789728 7.922 63050395477194365 916902611 bright_3x1 mwm_yso_disk_apogee mwm_yso science 0 0 0.0 0.0 -999 ""
FIBERMAP 182 R+7C8 BOSS 0 0 0 1 0 0 -54.92384562244201 120.54798354199376 143.1 -120.2752146354572 -55.505982117772994 290.41415 102.94147 -999.0 -999.0 -999.0 -999.0 -999.0 267.16274684064837 -19.7586851246197 267.2194438607835 -19.769877312882713 75.97055448048398 51.371104883643284 -999.0 5400.0 -999.0 1 109 {-999.0 -999.0 -999.0 -999.0 -999.0} "" -999.0 -999.0 -999.0 -999.0 -999 -999 "" "" "" "" 0 0 0.0 0.0 -999 ""
FIBERMAP 182 R+7C8 METROLOGY 0 0 0 1 0 0 -54.95961785583858 121.30126804975136 143.1 -121.02828655106875 -55.54540794383545 290.41415 102.94147 -999.0 -999.0 -999.0 -999.0 -999.0 267.1602969941851 -19.75880761846401 267.2170064954131 -19.769995681813914 75.97230091391837 51.364951308250056 -999.0 6231.0 -999.0 -1 -999 {-999.0 -999.0 -999.0 -999.0 -999.0} "" -999.0 -999.0 -999.0 -999.0 -999 -999 "" "" "" "" 0 0 0.0 0.0 -999 ""
FIBERMAP 183 R+12C1 APOGEE 1 1 0 1 0 0 -144.25782989789556 228.45958151457688 143.1 -227.74771673394181 -145.35900104155476 343.35193 115.9279 266.8166437606919 -20.027892350840084 1.2810116 -4.9395003 0.13792953 266.8166477152378 -20.027906677183662 266.874234078324 -20.039896449197272 76.39189418355164 51.257250248999156 16000.0 16600.0 2016.0 2 8 {-999.0 16.78075 14.822509 13.817289 -999.0} sdss_psfmag_from_g3xp 15.844719 14.461627 13.318351 10.317 63050395476980414 1148506592 bright_12x1 mwm_bin_rv_short_rgb_apogee_12epoch mwm_bin science 0 0 0.0 0.0 -999 ""
FIBERMAP 183 R+12C1 BOSS 0 0 0 1 0 0 -144.1220721275644 227.72237870773404 143.1 -227.0112108839164 -145.21967289455068 343.35193 115.9279 -999.0 -999.0 -999.0 -999.0 -999.0 266.819050356142 -20.027472236894837 266.8765949286093 -20.039491587185967 76.3900054676618 51.26248273908391 -999.0 5400.0 -999.0 1 8 {-999.0 -999.0 -999.0 -999.0 -999.0} "" -999.0 -999.0 -999.0 -999.0 -999 -999 "" "" "" "" 0 0 0.0 0.0 -999 ""
FIBERMAP 183 R+12C1 METROLOGY 0 0 0 1 0 0 -144.8334152926788 227.9788982850365 143.1 -227.26426526291013 -145.93222403613288 343.35193 115.9279 -999.0 -999.0 -999.0 -999.0 -999.0 266.81817635441433 -20.02965058644735 266.8757388617038 -20.041661573331854 76.39208147611463 51.26682901365365 -999.0 6231.0 -999.0 -1 -999 {-999.0 -999.0 -999.0 -999.0 -999.0} "" -999.0 -999.0 -999.0 -999.0 -999 -999 "" "" "" "" 0 0 0.0 0.0 -999 ""
FIBERMAP 186 R+12C12 APOGEE 0 0 0 1 0 0 84.22366479587255 240.67486573790967 143.1 -241.071114910474 83.05138727391282 90.49191 147.31384 -999.0 -999.0 -999.0 -999.0 -999.0 266.77876434854454 -19.336780511747218 266.83432737052954 -19.349028794686188 75.93443892695966 49.086384703322835 -999.0 16600.0 -999.0 2 -999 {-999.0 -999.0 -999.0 -999.0 -999.0} "" -999.0 -999.0 -999.0 -999.0 -999 -999 "" "" "" "" 0 0 0.0 0.0 -999 ""
FIBERMAP 186 R+12C12 BOSS 1 1 0 1 0 0 84.63695165084037 241.29407748497357 143.1 -241.69230014470963 83.46164789779539 90.49191 147.31384 266.77682906380414 -19.33550118079448 -0.87648773 4.2221413 4.054703 266.7768263697143 -19.33548893505248 266.83234619474723 -19.34778081376797 75.93485728852994 49.07729805964742 5400.0 5400.0 2016.0 1 106 {-999.0 19.548697 17.63843 16.960772 -999.0} sdss_psfmag_ps1 18.33873 17.230186 15.5613575 12.923 63050395480777462 1077959076 bright_flexible_2x1 mwm_snc_ext_main_boss mwm_snc science 0 0 0.0 0.0 -999 ""
FIBERMAP 186 R+12C12 METROLOGY 0 0 0 1 0 0 84.97085797822149 240.64021656696198 143.1 -241.0400934190225 83.79870991166848 90.49191 147.31384 -999.0 -999.0 -999.0 -999.0 -999.0 266.7788572813272 -19.334475148340342 266.834384966932 -19.34675121420251 75.9327751701902 49.079981166564835 -999.0 6231.0 -999.0 -1 -999 {-999.0 -999.0 -999.0 -999.0 -999.0} "" -999.0 -999.0 -999.0 -999.0 -999 -999 "" "" "" "" 0 0 0.0 0.0 -999 ""
FIBERMAP 193 R+4C23 APOGEE 1 1 0 1 0 0 256.4119207829467 79.85698653948505 143.1 -81.0971356347851 256.01112512757356 345.42072 141.76282 267.2941714653883 -18.81658853185044 0.42300603 -1.0387007 0.17876464 267.29417276153043 -18.816591544459435 267.34813575950864 -18.827626133737706 75.22216837974324 49.017455009891336 16000.0 16600.0 2016.0 2 86 {-999.0 16.95299 14.641495 13.143097 -999.0} sdss_psfmag_from_g3xp 15.759229 13.844866 12.555402 9.206 63050395482968751 1147737849 bright_12x1 mwm_bin_rv_short_rgb_apogee_12epoch mwm_bin science 0 0 0.0 0.0 -999 ""
FIBERMAP 193 R+4C23 BOSS 0 0 0 1 0 0 256.7714527539746 79.21845644972979 143.1 -80.46038329651998 256.37373706280744 345.42072 141.76282 -999.0 -999.0 -999.0 -999.0 -999.0 267.29625648168116 -18.81547056416167 267.350174168741 -18.826540567644535 75.22004477069265 49.01990669381382 -999.0 5400.0 -999.0 1 259 {-999.0 -999.0 -999.0 -999.0 -999.0} "" -999.0 -999.0 -999.0 -999.0 -999 -999 "" "" "" "" 0 0 0.0 0.0 -999 ""
FIBERMAP 193 R+4C23 METROLOGY 0 0 0 1 0 0 256.0421203209267 79.2042832790982 143.1 -80.44267164656597 255.64451116856443 345.42072 141.76282 -999.0 -999.0 -999.0 -999.0 -999.0 267.29626960508307 -18.81762111837563 267.3502053556657 -18.82867908875364 75.22155654344702 49.02583719898456 -999.0 6231.0 -999.0 -1 -999 {-999.0 -999.0 -999.0 -999.0 -999.0} "" -999.0 -999.0 -999.0 -999.0 -999 -999 "" "" "" "" 0 0 0.0 0.0 -999 ""
FIBERMAP 197 R0C13 APOGEE 1 1 0 1 0 0 -8.716758705157213 -10.412010393807837 143.1 10.45377090989969 -8.66578129631929 350.81818 84.70266 267.5846461462311 -19.618109865053267 -0.48995617 -0.17055719 0.4131289 267.58464463760674 -19.618110359731002 267.64089936330754 -19.628205085600634 75.58429543381273 52.05609062963041 16000.0 16600.0 2016.0 2 250 {-999.0 15.496972 13.982308 13.24471 -999.0} sdss_psfmag_from_g3xp 14.8576565 13.813917 12.801529 10.43 63050395478573224 1069796643 bright_18x1 mwm_bin_rv_short_subgiant_apogee mwm_bin science 0 0 0.0 0.0 -999 ""
FIBERMAP 197 R0C13 BOSS 0 0 0 1 0 0 -8.957429311975648 -11.106898105541589 143.1 11.149790540178437 -8.903067378370043 350.81818 84.70266 -999.0 -999.0 -999.0 -999.0 -999.0 267.5869375677551 -19.6188047800857 267.64315106129754 -19.628930953421335 75.58323687953745 52.064027293541244 -999.0 5400.0 -999.0 1 518 {-999.0 -999.0 -999.0 -999.0 -999.0} "" -999.0 -999.0 -999.0 -999.0 -999 -999 "" "" "" "" 0 0 0.0 0.0 -999 ""
FIBERMAP 197 R0C13 METROLOGY 0 0 0 1 0 0 -9.44820525943255 -10.545889046262328 143.1 10.59119210309606 -9.39654031055384 350.81818 84.70266 -999.0 -999.0 -999.0 -999.0 -999.0 267.5851207011442 -19.620310935266232 267.6413510786192 -19.630430821128513 75.58549978180817 52.063801146307014 -999.0 6231.0 -999.0 -1 -999 {-999.0 -999.0 -999.0 -999.0 -999.0} "" -999.0 -999.0 -999.0 -999.0 -999 -999 "" "" "" "" 0 0 0.0 0.0 -999 ""
FIBERMAP 213 R+3C1 APOGEE 1 1 0 1 0 0 -272.01219017620986 53.21500748170238 143.1 -51.89226558043923 -272.2563419354841 212.67154 102.66917 267.38119046145016 -20.414344417982505 -2.5634074 -4.0778913 0.17509021 267.38118252840013 -20.414356245347207 267.43982078319317 -20.42479300614941 76.2575406265869 53.9715878940038 16000.0 16600.0 2016.0 2 3 {-999.0 18.391823 15.801448 14.23921 -999.0} sdss_psfmag_ps1 17.025036 14.829549 13.479509 9.605 63050395476521239 1149064862 bright_12x1 mwm_bin_rv_short_rgb_apogee_12epoch mwm_bin science 0 0 0.0 0.0 -999 ""
FIBERMAP 213 R+3C1 BOSS 0 0 0 1 0 0 -272.53596976080166 53.76429800280308 143.1 -52.43898593014866 -272.782759929792 212.67154 102.66917 -999.0 -999.0 -999.0 -999.0 -999.0 267.37946165952366 -20.415874155752945 267.4380624649034 -20.42634943279294 76.25980532479485 53.971981414617915 -999.0 5400.0 -999.0 1 3 {-999.0 -999.0 -999.0 -999.0 -999.0} "" -999.0 -999.0 -999.0 -999.0 -999 -999 "" "" "" "" 0 0 0.0 0.0 -999 ""
FIBERMAP 213 R+3C1 METROLOGY 0 0 0 1 0 0 -271.8095008215611 53.93548966819315 143.1 -52.61369404966091 -272.0571593407958 212.67154 102.66917 -999.0 -999.0 -999.0 -999.0 -999.0 267.37887965526204 -20.413760859821508 267.43748625967555 -20.42422839234021 76.25882108506886 53.96375119789309 -999.0 6231.0 -999.0 -1 -999 {-999.0 -999.0 -999.0 -999.0 -999.0} "" -999.0 -999.0 -999.0 -999.0 -999 -999 "" "" "" "" 0 0 0.0 0.0 -999 ""
FIBERMAP 216 R-9C18 APOGEE 1 1 0 1 0 0 178.88178290928923 -159.15842851632752 143.1 158.28213300169514 179.64486544553642 172.14426 63.084213 268.05945810624604 -19.048536327801454 3.3294559 -0.38134888 1.5337896 268.0594683222816 -19.048537433851322 268.11397283431904 -19.05753520851314 74.86821621194402 51.62391139774425 16000.0 16600.0 2016.0 2 192 {-999.0 13.594045 12.814034 12.444602 -999.0} sdss_psfmag_from_g3xp 13.357547 12.799661 12.082604 10.746 63050395478813582 1069577080 bright_18x1 mwm_bin_rv_short_subgiant_apogee mwm_bin science 0 0 0.0 0.0 -999 ""
FIBERMAP 216 R-9C18 BOSS 0 0 0 1 0 0 179.43739472915874 -158.62624380598228 143.1 157.74727964159987 180.19786597938878 172.14426 63.084213 -999.0 -999.0 -999.0 -999.0 -999.0 268.0578186750357 -19.04680381624889 268.1122738705361 -19.055846232464297 74.86821805256723 51.61498350800093 -999.0 5400.0 -999.0 1 265 {-999.0 -999.0 -999.0 -999.0 -999.0} "" -999.0 -999.0 -999.0 -999.0 -999 -999 "" "" "" "" 0 0 0.0 0.0 -999 ""
FIBERMAP 216 R-9C18 METROLOGY 0 0 0 1 0 0 179.60386126181896 -159.34204705810947 143.1 158.46223802522877 180.36779745370254 172.14426 63.084213 -999.0 -999.0 -999.0 -999.0 -999.0 268.0601145830598 -19.046279753151115 268.11458043671496 -19.055305031286533 74.86626430450404 51.6192299641163 -999.0 6231.0 -999.0 -1 -999 {-999.0 -999.0 -999.0 -999.0 -999.0} "" -999.0 -999.0 -999.0 -999.0 -999 -999 "" "" "" "" 0 0 0.0 0.0 -999 ""
FIBERMAP 223 R-7C9 APOGEE 1 1 0 1 0 0 -30.59163498410839 -128.0317797288707 143.1 128.1736021701992 -29.968754515380734 18.121305 157.86194 267.9637928656474 -19.683225307273887 -5.6459117 -3.2997794 0.136881 267.9637754742608 -19.683234877830923 268.02015503013996 -19.692331799793532 75.36398131957655 53.205658541225965 16000.0 16600.0 2016.0 2 186 {-999.0 17.975979 15.567811 14.264542 -999.0} sdss_psfmag_ps1 16.564531 14.775198 13.454443 9.985 63050395478374400 1153803619 bright_1x1 mwm_galactic_core_dist_apogee_sparse mwm_galactic science 0 0 0.0 0.0 -999 ""
FIBERMAP 223 R-7C9 BOSS 0 0 0 1 0 0 -29.835933164283144 -128.07453659798261 143.1 128.21268965038985 -29.21288433665874 18.121305 157.86194 -999.0 -999.0 -999.0 -999.0 -999.0 267.96401413499404 -19.68091869533838 268.02034259249535 -19.690052987014187 75.36232666972482 53.19941851301337 -999.0 5400.0 -999.0 1 380 {-999.0 -999.0 -999.0 -999.0 -999.0} "" -999.0 -999.0 -999.0 -999.0 -999 -999 "" "" "" "" 0 0 0.0 0.0 -999 ""
FIBERMAP 223 R-7C9 METROLOGY 0 0 0 1 0 0 -30.254316077905425 -128.70231838736217 143.1 128.84246921274473 -29.628199167719945 18.121305 157.86194 -999.0 -999.0 -999.0 -999.0 -999.0 267.9660406276336 -19.682192334632944 268.0223849979973 -19.691310461785637 75.36173701573396 53.20820593038923 -999.0 6231.0 -999.0 -1 -999 {-999.0 -999.0 -999.0 -999.0 -999.0} "" -999.0 -999.0 -999.0 -999.0 -999 -999 "" "" "" "" 0 0 0.0 0.0 -999 ""
FIBERMAP 224 R+2C5 APOGEE 1 1 0 1 0 0 -182.65117235340577 17.179672477588564 143.1 -16.29243625868634 -182.72508299564473 334.57944 23.755434 267.4967989067495 -20.145425677687662 -5.830831 -3.7028522 1.5646998 267.4967808931788 -20.145436417302125 267.55460377148154 -20.155635963380163 75.99903589595874 53.42435280855248 16000.0 16600.0 2016.0 2 23 {-999.0 14.496881 13.126467 12.493524 -999.0} sdss_psfmag_from_g3xp 13.950834 13.0262165 12.079295 9.91 63050395476679349 1069796640 bright_18x1 mwm_bin_rv_short_subgiant_apogee mwm_bin science 0 0 0.0 0.0 -999 ""
FIBERMAP 224 R+2C5 BOSS 0 0 0 1 0 0 -183.42058259608783 17.2103320467778 143.1 -16.319360542770752 -183.4946021832104 334.57944 23.755434 -999.0 -999.0 -999.0 -999.0 -999.0 267.49672399791007 -20.147785125970056 267.5545111497544 -20.1580197728478 76.00068273704052 53.43148601019169 -999.0 5400.0 -999.0 1 34 {-999.0 -999.0 -999.0 -999.0 -999.0} "" -999.0 -999.0 -999.0 -999.0 -999 -999 "" "" "" "" 0 0 0.0 0.0 -999 ""
FIBERMAP 224 R+2C5 METROLOGY 0 0 0 1 0 0 -183.00347217274876 17.84134417870988 143.1 -16.952364105446375 -183.0805754523515 334.57944 23.755434 -999.0 -999.0 -999.0 -999.0 -999.0 267.4946691433653 -20.146562663410187 267.55246511101495 -20.15679287111958 76.0013055352673 53.42242299840939 -999.0 6231.0 -999.0 -1 -999 {-999.0 -999.0 -999.0 -999.0 -999.0} "" -999.0 -999.0 -999.0 -999.0 -999 -999 "" "" "" "" 0 0 0.0 0.0 -999 ""
FIBERMAP 226 R-2C25 APOGEE 1 1 0 1 0 0 275.9909894733417 -41.79561065150298 143.1 40.45415216767479 276.1795206117251 263.08743 170.62794 267.68261803459535 -18.75702336215413 -1.5829294 -0.6033793 0.5108963 267.68261318602134 -18.757025112173046 267.73633646877914 -18.7670675836438 74.92110415709325 49.8686832454317 16000.0 16600.0 2016.0 2 239 {-999.0 15.962878 14.32489 13.499514 -999.0} sdss_psfmag_from_g3xp 15.247764 14.098953 13.039605 10.541 63050395482931925 1150292497 bright_12x1 mwm_bin_rv_short_subgiant_apogee_12epoch mwm_bin science 0 0 0.0 0.0 -999 ""
FIBERMAP 226 R-2C25 BOSS 0 0 0 1 0 0 275.80123836792677 -42.55371214608091 143.1 41.213135212136415 275.99345815066494 263.08743 170.62794 -999.0 -999.0 -999.0 -999.0 -999.0 267.68507587338587 -18.757567738223756 267.73875717904093 -18.76764462474634 74.91989412613712 49.87648730334058 -999.0 5400.0 -999.0 1 349 {-999.0 -999.0 -999.0 -999.0 -999.0} "" -999.0 -999.0 -999.0 -999.0 -999 -999 "" "" "" "" 0 0 0.0 0.0 -999 ""
FIBERMAP 226 R-2C25 METROLOGY 0 0 0 1 0 0 275.27987626913614 -41.986608286644824 143.1 40.64859071510057 275.469371074655 263.08743 170.62794 -999.0 -999.0 -999.0 -999.0 -999.0 267.68326917810117 -18.759088537626056 267.73696743691846 -18.769158148583546 74.92216243496463 49.87598439527824 -999.0 6231.0 -999.0 -1 -999 {-999.0 -999.0 -999.0 -999.0 -999.0} "" -999.0 -999.0 -999.0 -999.0 -999 -999 "" "" "" "" 0 0 0.0 0.0 -999 ""
FIBERMAP 229 R+9C7 APOGEE 1 1 0 1 0 0 -64.50830022219667 183.52328774064227 143.1 -183.200748060895 -65.39553915774557 126.60825 123.82099 266.9604286163092 -19.787376804318907 -3.9397097 -5.3670554 0.18142086 266.9604164727057 -19.787392370727037 267.0172718951845 -19.799065349852732 76.12837186436376 50.91414219288897 16000.0 16600.0 2016.0 2 133 {-999.0 17.531008 15.3495865 14.336122 -999.0} sdss_psfmag_ps1 16.364185 14.849237 13.657951 10.516 63050395477171611 1149124775 bright_12x1 mwm_bin_rv_short_rgb_apogee_12epoch mwm_bin science 0 0 0.0 0.0 -999 ""
FIBERMAP 229 R+9C7 BOSS 0 0 0 1 0 0 -64.27972065545774 184.22900864325268 143.1 -183.90754164727872 -65.17039605971615 126.60825 123.82099 -999.0 -999.0 -999.0 -999.0 -999.0 266.9581358460456 -19.78667641182141 267.0149489213038 -19.798392145948498 76.12948232991184 50.90580269940301 -999.0 5400.0 -999.0 1 123 {-999.0 -999.0 -999.0 -999.0 -999.0} "" -999.0 -999.0 -999.0 -999.0 -999 -999 "" "" "" "" 0 0 0.0 0.0 -999 ""
FIBERMAP 229 R+9C7 METROLOGY 0 0 0 1 0 0 -63.77992468515932 183.67516604349504 143.1 -183.35615306991394 -64.6679383481981 126.60825 123.82099 -999.0 -999.0 -999.0 -999.0 -999.0 266.95987367335226 -19.785186360526296 267.0166935909401 -19.796887548297928 76.12725615858234 50.906017951303056 -999.0 6231.0 -999.0 -1 -999 {-999.0 -999.0 -999.0 -999.0 -999.0} "" -999.0 -999.0 -999.0 -999.0 -999 -999 "" "" "" "" 0 0 0.0 0.0 -999 ""
FIBERMAP 230 R+10C2 APOGEE 0 0 0 1 0 0 -143.72887359349994 180.39687194940623 143.1 -179.6900624572902 -144.59683942314385 355.74124 65.767105 -999.0 -999.0 -999.0 -999.0 -999.0 266.97066859518594 -20.027071799941943 267.02822822569294 -20.038662597470243 76.2857084695041 51.67330961898267 -999.0 16600.0 -999.0 2 -999 {-999.0 -999.0 -999.0 -999.0 -999.0} "" -999.0 -999.0 -999.0 -999.0 -999 -999 "" "" "" "" 0 0 0.0 0.0 -999 ""
FIBERMAP 230 R+10C2 BOSS 1 1 0 1 0 0 -144.04751394994693 179.7454715040774 143.1 -179.03714948003233 -144.9123022475203 355.74124 65.767105 266.97277836645304 -20.028014108438153 -2.2164664 -5.526381 0.21893051 266.9727715241064 -20.028030136948626 267.0302929690768 -20.039651010783178 76.28496716356942 51.68194339363015 5400.0 5400.0 2016.0 1 18 {-999.0 17.255756 16.278902 15.79909 15.469645} sdss_psfmag_from_ps1dr2 16.8955 16.2242 15.3958 13.911 63050395476916796 1039964792 "" ops_std_boss_ps1dr2 ops_std standard_boss 0 0 0.0 0.0 -999 ""
FIBERMAP 230 R+10C2 METROLOGY 0 0 0 1 0 0 -144.475400049932 180.35000547265497 143.1 -179.63957575690043 -145.34309980057097 355.74124 65.767105 -999.0 -999.0 -999.0 -999.0 -999.0 266.9707920192019 -20.029346781675773 267.0283291886824 -20.040962348043937 76.28721029378372 51.6806671782515 -999.0 6231.0 -999.0 -1 -999 {-999.0 -999.0 -999.0 -999.0 -999.0} "" -999.0 -999.0 -999.0 -999.0 -999 -999 "" "" "" "" 0 0 0.0 0.0 -999 ""
FIBERMAP 231 R+2C20 APOGEE 0 0 0 1 0 0 147.73036675296933 36.8598596078687 143.1 -37.57483862848419 147.54384913500715 154.66554 147.55269 -999.0 -999.0 -999.0 -999.0 -999.0 267.4316877609814 -19.143844053411055 267.4865805179868 -19.15444590776245 75.3617336916165 50.290537198027266 -999.0 16600.0 -999.0 2 -999 {-999.0 -999.0 -999.0 -999.0 -999.0} "" -999.0 -999.0 -999.0 -999.0 -999 -999 "" "" "" "" 0 0 0.0 0.0 -999 ""
FIBERMAP 231 R+2C20 BOSS 1 1 0 1 0 0 147.31358146169381 37.47407819480717 143.1 -38.187002890909234 147.12410481962056 154.66554 147.55269 267.4297395856071 -19.144988288500326 0.7813036 -5.7575912 0.5437539 267.4297419843412 -19.14500498760449 267.4845962605253 -19.155650917233906 75.3639144976228 50.28872589129121 5400.0 5400.0 2016.0 1 230 {-999.0 18.143393 16.76146 16.23101 -999.0} sdss_psfmag_ps1 17.5506 16.674591 15.754146 13.854 63050395482724062 980272842 "" ops_std_boss_red ops_std standard_boss 0 0 0.0 0.0 -999 ""
FIBERMAP 231 R+2C20 METROLOGY 0 0 0 1 0 0 148.05966559491145 37.531469978166605 143.1 -38.24801220651115 147.86987182084405 154.66554 147.55269 -999.0 -999.0 -999.0 -999.0 -999.0 267.4295396420664 -19.14274293760347 267.4843992950382 -19.153378795449477 75.36245180602882 50.28180588220653 -999.0 6231.0 -999.0 -1 -999 {-999.0 -999.0 -999.0 -999.0 -999.0} "" -999.0 -999.0 -999.0 -999.0 -999 -999 "" "" "" "" 0 0 0.0 0.0 -999 ""
FIBERMAP 232 R+13C3 APOGEE 1 1 0 1 0 0 -110.92726201281239 252.33459146565735 143.1 -251.78323296954338 -112.14601649852527 151.4852 142.12724 266.74023788619576 -19.92686287532155 -0.49279264 -6.269245 0.66788477 266.7402363658953 -19.926881058407726 266.79753689108395 -19.939092238704486 76.37438909486896 50.73616014235726 16000.0 16600.0 2016.0 2 54 {-999.0 17.697306 16.204657 15.413931 -999.0} sdss_psfmag_ps1 16.92602 15.960268 14.888572 12.529 63050395477015662 917013751 bright_3x1 mwm_yso_variable_apogee mwm_yso science 0 0 0.0 0.0 -999 ""
FIBERMAP 232 R+13C3 BOSS 0 0 0 1 0 0 -111.12201493580933 253.0419288552839 143.1 -252.48958866433554 -112.34419181657667 151.4852 142.12724 -999.0 -999.0 -999.0 -999.0 -999.0 266.73803342356075 -19.927414392152325 266.79529601519323 -19.93966722787715 76.37630515572022 50.7317141224263 -999.0 5400.0 -999.0 1 91 {-999.0 -999.0 -999.0 -999.0 -999.0} "" -999.0 -999.0 -999.0 -999.0 -999 -999 "" "" "" "" 0 0 0.0 0.0 -999 ""
FIBERMAP 232 R+13C3 METROLOGY 0 0 0 1 0 0 -110.41924554312332 252.86626428707288 143.1 -252.31734350245443 -111.6406063665847 151.4852 142.12724 -999.0 -999.0 -999.0 -999.0 -999.0 266.7385280920691 -19.92532784871024 266.79579574549314 -19.93756967283916 76.3745115432792 50.726685053638334 -999.0 6231.0 -999.0 -1 -999 {-999.0 -999.0 -999.0 -999.0 -999.0} "" -999.0 -999.0 -999.0 -999.0 -999 -999 "" "" "" "" 0 0 0.0 0.0 -999 ""
FIBERMAP 234 R+3C20 APOGEE 1 1 0 1 0 0 151.10253694846517 67.47398979094253 143.1 -68.20374781751225 150.76728431842758 196.77577 63.165154 267.333446596932 -19.13384057844734 0.10212709 2.1226828 0.28981438 267.3334469104582 -19.133834421896818 267.38832706565057 -19.144693109729594 75.4208336042549 50.00415345988494 16000.0 16600.0 2016.0 2 69 {-999.0 16.39749 14.59204 13.68345 -999.0} sdss_psfmag_from_g3xp 15.570889 14.302439 13.200376 10.504 63050395482734594 1148701846 bright_12x1 mwm_bin_rv_short_rgb_apogee_12epoch mwm_bin science 0 0 0.0 0.0 -999 ""
FIBERMAP 234 R+3C20 BOSS 0 0 0 1 0 0 151.2558194452623 68.20710683481919 143.1 -68.93757073453787 150.9170013004385 196.77577 63.165154 -999.0 -999.0 -999.0 -999.0 -999.0 267.33110905055736 -19.133276790293195 267.3859460974603 -19.144180997671207 75.42206751993372 49.99640991839766 -999.0 5400.0 -999.0 1 224 {-999.0 -999.0 -999.0 -999.0 -999.0} "" -999.0 -999.0 -999.0 -999.0 -999 -999 "" "" "" "" 0 0 0.0 0.0 -999 ""
FIBERMAP 234 R+3C20 METROLOGY 0 0 0 1 0 0 151.81486389552947 67.71809866588517 143.1 -68.45130074481618 151.478389803939 196.77577 63.165154 -999.0 -999.0 -999.0 -999.0 -999.0 267.33265794928946 -19.131575774424835 267.3875016328212 -19.14246522694515 75.41981567372295 49.99569333134514 -999.0 6231.0 -999.0 -1 -999 {-999.0 -999.0 -999.0 -999.0 -999.0} "" -999.0 -999.0 -999.0 -999.0 -999 -999 "" "" "" "" 0 0 0.0 0.0 -999 ""
FIBERMAP 243 R-11C12 APOGEE 1 1 0 1 0 0 72.08311516300897 -226.83561655832122 143.1 226.47407627910295 73.18014256183518 257.1511 103.59982 268.2783535105912 -19.370614102680506 1.3344202 -0.22222827 0.31875032 268.2783576131268 -19.370614747223108 268.3337629532928 -19.378969718667456 74.93462264665492 53.07053520402661 16000.0 16600.0 2016.0 2 183 {-999.0 17.178387 14.741172 13.243226 -999.0} sdss_psfmag_from_g3xp 15.892554 13.928407 12.624606 9.122 63050395478520997 1147702275 bright_12x1 mwm_bin_rv_short_rgb_apogee_12epoch mwm_bin science 0 0 0.0 0.0 -999 ""
FIBERMAP 243 R-11C12 BOSS 0 0 0 1 0 0 71.32510200039233 -226.88068685381737 143.1 226.52282263248435 72.42238735666146 257.1511 103.59982 -999.0 -999.0 -999.0 -999.0 -999.0 268.2785967381956 -19.37285941042706 268.3339632457763 -19.3812519927941 74.93601502409575 53.077530624575445 -999.0 5400.0 -999.0 1 376 {-999.0 -999.0 -999.0 -999.0 -999.0} "" -999.0 -999.0 -999.0 -999.0 -999 -999 "" "" "" "" 0 0 0.0 0.0 -999 ""
FIBERMAP 243 R-11C12 METROLOGY 0 0 0 1 0 0 71.65461958792378 -226.21679272722892 143.1 225.85736383715889 72.74866622118383 257.1511 103.59982 -999.0 -999.0 -999.0 -999.0 -999.0 268.27649795171624 -19.371870070956373 268.33187480745084 -19.380257344653682 74.93680714515217 53.069604647220444 -999.0 6231.0 -999.0 -1 -999 {-999.0 -999.0 -999.0 -999.0 -999.0} "" -999.0 -999.0 -999.0 -999.0 -999 -999 "" "" "" "" 0 0 0.0 0.0 -999 ""
FIBERMAP 244 R-4C15 APOGEE 1 1 0 1 0 0 86.03441680226578 -67.35199104091589 143.1 66.93100685900897 86.35679970156549 94.006645 35.65189 267.7670717142633 -19.33003970471061 -4.0670037 0.80201507 0.5262289 267.7670592137944 -19.330037378575422 267.82243807311824 -19.33972675455284 75.26215520376638 51.68470952787002 16000.0 16600.0 2016.0 2 199 {-999.0 16.666828 14.857194 13.972116 -999.0} sdss_psfmag_from_g3xp 15.830372 14.585669 13.489488 10.761 63050395478760761 1069500785 bright_18x1 mwm_bin_rv_short_subgiant_apogee mwm_bin science 0 0 0.0 0.0 -999 ""
FIBERMAP 244 R-4C15 BOSS 0 0 0 1 0 0 86.49566948751061 -67.94157820921117 143.1 67.51832519227366 86.82088958036734 94.006645 35.65189 -999.0 -999.0 -999.0 -999.0 -999.0 267.76903071580074 -19.328548577236933 267.8243613700805 -19.338271934679515 75.25983688229846 51.68544803593181 -999.0 5400.0 -999.0 1 280 {-999.0 -999.0 -999.0 -999.0 -999.0} "" -999.0 -999.0 -999.0 -999.0 -999 -999 "" "" "" "" 0 0 0.0 0.0 -999 ""
FIBERMAP 244 R-4C15 METROLOGY 0 0 0 1 0 0 85.74972376059536 -68.04281233562074 143.1 67.62317390935785 86.07547373091452 94.006645 35.65189 -999.0 -999.0 -999.0 -999.0 -999.0 267.76936068290496 -19.330812449300897 267.82471022277264 -19.340523439530124 75.26114298705248 51.69277143167119 -999.0 6231.0 -999.0 -1 -999 {-999.0 -999.0 -999.0 -999.0 -999.0} "" -999.0 -999.0 -999.0 -999.0 -999 -999 "" "" "" "" 0 0 0.0 0.0 -999 ""
FIBERMAP 249 R+8C6 APOGEE 0 0 0 1 0 0 -104.28780141145404 153.77322453653733 143.1 -153.25918817550428 -105.02861338993007 198.81958 105.97716 -999.0 -999.0 -999.0 -999.0 -999.0 267.0560218971683 -19.90809563780248 267.11321720660453 -19.919492835195197 76.14591958824319 51.537934366766535 -999.0 16600.0 -999.0 2 -999 {-999.0 -999.0 -999.0 -999.0 -999.0} "" -999.0 -999.0 -999.0 -999.0 -999 -999 "" "" "" "" 0 0 0.0 0.0 -999 ""
FIBERMAP 249 R+8C6 BOSS 1 1 0 1 0 0 -104.70432047648973 154.3606926389804 143.1 -153.84460463034338 -105.447961681458 198.81958 105.97716 267.0541241231047 -19.90934015251145 -0.6901316 -3.332534 0.18145789 267.0541219942356 -19.90934981806971 267.1112803465149 -19.92078788184999 76.14813325012872 51.5366620697022 5400.0 5400.0 2016.0 1 79 {-999.0 18.09853 16.240923 15.284929 -999.0} sdss_psfmag_ps1 17.193323 15.905269 14.777679 11.964 63050395477069320 1093367169 bright_3x1 mwm_astar_core_boss mwm_ob science 0 0 0.0 0.0 -999 ""
FIBERMAP 249 R+8C6 METROLOGY 0 0 0 1 0 0 -103.9547810949074 154.4429973977099 143.1 -153.93054239864864 -104.69886050533282 198.81958 105.97716 -999.0 -999.0 -999.0 -999.0 -999.0 267.05382190508976 -19.9071037692008 267.1109852927931 -19.918532872183594 76.14678991368842 51.52900895114033 -999.0 6231.0 -999.0 -1 -999 {-999.0 -999.0 -999.0 -999.0 -999.0} "" -999.0 -999.0 -999.0 -999.0 -999 -999 "" "" "" "" 0 0 0.0 0.0 -999 ""
FIBERMAP 253 R+5C3 APOGEE 1 1 0 1 0 0 -173.80361249141163 97.71360191694606 143.1 -96.8651304036115 -174.2687861857406 27.81572 87.43902 267.2368878584239 -20.118670090440457 -2.4841566 -2.2113914 -0.00015819297 267.236880185269 -20.11867650427806 267.29466720288366 -20.129556031814403 76.16326817489079 52.66614472487815 16000.0 16600.0 2016.0 2 19 {-999.0 18.99064 16.571798 15.192262 -999.0} sdss_psfmag_ps1 17.63569 15.784192 14.473448 10.919 63050395476750213 1153797056 bright_1x1 mwm_galactic_core_dist_apogee_sparse mwm_galactic science 0 0 0.0 0.0 -999 ""
FIBERMAP 253 R+5C3 BOSS 0 0 0 1 0 0 -173.45664309633528 97.05809696164195 143.1 -96.21134311657123 -173.91865380253122 27.81572 87.43902 -999.0 -999.0 -999.0 -999.0 -999.0 267.23900328809844 -20.11764576239409 267.29674524360973 -20.128555526096147 76.1611509270796 52.66852873630893 -999.0 5400.0 -999.0 1 28 {-999.0 -999.0 -999.0 -999.0 -999.0} "" -999.0 -999.0 -999.0 -999.0 -999 -999 "" "" "" "" 0 0 0.0 0.0 -999 ""
FIBERMAP 253 R+5C3 METROLOGY 0 0 0 1 0 0 -174.21515726960612 97.09179757077034 143.1 -96.24136115822735 -174.67729224200502 27.81572 87.43902 -999.0 -999.0 -999.0 -999.0 -999.0 267.23887399309257 -20.11996995825694 267.296634643174 -20.13086945045554 76.16278264407073 52.67540201394593 -999.0 6231.0 -999.0 -1 -999 {-999.0 -999.0 -999.0 -999.0 -999.0} "" -999.0 -999.0 -999.0 -999.0 -999 -999 "" "" "" "" 0 0 0.0 0.0 -999 ""
FIBERMAP 255 R-5C11 APOGEE 1 1 0 1 0 0 -6.754825547674435 -112.89440134118576 143.1 112.9213352317507 -6.206635999175602 311.1146 90.74407 267.91477270968903 -19.611123301864506 -0.13749991 0.7285344 0.27532604 267.91477228633136 -19.61112118885034 267.9709487717642 -19.62036198899398 75.35011445090423 52.87152578759394 16000.0 16600.0 2016.0 2 170 {-999.0 15.613828 13.709238 12.785956 -999.0} sdss_psfmag_from_g3xp 14.710351 13.412101 12.295007 9.447 63050395478383089 1147854438 bright_12x1 mwm_bin_rv_short_rgb_apogee_12epoch mwm_bin science 0 0 0.0 0.0 -999 ""
FIBERMAP 255 R-5C11 BOSS 0 0 0 1 0 0 -7.34006087706158 -113.39120060230015 143.1 113.42094872794733 -6.789430222873848 311.1146 90.74407 -999.0 -999.0 -999.0 -999.0 -999.0 267.91648632813025 -19.612856764613966 267.97262353239614 -19.622130409770342 75.35013570035943 52.88089540442445 -999.0 5400.0 -999.0 1 409 {-999.0 -999.0 -999.0 -999.0 -999.0} "" -999.0 -999.0 -999.0 -999.0 -999 -999 "" "" "" "" 0 0 0.0 0.0 -999 ""
FIBERMAP 255 R-5C11 METROLOGY 0 0 0 1 0 0 -7.474511144423895 -112.66350518398409 143.1 112.69394342931915 -6.927404798339784 311.1146 90.74407 -999.0 -999.0 -999.0 -999.0 -999.0 267.9141463987281 -19.61328577610448 267.9702977710265 -19.622554702837945 75.35204265953845 52.87631350285022 -999.0 6231.0 -999.0 -1 -999 {-999.0 -999.0 -999.0 -999.0 -999.0} "" -999.0 -999.0 -999.0 -999.0 -999 -999 "" "" "" "" 0 0 0.0 0.0 -999 ""
FIBERMAP 266 R-11C1 APOGEE 1 1 0 1 0 0 -157.4393080786498 -227.9013051247595 143.1 228.65350735421168 -156.3252257698147 339.8758 77.53267 268.2856233151178 -20.064757532856955 0.39864588 -1.9583799 0.2830303 268.28562454604617 -20.064763212869302 268.34306964437775 -20.072936536519798 75.385084607733 55.132256700670084 16000.0 16600.0 2016.0 2 260 {-999.0 17.79016 15.598233 14.546056 -999.0} sdss_psfmag_ps1 16.631964 15.057426 13.848608 10.591 63050395477649538 1149134093 bright_12x1 mwm_bin_rv_short_rgb_apogee_12epoch mwm_bin science 0 0 0.0 0.0 -999 ""
FIBERMAP 266 R-11C1 BOSS 0 0 0 1 0 0 -157.9385152322432 -228.47043775037292 143.1 229.2250330031016 -156.82164526151118 339.8758 77.53267 -999.0 -999.0 -999.0 -999.0 -999.0 268.2874795248905 -20.066204339339638 268.34488303742376 -20.07440860374391 75.38473335317416 55.141069359367236 -999.0 5400.0 -999.0 1 354 {-999.0 -999.0 -999.0 -999.0 -999.0} "" -999.0 -999.0 -999.0 -999.0 -999 -999 "" "" "" "" 0 0 0.0 0.0 -999 ""
FIBERMAP 266 R-11C1 METROLOGY 0 0 0 1 0 0 -158.1656288221519 -227.7467606316333 143.1 228.5024954609756 -157.0522588624004 339.8758 77.53267 -999.0 -999.0 -999.0 -999.0 -999.0 268.2852018948712 -20.066953669117225 268.34262093696316 -20.0751534346737 75.38683713808753 55.1378910435821 -999.0 6231.0 -999.0 -1 -999 {-999.0 -999.0 -999.0 -999.0 -999.0} "" -999.0 -999.0 -999.0 -999.0 -999 -999 "" "" "" "" 0 0 0.0 0.0 -999 ""
FIBERMAP 267 R-9C2 APOGEE 0 0 0 1 0 0 -177.608165628525 -177.25584200531299 143.1 178.10853929903607 -176.73880504554398 164.02396 143.74107 -999.0 -999.0 -999.0 -999.0 -999.0 268.12343568939417 -20.127084974349756 268.18109455414606 -20.135664204982966 75.5416971901774 54.93132785830346 -999.0 16600.0 -999.0 2 -999 {-999.0 -999.0 -999.0 -999.0 -999.0} "" -999.0 -999.0 -999.0 -999.0 -999 -999 "" "" "" "" 0 0 0.0 0.0 -999 ""
FIBERMAP 267 R-9C2 BOSS 1 1 0 1 0 0 -178.07700414884442 -176.71543246032158 143.1 177.57043285450615 -177.21024172365114 164.02396 143.74107 268.1217957068645 -20.128125734662753 -11.20104 -125.70024 12.517936 268.1217611065052 -20.12849031097812 268.17938009035333 -20.13710913908584 75.5438594338735 54.931567243292676 5400.0 5400.0 2016.0 1 457 {-999.0 17.735813 16.271027 14.940368 -999.0} sdss_psfmag_ps1 17.108038 15.558623 14.3427105 12.075 63050395477621140 1132522908 bright_2x1 mwm_snc_100pc_boss mwm_snc science 0 0 0.0 0.0 -999 ""
FIBERMAP 267 R-9C2 METROLOGY 0 0 0 1 0 0 -177.34125537601565 -176.55708801863278 143.1 177.40852626151835 -176.47529943812896 164.02396 143.74107 -999.0 -999.0 -999.0 -999.0 -999.0 268.1212692285206 -20.126317275795614 268.17889404928314 -20.134927948881966 75.54279556214098 54.92372394567656 -999.0 6231.0 -999.0 -1 -999 {-999.0 -999.0 -999.0 -999.0 -999.0} "" -999.0 -999.0 -999.0 -999.0 -999 -999 "" "" "" "" 0 0 0.0 0.0 -999 ""
FIBERMAP 274 R+2C17 APOGEE 1 1 0 1 0 0 108.66735724847305 34.61755603049613 143.1 -35.14309106314565 108.49374327883179 32.43898 62.9348 267.43900567694266 -19.262109435650764 -1.8164347 -1.0604258 2.1438363 267.4390000962093 -19.26211251127023 267.4942370637848 -19.27266773794459 75.43931242916864 50.645611618629374 16000.0 16600.0 2016.0 2 61 {-999.0 12.562224 12.013421 11.652236 -999.0} sdss_psfmag_from_g3xp 12.389205 12.047169 11.249449 10.081 63050395478725047 975037305 "" ops_std_apogee ops_std standard_apogee 0 0 0.0 0.0 -999 ""
FIBERMAP 274 R+2C17 BOSS 0 0 0 1 0 0 108.65957232181422 33.86246098256245 143.1 -34.38799733236438 108.48962298596338 32.43898 62.9348 -999.0 -999.0 -999.0 -999.0 -999.0 267.4414505652079 -19.26203529709102 267.49664452386946 -19.27262310420077 75.43765332550016 50.65179112549578 -999.0 5400.0 -999.0 1 207 {-999.0 -999.0 -999.0 -999.0 -999.0} "" -999.0 -999.0 -999.0 -999.0 -999 -999 "" "" "" "" 0 0 0.0 0.0 -999 ""
FIBERMAP 274 R+2C17 METROLOGY 0 0 0 1 0 0 108.01527155096244 34.25767096928979 143.1 -34.78006027505804 107.84343774808158 32.43898 62.9348 -999.0 -999.0 -999.0 -999.0 -999.0 267.4401664142747 -19.26399062808917 267.4953782898093 -19.274570284572043 75.43986813504132 50.65402274388924 -999.0 6231.0 -999.0 -1 -999 {-999.0 -999.0 -999.0 -999.0 -999.0} "" -999.0 -999.0 -999.0 -999.0 -999 -999 "" "" "" "" 0 0 0.0 0.0 -999 ""
FIBERMAP 280 R-3C15 APOGEE 0 0 0 1 0 0 67.08907427861836 -58.56642419650948 143.1 58.237830471943745 67.36980456958219 343.17236 132.60199 -999.0 -999.0 -999.0 -999.0 -999.0 267.73904085083535 -19.387574559463843 267.7945929782594 -19.39732307814099 75.32077417814544 51.77884159820792 -999.0 16600.0 -999.0 2 -999 {-999.0 -999.0 -999.0 -999.0 -999.0} "" -999.0 -999.0 -999.0 -999.0 -999 -999 "" "" "" "" 0 0 0.0 0.0 -999 ""
FIBERMAP 280 R-3C15 BOSS 1 1 0 1 0 0 67.40605348805444 -59.270240704568685 143.1 58.94007234303853 67.6901827601419 343.17236 132.60199 267.74140536421123 -19.38651024645328 -7.906171 -6.5707936 0.71599555 267.7413810551397 -19.386529304137888 267.7968863557473 -19.396310486653622 75.31850474523144 51.78177986855258 5400.0 5400.0 2016.0 1 328 {-999.0 17.052406 15.293657 14.575836 -999.0} sdss_psfmag_ps1 16.263388 15.054683 13.972322 11.317 63050395478639549 939013625 bright_1x1 openfibertargets_nov2020_34a open_fiber science 0 0 0.0 0.0 -999 ""
FIBERMAP 280 R-3C15 METROLOGY 0 0 0 1 0 0 66.66672890815364 -59.18377547806895 143.1 58.85719929503021 66.95047687097114 343.17236 132.60199 -999.0 -999.0 -999.0 -999.0 -999.0 267.74110485418055 -19.388778494774876 267.79662905297096 -19.398548964418083 75.32021517655139 51.78755768252785 -999.0 6231.0 -999.0 -1 -999 {-999.0 -999.0 -999.0 -999.0 -999.0} "" -999.0 -999.0 -999.0 -999.0 -999 -999 "" "" "" "" 0 0 0.0 0.0 -999 ""
FIBERMAP 284 R-1C5 APOGEE 1 1 0 1 0 0 -200.9171497476334 -32.25919015936661 143.1 33.23250554129398 -200.75020394918496 255.19684 91.00051 267.65651699306585 -20.20018444293846 -2.8680782 -0.57226974 1.1750361 267.6565081294116 -20.200186102728164 267.71446562608764 -20.209958818075865 75.92222037566127 54.0009369984237 16000.0 16600.0 2016.0 2 281 {-999.0 13.199583 11.744938 11.07636 -999.0} sdss_psfmag_from_g3xp 12.598473 11.626524 10.655942 8.407 63050395476684803 1147499225 bright_12x1 mwm_bin_rv_short_rgb_apogee_12epoch mwm_bin science 0 0 0.0 0.0 -999 ""
FIBERMAP 284 R-1C5 BOSS 0 0 0 1 0 0 -201.59174765294435 -31.9363907801971 143.1 32.91299647925741 -201.4263333677667 255.19684 91.00051 -999.0 -999.0 -999.0 -999.0 -999.0 267.6555228272047 -20.202240948328303 267.71344332090734 -20.212051081209662 75.92431820082349 54.00483112437831 -999.0 5400.0 -999.0 1 462 {-999.0 -999.0 -999.0 -999.0 -999.0} "" -999.0 -999.0 -999.0 -999.0 -999 -999 "" "" "" "" 0 0 0.0 0.0 -999 ""
FIBERMAP 284 R-1C5 METROLOGY 0 0 0 1 0 0 -200.9991411383223 -31.521121068490267 143.1 32.49487254132993 -200.83577270408324 255.19684 91.00051 -999.0 -999.0 -999.0 -999.0 -999.0 267.65417127629496 -20.200497505287373 267.71209909211586 -20.210301542262062 75.92411977767446 53.99600013336982 -999.0 6231.0 -999.0 -1 -999 {-999.0 -999.0 -999.0 -999.0 -999.0} "" -999.0 -999.0 -999.0 -999.0 -999 -999 "" "" "" "" 0 0 0.0 0.0 -999 ""
FIBERMAP 286 R-5C13 APOGEE 1 0 1 1 0 0 34.426237820116114 -89.33686058193149 143.1 89.16517584930946 34.8579781437426 10.003425 169.99794 267.892824010728 -19.461282465693117 -0.25226408 -1.6946075 0.2566178 267.8384391586948 -19.486409607589202 267.8942633218752 -19.49587742244321 75.3192696601215 52.316194459465635 16000.0 16600.0 2016.0 2 162 {-999.0 16.360693 14.163613 13.055598 -999.0} sdss_psfmag_from_g3xp 15.247957 13.712253 12.523828 9.411 63050395478737508 1147835694 bright_12x1 mwm_bin_rv_short_rgb_apogee_12epoch mwm_bin science 0 0 0.0 0.0 -999 ""
FIBERMAP 286 R-5C13 BOSS 0 0 1 1 0 0 35.16541133519777 -89.31872649431487 143.1 89.14345573187497 35.59702538945749 10.003425 169.99794 -999.0 -999.0 -999.0 -999.0 -999.0 267.83846842809953 -19.484108259129155 267.8942420848115 -19.493614692893704 75.31774791519277 52.30958670503094 -999.0 5400.0 -999.0 1 392 {-999.0 -999.0 -999.0 -999.0 -999.0} "" -999.0 -999.0 -999.0 -999.0 -999 -999 "" "" "" "" 0 0 0.0 0.0 -999 ""
FIBERMAP 286 R-5C13 METROLOGY 0 0 1 1 0 0 34.809609850499804 -89.9744652507243 143.1 89.80088712646977 35.244424413251735 10.003425 169.99794 -999.0 -999.0 -999.0 -999.0 -999.0 267.8405794231717 -19.485189008631824 267.896368268866 -19.494678903460642 75.31699912159726 52.31803842989967 -999.0 6231.0 -999.0 -1 -999 {-999.0 -999.0 -999.0 -999.0 -999.0} "" -999.0 -999.0 -999.0 -999.0 -999 -999 "" "" "" "" 0 0 0.0 0.0 -999 ""
FIBERMAP 290 R+8C13 APOGEE 0 0 0 1 0 0 59.255604933485685 151.19885147309313 143.1 -151.47857136996927 58.51881812863636 163.62718 152.36383 -999.0 -999.0 -999.0 -999.0 -999.0 267.0644899421705 -19.41233342562508 267.12022832655555 -19.423823944983692 75.797062612346 50.084931904716825 -999.0 16600.0 -999.0 2 -999 {-999.0 -999.0 -999.0 -999.0 -999.0} "" -999.0 -999.0 -999.0 -999.0 -999 -999 "" "" "" "" 0 0 0.0 0.0 -999 ""
FIBERMAP 290 R+8C13 BOSS 1 1 0 1 0 0 58.710735311050364 151.72632774894794 143.1 -152.0033762607646 57.97141704585539 163.62718 152.36383 267.06277431865374 -19.413920049383552 -1.0428262 -1.1972106 0.36876392 267.0627711117404 -19.413923521728613 267.11847351884495 -19.4254562658105 75.79938709924578 50.08492187981568 5400.0 5400.0 2016.0 1 157 {-999.0 17.978794 15.826416 15.090825 -999.0} sdss_psfmag_ps1 16.8674 15.566841 14.456368 11.688 63050395480684498 1114391773 bright_1x1 openfibertargets_mwm_vmr_boss open_fiber science 0 0 0.0 0.0 -999 ""
FIBERMAP 290 R+8C13 METROLOGY 0 0 0 1 0 0 59.43670530154354 151.92459307551468 143.1 -152.205154218485 58.69638733226323 163.62718 152.36383 -999.0 -999.0 -999.0 -999.0 -999.0 267.06210941139506 -19.41172687528846 267.1178170812964 -19.423251046971817 75.79827703818523 50.07675523956573 -999.0 6231.0 -999.0 -1 -999 {-999.0 -999.0 -999.0 -999.0 -999.0} "" -999.0 -999.0 -999.0 -999.0 -999 -999 "" "" "" "" 0 0 0.0 0.0 -999 ""
FIBERMAP 294 R+11C8 APOGEE 1 1 0 1 0 0 -21.811880461673613 216.8310617817205 143.1 -216.71398944092005 -22.8629617908782 146.0706 132.90442 266.8538247895391 -19.657798342507075 -0.41898668 -2.2184439 1.4357762 266.85382349911805 -19.657804776799424 266.9103151554359 -19.669784017004012 76.11058818999435 50.23514536764124 16000.0 16600.0 2016.0 2 129 {-999.0 11.599572 11.255709 11.114238 -999.0} sdss_psfmag_from_g3xp 11.547818 11.253085 10.763911 9.998 63050395480601111 975037603 "" ops_std_apogee ops_std standard_apogee 0 0 0.0 0.0 -999 ""
FIBERMAP 294 R+11C8 BOSS 0 0 0 1 0 0 -21.94201087857386 217.5479751961923 143.1 -217.43023425676932 -22.996564417982725 146.0706 132.90442 -999.0 -999.0 -999.0 -999.0 -999.0 266.8515232260492 -19.658160675114463 266.9079760419611 -19.67018295250237 76.11243985558224 50.22990533368318 -999.0 5400.0 -999.0 1 116 {-999.0 -999.0 -999.0 -999.0 -999.0} "" -999.0 -999.0 -999.0 -999.0 -999 -999 "" "" "" "" 0 0 0.0 0.0 -999 ""
FIBERMAP 294 R+11C8 METROLOGY 0 0 0 1 0 0 -21.240625577366643 217.31238753118234 143.1 -217.19806238404772 -22.294072200505436 146.0706 132.90442 -999.0 -999.0 -999.0 -999.0 -999.0 266.85223310118863 -19.65605200960094 266.9086910041252 -19.66806241967505 76.11047413383707 50.22556409455933 -999.0 6231.0 -999.0 -1 -999 {-999.0 -999.0 -999.0 -999.0 -999.0} "" -999.0 -999.0 -999.0 -999.0 -999 -999 "" "" "" "" 0 0 0.0 0.0 -999 ""
FIBERMAP 300 R-4C2 APOGEE 0 0 0 1 0 0 -214.3307153240766 -73.03383144340685 143.1 74.07012739974303 -213.9652089662462 5.2197523 134.96275 -999.0 -999.0 -999.0 -999.0 -999.0 267.7881494006598 -20.240063113367327 267.84620201928476 -20.249485256071452 75.85461691289761 54.45529563453613 -999.0 16600.0 -999.0 2 -999 {-999.0 -999.0 -999.0 -999.0 -999.0} "" -999.0 -999.0 -999.0 -999.0 -999 -999 "" "" "" "" 0 0 0.0 0.0 -999 ""
FIBERMAP 300 R-4C2 BOSS 1 1 0 1 0 0 -213.7386130082385 -73.51497499573408 143.1 74.54837276097467 -213.370802473165 5.2197523 134.96275 267.7895466280315 -20.2382752881408 2.6957014 0.08064143 0.3830878 267.78975587322645 -20.238275054251183 267.84775924126905 -20.247728677202396 75.85236398102093 54.45374112507707 5400.0 5400.0 2016.0 1 453 {-999.0 14.558413 13.66417 13.186681 -999.0} sdss_psfmag_from_g3xp 14.263732 13.599194 12.765764 11.208 63050395475682132 1068459700 bright_3x1 mwm_ob_core_boss mwm_ob science 0 0 0.678629994392395 0.0 -999 ""
FIBERMAP 300 R-4C2 METROLOGY 0 0 0 1 0 0 -214.44132469544812 -73.7736042353916 143.1 74.81039864147557 -214.07222273404128 5.2197523 134.96275 -999.0 -999.0 -999.0 -999.0 -999.0 267.7905933215465 -20.240429524039477 267.8486152827354 -20.24987048854217 75.85315078475278 54.46252891895335 -999.0 6231.0 -999.0 -1 -999 {-999.0 -999.0 -999.0 -999.0 -999.0} "" -999.0 -999.0 -999.0 -999.0 -999 -999 "" "" "" "" 0 0 0.0 0.0 -999 ""
FIBERMAP 303 R-1C21 APOGEE 0 0 0 1 0 0 170.9243002173416 -8.663498398197213 143.1 7.833609799382316 170.957491792112 58.954494 132.55771 -999.0 -999.0 -999.0 -999.0 -999.0 267.57766227415766 -19.073431754715106 267.6323246492515 -19.083671920659942 75.21392935139176 50.472072676104176 -999.0 16600.0 -999.0 2 -999 {-999.0 -999.0 -999.0 -999.0 -999.0} "" -999.0 -999.0 -999.0 -999.0 -999 -999 "" "" "" "" 0 0 0.0 0.0 -999 ""
FIBERMAP 303 R-1C21 BOSS 1 1 0 1 0 0 171.66057450134525 -8.500334707663269 143.1 7.666881656930009 171.6929361753533 58.954494 132.55771 267.5771824984167 -19.07109976702119 -1.0541803 -1.4201785 0.89779085 267.5771792633509 -19.07110388605432 267.631792224304 -19.08138548569236 75.21268687644724 50.46429807591973 5400.0 5400.0 2016.0 1 324 {-999.0 14.85523 14.217322 13.886186 -999.0} sdss_psfmag_from_g3xp 14.684915 14.19495 13.519724 12.252 63050395482857858 981659421 "" ops_std_boss_tic ops_std standard_boss 0 0 0.0 0.0 -999 ""
FIBERMAP 303 R-1C21 METROLOGY 0 0 0 1 0 0 171.42873679743334 -9.215804430629797 143.1 8.383439369607157 171.46458241669532 58.954494 132.55771 -999.0 -999.0 -999.0 -999.0 -999.0 267.5794654722658 -19.071790302835165 267.63409211048076 -19.082054598318415 75.2116043779828 50.472133890742725 -999.0 6231.0 -999.0 -1 -999 {-999.0 -999.0 -999.0 -999.0 -999.0} "" -999.0 -999.0 -999.0 -999.0 -999 -999 "" "" "" "" 0 0 0.0 0.0 -999 ""
FIBERMAP 306 R+4C10 APOGEE 0 0 0 1 0 0 -39.53818060566699 95.87080905099005 143.1 -95.67397942866074 -40.00136338687481 115.89251 67.14731 -999.0 -999.0 -999.0 -999.0 -999.0 267.2421834264014 -19.712059876406187 267.29877170685654 -19.723020200499757 75.88412077622338 51.44226544840609 -999.0 16600.0 -999.0 2 -999 {-999.0 -999.0 -999.0 -999.0 -999.0} "" -999.0 -999.0 -999.0 -999.0 -999 -999 "" "" "" "" 0 0 0.0 0.0 -999 ""
FIBERMAP 306 R+4C10 BOSS 1 1 0 1 0 0 -38.80296330346734 95.90786790122942 143.1 -95.71460413067818 -39.26636398492901 115.89251 67.14731 267.2420443692526 -19.70980292426394 0.97462314 -3.617743 2.2696908 267.24204737193196 -19.709813417031626 267.2985875471231 -19.720811647321966 75.88272884149114 51.43519910712613 5400.0 5400.0 2016.0 1 76 {-999.0 17.291576 15.736037 15.000259 -999.0} sdss_psfmag_ps1 16.50287 15.516624 14.528179 12.371 63050395477196976 1120283253 bright_1x1 openfibertargets_mwm_snc_further_ext_boss open_fiber science 0 0 0.0 0.0 -999 ""
FIBERMAP 306 R+4C10 METROLOGY 0 0 0 1 0 0 -39.1237040750373 95.24814748773656 143.1 -95.05336142338915 -39.58388674157993 115.89251 67.14731 -999.0 -999.0 -999.0 -999.0 -999.0 267.24415205211216 -19.710801307090314 267.3007064802781 -19.72178338536615 75.88194774557338 51.443713275653806 -999.0 6231.0 -999.0 -1 -999 {-999.0 -999.0 -999.0 -999.0 -999.0} "" -999.0 -999.0 -999.0 -999.0 -999 -999 "" "" "" "" 0 0 0.0 0.0 -999 ""
FIBERMAP 313 R-10C2 APOGEE 0 0 0 1 0 0 -164.1294721270103 -187.8140613258273 143.1 188.60080425361346 -163.2095737951755 105.46672 146.83 -999.0 -999.0 -999.0 -999.0 -999.0 268.15723973002457 -20.086145419176724 268.2147714896265 -20.094646583855493 75.49103901663625 54.888228439383056 -999.0 16600.0 -999.0 2 -999 {-999.0 -999.0 -999.0 -999.0 -999.0} "" -999.0 -999.0 -999.0 -999.0 -999 -999 "" "" "" "" 0 0 0.0 0.0 -999 ""
FIBERMAP 313 R-10C2 BOSS 1 1 0 1 0 0 -163.82679793133292 -187.06508432794695 143.1 187.8503972543937 -162.91054981220418 105.46672 146.83 268.1548964121481 -20.085227287251197 -0.17940642 -1.1853876 1.0066922 268.1548958581093 -20.085230725305475 268.21238038262965 -20.093774123456928 75.49218411063617 54.87976790799611 5400.0 5400.0 2016.0 1 515 {-999.0 16.181776 15.36548 14.868382 -999.0} sdss_psfmag_ps1 15.75974 15.21037 14.498587 13.271 63050395477623592 945725879 bright_1x1 openfibertargets_nov2020_8 open_fiber science 0 0 0.0 0.0 -999 ""
FIBERMAP 313 R-10C2 METROLOGY 0 0 0 1 0 0 -163.3966779126011 -187.6640251431096 143.1 188.4472198269498 -162.47754559782217 105.46672 146.83 -999.0 -999.0 -999.0 -999.0 -999.0 268.1568360338747 -20.083954100289183 268.2143291380861 -20.0924825966954 75.48995328770594 54.88057519045856 -999.0 6231.0 -999.0 -1 -999 {-999.0 -999.0 -999.0 -999.0 -999.0} "" -999.0 -999.0 -999.0 -999.0 -999 -999 "" "" "" "" 0 0 0.0 0.0 -999 ""
FIBERMAP 316 R-2C11 APOGEE 0 0 0 1 0 0 -58.87829641797994 -29.510864189795903 143.1 29.795053498300007 -58.73204138027261 171.35085 87.30971 -999.0 -999.0 -999.0 -999.0 -999.0 267.6466287729774 -19.770266595991636 267.7033199132194 -19.78016516944411 75.64401886255425 52.66622075787825 -999.0 16600.0 -999.0 2 299 {-999.0 -999.0 -999.0 -999.0 -999.0} "" -999.0 -999.0 -999.0 -999.0 -999 -999 "" "" "" "" 0 0 0.0 0.0 -999 ""
FIBERMAP 316 R-2C11 BOSS 1 1 0 1 0 0 -58.748317549435974 -28.76871027854778 143.1 29.052307266714724 -58.60567067295373 171.35085 87.30971 267.6441132474038 -19.76981844506376 -3.2129037 -20.514439 1.9454572 267.64429554509593 -19.76987794438069 267.7009429359908 -19.779819605304223 75.6454386822933 52.65911188920481 5400.0 5400.0 2016.0 1 495 {-999.0 14.775687 13.721429 13.231321 -999.0} sdss_psfmag_from_g3xp 14.394259 13.684757 12.834411 11.031 63050395478347807 917172290 bright_3x1 mwm_yso_pms_boss_sagitta_edr3 mwm_yso science 0 0 0.6511373519897461 0.0 -999 ""
FIBERMAP 316 R-2C11 METROLOGY 0 0 0 1 0 0 -58.17116568361323 -29.259949421366873 143.1 29.54072024541377 -58.02616486521409 171.35085 87.30971 -999.0 -999.0 -999.0 -999.0 -999.0 267.64586658174693 -19.768136851849093 267.7025207062611 -19.778064405417666 75.64315893455812 52.65791691752179 -999.0 6231.0 -999.0 -1 -999 {-999.0 -999.0 -999.0 -999.0 -999.0} "" -999.0 -999.0 -999.0 -999.0 -999 -999 "" "" "" "" 0 0 0.0 0.0 -999 ""
FIBERMAP 318 R-5C18 APOGEE 1 1 0 1 0 0 129.70609781673355 -102.0464989572522 143.1 101.41179400837737 130.19458078997602 222.71094 87.625916 267.87779235892214 -19.197460653449845 -0.30247548 -1.5780152 0.40796813 267.8777914299756 -19.197465230266644 267.9327631799782 -19.206898761330365 75.09521677506137 51.587340289077396 16000.0 16600.0 2016.0 2 216 {-999.0 16.582983 14.786712 13.893475 -999.0} sdss_psfmag_from_g3xp 15.760647 14.513155 13.414113 10.744 63050395478773892 1148979135 bright_12x1 mwm_bin_rv_short_rgb_apogee_12epoch mwm_bin science 0 0 0.0 0.0 -999 ""
FIBERMAP 318 R-5C18 BOSS 0 0 0 1 0 0 129.20545666344321 -101.4963829794315 143.1 100.86413596140277 129.69129602330966 222.71094 87.625916 -999.0 -999.0 -999.0 -999.0 -999.0 267.87612269732557 -19.198893582434764 267.93105504573884 -19.20837038210613 75.09739984816052 51.58717637338168 -999.0 5400.0 -999.0 1 308 {-999.0 -999.0 -999.0 -999.0 -999.0} "" -999.0 -999.0 -999.0 -999.0 -999 -999 "" "" "" "" 0 0 0.0 0.0 -999 ""
FIBERMAP 318 R-5C18 METROLOGY 0 0 0 1 0 0 129.92225738214844 -101.31476194870656 143.1 100.67904593326398 130.40717828202182 222.71094 87.625916 -999.0 -999.0 -999.0 -999.0 -999.0 267.87552782882915 -19.19672094120739 267.930466366298 -19.20618866824319 75.09630182437196 51.57953397723867 -999.0 6231.0 -999.0 -1 -999 {-999.0 -999.0 -999.0 -999.0 -999.0} "" -999.0 -999.0 -999.0 -999.0 -999 -999 "" "" "" "" 0 0 0.0 0.0 -999 ""
FIBERMAP 342 R+6C13 APOGEE 0 0 0 1 0 0 58.87797932746378 113.47637841216309 143.1 -113.75621888701366 58.324266969354625 357.82776 107.31705 -999.0 -999.0 -999.0 -999.0 -999.0 267.18555740468895 -19.41341668418006 267.24127917104533 -19.424593285155126 75.7162160246867 50.412540780982056 -999.0 16600.0 -999.0 2 -999 {-999.0 -999.0 -999.0 -999.0 -999.0} "" -999.0 -999.0 -999.0 -999.0 -999 -999 "" "" "" "" 0 0 0.0 0.0 -999 ""
FIBERMAP 342 R+6C13 BOSS 1 1 0 1 0 0 59.09078147893977 112.75207263049133 143.1 -113.03298326574743 58.54057292347931 357.82776 107.31705 267.18787206235965 -19.412703686630653 -2.0154226 0.6672082 0.7818101 267.1878658645511 -19.412701751484637 267.2435438105189 -19.423910720349124 75.71421232155866 50.41661876118409 5400.0 5400.0 2016.0 1 155 {-999.0 15.950124 14.431258 13.672568 -999.0} sdss_psfmag_from_g3xp 15.312067 14.252843 13.230005 10.844 63050395482657992 939014829 bright_1x1 openfibertargets_nov2020_34a open_fiber science 0 0 0.0 0.0 -999 ""
FIBERMAP 342 R+6C13 METROLOGY 0 0 0 1 0 0 58.36044600087463 112.93632519935376 143.1 -113.21368221438976 57.80938114056134 357.82776 107.31705 -999.0 -999.0 -999.0 -999.0 -999.0 267.1872481684949 -19.414922511963248 267.2429444131561 -19.42612174757864 75.71616284167247 50.42142036475883 -999.0 6231.0 -999.0 -1 -999 {-999.0 -999.0 -999.0 -999.0 -999.0} "" -999.0 -999.0 -999.0 -999.0 -999 -999 "" "" "" "" 0 0 0.0 0.0 -999 ""
FIBERMAP 351 R0C11 APOGEE 1 1 0 1 0 0 -59.76114727921818 16.357405777705058 143.1 -16.06655746207452 -59.83743033093303 100.81724 76.72305 267.49864184433704 -19.77326582441772 -1.2615024 1.0132314 0.8067501 267.49863795627743 -19.773262885678903 267.55536327271005 -19.78354430847903 75.74892513763427 52.295472172900105 16000.0 16600.0 2016.0 2 251 {-999.0 12.947376 12.402281 12.129925 -999.0} sdss_psfmag_from_g3xp 12.81817 12.381615 11.757356 10.635 63050395477104365 975037191 "" ops_std_apogee ops_std standard_apogee 0 0 0.0 0.0 -999 ""
FIBERMAP 351 R0C11 BOSS 0 0 0 1 0 0 -59.00533744098022 16.32923019636619 143.1 -16.042051038892367 -59.08152289763902 100.81724 76.72305 -999.0 -999.0 -999.0 -999.0 -999.0 267.4987562884548 -19.77096843568669 267.55543224204064 -19.781287026777598 75.74734739510993 52.28890950070047 -999.0 5400.0 -999.0 1 519 {-999.0 -999.0 -999.0 -999.0 -999.0} "" -999.0 -999.0 -999.0 -999.0 -999 -999 "" "" "" "" 0 0 0.0 0.0 -999 ""
FIBERMAP 351 R0C11 METROLOGY 0 0 0 1 0 0 -59.40962479366523 15.704065680942739 143.1 -15.4149570161585 -59.48275559833676 100.81724 76.72305 -999.0 -999.0 -999.0 -999.0 -999.0 267.50076278107633 -19.772208117679703 267.55745409598387 -19.782510752018666 75.74677802489445 52.29780170513118 -999.0 6231.0 -999.0 -1 -999 {-999.0 -999.0 -999.0 -999.0 -999.0} "" -999.0 -999.0 -999.0 -999.0 -999 -999 "" "" "" "" 0 0 0.0 0.0 -999 ""
FIBERMAP 357 R-9C9 APOGEE 1 1 0 1 0 0 -19.621514535574303 -179.93234043030287 143.1 180.0182413049057 -18.74734549808867 183.05855 142.97314 268.1302945081956 -19.64908911119919 -1.6486242 -7.8648047 0.23032515 268.13028943093616 -19.6491119219872 268.1865386921077 -19.657785264526456 75.22419355769244 53.5157923551626 16000.0 16600.0 2016.0 2 166 {-999.0 16.927021 14.500192 13.176545 -999.0} sdss_psfmag_from_g3xp 15.634901 13.844812 12.575998 9.054 63050395478434149 1147676332 bright_12x1 mwm_bin_rv_short_rgb_apogee_12epoch mwm_bin science 0 0 0.0 0.0 -999 ""
FIBERMAP 357 R-9C9 BOSS 0 0 0 1 0 0 -20.237450619503093 -179.5344395775644 143.1 179.6233499909178 -19.365180575520274 183.05855 142.97314 -999.0 -999.0 -999.0 -999.0 -999.0 268.1291344247918 -19.650955073197036 268.18534445899627 -19.659668602881275 75.22628610273212 53.51837264973608 -999.0 5400.0 -999.0 1 399 {-999.0 -999.0 -999.0 -999.0 -999.0} "" -999.0 -999.0 -999.0 -999.0 -999 -999 "" "" "" "" 0 0 0.0 0.0 -999 ""
FIBERMAP 357 R-9C9 METROLOGY 0 0 0 1 0 0 -19.582118677712728 -179.18921709052333 143.1 179.27496526487622 -18.711557815859358 183.05855 142.97314 -999.0 -999.0 -999.0 -999.0 -999.0 268.1280288377836 -19.648987719487675 268.18424600435446 -19.657693919263163 75.22574472250278 53.50989255348725 -999.0 6231.0 -999.0 -1 -999 {-999.0 -999.0 -999.0 -999.0 -999.0} "" -999.0 -999.0 -999.0 -999.0 -999 -999 "" "" "" "" 0 0 0.0 0.0 -999 ""
FIBERMAP 374 R+10C5 APOGEE 0 0 0 1 0 0 -72.20976985282874 205.63536302149035 143.1 -205.27430576643016 -73.20391275757068 92.82149 43.133728 -999.0 -999.0 -999.0 -999.0 -999.0 266.88953755189044 -19.810500299138308 266.9464721721931 -19.82235158680289 76.19252678205123 50.79131403213091 -999.0 16600.0 -999.0 2 -999 {-999.0 -999.0 -999.0 -999.0 -999.0} "" -999.0 -999.0 -999.0 -999.0 -999 -999 "" "" "" "" 0 0 0.0 0.0 -999 ""
FIBERMAP 374 R+10C5 BOSS 1 1 0 1 0 0 -71.65777183328002 205.1039740808897 143.1 -204.74562300525946 -72.64936465985771 92.82149 43.133728 266.89126505003566 -19.808806481344963 -10.284678 -2.6214411 6.5037017 266.89123334468724 -19.808814084472814 266.9481226279829 -19.82069782672968 76.19026123532578 50.790836170186985 5400.0 5400.0 2016.0 1 152 {-999.0 -999.0 -999.0 -999.0 -999.0} "" -999.0 19.491732 -999.0 -999.0 63050395477173269 1077958996 bright_flexible_2x1 mwm_snc_ext_main_boss mwm_snc science 0 0 0.0 0.0 -999 ""
FIBERMAP 374 R+10C5 METROLOGY 0 0 0 1 0 0 -72.38321509391758 204.90775394709686 143.1 -204.5458926904723 -73.37381816833674 92.82149 43.133728 -999.0 -999.0 -999.0 -999.0 -999.0 266.8918184307347 -19.811032905451054 266.9487253341721 -19.822904357981894 76.19138339982821 50.799142703819825 -999.0 6231.0 -999.0 -1 -999 {-999.0 -999.0 -999.0 -999.0 -999.0} "" -999.0 -999.0 -999.0 -999.0 -999 -999 "" "" "" "" 0 0 0.0 0.0 -999 ""
FIBERMAP 391 R+1C10 APOGEE 0 0 0 1 0 0 -95.02112607249896 17.664081493390253 143.1 -17.202060313599777 -95.10192441938173 211.31816 88.297264 -999.0 -999.0 -999.0 -999.0 -999.0 267.4946398455198 -19.88024000577464 267.5516806543917 -19.890506873360863 75.82376704433388 52.60701862277341 -999.0 16600.0 -999.0 2 -999 {-999.0 -999.0 -999.0 -999.0 -999.0} "" -999.0 -999.0 -999.0 -999.0 -999 -999 "" "" "" "" 0 0 0.0 0.0 -999 ""
FIBERMAP 391 R+1C10 BOSS 1 1 0 1 0 0 -95.40148072124792 18.313808976262493 143.1 -17.849908419555543 -95.48541229155504 211.31816 88.297264 267.4925760216352 -19.881399881842235 0.26205325 -4.9438243 0.3626348 267.49257682985586 -19.88141422072691 267.54957890699643 -19.891722654582605 75.82604654874496 52.605248133486946 5400.0 5400.0 2016.0 1 30 {-999.0 18.164864 16.945705 16.403399 -999.0} sdss_psfmag_ps1 17.63833 16.843262 15.88717 14.122 63050395476811745 980272488 "" ops_std_boss_red ops_std standard_boss 0 0 0.0 0.0 -999 ""
FIBERMAP 391 R+1C10 METROLOGY 0 0 0 1 0 0 -94.65692152099278 18.31742157440342 143.1 -17.85713393433993 -94.7409091714429 211.31816 88.297264 -999.0 -999.0 -999.0 -999.0 -999.0 267.49254664367294 -19.879175154405203 267.549554176039 -19.88947385701834 75.82454819355891 52.59839957761665 -999.0 6231.0 -999.0 -1 -999 {-999.0 -999.0 -999.0 -999.0 -999.0} "" -999.0 -999.0 -999.0 -999.0 -999 -999 "" "" "" "" 0 0 0.0 0.0 -999 ""
FIBERMAP 398 R-5C4 APOGEE 0 0 0 1 0 0 -161.27543857384472 -92.44429630057863 143.1 93.22212727894093 -160.81848646649044 338.0824 160.75218 -999.0 -999.0 -999.0 -999.0 -999.0 267.8504225082028 -20.079680989117 267.90799007430826 -20.088979088734977 75.70575851125432 54.115486551202196 -999.0 16600.0 -999.0 2 -999 {-999.0 -999.0 -999.0 -999.0 -999.0} "" -999.0 -999.0 -999.0 -999.0 -999 -999 "" "" "" "" 0 0 0.0 0.0 -999 ""
FIBERMAP 398 R-5C4 BOSS 1 1 0 1 0 0 -160.72478970514268 -92.9448761743689 143.1 93.72000911542382 -160.26543695615496 338.0824 160.75218 267.8521029050088 -20.07802330899729 2.1434028 -0.9251897 0.42299923 267.8521095239122 -20.078025992382997 267.9096280272061 -20.08735597129494 75.70353257235304 54.1146170324427 5400.0 5400.0 2016.0 1 492 {-999.0 18.380007 17.11258 16.477339 15.9477415} sdss_psfmag_from_ps1dr2 17.8532 17.0297 16.057 13.015 63050395476693665 1039964774 "" ops_std_boss_ps1dr2 ops_std standard_boss 0 0 0.0 0.0 -999 ""
FIBERMAP 398 R-5C4 METROLOGY 0 0 0 1 0 0 -161.42180321174783 -93.17783267293353 143.1 93.95633593261448 -160.96128391291307 338.0824 160.75218 -999.0 -999.0 -999.0 -999.0 -999.0 267.85286545340034 -20.0801588003637 267.910402541448 -20.08947615670868 75.70437543757316 54.123028192479694 -999.0 6231.0 -999.0 -1 -999 {-999.0 -999.0 -999.0 -999.0 -999.0} "" -999.0 -999.0 -999.0 -999.0 -999 -999 "" "" "" "" 0 0 0.0 0.0 -999 ""
FIBERMAP 400 R-2C24 APOGEE 0 0 0 1 0 0 260.3240939052458 -48.97189027784963 143.1 47.706086593486354 260.5482603449548 353.3639 84.75038 -999.0 -999.0 -999.0 -999.0 -999.0 267.70574325563234 -18.80396496813066 267.75959885688064 -18.813936523375496 74.93866558579312 50.05605345879735 -999.0 16600.0 -999.0 2 -999 {-999.0 -999.0 -999.0 -999.0 -999.0} "" -999.0 -999.0 -999.0 -999.0 -999 -999 "" "" "" "" 0 0 0.0 0.0 -999 ""
FIBERMAP 400 R-2C24 BOSS 1 1 0 1 0 0 260.09438248696966 -49.76185324430796 143.1 48.497123374612215 260.32239425333177 353.3639 84.75038 267.70831459181187 -18.804606053771842 -0.41993183 -0.83113074 1.6895723 267.7083133051811 -18.80460846435263 267.7621272066625 -18.81461391025771 74.93744852071198 50.06440080009479 5400.0 5400.0 2016.0 1 335 {-999.0 18.092 16.01179 15.119522 -999.0} sdss_psfmag_ps1 17.032026 15.72591 14.514996 11.614 63050395482927477 939014911 bright_1x1 openfibertargets_nov2020_34a open_fiber science 0 0 0.0 0.0 -999 ""
FIBERMAP 400 R-2C24 METROLOGY 0 0 0 1 0 0 259.6133505656943 -49.20500424585529 143.1 47.94263749837974 259.8386850302573 353.3639 84.75038 -999.0 -999.0 -999.0 -999.0 -999.0 267.7065387751246 -18.806017749548086 267.76036925740925 -18.816015949759404 74.9396168737075 50.06370292218651 -999.0 6231.0 -999.0 -1 -999 {-999.0 -999.0 -999.0 -999.0 -999.0} "" -999.0 -999.0 -999.0 -999.0 -999 -999 "" "" "" "" 0 0 0.0 0.0 -999 ""
FIBERMAP 401 R+11C3 APOGEE 1 1 0 1 0 0 -105.6791745375427 208.31638368407275 143.1 -207.79277148235786 -106.68459469313055 20.19866 73.30856 266.8809882214538 -19.911693570223793 -0.9188503 -7.7413745 0.19335942 266.88098538700694 -19.911716023019327 266.93821924542993 -19.923565991569866 76.26816448541652 51.0757539002393 16000.0 16600.0 2016.0 2 5 {-999.0 17.487522 15.281151 14.371304 -999.0} sdss_psfmag_ps1 16.363434 14.794423 13.5753 10.421 63050395476998763 1149114165 bright_12x1 mwm_bin_rv_short_rgb_apogee_12epoch mwm_bin science 0 0 0.0 0.0 -999 ""
FIBERMAP 401 R+11C3 BOSS 0 0 0 1 0 0 -105.66768732344589 207.58788272162 143.1 -207.06436398158715 -106.66957289550297 20.19866 73.30856 -999.0 -999.0 -999.0 -999.0 -999.0 266.88332734444526 -19.91167027974795 266.94052034638935 -19.923550362239382 76.26658812353057 51.081995621237866 -999.0 5400.0 -999.0 1 5 {-999.0 -999.0 -999.0 -999.0 -999.0} "" -999.0 -999.0 -999.0 -999.0 -999 -999 "" "" "" "" 0 0 0.0 0.0 -999 ""
FIBERMAP 401 R+11C3 METROLOGY 0 0 0 1 0 0 -106.30621977054494 207.9275877069834 143.1 -207.40095278847483 -107.30972076056302 20.19866 73.30856 -999.0 -999.0 -999.0 -999.0 -999.0 266.8821935972269 -19.913623527667504 266.93940396611595 -19.92549583959324 76.26869026705337 51.08487572308837 -999.0 6231.0 -999.0 -1 -999 {-999.0 -999.0 -999.0 -999.0 -999.0} "" -999.0 -999.0 -999.0 -999.0 -999 -999 "" "" "" "" 0 0 0.0 0.0 -999 ""
FIBERMAP 403 R-11C5 APOGEE 1 1 0 1 0 0 -68.93434798840227 -201.91323308265294 143.1 202.23729504698423 -67.95095966611683 64.29313 102.483025 268.2014910309303 -19.79804684365373 -1.704532 -1.4838665 0.1575132 268.20148577659717 -19.7980511474049 268.25815998276715 -19.806505054439274 75.27202244901419 54.12892909811017 16000.0 16600.0 2016.0 2 188 {-999.0 17.742088 15.1930685 14.035386 -999.0} sdss_psfmag_ps1 16.378138 14.416413 13.115191 9.545 63050395478283138 1149063272 bright_12x1 mwm_bin_rv_short_rgb_apogee_12epoch mwm_bin science 0 0 0.0 0.0 -999 ""
FIBERMAP 403 R-11C5 BOSS 0 0 0 1 0 0 -68.1847608861573 -202.06132403384436 143.1 202.3817408283429 -67.200692736339 64.29313 102.483025 -999.0 -999.0 -999.0 -999.0 -999.0 268.2020437459437 -19.795756769119908 268.2586659594516 -19.804246861331894 75.27017837004897 54.12347139152496 -999.0 5400.0 -999.0 1 385 {-999.0 -999.0 -999.0 -999.0 -999.0} "" -999.0 -999.0 -999.0 -999.0 -999 -999 "" "" "" "" 0 0 0.0 0.0 -999 ""
FIBERMAP 403 R-11C5 METROLOGY 0 0 0 1 0 0 -68.7068300963522 -202.6196429870477 143.1 202.94256430682455 -67.7200255761952 64.29313 102.483025 -999.0 -999.0 -999.0 -999.0 -999.0 268.2038585602588 -19.79734493920678 268.26049790004924 -19.80581944006951 75.26991470606126 54.13258884847164 -999.0 6231.0 -999.0 -1 -999 {-999.0 -999.0 -999.0 -999.0 -999.0} "" -999.0 -999.0 -999.0 -999.0 -999 -999 "" "" "" "" 0 0 0.0 0.0 -999 ""
FIBERMAP 405 R+10C6 APOGEE 0 0 0 1 0 0 -64.8544147969272 206.6329918540529 143.1 -206.3075760932824 -65.85377969177964 77.439514 120.544044 -999.0 -999.0 -999.0 -999.0 -999.0 266.8863459558994 -19.788225793642333 266.9432155774399 -19.800090520025687 76.17927970031621 50.71529621001173 -999.0 16600.0 -999.0 2 -999 {-999.0 -999.0 -999.0 -999.0 -999.0} "" -999.0 -999.0 -999.0 -999.0 -999 -999 "" "" "" "" 0 0 0.0 0.0 -999 ""
FIBERMAP 405 R+10C6 BOSS 1 1 0 1 0 0 -64.15032801461435 206.85027179004825 143.1 -206.52826148386103 -65.15078375227054 77.439514 120.544044 266.88565146202495 -19.786050210016178 -2.5771408 -6.6308966 -0.00624075 266.8856435184152 -19.78606944202256 266.9424665770933 -19.797973142238632 76.17831578691664 50.7068712633897 5400.0 5400.0 2016.0 1 124 {-999.0 18.981314 17.90024 17.350456 16.9268} sdss_psfmag_from_ps1dr2 18.5399 17.8357 16.904 -999.0 63050395477174331 1039964802 "" ops_std_boss_ps1dr2 ops_std standard_boss 0 0 0.0 0.0 -999 ""
FIBERMAP 405 R+10C6 METROLOGY 0 0 0 1 0 0 -64.30347879605935 206.12705930939518 143.1 -205.80434325642435 -65.30041708937343 77.439514 120.544044 -999.0 -999.0 -999.0 -999.0 -999.0 266.88791550563406 -19.78656034793417 266.9447510720818 -19.798447659113528 76.17709923650683 50.714549810301264 -999.0 6231.0 -999.0 -1 -999 {-999.0 -999.0 -999.0 -999.0 -999.0} "" -999.0 -999.0 -999.0 -999.0 -999 -999 "" "" "" "" 0 0 0.0 0.0 -999 ""
FIBERMAP 406 R-1C24 APOGEE 1 1 0 1 0 0 245.5690903107163 -24.768542250239506 143.1 23.575592923023645 245.6765697097032 319.74603 129.79694 267.6285701620291 -18.84837868287796 1.6678066 -3.9312618 0.22184396 267.6285752733598 -18.848390084963796 267.68257353015144 -18.858551093062967 75.02178586591211 49.97927259159414 16000.0 16600.0 2016.0 2 204 {-999.0 17.362717 15.409057 14.36354 -999.0} sdss_psfmag_ps1 16.340912 14.90655 13.71586 10.676 63050395482919405 1153812083 bright_1x1 mwm_galactic_core_dist_apogee_sparse mwm_galactic science 0 0 0.0 0.0 -999 ""
FIBERMAP 406 R-1C24 BOSS 0 0 0 1 0 0 245.5916607881411 -25.51019026720521 143.1 24.31709301414871 245.70273799520587 319.74603 129.79694 -999.0 -999.0 -999.0 -999.0 -999.0 267.6309916189264 -18.848256928480303 267.68494614341375 -18.85845225209468 75.02012704878479 49.98513923947172 -999.0 5400.0 -999.0 1 287 {-999.0 -999.0 -999.0 -999.0 -999.0} "" -999.0 -999.0 -999.0 -999.0 -999 -999 "" "" "" "" 0 0 0.0 0.0 -999 ""
FIBERMAP 406 R-1C24 METROLOGY 0 0 0 1 0 0 244.9310272142728 -25.153097110604755 143.1 23.963224185873916 245.04040576851645 319.74603 129.79694 -999.0 -999.0 -999.0 -999.0 -999.0 267.62984904456033 -18.850212508760933 267.68382161924046 -18.860398839388072 75.02225538968793 49.987560994820115 -999.0 6231.0 -999.0 -1 -999 {-999.0 -999.0 -999.0 -999.0 -999.0} "" -999.0 -999.0 -999.0 -999.0 -999 -999 "" "" "" "" 0 0 0.0 0.0 -999 ""
FIBERMAP 407 R-6C15 APOGEE 1 1 0 1 0 0 89.79692562086827 -125.39485737938628 143.1 124.9526098097983 90.40077687325365 227.34709 152.94382 267.9534142423358 -19.31811164975713 -3.228884 -3.6896043 0.2900808 267.95340431866146 -19.31812235094833 268.0087152481021 -19.327331675606583 75.12548102125852 52.1199311695246 16000.0 16600.0 2016.0 2 200 {-999.0 17.411303 15.268572 14.20664 -999.0} sdss_psfmag_ps1 16.264124 14.728611 13.528134 10.35 63050395478752211 1149107324 bright_12x1 mwm_bin_rv_short_rgb_apogee_12epoch mwm_bin science 0 0 0.0 0.0 -999 ""
FIBERMAP 407 R-6C15 BOSS 0 0 0 1 0 0 89.10324431418475 -125.6471195712615 143.1 125.2082251506691 89.70835562814518 227.34709 152.94382 -999.0 -999.0 -999.0 -999.0 -999.0 267.9543275297163 -19.320144593394204 268.0096000419119 -19.32938988972513 75.12627366252764 52.12801412584815 -999.0 5400.0 -999.0 1 282 {-999.0 -999.0 -999.0 -999.0 -999.0} "" -999.0 -999.0 -999.0 -999.0 -999 -999 "" "" "" "" 0 0 0.0 0.0 -999 ""
FIBERMAP 407 R-6C15 METROLOGY 0 0 0 1 0 0 89.22230532153355 -124.91544364799005 143.1 124.47600934539523 89.82385988580705 227.34709 152.94382 -999.0 -999.0 -999.0 -999.0 -999.0 267.9519807990612 -19.319791155367 268.0072652169164 -19.32903161098461 75.12764104011913 52.12114048053422 -999.0 6231.0 -999.0 -1 -999 {-999.0 -999.0 -999.0 -999.0 -999.0} "" -999.0 -999.0 -999.0 -999.0 -999 -999 "" "" "" "" 0 0 0.0 0.0 -999 ""
FIBERMAP 408 R+13C11 APOGEE 1 1 0 1 0 0 73.7306849746856 273.23775842675406 143.1 -273.58140264415323 72.40093359481236 169.30652 32.723255 266.6746023399266 -19.368272984116675 140.36612 -64.461296 16.29775 266.6750338751973 -19.368459944761387 266.7307063246861 -19.380969251218 76.02564261148115 48.89020028542693 16000.0 16600.0 2016.0 2 96 {-999.0 14.90302 13.46411 12.49394 -999.0} sdss_psfmag_from_g3xp 14.315647 13.166846 12.076795 10.088 63050395480746768 1068822769 bright_18x1 mwm_bin_rv_short_mdwarf_apogee_18epoch mwm_bin science 0 0 0.0 0.0 -999 ""
FIBERMAP 408 R+13C11 BOSS 0 0 0 1 0 0 74.42403475741119 273.478596746727 143.1 -273.8255930958121 73.09307876946303 169.30652 32.723255 -999.0 -999.0 -999.0 -999.0 -999.0 266.6743467896064 -19.3663333605253 266.7299730116173 -19.3788834506787 76.02463295152262 48.88211799740583 -999.0 5400.0 -999.0 1 170 {-999.0 -999.0 -999.0 -999.0 -999.0} "" -999.0 -999.0 -999.0 -999.0 -999 -999 "" "" "" "" 0 0 0.0 0.0 -999 ""
FIBERMAP 408 R+13C11 METROLOGY 0 0 0 1 0 0 74.2947360233196 272.7507666604849 143.1 -273.09717324809145 72.96731865251776 169.30652 32.723255 -999.0 -999.0 -999.0 -999.0 -999.0 266.67658544985005 -19.36672057516748 266.7322236480758 -19.37925395065634 76.02341531636607 48.88948103113137 -999.0 6231.0 -999.0 -1 -999 {-999.0 -999.0 -999.0 -999.0 -999.0} "" -999.0 -999.0 -999.0 -999.0 -999 -999 "" "" "" "" 0 0 0.0 0.0 -999 ""
FIBERMAP 418 R-5C2 APOGEE 0 0 0 1 0 0 -201.5053500007759 -104.9554368569581 143.1 105.92784275222594 -200.98560250236213 332.05356 110.5986 -999.0 -999.0 -999.0 -999.0 -999.0 267.890986718052 -20.20084875321336 267.9489052653091 -20.210013414402 75.75577672447551 54.58902720264763 -999.0 16600.0 -999.0 2 -999 {-999.0 -999.0 -999.0 -999.0 -999.0} "" -999.0 -999.0 -999.0 -999.0 -999 -999 "" "" "" "" 0 0 0.0 0.0 -999 ""
FIBERMAP 418 R-5C2 BOSS 1 1 0 1 0 0 -201.60091865556237 -105.67571520660994 143.1 106.6485475732391 -201.07767093249126 332.05356 110.5986 267.89337158203125 -20.20112150854088 -999.0 -999.0 -999.0 267.89337158203125 -20.201121508540883 267.9512464476309 -20.21031533826465 75.75430444830685 54.59576711068579 5400.0 5400.0 2015.5 1 454 {-999.0 -999.0 -999.0 -999.0 -999.0} "" -999.0 -999.0 -999.0 -999.0 27021603148168650 852691023 "" ops_sky_boss_fallback ops_sky sky_boss 0 0 0.0 0.0 -999 ""
FIBERMAP 418 R-5C2 METROLOGY 0 0 0 1 0 0 -202.19252832055557 -105.2508758077092 143.1 106.22660105962518 -201.67131157448665 332.05356 110.5986 -999.0 -999.0 -999.0 -999.0 -999.0 267.8920105684762 -20.2029537928353 267.9499035855056 -20.21214068199365 75.75644889940484 54.59807055097883 -999.0 6231.0 -999.0 -1 -999 {-999.0 -999.0 -999.0 -999.0 -999.0} "" -999.0 -999.0 -999.0 -999.0 -999 -999 "" "" "" "" 0 0 0.0 0.0 -999 ""
FIBERMAP 420 R+1C6 APOGEE 0 0 0 1 0 0 -173.61410758336356 13.576556936684096 143.1 -12.73336120492692 -173.67100136945572 162.2774 163.7476 -999.0 -999.0 -999.0 -999.0 -999.0 267.50835187057135 -20.118128096089176 267.5660920402495 -20.128304024900498 75.97282312873494 53.36952890228304 -999.0 16600.0 -999.0 2 -999 {-999.0 -999.0 -999.0 -999.0 -999.0} "" -999.0 -999.0 -999.0 -999.0 -999 -999 "" "" "" "" 0 0 0.0 0.0 -999 ""
FIBERMAP 420 R+1C6 BOSS 1 1 0 1 0 0 -174.24981129650496 13.987071796428678 143.1 -13.140769946957093 -174.30866426430975 162.2774 163.7476 267.5066416354794 -20.120078186211575 1.0949737 -0.30317134 0.7213255 267.5070681948216 -20.12007906551845 267.56477173035773 -20.130293442671547 75.97507133018316 53.37226624322091 5400.0 5400.0 2016.0 1 20 {-999.0 11.529041 11.081643 10.873164 -999.0} sdss_psfmag_from_g3xp 11.43177 11.069054 10.501686 9.599 63050395476734730 1068459743 bright_3x1 mwm_ob_core_boss mwm_ob science 0 0 1.430467963218689 0.0 -999 ""
FIBERMAP 420 R+1C6 METROLOGY 0 0 0 1 0 0 -173.58565187905012 14.324011610686558 143.1 -13.480915265917833 -173.64617429290718 162.2774 163.7476 -999.0 -999.0 -999.0 -999.0 -999.0 267.50596177897245 -20.118105669104835 267.56367172992293 -20.128313305449133 75.97452773729829 53.36332814329711 -999.0 6231.0 -999.0 -1 -999 {-999.0 -999.0 -999.0 -999.0 -999.0} "" -999.0 -999.0 -999.0 -999.0 -999 -999 "" "" "" "" 0 0 0.0 0.0 -999 ""
FIBERMAP 426 R+3C15 APOGEE 0 0 0 1 0 0 51.795781553930624 74.14350589360092 143.1 -74.39101521592981 51.43330551512408 128.6103 90.64905 -999.0 -999.0 -999.0 -999.0 -999.0 267.3119951722746 -19.43478917909742 267.36775855467636 -19.445633201904624 75.64540747799337 50.80983028683397 -999.0 16600.0 -999.0 2 -999 {-999.0 -999.0 -999.0 -999.0 -999.0} "" -999.0 -999.0 -999.0 -999.0 -999 -999 "" "" "" "" 0 0 0.0 0.0 -999 ""
FIBERMAP 426 R+3C15 BOSS 1 1 0 1 0 0 52.36562733674952 74.62721009895239 143.1 -74.87745965389182 52.000774535091665 128.6103 90.64905 267.31039108802196 -19.433010235473795 14.177487 5.8394146 2.843793 267.3104346919424 -19.432993299047 267.3661513635429 -19.443879892195525 75.64527764029093 50.800497235272914 5400.0 5400.0 2016.0 1 205 {-999.0 15.381337 14.187923 13.696365 -999.0} sdss_psfmag_from_g3xp 14.988073 14.191129 13.289818 11.212 63050395478680854 917172317 bright_3x1 mwm_yso_pms_boss_sagitta_edr3 mwm_yso science 0 0 0.0 0.0 -999 ""
FIBERMAP 426 R+3C15 METROLOGY 0 0 0 1 0 0 52.49976439011407 73.89070877503505 143.1 -74.14164738566038 52.13847864497282 128.6103 90.64905 -999.0 -999.0 -999.0 -999.0 -999.0 267.31278550848043 -19.43258959644548 267.36851233827406 -19.44345943339446 75.64338523678944 50.805522007195464 -999.0 6231.0 -999.0 -1 -999 {-999.0 -999.0 -999.0 -999.0 -999.0} "" -999.0 -999.0 -999.0 -999.0 -999 -999 "" "" "" "" 0 0 0.0 0.0 -999 ""
FIBERMAP 427 R+3C22 APOGEE 1 1 0 1 0 0 195.78777834404292 54.20089530982304 143.1 -55.14818349361841 195.51462215745786 225.10648 81.01819 267.37603305354133 -18.998781954753657 0.45348117 -1.8265519 0.25447705 267.37603444457733 -18.998787252417095 267.43051374274273 -19.009567188138597 75.2971283190178 49.73741324840774 16000.0 16600.0 2016.0 2 115 {-999.0 16.7408 14.671995 13.622133 -999.0} sdss_psfmag_from_g3xp 15.713373 14.2765465 13.111679 10.157 63050395482882782 1148357453 bright_12x1 mwm_bin_rv_short_rgb_apogee_12epoch mwm_bin science 0 0 0.0 0.0 -999 ""
FIBERMAP 427 R+3C22 BOSS 0 0 0 1 0 0 195.38626971552011 54.82482894215676 143.1 -55.77013643112122 195.11010656992215 225.10648 81.01819 -999.0 -999.0 -999.0 -999.0 -999.0 267.3740623554476 -18.999910997349676 267.42850324875633 -19.010735642215263 75.29929767540578 49.735356803039 -999.0 5400.0 -999.0 1 200 {-999.0 -999.0 -999.0 -999.0 -999.0} "" -999.0 -999.0 -999.0 -999.0 -999 -999 "" "" "" "" 0 0 0.0 0.0 -999 ""
FIBERMAP 427 R+3C22 METROLOGY 0 0 0 1 0 0 196.12184059582253 54.86959394193032 143.1 -55.818468599488305 195.84542213622646 225.10648 81.01819 -999.0 -999.0 -999.0 -999.0 -999.0 267.3738993195025 -18.997676389948527 267.42834563465965 -19.008490690454142 75.2978123757817 49.72869778641814 -999.0 6231.0 -999.0 -1 -999 {-999.0 -999.0 -999.0 -999.0 -999.0} "" -999.0 -999.0 -999.0 -999.0 -999 -999 "" "" "" "" 0 0 0.0 0.0 -999 ""
FIBERMAP 429 R-3C5 APOGEE 1 1 0 1 0 0 -148.652535914893 -52.13995962679535 143.1 52.85862251087008 -148.39182119519148 72.40977 50.512108 267.72033379170136 -20.042100208162182 -0.91347617 -2.1489065 0.18642454 267.72033097150046 -20.042106440770812 267.7778103377596 -20.05175055222451 75.77320409551263 53.674725414688204 16000.0 16600.0 2016.0 2 289 {-999.0 17.638542 15.239926 14.002343 -999.0} sdss_psfmag_ps1 16.342735 14.479668 13.202941 9.764 63050395476712670 1149070046 bright_12x1 mwm_bin_rv_short_rgb_apogee_12epoch mwm_bin science 0 0 0.0 0.0 -999 ""
FIBERMAP 429 R-3C5 BOSS 0 0 0 1 0 0 -148.2511513026878 -52.75269521988087 143.1 53.469378590711415 -147.98748395799558 72.40977 50.512108 -999.0 -999.0 -999.0 -999.0 -999.0 267.7223727529471 -20.040911047276833 267.7798048104178 -20.050586115766432 75.77102870085442 53.67621413155399 -999.0 5400.0 -999.0 1 474 {-999.0 -999.0 -999.0 -999.0 -999.0} "" -999.0 -999.0 -999.0 -999.0 -999 -999 "" "" "" "" 0 0 0.0 0.0 -999 ""
FIBERMAP 429 R-3C5 METROLOGY 0 0 0 1 0 0 -148.98269041937533 -52.81809749667851 143.1 53.53832740277459 -148.718667823434 72.40977 50.512108 -999.0 -999.0 -999.0 -999.0 -999.0 267.72258319956256 -20.04315066932259 267.7800341344488 -20.052814470817648 75.77234089852712 53.683593977878445 -999.0 6231.0 -999.0 -1 -999 {-999.0 -999.0 -999.0 -999.0 -999.0} "" -999.0 -999.0 -999.0 -999.0 -999 -999 "" "" "" "" 0 0 0.0 0.0 -999 ""
FIBERMAP 434 R+1C15 APOGEE 0 0 0 1 0 0 29.04340404821421 34.91592934710719 143.1 -35.05505977859073 28.87246468149875 128.42091 92.43882 -999.0 -999.0 -999.0 -999.0 -999.0 267.43833503678667 -19.503697296192318 267.4942790684785 -19.51419787961481 75.60679693571166 51.34176578139591 -999.0 16600.0 -999.0 2 -999 {-999.0 -999.0 -999.0 -999.0 -999.0} "" -999.0 -999.0 -999.0 -999.0 -999 -999 "" "" "" "" 0 0 0.0 0.0 -999 ""
FIBERMAP 434 R+1C15 BOSS 1 1 0 1 0 0 29.660764283793554 35.43555967423017 143.1 -35.57765905044628 29.487271356390476 128.42091 92.43882 267.4366329436231 -19.501737031655132 14.2723875 -10.860029 4.609985 267.4366768580449 -19.50176852967594 267.49257340951993 -19.512311715940633 75.6066613865447 51.331810459616314 5400.0 5400.0 2016.0 1 197 {-999.0 18.850412 16.86183 15.724787 -999.0} sdss_psfmag_ps1 17.819637 16.288193 15.087617 12.404 63050395478660673 1077959025 bright_flexible_2x1 mwm_snc_ext_main_boss mwm_snc science 0 0 0.0 0.0 -999 ""
FIBERMAP 434 R+1C15 METROLOGY 0 0 0 1 0 0 29.75606936167335 34.68875899739517 143.1 -34.83135952359403 29.586195480713947 128.42091 92.43882 -999.0 -999.0 -999.0 -999.0 -999.0 267.4390676924229 -19.50148380016701 267.4949747967314 -19.512010192315266 75.60481384791647 51.33720867117529 -999.0 6231.0 -999.0 -1 -999 {-999.0 -999.0 -999.0 -999.0 -999.0} "" -999.0 -999.0 -999.0 -999.0 -999 -999 "" "" "" "" 0 0 0.0 0.0 -999 ""
FIBERMAP 435 R-5C3 APOGEE 1 1 0 1 0 0 -185.91396596478978 -84.17082559841973 143.1 85.06864769532983 -185.49588666639647 74.17061 113.793724 267.82392839485163 -20.154197768498452 -7.75991 -6.7038918 0.49287978 267.8239044203017 -20.15421721221592 267.8816968988377 -20.16356666311409 75.77328452316955 54.278529977834005 16000.0 16600.0 2016.0 2 243 {-999.0 16.569983 14.817604 13.91487 -999.0} sdss_psfmag_from_g3xp 15.7736225 14.560451 13.430061 10.661 63050395476689442 1148880161 bright_12x1 mwm_bin_rv_short_rgb_apogee_12epoch mwm_bin science 0 0 0.0 0.0 -999 ""
FIBERMAP 435 R-5C3 BOSS 0 0 0 1 0 0 -185.1794654128258 -84.06195136630186 143.1 84.95621480781436 -184.7619524742723 74.17061 113.793724 -999.0 -999.0 -999.0 -999.0 -999.0 267.82361672711414 -20.15201611308277 267.88135892264404 -20.161402409133117 75.77210849089165 54.27102561334465 -999.0 5400.0 -999.0 1 500 {-999.0 -999.0 -999.0 -999.0 -999.0} "" -999.0 -999.0 -999.0 -999.0 -999 -999 "" "" "" "" 0 0 0.0 0.0 -999 ""
FIBERMAP 435 R-5C3 METROLOGY 0 0 0 1 0 0 -185.45215696130344 -84.75804488425872 143.1 85.65359556910326 -185.03125198872 74.17061 113.793724 -999.0 -999.0 -999.0 -999.0 -999.0 267.8258634843627 -20.15286345670637 267.8836201987227 -20.162233645953407 75.77104697621823 54.27923363571119 -999.0 6231.0 -999.0 -1 -999 {-999.0 -999.0 -999.0 -999.0 -999.0} "" -999.0 -999.0 -999.0 -999.0 -999 -999 "" "" "" "" 0 0 0.0 0.0 -999 ""
FIBERMAP 438 R+12C2 APOGEE 1 1 0 1 0 0 -136.3108520964799 210.96280498738543 143.1 -210.2904101973658 -137.3275285261342 339.5452 20.639553 266.87261801445277 -20.00420564225674 -0.7444271 -6.592612 0.16725561 266.8726157167156 -20.004224763223526 266.93012348257577 -20.01607497609857 76.3373801430088 51.336941217509846 16000.0 16600.0 2016.0 2 6 {-999.0 16.544184 14.691197 13.766456 -999.0} sdss_psfmag_from_g3xp 15.680927 14.394448 13.283133 10.444 63050395476978517 1148636615 bright_12x1 mwm_bin_rv_short_rgb_apogee_12epoch mwm_bin science 0 0 0.0 0.0 -999 ""
FIBERMAP 438 R+12C2 BOSS 0 0 0 1 0 0 -137.03941201346436 210.92450658830953 143.1 -210.24857831681476 -138.05586487242192 339.5452 20.639553 -999.0 -999.0 -999.0 -999.0 -999.0 266.8727679255246 -20.006397978594013 266.9302417476389 -20.01828309729294 76.33881611320423 51.344058779648094 -999.0 5400.0 -999.0 1 6 {-999.0 -999.0 -999.0 -999.0 -999.0} "" -999.0 -999.0 -999.0 -999.0 -999 -999 "" "" "" "" 0 0 0.0 0.0 -999 ""
FIBERMAP 438 R+12C2 METROLOGY 0 0 0 1 0 0 -136.69887089401539 211.60213568433034 143.1 -210.92782486406352 -137.71862969806318 339.5452 20.639553 -999.0 -999.0 -999.0 -999.0 -999.0 266.8705448818693 -20.00539292469354 266.9280275223134 -20.017273894057123 76.33963488258696 51.33490235513415 -999.0 6231.0 -999.0 -1 -999 {-999.0 -999.0 -999.0 -999.0 -999.0} "" -999.0 -999.0 -999.0 -999.0 -999 -999 "" "" "" "" 0 0 0.0 0.0 -999 ""
FIBERMAP 439 R-6C3 APOGEE 1 1 0 1 0 0 -171.78134644981083 -124.93334534774574 143.1 125.76047596780718 -171.1661916112106 297.14954 130.93716 267.95515845123987 -20.11077746812529 1.9691715 -3.8046398 0.42033792 267.9551645333831 -20.110788502961444 268.0128054757914 -20.11980779029786 75.65150364955478 54.47011759929684 16000.0 16600.0 2016.0 2 244 {-999.0 16.853525 14.967393 14.05069 -999.0} sdss_psfmag_from_g3xp 15.967506 14.673874 13.55415 10.712 63050395477632045 1148940770 bright_12x1 mwm_bin_rv_short_rgb_apogee_12epoch mwm_bin science 0 0 0.0 0.0 -999 ""
FIBERMAP 439 R-6C3 BOSS 0 0 0 1 0 0 -172.10080192345225 -125.61424716289437 143.1 126.44289274295697 -171.48232635002447 297.14954 130.93716 -999.0 -999.0 -999.0 -999.0 -999.0 267.9574337073121 -20.11174147365733 268.015032755485 -20.12079044487342 75.6505594704727 54.47862758366995 -999.0 5400.0 -999.0 1 501 {-999.0 -999.0 -999.0 -999.0 -999.0} "" -999.0 -999.0 -999.0 -999.0 -999 -999 "" "" "" "" 0 0 0.0 0.0 -999 ""
FIBERMAP 439 R-6C3 METROLOGY 0 0 0 1 0 0 -172.53037205981744 -124.98689668135937 143.1 125.81765930653204 -171.91491857338264 297.14954 130.93716 -999.0 -999.0 -999.0 -999.0 -999.0 267.95542379188373 -20.11308727095998 268.0130397299024 -20.12213099398216 75.65285235826107 54.477802486474616 -999.0 6231.0 -999.0 -1 -999 {-999.0 -999.0 -999.0 -999.0 -999.0} "" -999.0 -999.0 -999.0 -999.0 -999 -999 "" "" "" "" 0 0 0.0 0.0 -999 ""
FIBERMAP 441 R-2C4 APOGEE 0 0 0 1 0 0 -189.25063855622295 -38.65327958982321 143.1 39.56965013413741 -189.05326835187904 355.63834 122.43028 -999.0 -999.0 -999.0 -999.0 -999.0 267.6770731589174 -20.16492498442681 267.7349228000969 -20.174652615206984 75.88454206216437 53.94352799357671 -999.0 16600.0 -999.0 2 -999 {-999.0 -999.0 -999.0 -999.0 -999.0} "" -999.0 -999.0 -999.0 -999.0 -999 -999 "" "" "" "" 0 0 0.0 0.0 -999 ""
FIBERMAP 441 R-2C4 BOSS 1 1 0 1 0 0 -188.89369916422476 -39.2763075686987 143.1 40.19091374508391 -188.69332408814788 355.63834 122.43028 267.6791381835937 -20.163863224483606 -999.0 -999.0 -999.0 267.6791381835937 -20.163863224483602 267.7369410507203 -20.173621228791802 75.88243675374275 53.9454523999833 5400.0 5400.0 2015.5 1 472 {-999.0 -999.0 -999.0 -999.0 -999.0} "" -999.0 -999.0 -999.0 -999.0 27021603148172038 852691710 "" ops_sky_boss_fallback ops_sky sky_boss 0 0 0.0 0.0 -999 ""
FIBERMAP 441 R-2C4 METROLOGY 0 0 0 1 0 0 -189.63878345101097 -39.2926869384251 143.1 40.21090791853135 -189.43829031461382 355.63834 122.43028 -999.0 -999.0 -999.0 -999.0 -999.0 267.67918900584135 -20.16614634763547 267.7370108777095 -20.175893627375 75.88388207143848 53.95264694541686 -999.0 6231.0 -999.0 -1 -999 {-999.0 -999.0 -999.0 -999.0 -999.0} "" -999.0 -999.0 -999.0 -999.0 -999 -999 "" "" "" "" 0 0 0.0 0.0 -999 ""
FIBERMAP 442 R+13C12 APOGEE 1 1 0 1 0 0 103.29477727112184 237.15656574790387 143.1 -237.64554298697394 102.13858551254073 295.37473 101.11259 266.7902853443803 -19.279136111509263 -4.289893 -2.4927168 1.0492212 266.79027216293355 -19.279143341292144 266.8456649767395 -19.29137519288478 75.88575699122755 48.95211305079513 16000.0 16600.0 2016.0 2 59 {-999.0 12.466451 10.913553 10.154875 -999.0} sdss_psfmag_from_g3xp 11.806177 10.735687 9.716312 7.286 63050395480780066 1147366726 bright_12x1 mwm_bin_rv_short_rgb_apogee_12epoch mwm_bin science 0 0 0.0 0.0 -999 ""
FIBERMAP 442 R+13C12 BOSS 0 0 0 1 0 0 102.70017938272981 236.70047139366326 143.1 -237.1865868567097 101.54623168690517 295.37473 101.11259 -999.0 -999.0 -999.0 -999.0 -999.0 266.7917458732814 -19.280896982994204 266.847103612714 -19.293163199508502 75.88608715463833 48.96121994917581 -999.0 5400.0 -999.0 1 97 {-999.0 -999.0 -999.0 -999.0 -999.0} "" -999.0 -999.0 -999.0 -999.0 -999 -999 "" "" "" "" 0 0 0.0 0.0 -999 ""
FIBERMAP 442 R+13C12 METROLOGY 0 0 0 1 0 0 102.60633182584783 237.45075578307623 143.1 -237.93637698864697 101.4487481027924 295.37473 101.11259 -999.0 -999.0 -999.0 -999.0 -999.0 266.7892993211293 -19.281174251802128 266.8446695767433 -19.293435809472225 75.88788755622329 48.95526181239984 -999.0 6231.0 -999.0 -1 -999 {-999.0 -999.0 -999.0 -999.0 -999.0} "" -999.0 -999.0 -999.0 -999.0 -999 -999 "" "" "" "" 0 0 0.0 0.0 -999 ""
FIBERMAP 445 R-4C10 APOGEE 0 0 0 1 0 0 -48.31214834426424 -93.09152223157405 143.1 93.321145585609 -47.85790410793644 276.30484 96.61661 -999.0 -999.0 -999.0 -999.0 -999.0 267.85152120599815 -19.737497043789137 267.9080802069459 -19.746872220449905 75.47888755796195 53.086343895849154 -999.0 16600.0 -999.0 2 -999 {-999.0 -999.0 -999.0 -999.0 -999.0} "" -999.0 -999.0 -999.0 -999.0 -999 -999 "" "" "" "" 0 0 0.0 0.0 -999 ""
FIBERMAP 445 R-4C10 BOSS 1 1 0 1 0 0 -49.05614539992637 -93.26067691855663 143.1 93.49390189042707 -48.601041790633914 276.30484 96.61661 267.8521728515625 -19.73974208023435 -999.0 -999.0 -999.0 267.8521728515625 -19.73974208023435 267.90869449591503 -19.74915221849651 75.4799842245501 53.09464319066212 5400.0 5400.0 2015.5 1 360 {-999.0 -999.0 -999.0 -999.0 -999.0} "" -999.0 -999.0 -999.0 -999.0 27021603148178209 852693170 "" ops_sky_boss_fallback ops_sky sky_boss 0 0 0.0 0.0 -999 ""
FIBERMAP 445 R-4C10 METROLOGY 0 0 0 1 0 0 -48.82897546249249 -92.5507931435272 143.1 92.78295248762873 -48.3773284499925 276.30484 96.61661 -999.0 -999.0 -999.0 -999.0 -999.0 267.84988008032343 -19.739077207596033 267.9064126046362 -19.748482909940527 75.48113176606995 53.086925669836205 -999.0 6231.0 -999.0 -1 -999 {-999.0 -999.0 -999.0 -999.0 -999.0} "" -999.0 -999.0 -999.0 -999.0 -999 -999 "" "" "" "" 0 0 0.0 0.0 -999 ""
FIBERMAP 449 R-10C16 APOGEE 0 0 0 1 0 0 149.3255780349666 -206.88300019896042 143.1 206.1476604069997 150.32178266424353 252.5555 102.56855 -999.0 -999.0 -999.0 -999.0 -999.0 268.21254327098586 -19.137411184958257 268.2672789992199 -19.145991511941734 74.82324734472559 52.25000183434679 -999.0 16600.0 -999.0 2 -999 {-999.0 -999.0 -999.0 -999.0 -999.0} "" -999.0 -999.0 -999.0 -999.0 -999 -999 "" "" "" "" 0 0 0.0 0.0 -999 ""
FIBERMAP 449 R-10C16 BOSS 1 1 0 1 0 0 148.44803643792062 -206.75200324116483 143.1 206.02092865555466 149.44365081607015 252.5555 102.56855 268.21197645827084 -19.139990584011684 9.448881 -7.545898 3.418419 268.21220941353545 -19.140012469852078 268.2669078796041 -19.14863260638345 74.82530344104663 52.2564741776549 5400.0 5400.0 2016.0 1 333 {-999.0 14.243726 13.444022 13.091879 -999.0} sdss_psfmag_from_g3xp 14.002315 13.444562 12.726983 11.256 63050395478789831 1077959033 bright_flexible_2x1 mwm_snc_ext_main_boss mwm_snc science 0 0 0.6936205625534058 0.0 -999 ""
FIBERMAP 449 R-10C16 METROLOGY 0 0 0 1 0 0 148.99205369214255 -206.21347818323588 143.1 205.47979154080244 149.98502661693576 252.5555 102.56855 -999.0 -999.0 -999.0 -999.0 -999.0 268.2105022183223 -19.138359462687852 268.26520879832026 -19.14697325559995 74.82534770202427 52.24765628025074 -999.0 6231.0 -999.0 -1 -999 {-999.0 -999.0 -999.0 -999.0 -999.0} "" -999.0 -999.0 -999.0 -999.0 -999 -999 "" "" "" "" 0 0 0.0 0.0 -999 ""
FIBERMAP 453 R+7C19 APOGEE 0 0 0 1 0 0 207.14530007916662 136.31351295689518 143.1 -137.31166413883145 206.4730900272829 27.530909 90.382355 -999.0 -999.0 -999.0 -999.0 -999.0 267.1134635321548 -18.965206375926652 267.1678888053932 -18.97667427210116 75.44791400842529 48.94530477480998 -999.0 16600.0 -999.0 2 -999 {-999.0 -999.0 -999.0 -999.0 -999.0} "" -999.0 -999.0 -999.0 -999.0 -999 -999 "" "" "" "" 0 0 0.0 0.0 -999 ""
FIBERMAP 453 R+7C19 BOSS 1 1 0 1 0 0 207.48686015095132 135.65350849958907 143.1 -136.6533513330629 206.81783520188722 27.530909 90.382355 267.11560474938557 -18.964105631530355 -0.24994516 -3.2332118 0.37778115 267.115603982848 -18.96411500901786 267.16998468431467 -18.97561751364984 75.44577447071948 48.948025370559975 5400.0 5400.0 2016.0 1 249 {-999.0 18.315979 16.83005 16.279818 -999.0} sdss_psfmag_ps1 17.659971 16.721 15.762673 13.784 63050395482839201 945258987 bright_1x1 openfibertargets_nov2020_8 open_fiber science 0 0 0.0 0.0 -999 ""
FIBERMAP 453 R+7C19 METROLOGY 0 0 0 1 0 0 206.73537071794402 135.68784840171904 143.1 -136.68404272340155 206.0662180366916 27.530909 90.382355 -999.0 -999.0 -999.0 -999.0 -999.0 267.11544912187804 -18.96635374008029 267.16984798606813 -18.977844816048133 75.4474609041596 48.953838205477496 -999.0 6231.0 -999.0 -1 -999 {-999.0 -999.0 -999.0 -999.0 -999.0} "" -999.0 -999.0 -999.0 -999.0 -999 -999 "" "" "" "" 0 0 0.0 0.0 -999 ""
FIBERMAP 454 R+10C8 APOGEE 0 0 0 1 0 0 -11.117421002900235 176.14530312686722 143.1 -176.08223401588742 -11.971621278593338 3.1409903 40.011833 -999.0 -999.0 -999.0 -999.0 -999.0 266.98416658229394 -19.62564505949035 267.04054307198567 -19.637294072873495 76.00017424007285 50.49446760775959 -999.0 16600.0 -999.0 2 -999 {-999.0 -999.0 -999.0 -999.0 -999.0} "" -999.0 -999.0 -999.0 -999.0 -999 -999 "" "" "" "" 0 0 0.0 0.0 -999 ""
FIBERMAP 454 R+10C8 BOSS 1 1 0 1 0 0 -11.626801293991884 175.63732447750408 143.1 -175.5718098100868 -12.478510141437116 3.1409903 40.011833 266.98577021161424 -19.62714314937504 -1.1027217 -5.2576694 -0.29960662 266.9857668160322 -19.627158398524546 267.04210681577376 -19.63884021357935 76.00019775558033 50.503293731733585 5400.0 5400.0 2016.0 1 125 {-999.0 19.475471 17.822866 17.379559 -999.0} sdss_psfmag_ps1 18.464186 18.060057 16.683325 -999.0 63050395480607130 1070865618 bright_1x1 mwm_halo_distant_rrl_boss_single mwm_halo science 0 0 0.0 0.0 -999 ""
FIBERMAP 454 R+10C8 METROLOGY 0 0 0 1 0 0 -11.83730972879904 176.34842486159764 143.1 -176.28185184814228 -12.692458416149266 3.1409903 40.011833 -999.0 -999.0 -999.0 -999.0 -999.0 266.9834513200942 -19.627805431265777 267.0398051217011 -19.639482522928454 76.00219899421617 50.49894435590579 -999.0 6231.0 -999.0 -1 -999 {-999.0 -999.0 -999.0 -999.0 -999.0} "" -999.0 -999.0 -999.0 -999.0 -999 -999 "" "" "" "" 0 0 0.0 0.0 -999 ""
FIBERMAP 458 R-13C8 APOGEE 1 1 0 1 0 0 33.5104031794046 -252.74498027597872 143.1 252.56927937377213 34.73515738837563 78.8923 13.468516 268.3619134179909 -19.48686163845721 6.0934935 -14.348005 2.5093808 268.3619321652163 -19.486903252878832 268.41766277220853 -19.495014283581114 74.95332107506188 53.606405860702765 16000.0 16600.0 2016.0 2 265 {-999.0 11.9069605 11.266254 11.001898 -999.0} sdss_psfmag_from_g3xp 11.741683 11.285621 10.655439 9.508 63050395478464320 1069577113 bright_18x1 mwm_bin_rv_short_subgiant_apogee mwm_bin science 0 0 0.0 0.0 -999 ""
FIBERMAP 458 R-13C8 BOSS 0 0 0 1 0 0 33.46320272093839 -253.49115296440044 143.1 253.31564247775339 34.69158030712044 78.8923 13.468516 -999.0 -999.0 -999.0 -999.0 -999.0 268.3643678666114 -19.486993083023904 268.42005249298427 -19.495136171974227 74.951719890216 53.61252743303419 -999.0 5400.0 -999.0 1 359 {-999.0 -999.0 -999.0 -999.0 -999.0} "" -999.0 -999.0 -999.0 -999.0 -999 -999 "" "" "" "" 0 0 0.0 0.0 -999 ""
FIBERMAP 458 R-13C8 METROLOGY 0 0 0 1 0 0 32.844547149504066 -253.09710243362036 143.1 252.92461448316286 34.07104456734456 78.8923 13.468516 -999.0 -999.0 -999.0 -999.0 -999.0 268.36316398442335 -19.488875958261644 268.4188673031922 -19.497010852733837 74.95380098534432 53.6150582135071 -999.0 6231.0 -999.0 -1 -999 {-999.0 -999.0 -999.0 -999.0 -999.0} "" -999.0 -999.0 -999.0 -999.0 -999 -999 "" "" "" "" 0 0 0.0 0.0 -999 ""
FIBERMAP 461 R+11C5 APOGEE 1 1 0 1 0 0 -98.45853026380266 215.30077269827612 143.1 -214.8118383201178 -99.49821723528305 226.97633 54.23147 266.8586008628371 -19.889787008167094 1.1417514 -1.3353235 0.19327588 266.85860438439585 -19.889790881089695 266.9157772075848 -19.90170393222104 76.26831387937823 50.94775738348276 16000.0 16600.0 2016.0 2 147 {-999.0 17.159086 15.170201 14.391838 -999.0} sdss_psfmag_ps1 16.16156 14.950828 13.680863 10.726 63050395477021070 1149153869 bright_12x1 mwm_bin_rv_short_rgb_apogee_12epoch mwm_bin science 0 0 0.0 0.0 -999 ""
FIBERMAP 461 R+11C5 BOSS 0 0 0 1 0 0 -98.61106124240195 216.0022951310141 143.1 -215.51258424845597 -99.65414457687322 226.97633 54.23147 -999.0 -999.0 -999.0 -999.0 -999.0 266.8563701355747 -19.89021880339877 266.91350431815897 -19.902173790928 76.27018233489963 50.94295930173837 -999.0 5400.0 -999.0 1 150 {-999.0 -999.0 -999.0 -999.0 -999.0} "" -999.0 -999.0 -999.0 -999.0 -999 -999 "" "" "" "" 0 0 0.0 0.0 -999 ""
FIBERMAP 461 R+11C5 METROLOGY 0 0 0 1 0 0 -97.88538491567206 215.80489615395885 143.1 -215.3187169629267 -98.92754790881997 226.97633 54.23147 -999.0 -999.0 -999.0 -999.0 -999.0 266.85695105322134 -19.888053837746433 266.9140901741896 -19.89999755720459 76.2682791539147 50.937943599954906 -999.0 6231.0 -999.0 -1 -999 {-999.0 -999.0 -999.0 -999.0 -999.0} "" -999.0 -999.0 -999.0 -999.0 -999 -999 "" "" "" "" 0 0 0.0 0.0 -999 ""
FIBERMAP 462 R+11C9 APOGEE 1 1 0 1 0 0 14.834787643089566 198.94345642081663 143.1 -199.00514457024983 13.868611673359002 297.56097 103.27671 266.911252924726 -19.54689562050328 0.929474 -0.22057834 0.22309223 266.9112557854047 -19.546896260260503 266.96741295989864 -19.55875247908858 75.99437132560075 50.06335966686994 16000.0 16600.0 2016.0 2 128 {-999.0 17.342382 15.232161 14.374931 -999.0} sdss_psfmag_ps1 16.314146 14.84982 13.683479 10.666 63050395480635137 1149144522 bright_12x1 mwm_bin_rv_short_rgb_apogee_12epoch mwm_bin science 0 0 0.0 0.0 -999 ""
FIBERMAP 462 R+11C9 BOSS 0 0 0 1 0 0 14.2483843721277 198.4735289054503 143.1 -198.53239576088225 13.284519168711915 297.56097 103.27671 -999.0 -999.0 -999.0 -999.0 -999.0 266.91273745550365 -19.548633242728776 266.96885907742137 -19.560522800694738 75.99464537185912 50.07252092338172 -999.0 5400.0 -999.0 1 115 {-999.0 -999.0 -999.0 -999.0 -999.0} "" -999.0 -999.0 -999.0 -999.0 -999 -999 "" "" "" "" 0 0 0.0 0.0 -999 ""
FIBERMAP 462 R+11C9 METROLOGY 0 0 0 1 0 0 14.138030039484327 199.20328984873197 143.1 -199.26158340726968 13.170629257082524 297.56097 103.27671 -999.0 -999.0 -999.0 -999.0 -999.0 266.910360426398 -19.5489733883342 266.9664948786051 -19.560858375184456 75.99646650465755 50.06704042857825 -999.0 6231.0 -999.0 -1 -999 {-999.0 -999.0 -999.0 -999.0 -999.0} "" -999.0 -999.0 -999.0 -999.0 -999 -999 "" "" "" "" 0 0 0.0 0.0 -999 ""
FIBERMAP 465 R+5C7 APOGEE 1 1 0 1 0 0 -110.35981435280769 116.18626181648989 143.1 -115.64470600736367 -110.91791464658667 181.84808 35.180153 267.1769926806861 -19.926722398544484 -1.7306463 -1.13301 0.91579205 267.1769873415243 -19.926725684684687 267.2342179582771 -19.93780503281714 76.07535811816638 51.91738443896715 16000.0 16600.0 2016.0 2 33 {-999.0 13.230251 12.707203 12.427225 -999.0} sdss_psfmag_from_g3xp 13.106103 12.675688 12.051757 10.993 63050395477073254 975037190 "" ops_std_apogee ops_std standard_apogee 0 0 0.0 0.0 -999 ""
FIBERMAP 465 R+5C7 BOSS 0 0 0 1 0 0 -109.76384320734982 116.62803245657469 143.1 -116.08934582904905 -110.3241181266583 181.84808 35.180153 -999.0 -999.0 -999.0 -999.0 -999.0 267.1755526055049 -19.924927757021806 267.2327367144062 -19.936047475493062 76.07518050594354 51.90809585226663 -999.0 5400.0 -999.0 1 55 {-999.0 -999.0 -999.0 -999.0 -999.0} "" -999.0 -999.0 -999.0 -999.0 -999 -999 "" "" "" "" 0 0 0.0 0.0 -999 ""
FIBERMAP 465 R+5C7 METROLOGY 0 0 0 1 0 0 -109.68395754919835 115.87796474813932 143.1 -115.33970461431635 -110.24059676988432 181.84808 35.180153 -999.0 -999.0 -999.0 -999.0 -999.0 267.1779415219753 -19.924712916695096 267.2351363364413 -19.935816230653852 76.0733714153362 51.913777062068675 -999.0 6231.0 -999.0 -1 -999 {-999.0 -999.0 -999.0 -999.0 -999.0} "" -999.0 -999.0 -999.0 -999.0 -999 -999 "" "" "" "" 0 0 0.0 0.0 -999 ""
FIBERMAP 468 R-2C9 APOGEE 1 1 0 1 0 0 -111.51941177552568 -41.26286742983562 143.1 41.80189849623288 -111.31340260611168 261.00037 23.202875 267.68496496105485 -19.9297998463551 -2.3422673 -2.3833878 0.18101169 267.68495773485955 -19.929806759044574 267.7421120001461 -19.939568757376254 75.7237871312731 53.243528160944656 16000.0 16600.0 2016.0 2 300 {-999.0 17.924623 15.4311495 14.032642 -999.0} sdss_psfmag_ps1 16.572245 14.603906 13.291567 9.731 63050395476785307 1149068805 bright_12x1 mwm_bin_rv_short_rgb_apogee_12epoch mwm_bin science 0 0 0.0 0.0 -999 ""
FIBERMAP 468 R-2C9 BOSS 0 0 0 1 0 0 -111.67637598800086 -40.541354269535915 143.1 41.081184388390675 -111.4738599605484 261.00037 23.202875 -999.0 -999.0 -999.0 -999.0 -999.0 267.68269639819397 -19.93031157123858 267.7398092789323 -19.940115695779603 75.72576509980435 53.23932804473162 -999.0 5400.0 -999.0 1 496 {-999.0 -999.0 -999.0 -999.0 -999.0} "" -999.0 -999.0 -999.0 -999.0 -999 -999 "" "" "" "" 0 0 0.0 0.0 -999 ""
FIBERMAP 468 R-2C9 METROLOGY 0 0 0 1 0 0 -110.97555202284225 -40.76085930997296 143.1 41.297277193194766 -110.77200709380402 261.00037 23.202875 -999.0 -999.0 -999.0 -999.0 -999.0 267.6833918428257 -19.92820700791568 267.74051065697097 -19.937999517131775 75.72386267408167 53.234715273762674 -999.0 6231.0 -999.0 -1 -999 {-999.0 -999.0 -999.0 -999.0 -999.0} "" -999.0 -999.0 -999.0 -999.0 -999 -999 "" "" "" "" 0 0 0.0 0.0 -999 ""
FIBERMAP 470 R+2C23 APOGEE 1 1 0 1 0 0 242.63616660656757 42.44907480906627 143.1 -43.624311434820186 242.41761261906794 53.31895 67.68234 267.413649363196 -18.857648439782942 0.55284184 0.23651606 0.35065287 267.41365105758507 -18.85764775380053 267.46771321910245 -18.868363278681766 75.1720720888155 49.44543074010074 16000.0 16600.0 2016.0 2 74 {-999.0 16.722488 14.68397 13.693983 -999.0} sdss_psfmag_from_g3xp 15.717731 14.3431 13.190675 10.317 63050395482952982 1148507606 bright_12x1 mwm_bin_rv_short_rgb_apogee_12epoch mwm_bin science 0 0 0.0 0.0 -999 ""
FIBERMAP 470 R+2C23 BOSS 0 0 0 1 0 0 243.05072133409405 41.81904455681274 143.1 -42.99632550152483 242.8352032150626 53.31895 67.68234 -999.0 -999.0 -999.0 -999.0 -999.0 267.41570365790255 -18.856335911499745 267.4697195070629 -18.867086863751222 75.1698302161901 49.447210531134374 -999.0 5400.0 -999.0 1 233 {-999.0 -999.0 -999.0 -999.0 -999.0} "" -999.0 -999.0 -999.0 -999.0 -999 -999 "" "" "" "" 0 0 0.0 0.0 -999 ""
FIBERMAP 470 R+2C23 METROLOGY 0 0 0 1 0 0 242.30645949349565 41.77819571071989 143.1 -42.95186710967629 242.09117813461435 53.31895 67.68234 -999.0 -999.0 -999.0 -999.0 -999.0 267.4158147507862 -18.85854132388617 267.46984893393017 -18.869280008755307 75.17130568163033 49.453568340066454 -999.0 6231.0 -999.0 -1 -999 {-999.0 -999.0 -999.0 -999.0 -999.0} "" -999.0 -999.0 -999.0 -999.0 -999 -999 "" "" "" "" 0 0 0.0 0.0 -999 ""
FIBERMAP 472 R-1C15 APOGEE 0 0 0 1 0 0 36.19473400114939 -28.84061925208544 143.1 28.66348476135803 36.332814174145675 255.11621 144.70561 -999.0 -999.0 -999.0 -999.0 -999.0 267.6436713108901 -19.48158554532679 267.69951540101533 -19.491559206166787 75.45064143938153 51.80767470824935 -999.0 16600.0 -999.0 2 -999 {-999.0 -999.0 -999.0 -999.0 -999.0} "" -999.0 -999.0 -999.0 -999.0 -999 -999 "" "" "" "" 0 0 0.0 0.0 -999 ""
FIBERMAP 472 R-1C15 BOSS 1 1 0 1 0 0 35.609991381358896 -29.30689967063901 143.1 29.13257860414033 35.75036453651524 255.11621 144.70561 267.64525934774895 -19.48329307096644 -5.901917 -1.2363077 1.9518108 267.64524119033166 -19.48329665670667 267.701047053668 -19.493303901216983 75.45078271938293 51.81667208017548 5400.0 5400.0 2016.0 1 326 {-999.0 19.06302 16.961966 16.167202 -999.0} sdss_psfmag_ps1 17.875256 17.097027 15.379401 12.476 63050395478629659 942852300 bright_1x1 openfibertargets_nov2020_34b open_fiber science 0 0 0.0 0.0 -999 ""
FIBERMAP 472 R-1C15 METROLOGY 0 0 0 1 0 0 35.496937448546404 -28.57121585943517 143.1 28.397481496767575 35.63374642273586 255.11621 144.70561 -999.0 -999.0 -999.0 -999.0 -999.0 267.6428624169257 -19.483653514377433 267.69868186250244 -19.493656080764183 75.45264945670942 51.811620006911085 -999.0 6231.0 -999.0 -1 -999 {-999.0 -999.0 -999.0 -999.0 -999.0} "" -999.0 -999.0 -999.0 -999.0 -999 -999 "" "" "" "" 0 0 0.0 0.0 -999 ""
FIBERMAP 474 R-3C8 APOGEE 0 0 0 1 0 0 -86.15996411196711 -62.066752760580684 143.1 62.481645557479204 -85.85431343148836 0.22073437 99.819984 -999.0 -999.0 -999.0 -999.0 -999.0 267.75187572260637 -19.85270150780701 267.8087912038236 -19.862308045959466 75.62553537009833 53.18004031274131 -999.0 16600.0 -999.0 2 -999 {-999.0 -999.0 -999.0 -999.0 -999.0} "" -999.0 -999.0 -999.0 -999.0 -999 -999 "" "" "" "" 0 0 0.0 0.0 -999 ""
FIBERMAP 474 R-3C8 BOSS 1 1 0 1 0 0 -86.0406211689427 -62.874833544110395 143.1 63.28910537031995 -85.73105531414427 0.22073437 99.819984 267.75456442749845 -19.85233262262347 -0.92846614 -2.7462006 0.28968707 267.7545615644621 -19.852340587601734 267.81143202203594 -19.861976949081004 75.62346550803728 53.18572815366463 5400.0 5400.0 2016.0 1 477 {-999.0 18.616947 17.43758 16.853287 16.313261} sdss_psfmag_from_ps1dr2 18.1473 17.3578 16.4391 14.553 63050395478319936 1039965193 "" ops_std_boss_ps1dr2 ops_std standard_boss 0 0 0.0 0.0 -999 ""
FIBERMAP 474 R-3C8 METROLOGY 0 0 0 1 0 0 -86.71691872947528 -62.56605204040436 143.1 62.98362170584873 -86.40881627575703 0.22073437 99.819984 -999.0 -999.0 -999.0 -999.0 -999.0 267.7535650768723 -19.854413828364553 267.8104541316271 -19.864041885598834 75.62552897081133 53.18944585301114 -999.0 6231.0 -999.0 -1 -999 {-999.0 -999.0 -999.0 -999.0 -999.0} "" -999.0 -999.0 -999.0 -999.0 -999 -999 "" "" "" "" 0 0 0.0 0.0 -999 ""
FIBERMAP 477 R-7C14 APOGEE 1 1 0 1 0 0 86.12729476234 -149.0867960914727 143.1 148.66112940255812 86.8463052834899 315.32642 100.63591 268.029436664761 -19.328996533436474 -0.05406777 -3.6470587 0.38140184 268.02943649857775 -19.329007111230382 268.0847655977405 -19.33801686790909 75.08018371577664 52.34038607032865 16000.0 16600.0 2016.0 2 197 {-999.0 16.929388 14.915485 13.920837 -999.0} sdss_psfmag_from_g3xp 15.955697 14.55399 13.405658 10.62 63050395478749387 1148831511 bright_12x1 mwm_bin_rv_short_rgb_apogee_12epoch mwm_bin science 0 0 0.0 0.0 -999 ""
FIBERMAP 477 R-7C14 BOSS 0 0 0 1 0 0 85.7190739010452 -149.71445079411623 143.1 149.2907325716214 86.44115136190769 315.32642 100.63591 -999.0 -999.0 -999.0 -999.0 -999.0 268.0315595621964 -19.33016634315588 268.0868472149691 -19.339209156707383 75.07955264298845 52.34896702014578 -999.0 5400.0 -999.0 1 272 {-999.0 -999.0 -999.0 -999.0 -999.0} "" -999.0 -999.0 -999.0 -999.0 -999 -999 "" "" "" "" 0 0 0.0 0.0 -999 ""
FIBERMAP 477 R-7C14 METROLOGY 0 0 0 1 0 0 85.37187894009088 -149.05218465568151 143.1 148.63018554610707 86.09076061467577 315.32642 100.63591 -999.0 -999.0 -999.0 -999.0 -999.0 268.0294516102376 -19.33122496264883 268.0847553396684 -19.340261984530894 75.08171626755114 52.34675889372937 -999.0 6231.0 -999.0 -1 -999 {-999.0 -999.0 -999.0 -999.0 -999.0} "" -999.0 -999.0 -999.0 -999.0 -999 -999 "" "" "" "" 0 0 0.0 0.0 -999 ""
FIBERMAP 479 R-1C14 APOGEE 1 1 0 1 0 0 21.0938691810636 -1.348159470457377 143.1 1.245727981932673 21.09931923042518 117.18532 48.35928 267.55518450626323 -19.52766983311518 10.710785 11.900166 2.200365 267.55521746733507 -19.527635318313223 267.6112118712407 -19.53782739487662 75.54297834250026 51.71470841668139 16000.0 16600.0 2016.0 2 230 {-999.0 12.541166 11.548682 10.983353 -999.0} sdss_psfmag_from_g3xp 12.190169 11.50893 10.5928135 8.794 63050395478601017 1069796652 bright_18x1 mwm_bin_rv_short_subgiant_apogee mwm_bin science 0 0 0.0 0.0 -999 ""
FIBERMAP 479 R-1C14 BOSS 0 0 0 1 0 0 21.75912930813744 -1.6564700298631756 143.1 1.5507942875621463 21.766041044700216 117.18532 48.35928 -999.0 -999.0 -999.0 -999.0 -999.0 267.55625046420585 -19.52556104634184 267.6121957836626 -19.535788863949957 75.54090613138574 51.71130659835143 -999.0 5400.0 -999.0 1 339 {-999.0 -999.0 -999.0 -999.0 -999.0} "" -999.0 -999.0 -999.0 -999.0 -999 -999 "" "" "" "" 0 0 0.0 0.0 -999 ""
FIBERMAP 479 R-1C14 METROLOGY 0 0 0 1 0 0 21.157306750322192 -2.088628901865988 143.1 1.9858512338140286 21.166346772584994 117.18532 48.35928 -999.0 -999.0 -999.0 -999.0 -999.0 267.5576354915844 -19.527395271963012 267.6135980585219 -19.53760832896458 75.54119026910388 51.720240760580396 -999.0 6231.0 -999.0 -1 -999 {-999.0 -999.0 -999.0 -999.0 -999.0} "" -999.0 -999.0 -999.0 -999.0 -999 -999 "" "" "" "" 0 0 0.0 0.0 -999 ""
FIBERMAP 480 R+9C15 APOGEE 0 0 0 1 0 0 115.03931777192015 167.26983622190886 143.1 -167.81942426609035 114.22165551528632 205.57634 132.70947 -999.0 -999.0 -999.0 -999.0 -999.0 267.0134744793211 -19.24344071734517 267.06872732949626 -19.255102727209263 75.71222347369407 49.46022749500111 -999.0 16600.0 -999.0 2 -999 {-999.0 -999.0 -999.0 -999.0 -999.0} "" -999.0 -999.0 -999.0 -999.0 -999 -999 "" "" "" "" 0 0 0.0 0.0 -999 ""
FIBERMAP 480 R+9C15 BOSS 1 1 0 1 0 0 114.33681243522868 167.52382022111019 143.1 -168.06998608536935 113.5179540488866 205.57634 132.70947 267.01265367596625 -19.24548768481232 -1.937751 -3.2757583 0.5170887 267.01264772310907 -19.24549718570005 267.0678660128358 -19.257199629761562 75.71428517311465 49.463869082619524 5400.0 5400.0 2016.0 1 237 {-999.0 17.954638 16.80564 16.355852 -999.0} sdss_psfmag_ps1 17.544376 16.749153 15.8281975 13.993 63050395482757220 942852744 bright_1x1 openfibertargets_nov2020_34b open_fiber science 0 0 0.0 0.0 -999 ""
FIBERMAP 480 R+9C15 METROLOGY 0 0 0 1 0 0 114.92700319067177 168.00935204434614 143.1 -168.55835677412776 114.10575811928685 205.57634 132.70947 -999.0 -999.0 -999.0 -999.0 -999.0 267.01106516563436 -19.24370882012483 267.066290011723 -19.255404804635425 75.71405772938463 49.45446642538144 -999.0 6231.0 -999.0 -1 -999 {-999.0 -999.0 -999.0 -999.0 -999.0} "" -999.0 -999.0 -999.0 -999.0 -999 -999 "" "" "" "" 0 0 0.0 0.0 -999 ""
FIBERMAP 482 R+7C10 APOGEE 1 1 0 1 0 0 -29.511258786254437 146.4277053974148 143.1 -146.27691559462758 -30.220296887001368 211.58472 39.38048 267.0795419590621 -19.681544758282474 -4.986227 2.7002172 0.70606107 267.07952659989826 -19.68153692667183 267.1360518334054 -19.692925841669823 75.97421917597892 50.91785773813491 16000.0 16600.0 2016.0 2 137 {-999.0 13.923619 12.05272 11.149601 -999.0} sdss_psfmag_from_g3xp 13.045218 11.779764 10.677286 7.923 63050395477222010 1147425027 bright_12x1 mwm_bin_rv_short_rgb_apogee_12epoch mwm_bin science 0 0 0.0 0.0 -999 ""
FIBERMAP 482 R+7C10 BOSS 0 0 0 1 0 0 -29.30687275869178 147.1558379907932 143.1 -147.0060023080408 -30.0194548321809 211.58472 39.38048 -999.0 -999.0 -999.0 -999.0 -999.0 267.0771595299951 -19.680890291914103 267.1336422048074 -19.69232262772912 75.97543673802475 50.9095759015629 -999.0 5400.0 -999.0 1 132 {-999.0 -999.0 -999.0 -999.0 -999.0} "" -999.0 -999.0 -999.0 -999.0 -999 -999 "" "" "" "" 0 0 0.0 0.0 -999 ""
FIBERMAP 482 R+7C10 METROLOGY 0 0 0 1 0 0 -28.781482530532692 146.59546376804252 143.1 -146.44820664646696 -29.49137249209646 211.58472 39.38048 -999.0 -999.0 -999.0 -999.0 -999.0 267.078930934089 -19.679312484048666 267.1354203071767 -19.69073008067503 75.97312616797763 50.90962622081338 -999.0 6231.0 -999.0 -1 -999 {-999.0 -999.0 -999.0 -999.0 -999.0} "" -999.0 -999.0 -999.0 -999.0 -999 -999 "" "" "" "" 0 0 0.0 0.0 -999 ""
FIBERMAP 486 R-1C9 APOGEE 1 1 0 1 0 0 -86.48103430576822 -7.673886435042455 143.1 8.09315345915513 -86.43931789489268 77.1662 72.632805 267.57636435054434 -19.854197086201506 0.5651638 2.2493558 0.29189873 267.57636609331473 -19.854190562253354 267.63331629199854 -19.864251666742884 75.74932359593373 52.73845225542718 16000.0 16600.0 2016.0 2 279 {-999.0 17.145395 15.0893955 14.163819 -999.0} sdss_psfmag_ps1 16.117477 14.732864 13.588328 10.645 63050395476810524 1149141510 bright_12x1 mwm_bin_rv_short_rgb_apogee_12epoch mwm_bin science 0 0 0.0 0.0 -999 ""
FIBERMAP 486 R-1C9 BOSS 0 0 0 1 0 0 -85.88097268270324 -8.120892556759326 143.1 8.53722453330415 -85.83711816452598 77.1662 72.632805 -999.0 -999.0 -999.0 -999.0 -999.0 267.5778527941699 -19.85238090361662 267.63475453639694 -19.862475222729238 75.7471277680608 52.736808119285115 -999.0 5400.0 -999.0 1 458 {-999.0 -999.0 -999.0 -999.0 -999.0} "" -999.0 -999.0 -999.0 -999.0 -999 -999 "" "" "" "" 0 0 0.0 0.0 -999 ""
FIBERMAP 486 R-1C9 METROLOGY 0 0 0 1 0 0 -86.58468172935301 -8.415870128983459 143.1 8.835601704306267 -86.53935934656607 77.1662 72.632805 -999.0 -999.0 -999.0 -999.0 -999.0 267.5787986003066 -19.854531837742307 267.6357186574194 -19.864612814418454 75.74789439497506 52.74571062630946 -999.0 6231.0 -999.0 -1 -999 {-999.0 -999.0 -999.0 -999.0 -999.0} "" -999.0 -999.0 -999.0 -999.0 -999 -999 "" "" "" "" 0 0 0.0 0.0 -999 ""
FIBERMAP 491 R+1C18 APOGEE 1 1 0 1 0 0 93.12078591206942 13.331278917047499 143.1 -13.782473586430914 93.05127224354499 187.37282 144.23451 267.5075042413365 -19.309110495374235 2.084231 -2.1740785 0.24432547 267.5075106466733 -19.309116800990694 267.5628732763354 -19.31948357800637 75.42538207844821 50.958518215472914 16000.0 16600.0 2016.0 2 79 {-999.0 16.924606 14.864138 13.808357 -999.0} sdss_psfmag_from_g3xp 15.913043 14.455766 13.29162 10.213 63050395478718531 1148407749 bright_12x1 mwm_bin_rv_short_rgb_apogee_12epoch mwm_bin science 0 0 0.0 0.0 -999 ""
FIBERMAP 491 R+1C18 BOSS 0 0 0 1 0 0 92.45897752009162 13.680447380536222 143.1 -14.128412430882852 92.38780371553078 187.37282 144.23451 -999.0 -999.0 -999.0 -999.0 -999.0 267.50642543597417 -19.311034416383734 267.56175132520843 -19.321442264645885 75.4275039097325 50.96119975652738 -999.0 5400.0 -999.0 1 240 {-999.0 -999.0 -999.0 -999.0 -999.0} "" -999.0 -999.0 -999.0 -999.0 -999 -999 "" "" "" "" 0 0 0.0 0.0 -999 ""
FIBERMAP 491 R+1C18 METROLOGY 0 0 0 1 0 0 93.10160241581482 14.076061415579467 143.1 -14.527124432753439 93.02847555323262 187.37282 144.23451 -999.0 -999.0 -999.0 -999.0 -999.0 267.50513580582 -19.309090034517194 267.5604682836798 -19.319490715587055 75.42702044081493 50.95227649189809 -999.0 6231.0 -999.0 -1 -999 {-999.0 -999.0 -999.0 -999.0 -999.0} "" -999.0 -999.0 -999.0 -999.0 -999 -999 "" "" "" "" 0 0 0.0 0.0 -999 ""
FIBERMAP 492 R-4C12 APOGEE 0 0 0 1 0 0 -12.820066267004636 -92.73219434135122 143.1 92.78960476641201 -12.36940332635478 277.6868 57.913616 -999.0 -999.0 -999.0 -999.0 -999.0 267.8499623073126 -19.629784149473913 267.9062050720223 -19.639188554199617 75.40789148141808 52.7641281229582 -999.0 16600.0 -999.0 2 -999 {-999.0 -999.0 -999.0 -999.0 -999.0} "" -999.0 -999.0 -999.0 -999.0 -999 -999 "" "" "" "" 0 0 0.0 0.0 -999 ""
FIBERMAP 492 R-4C12 BOSS 1 1 0 1 0 0 -13.516961053885536 -92.43296439062014 143.1 92.49377211202801 -13.067714097318648 277.6868 57.913616 267.84906653454397 -19.631893155736034 13.299064 6.8479304 2.7956169 267.8491074872048 -19.631873294247875 267.9053128415295 -19.641316965346974 75.40994602995349 52.76812752735768 5400.0 5400.0 2016.0 1 408 {-999.0 16.062332 14.966499 14.4844265 -999.0} sdss_psfmag_from_g3xp 15.664653 14.946001 14.097916 12.308 63050395478389890 1095775470 bright_1x1 mwm_bin_vis_boss mwm_filler science 0 0 0.0 0.0 -999 ""
FIBERMAP 492 R-4C12 METROLOGY 0 0 0 1 0 0 -12.909828495954262 -91.98960363372683 143.1 92.04748809315674 -12.462764459116196 277.6868 57.913616 -999.0 -999.0 -999.0 -999.0 -999.0 267.84766902952515 -19.63004708192778 267.90388157631605 -19.639484310660958 75.40970828432965 52.75914566044321 -999.0 6231.0 -999.0 -1 -999 {-999.0 -999.0 -999.0 -999.0 -999.0} "" -999.0 -999.0 -999.0 -999.0 -999 -999 "" "" "" "" 0 0 0.0 0.0 -999 ""
FIBERMAP 494 R+10C13 APOGEE 0 0 0 1 0 0 94.76353295379909 208.72389877978085 143.1 -209.1729487590495 93.74575738553354 88.303314 97.57099 -999.0 -999.0 -999.0 -999.0 -999.0 266.8807787358916 -19.30488444662555 266.93623239239105 -19.31687589121848 75.84407972547311 49.27504572767526 -999.0 16600.0 -999.0 2 -999 {-999.0 -999.0 -999.0 -999.0 -999.0} "" -999.0 -999.0 -999.0 -999.0 -999 -999 "" "" "" "" 0 0 0.0 0.0 -999 ""
FIBERMAP 494 R+10C13 BOSS 1 1 0 1 0 0 95.51038353455677 208.82664716458265 143.1 -209.27931604708698 94.49207069377661 88.303314 97.57099 266.880106154553 -19.30245398885324 -6.6222754 -40.645073 4.023241 266.880464871713 -19.30257187431469 266.93587172359713 -19.314603107882355 75.84270060408687 49.267529287731136 5400.0 5400.0 2016.0 1 103 {-999.0 12.618724 11.677941 11.270216 -999.0} sdss_psfmag_from_g3xp 12.311503 11.674829 10.899993 9.385 63050395480770228 1166080144 bright_1x1 openfibertargets_mwm_spyglassysos_boss open_fiber science 0 0 1.2879343032836914 0.0 -999 ""
FIBERMAP 494 R+10C13 METROLOGY 0 0 0 1 0 0 95.2171318894073 208.12913309279884 143.1 -208.5804150340565 94.2022190406371 88.303314 97.57099 -999.0 -999.0 -999.0 -999.0 -999.0 266.8826410343647 -19.30345329446983 266.9380613630159 -19.315467846859413 75.84186519765608 49.276026814710804 -999.0 6231.0 -999.0 -1 -999 {-999.0 -999.0 -999.0 -999.0 -999.0} "" -999.0 -999.0 -999.0 -999.0 -999 -999 "" "" "" "" 0 0 0.0 0.0 -999 ""
FIBERMAP 496 R-9C5 APOGEE 1 0 1 1 0 0 -99.41214051486028 -167.15866525091818 143.1 167.6324254413298 -98.59582682825626 10.0167055 169.98094 268.0636631697499 -19.907459645786062 -2.152959 -19.210882 2.8078566 268.0903661796349 -19.89108898342936 268.1473345954237 -19.899809142291797 75.41190896342071 54.13588493040703 16000.0 16600.0 2016.0 2 268 {-999.0 11.839011 11.307349 11.084804 -999.0} sdss_psfmag_from_g3xp 11.713788 11.319812 10.742912 9.679 63050395478271037 1150039328 bright_12x1 mwm_bin_rv_short_subgiant_apogee_12epoch mwm_bin science 0 0 0.0 0.0 -999 ""
FIBERMAP 496 R-9C5 BOSS 0 0 1 1 0 0 -98.65967087233803 -167.2044710406095 143.1 167.67457736894812 -97.8431738640719 10.0167055 169.98094 -999.0 -999.0 -999.0 -999.0 -999.0 268.09060318300084 -19.88880292333667 268.1475200824458 -19.89755969328976 75.41029902854385 54.12960944617237 -999.0 5400.0 -999.0 1 364 {-999.0 -999.0 -999.0 -999.0 -999.0} "" -999.0 -999.0 -999.0 -999.0 -999 -999 "" "" "" "" 0 0 0.0 0.0 -999 ""
FIBERMAP 496 R-9C5 METROLOGY 0 0 1 1 0 0 -99.07715654057083 -167.83738495615506 143.1 168.3094844377143 -98.25756659165889 10.0167055 169.98094 -999.0 -999.0 -999.0 -999.0 -999.0 268.0926520968437 -19.89007646254871 268.1495850507546 -19.898817222627127 75.40966215841252 54.13843809629873 -999.0 6231.0 -999.0 -1 -999 {-999.0 -999.0 -999.0 -999.0 -999.0} "" -999.0 -999.0 -999.0 -999.0 -999 -999 "" "" "" "" 0 0 0.0 0.0 -999 ""
FIBERMAP 499 R+7C3 APOGEE 1 1 0 1 0 0 -160.12737224738694 149.70067824693544 143.1 -148.91588146154604 -160.84553040226314 80.64843 95.27316 267.06939697265625 -20.07696178109984 -999.0 -999.0 -999.0 267.06939697265625 -20.07696178109984 267.12708801924924 -20.08828511733736 76.25147639546141 52.09276884021113 16000.0 16600.0 2015.5 2 17 {-999.0 -999.0 -999.0 -999.0 -999.0} "" -999.0 -999.0 -999.0 -999.0 27021603148172703 848963037 "" ops_sky_apogee_good ops_sky sky_apogee 0 0 0.0 0.0 -999 ""
FIBERMAP 499 R+7C3 BOSS 0 0 0 1 0 0 -159.40389017289826 149.6380534185622 143.1 -148.85677069880603 -160.12178188796227 80.64843 95.27316 -999.0 -999.0 -999.0 -999.0 -999.0 267.06960212487195 -20.07477507117051 267.1272456376304 -20.08613398895665 76.24990817952612 52.08654244532039 -999.0 5400.0 -999.0 1 27 {-999.0 -999.0 -999.0 -999.0 -999.0} "" -999.0 -999.0 -999.0 -999.0 -999 -999 "" "" "" "" 0 0 0.0 0.0 -999 ""
FIBERMAP 499 R+7C3 METROLOGY 0 0 0 1 0 0 -159.84120357671475 149.00845227194446 143.1 -148.2250800098966 -160.55601740034686 80.64843 95.27316 -999.0 -999.0 -999.0 -999.0 -999.0 267.071593956531 -20.076136855579925 267.12925279500007 -20.087480201077486 76.24943665824696 52.0960838702826 -999.0 6231.0 -999.0 -1 -999 {-999.0 -999.0 -999.0 -999.0 -999.0} "" -999.0 -999.0 -999.0 -999.0 -999 -999 "" "" "" "" 0 0 0.0 0.0 -999 ""
FIBERMAP 500 R-7C10 APOGEE 1 1 0 1 0 0 -8.997358772376016 -125.59044171061038 143.1 125.62760055116415 -8.387443361797242 56.509193 136.93329 267.9556870009116 -19.617706493740457 -17.333286 -16.554867 2.819327 267.9556336300997 -19.61775450885444 268.0118224131145 -19.626887810883424 75.32597759214525 52.99279708204478 16000.0 16600.0 2016.0 2 190 {-999.0 12.03469 11.414673 11.1371565 -999.0} sdss_psfmag_from_g3xp 11.872604 11.419375 10.786348 9.642 63050395478381765 1069529821 bright_18x1 mwm_bin_rv_short_subgiant_apogee mwm_bin science 0 0 0.0 0.0 -999 ""
FIBERMAP 500 R-7C10 BOSS 0 0 0 1 0 0 -8.30740229587526 -125.41477424223496 143.1 125.44859404350886 -7.698375064733049 56.509193 136.93329 -999.0 -999.0 -999.0 -999.0 -999.0 267.95517073406495 -19.615629758414716 268.01130903823696 -19.62480250074791 75.32493661805567 52.98541343968981 -999.0 5400.0 -999.0 1 388 {-999.0 -999.0 -999.0 -999.0 -999.0} "" -999.0 -999.0 -999.0 -999.0 -999 -999 "" "" "" "" 0 0 0.0 0.0 -999 ""
FIBERMAP 500 R-7C10 METROLOGY 0 0 0 1 0 0 -8.478056983802933 -126.12734460556024 143.1 126.16195564537719 -7.865563044792737 56.509193 136.93329 -999.0 -999.0 -999.0 -999.0 -999.0 267.9574657269106 -19.616149179355837 268.01361766590185 -19.62530516977646 75.32366186380992 52.992644603740644 -999.0 6231.0 -999.0 -1 -999 {-999.0 -999.0 -999.0 -999.0 -999.0} "" -999.0 -999.0 -999.0 -999.0 -999 -999 "" "" "" "" 0 0 0.0 0.0 -999 ""
FIBERMAP 502 R+1C22 APOGEE 1 1 0 1 0 0 195.5562666474391 40.09849585089283 143.1 -41.04539073215001 195.3515568061083 140.84515 36.34206 267.42119806398233 -18.999361996531476 4.420328 -8.612709 1.2599463 267.4212116232174 -18.99938697651297 267.47568505193874 -19.010049726579513 75.26729974536195 49.85773492650333 16000.0 16600.0 2016.0 2 81 {-999.0 14.122887 12.905275 12.320458 -999.0} sdss_psfmag_from_g3xp 13.664675 12.825457 11.920522 9.967 63050395482881745 1069525393 bright_18x1 mwm_bin_rv_short_subgiant_apogee mwm_bin science 0 0 0.0 0.0 -999 ""
FIBERMAP 502 R+1C22 BOSS 0 0 0 1 0 0 196.3210851885745 40.06046732875614 143.1 -41.01107559460948 196.116520288994 140.84515 36.34206 -999.0 -999.0 -999.0 -999.0 -999.0 267.42136306173376 -18.996986020516054 267.4757872475119 -19.00768885297602 75.26556183707658 49.851440394375004 -999.0 5400.0 -999.0 1 245 {-999.0 -999.0 -999.0 -999.0 -999.0} "" -999.0 -999.0 -999.0 -999.0 -999 -999 "" "" "" "" 0 0 0.0 0.0 -999 ""
FIBERMAP 502 R+1C22 METROLOGY 0 0 0 1 0 0 195.89934566602747 39.42969103937349 143.1 -40.37828539875941 195.6978635541305 140.84515 36.34206 -999.0 -999.0 -999.0 -999.0 -999.0 267.4233667449815 -18.998237183841688 267.47780618047966 -19.008923226934535 75.26508515427007 49.86017914028372 -999.0 6231.0 -999.0 -1 -999 {-999.0 -999.0 -999.0 -999.0 -999.0} "" -999.0 -999.0 -999.0 -999.0 -999 -999 "" "" "" "" 0 0 0.0 0.0 -999 ""
FIBERMAP 504 R+7C15 APOGEE 0 0 0 1 0 0 90.78652209688639 125.22909093022159 143.1 -125.66316469324006 90.17412558928547 238.66396 105.88974 -999.0 -999.0 -999.0 -999.0 -999.0 267.1479542619456 -19.3167194995921 267.203399329357 -19.32801605712403 75.67390087405117 50.032584145904536 -999.0 16600.0 -999.0 2 -999 {-999.0 -999.0 -999.0 -999.0 -999.0} "" -999.0 -999.0 -999.0 -999.0 -999 -999 "" "" "" "" 0 0 0.0 0.0 -999 ""
FIBERMAP 504 R+7C15 BOSS 1 1 0 1 0 0 90.07701748532259 125.43217146447692 143.1 -125.86279171788316 89.46367222836194 238.66396 105.88974 267.147273886144 -19.318800229204516 3.0319011 2.631184 0.81099945 267.147283204448 -19.31879259781547 267.2026932563797 -19.33012894035309 75.67586142976218 50.03675394105447 5400.0 5400.0 2016.0 1 195 {-999.0 17.234142 15.890111 15.382584 -999.0} sdss_psfmag_ps1 16.596258 15.793083 14.897101 13.128 63050395482683368 980272837 "" ops_std_boss_red ops_std standard_boss 0 0 0.0 0.0 -999 ""
FIBERMAP 504 R+7C15 METROLOGY 0 0 0 1 0 0 90.59997096554892 125.95345057307367 143.1 -126.38658156056243 89.98406903478806 238.66396 105.88974 -999.0 -999.0 -999.0 -999.0 -999.0 267.14558710361655 -19.31721048085546 267.2010044614294 -19.328540682514944 75.67587521546395 50.02766012850714 -999.0 6231.0 -999.0 -1 -999 {-999.0 -999.0 -999.0 -999.0 -999.0} "" -999.0 -999.0 -999.0 -999.0 -999 -999 "" "" "" "" 0 0 0.0 0.0 -999 ""
FIBERMAP 508 R-3C10 APOGEE 0 0 0 1 0 0 -59.377241094561896 -51.34219392379006 143.1 51.62767413655854 -59.125019879970026 35.244457 173.3845 -999.0 -999.0 -999.0 -999.0 -999.0 267.7170545192831 -19.771571959321356 267.7737372979574 -19.781287694821778 75.59575215377255 52.84907490161811 -999.0 16600.0 -999.0 2 -999 {-999.0 -999.0 -999.0 -999.0 -999.0} "" -999.0 -999.0 -999.0 -999.0 -999 -999 "" "" "" "" 0 0 0.0 0.0 -999 ""
FIBERMAP 508 R-3C10 BOSS 1 1 0 1 0 0 -58.707583729420456 -50.956710976724686 143.1 51.238961518347374 -58.457267809574184 35.244457 173.3845 267.7158937091575 -19.76954237158629 -3.952869 0.12324482 0.57034755 267.71588152635735 -19.76954201413117 267.7725152112282 -19.779298264413708 75.59526725808566 52.84004574797396 5400.0 5400.0 2016.0 1 494 {-999.0 17.501858 16.232876 15.766547 -999.0} sdss_psfmag_ps1 16.990112 16.222672 15.323883 13.568 63050395478350953 980272572 "" ops_std_boss_red ops_std standard_boss 0 0 0.0 0.0 -999 ""
FIBERMAP 508 R-3C10 METROLOGY 0 0 0 1 0 0 -58.73494559429993 -51.72554064301344 143.1 52.00788415689225 -58.48089737743516 35.244457 173.3845 -999.0 -999.0 -999.0 -999.0 -999.0 267.7183542276763 -19.769632467992437 267.77500000280224 -19.77937181013487 75.59358489053251 52.84657947803703 -999.0 6231.0 -999.0 -1 -999 {-999.0 -999.0 -999.0 -999.0 -999.0} "" -999.0 -999.0 -999.0 -999.0 -999 -999 "" "" "" "" 0 0 0.0 0.0 -999 ""
FIBERMAP 510 R-3C24 APOGEE 1 1 0 1 0 0 276.88938102151127 -68.0784223604996 143.1 66.7312434881784 277.2054075845246 40.321407 29.621986 267.766486547218 -18.754214815400044 -4.8107033 -5.124876 0.11531512 267.7664718120916 -18.75422967939987 267.82017220088915 -18.76405561385096 74.86283640382226 50.075830933773894 16000.0 16600.0 2016.0 2 238 {-999.0 18.889536 16.419361 14.7591505 -999.0} sdss_psfmag_ps1 17.648438 15.283917 13.908213 10.252 63050395482929538 1153812027 bright_1x1 mwm_galactic_core_dist_apogee_sparse mwm_galactic science 0 0 0.0 0.0 -999 ""
FIBERMAP 510 R-3C24 BOSS 0 0 0 1 0 0 276.6979321251108 -68.7911147950561 143.1 67.44482806248965 277.0174270649794 40.321407 29.621986 -999.0 -999.0 -999.0 -999.0 -999.0 267.7687854139346 -18.754786649390304 267.82244360237803 -18.7646474143352 74.86173078024034 50.08324965974464 -999.0 5400.0 -999.0 1 348 {-999.0 -999.0 -999.0 -999.0 -999.0} "" -999.0 -999.0 -999.0 -999.0 -999 -999 "" "" "" "" 0 0 0.0 0.0 -999 ""
FIBERMAP 510 R-3C24 METROLOGY 0 0 0 1 0 0 276.1747405730053 -68.24869500275018 143.1 66.90497523231417 276.4916304141252 40.321407 29.621986 -999.0 -999.0 -999.0 -999.0 -999.0 267.76706658502883 -18.756310086074475 267.82074180755103 -18.766163335287636 74.86394219963543 50.08300635094088 -999.0 6231.0 -999.0 -1 -999 {-999.0 -999.0 -999.0 -999.0 -999.0} "" -999.0 -999.0 -999.0 -999.0 -999 -999 "" "" "" "" 0 0 0.0 0.0 -999 ""
FIBERMAP 511 R-1C13 APOGEE 1 1 0 1 0 0 -7.886456989038999 -32.10787073754894 143.1 32.14447877129859 -7.730239613637796 285.85193 116.59908 267.65459831549896 -19.615381753080168 -4.5571136 -14.045163 1.9382917 267.65458428392276 -19.615422489150095 267.7108191285662 -19.625336562794562 75.53406932758351 52.227291406770114 16000.0 16600.0 2016.0 2 180 {-999.0 13.566345 12.746028 12.363886 -999.0} sdss_psfmag_from_g3xp 13.309674 12.733309 11.998002 10.621 63050395478569558 1069500763 bright_18x1 mwm_bin_rv_short_subgiant_apogee mwm_bin science 0 0 0.0 0.0 -999 ""
FIBERMAP 511 R-1C13 BOSS 0 0 0 1 0 0 -8.438185487082322 -32.60535405025236 143.1 32.64461368591079 -8.279525421320672 285.85193 116.59908 -999.0 -999.0 -999.0 -999.0 -999.0 267.6562583408644 -19.61706174320141 267.71245451519746 -19.627008706722908 75.53407461546543 52.236392533215735 -999.0 5400.0 -999.0 1 431 {-999.0 -999.0 -999.0 -999.0 -999.0} "" -999.0 -999.0 -999.0 -999.0 -999 -999 "" "" "" "" 0 0 0.0 0.0 -999 ""
FIBERMAP 511 R-1C13 METROLOGY 0 0 0 1 0 0 -8.595992354142215 -31.877109133574457 143.1 31.9171722593542 -8.440858053738552 285.85193 116.59908 -999.0 -999.0 -999.0 -999.0 -999.0 267.65390214683123 -19.61755847817551 267.7101124105302 -19.62750078118612 75.53602792975268 52.2318398403699 -999.0 6231.0 -999.0 -1 -999 {-999.0 -999.0 -999.0 -999.0 -999.0} "" -999.0 -999.0 -999.0 -999.0 -999 -999 "" "" "" "" 0 0 0.0 0.0 -999 ""
FIBERMAP 512 R+9C8 APOGEE 1 1 0 1 0 0 -51.223767480220616 170.61089228882616 143.1 -170.3534866629067 -52.04903456304774 228.43091 75.37368 267.00185124397063 -19.747233119067054 0.02116835 -2.6936352 0.44261372 267.0018513092026 -19.74724093158679 267.05858208225067 -19.758815860179116 76.0724549433831 50.90537323378933 16000.0 16600.0 2016.0 2 134 {-999.0 16.654163 14.772086 13.8555975 -999.0} sdss_psfmag_from_g3xp 15.77435 14.477043 13.366022 10.512 63050395477182024 1148709785 bright_12x1 mwm_bin_rv_short_rgb_apogee_12epoch mwm_bin science 0 0 0.0 0.0 -999 ""
FIBERMAP 512 R+9C8 BOSS 0 0 0 1 0 0 -51.65903348262573 171.21634756290584 143.1 -170.95679838530984 -52.487216107221734 228.43091 75.37368 -999.0 -999.0 -999.0 -999.0 -999.0 266.9998847846454 -19.748537327107215 267.0565789214098 -19.760153895107997 76.07474142636104 50.903955871016365 -999.0 5400.0 -999.0 1 129 {-999.0 -999.0 -999.0 -999.0 -999.0} "" -999.0 -999.0 -999.0 -999.0 -999 -999 "" "" "" "" 0 0 0.0 0.0 -999 ""
FIBERMAP 512 R+9C8 METROLOGY 0 0 0 1 0 0 -50.90744316287058 171.28714670162643 143.1 -171.03124108184298 -51.73600826607802 228.43091 75.37368 -999.0 -999.0 -999.0 -999.0 -999.0 266.99962275288584 -19.74627592419348 267.056321832594 -19.757883263409358 76.07334273100896 50.8964559806642 -999.0 6231.0 -999.0 -1 -999 {-999.0 -999.0 -999.0 -999.0 -999.0} "" -999.0 -999.0 -999.0 -999.0 -999 -999 "" "" "" "" 0 0 0.0 0.0 -999 ""
FIBERMAP 513 R+2C25 APOGEE 1 1 0 1 0 0 251.78816066116062 37.05320827947876 143.1 -38.273135926087555 251.59531721695654 216.0245 83.70505 267.43090460137074 -18.830096435758808 -3.4953856 -5.8174996 0.15526594 267.43089389022043 -18.830113308618756 267.4848730536873 -18.84079062475974 75.14103495034175 49.415029653169796 16000.0 16600.0 2016.0 2 108 {-999.0 17.093994 14.842459 13.563604 -999.0} sdss_psfmag_from_g3xp 15.952019 14.247891 13.015975 9.796 63050395482954255 1148069585 bright_12x1 mwm_bin_rv_short_rgb_apogee_12epoch mwm_bin science 0 0 0.0 0.0 -999 ""
FIBERMAP 513 R+2C25 BOSS 0 0 0 1 0 0 251.41104443827192 37.67151873291707 143.1 -38.88958434424641 251.2152200596025 216.0245 83.70505 -999.0 -999.0 -999.0 -999.0 -999.0 267.4289583386643 -18.831197058038263 267.48289879678225 -18.841919668157566 75.1431504746507 49.41292783876463 -999.0 5400.0 -999.0 1 184 {-999.0 -999.0 -999.0 -999.0 -999.0} "" -999.0 -999.0 -999.0 -999.0 -999 -999 "" "" "" "" 0 0 0.0 0.0 -999 ""
FIBERMAP 513 R+2C25 METROLOGY 0 0 0 1 0 0 252.16612229830213 37.69638073237748 143.1 -38.91810920380293 251.97013817845382 216.0245 83.70505 -999.0 -999.0 -999.0 -999.0 -999.0 267.4288592038818 -18.82889699061179 267.48280494620246 -18.83960891636111 75.14156636409975 49.406357896369855 -999.0 6231.0 -999.0 -1 -999 {-999.0 -999.0 -999.0 -999.0 -999.0} "" -999.0 -999.0 -999.0 -999.0 -999 -999 "" "" "" "" 0 0 0.0 0.0 -999 ""
FIBERMAP 516 R+10C9 APOGEE 0 0 0 1 0 0 -9.820444288239285 181.1317700740837 143.1 -181.07473659618918 -10.698909417206934 255.23462 92.99682 -999.0 -999.0 -999.0 -999.0 -999.0 266.96818354835295 -19.621691169832815 267.02455099507745 -19.63338251501017 76.0082298550377 50.439415111917526 -999.0 16600.0 -999.0 2 -999 {-999.0 -999.0 -999.0 -999.0 -999.0} "" -999.0 -999.0 -999.0 -999.0 -999 -999 "" "" "" "" 0 0 0.0 0.0 -999 ""
FIBERMAP 516 R+10C9 BOSS 1 1 0 1 0 0 -10.536983315444406 181.27795893282112 143.1 -181.21744075513593 -11.41612075276515 255.23462 92.99682 266.9677563346933 -19.623848840998306 -22.98046 6.7639194 26.204311 266.9676855730326 -19.623829223163572 267.0240197719927 -19.635558200119988 76.0101072341606 50.4444118806926 5400.0 5400.0 2016.0 1 126 {-999.0 22.267847 20.732512 20.122564 -999.0} sdss_psfmag_ps1 21.75756 20.58 19.718733 -999.0 63050395480608299 1132586753 dark_2x1 mwm_snc_100pc_boss mwm_snc science 0 0 0.0 0.0 -999 ""
FIBERMAP 516 R+10C9 METROLOGY 0 0 0 1 0 0 -10.055258542842658 181.84195348886553 143.1 -181.78374376416906 -10.937157803533257 255.23462 92.99682 -999.0 -999.0 -999.0 -999.0 -999.0 266.9658446108733 -19.62237757448322 267.0221853497776 -19.63410155816406 76.01032681509847 50.43510816672523 -999.0 6231.0 -999.0 -1 -999 {-999.0 -999.0 -999.0 -999.0 -999.0} "" -999.0 -999.0 -999.0 -999.0 -999 -999 "" "" "" "" 0 0 0.0 0.0 -999 ""
FIBERMAP 517 R+13C10 APOGEE 1 1 0 1 0 0 57.794049456695596 231.14937422971994 143.1 -231.41786225346266 56.669364434719164 335.62125 39.44898 266.80876480809457 -19.416724643656284 -2.4083502 1.1528164 0.21229029 266.8087574017755 -19.41672130007015 266.864549531756 -19.428873307770164 75.97126370536647 49.401011736579356 16000.0 16600.0 2016.0 2 97 {-999.0 16.709063 14.598072 13.518318 -999.0} sdss_psfmag_from_g3xp 15.662958 14.171085 12.992599 9.894 63050395480752063 1148140528 bright_12x1 mwm_bin_rv_short_rgb_apogee_12epoch mwm_bin science 0 0 0.0 0.0 -999 ""
FIBERMAP 517 R+13C10 BOSS 0 0 0 1 0 0 57.05796962119956 230.99310618780189 143.1 -231.25803034620102 55.934081027577506 335.62125 39.44898 -999.0 -999.0 -999.0 -999.0 -999.0 266.8092565828328 -19.41890366228893 266.8650150052513 -19.431091916433562 75.9725300133166 49.40874228278693 -999.0 5400.0 -999.0 1 171 {-999.0 -999.0 -999.0 -999.0 -999.0} "" -999.0 -999.0 -999.0 -999.0 -999 -999 "" "" "" "" 0 0 0.0 0.0 -999 ""
FIBERMAP 517 R+13C10 METROLOGY 0 0 0 1 0 0 57.29509467314542 231.7024485687847 143.1 -231.96848669191684 56.16775159451643 335.62125 39.44898 -999.0 -999.0 -999.0 -999.0 -999.0 266.80694559647424 -19.418186052851237 266.8627136264173 -19.430369680878066 75.97354531919876 49.400285955106256 -999.0 6231.0 -999.0 -1 -999 {-999.0 -999.0 -999.0 -999.0 -999.0} "" -999.0 -999.0 -999.0 -999.0 -999 -999 "" "" "" "" 0 0 0.0 0.0 -999 ""
FIBERMAP 519 R-5C15 APOGEE 0 0 0 1 0 0 83.14024668100855 -103.56100921826395 143.1 103.15219478936484 83.63849001614538 245.56699 162.63818 -999.0 -999.0 -999.0 -999.0 -999.0 267.88344202003805 -19.338499625452183 267.9388250420087 -19.347885463827843 75.1877102168944 52.0028881803367 -999.0 16600.0 -999.0 2 -999 {-999.0 -999.0 -999.0 -999.0 -999.0} "" -999.0 -999.0 -999.0 -999.0 -999 -999 "" "" "" "" 0 0 0.0 0.0 -999 ""
FIBERMAP 519 R-5C15 BOSS 1 1 0 1 0 0 82.67304414900421 -104.10463258742574 143.1 103.69805719451752 83.17394970087958 245.56699 162.63818 267.8850241032732 -19.339830539879234 -1.75873 -0.37493297 0.30640972 267.8852931615232 -19.33983162732085 267.9406358597843 -19.349251081483573 75.18739496422396 52.01135426817329 5400.0 5400.0 2016.0 1 281 {-999.0 13.823262 12.879072 12.395233 -999.0} sdss_psfmag_from_g3xp 13.494126 12.821754 12.0102415 10.66 63050395478746378 1093269350 bright_3x1 mwm_astar_core_boss mwm_ob science 0 0 0.9323154091835022 0.0 -999 ""
FIBERMAP 519 R-5C15 METROLOGY 0 0 0 1 0 0 82.40797269363566 -103.40845423075747 143.1 103.00320118789891 82.9055136423405 245.56699 162.63818 -999.0 -999.0 -999.0 -999.0 -999.0 267.88306037907097 -19.340644007587823 267.9384182858496 -19.350058084216478 75.18947445487306 52.00807041063655 -999.0 6231.0 -999.0 -1 -999 {-999.0 -999.0 -999.0 -999.0 -999.0} "" -999.0 -999.0 -999.0 -999.0 -999 -999 "" "" "" "" 0 0 0.0 0.0 -999 ""
FIBERMAP 520 R+1C14 APOGEE 1 1 0 1 0 0 18.861649540238144 12.360861983242076 143.1 -12.451751454329077 18.800689739002536 294.01135 139.43806 267.51090410130183 -19.534433428954614 49.063107 -22.290169 7.5569916 267.51105509315784 -19.53449807847096 267.56707738657065 -19.544802894782055 75.57803626384856 51.620698974388624 16000.0 16600.0 2016.0 2 121 {-999.0 15.886836 14.325394 13.529064 -999.0} sdss_psfmag_from_g3xp 15.213973 14.149344 13.125855 10.991 63050395478600220 1068916111 bright_18x1 mwm_bin_rv_short_mdwarf_apogee_18epoch mwm_bin science 0 0 0.0 0.0 -999 ""
FIBERMAP 520 R+1C14 BOSS 0 0 0 1 0 0 18.60327318278779 11.657973302411492 143.1 -11.747645348951506 18.545737649132267 294.01135 139.43806 -999.0 -999.0 -999.0 -999.0 -999.0 267.5133565900669 -19.535228722227732 267.56933774340996 -19.54556538317579 75.57700981207624 51.628793988345194 -999.0 5400.0 -999.0 1 101 {-999.0 -999.0 -999.0 -999.0 -999.0} "" -999.0 -999.0 -999.0 -999.0 -999 -999 "" "" "" "" 0 0 0.0 0.0 -999 ""
FIBERMAP 520 R+1C14 METROLOGY 0 0 0 1 0 0 18.12067470156525 12.231904859267598 143.1 -12.319205297135937 18.06037905111779 294.01135 139.43806 -999.0 -999.0 -999.0 -999.0 -999.0 267.511496398941 -19.53670717627352 267.56749427607826 -19.54703758444843 75.57928374052494 51.62830888498223 -999.0 6231.0 -999.0 -1 -999 {-999.0 -999.0 -999.0 -999.0 -999.0} "" -999.0 -999.0 -999.0 -999.0 -999 -999 "" "" "" "" 0 0 0.0 0.0 -999 ""
FIBERMAP 521 R+12C7 APOGEE 0 0 0 1 0 0 -32.296626476138044 220.71633597079617 143.1 -220.54818340782674 -33.366018932298545 250.0339 96.90577 -999.0 -999.0 -999.0 -999.0 -999.0 266.8413531883369 -19.689521436250356 266.89793987251085 -19.701525650523973 76.14112664037795 50.29568019818794 -999.0 16600.0 -999.0 2 -999 {-999.0 -999.0 -999.0 -999.0 -999.0} "" -999.0 -999.0 -999.0 -999.0 -999 -999 "" "" "" "" 0 0 0.0 0.0 -999 ""
FIBERMAP 521 R+12C7 BOSS 1 1 0 1 0 0 -33.00583271950466 220.8891496818902 143.1 -220.71754662425008 -34.07602706542211 250.0339 96.90577 266.84080169307225 -19.691622663692307 -2.6148381 -4.7573333 0.061962426 266.8407936380318 -19.691636461685178 266.89734646560476 -19.703678635710506 76.14303186936947 50.30047258358808 5400.0 5400.0 2016.0 1 162 {-999.0 16.534466 15.796624 15.46566 -999.0} sdss_psfmag_ps1 16.247078 15.707373 14.974574 13.618 63050395480599522 1093367064 bright_3x1 mwm_astar_core_boss mwm_ob science 0 0 0.0 0.0 -999 ""
FIBERMAP 521 R+12C7 METROLOGY 0 0 0 1 0 0 -32.51728979274316 221.4310428460261 143.1 -221.26178247195418 -33.590139064170764 250.0339 96.90577 -999.0 -999.0 -999.0 -999.0 -999.0 266.8390159376634 -19.690167696507338 266.8955761141957 -19.702204336182536 76.1431916574544 50.291205507183406 -999.0 6231.0 -999.0 -1 -999 {-999.0 -999.0 -999.0 -999.0 -999.0} "" -999.0 -999.0 -999.0 -999.0 -999 -999 "" "" "" "" 0 0 0.0 0.0 -999 ""
FIBERMAP 522 R-4C13 APOGEE 0 0 0 1 0 0 39.41600421580695 -71.52135321366251 143.1 71.32637716102136 39.761033331387225 54.441235 77.97511 -999.0 -999.0 -999.0 -999.0 -999.0 267.78105413659597 -19.471441113226426 267.8368445408843 -19.4810611386185 75.34888123392626 52.12790227246137 -999.0 16600.0 -999.0 2 -999 {-999.0 -999.0 -999.0 -999.0 -999.0} "" -999.0 -999.0 -999.0 -999.0 -999 -999 "" "" "" "" 0 0 0.0 0.0 -999 ""
FIBERMAP 522 R-4C13 BOSS 1 1 0 1 0 0 39.90542207643733 -72.07710702850967 143.1 71.87972721611445 40.2531227450668 54.441235 77.97511 267.78260367642406 -19.46987825798959 -0.8261525 -3.502176 0.73631275 267.7829255927194 -19.469888415571127 267.83866759854993 -19.47954213122497 75.34658822110694 52.128132770530854 5400.0 5400.0 2016.0 1 406 {-999.0 12.839199 12.184072 11.850253 -999.0} sdss_psfmag_from_g3xp 12.6623335 12.156562 11.467406 10.229 63050395478621505 1093269332 bright_3x1 mwm_astar_core_boss mwm_ob science 0 0 1.1012552976608276 0.0 -999 ""
FIBERMAP 522 R-4C13 METROLOGY 0 0 0 1 0 0 39.19137434587233 -72.23482335202097 143.1 72.040900415344 39.539877330188716 54.441235 77.97511 -999.0 -999.0 -999.0 -999.0 -999.0 267.7834362132566 -19.472062061755366 267.8391968079377 -19.48170313076379 75.34769458117627 52.135731488189265 -999.0 6231.0 -999.0 -1 -999 {-999.0 -999.0 -999.0 -999.0 -999.0} "" -999.0 -999.0 -999.0 -999.0 -999 -999 "" "" "" "" 0 0 0.0 0.0 -999 ""
FIBERMAP 525 R+2C1 APOGEE 1 1 0 1 0 0 -249.89779588677044 43.657358295277746 143.1 -42.442425203453794 -250.09671245008292 62.092873 59.857903 267.4118374379918 -20.347998075041207 -4.954436 -6.8827076 -0.0954038 267.4118221119519 -20.348018037390467 267.4702586280504 -20.358390767065888 76.19240453876161 53.840079334113604 16000.0 16600.0 2016.0 2 4 {-999.0 19.490812 16.887074 14.68478 -999.0} sdss_psfmag_ps1 18.015396 15.310546 13.861398 9.693 63050395476540125 1153796552 bright_1x1 mwm_galactic_core_dist_apogee_sparse mwm_galactic science 0 0 0.0 0.0 -999 ""
FIBERMAP 525 R+2C1 BOSS 0 0 0 1 0 0 -249.4663855107531 43.032360034090836 143.1 -41.81955279567593 -249.66229149691108 62.092873 59.857903 -999.0 -999.0 -999.0 -999.0 -999.0 267.4138748280318 -20.346701862594408 267.47226475820776 -20.357104258217067 76.19014169582518 53.84120472525535 -999.0 5400.0 -999.0 1 4 {-999.0 -999.0 -999.0 -999.0 -999.0} "" -999.0 -999.0 -999.0 -999.0 -999 -999 "" "" "" "" 0 0 0.0 0.0 -999 ""
FIBERMAP 525 R+2C1 METROLOGY 0 0 0 1 0 0 -250.23528478936018 42.997444685670175 143.1 -41.78090803681901 -250.43098153310513 62.092873 59.857903 -999.0 -999.0 -999.0 -999.0 -999.0 267.4139737524725 -20.34906468609529 267.4723826656324 -20.35945644128461 76.1916058950897 53.84893116109777 -999.0 6231.0 -999.0 -1 -999 {-999.0 -999.0 -999.0 -999.0 -999.0} "" -999.0 -999.0 -999.0 -999.0 -999 -999 "" "" "" "" 0 0 0.0 0.0 -999 ""
FIBERMAP 526 R+6C6 APOGEE 0 0 0 1 0 0 -108.28181839977864 99.16928216444181 143.1 -98.63869124411073 -108.7574484126022 315.11414 79.78758 -999.0 -999.0 -999.0 -999.0 -999.0 267.2317983331089 -19.920500934323826 267.2890015974465 -19.93143968550923 76.03328553825379 52.04343062630795 -999.0 16600.0 -999.0 2 -999 {-999.0 -999.0 -999.0 -999.0 -999.0} "" -999.0 -999.0 -999.0 -999.0 -999 -999 "" "" "" "" 0 0 0.0 0.0 -999 ""
FIBERMAP 526 R+6C6 BOSS 1 1 0 1 0 0 -108.91322699506557 98.7444270809432 143.1 -98.21079413679198 -109.3867626332895 315.11414 79.78758 267.233213050928 -19.92244095608011 -15.860488 4.4099016 14.232724 267.2331641215703 -19.92242816575826 267.29033178907633 -19.933398943462674 76.03369999439609 52.05290659369165 5400.0 5400.0 2016.0 1 56 {-999.0 22.309713 20.544596 19.916359 -999.0} sdss_psfmag_ps1 21.367426 20.229189 19.15557 -999.0 63050395477055958 1132577078 dark_2x1 mwm_snc_100pc_boss mwm_snc science 0 0 0.0 0.0 -999 ""
FIBERMAP 526 R+6C6 METROLOGY 0 0 0 1 0 0 -108.96124177598834 99.48214330401639 143.1 -98.94823916466126 -109.43835482519998 315.11414 79.78758 -999.0 -999.0 -999.0 -999.0 -999.0 267.23076403178146 -19.92259300019106 267.2879438124181 -19.933559920877467 76.03545608888793 52.04707358300044 -999.0 6231.0 -999.0 -1 -999 {-999.0 -999.0 -999.0 -999.0 -999.0} "" -999.0 -999.0 -999.0 -999.0 -999 -999 "" "" "" "" 0 0 0.0 0.0 -999 ""
FIBERMAP 527 R0C23 APOGEE 1 1 0 1 0 0 217.4619217844588 0.5008049287045894 143.1 -1.5560509923264778 217.44823250070655 22.228846 92.940704 267.5479853487705 -18.933092785169766 -8.930542 -1.2579229 0.5056763 267.54795796546875 -18.933096433600657 267.60221664345625 -18.94344640220329 75.13556509987703 50.0041853140485 16000.0 16600.0 2016.0 2 84 {-999.0 15.902868 14.279862 13.472617 -999.0} sdss_psfmag_from_g3xp 15.193926 14.065392 13.02017 10.51 63050395482889448 1148708534 bright_12x1 mwm_bin_rv_short_rgb_apogee_12epoch mwm_bin science 0 0 0.0 0.0 -999 ""
FIBERMAP 527 R0C23 BOSS 0 0 0 1 0 0 217.81640360288455 -0.14086954734752316 143.1 -0.9161299238159941 217.80580980349293 22.228846 92.940704 -999.0 -999.0 -999.0 -999.0 -999.0 267.55005282891636 -18.93193939044373 267.6042651253654 -18.942324399272625 75.13340069904369 50.00641878787559 -999.0 5400.0 -999.0 1 257 {-999.0 -999.0 -999.0 -999.0 -999.0} "" -999.0 -999.0 -999.0 -999.0 -999 -999 "" "" "" "" 0 0 0.0 0.0 -999 ""
FIBERMAP 527 R0C23 METROLOGY 0 0 0 1 0 0 217.07125944189482 -0.1283208451999211 143.1 -0.9250620339483552 217.0606433273974 22.228846 92.940704 -999.0 -999.0 -999.0 -999.0 -999.0 267.5500054269858 -18.934161628702313 267.60423628130286 -18.94453484558963 75.13498029026195 50.01244676851053 -999.0 6231.0 -999.0 -1 -999 {-999.0 -999.0 -999.0 -999.0 -999.0} "" -999.0 -999.0 -999.0 -999.0 -999 -999 "" "" "" "" 0 0 0.0 0.0 -999 ""
FIBERMAP 529 R-10C15 APOGEE 1 1 0 1 0 0 122.65800578853762 -203.8747054539003 143.1 203.26893047211394 123.64099284898039 236.76723 99.3601 268.2037353515625 -19.21795646809234 -999.0 -999.0 -999.0 268.20373535156256 -19.21795646809234 268.25870794787136 -19.22654067989329 74.88396315947818 52.4549387331079 16000.0 16600.0 2015.5 2 228 {-999.0 -999.0 -999.0 -999.0 -999.0} "" -999.0 -999.0 -999.0 -999.0 27021603148178818 848964458 "" ops_sky_apogee_good ops_sky sky_apogee 0 0 0.0 0.0 -999 ""
FIBERMAP 529 R-10C15 BOSS 0 0 0 1 0 0 121.97879489389888 -203.58196432133894 143.1 202.97950048576396 122.96039654280384 236.76723 99.3601 -999.0 -999.0 -999.0 -999.0 -999.0 268.20289304301576 -19.219956489761444 268.25782659118033 -19.228581727611857 74.88595970362081 52.458520343444945 -999.0 5400.0 -999.0 1 330 {-999.0 -999.0 -999.0 -999.0 -999.0} "" -999.0 -999.0 -999.0 -999.0 -999 -999 "" "" "" "" 0 0 0.0 0.0 -999 ""
FIBERMAP 529 R-10C15 METROLOGY 0 0 0 1 0 0 122.58200141308957 -203.1368751859321 143.1 202.53150722965492 123.56141195827655 236.76723 99.3601 -999.0 -999.0 -999.0 -999.0 -999.0 268.2014789225788 -19.218128318273973 268.25642015851645 -19.22674651340968 74.8856890859945 52.44989474622383 -999.0 6231.0 -999.0 -1 -999 {-999.0 -999.0 -999.0 -999.0 -999.0} "" -999.0 -999.0 -999.0 -999.0 -999 -999 "" "" "" "" 0 0 0.0 0.0 -999 ""
FIBERMAP 530 R+6C5 APOGEE 1 1 0 1 0 0 -118.06632165493112 104.69251109834305 143.1 -104.1141532015258 -118.56824751136662 16.622 51.886734 267.21405681687787 -19.950101406660053 -2.6942234 -3.5526412 0.40379563 267.214048503784 -19.95011171060854 267.27134194950673 -19.961089576612352 76.06561104427693 52.086884522283995 16000.0 16600.0 2016.0 2 30 {-999.0 17.675625 15.447466 14.451989 -999.0} sdss_psfmag_ps1 16.538706 14.985353 13.789082 10.603 63050395477055008 1149135769 bright_12x1 mwm_bin_rv_short_rgb_apogee_12epoch mwm_bin science 0 0 0.0 0.0 -999 ""
FIBERMAP 530 R+6C5 BOSS 0 0 0 1 0 0 -118.32240769757863 103.99410443333923 143.1 -103.41453999407265 -118.82093115477993 16.622 51.886734 -999.0 -999.0 -999.0 -999.0 -999.0 267.2162955249466 -19.950903345716494 267.2735493584621 -19.96191134364814 76.06464607484054 52.095240134604694 -999.0 5400.0 -999.0 1 50 {-999.0 -999.0 -999.0 -999.0 -999.0} "" -999.0 -999.0 -999.0 -999.0 -999 -999 "" "" "" "" 0 0 0.0 0.0 -999 ""
FIBERMAP 530 R+6C5 METROLOGY 0 0 0 1 0 0 -118.80742519167114 104.56872587815683 143.1 -103.98677805581694 -119.30871198822251 16.622 51.886734 -999.0 -999.0 -999.0 -999.0 -999.0 267.21442151440874 -19.952393632896147 267.27169182982186 -19.96339589721371 76.0669358283044 52.09484260369737 -999.0 6231.0 -999.0 -1 -999 {-999.0 -999.0 -999.0 -999.0 -999.0} "" -999.0 -999.0 -999.0 -999.0 -999 -999 "" "" "" "" 0 0 0.0 0.0 -999 ""
FIBERMAP 531 R-4C14 APOGEE 0 0 0 1 0 0 66.36527623609268 -82.32268448858744 143.1 81.99637314572303 66.76132540772576 60.8948 21.899939 -999.0 -999.0 -999.0 -999.0 -999.0 267.81544980556316 -19.389563862705714 267.87099432692685 -19.399113922509155 75.26943820023342 51.97820788605503 -999.0 16600.0 -999.0 2 -999 {-999.0 -999.0 -999.0 -999.0 -999.0} "" -999.0 -999.0 -999.0 -999.0 -999 -999 "" "" "" "" 0 0 0.0 0.0 -999 ""
FIBERMAP 531 R-4C14 BOSS 1 1 0 1 0 0 66.3136162009242 -83.03745158456526 143.1 82.71135392415313 66.71313657953411 60.8948 21.899939 267.8178405761719 -19.389638985231286 -999.0 -999.0 -999.0 267.8178405761719 -19.38963898523129 267.87334122928314 -19.399221345478228 75.26789472708845 51.984462435263396 5400.0 5400.0 2015.5 1 270 {-999.0 -999.0 -999.0 -999.0 -999.0} "" -999.0 -999.0 -999.0 -999.0 27021603148179365 852693455 "" ops_sky_boss_fallback ops_sky sky_boss 0 0 0.0 0.0 -999 ""
FIBERMAP 531 R-4C14 METROLOGY 0 0 0 1 0 0 65.68222474409167 -82.62754326912572 143.1 82.30453076904669 66.07978866108517 60.8948 21.899939 -999.0 -999.0 -999.0 -999.0 -999.0 267.81652702292456 -19.39156305458156 267.8720459182641 -19.401137448164835 75.27009580599072 51.986685028191744 -999.0 6231.0 -999.0 -1 -999 {-999.0 -999.0 -999.0 -999.0 -999.0} "" -999.0 -999.0 -999.0 -999.0 -999 -999 "" "" "" "" 0 0 0.0 0.0 -999 ""
FIBERMAP 534 R-5C9 APOGEE 1 1 0 1 0 0 -68.73023450935078 -93.37858121513942 143.1 93.70727203941792 -68.27354012747159 166.18585 115.587074 267.85265885459324 -19.799441379298358 -0.42502066 2.3116791 0.6721842 267.8526575444275 -19.79943467458993 267.9093985713185 -19.808792416970306 75.51934351935176 53.273620786184296 16000.0 16600.0 2016.0 2 266 {-999.0 14.571778 12.996647 12.272418 -999.0} sdss_psfmag_from_g3xp 13.891614 12.842063 11.832583 9.427 63050395478329566 1147843802 bright_12x1 mwm_bin_rv_short_rgb_apogee_12epoch mwm_bin science 0 0 0.0 0.0 -999 ""
FIBERMAP 534 R-5C9 BOSS 0 0 0 1 0 0 -68.87664065164225 -92.65143813272228 143.1 92.98087706606483 -68.42346727854755 166.18585 115.587074 -999.0 -999.0 -999.0 -999.0 -999.0 267.8504121740945 -19.799888189313236 267.9071110557461 -19.80928860030706 75.52127780092184 53.26935708668998 -999.0 5400.0 -999.0 1 361 {-999.0 -999.0 -999.0 -999.0 -999.0} "" -999.0 -999.0 -999.0 -999.0 -999 -999 "" "" "" "" 0 0 0.0 0.0 -999 ""
FIBERMAP 534 R-5C9 METROLOGY 0 0 0 1 0 0 -68.15978272951403 -92.88145237045562 143.1 93.20740071647468 -67.70553028727082 166.18585 115.587074 -999.0 -999.0 -999.0 -999.0 -999.0 267.85114378811505 -19.797727629266376 267.90784860673057 -19.80711618572081 75.51931154821376 53.26473651822744 -999.0 6231.0 -999.0 -1 -999 {-999.0 -999.0 -999.0 -999.0 -999.0} "" -999.0 -999.0 -999.0 -999.0 -999 -999 "" "" "" "" 0 0 0.0 0.0 -999 ""
FIBERMAP 536 R+4C9 APOGEE 1 1 0 1 0 0 -50.07397555575954 67.85338652587728 143.1 -67.6068807121764 -50.400653407764025 19.382477 57.985558 267.33249106126186 -19.744020569655486 1.2596241 -0.97113097 0.43002164 267.3324949428209 -19.744023386287694 267.38916220888547 -19.754742216856084 75.84390701697562 51.77560854600858 16000.0 16600.0 2016.0 2 40 {-999.0 16.38516 14.687216 13.839757 -999.0} sdss_psfmag_from_g3xp 15.625937 14.442789 13.370057 10.641 63050395477126647 1069525416 bright_18x1 mwm_bin_rv_short_subgiant_apogee mwm_bin science 0 0 0.0 0.0 -999 ""
FIBERMAP 536 R+4C9 BOSS 0 0 0 1 0 0 -50.23575312955884 67.12013280072269 143.1 -66.8728798971032 -50.55886436367667 19.382477 57.985558 -999.0 -999.0 -999.0 -999.0 -999.0 267.33485961489447 -19.744506086692102 267.3914859274196 -19.755255653640422 75.84266147616829 51.78325243106872 -999.0 5400.0 -999.0 1 66 {-999.0 -999.0 -999.0 -999.0 -999.0} "" -999.0 -999.0 -999.0 -999.0 -999 -999 "" "" "" "" 0 0 0.0 0.0 -999 ""
FIBERMAP 536 R+4C9 METROLOGY 0 0 0 1 0 0 -50.78550280334545 67.63193550369475 143.1 -67.38198834520907 -51.1110691863929 19.382477 57.985558 -999.0 -999.0 -999.0 -999.0 -999.0 267.3331931216465 -19.7461905474656 267.38983655916206 -19.756933559134918 75.84494139677558 51.7839233352621 -999.0 6231.0 -999.0 -1 -999 {-999.0 -999.0 -999.0 -999.0 -999.0} "" -999.0 -999.0 -999.0 -999.0 -999 -999 "" "" "" "" 0 0 0.0 0.0 -999 ""
FIBERMAP 537 R-10C13 APOGEE 0 0 0 1 0 0 69.03461083776615 -192.29305120089734 143.1 191.94809275512958 69.9641722349808 232.8157 44.973404 -999.0 -999.0 -999.0 -999.0 -999.0 268.1681231020291 -19.380285011546718 268.22357704331455 -19.388923369061 75.01822150583081 52.82918852752931 -999.0 16600.0 -999.0 2 -999 {-999.0 -999.0 -999.0 -999.0 -999.0} "" -999.0 -999.0 -999.0 -999.0 -999 -999 "" "" "" "" 0 0 0.0 0.0 -999 ""
FIBERMAP 537 R-10C13 BOSS 1 1 0 1 0 0 68.96162984225968 -191.46582104734745 143.1 191.12125958426736 69.88718073910987 232.8157 44.973404 268.16496873027927 -19.38043935053942 -2.9563818 -6.783832 1.3408633 268.1655786740951 -19.38045902611422 268.22098871699984 -19.38914258946312 75.02017280597087 52.823448507579876 5400.0 5400.0 2016.0 1 378 {-999.0 9.554369 9.40357 9.341831 -999.0} sdss_psfmag_from_g3xp 9.577311 9.372665 8.99816 8.425 63050395478533105 1068459761 bright_3x1 mwm_ob_core_boss mwm_ob science 0 0 2.102243423461914 0.0 -999 ""
FIBERMAP 537 R-10C13 METROLOGY 0 0 0 1 0 0 69.62035541690442 -191.8278614494988 143.1 191.48008466085037 70.54762907273583 232.8157 44.973404 -999.0 -999.0 -999.0 -999.0 -999.0 268.1667362883301 -19.378461052557984 268.2221529406362 -19.38713115567888 75.01800572567129 52.82056476945854 -999.0 6231.0 -999.0 -1 -999 {-999.0 -999.0 -999.0 -999.0 -999.0} "" -999.0 -999.0 -999.0 -999.0 -999 -999 "" "" "" "" 0 0 0.0 0.0 -999 ""
FIBERMAP 538 R+13C9 APOGEE 1 1 0 1 0 0 49.296927025751714 247.53906783004638 143.1 -247.76547350914163 48.09314808682582 6.8770185 91.60679 266.75641726511674 -19.4423830123818 -2.1530504 -0.4519117 0.2562306 266.75641064286646 -19.44238432308958 266.812286102345 -19.454665972793244 76.02427154725797 49.33132784708625 16000.0 16600.0 2016.0 2 98 {-999.0 17.477324 15.283466 14.31907 -999.0} sdss_psfmag_ps1 16.328106 14.834496 13.655411 10.521 63050395480718800 1149125337 bright_12x1 mwm_bin_rv_short_rgb_apogee_12epoch mwm_bin science 0 0 0.0 0.0 -999 ""
FIBERMAP 538 R+13C9 BOSS 0 0 0 1 0 0 49.390120990128324 246.8103043876999 143.1 -247.03720003835693 48.18987367811484 6.8770185 91.60679 -999.0 -999.0 -999.0 -999.0 -999.0 266.7587568232801 -19.44206380275408 266.8145911402132 -19.454377390156328 76.02253747824015 49.33688286942669 -999.0 5400.0 -999.0 1 172 {-999.0 -999.0 -999.0 -999.0 -999.0} "" -999.0 -999.0 -999.0 -999.0 -999 -999 "" "" "" "" 0 0 0.0 0.0 -999 ""
FIBERMAP 538 R+13C9 METROLOGY 0 0 0 1 0 0 48.7263201402931 247.07175140844473 143.1 -247.29541231307215 47.52483847903884 6.8770185 91.60679 -999.0 -999.0 -999.0 -999.0 -999.0 266.7578580939216 -19.444072902140267 266.8137097212724 -19.456377594583373 76.02454365053492 49.34026382739654 -999.0 6231.0 -999.0 -1 -999 {-999.0 -999.0 -999.0 -999.0 -999.0} "" -999.0 -999.0 -999.0 -999.0 -999 -999 "" "" "" "" 0 0 0.0 0.0 -999 ""
FIBERMAP 539 R-12C10 APOGEE 0 0 0 1 0 0 31.983006513788617 -241.76233987353865 143.1 241.59461955432067 33.15454462080109 232.66013 96.532005 -999.0 -999.0 -999.0 -999.0 -999.0 268.32697154167016 -19.49171480490307 268.3827226566765 -19.499915352968213 74.98116676824247 53.53600221923432 -999.0 16600.0 -999.0 2 -999 {-999.0 -999.0 -999.0 -999.0 -999.0} "" -999.0 -999.0 -999.0 -999.0 -999 -999 "" "" "" "" 0 0 0.0 0.0 -999 ""
FIBERMAP 539 R-12C10 BOSS 1 1 0 1 0 0 31.388758691286764 -241.41739107289976 143.1 241.252572304772 32.55865364098177 232.66013 96.532005 268.3259582519531 -19.493477296946722 -999.0 -999.0 -999.0 268.3259582519531 -19.49347729694672 268.38166918796185 -19.501718361234484 74.98310818100984 53.53864199335363 5400.0 5400.0 2015.5 1 368 {-999.0 -999.0 -999.0 -999.0 -999.0} "" -999.0 -999.0 -999.0 -999.0 27021603148178515 852693244 "" ops_sky_boss_fallback ops_sky sky_boss 0 0 0.0 0.0 -999 ""
FIBERMAP 539 R-12C10 METROLOGY 0 0 0 1 0 0 31.969785189900577 -241.0144605962547 143.1 240.8468431570974 33.13769476650492 232.66013 96.532005 -999.0 -999.0 -999.0 -999.0 -999.0 268.3246892594178 -19.49173118382266 268.38040821878053 -19.49996509631384 74.98282754856454 53.530539011999224 -999.0 6231.0 -999.0 -1 -999 {-999.0 -999.0 -999.0 -999.0 -999.0} "" -999.0 -999.0 -999.0 -999.0 -999 -999 "" "" "" "" 0 0 0.0 0.0 -999 ""
FIBERMAP 540 R-12C4 APOGEE 0 0 0 1 0 0 -83.43827437207958 -238.0775466825482 143.1 238.47011908636554 -82.27864145831163 258.02365 163.71382 -999.0 -999.0 -999.0 -999.0 -999.0 268.31739316032247 -19.841029996665473 268.37417253756246 -19.849173391715663 75.21756971043101 54.53632377806116 -999.0 16600.0 -999.0 2 -999 {-999.0 -999.0 -999.0 -999.0 -999.0} "" -999.0 -999.0 -999.0 -999.0 -999 -999 "" "" "" "" 0 0 0.0 0.0 -999 ""
FIBERMAP 540 R-12C4 BOSS 1 1 0 1 0 0 -83.76827982886579 -238.74172313877224 143.1 239.13586256417986 -82.60540679677551 258.02365 163.71382 268.3195921191045 -19.841962875921336 -3.6538708 -5.1716394 0.39282367 268.3195808526925 -19.841977875552278 268.37631706717605 -19.8501523289998 75.21668151897418 54.544392097872674 5400.0 5400.0 2016.0 1 426 {-999.0 19.074759 17.602722 16.85616 16.246122} sdss_psfmag_from_ps1dr2 18.4543 17.4913 16.4589 14.351 63050395477783258 1039965004 "" ops_std_boss_ps1dr2 ops_std standard_boss 0 0 0.0 0.0 -999 ""
FIBERMAP 540 R-12C4 METROLOGY 0 0 0 1 0 0 -84.18578758058838 -238.10442083185492 143.1 238.5006192827958 -83.02598555299069 258.02365 163.71382 -999.0 -999.0 -999.0 -999.0 -999.0 268.31758183976564 -19.84328217433737 268.3743351661094 -19.85145103264782 75.21894137721728 54.54347565277112 -999.0 6231.0 -999.0 -1 -999 {-999.0 -999.0 -999.0 -999.0 -999.0} "" -999.0 -999.0 -999.0 -999.0 -999 -999 "" "" "" "" 0 0 0.0 0.0 -999 ""
FIBERMAP 541 R-13C2 APOGEE 1 1 0 1 0 0 -133.6776440741589 -271.3610561053462 143.1 271.9957005876735 -132.3538959805634 313.53796 25.552567 268.42418715463094 -19.991666096581927 -0.53557235 -4.77024 0.22705291 268.4241855016733 -19.991679932008662 268.4813890984198 -19.999511169686293 75.23841966505982 55.24149012655785 16000.0 16600.0 2016.0 2 155 {-999.0 17.967411 15.677901 14.497699 -999.0} sdss_psfmag_ps1 16.774147 15.034035 13.7805395 10.416 63050395477604994 1149113735 bright_12x1 mwm_bin_rv_short_rgb_apogee_12epoch mwm_bin science 0 0 0.0 0.0 -999 ""
FIBERMAP 541 R-13C2 BOSS 0 0 0 1 0 0 -134.39433072154722 -271.09301143570264 143.1 271.7311476432296 -133.07184625528737 313.53796 25.552567 -999.0 -999.0 -999.0 -999.0 -999.0 268.4233303305548 -19.99378849562074 268.48049432672406 -20.001657873236 75.24044615083048 55.24580515791911 -999.0 5400.0 -999.0 1 436 {-999.0 -999.0 -999.0 -999.0 -999.0} "" -999.0 -999.0 -999.0 -999.0 -999 -999 "" "" "" "" 0 0 0.0 0.0 -999 ""
FIBERMAP 541 R-13C2 METROLOGY 0 0 0 1 0 0 -133.8122204434479 -270.6298506813557 143.1 271.26518607703224 -132.4920136843433 313.53796 25.552567 -999.0 -999.0 -999.0 -999.0 -999.0 268.421900190839 -19.99208956584814 268.4790724733308 -19.999952734257068 75.2403686134694 55.23730761723198 -999.0 6231.0 -999.0 -1 -999 {-999.0 -999.0 -999.0 -999.0 -999.0} "" -999.0 -999.0 -999.0 -999.0 -999 -999 "" "" "" "" 0 0 0.0 0.0 -999 ""
FIBERMAP 542 R+1C25 APOGEE 0 0 0 1 0 0 272.2244705141322 29.38900820526841 143.1 -30.708503430335462 272.06776085548586 67.56893 80.11217 -999.0 -999.0 -999.0 -999.0 -999.0 267.455349102861 -18.76874362969597 267.5091457486194 -18.779371985754242 75.08112882704893 49.31122381361695 -999.0 16600.0 -999.0 2 -999 {-999.0 -999.0 -999.0 -999.0 -999.0} "" -999.0 -999.0 -999.0 -999.0 -999 -999 "" "" "" "" 0 0 0.0 0.0 -999 ""
FIBERMAP 542 R+1C25 BOSS 1 1 0 1 0 0 272.87812345942376 28.990159763256393 143.1 -30.31284760379873 272.72331543984114 67.56893 80.11217 267.4566650390625 -18.766751752887046 -999.0 -999.0 -999.0 267.4566650390625 -18.766751752887046 267.51041340291584 -18.777417958325213 75.07889350467472 49.309235843685364 5400.0 5400.0 2015.5 1 192 {-999.0 -999.0 -999.0 -999.0 -999.0} "" -999.0 -999.0 -999.0 -999.0 27021603148192795 852696316 "" ops_sky_boss_fallback ops_sky sky_boss 0 0 0.0 0.0 -999 ""
FIBERMAP 542 R+1C25 METROLOGY 0 0 0 1 0 0 272.1961934203896 28.641546752907445 143.1 -29.960943458076006 272.0431124131537 67.56893 80.11217 -999.0 -999.0 -999.0 -999.0 -999.0 267.45776154849875 -18.76875186821613 267.51152751038353 -18.77940320005913 75.07957171228666 49.31755997522697 -999.0 6231.0 -999.0 -1 -999 {-999.0 -999.0 -999.0 -999.0 -999.0} "" -999.0 -999.0 -999.0 -999.0 -999 -999 "" "" "" "" 0 0 0.0 0.0 -999 ""
FIBERMAP 545 R-11C6 APOGEE 1 1 0 1 0 0 -38.04365702441216 -212.46921801630353 143.1 212.64283096868837 -37.01064329813358 38.981583 75.88183 268.23482005004877 -19.704288269824588 -1.1258333 -0.120314494 0.39324185 268.2348165816316 -19.70428861878025 268.29120887328696 -19.71267810722243 75.18678785750039 53.93257757439096 16000.0 16600.0 2016.0 2 171 {-999.0 16.159838 14.259719 13.337325 -999.0} sdss_psfmag_from_g3xp 15.258426 13.960217 12.847652 10.031 63050395478415824 1148248785 bright_12x1 mwm_bin_rv_short_rgb_apogee_12epoch mwm_bin science 0 0 0.0 0.0 -999 ""
FIBERMAP 545 R-11C6 BOSS 0 0 0 1 0 0 -37.717314430780405 -213.12063480191796 143.1 213.2926303928631 -36.68115648697904 38.981583 75.88183 -999.0 -999.0 -999.0 -999.0 -999.0 268.23698935055756 -19.70325694104672 268.29333294827586 -19.711678507782224 75.18462622196584 53.93480700288393 -999.0 5400.0 -999.0 1 413 {-999.0 -999.0 -999.0 -999.0 -999.0} "" -999.0 -999.0 -999.0 -999.0 -999 -999 "" "" "" "" 0 0 0.0 0.0 -999 ""
FIBERMAP 545 R-11C6 METROLOGY 0 0 0 1 0 0 -38.452673850589605 -213.09807970610854 143.1 213.27364492498043 -37.41658728627134 38.981583 75.88183 -999.0 -999.0 -999.0 -999.0 -999.0 268.2369506965106 -19.705500514797436 268.29331371838634 -19.713911033361374 75.18611414905348 53.94131678521933 -999.0 6231.0 -999.0 -1 -999 {-999.0 -999.0 -999.0 -999.0 -999.0} "" -999.0 -999.0 -999.0 -999.0 -999 -999 "" "" "" "" 0 0 0.0 0.0 -999 ""
FIBERMAP 549 R+8C4 APOGEE 0 0 0 1 0 0 -143.3560735743041 154.195089573162 143.1 -153.49144574948463 -144.09690997594214 144.26848 152.54874 -999.0 -999.0 -999.0 -999.0 -999.0 267.0548423065276 -20.02625509916629 267.11238607383666 -20.03762792554953 76.2271795741255 51.8970879529536 -999.0 16600.0 -999.0 2 -999 {-999.0 -999.0 -999.0 -999.0 -999.0} "" -999.0 -999.0 -999.0 -999.0 -999 -999 "" "" "" "" 0 0 0.0 0.0 -999 ""
FIBERMAP 549 R+8C4 BOSS 1 1 0 1 0 0 -143.71287988542366 154.795018919743 143.1 -154.08961256986117 -144.45660907553352 144.26848 152.54874 267.05291748046875 -20.02732544840616 -999.0 -999.0 -999.0 267.05291748046875 -20.02732544840616 267.1104237369222 -20.038738797774283 76.22928619543958 51.895233695375026 5400.0 5400.0 2015.5 1 58 {-999.0 -999.0 -999.0 -999.0 -999.0} "" -999.0 -999.0 -999.0 -999.0 27021603148172766 852691850 "" ops_sky_boss_fallback ops_sky sky_boss 0 0 0.0 0.0 -999 ""
FIBERMAP 549 R+8C4 METROLOGY 0 0 0 1 0 0 -142.95173050276532 154.8243787732081 143.1 -154.12266451367208 -143.69564157502867 144.26848 152.54874 -999.0 -999.0 -999.0 -999.0 -999.0 267.0527831838159 -20.025055800859228 267.1102943797823 -20.036459890797126 76.2278235968848 51.88787449450166 -999.0 6231.0 -999.0 -1 -999 {-999.0 -999.0 -999.0 -999.0 -999.0} "" -999.0 -999.0 -999.0 -999.0 -999 -999 "" "" "" "" 0 0 0.0 0.0 -999 ""
FIBERMAP 551 R-1C12 APOGEE 0 0 0 1 0 0 -31.19435492943736 -2.4437981750327467 143.1 2.5950477087201453 -31.180880891110977 110.81353 84.1829 -999.0 -999.0 -999.0 -999.0 -999.0 267.55910762338283 -19.686425741664447 267.6155673363736 -19.69657071197855 75.64828489439967 52.19250043909693 -999.0 16600.0 -999.0 2 -999 {-999.0 -999.0 -999.0 -999.0 -999.0} "" -999.0 -999.0 -999.0 -999.0 -999 -999 "" "" "" "" 0 0 0.0 0.0 -999 ""
FIBERMAP 551 R-1C12 BOSS 1 1 0 1 0 0 -30.46192908824459 -2.2473252610623953 143.1 2.395030742650241 -30.449446390258235 110.81353 84.1829 267.55850281741226 -19.684188159210933 3.4211793 0.88865936 0.39150965 267.558513355906 -19.684185581775974 267.6149238404647 -19.694369890023633 75.64723430242795 52.18432496736968 5400.0 5400.0 2016.0 1 507 {-999.0 16.124077 14.513911 13.741087 -999.0} sdss_psfmag_from_g3xp 15.421106 14.323975 13.28902 10.826 63050395478561765 1115517166 bright_1x1 openfibertargets_mwm_sphx_boss open_fiber science 0 0 0.0 0.0 -999 ""
FIBERMAP 551 R-1C12 METROLOGY 0 0 0 1 0 0 -30.659738805099295 -2.966946162120383 143.1 3.11557429173652 -30.643753779332723 110.81353 84.1829 -999.0 -999.0 -999.0 -999.0 -999.0 267.5608244128231 -19.68479456515318 267.61724838751195 -19.694962182372194 75.64603073411878 52.19207591805946 -999.0 6231.0 -999.0 -1 -999 {-999.0 -999.0 -999.0 -999.0 -999.0} "" -999.0 -999.0 -999.0 -999.0 -999 -999 "" "" "" "" 0 0 0.0 0.0 -999 ""
FIBERMAP 553 R+3C6 APOGEE 0 0 0 1 0 0 -140.40449222084897 74.22555987201187 143.1 -73.54037951660452 -140.757415316581 99.83054 86.43637 -999.0 -999.0 -999.0 -999.0 -999.0 267.31239499070904 -20.017809618818532 267.36987182589075 -20.028516844739006 76.04302959372998 52.55282574436052 -999.0 16600.0 -999.0 2 -999 {-999.0 -999.0 -999.0 -999.0 -999.0} "" -999.0 -999.0 -999.0 -999.0 -999 -999 "" "" "" "" 0 0 0.0 0.0 -999 ""
FIBERMAP 553 R+3C6 BOSS 1 1 0 1 0 0 -139.66965831319993 74.30287425830255 143.1 -73.62125580996319 -140.02299463636191 99.83054 86.43637 267.31214757502516 -20.01560945031336 0.77118146 0.12819263 0.5117207 267.31214995551426 -20.01560907850818 267.3695784422231 -20.026353361151262 76.04177551689442 52.545428025667384 5400.0 5400.0 2016.0 1 40 {-999.0 16.292425 14.518926 13.578426 -999.0} sdss_psfmag_from_g3xp 15.424184 14.223683 13.077706 10.306 63050395476764709 916944341 bright_3x1 mwm_yso_disk_boss mwm_yso science 0 0 0.0 0.0 -999 ""
FIBERMAP 553 R+3C6 METROLOGY 0 0 0 1 0 0 -139.961907828596 73.62255301257312 143.1 -72.93955159584236 -140.3119276428272 99.83054 86.43637 -999.0 -999.0 -999.0 -999.0 -999.0 267.3143255911846 -20.016520630361274 267.371768258821 -20.027248889107636 76.04085866944764 52.553918095770655 -999.0 6231.0 -999.0 -1 -999 {-999.0 -999.0 -999.0 -999.0 -999.0} "" -999.0 -999.0 -999.0 -999.0 -999 -999 "" "" "" "" 0 0 0.0 0.0 -999 ""
FIBERMAP 555 R-12C1 APOGEE 1 1 0 1 0 0 -158.163386481153 -248.89852727140914 143.1 249.65315609161496 -156.94737399207548 287.1654 93.59895 268.3527297009964 -20.066236641067633 2.415865 -3.0320103 0.52337486 268.352737160712 -20.066245434997786 268.4101742253022 -20.074244417942104 75.33773227717128 55.296934479176066 16000.0 16600.0 2016.0 2 249 {-999.0 16.005917 14.145313 13.225767 -999.0} sdss_psfmag_from_g3xp 15.131888 13.8398695 12.720998 9.893 63050395477594153 1148139673 bright_12x1 mwm_bin_rv_short_rgb_apogee_12epoch mwm_bin science 0 0 0.0 0.0 -999 ""
FIBERMAP 555 R-12C1 BOSS 0 0 0 1 0 0 -158.85973908224318 -249.1533356406061 143.1 249.9113304409029 -157.64245403751445 287.1654 93.59895 -999.0 -999.0 -999.0 -999.0 -999.0 268.3535616747365 -20.068274893315095 268.41095882723516 -20.076307371804997 75.33849563357678 55.305046709891656 -999.0 5400.0 -999.0 1 517 {-999.0 -999.0 -999.0 -999.0 -999.0} "" -999.0 -999.0 -999.0 -999.0 -999 -999 "" "" "" "" 0 0 0.0 0.0 -999 ""
FIBERMAP 555 R-12C1 METROLOGY 0 0 0 1 0 0 -158.74051742502428 -248.4232389485209 143.1 249.1806930054694 -157.52678147480466 287.1654 93.59895 -999.0 -999.0 -999.0 -999.0 -999.0 268.35127396632424 -20.06798507404449 268.408683652851 -20.076013321071105 75.33994220332808 55.298724542742605 -999.0 6231.0 -999.0 -1 -999 {-999.0 -999.0 -999.0 -999.0 -999.0} "" -999.0 -999.0 -999.0 -999.0 -999 -999 "" "" "" "" 0 0 0.0 0.0 -999 ""
FIBERMAP 557 R+4C13 APOGEE 0 0 0 1 0 0 22.826476795282296 61.599217290930234 143.1 -61.70679747505041 22.526373988940847 292.31522 93.62308 -999.0 -999.0 -999.0 -999.0 -999.0 267.3524173429053 -19.52268222534287 267.40843148684223 -19.533401013298718 75.67860354334468 51.17261643420102 -999.0 16600.0 -999.0 2 -999 {-999.0 -999.0 -999.0 -999.0 -999.0} "" -999.0 -999.0 -999.0 -999.0 -999 -999 "" "" "" "" 0 0 0.0 0.0 -999 ""
FIBERMAP 557 R+4C13 BOSS 1 1 0 1 0 0 22.162966651522076 61.252941144894706 143.1 -61.357319458412526 21.864578563799054 292.31522 93.62308 267.353554089737 -19.524619812620703 -5.903938 -8.411855 1.0183418 267.3535359214592 -19.524644210051413 267.4095136749035 -19.535397446976297 75.67924567393679 51.18130001487677 5400.0 5400.0 2016.0 1 112 {-999.0 16.182392 15.166664 14.773701 -999.0} sdss_psfmag_ps1 15.782341 15.087473 14.261908 12.584 63050395478655823 980272594 "" ops_std_boss_red ops_std standard_boss 0 0 0.0 0.0 -999 ""
FIBERMAP 557 R+4C13 METROLOGY 0 0 0 1 0 0 22.197977440421077 62.00478698621715 143.1 -62.109296269065695 21.89593907663809 292.31522 93.62308 -999.0 -999.0 -999.0 -999.0 -999.0 267.35109700048076 -19.524549261593275 267.4070867501647 -19.535298139969207 75.68083054308869 51.17462046773602 -999.0 6231.0 -999.0 -1 -999 {-999.0 -999.0 -999.0 -999.0 -999.0} "" -999.0 -999.0 -999.0 -999.0 -999 -999 "" "" "" "" 0 0 0.0 0.0 -999 ""
FIBERMAP 558 R+4C15 APOGEE 1 1 0 1 0 0 70.8247506310308 67.146056144038 143.1 -67.48626915683293 70.49524572000915 272.31677 133.82022 267.3344912268331 -19.376958460523152 -1.4515374 -22.91667 1.8999703 267.3344867640575 -19.37702492718265 267.3900773725489 -19.387824112475666 75.59005985054307 50.70168243040733 16000.0 16600.0 2016.0 2 67 {-999.0 15.729352 14.51902 13.920268 -999.0} sdss_psfmag_from_g3xp 15.222182 14.471892 13.457283 11.239 63050395478690474 1009240239 bright_3x1 mwm_yso_pms_apogee_sagitta_edr3 mwm_yso science 0 0 0.0 0.0 -999 ""
FIBERMAP 558 R+4C15 BOSS 0 0 0 1 0 0 70.33917879444233 66.60319528546114 143.1 -66.94108008252454 70.01233335100979 272.31677 133.82022 -999.0 -999.0 -999.0 -999.0 -999.0 267.33623521791884 -19.378417640157455 267.39178761879384 -19.3892503884046 75.58989595594653 50.7103101615495 -999.0 5400.0 -999.0 1 220 {-999.0 -999.0 -999.0 -999.0 -999.0} "" -999.0 -999.0 -999.0 -999.0 -999 -999 "" "" "" "" 0 0 0.0 0.0 -999 ""
FIBERMAP 558 R+4C15 METROLOGY 0 0 0 1 0 0 70.0990714435522 67.30360789205369 143.1 -67.64029126252139 69.76883955700043 272.31677 133.82022 -999.0 -999.0 -999.0 -999.0 -999.0 267.333963842322 -19.379153405268738 267.3895306603115 -19.38998098724975 75.59193236345062 50.7064572403973 -999.0 6231.0 -999.0 -1 -999 {-999.0 -999.0 -999.0 -999.0 -999.0} "" -999.0 -999.0 -999.0 -999.0 -999 -999 "" "" "" "" 0 0 0.0 0.0 -999 ""
FIBERMAP 560 R+6C18 APOGEE 0 0 0 1 0 0 145.02338691069036 129.77808090253237 143.1 -130.47511301098532 144.38610753295674 166.24162 77.62799 -999.0 -999.0 -999.0 -999.0 -999.0 267.1337348190327 -19.15258814173375 267.18870285216167 -19.163959804394636 75.56773151377931 49.52586108070898 -999.0 16600.0 -999.0 2 -999 {-999.0 -999.0 -999.0 -999.0 -999.0} "" -999.0 -999.0 -999.0 -999.0 -999 -999 "" "" "" "" 0 0 0.0 0.0 -999 ""
FIBERMAP 560 R+6C18 BOSS 1 1 0 1 0 0 145.34595510017033 130.44365706187207 143.1 -131.1422200288062 144.7054291968731 166.24162 77.62799 267.13160389287407 -19.151533999508132 0.96728003 -0.21164829 0.45623267 267.1316068627048 -19.15153461336495 267.1865310497378 -19.162951210940633 75.56846004206422 49.5171671200588 5400.0 5400.0 2016.0 1 211 {-999.0 17.16413 15.329002 14.49117 -999.0} sdss_psfmag_ps1 16.212078 14.98555 13.894364 11.254 63050395482771376 1114391890 bright_1x1 openfibertargets_mwm_vmr_boss open_fiber science 0 0 0.0 0.0 -999 ""
FIBERMAP 560 R+6C18 METROLOGY 0 0 0 1 0 0 145.76950671843474 129.83102851142638 143.1 -130.5316785553348 145.1319317729935 166.24162 77.62799 -999.0 -999.0 -999.0 -999.0 -999.0 267.1335416895192 -19.15024219918478 267.1884734233531 -19.161642994583605 75.5662391970736 49.5186980324375 -999.0 6231.0 -999.0 -1 -999 {-999.0 -999.0 -999.0 -999.0 -999.0} "" -999.0 -999.0 -999.0 -999.0 -999 -999 "" "" "" "" 0 0 0.0 0.0 -999 ""
FIBERMAP 562 R+5C17 APOGEE 0 0 0 1 0 0 108.95195621762127 87.11958607108133 143.1 -87.64378388962213 108.52355223363045 244.90172 82.08803 -999.0 -999.0 -999.0 -999.0 -999.0 267.27032703204605 -19.261527425861463 267.3255905557187 -19.2725198240125 75.55288134866572 50.200167991470494 -999.0 16600.0 -999.0 2 -999 {-999.0 -999.0 -999.0 -999.0 -999.0} "" -999.0 -999.0 -999.0 -999.0 -999 -999 "" "" "" "" 0 0 0.0 0.0 -999 ""
FIBERMAP 562 R+5C17 BOSS 1 1 0 1 0 0 108.28907457298584 87.57107797900328 143.1 -88.09203567258866 107.85851396612347 244.90172 82.08803 267.2688679014766 -19.26345081284737 1.9400233 1.0365754 0.960561 267.2688738619665 -19.26344780640231 267.32410162469836 -19.274482304151977 75.55526020980855 50.20180968718159 5400.0 5400.0 2016.0 1 214 {-999.0 15.555446 14.704807 14.268459 -999.0} sdss_psfmag_from_g3xp 15.284925 14.66991 13.886018 12.366 63050395482678931 981659403 "" ops_std_boss_tic ops_std standard_boss 0 0 0.0 0.0 -999 ""
FIBERMAP 562 R+5C17 METROLOGY 0 0 0 1 0 0 108.97791636003141 87.86713157993157 143.1 -88.39141667060744 108.54588343669086 244.90172 82.08803 -999.0 -999.0 -999.0 -999.0 -999.0 267.26790323160066 -19.26136177221283 267.3231368285552 -19.272388299725 75.5544374185826 50.193270645430346 -999.0 6231.0 -999.0 -1 -999 {-999.0 -999.0 -999.0 -999.0 -999.0} "" -999.0 -999.0 -999.0 -999.0 -999 -999 "" "" "" "" 0 0 0.0 0.0 -999 ""
FIBERMAP 563 R-1C20 APOGEE 1 1 0 1 0 0 143.48376967149804 -29.80350475616073 143.1 29.105681610140817 143.620967549937 229.20583 140.75183 267.6457581466611 -19.156250924048045 -1.6116861 -6.350464 0.14186782 267.64575319817436 -19.156269342697925 267.7006454562239 -19.166313709048215 75.22540368185099 50.880651232995284 16000.0 16600.0 2016.0 2 226 {-999.0 17.612642 15.310595 14.223592 -999.0} sdss_psfmag_ps1 16.42178 14.754426 13.532277 10.184 63050395478839781 1149093519 bright_12x1 mwm_bin_rv_short_rgb_apogee_12epoch mwm_bin science 0 0 0.0 0.0 -999 ""
FIBERMAP 563 R-1C20 BOSS 0 0 0 1 0 0 142.7584766950097 -29.900021987441104 143.1 29.20571345522994 142.89618049206155 229.20583 140.75183 -999.0 -999.0 -999.0 -999.0 -999.0 267.6461276476592 -19.158359609275166 267.7009829256293 -19.16844186258072 75.22665532314097 50.88751552908883 -999.0 5400.0 -999.0 1 325 {-999.0 -999.0 -999.0 -999.0 -999.0} "" -999.0 -999.0 -999.0 -999.0 -999 -999 "" "" "" "" 0 0 0.0 0.0 -999 ""
FIBERMAP 563 R-1C20 METROLOGY 0 0 0 1 0 0 143.0317553314765 -29.201542411296522 143.1 28.505943910343824 143.16605548533752 229.20583 140.75183 -999.0 -999.0 -999.0 -999.0 -999.0 267.64387310812134 -19.157532191560687 267.6987385570703 -19.167609331691235 75.22759886914935 50.879386068873146 -999.0 6231.0 -999.0 -1 -999 {-999.0 -999.0 -999.0 -999.0 -999.0} "" -999.0 -999.0 -999.0 -999.0 -999 -999 "" "" "" "" 0 0 0.0 0.0 -999 ""
FIBERMAP 564 R+1C4 APOGEE 0 0 0 1 0 0 -214.97199634599474 31.159568163393335 143.1 -30.11476568982341 -215.11207347292407 83.641525 129.08363 -999.0 -999.0 -999.0 -999.0 -999.0 267.4518816770314 -20.24295325385332 267.51000040962913 -20.253246542241737 76.09504615567965 53.61267671742445 -999.0 16600.0 -999.0 2 -999 {-999.0 -999.0 -999.0 -999.0 -999.0} "" -999.0 -999.0 -999.0 -999.0 -999 -999 "" "" "" "" 0 0 0.0 0.0 -999 ""
FIBERMAP 564 R+1C4 BOSS 1 1 0 1 0 0 -214.36414382321172 31.592159860781475 143.1 -30.55028470051037 -214.50635164840196 83.641525 129.08363 267.4501656984191 -20.241143488615275 1.624288 3.052539 6.285381 267.4505160825702 -20.241134635143947 267.50858746266897 -20.251466893194998 76.09486432099416 53.60347363131558 5400.0 5400.0 2016.0 1 63 {-999.0 13.17683 12.141559 11.646832 -999.0} sdss_psfmag_from_g3xp 12.820042 12.097761 11.263558 9.565 63050395476666977 917232371 bright_3x1 mwm_yso_pms_boss_zari18pms mwm_yso science 0 0 1.1665263175964355 0.0 -999 ""
FIBERMAP 564 R+1C4 METROLOGY 0 0 0 1 0 0 -214.29214555933365 30.847636881421778 143.1 -29.80614965281667 -214.43074418430055 83.641525 129.08363 -999.0 -999.0 -999.0 -999.0 -999.0 267.4529021532708 -20.24095761917959 267.51098437729456 -20.25127388038597 76.09304947589395 53.60905680815142 -999.0 6231.0 -999.0 -1 -999 {-999.0 -999.0 -999.0 -999.0 -999.0} "" -999.0 -999.0 -999.0 -999.0 -999 -999 "" "" "" "" 0 0 0.0 0.0 -999 ""
FIBERMAP 568 R-13C13 APOGEE 1 1 0 1 0 0 122.35367691360011 -260.14286693597404 143.1 259.53565549231894 123.60973082112777 197.5979 166.53435 268.3828337116541 -19.218341752615828 0.7108685 -6.31912 2.1011536 268.38283589511275 -19.218360080356977 268.43777650252486 -19.22648010020197 74.75940051481655 52.89162963469376 16000.0 16600.0 2016.0 2 179 {-999.0 11.188769 11.064815 11.045353 -999.0} sdss_psfmag_from_g3xp 11.217772 11.035582 10.709215 10.171 63050395478979479 975037344 "" ops_std_apogee ops_std standard_apogee 0 0 0.0 0.0 -999 ""
FIBERMAP 568 R-13C13 BOSS 0 0 0 1 0 0 121.61205906344465 -260.18301994691126 143.1 259.57940525461277 122.86834621756876 197.5979 166.53435 -999.0 -999.0 -999.0 -999.0 -999.0 268.38300509068887 -19.22057093447445 268.43790632744617 -19.228729418698794 74.76082625945685 52.89826451481474 -999.0 5400.0 -999.0 1 430 {-999.0 -999.0 -999.0 -999.0 -999.0} "" -999.0 -999.0 -999.0 -999.0 -999 -999 "" "" "" "" 0 0 0.0 0.0 -999 ""
FIBERMAP 568 R-13C13 METROLOGY 0 0 0 1 0 0 121.94848875842315 -259.51337975245036 143.1 258.9081671467064 123.20150894786653 197.5979 166.53435 -999.0 -999.0 -999.0 -999.0 -999.0 268.3809112810184 -19.219547831437993 268.4358228779845 -19.22770082371471 74.761585913095 52.8903286563326 -999.0 6231.0 -999.0 -1 -999 {-999.0 -999.0 -999.0 -999.0 -999.0} "" -999.0 -999.0 -999.0 -999.0 -999 -999 "" "" "" "" 0 0 0.0 0.0 -999 ""
FIBERMAP 569 R+13C1 APOGEE 1 1 0 1 0 0 -153.27846176568931 239.09770406310693 143.1 -238.34151430301068 -154.43078921768648 255.65857 100.384094 266.78268962311614 -20.05489432824745 -1.9786327 -2.3698587 0.18199399 266.7826835139294 -20.054901201697778 266.84035478997566 -20.06697274190204 76.43361969583918 51.24777330747688 16000.0 16600.0 2016.0 2 7 {-999.0 16.368765 14.441533 13.463142 -999.0} sdss_psfmag_from_g3xp 15.456352 14.101588 12.97066 10.02 63050395476979070 1148239776 bright_12x1 mwm_bin_rv_short_rgb_apogee_12epoch mwm_bin science 0 0 0.0 0.0 -999 ""
FIBERMAP 569 R+13C1 BOSS 0 0 0 1 0 0 -154.02067657752755 239.12949924862116 143.1 -238.36970611520638 -155.17311989322218 255.65857 100.384094 -999.0 -999.0 -999.0 -999.0 -999.0 266.782650268339 -20.05708791896488 266.8402879923052 -20.069194617801422 76.4351930085788 51.25446735552737 -999.0 5400.0 -999.0 1 7 {-999.0 -999.0 -999.0 -999.0 -999.0} "" -999.0 -999.0 -999.0 -999.0 -999 -999 "" "" "" "" 0 0 0.0 0.0 -999 ""
FIBERMAP 569 R+13C1 METROLOGY 0 0 0 1 0 0 -153.61964766123148 239.76652825170694 143.1 -239.00864819918925 -154.77520303470914 255.65857 100.384094 -999.0 -999.0 -999.0 -999.0 -999.0 266.78054905973863 -20.05590711087364 266.83819496790943 -20.06800944945061 76.43580550639268 51.24503472486873 -999.0 6231.0 -999.0 -1 -999 {-999.0 -999.0 -999.0 -999.0 -999.0} "" -999.0 -999.0 -999.0 -999.0 -999 -999 "" "" "" "" 0 0 0.0 0.0 -999 ""
FIBERMAP 570 R+1C20 APOGEE 1 1 0 1 0 0 153.09267868159893 30.698163141601242 143.1 -31.4394827387003 152.9357841404925 59.115124 113.975235 267.45146494738486 -19.127560431110304 -4.685434 -8.791756 1.8717409 267.45145056382813 -19.127585930391948 267.5062926005257 -19.138140350240306 75.33702529059055 50.29631233524019 16000.0 16600.0 2016.0 2 80 {-999.0 13.071942 12.259035 11.852002 -999.0} sdss_psfmag_from_g3xp 12.818837 12.228339 11.482388 10.071 63050395482726273 1069525444 bright_18x1 mwm_bin_rv_short_subgiant_apogee mwm_bin science 0 0 0.0 0.0 -999 ""
FIBERMAP 570 R+1C20 BOSS 0 0 0 1 0 0 153.8406468129382 30.635289166867377 143.1 -31.380241665370743 153.6840186529104 59.115124 113.975235 -999.0 -999.0 -999.0 -999.0 -999.0 267.4516788268661 -19.125219466208506 267.5064715452945 -19.13581328756471 75.3352711602555 50.290235052708 -999.0 5400.0 -999.0 1 242 {-999.0 -999.0 -999.0 -999.0 -999.0} "" -999.0 -999.0 -999.0 -999.0 -999 -999 "" "" "" "" 0 0 0.0 0.0 -999 ""
FIBERMAP 570 R+1C20 METROLOGY 0 0 0 1 0 0 153.42706615627858 30.02545073260421 143.1 -30.768427832910668 153.27341875690854 59.115124 113.975235 -999.0 -999.0 -999.0 -999.0 -999.0 267.4536218458492 -19.126459507456605 267.50842983314715 -19.137036836370736 75.33481266817772 50.2988071586484 -999.0 6231.0 -999.0 -1 -999 {-999.0 -999.0 -999.0 -999.0 -999.0} "" -999.0 -999.0 -999.0 -999.0 -999 -999 "" "" "" "" 0 0 0.0 0.0 -999 ""
FIBERMAP 571 R+11C2 APOGEE 0 0 0 1 0 0 -126.79239896478656 205.99216801022695 143.1 -205.36622053163816 -127.78544732522137 32.768066 50.604107 -999.0 -999.0 -999.0 -999.0 -999.0 266.88849857845247 -19.975555382030315 266.9459193240216 -19.987371081362394 76.30687118459015 51.29190016470659 -999.0 16600.0 -999.0 2 -999 {-999.0 -999.0 -999.0 -999.0 -999.0} "" -999.0 -999.0 -999.0 -999.0 -999 -999 "" "" "" "" 0 0 0.0 0.0 -999 ""
FIBERMAP 571 R+11C2 BOSS 1 1 0 1 0 0 -126.94273695046644 205.1919162777151 143.1 -204.56528069061514 -127.93189416575312 32.768066 50.604107 266.8910840237856 -19.975986614779 -1.5696596 -4.550811 0.13161692 266.8910791797666 -19.97599981378189 266.9484604519372 -19.987844644617745 76.30546260352801 51.30028809464616 5400.0 5400.0 2016.0 1 17 {-999.0 19.12238 17.919762 17.375212 16.921509} sdss_psfmag_from_ps1dr2 18.5941 17.8511 16.9334 -999.0 63050395476994913 1039964794 "" ops_std_boss_ps1dr2 ops_std standard_boss 0 0 0.0 0.0 -999 ""
FIBERMAP 571 R+11C2 METROLOGY 0 0 0 1 0 0 -127.47722746528667 205.6913222994401 143.1 -205.06206714704578 -128.46878046247943 32.768066 50.604107 -999.0 -999.0 -999.0 -999.0 -999.0 266.8894340640934 -19.977637861376866 266.9468318658801 -19.98947639244899 76.307695832413 51.30084943804684 -999.0 6231.0 -999.0 -1 -999 {-999.0 -999.0 -999.0 -999.0 -999.0} "" -999.0 -999.0 -999.0 -999.0 -999 -999 "" "" "" "" 0 0 0.0 0.0 -999 ""
FIBERMAP 573 R-6C13 APOGEE 0 0 0 1 0 0 59.0262921246429 -118.64151193178184 143.1 118.34893389351669 59.598964729980466 1.5525252 106.98738 -999.0 -999.0 -999.0 -999.0 -999.0 267.93226616537834 -19.41146684813326 267.9878540797714 -19.420709072981072 75.20344656003121 52.33484455314624 -999.0 16600.0 -999.0 2 -999 {-999.0 -999.0 -999.0 -999.0 -999.0} "" -999.0 -999.0 -999.0 -999.0 -999 -999 "" "" "" "" 0 0 0.0 0.0 -999 ""
FIBERMAP 573 R-6C13 BOSS 1 1 0 1 0 0 59.27144354707066 -119.32727899995366 143.1 119.03347581612317 59.84743126433626 1.5525252 106.98738 267.9345703125 -19.41064852414044 -999.0 -999.0 -999.0 267.9345703125 -19.41064852414044 267.9901113240525 -19.419923445359586 75.20135042948326 52.33824732586465 5400.0 5400.0 2015.5 1 393 {-999.0 -999.0 -999.0 -999.0 -999.0} "" -999.0 -999.0 -999.0 -999.0 27021603148179346 852693450 "" ops_sky_boss_fallback ops_sky sky_boss 0 0 0.0 0.0 -999 ""
FIBERMAP 573 R-6C13 METROLOGY 0 0 0 1 0 0 58.534051418661505 -119.20471465209756 143.1 118.9144961382234 59.109482549307614 1.5525252 106.98738 -999.0 -999.0 -999.0 -999.0 -999.0 267.9341894292164 -19.41289117385516 267.9897495730112 -19.422155646715556 75.20311671394502 52.34375575106793 -999.0 6231.0 -999.0 -1 -999 {-999.0 -999.0 -999.0 -999.0 -999.0} "" -999.0 -999.0 -999.0 -999.0 -999 -999 "" "" "" "" 0 0 0.0 0.0 -999 ""
FIBERMAP 574 R-2C2 APOGEE 0 0 1 1 0 0 -244.9670332326256 -31.029176486956192 143.1 32.216315313073096 -244.80377561811238 10.000333 170.083 -999.0 -999.0 -999.0 -999.0 -999.0 267.65280297532274 -20.332797966441767 267.7111536057753 -20.342549431212536 76.0113369393932 54.40601752440375 -999.0 16600.0 -999.0 2 -999 {-999.0 -999.0 -999.0 -999.0 -999.0} "" -999.0 -999.0 -999.0 -999.0 -999 -999 "" "" "" "" 0 0 0.0 0.0 -999 ""
FIBERMAP 574 R-2C2 BOSS 1 0 1 1 0 0 -244.14963254348982 -31.10991208566282 143.1 32.29308015196892 -243.98602546609953 10.000333 170.083 267.7321534886759 -20.379203202004817 -0.11215314 -13.550531 2.381926 267.65310508747154 -20.330327587435246 267.7114051348286 -20.340113674770176 76.00957036864244 54.39901242827517 5400.0 5400.0 2016.0 1 513 {-999.0 16.782864 15.411841 14.848358 -999.0} sdss_psfmag_ps1 16.224106 15.3533745 14.423987 12.46 63050395475651355 1096233614 bright_1x1 mwm_bin_vis_boss mwm_filler science 0 0 0.0 0.0 -999 ""
FIBERMAP 574 R-2C2 METROLOGY 0 0 1 1 0 0 -244.62510579668105 -31.694446240773757 143.1 32.87989136004481 -244.45863754759665 10.000333 170.083 -999.0 -999.0 -999.0 -999.0 -999.0 267.65498766413197 -20.33180144967117 267.7133039956418 -20.341572438505775 76.00917099414772 54.408388648429764 -999.0 6231.0 -999.0 -1 -999 {-999.0 -999.0 -999.0 -999.0 -999.0} "" -999.0 -999.0 -999.0 -999.0 -999 -999 "" "" "" "" 0 0 0.0 0.0 -999 ""
FIBERMAP 576 R+4C19 APOGEE 1 1 0 1 0 0 152.53170570922202 89.2471684721119 143.1 -89.98273448869568 152.09072092831485 105.69433 123.016846 267.2636226021131 -19.12965596177085 2.2404792 2.8144572 1.1757284 267.26362948012337 -19.12964779882347 267.3185091402396 -19.14068830833806 75.46471198338278 49.80758237971825 16000.0 16600.0 2016.0 2 65 {-999.0 11.975209 10.463917 9.763902 -999.0} sdss_psfmag_from_g3xp 11.336025 10.32802 9.341538 7.023 63050395482738695 1147349819 bright_12x1 mwm_bin_rv_short_rgb_apogee_12epoch mwm_bin science 0 0 0.0 0.0 -999 ""
FIBERMAP 576 R+4C19 BOSS 0 0 0 1 0 0 153.0486036362994 89.77874335589863 143.1 -90.51679018787328 152.6050125330678 105.69433 123.016846 -999.0 -999.0 -999.0 -999.0 -999.0 267.26193537853703 -19.127994739553877 267.316768841408 -19.139079370492148 75.46473663331243 49.79841718307392 -999.0 5400.0 -999.0 1 217 {-999.0 -999.0 -999.0 -999.0 -999.0} "" -999.0 -999.0 -999.0 -999.0 -999 -999 "" "" "" "" 0 0 0.0 0.0 -999 ""
FIBERMAP 576 R+4C19 METROLOGY 0 0 0 1 0 0 153.26428086636847 89.06826376217283 143.1 -89.80739399052689 152.82412632293492 105.69433 123.016846 -999.0 -999.0 -999.0 -999.0 -999.0 267.2641900305306 -19.127329713484155 267.31903296369285 -19.138397517794587 75.46274214441061 49.80252333674099 -999.0 6231.0 -999.0 -1 -999 {-999.0 -999.0 -999.0 -999.0 -999.0} "" -999.0 -999.0 -999.0 -999.0 -999 -999 "" "" "" "" 0 0 0.0 0.0 -999 ""
FIBERMAP 578 R+9C13 APOGEE 1 1 0 1 0 0 61.45851593427071 170.68484302060702 143.1 -170.97424404556486 60.627055893645405 223.79443 82.01115 267.00205828138184 -19.405664558704483 0.23530991 -2.2897506 0.50806355 267.0020590049734 -19.405671199812158 267.0577880089938 -19.417325002653833 75.83431031763595 49.89691607032083 16000.0 16600.0 2016.0 2 92 {-999.0 15.969001 14.363364 13.546124 -999.0} sdss_psfmag_from_g3xp 15.274181 14.140125 13.089197 10.576 63050395480684054 1069302647 bright_18x1 mwm_bin_rv_short_subgiant_apogee mwm_bin science 0 0 0.0 0.0 -999 ""
FIBERMAP 578 R+9C13 BOSS 0 0 0 1 0 0 61.01664604185497 171.271090044599 143.1 -171.5583164658522 60.18236401276725 223.79443 82.01115 -999.0 -999.0 -999.0 -999.0 -999.0 267.00015700923103 -19.406951266738936 267.0558493483694 -19.41864786285501 75.83653964291734 49.89548251459536 -999.0 5400.0 -999.0 1 159 {-999.0 -999.0 -999.0 -999.0 -999.0} "" -999.0 -999.0 -999.0 -999.0 -999 -999 "" "" "" "" 0 0 0.0 0.0 -999 ""
FIBERMAP 578 R+9C13 METROLOGY 0 0 0 1 0 0 61.7506981590245 171.3767147336313 143.1 -171.6674978024182 60.91586556229052 223.79443 82.01115 -999.0 -999.0 -999.0 -999.0 -999.0 266.9997892311473 -19.40472982202689 267.0554866628852 -19.416417081458743 75.83520942834468 49.88803192683537 -999.0 6231.0 -999.0 -1 -999 {-999.0 -999.0 -999.0 -999.0 -999.0} "" -999.0 -999.0 -999.0 -999.0 -999 -999 "" "" "" "" 0 0 0.0 0.0 -999 ""
FIBERMAP 579 R+10C17 APOGEE 1 1 0 1 0 0 173.07392649486613 175.34632747178676 143.1 -176.17712044209668 172.2140669241587 299.23157 59.275867 266.988415790075 -19.068182386940375 0.7409301 -2.7424104 1.4052799 266.98841806379943 -19.068190340925874 267.0431637344065 -19.0799580609875 75.60416392366199 48.89529720660769 16000.0 16600.0 2016.0 2 103 {-999.0 11.3200445 10.985185 10.826301 -999.0} sdss_psfmag_from_g3xp 11.270697 10.965991 10.473395 9.66 63050395482799495 975037675 "" ops_std_apogee ops_std standard_apogee 0 0 0.0 0.0 -999 ""
FIBERMAP 579 R+10C17 BOSS 0 0 0 1 0 0 172.33323961836754 175.33522406194317 143.1 -176.16242329457268 171.47347227778778 299.23157 59.275867 -999.0 -999.0 -999.0 -999.0 -999.0 266.98846652820663 -19.070369048142126 267.0431778748359 -19.08217561402 75.60574415742757 48.901555385738334 -999.0 5400.0 -999.0 1 177 {-999.0 -999.0 -999.0 -999.0 -999.0} "" -999.0 -999.0 -999.0 -999.0 -999 -999 "" "" "" "" 0 0 0.0 0.0 -999 ""
FIBERMAP 579 R+10C17 METROLOGY 0 0 0 1 0 0 172.69288083706496 175.9921564405121 143.1 -176.821066882508 171.82990699693144 299.23157 59.275867 -999.0 -999.0 -999.0 -999.0 -999.0 266.986333057393 -19.069271155396354 267.04105306382223 -19.08107232579727 75.60635344832725 48.89267042498153 -999.0 6231.0 -999.0 -1 -999 {-999.0 -999.0 -999.0 -999.0 -999.0} "" -999.0 -999.0 -999.0 -999.0 -999 -999 "" "" "" "" 0 0 0.0 0.0 -999 ""
FIBERMAP 583 R+3C18 APOGEE 1 1 0 1 0 0 131.81429520186364 71.56366858735997 143.1 -72.19961530667118 131.4601953347169 77.07226 96.201454 267.3203114896039 -19.19220916095641 -3.2031205 -1.9195756 0.4903303 267.3203016526653 -19.19221472842197 267.3753544045807 -19.203093829833865 75.47066104606091 50.13480807905653 16000.0 16600.0 2016.0 2 70 {-999.0 14.994754 13.464125 12.705805 -999.0} sdss_psfmag_from_g3xp 14.344792 13.296906 12.262597 9.859 63050395482732079 1148114927 bright_12x1 mwm_bin_rv_short_rgb_apogee_12epoch mwm_bin science 0 0 0.0 0.0 -999 ""
FIBERMAP 583 R+3C18 BOSS 0 0 0 1 0 0 132.55577526539048 71.47367945554977 143.1 -72.1132289956629 132.2020736962806 77.07226 96.201454 -999.0 -999.0 -999.0 -999.0 -999.0 267.32060007254717 -19.189872777975296 267.37560408577224 -19.200790767585268 75.46887333308844 50.12894505993313 -999.0 5400.0 -999.0 1 226 {-999.0 -999.0 -999.0 -999.0 -999.0} "" -999.0 -999.0 -999.0 -999.0 -999 -999 "" "" "" "" 0 0 0.0 0.0 -999 ""
FIBERMAP 583 R+3C18 METROLOGY 0 0 0 1 0 0 132.1182847537922 70.88013427938563 143.1 -71.51759155097113 131.7674861173839 77.07226 96.201454 -999.0 -999.0 -999.0 -999.0 -999.0 267.32248427571625 -19.191189506303516 267.37750366672367 -19.202091222153623 75.4685131456661 50.13765824118872 -999.0 6231.0 -999.0 -1 -999 {-999.0 -999.0 -999.0 -999.0 -999.0} "" -999.0 -999.0 -999.0 -999.0 -999 -999 "" "" "" "" 0 0 0.0 0.0 -999 ""
FIBERMAP 584 R+9C4 APOGEE 0 0 0 1 0 0 -108.78583996036672 173.39945005230163 143.1 -172.86257002960312 -109.62165874436556 5.3589506 106.47239 -999.0 -999.0 -999.0 -999.0 -999.0 266.992981726578 -19.921526079108556 267.05022670154176 -19.93308353431229 76.19833508534091 51.40936497740455 -999.0 16600.0 -999.0 2 -999 {-999.0 -999.0 -999.0 -999.0 -999.0} "" -999.0 -999.0 -999.0 -999.0 -999 -999 "" "" "" "" 0 0 0.0 0.0 -999 ""
FIBERMAP 584 R+9C4 BOSS 1 1 0 1 0 0 -108.49970320348758 172.69363888996844 143.1 -172.15818393911417 -109.33211173009343 5.3589506 106.47239 266.99523925781244 -19.920660325789967 -999.0 -999.0 -999.0 266.99523925781244 -19.92066032578996 267.05244057043376 -19.932248304241682 76.19624841264294 51.41280858437905 5400.0 5400.0 2015.5 1 15 {-999.0 -999.0 -999.0 -999.0 -999.0} "" -999.0 -999.0 -999.0 -999.0 27021603148173436 852691983 "" ops_sky_boss_fallback ops_sky sky_boss 0 0 0.0 0.0 -999 ""
FIBERMAP 584 R+9C4 METROLOGY 0 0 0 1 0 0 -109.24226878795275 172.8068532735857 143.1 -172.26778903176736 -110.07518826098757 5.3589506 106.47239 -999.0 -999.0 -999.0 -999.0 -999.0 266.99484123975367 -19.922931120393933 267.0520608536759 -19.934509345948452 76.19806015711072 51.418672578005214 -999.0 6231.0 -999.0 -1 -999 {-999.0 -999.0 -999.0 -999.0 -999.0} "" -999.0 -999.0 -999.0 -999.0 -999 -999 "" "" "" "" 0 0 0.0 0.0 -999 ""
FIBERMAP 585 R+12C4 APOGEE 0 0 0 1 0 0 -81.77629280745651 228.27836301423022 143.1 -227.86971019804614 -82.87981952367258 289.90176 150.66508 -999.0 -999.0 -999.0 -999.0 -999.0 266.8170682777943 -19.839171717383945 266.87409863560424 -19.851204142117428 76.26155771208295 50.68002669616118 -999.0 16600.0 -999.0 2 -999 {-999.0 -999.0 -999.0 -999.0 -999.0} "" -999.0 -999.0 -999.0 -999.0 -999 -999 "" "" "" "" 0 0 0.0 0.0 -999 ""
FIBERMAP 585 R+12C4 BOSS 1 1 0 1 0 0 -81.86660482893109 227.57625681382913 143.1 -227.16720209415703 -82.96671977618195 289.90176 150.66508 266.8193509309315 -19.83941736717816 -7.799607 -3.2699986 0.2029402 266.8193268818678 -19.83942685135911 266.8763175431534 -19.85148978646772 76.2602549450522 50.68699655518474 5400.0 5400.0 2016.0 1 98 {-999.0 17.407274 16.709951 16.478607 -999.0} sdss_psfmag_ps1 17.206272 16.723063 15.962865 14.632 63050395477033068 982150940 "" ops_std_boss_tic ops_std standard_boss 0 0 0.0 0.0 -999 ""
FIBERMAP 585 R+12C4 METROLOGY 0 0 0 1 0 0 -82.47739759098732 228.01769023217133 143.1 -227.6056486787288 -83.57962304742036 289.90176 150.66508 -999.0 -999.0 -999.0 -999.0 -999.0 266.8178642882246 -19.841291790631693 266.87487202507725 -19.8533477585299 76.2625236209227 50.6886473893976 -999.0 6231.0 -999.0 -1 -999 {-999.0 -999.0 -999.0 -999.0 -999.0} "" -999.0 -999.0 -999.0 -999.0 -999 -999 "" "" "" "" 0 0 0.0 0.0 -999 ""
FIBERMAP 586 R-5C20 APOGEE 1 1 0 1 0 0 205.18668431399408 -109.01890632766343 143.1 108.01755764234575 205.7050941231724 2.8735082 68.36718 267.8986377768104 -18.9694885064933 0.5739972 -0.7911253 0.6644577 267.898639537215 -18.969490801043772 267.9529426253063 -18.978923810941886 74.9237454784046 51.00185107577741 16000.0 16600.0 2016.0 2 224 {-999.0 14.752354 13.274948 12.578408 -999.0} sdss_psfmag_from_g3xp 14.1355 13.135182 12.149029 9.906 63050395478884883 1069529799 bright_18x1 mwm_bin_rv_short_subgiant_apogee mwm_bin science 0 0 0.0 0.0 -999 ""
FIBERMAP 586 R-5C20 BOSS 0 0 0 1 0 0 204.92827570188174 -109.69005159899262 143.1 108.68992213825095 205.44995573986606 2.8735082 68.36718 -999.0 -999.0 -999.0 -999.0 -999.0 267.900851625816 -18.97019583337511 267.9551124310973 -18.979663127136867 74.92278479575648 51.00937858076509 -999.0 5400.0 -999.0 1 322 {-999.0 -999.0 -999.0 -999.0 -999.0} "" -999.0 -999.0 -999.0 -999.0 -999 -999 "" "" "" "" 0 0 0.0 0.0 -999 ""
FIBERMAP 586 R-5C20 METROLOGY 0 0 0 1 0 0 204.44310478670974 -109.14733926313794 143.1 108.14959227788549 204.962176337817 2.8735082 68.36718 -999.0 -999.0 -999.0 -999.0 -999.0 267.8991333901688 -18.971637521913383 267.9534111505899 -18.981097541239233 74.92493841337055 51.00904222056232 -999.0 6231.0 -999.0 -1 -999 {-999.0 -999.0 -999.0 -999.0 -999.0} "" -999.0 -999.0 -999.0 -999.0 -999 -999 "" "" "" "" 0 0 0.0 0.0 -999 ""
FIBERMAP 590 R+11C14 APOGEE 1 1 0 1 0 0 104.68451916412764 201.22078365627135 143.1 -201.71836542757214 103.70264011696446 291.02237 15.023034 266.9048594800949 -19.274852520743917 0.25742346 -4.6870527 0.80665654 266.9048602710528 -19.274866114897865 266.9602224061205 -19.286802147354834 75.80676817393358 49.25466097759356 16000.0 16600.0 2016.0 2 55 {-999.0 13.373353 12.795394 12.476894 -999.0} sdss_psfmag_from_g3xp 13.230422 12.758714 12.101522 10.926 63050395480772474 975037608 "" ops_std_apogee ops_std standard_apogee 0 0 0.0 0.0 -999 ""
FIBERMAP 590 R+11C14 BOSS 0 0 0 1 0 0 104.1960875317366 201.79442649164648 143.1 -202.28960836283827 103.21145007086298 291.02237 15.023034 -999.0 -999.0 -999.0 -999.0 -999.0 266.90302669146604 -19.27628820767454 266.9583529148059 -19.28826729974205 75.80905031730376 49.253729359898784 -999.0 5400.0 -999.0 1 92 {-999.0 -999.0 -999.0 -999.0 -999.0} "" -999.0 -999.0 -999.0 -999.0 -999 -999 "" "" "" "" 0 0 0.0 0.0 -999 ""
FIBERMAP 590 R+11C14 METROLOGY 0 0 0 1 0 0 104.9393514538776 201.92366567382118 143.1 -202.42244767180583 103.95404835496237 291.02237 15.023034 -999.0 -999.0 -999.0 -999.0 -999.0 266.9025790265702 -19.274035267356165 266.9579101692739 -19.286005103438164 75.80773225264443 49.24603888791853 -999.0 6231.0 -999.0 -1 -999 {-999.0 -999.0 -999.0 -999.0 -999.0} "" -999.0 -999.0 -999.0 -999.0 -999 -999 "" "" "" "" 0 0 0.0 0.0 -999 ""
FIBERMAP 591 R+11C1 APOGEE 1 1 0 1 0 0 -151.30186692143087 199.29210733889803 143.1 -198.5475702763236 -152.26113309414984 33.081932 23.16261 266.9100952148437 -20.049659855926123 -999.0 -999.0 -999.0 266.9100952148437 -20.049659855926123 266.96773107322747 -20.061402406521882 76.34273005264654 51.57923946216316 16000.0 16600.0 2015.5 2 9 {-999.0 -999.0 -999.0 -999.0 -999.0} "" -999.0 -999.0 -999.0 -999.0 27021603148172751 848963031 "" ops_sky_apogee_good ops_sky sky_apogee 0 0 0.0 0.0 -999 ""
FIBERMAP 591 R+11C1 BOSS 0 0 0 1 0 0 -151.73618263973432 198.68718026453192 143.1 -197.94056692896447 -152.6924908114751 33.081932 23.16261 -999.0 -999.0 -999.0 -999.0 -999.0 266.91206281199544 -20.05095520769298 266.96966171098734 -20.062728001987374 76.34231399877785 51.58858844079907 -999.0 5400.0 -999.0 1 9 {-999.0 -999.0 -999.0 -999.0 -999.0} "" -999.0 -999.0 -999.0 -999.0 -999 -999 "" "" "" "" 0 0 0.0 0.0 -999 ""
FIBERMAP 591 R+11C1 METROLOGY 0 0 0 1 0 0 -152.04547087576708 199.34929752657888 143.1 -198.60114903480874 -153.00497607394857 33.081932 23.16261 -999.0 -999.0 -999.0 -999.0 -999.0 266.90989368991313 -20.051914299111505 266.96750723508956 -20.06368238871245 76.34444306670925 51.5856742464602 -999.0 6231.0 -999.0 -1 -999 {-999.0 -999.0 -999.0 -999.0 -999.0} "" -999.0 -999.0 -999.0 -999.0 -999 -999 "" "" "" "" 0 0 0.0 0.0 -999 ""
FIBERMAP 593 R-1C22 APOGEE 1 1 0 1 0 0 179.66483465658277 -9.641973193389777 143.1 8.769618962862687 179.70232191222405 148.81203 106.21109 267.5807217946905 -19.04701439856602 3.4231443 -3.384677 3.0120447 267.5807322981021 -19.047024215357208 267.6353172799547 -19.057262548818002 75.19340337230663 50.40606841780936 16000.0 16600.0 2016.0 2 205 {-999.0 10.868079 10.506128 10.310677 -999.0} sdss_psfmag_from_g3xp 10.816488 10.483018 9.959188 9.023 63050395482858733 975037734 "" ops_std_apogee ops_std standard_apogee 0 0 0.0 0.0 -999 ""
FIBERMAP 593 R-1C22 BOSS 0 0 0 1 0 0 179.87290828458015 -8.922515925489694 143.1 8.049189231039065 179.9068934750881 148.81203 106.21109 -999.0 -999.0 -999.0 -999.0 -999.0 267.57846964790764 -19.046298271295203 267.63301003062156 -19.056582451362488 75.1944811147547 50.39818664170423 -999.0 5400.0 -999.0 1 289 {-999.0 -999.0 -999.0 -999.0 -999.0} "" -999.0 -999.0 -999.0 -999.0 -999 -999 "" "" "" "" 0 0 0.0 0.0 -999 ""
FIBERMAP 593 R-1C22 METROLOGY 0 0 0 1 0 0 180.38701060050286 -9.469008790627473 143.1 8.593159030271575 180.4236211256506 148.81203 106.21109 -999.0 -999.0 -999.0 -999.0 -999.0 267.58020736896947 -19.044730440874947 267.63475499181175 -19.0549992258065 75.19219504108733 50.39829664698658 -999.0 6231.0 -999.0 -1 -999 {-999.0 -999.0 -999.0 -999.0 -999.0} "" -999.0 -999.0 -999.0 -999.0 -999 -999 "" "" "" "" 0 0 0.0 0.0 -999 ""
FIBERMAP 595 R-3C1 APOGEE 1 1 0 1 0 0 -248.42805277296094 -62.17433475405121 143.1 63.37665624924585 -248.11347863960495 309.18115 141.61069 267.7532958984375 -20.342784499571664 -999.0 -999.0 -999.0 267.7532958984375 -20.342784499571668 267.8116587710285 -20.352273076865938 75.9460638744413 54.6894002926508 16000.0 16600.0 2015.5 2 271 {-999.0 -999.0 -999.0 -999.0 -999.0} "" -999.0 -999.0 -999.0 -999.0 27021603148168488 848962286 "" ops_sky_apogee_good ops_sky sky_apogee 0 0 0.0 0.0 -999 ""
FIBERMAP 595 R-3C1 BOSS 0 0 0 1 0 0 -248.40892957205273 -62.9269917220965 143.1 64.12918144997658 -248.09070402927728 309.18115 141.61069 -999.0 -999.0 -999.0 -999.0 -999.0 267.7557697022824 -20.342691143499547 267.8140882786696 -20.352208149173247 75.94428798860201 54.69528019184901 -999.0 5400.0 -999.0 1 443 {-999.0 -999.0 -999.0 -999.0 -999.0} "" -999.0 -999.0 -999.0 -999.0 -999 -999 "" "" "" "" 0 0 0.0 0.0 -999 ""
FIBERMAP 595 R-3C1 METROLOGY 0 0 0 1 0 0 -249.06804655555973 -62.54933595627425 143.1 63.754743717584425 -248.75161952778254 309.18115 141.61069 -999.0 -999.0 -999.0 -999.0 -999.0 267.7545544651227 -20.344730658584265 267.8128916518991 -20.354240466373792 75.94645998771479 54.69865437018609 -999.0 6231.0 -999.0 -1 -999 {-999.0 -999.0 -999.0 -999.0 -999.0} "" -999.0 -999.0 -999.0 -999.0 -999 -999 "" "" "" "" 0 0 0.0 0.0 -999 ""
FIBERMAP 596 R-5C10 APOGEE 1 1 0 1 0 0 -25.44143460922577 -96.46762834437092 143.1 96.58609276458627 -24.971991353636263 302.60434 162.68687 267.86217577240825 -19.66801385185628 -12.224805 -11.398234 0.7249892 267.8621381192942 -19.668046910868714 267.91849114834963 -19.677410797096663 75.42503748557836 52.9073693256122 16000.0 16600.0 2016.0 2 269 {-999.0 13.012129 11.449115 10.708403 -999.0} sdss_psfmag_from_g3xp 12.341506 11.28312 10.273179 7.821 63050395478372779 1147413298 bright_12x1 mwm_bin_rv_short_rgb_apogee_12epoch mwm_bin science 0 0 0.0 0.0 -999 ""
FIBERMAP 596 R-5C10 BOSS 0 0 0 1 0 0 -25.220573911736686 -97.18233671683078 143.1 97.29969236804085 -24.747673843833866 302.60434 162.68687 -999.0 -999.0 -999.0 -999.0 -999.0 267.864538422356 -19.66734393699405 267.9208450520508 -19.67673923858545 75.4229444064862 52.91130826747025 -999.0 5400.0 -999.0 1 370 {-999.0 -999.0 -999.0 -999.0 -999.0} "" -999.0 -999.0 -999.0 -999.0 -999 -999 "" "" "" "" 0 0 0.0 0.0 -999 ""
FIBERMAP 596 R-5C10 METROLOGY 0 0 0 1 0 0 -25.942279541432164 -97.02334873359526 143.1 97.14421481910952 -25.470113624372004 302.60434 162.68687 -999.0 -999.0 -999.0 -999.0 -999.0 267.8640322687392 -19.669549815927535 267.9203579043558 -19.6789352916738 75.42475921992039 52.91654894651617 -999.0 6231.0 -999.0 -1 -999 {-999.0 -999.0 -999.0 -999.0 -999.0} "" -999.0 -999.0 -999.0 -999.0 -999 -999 "" "" "" "" 0 0 0.0 0.0 -999 ""
FIBERMAP 601 R+5C20 APOGEE 1 1 0 1 0 0 207.85108925168097 89.4061850562327 143.1 -90.41018981947867 207.4064686668184 19.126348 67.47829 267.2633838276711 -18.962669058710397 -1.2755257 -6.7298717 3.5731368 267.263379915893 -18.962688577780856 267.3177731607935 -18.97376868639866 75.34670286976399 49.339063147961596 16000.0 16600.0 2016.0 2 117 {-999.0 12.49596 11.81021 11.499105 -999.0} sdss_psfmag_from_g3xp 12.305659 11.813613 11.146752 9.972 63050395482827774 1069796667 bright_18x1 mwm_bin_rv_short_subgiant_apogee mwm_bin science 0 0 0.0 0.0 -999 ""
FIBERMAP 601 R+5C20 BOSS 0 0 0 1 0 0 207.8153783312026 88.66129529153416 143.1 -89.6651653277893 207.37437430307122 19.126348 67.47829 -999.0 -999.0 -999.0 -999.0 -999.0 267.26578782249175 -18.96271397027793 267.32013899351284 -18.973827875384792 75.34517556315538 49.345529779313665 -999.0 5400.0 -999.0 1 202 {-999.0 -999.0 -999.0 -999.0 -999.0} "" -999.0 -999.0 -999.0 -999.0 -999 -999 "" "" "" "" 0 0 0.0 0.0 -999 ""
FIBERMAP 601 R+5C20 METROLOGY 0 0 0 1 0 0 207.1839320216099 89.05719902713258 143.1 -90.05798436195586 206.74103949437412 19.126348 67.47829 -999.0 -999.0 -999.0 -999.0 -999.0 267.2644910515984 -18.964597877014196 267.31885971696806 -18.975703369788768 75.3473607812725 49.347323154933235 -999.0 6231.0 -999.0 -1 -999 {-999.0 -999.0 -999.0 -999.0 -999.0} "" -999.0 -999.0 -999.0 -999.0 -999 -999 "" "" "" "" 0 0 0.0 0.0 -999 ""
FIBERMAP 602 R+3C5 APOGEE 1 1 0 1 0 0 -174.8541975852791 71.64243052222369 143.1 -70.79021068987394 -175.19280196879146 131.03622 102.16598 267.321241365638 -20.12210254391454 -92.88325 53.457634 13.801641 267.3209544584241 -20.121947497142937 267.37873783948623 -20.132608113425157 76.10677006920544 52.89653015949958 16000.0 16600.0 2016.0 2 24 {-999.0 15.467147 14.10603 12.987152 -999.0} sdss_psfmag_from_g3xp 14.931658 13.670173 12.5494 10.457 63050395476747275 1068916085 bright_18x1 mwm_bin_rv_short_mdwarf_apogee_18epoch mwm_bin science 0 0 0.0 0.0 -999 ""
FIBERMAP 602 R+3C5 BOSS 0 0 0 1 0 0 -174.3946818023028 72.22456640347013 143.1 -71.37454631184146 -174.73613489327187 131.03622 102.16598 -999.0 -999.0 -999.0 -999.0 -999.0 267.3190916828966 -20.12057823631268 267.37682881107685 -20.131279730851293 76.10721203218539 52.88742280416318 -999.0 5400.0 -999.0 1 41 {-999.0 -999.0 -999.0 -999.0 -999.0} "" -999.0 -999.0 -999.0 -999.0 -999 -999 "" "" "" "" 0 0 0.0 0.0 -999 ""
FIBERMAP 602 R+3C5 METROLOGY 0 0 0 1 0 0 -174.10182785478605 71.54500978011299 143.1 -70.69644599734777 -174.43999844088333 131.03622 102.16598 -999.0 -999.0 -999.0 -999.0 -999.0 267.3212596651647 -20.119728938953365 267.37900581136057 -20.13041494868281 76.10511481807683 52.89044746014383 -999.0 6231.0 -999.0 -1 -999 {-999.0 -999.0 -999.0 -999.0 -999.0} "" -999.0 -999.0 -999.0 -999.0 -999 -999 "" "" "" "" 0 0 0.0 0.0 -999 ""
FIBERMAP 603 R-11C2 APOGEE 0 0 0 1 0 0 -155.03654784042004 -198.64044247330511 143.1 199.3824998629845 -154.06458338540713 154.41763 80.628845 -999.0 -999.0 -999.0 -999.0 -999.0 268.1918994555191 -20.05840682169031 268.2493429707275 -20.066824619759398 75.44828002337636 54.88762743202693 -999.0 16600.0 -999.0 2 -999 {-999.0 -999.0 -999.0 -999.0 -999.0} "" -999.0 -999.0 -999.0 -999.0 -999 -999 "" "" "" "" 0 0 0.0 0.0 -999 ""
FIBERMAP 603 R-11C2 BOSS 1 1 0 1 0 0 -154.60783063076167 -198.03105196014658 143.1 198.77106047566838 -153.63884554648251 154.41763 80.628845 268.19000244140625 -20.057105364371623 -999.0 -999.0 -999.0 268.19000244140625 -20.057105364371623 268.24739733217797 -20.065564465408503 75.44885503795422 54.879093611576614 5400.0 5400.0 2015.5 1 516 {-999.0 -999.0 -999.0 -999.0 -999.0} "" -999.0 -999.0 -999.0 -999.0 27021603148175153 852692401 "" ops_sky_boss_fallback ops_sky sky_boss 0 0 0.0 0.0 -999 ""
FIBERMAP 603 R-11C2 METROLOGY 0 0 0 1 0 0 -154.29092123403078 -198.69993348641205 143.1 199.43836951249833 -153.31870669312008 154.41763 80.628845 -999.0 -999.0 -999.0 -999.0 -999.0 268.1921681101641 -20.056166327142865 268.24957261517613 -20.064609811776503 75.4466803224626 54.881471092038396 -999.0 6231.0 -999.0 -1 -999 {-999.0 -999.0 -999.0 -999.0 -999.0} "" -999.0 -999.0 -999.0 -999.0 -999 -999 "" "" "" "" 0 0 0.0 0.0 -999 ""
FIBERMAP 606 R-1C4 APOGEE 0 0 0 1 0 0 -231.6068382715955 -14.998903593955784 143.1 16.12203970200301 -231.52206207972506 210.0872 64.86151 -999.0 -999.0 -999.0 -999.0 -999.0 267.6009882313067 -20.292784820506874 267.65922921843014 -20.302679940480807 76.02215351260544 54.149451902020985 -999.0 16600.0 -999.0 2 -999 {-999.0 -999.0 -999.0 -999.0 -999.0} "" -999.0 -999.0 -999.0 -999.0 -999 -999 "" "" "" "" 0 0 0.0 0.0 -999 ""
FIBERMAP 606 R-1C4 BOSS 1 1 0 1 0 0 -231.69376515663498 -14.232987236128837 143.1 15.356584827223287 -231.61270120717103 210.0872 64.86151 267.59816673636914 -20.293053309321042 -0.045942873 0.0017319437 0.6598166 267.5985621751141 -20.29305330429778 267.65676139231357 -20.302989596417486 76.02410546217902 54.14414538585764 5400.0 5400.0 2016.0 1 510 {-999.0 11.951309 11.409923 11.143927 -999.0} sdss_psfmag_from_g3xp 11.819319 11.387308 10.762846 9.683 63050395476653886 1068459728 bright_3x1 mwm_ob_core_boss mwm_ob science 0 0 1.3356989622116089 0.0 -999 ""
FIBERMAP 606 R-1C4 METROLOGY 0 0 0 1 0 0 -231.0015781473997 -14.559405699928346 143.1 15.679627432310832 -230.9189660330959 210.0872 64.86151 -999.0 -999.0 -999.0 -999.0 -999.0 267.5996017894829 -20.29101495423066 267.6578069508713 -20.30093913515378 76.02202152445784 54.14038896017536 -999.0 6231.0 -999.0 -1 -999 {-999.0 -999.0 -999.0 -999.0 -999.0} "" -999.0 -999.0 -999.0 -999.0 -999 -999 "" "" "" "" 0 0 0.0 0.0 -999 ""
FIBERMAP 609 R+3C17 APOGEE 0 0 0 1 0 0 110.82856445381454 50.02808085602611 143.1 -50.56330564813825 110.58005632235302 318.58813 118.71073 -999.0 -999.0 -999.0 -999.0 -999.0 267.38946855480907 -19.255650046091134 267.44469493200165 -19.26633515134698 75.46835290078221 50.497497195458834 -999.0 16600.0 -999.0 2 -999 {-999.0 -999.0 -999.0 -999.0 -999.0} "" -999.0 -999.0 -999.0 -999.0 -999 -999 "" "" "" "" 0 0 0.0 0.0 -999 ""
FIBERMAP 609 R+3C17 BOSS 1 1 0 1 0 0 110.60403717090551 49.207654423676516 143.1 -49.741832135283126 110.35952192698362 318.58813 118.71073 267.3921203613281 -19.25622977968945 -999.0 -999.0 -999.0 267.3921203613281 -19.256229779689452 267.447305885905 -19.266946752855432 75.46701874645557 50.50610839571786 5400.0 5400.0 2015.5 1 227 {-999.0 -999.0 -999.0 -999.0 -999.0} "" -999.0 -999.0 -999.0 -999.0 27021603148192109 852696141 "" ops_sky_boss_fallback ops_sky sky_boss 0 0 0.0 0.0 -999 ""
FIBERMAP 609 R+3C17 METROLOGY 0 0 0 1 0 0 110.12148983003998 49.78406509176042 143.1 -50.31587131450747 109.87420243635772 318.58813 118.71073 -999.0 -999.0 -999.0 -999.0 -999.0 267.39025143034826 -19.257695510102078 267.4454534879335 -19.268405962004046 75.46928915949816 50.505392626982484 -999.0 6231.0 -999.0 -1 -999 {-999.0 -999.0 -999.0 -999.0 -999.0} "" -999.0 -999.0 -999.0 -999.0 -999 -999 "" "" "" "" 0 0 0.0 0.0 -999 ""
FIBERMAP 616 R+10C3 APOGEE 1 1 0 1 0 0 -134.49926372152905 174.71593429268887 143.1 -174.05420722524164 -135.340139668937 315.16138 63.35267 266.9890941607717 -19.99909531557832 -76.0622 -56.98699 8.191544 266.98885939575297 -19.999260598382133 267.04633443129103 -20.010810569874877 76.25425435888704 51.63663539026677 16000.0 16600.0 2016.0 2 13 {-999.0 15.315208 13.923555 13.086083 -999.0} sdss_psfmag_from_g3xp 14.755902 13.709589 12.692613 10.673 63050395476921158 1068821404 bright_18x1 mwm_bin_rv_short_mdwarf_apogee_18epoch mwm_bin science 0 0 0.0 0.0 -999 ""
FIBERMAP 616 R+10C3 BOSS 0 0 0 1 0 0 -135.19089538388428 174.47064241695924 143.1 -173.80557178588737 -136.03054520051472 315.16138 63.35267 -999.0 -999.0 -999.0 -999.0 -999.0 266.98965519118707 -20.001344162192517 267.0470951823298 -20.012927579558696 76.25518006508929 51.64519434281567 -999.0 5400.0 -999.0 1 16 {-999.0 -999.0 -999.0 -999.0 -999.0} "" -999.0 -999.0 -999.0 -999.0 -999 -999 "" "" "" "" 0 0 0.0 0.0 -999 ""
FIBERMAP 616 R+10C3 METROLOGY 0 0 0 1 0 0 -135.06632233720262 175.21251501388397 143.1 -174.5480104850186 -135.90957867004605 315.16138 63.35267 -999.0 -999.0 -999.0 -999.0 -999.0 266.9872321920773 -20.00098939637079 267.0446830763068 -20.01256901358979 76.25658895191519 51.63757102710093 -999.0 6231.0 -999.0 -1 -999 {-999.0 -999.0 -999.0 -999.0 -999.0} "" -999.0 -999.0 -999.0 -999.0 -999 -999 "" "" "" "" 0 0 0.0 0.0 -999 ""
FIBERMAP 617 R-4C3 APOGEE 1 1 0 1 0 0 -199.58834166381746 -95.3459433305051 143.1 96.30954413696799 -199.11532516535533 311.15482 78.26727 267.8600230247696 -20.195261724625777 -4.545613 1.6163545 0.6496228 267.86000897722204 -20.19525703661066 267.9179164731948 -20.20450330736484 75.77426272314476 54.49502046577332 16000.0 16600.0 2016.0 2 242 {-999.0 15.536123 13.775222 12.899355 -999.0} sdss_psfmag_from_g3xp 14.737022 13.515413 12.431448 9.765 63050395475689637 1148048133 bright_12x1 mwm_bin_rv_short_rgb_apogee_12epoch mwm_bin science 0 0 0.0 0.0 -999 ""
FIBERMAP 617 R-4C3 BOSS 0 0 0 1 0 0 -200.25776649956876 -95.70182450504288 143.1 96.66865538688691 -199.78298836617645 311.15482 78.26727 -999.0 -999.0 -999.0 -999.0 -999.0 267.86122337256273 -20.197270943795527 267.91909263304035 -20.206549024482765 75.77475824950766 54.50426226009267 -999.0 5400.0 -999.0 1 499 {-999.0 -999.0 -999.0 -999.0 -999.0} "" -999.0 -999.0 -999.0 -999.0 -999 -999 "" "" "" "" 0 0 0.0 0.0 -999 ""
FIBERMAP 617 R-4C3 METROLOGY 0 0 0 1 0 0 -200.2362260667662 -94.95517931361094 143.1 95.9219443241197 -199.7650722749465 311.15482 78.26727 -999.0 -999.0 -999.0 -999.0 -999.0 267.85881997671635 -20.197261166426298 267.9167020924391 -20.20653544279449 75.77645132865746 54.49827201152988 -999.0 6231.0 -999.0 -1 -999 {-999.0 -999.0 -999.0 -999.0 -999.0} "" -999.0 -999.0 -999.0 -999.0 -999 -999 "" "" "" "" 0 0 0.0 0.0 -999 ""
FIBERMAP 618 R+8C5 APOGEE 1 1 0 1 0 0 -128.65581763394184 148.4694519517412 143.1 -147.8374401335014 -129.36963048037495 236.82079 77.6016 267.0731878645018 -19.98186607122709 -3.925685 -1.6862152 0.27679372 267.073175749263 -19.981870961862615 267.1305856960295 -19.993206568703364 76.1843955064602 51.80959441631067 16000.0 16600.0 2016.0 2 42 {-999.0 16.562252 14.655813 13.726442 -999.0} sdss_psfmag_from_g3xp 15.656189 14.351493 13.232493 10.428 63050395477061288 1148619521 bright_12x1 mwm_bin_rv_short_rgb_apogee_12epoch mwm_bin science 0 0 0.0 0.0 -999 ""
FIBERMAP 618 R+8C5 BOSS 0 0 0 1 0 0 -129.17629722150505 148.99577782041936 143.1 -148.3612130335903 -129.89263720852023 236.82079 77.6016 -999.0 -999.0 -999.0 -999.0 -999.0 267.07148135610083 -19.98344141096593 267.1288551554105 -19.994817006911696 76.18668317341633 51.809882731906384 -999.0 5400.0 -999.0 1 70 {-999.0 -999.0 -999.0 -999.0 -999.0} "" -999.0 -999.0 -999.0 -999.0 -999 -999 "" "" "" "" 0 0 0.0 0.0 -999 ""
FIBERMAP 618 R+8C5 METROLOGY 0 0 0 1 0 0 -128.46143071081565 149.18497457622078 143.1 -148.55386900849166 -129.17872582021104 236.82079 77.6016 -999.0 -999.0 -999.0 -999.0 -999.0 267.0708354997422 -19.98130572448964 267.1282147388563 -19.992673305784216 76.18566131164398 51.8015975229452 -999.0 6231.0 -999.0 -1 -999 {-999.0 -999.0 -999.0 -999.0 -999.0} "" -999.0 -999.0 -999.0 -999.0 -999 -999 "" "" "" "" 0 0 0.0 0.0 -999 ""
FIBERMAP 621 R-1C10 APOGEE 0 0 0 1 0 0 -67.93898290147602 -33.670401493476525 143.1 33.9983440080792 -67.77207386689263 339.4823 79.340836 -999.0 -999.0 -999.0 -999.0 -999.0 267.66012022224845 -19.797726403761736 267.7168898152654 -19.807583600713453 75.65303155753705 52.78269969261862 -999.0 16600.0 -999.0 2 -999 {-999.0 -999.0 -999.0 -999.0 -999.0} "" -999.0 -999.0 -999.0 -999.0 -999 -999 "" "" "" "" 0 0 0.0 0.0 -999 ""
FIBERMAP 621 R-1C10 BOSS 1 1 0 1 0 0 -68.33411337356759 -34.308594418400666 143.1 34.638421330406985 -68.16408693845753 339.4823 79.340836 267.66225336399185 -19.798932776699253 -1.8329151 3.0576031 1.249312 267.66224771387857 -19.798923908540434 267.7189773552246 -19.808812167990222 75.65240375014844 52.79169868981508 5400.0 5400.0 2016.0 1 509 {-999.0 17.645151 15.895622 15.184984 -999.0} sdss_psfmag_ps1 16.8248 15.691954 14.603714 12.04 63050395478341493 939013538 bright_1x1 openfibertargets_nov2020_34a open_fiber science 0 0 0.0 0.0 -999 ""
FIBERMAP 621 R-1C10 METROLOGY 0 0 0 1 0 0 -68.68684366249101 -33.656171281595356 143.1 33.987743658049595 -68.51996496218206 339.4823 79.340836 -999.0 -999.0 -999.0 -999.0 -999.0 267.6601359876581 -19.800016661669595 267.71688139300727 -19.80989970660464 75.65459467805115 52.789597389957805 -999.0 6231.0 -999.0 -1 -999 {-999.0 -999.0 -999.0 -999.0 -999.0} "" -999.0 -999.0 -999.0 -999.0 -999 -999 "" "" "" "" 0 0 0.0 0.0 -999 ""
FIBERMAP 622 R-9C14 APOGEE 1 1 0 1 0 0 96.68204881524206 -185.20660712280775 143.1 184.72785154985147 97.57579056404508 234.03511 131.92549 268.14481223287237 -19.29667335296909 -1.9165561 -2.3708491 0.42698678 268.14480634328777 -19.29668022929192 268.20001991355787 -19.30539862822493 74.97815786010034 52.53331971917842 16000.0 16600.0 2016.0 2 198 {-999.0 16.684786 14.692925 13.673499 -999.0} sdss_psfmag_from_g3xp 15.728101 14.314407 13.159623 10.192 63050395478540323 1148387865 bright_12x1 mwm_bin_rv_short_rgb_apogee_12epoch mwm_bin science 0 0 0.0 0.0 -999 ""
FIBERMAP 622 R-9C14 BOSS 0 0 0 1 0 0 95.94514063011516 -185.27586390699503 143.1 184.8006807240813 96.83925661282052 234.03511 131.92549 -999.0 -999.0 -999.0 -999.0 -999.0 268.145138505202 -19.29884675170683 268.2003134848611 -19.3076027762995 74.97944750462457 52.54029884815202 -999.0 5400.0 -999.0 1 274 {-999.0 -999.0 -999.0 -999.0 -999.0} "" -999.0 -999.0 -999.0 -999.0 -999 -999 "" "" "" "" 0 0 0.0 0.0 -999 ""
FIBERMAP 622 R-9C14 METROLOGY 0 0 0 1 0 0 96.24895851134639 -184.5992311693241 143.1 184.12260868952973 97.13977528530168 234.03511 131.92549 -999.0 -999.0 -999.0 -999.0 -999.0 268.14298393218155 -19.29793106209891 268.19816934241874 -19.306681838081065 74.98031179911347 52.53239483823779 -999.0 6231.0 -999.0 -1 -999 {-999.0 -999.0 -999.0 -999.0 -999.0} "" -999.0 -999.0 -999.0 -999.0 -999 -999 "" "" "" "" 0 0 0.0 0.0 -999 ""
FIBERMAP 625 R+1C2 APOGEE 0 0 0 1 0 0 -257.5089735845389 4.607725235452447 143.1 -3.3578793588900013 -257.51800090972677 283.04886 103.80697 -999.0 -999.0 -999.0 -999.0 -999.0 267.53788103662663 -20.37076079008199 267.5963637552104 -20.380801394795636 76.11784062638867 54.23472833021515 -999.0 16600.0 -999.0 2 -999 {-999.0 -999.0 -999.0 -999.0 -999.0} "" -999.0 -999.0 -999.0 -999.0 -999 -999 "" "" "" "" 0 0 0.0 0.0 -999 ""
FIBERMAP 625 R+1C2 BOSS 1 1 0 1 0 0 -258.1389831110285 4.256195958019497 143.1 -3.0033110504363196 -258.14627196034604 283.04886 103.80697 267.5390625 -20.372624808868224 -999.0 -999.0 -999.0 267.5390625 -20.372624808868228 267.59750774069255 -20.38269654420262 76.11826714556585 54.243628426759024 5400.0 5400.0 2015.5 1 11 {-999.0 -999.0 -999.0 -999.0 -999.0} "" -999.0 -999.0 -999.0 -999.0 27021603148171848 852691665 "" ops_sky_boss_fallback ops_sky sky_boss 0 0 0.0 0.0 -999 ""
FIBERMAP 625 R+1C2 METROLOGY 0 0 0 1 0 0 -258.14447473097897 5.002233169047571 143.1 -3.749282986515916 -258.15538357195976 283.04886 103.80697 -999.0 -999.0 -999.0 -999.0 -999.0 267.53664208038526 -20.372701087271647 267.5951000926814 -20.38276926670387 76.12002318981438 54.23771117131628 -999.0 6231.0 -999.0 -1 -999 {-999.0 -999.0 -999.0 -999.0 -999.0} "" -999.0 -999.0 -999.0 -999.0 -999 -999 "" "" "" "" 0 0 0.0 0.0 -999 ""
FIBERMAP 628 R-7C16 APOGEE 1 1 0 1 0 0 106.2498592803764 -126.08134966710053 143.1 125.55922581760986 106.8561900097991 197.7535 59.678337 267.95529450427875 -19.268276276202585 0.2603567 -1.1676714 0.20232666 267.9552953042172 -19.268279662873542 268.01046013100813 -19.277495777869316 75.09025257395771 51.98262138171992 16000.0 16600.0 2016.0 2 207 {-999.0 16.64626 14.336686 13.001052 -999.0} sdss_psfmag_from_g3xp 15.449125 13.683937 12.428001 9.084 63050395478755637 1152206542 bright_1x1 mwm_galactic_core_dist_apogee_sparse mwm_galactic science 0 0 0.0 0.0 -999 ""
FIBERMAP 628 R-7C16 BOSS 0 0 0 1 0 0 106.41142886696345 -125.33785784072934 143.1 124.8149884406897 107.01414330709198 197.7535 59.678337 -999.0 -999.0 -999.0 -999.0 -999.0 267.95300529790114 -19.267715401302667 268.00812473410394 -19.276976620683783 75.09150652768759 51.97529128989123 -999.0 5400.0 -999.0 1 292 {-999.0 -999.0 -999.0 -999.0 -999.0} "" -999.0 -999.0 -999.0 -999.0 -999 -999 "" "" "" "" 0 0 0.0 0.0 -999 ""
FIBERMAP 628 R-7C16 METROLOGY 0 0 0 1 0 0 106.96137160808262 -125.84468850804544 143.1 125.31912417367259 107.5665170594725 197.7535 59.678337 -999.0 -999.0 -999.0 -999.0 -999.0 267.9546231718574 -19.266043731316252 268.0097499363475 -19.275290093821805 75.08923393062862 51.97458407226418 -999.0 6231.0 -999.0 -1 -999 {-999.0 -999.0 -999.0 -999.0 -999.0} "" -999.0 -999.0 -999.0 -999.0 -999 -999 "" "" "" "" 0 0 0.0 0.0 -999 ""
FIBERMAP 629 R0C19 APOGEE 1 1 0 1 0 0 115.94212202292098 12.98805573388211 143.1 -13.550012696725085 115.87309233554123 77.25271 113.85134 267.5084914736822 -19.239932015508728 -0.034296162 -2.520103 0.2858246 267.5084913683264 -19.23993932472197 267.56365163371436 -19.250319730205412 75.37675490387792 50.76336243804102 16000.0 16600.0 2016.0 2 90 {-999.0 16.230976 14.18328 13.165228 -999.0} sdss_psfmag_from_g3xp 15.220315 13.812112 12.648164 9.692 63050395478732416 1147999882 bright_12x1 mwm_bin_rv_short_rgb_apogee_12epoch mwm_bin science 0 0 0.0 0.0 -999 ""
FIBERMAP 629 R0C19 BOSS 0 0 0 1 0 0 116.67108482720721 13.134926893182676 143.1 -13.70041367125248 116.6013046799714 77.25271 113.85134 -999.0 -999.0 -999.0 -999.0 -999.0 267.5080506882524 -19.237631735492933 267.5631617562758 -19.248052814958214 75.37550740159902 50.755644879712065 -999.0 5400.0 -999.0 1 253 {-999.0 -999.0 -999.0 -999.0 -999.0} "" -999.0 -999.0 -999.0 -999.0 -999 -999 "" "" "" "" 0 0 0.0 0.0 -999 ""
FIBERMAP 629 R0C19 METROLOGY 0 0 0 1 0 0 116.44579955815438 12.426678767492774 143.1 -12.991108978791111 116.37946797285841 77.25271 113.85134 -999.0 -999.0 -999.0 -999.0 -999.0 267.5103151855488 -19.23830922069505 267.56543988895635 -19.248713224990052 75.37442454193406 50.76345565842041 -999.0 6231.0 -999.0 -1 -999 {-999.0 -999.0 -999.0 -999.0 -999.0} "" -999.0 -999.0 -999.0 -999.0 -999 -999 "" "" "" "" 0 0 0.0 0.0 -999 ""
FIBERMAP 632 R-6C1 APOGEE 0 0 0 1 0 0 -232.5763861863231 -133.29605920656195 143.1 134.41777540772162 -231.91750216772934 284.645 67.114685 -999.0 -999.0 -999.0 -999.0 -999.0 267.98237099046224 -20.29371241052143 268.040548192487 -20.302618465265763 75.75021014440381 55.1019836788671 -999.0 16600.0 -999.0 2 274 {-999.0 -999.0 -999.0 -999.0 -999.0} "" -999.0 -999.0 -999.0 -999.0 -999 -999 "" "" "" "" 0 0 0.0 0.0 -999 ""
FIBERMAP 632 R-6C1 BOSS 1 1 0 1 0 0 -233.32633295424762 -133.1939568703667 143.1 134.31931760564984 -232.667905576771 284.645 67.114685 267.9816531742446 -20.295929456033406 2.370159 -0.4054227 0.6500786 267.982087571774 -20.295930631906188 268.0402270147679 -20.304871978401554 75.75189244976212 55.10819711766262 5400.0 5400.0 2016.0 1 446 {-999.0 11.437246 11.037311 10.827038 -999.0} sdss_psfmag_from_g3xp 11.347773 11.008252 10.470941 9.536 63050395475668605 1068459714 bright_3x1 mwm_ob_core_boss mwm_ob science 0 0 1.441990852355957 0.0 -999 ""
FIBERMAP 632 R-6C1 METROLOGY 0 0 0 1 0 0 -232.88569152613786 -132.60987860857756 143.1 133.7331312948126 -232.23012130464375 284.645 67.114685 -999.0 -999.0 -999.0 -999.0 -999.0 267.9802211686514 -20.294674897297394 268.03836978593904 -20.30361144624701 75.75241236376978 55.0997203084338 -999.0 6231.0 -999.0 -1 -999 {-999.0 -999.0 -999.0 -999.0 -999.0} "" -999.0 -999.0 -999.0 -999.0 -999 -999 "" "" "" "" 0 0 0.0 0.0 -999 ""
FIBERMAP 633 R+7C5 APOGEE 1 1 0 1 0 0 -142.22580329959112 145.15896264457027 143.1 -144.46127149836187 -142.92284883507037 215.7331 41.187073 267.08385935612114 -20.022888915441598 11.302448 -13.638448 5.681197 267.0838942462322 -20.022928471886402 267.1414237485485 -20.03422668178067 76.20487416565965 51.96453539957769 16000.0 16600.0 2016.0 2 34 {-999.0 19.352554 17.464445 15.9046545 -999.0} sdss_psfmag_ps1 18.472443 16.55891 15.260264 12.376 63050395476912893 1009260678 bright_3x1 mwm_yso_pms_apogee_sagitta_edr3 mwm_yso science 0 0 0.0 0.0 -999 ""
FIBERMAP 633 R+7C5 BOSS 0 0 0 1 0 0 -142.03247747214306 145.87853606558804 143.1 -145.181745811009 -142.733024872845 215.7331 41.187073 -999.0 -999.0 -999.0 -999.0 -999.0 267.0815791758488 -20.02233894383133 267.1390660082019 -20.03367919297875 76.20612565352509 51.95653383014462 -999.0 5400.0 -999.0 1 57 {-999.0 -999.0 -999.0 -999.0 -999.0} "" -999.0 -999.0 -999.0 -999.0 -999 -999 "" "" "" "" 0 0 0.0 0.0 -999 ""
FIBERMAP 633 R+7C5 METROLOGY 0 0 0 1 0 0 -141.51218451421877 145.37191816697657 143.1 -144.67767895495825 -142.21030040104608 215.7331 41.187073 -999.0 -999.0 -999.0 -999.0 -999.0 267.08317177322556 -20.02080162431407 267.1406654525126 -20.03212795848322 76.20396900860747 51.95605139605442 -999.0 6231.0 -999.0 -1 -999 {-999.0 -999.0 -999.0 -999.0 -999.0} "" -999.0 -999.0 -999.0 -999.0 -999 -999 "" "" "" "" 0 0 0.0 0.0 -999 ""
FIBERMAP 634 R+2C21 APOGEE 1 1 0 1 0 0 182.46706299020485 19.52774869452201 143.1 -20.412190972382596 182.362853986145 325.82162 61.95825 267.4871788102785 -19.0387393723227 0.20774455 -3.4635022 0.17892925 267.48717944768015 -19.038749417735975 267.5417562756765 -19.049232096406932 75.25068685939198 50.14005829606099 16000.0 16600.0 2016.0 2 73 {-999.0 17.22018 15.022991 20.046757 -999.0} sdss_psfmag_ps1 16.038603 14.650574 13.5119505 10.588 63050395482874900 1149133752 bright_12x1 mwm_bin_rv_short_rgb_apogee_12epoch mwm_bin science 0 0 0.0 0.0 -999 ""
FIBERMAP 634 R+2C21 BOSS 0 0 0 1 0 0 181.7852015739755 19.22053173491304 143.1 -20.10168106713314 181.6825186971364 325.82162 61.95825 -999.0 -999.0 -999.0 -999.0 -999.0 267.4882028983642 -19.04070507061964 267.54274282269546 -19.05122438551072 75.25142715233453 50.14819477229332 -999.0 5400.0 -999.0 1 231 {-999.0 -999.0 -999.0 -999.0 -999.0} "" -999.0 -999.0 -999.0 -999.0 -999 -999 "" "" "" "" 0 0 0.0 0.0 -999 ""
FIBERMAP 634 R+2C21 METROLOGY 0 0 0 1 0 0 181.86003736841897 19.95636743464634 143.1 -20.837841822920208 181.7537798456005 325.82162 61.95825 -999.0 -999.0 -999.0 -999.0 -999.0 267.4858281181098 -19.04047144207987 267.5403797954026 -19.050985701165516 75.25284545052867 50.14135197415118 -999.0 6231.0 -999.0 -1 -999 {-999.0 -999.0 -999.0 -999.0 -999.0} "" -999.0 -999.0 -999.0 -999.0 -999 -999 "" "" "" "" 0 0 0.0 0.0 -999 ""
FIBERMAP 636 R-3C16 APOGEE 1 1 0 1 0 0 84.58924137340841 -53.13138528047684 143.1 52.71815033353425 84.84269112079555 336.13666 164.61555 267.7213579469439 -19.334526813703736 -0.5987506 -2.1107914 0.5793168 267.7213561065548 -19.334532935764972 267.7767561287125 -19.34433968055908 75.29664571713778 51.58136556387404 16000.0 16600.0 2016.0 2 220 {-999.0 16.072289 14.186725 13.277205 -999.0} sdss_psfmag_from_g3xp 15.185829 13.893817 12.78371 9.979 63050395478644191 1148207393 bright_12x1 mwm_bin_rv_short_rgb_apogee_12epoch mwm_bin science 0 0 0.0 0.0 -999 ""
FIBERMAP 636 R-3C16 BOSS 0 0 0 1 0 0 85.18075481047715 -53.599319258513376 143.1 53.18318966203501 85.43644466382781 336.13666 164.61555 -999.0 -999.0 -999.0 -999.0 -999.0 267.72292890650164 -19.332649206386833 267.77827980473114 -19.3424910262514 75.29433073146559 51.57997134087037 -999.0 5400.0 -999.0 1 317 {-999.0 -999.0 -999.0 -999.0 -999.0} "" -999.0 -999.0 -999.0 -999.0 -999 -999 "" "" "" "" 0 0 0.0 0.0 -999 ""
FIBERMAP 636 R-3C16 METROLOGY 0 0 0 1 0 0 84.48198551371706 -53.87462150951789 143.1 53.461868559502754 84.73904749798712 336.13666 164.61555 -999.0 -999.0 -999.0 -999.0 -999.0 267.72381564855795 -19.33476938509262 267.77918486623696 -19.344597438747062 75.29515879408335 51.588309962459675 -999.0 6231.0 -999.0 -1 -999 {-999.0 -999.0 -999.0 -999.0 -999.0} "" -999.0 -999.0 -999.0 -999.0 -999 -999 "" "" "" "" 0 0 0.0 0.0 -999 ""
FIBERMAP 642 R-2C18 APOGEE 0 0 0 1 0 0 126.10803090266852 -22.51297662262998 143.1 21.89984975204847 126.21074984361407 117.83078 29.74563 -999.0 -999.0 -999.0 -999.0 -999.0 267.6225039788047 -19.208916911639477 267.6775539862115 -19.21900919087084 75.2777128412737 50.969894176764626 -999.0 16600.0 -999.0 2 -999 {-999.0 -999.0 -999.0 -999.0 -999.0} "" -999.0 -999.0 -999.0 -999.0 -999 -999 "" "" "" "" 0 0 0.0 0.0 -999 ""
FIBERMAP 642 R-2C18 BOSS 1 1 0 1 0 0 126.74305257046433 -22.925239454263366 143.1 22.309009685210885 126.84773921077442 117.83078 29.74563 267.6238818578276 -19.20687877405939 -1.3494592 -3.4035547 0.29832834 267.6238777132033 -19.206888645603136 267.67887863618716 -19.21701698231967 75.27542920700964 50.967673683755834 5400.0 5400.0 2016.0 1 299 {-999.0 18.38178 17.187172 16.566347 16.048609} sdss_psfmag_from_ps1dr2 17.8943 17.0972 16.1467 -999.0 63050395478836212 1039965289 "" ops_std_boss_ps1dr2 ops_std standard_boss 0 0 0.0 0.0 -999 ""
FIBERMAP 642 R-2C18 METROLOGY 0 0 0 1 0 0 126.078455607905 -23.260387833902428 143.1 22.64736578556803 126.18480302367148 117.83078 29.74563 -999.0 -999.0 -999.0 -999.0 -999.0 267.62495104288615 -19.208897571219097 267.6799697989236 -19.21901156349634 75.27607332407882 50.97613505886227 -999.0 6231.0 -999.0 -1 -999 {-999.0 -999.0 -999.0 -999.0 -999.0} "" -999.0 -999.0 -999.0 -999.0 -999 -999 "" "" "" "" 0 0 0.0 0.0 -999 ""
FIBERMAP 643 R+9C3 APOGEE 1 0 0 1 1 0 -165.62841449854042 166.67850185875687 143.1 -165.86613128128025 -166.42867569541775 268.6601 30.93718 267.0454284047807 -20.038828263008476 -4.1306806 -0.99159205 0.30724055 267.0148611564511 -20.093363555599804 267.07260935875354 -20.104824439664164 76.3002694737096 51.99755171255208 16000.0 16600.0 2016.0 2 35 {-999.0 16.842234 14.60437 13.444449 -999.0} sdss_psfmag_from_g3xp 15.703002 14.108734 12.901358 9.708 63050395476912487 1148009528 bright_12x1 mwm_bin_rv_short_rgb_apogee_12epoch mwm_bin science 0 0 0.0 0.0 -999 ""
FIBERMAP 643 R+9C3 BOSS 0 0 0 1 1 0 -166.01500865469274 167.3501503375897 143.1 -166.53586896994167 -166.81850912741052 268.6601 30.93718 -999.0 -999.0 -999.0 -999.0 -999.0 267.0127232048192 -20.094507913438854 267.0704342847109 -20.106009583931485 76.30257341655212 51.99536428348125 -999.0 5400.0 -999.0 1 59 {-999.0 -999.0 -999.0 -999.0 -999.0} "" -999.0 -999.0 -999.0 -999.0 -999 -999 "" "" "" "" 0 0 0.0 0.0 -999 ""
FIBERMAP 643 R+9C3 METROLOGY 0 0 0 1 1 0 -165.25410111410557 167.3188185594989 143.1 -166.50823125091077 -166.05748893970315 268.6601 30.93718 -999.0 -999.0 -999.0 -999.0 -999.0 267.0127772751537 -20.092249804816344 267.0704932545616 -20.10374180176469 76.3009919790068 51.98849655436493 -999.0 6231.0 -999.0 -1 -999 {-999.0 -999.0 -999.0 -999.0 -999.0} "" -999.0 -999.0 -999.0 -999.0 -999 -999 "" "" "" "" 0 0 0.0 0.0 -999 ""
FIBERMAP 646 R-9C11 APOGEE 1 1 0 1 0 0 39.30643119817887 -163.93350135966372 143.1 163.73427241182858 40.099912091471175 53.9969 123.94986 268.07786783140466 -19.470694990375662 26.615263 -8.547331 3.3136306 268.0779497076702 -19.470719780718785 268.1336851503698 -19.479570530528488 75.14193453497016 52.86763429439377 16000.0 16600.0 2016.0 2 164 {-999.0 13.161768 12.354044 12.004441 -999.0} sdss_psfmag_from_g3xp 12.915413 12.358731 11.639941 10.189 63050395478492898 1069577076 bright_18x1 mwm_bin_rv_short_subgiant_apogee mwm_bin science 0 0 0.0 0.0 -999 ""
FIBERMAP 646 R-9C11 BOSS 0 0 0 1 0 0 40.05114239513595 -163.93273546660294 143.1 163.7298927171463 40.844581014549746 53.9969 123.94986 -999.0 -999.0 -999.0 -999.0 -999.0 268.0780446399678 -19.468408335684423 268.1337285179645 -19.477297750406297 75.14037428670363 52.861187814427126 -999.0 5400.0 -999.0 1 397 {-999.0 -999.0 -999.0 -999.0 -999.0} "" -999.0 -999.0 -999.0 -999.0 -999 -999 "" "" "" "" 0 0 0.0 0.0 -999 ""
FIBERMAP 646 R-9C11 METROLOGY 0 0 0 1 0 0 39.67030713040536 -164.58916821783117 143.1 164.38813955142257 40.46695092216068 53.9969 123.94986 -999.0 -999.0 -999.0 -999.0 -999.0 268.0801649940985 -19.46956006091731 268.13586450448645 -19.478432852493174 75.13964929967113 52.86974671943187 -999.0 6231.0 -999.0 -1 -999 {-999.0 -999.0 -999.0 -999.0 -999.0} "" -999.0 -999.0 -999.0 -999.0 -999 -999 "" "" "" "" 0 0 0.0 0.0 -999 ""
FIBERMAP 651 R-2C19 APOGEE 1 1 0 1 0 0 143.42952857698842 -43.08882194983797 143.1 42.390574174012436 143.63119858800113 304.83615 140.68353 267.68840715616665 -19.156341361793842 -0.5554296 -1.7607051 0.53468263 267.6884054507867 -19.15634646847767 267.74329052305865 -19.166280306322143 75.19642522960345 50.99026070793756 16000.0 16600.0 2016.0 2 240 {-999.0 16.432953 14.515064 13.581655 -999.0} sdss_psfmag_from_g3xp 15.516473 14.219627 13.084209 10.305 63050395478839296 1148495292 bright_12x1 mwm_bin_rv_short_rgb_apogee_12epoch mwm_bin science 0 0 0.0 0.0 -999 ""
FIBERMAP 651 R-2C19 BOSS 0 0 0 1 0 0 143.3932043064687 -43.818770732982784 143.1 43.12066143410224 143.59841840224368 304.83615 140.68353 -999.0 -999.0 -999.0 -999.0 -999.0 267.6908126593617 -19.156349077329306 267.745654123898 -19.16631605661646 75.19484390349982 50.99643021401624 -999.0 5400.0 -999.0 1 303 {-999.0 -999.0 -999.0 -999.0 -999.0} "" -999.0 -999.0 -999.0 -999.0 -999 -999 "" "" "" "" 0 0 0.0 0.0 -999 ""
FIBERMAP 651 R-2C19 METROLOGY 0 0 0 1 0 0 142.75954201010512 -43.41933985271037 143.1 42.72432619134198 142.96285060542172 304.83615 140.68353 -999.0 -999.0 -999.0 -999.0 -999.0 267.68953060620873 -19.158263866888365 267.7443901216395 -19.16822255714746 75.1970270167811 50.99855311549567 -999.0 6231.0 -999.0 -1 -999 {-999.0 -999.0 -999.0 -999.0 -999.0} "" -999.0 -999.0 -999.0 -999.0 -999 -999 "" "" "" "" 0 0 0.0 0.0 -999 ""
FIBERMAP 652 R-4C22 APOGEE 0 0 0 1 0 0 221.1094072287035 -93.84844819303667 143.1 92.77061715805814 221.55337534238183 283.29706 89.734924 -999.0 -999.0 -999.0 -999.0 -999.0 267.8498167610887 -18.92161525100518 267.90398912024557 -18.93118599196302 74.92369236714069 50.746177832676494 -999.0 16600.0 -999.0 2 -999 {-999.0 -999.0 -999.0 -999.0 -999.0} "" -999.0 -999.0 -999.0 -999.0 -999 -999 "" "" "" "" 0 0 0.0 0.0 -999 ""
FIBERMAP 652 R-4C22 BOSS 1 1 0 1 0 0 220.369181559665 -94.05537048151994 143.1 92.98112080765523 220.81419212493418 283.29706 89.734924 267.85056738780946 -18.923749856305555 -6.12114 -8.7228985 0.16264413 267.85054861989227 -18.923775155875962 267.90468342122773 -18.933383817168526 74.92475666214341 50.753990320229256 5400.0 5400.0 2016.0 1 278 {-999.0 -999.0 -999.0 -999.0 -999.0} "" -999.0 15.700871 -999.0 10.506 63050395478890747 1093126053 bright_3x1 mwm_astar_core_boss mwm_ob science 0 0 0.0 0.0 -999 ""
FIBERMAP 652 R-4C22 METROLOGY 0 0 0 1 0 0 220.5863684462421 -93.31372522846773 143.1 92.23846001577678 221.02776880346426 283.29706 89.734924 -999.0 -999.0 -999.0 -999.0 -999.0 267.8481771714796 -18.92309990105566 267.90232281837916 -18.932703440488723 74.92588022847599 50.74612326456406 -999.0 6231.0 -999.0 -1 -999 {-999.0 -999.0 -999.0 -999.0 -999.0} "" -999.0 -999.0 -999.0 -999.0 -999 -999 "" "" "" "" 0 0 0.0 0.0 -999 ""
FIBERMAP 653 R+5C11 APOGEE 1 1 0 1 0 0 -0.16774987273234984 98.8190846938447 143.1 -98.81315432319744 -0.6472780717910229 353.12308 132.64368 267.23264078580524 -19.592561742637916 -3.1049137 -1.6534272 0.28481677 267.232631226982 -19.592566538176737 267.28887025187476 -19.603579430054953 75.80851484092624 51.06220090280381 16000.0 16600.0 2016.0 2 142 {-999.0 16.932371 14.862616 13.818101 -999.0} sdss_psfmag_from_g3xp 15.904236 14.479464 13.292074 10.29 63050395477216721 1148480899 bright_12x1 mwm_bin_rv_short_rgb_apogee_12epoch mwm_bin science 0 0 0.0 0.0 -999 ""
FIBERMAP 653 R+5C11 BOSS 0 0 0 1 0 0 0.24335050366959976 98.19963345426287 143.1 -98.19573009200514 -0.23319298458114385 353.12308 132.64368 -999.0 -999.0 -999.0 -999.0 -999.0 267.2346075267633 -19.591280691635202 267.29080086709484 -19.602326291691917 75.8063346602161 51.063642342281355 -999.0 5400.0 -999.0 1 143 {-999.0 -999.0 -999.0 -999.0 -999.0} "" -999.0 -999.0 -999.0 -999.0 -999 -999 "" "" "" "" 0 0 0.0 0.0 -999 ""
FIBERMAP 653 R+5C11 METROLOGY 0 0 0 1 0 0 -0.49788805132765646 98.15082454885003 143.1 -98.14332672398875 -0.9741563083786802 353.12308 132.64368 -999.0 -999.0 -999.0 -999.0 -999.0 267.2347434828725 -19.593541662787537 267.29095521520696 -19.604575743676364 75.80778580675742 51.07067743658496 -999.0 6231.0 -999.0 -1 -999 {-999.0 -999.0 -999.0 -999.0 -999.0} "" -999.0 -999.0 -999.0 -999.0 -999 -999 "" "" "" "" 0 0 0.0 0.0 -999 ""
FIBERMAP 656 R+4C4 APOGEE 0 0 0 1 0 0 -173.53537539774965 62.45637791934766 143.1 -61.61103350795373 -173.82947113678975 313.88492 92.18941 -999.0 -999.0 -999.0 -999.0 -999.0 267.35058073411005 -20.11797979881672 267.4083469246632 -20.1285647531375 76.08340501671168 52.96143518861038 -999.0 16600.0 -999.0 2 -999 {-999.0 -999.0 -999.0 -999.0 -999.0} "" -999.0 -999.0 -999.0 -999.0 -999 -999 "" "" "" "" 0 0 0.0 0.0 -999 ""
FIBERMAP 656 R+4C4 BOSS 1 1 0 1 0 0 -174.05179899927734 61.93557713454959 143.1 -61.087753651685986 -174.34334072375 313.88492 92.18941 267.352307054128 -20.119545253502157 -7.192838 -6.088725 0.6987681 267.3522848364972 -20.11956291301327 267.41001336768164 -20.130178603693697 76.08332094645255 52.97077466978321 5400.0 5400.0 2016.0 1 37 {-999.0 17.574415 16.25793 15.666184 -999.0} sdss_psfmag_ps1 16.998766 16.094341 15.16111 13.201 63050395476731134 980272484 "" ops_std_boss_red ops_std standard_boss 0 0 0.0 0.0 -999 ""
FIBERMAP 656 R+4C4 METROLOGY 0 0 0 1 0 0 -174.26272029451022 62.63092767716026 143.1 -61.7820446602256 -174.5576254086529 313.88492 92.18941 -999.0 -999.0 -999.0 -999.0 -999.0 267.35002220622937 -20.120231313574923 267.4077649901982 -20.130842652987145 76.08533460871614 52.96695789911365 -999.0 6231.0 -999.0 -1 -999 {-999.0 -999.0 -999.0 -999.0 -999.0} "" -999.0 -999.0 -999.0 -999.0 -999 -999 "" "" "" "" 0 0 0.0 0.0 -999 ""
FIBERMAP 657 R-1C7 APOGEE 1 1 0 1 0 0 -139.49744149778115 -7.412619169970562 143.1 8.089171105491232 -139.45424801986692 65.76401 114.3119 267.5758954290936 -20.014813223804385 -2.5326083 -8.295679 0.43616703 267.5758876114566 -20.01483728428428 267.6333113779072 -20.024862185622112 75.85686297389103 53.22486433728723 16000.0 16600.0 2016.0 2 280 {-999.0 16.935173 14.958038 14.003936 -999.0} sdss_psfmag_from_g3xp 15.982931 14.636012 13.502336 10.591 63050395476773878 1148798939 bright_12x1 mwm_bin_rv_short_rgb_apogee_12epoch mwm_bin science 0 0 0.0 0.0 -999 ""
FIBERMAP 657 R-1C7 BOSS 0 0 0 1 0 0 -138.73849556985277 -7.41439902227709 143.1 8.08726794785028 -138.6953327491425 65.76401 114.3119 -999.0 -999.0 -999.0 -999.0 -999.0 267.57593507025365 -20.012569521623927 267.63330924007244 -20.022630859307608 75.85537724799777 53.218051521225675 -999.0 5400.0 -999.0 1 460 {-999.0 -999.0 -999.0 -999.0 -999.0} "" -999.0 -999.0 -999.0 -999.0 -999 -999 "" "" "" "" 0 0 0.0 0.0 -999 ""
FIBERMAP 657 R-1C7 METROLOGY 0 0 0 1 0 0 -139.11746008430964 -8.06269091772324 143.1 8.737365269692638 -139.07113169304137 65.76401 114.3119 -999.0 -999.0 -999.0 -999.0 -999.0 267.5780198025612 -20.01373730580762 267.6354092076384 -20.02378275580208 75.85467411360634 53.22694674630958 -999.0 6231.0 -999.0 -1 -999 {-999.0 -999.0 -999.0 -999.0 -999.0} "" -999.0 -999.0 -999.0 -999.0 -999 -999 "" "" "" "" 0 0 0.0 0.0 -999 ""
FIBERMAP 658 R-3C12 APOGEE 1 1 0 1 0 0 7.14022225974733 -70.57776239064184 143.1 70.53945906666783 7.482343506981459 43.532173 17.9428 267.778395257389 -19.569430246537582 -0.85126907 -1.4692512 0.28508294 267.7783926370385 -19.56943450789914 267.8344708718118 -19.5790385028467 75.41708253204095 52.40678870585658 16000.0 16600.0 2016.0 2 177 {-999.0 17.348953 15.193248 14.25204 -999.0} sdss_psfmag_ps1 16.208626 14.777768 13.619911 10.603 63050395478606662 1149135748 bright_12x1 mwm_bin_rv_short_rgb_apogee_12epoch mwm_bin science 0 0 0.0 0.0 -999 ""
FIBERMAP 658 R-3C12 BOSS 0 0 0 1 0 0 6.764493526927968 -71.20350828501967 143.1 71.16699585255974 7.109670768776496 43.532173 17.9428 -999.0 -999.0 -999.0 -999.0 -999.0 267.78050145983804 -19.570526914411964 267.8365389600367 -19.580162995270232 75.41641135539533 52.415316760743735 -999.0 5400.0 -999.0 1 421 {-999.0 -999.0 -999.0 -999.0 -999.0} "" -999.0 -999.0 -999.0 -999.0 -999 -999 "" "" "" "" 0 0 0.0 0.0 -999 ""
FIBERMAP 658 R-3C12 METROLOGY 0 0 0 1 0 0 6.389512521101917 -70.55094862888512 143.1 70.51628964343507 6.731542517691113 43.532173 17.9428 -999.0 -999.0 -999.0 -999.0 -999.0 267.778398003478 -19.57168243954595 267.834451612346 -19.581312985133305 75.41863697280633 52.413384134239436 -999.0 6231.0 -999.0 -1 -999 {-999.0 -999.0 -999.0 -999.0 -999.0} "" -999.0 -999.0 -999.0 -999.0 -999 -999 "" "" "" "" 0 0 0.0 0.0 -999 ""
FIBERMAP 659 R+7C14 APOGEE 1 1 0 1 0 0 89.29091402946389 120.8612085791413 143.1 -121.28825078863682 88.69979086933427 344.19296 71.33025 267.16196603944667 -19.321223353556825 -2.0149941 -4.590486 0.70506376 267.1619598464317 -19.32123666763226 267.2174158488883 -19.332495874358194 75.66765571134101 50.08305068259363 16000.0 16600.0 2016.0 2 94 {-999.0 14.948777 13.384602 12.612341 -999.0} sdss_psfmag_from_g3xp 14.280055 13.195955 12.169142 9.788 63050395482683573 1069554004 bright_18x1 mwm_bin_rv_short_subgiant_apogee mwm_bin science 0 0 0.0 0.0 -999 ""
FIBERMAP 659 R+7C14 BOSS 0 0 0 1 0 0 88.86611209175584 120.24267712566315 143.1 -120.66768993381278 88.27801245765863 344.19296 71.33025 -999.0 -999.0 -999.0 -999.0 -999.0 267.16392766531266 -19.322444121819657 267.21934556630845 -19.33373649984116 75.66723395604711 50.09178681847652 -999.0 5400.0 -999.0 1 167 {-999.0 -999.0 -999.0 -999.0 -999.0} "" -999.0 -999.0 -999.0 -999.0 -999 -999 "" "" "" "" 0 0 0.0 0.0 -999 ""
FIBERMAP 659 R+7C14 METROLOGY 0 0 0 1 0 0 88.53781801193131 120.9155789095103 143.1 -121.3389637739115 87.9464700016391 344.19296 71.33025 -999.0 -999.0 -999.0 -999.0 -999.0 267.1617405237817 -19.32344220688692 267.2171734065083 -19.334729094170257 75.66938911047843 50.088813633784184 -999.0 6231.0 -999.0 -1 -999 {-999.0 -999.0 -999.0 -999.0 -999.0} "" -999.0 -999.0 -999.0 -999.0 -999 -999 "" "" "" "" 0 0 0.0 0.0 -999 ""
FIBERMAP 662 R+12C15 APOGEE 1 1 0 1 0 0 171.36976149217608 247.3411135002568 143.1 -248.15990919870896 170.16062286870775 100.72569 47.73554 266.7592842051053 -19.073852923672888 -2.4644403 -3.7677054 0.16968104 266.75927664211093 -19.0738638513859 266.8140753782991 -19.086223747157803 75.75892403961512 48.28258915271634 16000.0 16600.0 2016.0 2 109 {-999.0 17.736685 15.452915 14.457875 -999.0} sdss_psfmag_ps1 16.594116 14.976797 13.723596 10.603 63050395483031621 1149135632 bright_12x1 mwm_bin_rv_short_rgb_apogee_12epoch mwm_bin science 0 0 0.0 0.0 -999 ""
FIBERMAP 662 R+12C15 BOSS 0 0 0 1 0 0 172.02360359613343 246.9727015942782 143.1 -247.7946892502866 170.8162189033231 100.72569 47.73554 -999.0 -999.0 -999.0 -999.0 -999.0 266.7605477059616 -19.07188425298762 266.81530068078666 -19.08428068759604 75.75671913673723 48.28053764280088 -999.0 5400.0 -999.0 1 187 {-999.0 -999.0 -999.0 -999.0 -999.0} "" -999.0 -999.0 -999.0 -999.0 -999 -999 "" "" "" "" 0 0 0.0 0.0 -999 ""
FIBERMAP 662 R+12C15 METROLOGY 0 0 0 1 0 0 171.36430072388157 246.5883536852821 143.1 -247.4071618583653 170.15881528174472 100.72569 47.73554 -999.0 -999.0 -999.0 -999.0 -999.0 266.76168282895065 -19.073839064483135 266.8164525928056 -19.086220943157326 75.75737021298463 48.289184315105274 -999.0 6231.0 -999.0 -1 -999 {-999.0 -999.0 -999.0 -999.0 -999.0} "" -999.0 -999.0 -999.0 -999.0 -999 -999 "" "" "" "" 0 0 0.0 0.0 -999 ""
FIBERMAP 666 R-7C1 APOGEE 1 1 0 1 0 0 -199.10541098716115 -137.81124932703153 143.1 138.77030799664465 -198.42634917108612 358.16837 111.075676 267.9967781512054 -20.192865505698173 -4.155666 -9.693791 3.3553462 267.9967653089263 -20.192893621210846 268.05464168712325 -20.201785836813993 75.67496429902455 54.82477355340784 16000.0 16600.0 2016.0 2 275 {-999.0 9.885674 9.72153 9.667825 -999.0} sdss_psfmag_from_g3xp 9.900774 9.695181 9.330411 8.676 63050395477612238 975037263 "" ops_std_apogee ops_std standard_apogee 0 0 0.0 0.0 -999 ""
FIBERMAP 666 R-7C1 BOSS 0 0 0 1 0 0 -198.85030018514473 -138.51620902466973 143.1 139.47399322539303 -198.16783063719643 358.16837 111.075676 -999.0 -999.0 -999.0 -999.0 -999.0 267.9990925289157 -20.19209345292535 268.0569215249725 -20.201015362421604 75.67283539823768 54.82800481503034 -999.0 5400.0 -999.0 1 447 {-999.0 -999.0 -999.0 -999.0 -999.0} "" -999.0 -999.0 -999.0 -999.0 -999 -999 "" "" "" "" 0 0 0.0 0.0 -999 ""
FIBERMAP 666 R-7C1 METROLOGY 0 0 0 1 0 0 -199.590710485967 -138.37640168231658 143.1 139.33778609195753 -198.90888104301828 358.16837 111.075676 -999.0 -999.0 -999.0 -999.0 -999.0 267.9986584704154 -20.194370659408936 268.05650687811226 -20.203283098818112 75.67460110755141 54.83396673426296 -999.0 6231.0 -999.0 -1 -999 {-999.0 -999.0 -999.0 -999.0 -999.0} "" -999.0 -999.0 -999.0 -999.0 -999 -999 "" "" "" "" 0 0 0.0 0.0 -999 ""
FIBERMAP 670 R+9C6 APOGEE 1 1 0 1 0 0 -96.26408163272123 172.51714805838992 143.1 -172.04107773804049 -97.09626720316551 221.78426 77.43508 266.99576804496843 -19.883636801512683 3.518094 -2.1740882 0.26232117 266.99577889557406 -19.88364310715728 267.05291187446574 -19.89520210154866 76.17046787144783 51.30139232734275 16000.0 16600.0 2016.0 2 149 {-999.0 16.406622 14.561717 13.622258 -999.0} sdss_psfmag_from_g3xp 15.5515375 14.248247 13.13416 10.26 63050395477141565 1152205946 bright_1x1 mwm_galactic_core_dist_apogee_sparse mwm_galactic science 0 0 0.0 0.0 -999 ""
FIBERMAP 670 R+9C6 BOSS 0 0 0 1 0 0 -96.59846986381528 173.16213020509775 143.1 -172.68440381359815 -97.43376801001114 221.78426 77.43508 -999.0 -999.0 -999.0 -999.0 -999.0 266.99369753986326 -19.884640140562407 267.05079303468244 -19.896240612753772 76.17262832964383 51.29881162711581 -999.0 5400.0 -999.0 1 153 {-999.0 -999.0 -999.0 -999.0 -999.0} "" -999.0 -999.0 -999.0 -999.0 -999 -999 "" "" "" "" 0 0 0.0 0.0 -999 ""
FIBERMAP 670 R+9C6 METROLOGY 0 0 0 1 0 0 -95.88435766006765 173.15255227079663 143.1 -172.67829172950385 -96.71964630065567 221.78426 77.43508 -999.0 -999.0 -999.0 -999.0 -999.0 266.9936890285346 -19.882502331407377 267.05078977665437 -19.894093037595717 76.17115310287164 51.292281757855164 -999.0 6231.0 -999.0 -1 -999 {-999.0 -999.0 -999.0 -999.0 -999.0} "" -999.0 -999.0 -999.0 -999.0 -999 -999 "" "" "" "" 0 0 0.0 0.0 -999 ""
FIBERMAP 679 R+6C12 APOGEE 0 0 0 1 0 0 15.663761273749142 95.74475254869816 143.1 -95.81580652642225 15.198332136089627 320.0282 30.263702 -999.0 -999.0 -999.0 -999.0 -999.0 267.242515497929 -19.544508990348145 267.29861192483315 -19.55550746854737 75.76860103288952 50.946843257340504 -999.0 16600.0 -999.0 2 -999 {-999.0 -999.0 -999.0 -999.0 -999.0} "" -999.0 -999.0 -999.0 -999.0 -999 -999 "" "" "" "" 0 0 0.0 0.0 -999 ""
FIBERMAP 679 R+6C12 BOSS 1 1 0 1 0 0 14.909744938236187 95.88219956799395 143.1 -95.94958743334362 14.443687853906638 320.0282 30.263702 267.2420584513606 -19.546741717468468 -0.34536225 -3.4810755 0.24297917 267.2420573884266 -19.546751813850854 267.2981188831569 -19.557788651163353 75.77051730571823 50.95222090957377 5400.0 5400.0 2016.0 1 122 {-999.0 16.95759 16.136744 15.794106 -999.0} sdss_psfmag_ps1 16.576239 16.049538 15.3446245 14.214 63050395477239273 982150947 "" ops_std_boss_tic ops_std standard_boss 0 0 0.0 0.0 -999 ""
FIBERMAP 679 R+6C12 METROLOGY 0 0 0 1 0 0 15.396119468328259 96.44322665758637 143.1 -96.51294569332576 14.927314720038481 320.0282 30.263702 -999.0 -999.0 -999.0 -999.0 -999.0 267.2402308060421 -19.545285296126394 267.29630008473566 -19.556316532561194 75.77073187039167 50.94307095917378 -999.0 6231.0 -999.0 -1 -999 {-999.0 -999.0 -999.0 -999.0 -999.0} "" -999.0 -999.0 -999.0 -999.0 -999 -999 "" "" "" "" 0 0 0.0 0.0 -999 ""
FIBERMAP 680 R-6C10 APOGEE 0 0 0 1 0 0 -22.764645414978816 -129.75314703500996 143.1 129.85689851773012 -22.13381695102403 270.47238 115.787796 -999.0 -999.0 -999.0 -999.0 -999.0 267.9692070375507 -19.65946440684524 268.02551577267286 -19.6685528174539 75.34432546564231 53.14909136687197 -999.0 16600.0 -999.0 2 -999 {-999.0 -999.0 -999.0 -999.0 -999.0} "" -999.0 -999.0 -999.0 -999.0 -999 -999 "" "" "" "" 0 0 0.0 0.0 -999 ""
FIBERMAP 680 R-6C10 BOSS 1 1 0 1 0 0 -23.43076043698171 -130.07385214632686 143.1 130.18081946421077 -22.798341207457902 270.47238 115.787796 267.97036201233044 -19.661439205489287 -0.80417055 -5.19643 0.15868299 267.97035953553996 -19.661454277022774 268.02662965484717 -19.670576753198027 75.34490020072016 53.15781032225229 5400.0 5400.0 2016.0 1 411 {-999.0 19.272116 17.82211 17.146997 16.561518} sdss_psfmag_from_ps1dr2 18.6382 17.7125 16.7337 -999.0 63050395478376356 1039965202 "" ops_std_boss_ps1dr2 ops_std standard_boss 0 0 0.0 0.0 -999 ""
FIBERMAP 680 R-6C10 METROLOGY 0 0 0 1 0 0 -23.385417900819565 -129.33584649868249 143.1 129.44263199405304 -22.75658232032013 270.47238 115.787796 -999.0 -999.0 -999.0 -999.0 -999.0 267.9679872858373 -19.661340646276848 268.0242700381617 -19.670458666738934 75.34647247985886 53.151586983489494 -999.0 6231.0 -999.0 -1 -999 {-999.0 -999.0 -999.0 -999.0 -999.0} "" -999.0 -999.0 -999.0 -999.0 -999 -999 "" "" "" "" 0 0 0.0 0.0 -999 ""
FIBERMAP 682 R-8C1 APOGEE 1 1 0 1 0 0 -185.22822763362498 -146.77260998716247 143.1 147.66386322615145 -184.50639773623152 66.207146 72.32713 268.0255040759768 -20.150863811482186 5.6501307 3.2133822 1.6278121 268.0255215319038 -20.15085449150661 268.0832683761231 -20.15968199596242 75.62720801566591 54.76574132515854 16000.0 16600.0 2016.0 2 257 {-999.0 12.35114 11.079937 10.51247 -999.0} sdss_psfmag_from_g3xp 11.860074 11.019142 10.114861 8.109 63050395477613509 1147449412 bright_12x1 mwm_bin_rv_short_rgb_apogee_12epoch mwm_bin science 0 0 0.0 0.0 -999 ""
FIBERMAP 682 R-8C1 BOSS 0 0 0 1 0 0 -184.6818664465157 -147.26712733680006 143.1 148.15570365909196 -183.95766510495343 66.207146 72.32713 -999.0 -999.0 -999.0 -999.0 -999.0 268.027174470349 -20.149183757716255 268.08487145899574 -20.15804305720403 75.62499948981707 54.764651492859684 -999.0 5400.0 -999.0 1 527 {-999.0 -999.0 -999.0 -999.0 -999.0} "" -999.0 -999.0 -999.0 -999.0 -999 -999 "" "" "" "" 0 0 0.0 0.0 -999 ""
FIBERMAP 682 R-8C1 METROLOGY 0 0 0 1 0 0 -185.37665048030615 -147.50862061169119 143.1 148.4005559917129 -184.65124127812774 66.207146 72.32713 -999.0 -999.0 -999.0 -999.0 -999.0 268.02796796827687 -20.151312651731608 268.0856837304999 -20.16015928394187 75.6257923799623 54.77313062125205 -999.0 6231.0 -999.0 -1 -999 {-999.0 -999.0 -999.0 -999.0 -999.0} "" -999.0 -999.0 -999.0 -999.0 -999 -999 "" "" "" "" 0 0 0.0 0.0 -999 ""
FIBERMAP 684 R-12C13 APOGEE 0 0 0 1 0 0 119.67329639284848 -233.51966704445428 143.1 232.92684102583212 120.80029534464644 273.77808 174.48433 -999.0 -999.0 -999.0 -999.0 -999.0 268.29828639403917 -19.22670117432253 268.35326705953094 -19.235038344851084 74.82404431173637 52.710349143765825 -999.0 16600.0 -999.0 2 -999 {-999.0 -999.0 -999.0 -999.0 -999.0} "" -999.0 -999.0 -999.0 -999.0 -999 -999 "" "" "" "" 0 0 0.0 0.0 -999 ""
FIBERMAP 684 R-12C13 BOSS 1 1 0 1 0 0 119.6540267048167 -234.2590185067203 143.1 233.66624771787852 120.78461448652412 273.77808 174.48433 268.30069381192897 -19.226696614771676 -1.4922911 -5.1143208 0.63833857 268.300689228069 -19.22671144815792 268.3556241015515 -19.235081702707113 74.82243370576654 52.716217762608125 5400.0 5400.0 2016.0 1 429 {-999.0 17.218073 16.118563 15.660395 -999.0} sdss_psfmag_ps1 16.778189 16.037394 15.175527 13.544 63050395478545465 980272588 "" ops_std_boss_red ops_std standard_boss 0 0 0.0 0.0 -999 ""
FIBERMAP 684 R-12C13 METROLOGY 0 0 0 1 0 0 119.01073999022886 -233.86682296064154 143.1 233.27719413887618 120.13945788050397 273.77808 174.48433 -999.0 -999.0 -999.0 -999.0 -999.0 268.299493437924 -19.22864652207605 268.35444703000724 -19.237008282637348 74.82455499986307 52.71877140941592 -999.0 6231.0 -999.0 -1 -999 {-999.0 -999.0 -999.0 -999.0 -999.0} "" -999.0 -999.0 -999.0 -999.0 -999 -999 "" "" "" "" 0 0 0.0 0.0 -999 ""
FIBERMAP 686 R+8C2 APOGEE 0 0 0 1 0 0 -164.48966403915733 139.38290875247594 143.1 -138.57747738364978 -165.15752755714402 22.280878 28.521925 -999.0 -999.0 -999.0 -999.0 -999.0 267.10261592874593 -20.090239023865024 267.16034081591613 -20.101473176889073 76.23745003816344 52.222557470662935 -999.0 16600.0 -999.0 2 -999 {-999.0 -999.0 -999.0 -999.0 -999.0} "" -999.0 -999.0 -999.0 -999.0 -999 -999 "" "" "" "" 0 0 0.0 0.0 -999 ""
FIBERMAP 686 R+8C2 BOSS 1 1 0 1 0 0 -164.9976616391505 138.7876125494836 143.1 -137.97974685481617 -165.66261007678378 22.280878 28.521925 267.1045179980538 -20.09177464506174 8.249062 -1.6623397 2.3441076 267.1045434736825 -20.09177946644831 267.1622315145809 -20.10304378186596 76.23720625952548 52.23246887634071 5400.0 5400.0 2016.0 1 71 {-999.0 17.017538 15.673041 15.042516 -999.0} sdss_psfmag_ps1 16.464375 15.486989 14.498863 12.299 63050395476888669 1120283169 bright_1x1 openfibertargets_mwm_snc_further_ext_boss open_fiber science 0 0 0.0 0.0 -999 ""
FIBERMAP 686 R+8C2 METROLOGY 0 0 0 1 0 0 -165.22967000348612 139.49194722987684 143.1 -138.6829192072974 -165.89802433611055 22.280878 28.521925 -999.0 -999.0 -999.0 -999.0 -999.0 267.1022455395176 -20.092506887761377 267.15994768093014 -20.103766949325752 76.23927447344785 52.22860432687315 -999.0 6231.0 -999.0 -1 -999 {-999.0 -999.0 -999.0 -999.0 -999.0} "" -999.0 -999.0 -999.0 -999.0 -999 -999 "" "" "" "" 0 0 0.0 0.0 -999 ""
FIBERMAP 696 R+9C5 APOGEE 1 1 0 1 0 0 -118.37103148960534 182.118094796198 143.1 -181.53424955009916 -119.2486627503826 199.51755 65.96364 266.9650268554687 -19.950420080344998 -999.0 -999.0 -999.0 266.9650268554687 -19.950420080344994 267.0223614113952 -19.962043278994003 76.23726169291108 51.4222936254285 16000.0 16600.0 2015.5 2 45 {-999.0 -999.0 -999.0 -999.0 -999.0} "" -999.0 -999.0 -999.0 -999.0 27021603148172997 848963087 "" ops_sky_apogee_good ops_sky sky_apogee 0 0 0.0 0.0 -999 ""
FIBERMAP 696 R+9C5 BOSS 0 0 0 1 0 0 -118.35755609461101 182.8709418971631 143.1 -182.28712306429122 -119.23884137524571 199.51755 65.96364 -999.0 -999.0 -999.0 -999.0 -999.0 266.96261097247213 -19.950359042946413 267.019905093955 -19.962024564280803 76.23892800611942 51.415575615585965 -999.0 5400.0 -999.0 1 80 {-999.0 -999.0 -999.0 -999.0 -999.0} "" -999.0 -999.0 -999.0 -999.0 -999 -999 "" "" "" "" 0 0 0.0 0.0 -999 ""
FIBERMAP 696 R+9C5 METROLOGY 0 0 0 1 0 0 -117.71356344700396 182.4707566327713 143.1 -181.890083606305 -118.59294010125099 199.51755 65.96364 -999.0 -999.0 -999.0 -999.0 -999.0 266.9638514301863 -19.948444759440722 267.02115122727366 -19.960097300169586 76.2367533806876 51.4130631902147 -999.0 6231.0 -999.0 -1 -999 {-999.0 -999.0 -999.0 -999.0 -999.0} "" -999.0 -999.0 -999.0 -999.0 -999 -999 "" "" "" "" 0 0 0.0 0.0 -999 ""
FIBERMAP 697 R-7C20 APOGEE 1 1 0 1 0 0 212.61672731508577 -146.93324490753983 143.1 145.89387763358363 213.3187383917561 250.75696 133.65767 268.0195648455021 -18.9469636580869 -6.4322486 -2.832338 2.1542988 268.019545120961 -18.946971872894256 268.0737609357387 -18.956096931286083 74.82565063833312 51.24282124206042 16000.0 16600.0 2016.0 2 194 {-999.0 13.16781 12.520173 12.2060795 -999.0} sdss_psfmag_from_g3xp 12.991664 12.509893 11.852541 10.718 63050395479222739 1069529837 bright_18x1 mwm_bin_rv_short_subgiant_apogee mwm_bin science 0 0 0.0 0.0 -999 ""
FIBERMAP 697 R-7C20 BOSS 0 0 0 1 0 0 211.97331898986147 -147.24091766714622 143.1 146.204656714885 212.6768564147019 250.75696 133.65767 -999.0 -999.0 -999.0 -999.0 -999.0 268.0205938242636 -18.948859415675386 268.07477050707917 -18.95802165318315 74.82629570148511 51.25065087395831 -999.0 5400.0 -999.0 1 267 {-999.0 -999.0 -999.0 -999.0 -999.0} "" -999.0 -999.0 -999.0 -999.0 -999 -999 "" "" "" "" 0 0 0.0 0.0 -999 ""
FIBERMAP 697 R-7C20 METROLOGY 0 0 0 1 0 0 212.0005035716142 -146.5178532413775 143.1 145.48149780767287 212.70053079244528 250.75696 133.65767 -999.0 -999.0 -999.0 -999.0 -999.0 268.0183017540382 -18.948752575925944 268.0724911136398 -18.95790935716172 74.8277723859409 51.244634937914725 -999.0 6231.0 -999.0 -1 -999 {-999.0 -999.0 -999.0 -999.0 -999.0} "" -999.0 -999.0 -999.0 -999.0 -999 -999 "" "" "" "" 0 0 0.0 0.0 -999 ""
FIBERMAP 700 R+2C2 APOGEE 0 0 0 1 0 0 -256.9811114336529 21.480095626179306 143.1 -20.231937729944182 -257.0720422157703 291.3175 52.30756 -999.0 -999.0 -999.0 -999.0 -999.0 267.48343230071094 -20.369251139520212 267.54191973529623 -20.37943326950131 76.15554261044763 54.091053622964694 -999.0 16600.0 -999.0 2 -999 {-999.0 -999.0 -999.0 -999.0 -999.0} "" -999.0 -999.0 -999.0 -999.0 -999 -999 "" "" "" "" 0 0 0.0 0.0 -999 ""
FIBERMAP 700 R+2C2 BOSS 1 1 0 1 0 0 -257.6990634918907 21.70385968077142 143.1 -20.452206211327834 -257.7910429564015 291.3175 52.30756 267.4827575683594 -20.371381347479712 -999.0 -999.0 -999.0 267.4827575683594 -20.371381347479712 267.54120883284577 -20.38159934371574 76.15746497131995 54.096069728850274 5400.0 5400.0 2015.5 1 10 {-999.0 -999.0 -999.0 -999.0 -999.0} "" -999.0 -999.0 -999.0 -999.0 27021603148171858 852691667 "" ops_sky_boss_fallback ops_sky sky_boss 0 0 0.0 0.0 -999 ""
FIBERMAP 700 R+2C2 METROLOGY 0 0 0 1 0 0 -257.17088836150856 22.20361683143162 143.1 -20.95450054933515 -257.2653203311059 291.3175 52.30756 -999.0 -999.0 -999.0 -999.0 -999.0 267.48112473985776 -20.3698535128665 267.53958382637325 -20.380066292860818 76.15761174345144 54.087057631034554 -999.0 6231.0 -999.0 -1 -999 {-999.0 -999.0 -999.0 -999.0 -999.0} "" -999.0 -999.0 -999.0 -999.0 -999 -999 "" "" "" "" 0 0 0.0 0.0 -999 ""
FIBERMAP 701 R+2C8 APOGEE 0 0 0 1 0 0 -103.22048447719168 27.396581601204694 143.1 -26.89426770340044 -103.34808696243778 316.73666 107.97626 -999.0 -999.0 -999.0 -999.0 -999.0 267.46327775275796 -19.905139876311278 267.5203972098575 -19.91548223252275 75.86233043386004 52.60142809687454 -999.0 16600.0 -999.0 2 -999 {-999.0 -999.0 -999.0 -999.0 -999.0} "" -999.0 -999.0 -999.0 -999.0 -999 -999 "" "" "" "" 0 0 0.0 0.0 -999 ""
FIBERMAP 701 R+2C8 BOSS 1 1 0 1 0 0 -103.56569414273457 26.703039451680546 143.1 -26.199086271606895 -103.68991322030345 316.73666 107.97626 267.4648151605521 -19.90619432509949 -3.6093106 -3.4145741 0.2877142 267.46554542926543 -19.906204228603396 267.5226251911536 -19.916576847998126 75.86152002938186 52.61051764800735 5400.0 5400.0 2016.0 1 45 {-999.0 9.582521 8.974316 8.66175 -999.0} sdss_psfmag_from_g3xp 9.401507 8.952546 8.302492 7.315 63050395476802697 1093267295 bright_3x1 mwm_astar_core_boss mwm_ob science 0 0 2.509575843811035 0.0 -999 ""
FIBERMAP 701 R+2C8 METROLOGY 0 0 0 1 0 0 -103.96575207397782 27.33275037078665 143.1 -26.826823236526565 -104.09300622096318 316.73666 107.97626 -999.0 -999.0 -999.0 -999.0 -999.0 267.4635003166154 -19.907439412815233 267.52059608833224 -19.91780673264018 75.86375842203955 52.6089766740447 -999.0 6231.0 -999.0 -1 -999 {-999.0 -999.0 -999.0 -999.0 -999.0} "" -999.0 -999.0 -999.0 -999.0 -999 -999 "" "" "" "" 0 0 0.0 0.0 -999 ""
FIBERMAP 702 R-4C16 APOGEE 0 0 0 1 0 0 97.82451294178864 -83.73814996821892 143.1 83.25910389406488 98.22580211247327 298.37558 139.9059 -999.0 -999.0 -999.0 -999.0 -999.0 267.8195494763565 -19.294161987823717 267.8748141355745 -19.30372376843393 75.20149884106665 51.715084424706674 -999.0 16600.0 -999.0 2 -999 {-999.0 -999.0 -999.0 -999.0 -999.0} "" -999.0 -999.0 -999.0 -999.0 -999 -999 "" "" "" "" 0 0 0.0 0.0 -999 ""
FIBERMAP 702 R-4C16 BOSS 1 1 0 1 0 0 97.67812998882746 -84.46061253926898 143.1 83.98223940865405 98.082932614384 298.37558 139.9059 267.82196044921875 -19.29451202467601 -999.0 -999.0 -999.0 267.82196044921875 -19.29451202467601 267.877182038091 -19.30410635831303 75.20013595379649 51.722178059590455 5400.0 5400.0 2015.5 1 318 {-999.0 -999.0 -999.0 -999.0 -999.0} "" -999.0 -999.0 -999.0 -999.0 27021603148179442 852693475 "" ops_sky_boss_fallback ops_sky sky_boss 0 0 0.0 0.0 -999 ""
FIBERMAP 702 R-4C16 METROLOGY 0 0 0 1 0 0 97.11361122666479 -83.97078050841098 143.1 83.49517216471916 97.51606608448523 298.37558 139.9059 -999.0 -999.0 -999.0 -999.0 -999.0 267.82039193183454 -19.296228182081148 267.8756311948647 -19.305815153883405 75.20237321019604 51.72311206675079 -999.0 6231.0 -999.0 -1 -999 {-999.0 -999.0 -999.0 -999.0 -999.0} "" -999.0 -999.0 -999.0 -999.0 -999 -999 "" "" "" "" 0 0 0.0 0.0 -999 ""
FIBERMAP 703 R0C3 APOGEE 1 1 0 1 0 0 -259.46485620950386 -5.766457015043831 143.1 7.025257033109523 -259.42343973631466 210.38795 109.69653 267.57138336665537 -20.376544177954692 -4.050222 -6.75086 0.046941627 267.57137083539163 -20.376563757898914 267.629865075546 -20.386516179369703 76.09778459862932 54.338151029645466 16000.0 16600.0 2016.0 2 252 {-999.0 18.403002 16.041033 14.207916 -999.0} sdss_psfmag_ps1 17.106588 14.7897005 13.396636 9.656 63050395476643274 1153796954 bright_1x1 mwm_galactic_core_dist_apogee_sparse mwm_galactic science 0 0 0.0 0.0 -999 ""
FIBERMAP 703 R0C3 BOSS 0 0 0 1 0 0 -259.97865363551176 -5.2195883215117105 143.1 6.480909945409486 -259.93986433652094 210.38795 109.69653 -999.0 -999.0 -999.0 -999.0 -999.0 267.5696526911464 -20.378081513381535 267.628108803764 -20.38807265481998 76.10004768348594 54.338592024621676 -999.0 5400.0 -999.0 1 521 {-999.0 -999.0 -999.0 -999.0 -999.0} "" -999.0 -999.0 -999.0 -999.0 -999 -999 "" "" "" "" 0 0 0.0 0.0 -999 ""
FIBERMAP 703 R0C3 METROLOGY 0 0 0 1 0 0 -259.2439809369968 -5.055197822743337 143.1 6.312962830214039 -259.206027409148 210.38795 109.69653 -999.0 -999.0 -999.0 -999.0 -999.0 267.56910634419586 -20.375935859523313 267.6275683530881 -20.38591911205399 76.0990268400698 54.33042205830748 -999.0 6231.0 -999.0 -1 -999 {-999.0 -999.0 -999.0 -999.0 -999.0} "" -999.0 -999.0 -999.0 -999.0 -999 -999 "" "" "" "" 0 0 0.0 0.0 -999 ""
FIBERMAP 708 R+12C13 APOGEE 0 0 0 1 0 0 125.34892235500598 218.16851875903737 143.1 -218.76550069439065 124.2837315657566 1.6754092 56.92443 -999.0 -999.0 -999.0 -999.0 -999.0 266.85111602126153 -19.21247075679198 266.9063044709608 -19.22456053692496 75.7979569699649 48.92880846198989 -999.0 16600.0 -999.0 2 -999 {-999.0 -999.0 -999.0 -999.0 -999.0} "" -999.0 -999.0 -999.0 -999.0 -999 -999 "" "" "" "" 0 0 0.0 0.0 -999 ""
FIBERMAP 708 R+12C13 BOSS 1 1 0 1 0 0 124.97090057511193 217.51907320662306 143.1 -218.11425435009474 123.90888090593276 1.6754092 56.92443 266.853183699863 -19.213531865444462 6.2745585 -10.5373 4.3429675 266.8532029718379 -19.21356242743801 266.9083543024465 -19.225685312193846 75.7974106617447 48.93765683870634 5400.0 5400.0 2016.0 1 105 {-999.0 19.046404 17.286823 15.910732 -999.0} sdss_psfmag_ps1 18.086258 16.384497 15.027379 12.02 63050395480795970 917199548 bright_4x1 mwm_yso_pms_boss_sagitta_edr3 mwm_yso science 0 0 0.0 0.0 -999 ""
FIBERMAP 708 R+12C13 METROLOGY 0 0 0 1 0 0 124.60096122618985 218.17575523443745 143.1 -218.76910718298592 123.53577404619149 1.6754092 56.92443 -999.0 -999.0 -999.0 -999.0 -999.0 266.8510538380393 -19.214671846969157 266.90621996429434 -19.226789113003264 75.79960804025437 48.93491849216804 -999.0 6231.0 -999.0 -1 -999 {-999.0 -999.0 -999.0 -999.0 -999.0} "" -999.0 -999.0 -999.0 -999.0 -999 -999 "" "" "" "" 0 0 0.0 0.0 -999 ""
FIBERMAP 711 R-8C15 APOGEE 1 1 0 1 0 0 131.2738908317335 -164.49884702791815 143.1 163.85330063359643 132.0653535699423 37.75698 36.533325 268.07775740244506 -19.19224150168617 -1.3001319 -1.5065557 0.23489216 268.077753409676 -19.19224587124435 268.13267394236175 -19.201162538199714 74.95384475101825 52.07204385452876 16000.0 16600.0 2016.0 2 201 {-999.0 17.874489 15.617834 14.384358 -999.0} sdss_psfmag_ps1 16.657518 14.739263 13.437665 9.996 63050395478784113 1149080971 bright_12x1 mwm_bin_rv_short_rgb_apogee_12epoch mwm_bin science 0 0 0.0 0.0 -999 ""
FIBERMAP 711 R-8C15 BOSS 0 0 0 1 0 0 131.126049184254 -165.2251335020334 143.1 164.58026693183933 131.92104400901638 37.75698 36.533325 -999.0 -999.0 -999.0 -999.0 -999.0 268.080164763831 -19.192616759100805 268.13504133545075 -19.20156646860733 74.9524875645164 52.079061945407375 -999.0 5400.0 -999.0 1 284 {-999.0 -999.0 -999.0 -999.0 -999.0} "" -999.0 -999.0 -999.0 -999.0 -999 -999 "" "" "" "" 0 0 0.0 0.0 -999 ""
FIBERMAP 711 R-8C15 METROLOGY 0 0 0 1 0 0 130.55728442008825 -164.7168486359637 143.1 164.07476841255095 131.34984215134148 37.75698 36.533325 -999.0 -999.0 -999.0 -999.0 -999.0 268.07856695616226 -19.194331678380696 268.133461469375 -19.203273962002232 74.95474351731701 52.07994181941274 -999.0 6231.0 -999.0 -1 -999 {-999.0 -999.0 -999.0 -999.0 -999.0} "" -999.0 -999.0 -999.0 -999.0 -999 -999 "" "" "" "" 0 0 0.0 0.0 -999 ""
FIBERMAP 712 R-7C5 APOGEE 1 1 0 1 0 0 -108.99848775789377 -144.8185376341513 143.1 145.33997390536547 -108.29008711521269 354.15714 87.07606 268.0186545516344 -19.920579520912895 2.1799316 0.83631116 0.8964798 268.01866127661077 -19.920577095306886 268.0757295562219 -19.929476215255352 75.48213648540154 54.04863610521837 16000.0 16600.0 2016.0 2 298 {-999.0 14.316694 13.018111 12.42251 -999.0} sdss_psfmag_from_g3xp 13.809824 12.937789 12.017942 9.962 63050395478241140 1069800926 bright_18x1 mwm_bin_rv_short_subgiant_apogee mwm_bin science 0 0 0.0 0.0 -999 ""
FIBERMAP 712 R-7C5 BOSS 0 0 0 1 0 0 -109.12288136355198 -145.54107822543332 143.1 146.0630807289951 -108.41096802588551 354.15714 87.07606 -999.0 -999.0 -999.0 -999.0 -999.0 268.02108378183453 -19.920939419594145 268.0781081661738 -19.929868730670165 75.48071083642597 54.055684220054616 -999.0 5400.0 -999.0 1 489 {-999.0 -999.0 -999.0 -999.0 -999.0} "" -999.0 -999.0 -999.0 -999.0 -999 -999 "" "" "" "" 0 0 0.0 0.0 -999 ""
FIBERMAP 712 R-7C5 METROLOGY 0 0 0 1 0 0 -109.69273623866408 -145.0772223229549 143.1 145.60201416295274 -108.98304433875353 354.15714 87.07606 -999.0 -999.0 -999.0 -999.0 -999.0 268.01960486100467 -19.922698473455302 268.07664730717954 -19.931620846384746 75.48289785171251 54.05734336448137 -999.0 6231.0 -999.0 -1 -999 {-999.0 -999.0 -999.0 -999.0 -999.0} "" -999.0 -999.0 -999.0 -999.0 -999 -999 "" "" "" "" 0 0 0.0 0.0 -999 ""
FIBERMAP 713 R+3C9 APOGEE 1 1 0 1 0 0 -92.26938037648887 54.09958002867249 143.1 -53.64902573649961 -92.52713082074807 206.86745 106.36805 267.37706336224636 -19.87201280423659 -5.555959 0.975542 2.3370693 267.377046227657 -19.8720099748099 267.4340826893553 -19.882583509979423 75.89993688233636 52.27720180046386 16000.0 16600.0 2016.0 2 22 {-999.0 13.971427 13.06819 12.609906 -999.0} sdss_psfmag_from_g3xp 13.676082 13.024492 12.232027 10.617 63050395477090483 1069525398 bright_18x1 mwm_bin_rv_short_subgiant_apogee mwm_bin science 0 0 0.0 0.0 -999 ""
FIBERMAP 713 R+3C9 BOSS 0 0 0 1 0 0 -92.80893329551799 54.625844442288745 143.1 -54.17264462803305 -93.06920959462055 206.86745 106.36805 -999.0 -999.0 -999.0 -999.0 -999.0 267.37536213344333 -19.873660711842547 267.432361515053 -19.88427475343219 75.90227318751658 52.27780717506397 -999.0 5400.0 -999.0 1 32 {-999.0 -999.0 -999.0 -999.0 -999.0} "" -999.0 -999.0 -999.0 -999.0 -999 -999 "" "" "" "" 0 0 0.0 0.0 -999 ""
FIBERMAP 713 R+3C9 METROLOGY 0 0 0 1 0 0 -92.08053598971759 54.81388272688337 143.1 -54.36420785225592 -92.34176249007008 206.86745 106.36805 -999.0 -999.0 -999.0 -999.0 -999.0 267.37473381162465 -19.871471519636753 267.4317387922846 -19.882077365283333 75.90121514885409 52.26954331085665 -999.0 6231.0 -999.0 -1 -999 {-999.0 -999.0 -999.0 -999.0 -999.0} "" -999.0 -999.0 -999.0 -999.0 -999 -999 "" "" "" "" 0 0 0.0 0.0 -999 ""
FIBERMAP 718 R+2C7 APOGEE 1 1 0 1 0 0 -136.80234087126692 47.568893233456905 143.1 -46.902573089908564 -137.0260943324982 62.230648 152.16153 267.39838202394554 -20.006840305170545 -1.2185245 -25.155182 7.8179193 267.3983782628024 -20.00691326432738 267.45580895853794 -20.017400024326484 75.97581154538838 52.74348668820313 16000.0 16600.0 2016.0 2 29 {-999.0 7.553155 7.631169 7.712365 -999.0} sdss_psfmag_from_g3xp 7.650455 7.5705986 7.3958077 7.085 63050395476761787 975037092 "" ops_std_apogee ops_std standard_apogee 0 0 0.0 0.0 -999 ""
FIBERMAP 718 R+2C7 BOSS 0 0 0 1 0 0 -136.17475904959636 48.02315064184177 143.1 -47.359852429727084 -136.40074936721865 62.230648 152.16153 -999.0 -999.0 -999.0 -999.0 -999.0 267.396927750934 -20.005040457454218 267.45431062112914 -20.015567527536877 75.97562329604146 52.73398254245592 -999.0 5400.0 -999.0 1 48 {-999.0 -999.0 -999.0 -999.0 -999.0} "" -999.0 -999.0 -999.0 -999.0 -999 -999 "" "" "" "" 0 0 0.0 0.0 -999 ""
FIBERMAP 718 R+2C7 METROLOGY 0 0 0 1 0 0 -136.120150683345 47.26668360690774 143.1 -46.60368955734137 -136.34247293976833 62.230648 152.16153 -999.0 -999.0 -999.0 -999.0 -999.0 267.3993514679938 -20.004899629233048 267.4567454773337 -20.015410251718773 75.97382304594421 52.739843906889064 -999.0 6231.0 -999.0 -1 -999 {-999.0 -999.0 -999.0 -999.0 -999.0} "" -999.0 -999.0 -999.0 -999.0 -999 -999 "" "" "" "" 0 0 0.0 0.0 -999 ""
FIBERMAP 720 R-7C15 APOGEE 0 0 0 1 0 0 83.86299542115503 -133.87508893508758 143.1 133.46119773716674 84.50830570755132 203.58658 83.35852 -999.0 -999.0 -999.0 -999.0 -999.0 267.9807155530481 -19.336019922845406 268.0360739305238 -19.345154287991967 75.11872302854032 52.239239106817195 -999.0 16600.0 -999.0 2 -999 {-999.0 -999.0 -999.0 -999.0 -999.0} "" -999.0 -999.0 -999.0 -999.0 -999 -999 "" "" "" "" 0 0 0.0 0.0 -999 ""
FIBERMAP 720 R-7C15 BOSS 1 1 0 1 0 0 83.66548136490701 -133.1062767401089 143.1 132.69338381874798 84.30707108196573 203.58658 83.35852 267.97835863358864 -19.33654654732629 -0.4991339 -1.8326199 7.785364 267.9783570993739 -19.336551862589115 268.03367354970214 -19.345730840355753 75.12077484953656 52.234881905688965 5400.0 5400.0 2016.0 1 283 {-999.0 22.428404 20.342062 19.647072 -999.0} sdss_psfmag_ps1 20.908957 20.468737 18.939722 -999.0 63050395478748610 1077959030 bright_flexible_2x1 mwm_snc_ext_main_boss mwm_snc science 0 0 0.0 0.0 -999 ""
FIBERMAP 720 R-7C15 METROLOGY 0 0 0 1 0 0 84.37571624872 -133.330464688678 143.1 132.91411362109966 85.01835710474676 203.58658 83.35852 -999.0 -999.0 -999.0 -999.0 -999.0 267.97906632671135 -19.334398565189645 268.0343885489385 -19.34356537885738 75.11880674927133 52.23049186692981 -999.0 6231.0 -999.0 -1 -999 {-999.0 -999.0 -999.0 -999.0 -999.0} "" -999.0 -999.0 -999.0 -999.0 -999 -999 "" "" "" "" 0 0 0.0 0.0 -999 ""
FIBERMAP 722 R-4C20 APOGEE 0 0 0 1 0 0 182.18577786050867 -66.62265863910883 143.1 65.7351209292674 182.49964333253064 61.374565 130.13676 -999.0 -999.0 -999.0 -999.0 -999.0 267.7633668988324 -19.039069337997482 267.81789670716284 -19.048836468860674 75.06408492287412 50.85255615517332 -999.0 16600.0 -999.0 2 -999 {-999.0 -999.0 -999.0 -999.0 -999.0} "" -999.0 -999.0 -999.0 -999.0 -999 -999 "" "" "" "" 0 0 0.0 0.0 -999 ""
FIBERMAP 722 R-4C20 BOSS 1 1 0 1 0 0 182.9192898651913 -66.47392225273552 143.1 65.58283274844872 183.23239559048298 61.374565 130.13676 267.76295102998654 -19.036713360960626 -2.425186 -16.609053 2.0047524 267.7629435891226 -19.036761533241 267.8174234112803 -19.04657011695661 75.06282707457773 50.84503874161815 5400.0 5400.0 2016.0 1 312 {-999.0 15.682926 14.647687 14.119112 -999.0} sdss_psfmag_from_g3xp 15.323157 14.580582 13.721697 12.039 63050395478875738 1113589038 bright_2x1_long_v2 mwm_bin_gaia_astb_boss mwm_bin science 0 0 0.0 0.0 -999 ""
FIBERMAP 722 R-4C20 METROLOGY 0 0 0 1 0 0 182.68958888114688 -67.17553536341505 143.1 66.28552419745505 183.0061111994307 61.374565 130.13676 -999.0 -999.0 -999.0 -999.0 -999.0 267.76519235094094 -19.03743772267591 267.81968596143406 -19.04722906768215 75.06175177860142 50.85265264925522 -999.0 6231.0 -999.0 -1 -999 {-999.0 -999.0 -999.0 -999.0 -999.0} "" -999.0 -999.0 -999.0 -999.0 -999 -999 "" "" "" "" 0 0 0.0 0.0 -999 ""
FIBERMAP 725 R-11C8 APOGEE 1 1 0 1 0 0 -31.318812814299985 -215.19592467020001 143.1 215.33676296580063 -30.2729154445345 237.92557 52.764484 268.24343579642715 -19.683852712605507 -2.877567 -4.927557 0.4383746 268.24342693247723 -19.6838670043089 268.2997576129777 -19.69223896404965 75.16724208213398 53.893392882916345 16000.0 16600.0 2016.0 2 173 {-999.0 18.47032 16.99004 16.093529 -999.0} sdss_psfmag_ps1 17.591785 17.113207 15.435465 12.906 63050395478418248 917013805 bright_3x1 mwm_yso_variable_apogee mwm_yso science 0 0 0.0 0.0 -999 ""
FIBERMAP 725 R-11C8 BOSS 0 0 0 1 0 0 -31.557390285604505 -214.48275228328072 143.1 214.62478524210354 -30.514941357232143 237.92557 52.764484 -999.0 -999.0 -999.0 -999.0 -999.0 268.2412432782424 -19.68457338360129 268.2975311609746 -19.692988379775567 75.1693104337696 53.890176809072784 -999.0 5400.0 -999.0 1 415 {-999.0 -999.0 -999.0 -999.0 -999.0} "" -999.0 -999.0 -999.0 -999.0 -999 -999 "" "" "" "" 0 0 0.0 0.0 -999 ""
FIBERMAP 725 R-11C8 METROLOGY 0 0 0 1 0 0 -30.84551011288283 -214.61665168323316 143.1 214.75522318645503 -29.8024482716935 237.92557 52.764484 -999.0 -999.0 -999.0 -999.0 -999.0 268.24168107576634 -19.682429754541563 268.2979754017455 -19.690833487849822 75.16757210889581 53.88494034544374 -999.0 6231.0 -999.0 -1 -999 {-999.0 -999.0 -999.0 -999.0 -999.0} "" -999.0 -999.0 -999.0 -999.0 -999 -999 "" "" "" "" 0 0 0.0 0.0 -999 ""
FIBERMAP 727 R+5C12 APOGEE 1 1 0 1 0 0 23.955873449238847 81.94145817427005 143.1 -82.0534657383199 23.556997888482687 359.08218 58.76166 267.2869158251888 -19.51929336161786 4.0556498 -6.443286 1.1033977 267.28692830528985 -19.519312049485087 267.3429435426212 -19.53020129743369 75.72094643285433 50.99035933496067 16000.0 16600.0 2016.0 2 132 {-999.0 14.575626 13.154163 12.470875 -999.0} sdss_psfmag_from_g3xp 13.996546 13.023007 12.048224 9.808 63050395478671192 1069525409 bright_18x1 mwm_bin_rv_short_subgiant_apogee mwm_bin science 0 0 0.0 0.0 -999 ""
FIBERMAP 727 R+5C12 BOSS 0 0 0 1 0 0 23.56393402734267 81.30492387284784 143.1 -81.41506243874815 23.168167653136795 359.08218 58.76166 -999.0 -999.0 -999.0 -999.0 -999.0 267.2889686906807 -19.52044876884035 267.34494511474963 -19.531370302180598 75.72039625881118 50.99907607614233 -999.0 5400.0 -999.0 1 121 {-999.0 -999.0 -999.0 -999.0 -999.0} "" -999.0 -999.0 -999.0 -999.0 -999 -999 "" "" "" "" 0 0 0.0 0.0 -999 ""
FIBERMAP 727 R+5C12 METROLOGY 0 0 0 1 0 0 23.2152968044484 81.97010862488412 143.1 -82.07852092792533 22.816320555554963 359.08218 58.76166 -999.0 -999.0 -999.0 -999.0 -999.0 267.28680804419514 -19.521517484309197 267.342799800586 -19.532433646711628 75.72259091928841 50.99650502892399 -999.0 6231.0 -999.0 -1 -999 {-999.0 -999.0 -999.0 -999.0 -999.0} "" -999.0 -999.0 -999.0 -999.0 -999 -999 "" "" "" "" 0 0 0.0 0.0 -999 ""
FIBERMAP 728 R+7C12 APOGEE 1 1 0 1 0 0 50.59316771555902 121.6328624048692 143.1 -121.87207708294565 50.00030353712795 37.651886 16.253143 267.1594824137885 -19.438394124993277 -47.905922 -57.495026 14.313521 267.15933507049834 -19.438560881374467 267.21513532179455 -19.44979929487365 75.75146601641255 50.41566378262416 16000.0 16600.0 2016.0 2 143 {-999.0 16.794495 15.3035 14.086968 -999.0} sdss_psfmag_ps1 16.121096 14.691943 13.518693 11.332 63050395482657024 1068816038 bright_18x1 mwm_bin_rv_short_mdwarf_apogee_18epoch mwm_bin science 0 0 0.0 0.0 -999 ""
FIBERMAP 728 R+7C12 BOSS 0 0 0 1 0 0 50.144699014039816 121.03332976436585 143.1 -121.27039921032843 49.55476739192097 37.651886 16.253143 -999.0 -999.0 -999.0 -999.0 -999.0 267.1612383318553 -19.43985726400682 267.2170002174372 -19.451128796302214 75.75113885276436 50.424521163361135 -999.0 5400.0 -999.0 1 144 {-999.0 -999.0 -999.0 -999.0 -999.0} "" -999.0 -999.0 -999.0 -999.0 -999 -999 "" "" "" "" 0 0 0.0 0.0 -999 ""
FIBERMAP 728 R+7C12 METROLOGY 0 0 0 1 0 0 49.82197995966526 121.69585325078464 143.1 -121.93132234411834 49.22885003520838 37.651886 16.253143 -999.0 -999.0 -999.0 -999.0 -999.0 267.15908381143913 -19.440842865458404 267.21486064205044 -19.452108954749093 75.753266409627 50.421635668184535 -999.0 6231.0 -999.0 -1 -999 {-999.0 -999.0 -999.0 -999.0 -999.0} "" -999.0 -999.0 -999.0 -999.0 -999 -999 "" "" "" "" 0 0 0.0 0.0 -999 ""
FIBERMAP 729 R-8C19 APOGEE 1 1 0 1 0 0 202.18815595087608 -171.0505133473115 143.1 170.06050387309946 203.00774022574004 290.71442 97.18521 268.0967502368716 -18.978265192228893 -0.884564 -2.5387113 0.19439997 268.09674752383995 -18.978272555413028 268.151040396326 -18.987190298648777 74.79434575960298 51.521392125934135 16000.0 16600.0 2016.0 2 193 {-999.0 17.435944 15.092711 14.015748 -999.0} sdss_psfmag_ps1 16.219078 14.508619 13.26224 9.925 63050395479172883 1149077176 bright_12x1 mwm_bin_rv_short_rgb_apogee_12epoch mwm_bin science 0 0 0.0 0.0 -999 ""
FIBERMAP 729 R-8C19 BOSS 0 0 0 1 0 0 201.52872400967465 -171.38681748743943 143.1 170.39999060993716 202.3499744011071 290.71442 97.18521 -999.0 -999.0 -999.0 -999.0 -999.0 268.0978844098031 -18.9802153691453 268.15213809508543 -18.989169915647587 74.79495975454961 51.529586634332134 -999.0 5400.0 -999.0 1 266 {-999.0 -999.0 -999.0 -999.0 -999.0} "" -999.0 -999.0 -999.0 -999.0 -999 -999 "" "" "" "" 0 0 0.0 0.0 -999 ""
FIBERMAP 729 R-8C19 METROLOGY 0 0 0 1 0 0 201.5509277643768 -170.64904396460307 143.1 169.66214753755148 202.3685968312161 290.71442 97.18521 -999.0 -999.0 -999.0 -999.0 -999.0 268.0955532226527 -18.980124403820394 268.14981972222665 -18.989073617876592 74.79648056185994 51.52355512062479 -999.0 6231.0 -999.0 -1 -999 {-999.0 -999.0 -999.0 -999.0 -999.0} "" -999.0 -999.0 -999.0 -999.0 -999 -999 "" "" "" "" 0 0 0.0 0.0 -999 ""
FIBERMAP 731 R0C27 APOGEE 0 0 0 1 0 0 302.41082023263834 12.199346155350865 143.1 -13.666215910421569 302.3359635230111 72.44915 89.80376 -999.0 -999.0 -999.0 -999.0 -999.0 267.5101038011747 -18.678277258950978 267.56362839267035 -18.68878501261135 74.98030629816694 49.20857676098029 -999.0 16600.0 -999.0 2 -999 {-999.0 -999.0 -999.0 -999.0 -999.0} "" -999.0 -999.0 -999.0 -999.0 -999 -999 "" "" "" "" 0 0 0.0 0.0 -999 ""
FIBERMAP 731 R0C27 BOSS 1 1 0 1 0 0 303.14695349980735 11.985338958050663 143.1 -13.455792008665638 303.07309718439 72.44915 89.80376 267.5108290884541 -18.676079667391775 -0.3849256 -4.206196 -0.14610983 267.5108279099762 -18.67609186688621 267.56430357895965 -18.686639419607182 74.97832470825207 49.20455586362831 5400.0 5400.0 2016.0 1 182 {-999.0 19.542044 17.58697 16.754108 -999.0} sdss_psfmag_ps1 18.60646 17.32935 16.198298 13.555 63050395483005464 980272863 "" ops_std_boss_red ops_std standard_boss 0 0 0.0 0.0 -999 ""
FIBERMAP 731 R0C27 METROLOGY 0 0 0 1 0 0 302.5758326196403 11.469778386783737 143.1 -12.937486666511301 302.504507721677 72.44915 89.80376 -999.0 -999.0 -999.0 -999.0 -999.0 267.51245938413615 -18.677740221029843 267.5659515819069 -18.688271492955785 74.9784008808355 49.21326474983317 -999.0 6231.0 -999.0 -1 -999 {-999.0 -999.0 -999.0 -999.0 -999.0} "" -999.0 -999.0 -999.0 -999.0 -999 -999 "" "" "" "" 0 0 0.0 0.0 -999 ""
FIBERMAP 732 R-10C12 APOGEE 0 0 0 1 0 0 78.83142920018108 -197.99861286492023 143.1 197.60581824122076 79.78817060484464 333.6806 124.53376 -999.0 -999.0 -999.0 -999.0 -999.0 268.1861276045921 -19.3505582669181 268.24149122436665 -19.359156949614135 74.98567013630534 52.788284636032756 -999.0 16600.0 -999.0 2 -999 {-999.0 -999.0 -999.0 -999.0 -999.0} "" -999.0 -999.0 -999.0 -999.0 -999 -999 "" "" "" "" 0 0 0.0 0.0 -999 ""
FIBERMAP 732 R-10C12 BOSS 1 1 0 1 0 0 78.9614071731622 -198.75340204923992 143.1 198.35993760566953 79.92180459471751 333.6806 124.53376 268.18862915039057 -19.35009896933967 -999.0 -999.0 -999.0 268.18862915039057 -19.35009896933967 268.2439459541081 -19.358730082981825 74.98367254384894 52.7930984989767 5400.0 5400.0 2015.5 1 402 {-999.0 -999.0 -999.0 -999.0 -999.0} "" -999.0 -999.0 -999.0 -999.0 27021603148178749 852693304 "" ops_sky_boss_fallback ops_sky sky_boss 0 0 0.0 0.0 -999 ""
FIBERMAP 732 R-10C12 METROLOGY 0 0 0 1 0 0 78.25079155570347 -198.47016152901716 143.1 198.0801601366739 79.20985129507547 333.6806 124.53376 -999.0 -999.0 -999.0 -999.0 -999.0 268.1877595057485 -19.352252558034085 268.2430955300309 -19.360874416189162 74.98571127669193 52.7971199366317 -999.0 6231.0 -999.0 -1 -999 {-999.0 -999.0 -999.0 -999.0 -999.0} "" -999.0 -999.0 -999.0 -999.0 -999 -999 "" "" "" "" 0 0 0.0 0.0 -999 ""
FIBERMAP 736 R+11C12 APOGEE 1 1 0 1 0 0 67.74537844982962 205.4542956164885 143.1 -205.77240456058848 66.74486806116217 219.1977 115.29681 266.890910288118 -19.386615433121566 -5.4398656 -6.179829 0.03325604 266.8908935621746 -19.38663335686806 266.9465846457918 -19.39857958565218 75.89524521360721 49.53902056063922 16000.0 16600.0 2016.0 2 145 {-999.0 21.182837 23.713112 14.268716 -999.0} sdss_psfmag_gaia 18.521511 14.300173 12.694107 8.157 63050395480754198 1154720293 bright_1x1 mwm_galactic_core_dist_apogee_sparse mwm_galactic science 0 0 0.0 0.0 -999 ""
FIBERMAP 736 R+11C12 BOSS 0 0 0 1 0 0 67.05993602943407 205.78076951787807 143.1 -206.09553532969227 66.05787685770662 219.1977 115.29681 -999.0 -999.0 -999.0 -999.0 -999.0 266.8898369807348 -19.388655622305002 266.94549385199434 -19.400642305364375 75.89743303400888 49.541999174397176 -999.0 5400.0 -999.0 1 148 {-999.0 -999.0 -999.0 -999.0 -999.0} "" -999.0 -999.0 -999.0 -999.0 -999 -999 "" "" "" "" 0 0 0.0 0.0 -999 ""
FIBERMAP 736 R+11C12 METROLOGY 0 0 0 1 0 0 67.67848481736166 206.20608786623723 143.1 -206.52383327342275 66.67432968877438 219.1977 115.29681 -999.0 -999.0 -999.0 -999.0 -999.0 266.88844081614377 -19.38678363343699 266.9441038558931 -19.398763551705137 75.89702613321217 49.53274632402071 -999.0 6231.0 -999.0 -1 -999 {-999.0 -999.0 -999.0 -999.0 -999.0} "" -999.0 -999.0 -999.0 -999.0 -999 -999 "" "" "" "" 0 0 0.0 0.0 -999 ""
FIBERMAP 738 R-6C11 APOGEE 0 0 0 1 0 0 9.659126557446244 -135.8588247659768 143.1 135.80491810675767 10.317905156767969 6.262831 27.05017 -999.0 -999.0 -999.0 -999.0 -999.0 267.98836158038364 -19.56100944107218 268.04437782128036 -19.570071262813975 75.26509450533564 52.90812046120362 -999.0 16600.0 -999.0 2 -999 {-999.0 -999.0 -999.0 -999.0 -999.0} "" -999.0 -999.0 -999.0 -999.0 -999 -999 "" "" "" "" 0 0 0.0 0.0 -999 ""
FIBERMAP 738 R-6C11 BOSS 1 1 0 1 0 0 9.036064952658 -136.28705591432154 143.1 136.23615059889693 9.696953877360752 6.262831 27.05017 267.98986459531324 -19.562835286239043 -1.2431779 -5.5305643 0.7502477 267.98986076875724 -19.56285132688267 268.045837858982 -19.57194672684916 75.26533669359125 52.91721546979813 5400.0 5400.0 2016.0 1 389 {-999.0 16.890347 15.734724 15.259415 -999.0} sdss_psfmag_ps1 16.353626 15.66555 14.816405 13.153 63050395478385883 980272575 "" ops_std_boss_red ops_std standard_boss 0 0 0.0 0.0 -999 ""
FIBERMAP 738 R-6C11 METROLOGY 0 0 0 1 0 0 8.985566076471194 -135.5335333654376 143.1 135.48291211809226 9.642801015840382 6.262831 27.05017 -999.0 -999.0 -999.0 -999.0 -999.0 267.98744307547577 -19.563024535385573 268.0434336406041 -19.57211543017332 75.26712729427133 52.9117194586712 -999.0 6231.0 -999.0 -1 -999 {-999.0 -999.0 -999.0 -999.0 -999.0} "" -999.0 -999.0 -999.0 -999.0 -999 -999 "" "" "" "" 0 0 0.0 0.0 -999 ""
FIBERMAP 740 R-10C6 APOGEE 0 0 0 1 0 0 -49.3907985922539 -204.70681816851484 143.1 204.93589700553426 -48.394865772670016 27.32385 45.49735 -999.0 -999.0 -999.0 -999.0 -999.0 268.21014928915906 -19.738816518898133 268.26664762131463 -19.74726185490707 75.22698373862717 53.97454670092026 -999.0 16600.0 -999.0 2 -999 {-999.0 -999.0 -999.0 -999.0 -999.0} "" -999.0 -999.0 -999.0 -999.0 -999 -999 "" "" "" "" 0 0 0.0 0.0 -999 ""
FIBERMAP 740 R-10C6 BOSS 1 1 0 1 0 0 -49.66281739254551 -205.42485615337364 143.1 205.65521783292724 -48.66338608440102 27.32385 45.49735 268.2125447196346 -19.739604224478676 1.6677562 1.8059527 0.28315312 268.21254985871906 -19.73959898656044 268.26900490560666 -19.74807522355386 75.22585310579089 53.98268398249809 5400.0 5400.0 2016.0 1 384 {-999.0 18.444538 17.144272 16.422699 15.902549} sdss_psfmag_from_ps1dr2 17.9078 17.014 16.0337 14.15 63050395478411431 1039965203 "" ops_std_boss_ps1dr2 ops_std standard_boss 0 0 0.0 0.0 -999 ""
FIBERMAP 740 R-10C6 METROLOGY 0 0 0 1 0 0 -50.12001366715968 -204.8733822442522 143.1 205.10599110108961 -49.12323481133872 27.32385 45.49735 -999.0 -999.0 -999.0 -999.0 -999.0 268.2108096130545 -19.741013146054232 268.2672819273083 -19.74948298907968 75.2280005163135 53.982637511645805 -999.0 6231.0 -999.0 -1 -999 {-999.0 -999.0 -999.0 -999.0 -999.0} "" -999.0 -999.0 -999.0 -999.0 -999 -999 "" "" "" "" 0 0 0.0 0.0 -999 ""
FIBERMAP 745 R+1C8 APOGEE 0 0 0 1 0 0 -102.72507800016879 20.014983731134876 143.1 -19.51545606037672 -102.81688564083633 57.29024 47.64132 -999.0 -999.0 -999.0 -999.0 -999.0 267.48710027942036 -19.90360754471783 267.54421119571407 -19.91388851062358 75.84470680639907 52.658308548646744 -999.0 16600.0 -999.0 2 -999 {-999.0 -999.0 -999.0 -999.0 -999.0} "" -999.0 -999.0 -999.0 -999.0 -999 -999 "" "" "" "" 0 0 0.0 0.0 -999 ""
FIBERMAP 745 R+1C8 BOSS 1 1 0 1 0 0 -102.51910413887924 19.32128856387611 143.1 -18.82279633319421 -102.60755616672282 57.29024 47.64132 267.4893860111795 -19.90300905896243 -5.430328 2.902465 4.8934093 267.48936926076027 -19.90300064075947 267.54643565971764 -19.913312200013973 75.84277225987336 52.662322827141054 5400.0 5400.0 2016.0 1 47 {-999.0 -999.0 -999.0 -999.0 -999.0} "" -999.0 19.993074 -999.0 -999.0 63050395476802556 1055446934 dark_flexible_2x2 bhm_csc_boss bhm_csc science 0 0 0.0 0.0 -999 ""
FIBERMAP 745 R+1C8 METROLOGY 0 0 0 1 0 0 -103.2457392572744 19.477945490275523 143.1 -18.97591902477367 -103.33491386887668 57.29024 47.64132 -999.0 -999.0 -999.0 -999.0 -999.0 267.488854330567 -19.905224089275794 267.5459392240625 -19.915526220835428 75.84460774937324 52.667732970318696 -999.0 6231.0 -999.0 -1 -999 {-999.0 -999.0 -999.0 -999.0 -999.0} "" -999.0 -999.0 -999.0 -999.0 -999 -999 "" "" "" "" 0 0 0.0 0.0 -999 ""
FIBERMAP 746 R-9C7 APOGEE 1 1 0 1 0 0 -63.533416919235634 -194.9243886279552 143.1 195.22260347586118 -62.584222818419875 316.0652 31.168661 268.1790161132812 -19.78185534501783 -999.0 -999.0 -999.0 268.1790161132812 -19.781855345017828 268.235646760371 -19.790371291411354 75.27734294699539 54.026287486664536 16000.0 16600.0 2015.5 2 187 {-999.0 -999.0 -999.0 -999.0 -999.0} "" -999.0 -999.0 -999.0 -999.0 27021603148177997 848964274 "" ops_sky_apogee_good ops_sky sky_apogee 0 0 0.0 0.0 -999 ""
FIBERMAP 746 R-9C7 BOSS 0 0 0 1 0 0 -64.28951390890032 -194.76918524663282 143.1 195.07107722298272 -63.341033812880156 316.0652 31.168661 -999.0 -999.0 -999.0 -999.0 -999.0 268.17862771661163 -19.784127479769385 268.2352200776289 -19.79268102757381 75.27916698450451 54.03208280972564 -999.0 5400.0 -999.0 1 383 {-999.0 -999.0 -999.0 -999.0 -999.0} "" -999.0 -999.0 -999.0 -999.0 -999 -999 "" "" "" "" 0 0 0.0 0.0 -999 ""
FIBERMAP 746 R-9C7 METROLOGY 0 0 0 1 0 0 -63.77099707037069 -194.2180371233704 143.1 194.51744144167853 -62.8252183630601 316.0652 31.168661 -999.0 -999.0 -999.0 -999.0 -999.0 268.1768712404779 -19.782588945322953 268.23347216443074 -19.7911368887376 75.27938644710594 54.02324702287217 -999.0 6231.0 -999.0 -1 -999 {-999.0 -999.0 -999.0 -999.0 -999.0} "" -999.0 -999.0 -999.0 -999.0 -999 -999 "" "" "" "" 0 0 0.0 0.0 -999 ""
FIBERMAP 749 R-2C15 APOGEE 1 1 0 1 0 0 26.89708779689817 -46.41769935288378 143.1 46.2847732665767 27.120945207415215 250.40982 60.245846 267.70037605963796 -19.50967275567744 -1.4965491 -0.24903771 0.17662477 267.700371454711 -19.50967347797713 267.75628804337515 -19.519493638585587 75.43064503357428 52.034255546061146 16000.0 16600.0 2016.0 2 227 {-999.0 18.22473 15.931322 14.7367 -999.0} sdss_psfmag_ps1 17.024614 15.314291 14.05341 10.747 63050395478614335 1149157492 bright_12x1 mwm_bin_rv_short_rgb_apogee_12epoch mwm_bin science 0 0 0.0 0.0 -999 ""
FIBERMAP 749 R-2C15 BOSS 0 0 0 1 0 0 26.416115411481773 -45.846227560315896 143.1 45.7156650644126 26.63722455745238 250.40982 60.245846 -999.0 -999.0 -999.0 -999.0 -999.0 267.69860954982744 -19.511084194296625 267.7544873230072 -19.52094659468432 75.43287723149543 52.033879801539 -999.0 5400.0 -999.0 1 327 {-999.0 -999.0 -999.0 -999.0 -999.0} "" -999.0 -999.0 -999.0 -999.0 -999 -999 "" "" "" "" 0 0 0.0 0.0 -999 ""
FIBERMAP 749 R-2C15 METROLOGY 0 0 0 1 0 0 27.1280673632831 -45.70653552416685 143.1 45.57252538947486 27.348461768080732 250.40982 60.245846 -999.0 -999.0 -999.0 -999.0 -999.0 267.698144256305 -19.50893164422689 267.75402805768374 -19.518784990488232 75.43171979651724 52.02642033388133 -999.0 6231.0 -999.0 -1 -999 {-999.0 -999.0 -999.0 -999.0 -999.0} "" -999.0 -999.0 -999.0 -999.0 -999 -999 "" "" "" "" 0 0 0.0 0.0 -999 ""
FIBERMAP 750 R+11C10 APOGEE 1 1 0 1 0 0 29.751156141336857 196.19621316593506 143.1 -196.3304278391006 28.79753935828015 290.89658 78.887184 266.9201778184319 -19.50170671201322 -9.09789 -1.8421211 0.69790524 266.9201498253274 -19.50171205483088 266.9761731846805 -19.513555723332285 75.95671597460247 49.95473131867441 16000.0 16600.0 2016.0 2 127 {-999.0 15.083261 13.472595 12.634661 -999.0} sdss_psfmag_from_g3xp 14.387528 13.235314 12.175962 9.59 63050395480672136 1147935695 bright_12x1 mwm_bin_rv_short_rgb_apogee_12epoch mwm_bin science 0 0 0.0 0.0 -999 ""
FIBERMAP 750 R+11C10 BOSS 0 0 0 1 0 0 29.019909559053428 196.1102899580551 143.1 -196.24096057799582 28.066747593505518 290.89658 78.887184 -999.0 -999.0 -999.0 -999.0 -999.0 266.92040111878384 -19.5038817676688 266.9763903465198 -19.515762046338242 75.95812364771174 49.96178366840951 -999.0 5400.0 -999.0 1 114 {-999.0 -999.0 -999.0 -999.0 -999.0} "" -999.0 -999.0 -999.0 -999.0 -999 -999 "" "" "" "" 0 0 0.0 0.0 -999 ""
FIBERMAP 750 R+11C10 METROLOGY 0 0 0 1 0 0 29.260229912799424 196.78360985188397 143.1 -196.91541180737417 28.303788102225028 290.89658 78.887184 -999.0 -999.0 -999.0 -999.0 -999.0 266.91820795838237 -19.503158356606946 266.9742068768703 -19.515033788158867 75.9590728029402 49.95368076129091 -999.0 6231.0 -999.0 -1 -999 {-999.0 -999.0 -999.0 -999.0 -999.0} "" -999.0 -999.0 -999.0 -999.0 -999 -999 "" "" "" "" 0 0 0.0 0.0 -999 ""
FIBERMAP 752 R-8C5 APOGEE 1 1 0 1 0 0 -104.262501329716 -166.5241266886295 143.1 167.02145695593316 -103.44901572611708 308.27084 112.85402 268.08837890624994 -19.905782549491803 -999.0 -999.0 -999.0 268.08837890624994 -19.905782549491807 268.14539098198094 -19.914504421494037 75.42294111058794 54.1751199256435 16000.0 16600.0 2015.5 2 285 {-999.0 -999.0 -999.0 -999.0 -999.0} "" -999.0 -999.0 -999.0 -999.0 27021603148177951 848964199 "" ops_sky_apogee_good ops_sky sky_apogee 0 0 0.0 0.0 -999 ""
FIBERMAP 752 R-8C5 BOSS 0 0 0 1 0 0 -104.58226150356312 -167.19714512630543 143.1 167.69599224038126 -103.76549340482823 308.27084 112.85402 -999.0 -999.0 -999.0 -999.0 -999.0 268.09064001599006 -19.90672854604959 268.1476097295516 -19.91548095691622 75.4220091060417 54.18348870964974 -999.0 5400.0 -999.0 1 468 {-999.0 -999.0 -999.0 -999.0 -999.0} "" -999.0 -999.0 -999.0 -999.0 -999 -999 "" "" "" "" 0 0 0.0 0.0 -999 ""
FIBERMAP 752 R-8C5 METROLOGY 0 0 0 1 0 0 -105.0058223235804 -166.56312690158748 143.1 167.0640622447361 -104.19210897935889 308.27084 112.85402 -999.0 -999.0 -999.0 -999.0 -999.0 268.08861985446714 -19.90804942161623 268.14560651043485 -19.916796377754263 75.42429334599103 54.18251693376908 -999.0 6231.0 -999.0 -1 -999 {-999.0 -999.0 -999.0 -999.0 -999.0} "" -999.0 -999.0 -999.0 -999.0 -999 -999 "" "" "" "" 0 0 0.0 0.0 -999 ""
FIBERMAP 754 R+8C15 APOGEE 1 1 0 1 0 0 130.55675836457684 164.2612390272687 143.1 -164.88628393414075 129.75289243993254 83.68299 46.912495 267.0232650168043 -19.196471041987454 -0.2010975 -10.892693 2.6715539 267.023264399208 -19.196502634749113 267.07837871757806 -19.20815016651606 75.672435538319 49.352823709451144 16000.0 16600.0 2016.0 2 78 {-999.0 14.171845 13.208706 12.740368 -999.0} sdss_psfmag_from_g3xp 13.849577 13.173027 12.3635 10.798 63050395482764159 1069574391 bright_18x1 mwm_bin_rv_short_subgiant_apogee mwm_bin science 0 0 0.0 0.0 -999 ""
FIBERMAP 754 R+8C15 BOSS 0 0 0 1 0 0 131.0196152404992 163.6920651036973 143.1 -164.31938557332472 130.21848736751664 83.68299 46.912495 -999.0 -999.0 -999.0 -999.0 -999.0 267.02508885867445 -19.195030264223217 267.08015772007434 -19.206712447370595 75.6702321254178 49.353572226787946 -999.0 5400.0 -999.0 1 238 {-999.0 -999.0 -999.0 -999.0 -999.0} "" -999.0 -999.0 -999.0 -999.0 -999 -999 "" "" "" "" 0 0 0.0 0.0 -999 ""
FIBERMAP 754 R+8C15 METROLOGY 0 0 0 1 0 0 130.28620981886178 163.5623457717203 143.1 -164.18611397951165 129.4857494035101 83.68299 46.912495 -999.0 -999.0 -999.0 -999.0 -999.0 267.02545820946983 -19.197238637296845 267.0805450068849 -19.20890829626031 75.67153754161205 49.36085798778413 -999.0 6231.0 -999.0 -1 -999 {-999.0 -999.0 -999.0 -999.0 -999.0} "" -999.0 -999.0 -999.0 -999.0 -999 -999 "" "" "" "" 0 0 0.0 0.0 -999 ""
FIBERMAP 755 R-9C15 APOGEE 0 0 0 1 0 0 141.43815561254826 -165.99674215592663 143.1 165.3017943366437 142.2363608962929 77.60623 53.34338 -999.0 -999.0 -999.0 -999.0 -999.0 268.08228766149034 -19.16151672720981 268.13711761656987 -19.170428868451605 74.92977534900578 51.99673126948119 -999.0 16600.0 -999.0 2 -999 {-999.0 -999.0 -999.0 -999.0 -999.0} "" -999.0 -999.0 -999.0 -999.0 -999 -999 "" "" "" "" 0 0 0.0 0.0 -999 ""
FIBERMAP 755 R-9C15 BOSS 1 1 0 1 0 0 141.9337131338092 -166.59217309365232 143.1 165.89478966656495 142.7347821928987 77.60623 53.34338 268.08425903320307 -19.15994617654583 -999.0 -999.0 -999.0 268.08425903320307 -19.15994617654583 268.1390394389992 -19.168893079582155 74.92740066383729 51.99719719288274 5400.0 5400.0 2015.5 1 329 {-999.0 -999.0 -999.0 -999.0 -999.0} "" -999.0 -999.0 -999.0 -999.0 27021603148179505 852693491 "" ops_sky_boss_fallback ops_sky sky_boss 0 0 0.0 0.0 -999 ""
FIBERMAP 755 R-9C15 METROLOGY 0 0 0 1 0 0 141.20120548190016 -166.7062158005266 143.1 166.01238109034435 142.00286587857485 77.60623 53.34338 -999.0 -999.0 -999.0 -999.0 -999.0 268.08465581648034 -19.16214846542772 268.13945521935284 -19.171082623060848 74.92861159599633 52.00437323922961 -999.0 6231.0 -999.0 -1 -999 {-999.0 -999.0 -999.0 -999.0 -999.0} "" -999.0 -999.0 -999.0 -999.0 -999 -999 "" "" "" "" 0 0 0.0 0.0 -999 ""
FIBERMAP 764 R-10C8 APOGEE 0 0 0 1 0 0 -32.03349668975268 -191.82015763616562 143.1 191.9656743351011 -31.10099731353723 136.36368 143.23892 -999.0 -999.0 -999.0 -999.0 -999.0 268.16859560342976 -19.68650433754923 268.2249477406258 -19.695069637869018 75.22191146799037 53.719250471868065 -999.0 16600.0 -999.0 2 -999 {-999.0 -999.0 -999.0 -999.0 -999.0} "" -999.0 -999.0 -999.0 -999.0 -999 -999 "" "" "" "" 0 0 0.0 0.0 -999 ""
FIBERMAP 764 R-10C8 BOSS 1 1 0 1 0 0 -32.16797598761972 -191.0449568793747 143.1 191.19116629845146 -31.23923144596479 136.36368 143.23892 268.1662182488185 -19.686883256585705 0.65304464 -5.393425 0.19632407 268.1662202604708 -19.686898899475562 268.2225290186314 -19.695507757346263 75.22390690576214 53.714618246545975 5400.0 5400.0 2016.0 1 405 {-999.0 18.58197 16.243961 14.670563 -999.0} sdss_psfmag_ps1 17.33051 15.269817 13.948453 10.432 63050395478429328 1114391637 bright_1x1 openfibertargets_mwm_vmr_boss open_fiber science 0 0 0.0 0.0 -999 ""
FIBERMAP 764 R-10C8 METROLOGY 0 0 0 1 0 0 -31.463683532919987 -191.3355844393249 143.1 191.478361108965 -30.53356513479977 136.36368 143.23892 -999.0 -999.0 -999.0 -999.0 -999.0 268.1671545445874 -19.684773693863733 268.2234696218769 -19.693370011668613 75.22182671149234 53.71064501603695 -999.0 6231.0 -999.0 -1 -999 {-999.0 -999.0 -999.0 -999.0 -999.0} "" -999.0 -999.0 -999.0 -999.0 -999 -999 "" "" "" "" 0 0 0.0 0.0 -999 ""
FIBERMAP 767 R+3C3 APOGEE 1 1 0 1 0 0 -203.67065145687062 48.74391212905603 143.1 -47.753040981981336 -203.89664481152693 314.4408 117.23487 267.39505828967395 -20.20891169458065 -3.6614244 -2.1823297 -0.18339717 267.3950469735878 -20.208918024128305 267.45307453935436 -20.21936656782491 76.11261057250282 53.35966760406342 16000.0 16600.0 2016.0 2 36 {-999.0 20.313065 17.227158 14.196079 -999.0} sdss_psfmag_ps1 18.603025 14.424227 12.831437 7.891 63050395476724166 1153797019 bright_1x1 mwm_galactic_core_dist_apogee_sparse mwm_galactic science 0 0 0.0 0.0 -999 ""
FIBERMAP 767 R+3C3 BOSS 0 0 0 1 0 0 -203.89661430643272 48.050997357758426 143.1 -47.05906556195355 -204.11923347185046 314.4408 117.23487 -999.0 -999.0 -999.0 -999.0 -999.0 267.39731482928033 -20.209613108502648 267.4553018115545 -20.220090814069465 76.11152848900655 53.36770512534957 -999.0 5400.0 -999.0 1 60 {-999.0 -999.0 -999.0 -999.0 -999.0} "" -999.0 -999.0 -999.0 -999.0 -999 -999 "" "" "" "" 0 0 0.0 0.0 -999 ""
FIBERMAP 767 R+3C3 METROLOGY 0 0 0 1 0 0 -204.40086585010533 48.58814213488863 143.1 -47.59373555976804 -204.626065496953 314.4408 117.23487 -999.0 -999.0 -999.0 -999.0 -999.0 267.395565626289 -20.21117277348019 267.4535694935005 -20.22164467041293 76.11377571185193 53.36805054352095 -999.0 6231.0 -999.0 -1 -999 {-999.0 -999.0 -999.0 -999.0 -999.0} "" -999.0 -999.0 -999.0 -999.0 -999 -999 "" "" "" "" 0 0 0.0 0.0 -999 ""
FIBERMAP 768 R+6C11 APOGEE 0 0 0 1 0 0 -9.654984159809052 110.27451741969202 143.1 -110.22195548372765 -10.189610649493869 198.38805 130.33385 -999.0 -999.0 -999.0 -999.0 -999.0 267.19577539056274 -19.621363700666308 267.2521049743531 -19.63246539574591 75.85350474388954 51.049528544108455 -999.0 16600.0 -999.0 2 -999 {-999.0 -999.0 -999.0 -999.0 -999.0} "" -999.0 -999.0 -999.0 -999.0 -999 -999 "" "" "" "" 0 0 0.0 0.0 -999 ""
FIBERMAP 768 R+6C11 BOSS 1 1 0 1 0 0 -10.312640638101717 110.68989865523545 143.1 -110.63412381997048 -10.84924878783918 198.38805 130.33385 267.1944160709439 -19.623315578208697 0.38832036 -4.1941214 0.7853951 267.1944172666601 -19.623327742682786 267.25071143712904 -19.63446987280046 75.85583921350056 51.051735495416644 5400.0 5400.0 2016.0 1 142 {-999.0 18.602432 17.385315 16.794079 -999.0} sdss_psfmag_ps1 18.105694 17.302258 16.326296 14.512 63050395477215376 980272510 "" ops_std_boss_red ops_std standard_boss 0 0 0.0 0.0 -999 ""
FIBERMAP 768 R+6C11 METROLOGY 0 0 0 1 0 0 -9.645455961735575 111.02245286492615 143.1 -110.96989844202545 -10.183712432244514 198.38805 130.33385 -999.0 -999.0 -999.0 -999.0 -999.0 267.1933240010614 -19.621313924881623 267.2496241536503 -19.632448780936475 75.85518031982173 51.04286441859722 -999.0 6231.0 -999.0 -1 -999 {-999.0 -999.0 -999.0 -999.0 -999.0} "" -999.0 -999.0 -999.0 -999.0 -999 -999 "" "" "" "" 0 0 0.0 0.0 -999 ""
FIBERMAP 769 R-5C12 APOGEE 1 1 0 1 0 0 8.789743023315078 -81.70981293621477 143.1 81.66292866504156 9.185799088400874 117.5438 97.95264 267.81421718945137 -19.564313870461145 0.1520122 1.4970429 0.26186618 267.8142176573558 -19.564309528493443 267.87027455601446 -19.573821880231243 75.38872855379647 52.4822058362045 16000.0 16600.0 2016.0 2 161 {-999.0 16.278868 14.061396 12.841616 -999.0} sdss_psfmag_from_g3xp 15.146685 13.511161 12.291113 9.044 63050395478397531 1147672866 bright_12x1 mwm_bin_rv_short_rgb_apogee_12epoch mwm_bin science 0 0 0.0 0.0 -999 ""
FIBERMAP 769 R-5C12 BOSS 0 0 0 1 0 0 9.415678894316695 -81.30153970705308 143.1 81.25163911088943 9.809721334498928 117.5438 97.95264 -999.0 -999.0 -999.0 -999.0 -999.0 267.81299053459907 -19.56237020188993 267.8689982733772 -19.571924036974696 75.38832915344025 52.47344130799502 -999.0 5400.0 -999.0 1 390 {-999.0 -999.0 -999.0 -999.0 -999.0} "" -999.0 -999.0 -999.0 -999.0 -999 -999 "" "" "" "" 0 0 0.0 0.0 -999 ""
FIBERMAP 769 R-5C12 METROLOGY 0 0 0 1 0 0 9.458958454603463 -82.03288575139362 143.1 81.98273726832656 9.856547638532408 117.5438 97.95264 -999.0 -999.0 -999.0 -999.0 -999.0 267.8153403079732 -19.562240728854036 267.8713596237168 -19.571777780834395 75.38659242966042 52.478984206592145 -999.0 6231.0 -999.0 -1 -999 {-999.0 -999.0 -999.0 -999.0 -999.0} "" -999.0 -999.0 -999.0 -999.0 -999 -999 "" "" "" "" 0 0 0.0 0.0 -999 ""
FIBERMAP 770 R-13C4 APOGEE 1 1 0 1 0 0 -58.206005448104584 -246.4682760038212 143.1 246.7379699834647 -57.00696144825634 76.302666 41.88581 268.3438110351562 -19.76451324208503 -999.0 -999.0 -999.0 268.3438110351562 -19.76451324208503 268.4003602727628 -19.77260610627467 75.1488431268022 54.37291637316957 16000.0 16600.0 2015.5 2 261 {-999.0 -999.0 -999.0 -999.0 -999.0} "" -999.0 -999.0 -999.0 -999.0 27021603148175599 848963687 "" ops_sky_apogee_good ops_sky sky_apogee 0 0 0.0 0.0 -999 ""
FIBERMAP 770 R-13C4 BOSS 0 0 0 1 0 0 -57.89814897004861 -247.10157937392182 143.1 247.36974663705107 -56.69604769407868 76.302666 41.88581 -999.0 -999.0 -999.0 -999.0 -999.0 268.3458872515636 -19.763531945998583 268.4023875644258 -19.77165692936879 75.14678007872774 54.374996788396686 -999.0 5400.0 -999.0 1 355 {-999.0 -999.0 -999.0 -999.0 -999.0} "" -999.0 -999.0 -999.0 -999.0 -999 -999 "" "" "" "" 0 0 0.0 0.0 -999 ""
FIBERMAP 770 R-13C4 METROLOGY 0 0 0 1 0 0 -58.59491119437528 -247.11890002284676 143.1 247.39044754970666 -57.39268979222674 76.302666 41.88581 -999.0 -999.0 -999.0 -999.0 -999.0 268.345987561536 -19.765659358614506 268.40250705151686 -19.773773014954948 75.14808176765422 54.38152012494851 -999.0 6231.0 -999.0 -1 -999 {-999.0 -999.0 -999.0 -999.0 -999.0} "" -999.0 -999.0 -999.0 -999.0 -999 -999 "" "" "" "" 0 0 0.0 0.0 -999 ""
FIBERMAP 771 R-13C5 APOGEE 1 1 0 1 0 0 -54.95403812812181 -271.1942645910571 143.1 271.44689764847107 -53.635175315846205 315.69302 68.10382 268.4226011912793 -19.754008885555663 -4.0922093 -8.740082 -0.13370422 268.42258858025633 -19.754034234964394 268.47909227939647 -19.761925369199023 75.08583443994806 54.53028736069393 16000.0 16600.0 2016.0 2 262 {-999.0 21.942406 18.741873 15.756143 -999.0} sdss_psfmag_ps1 19.919518 15.725611 14.078811 8.737 63050395477791917 1153800527 bright_1x1 mwm_galactic_core_dist_apogee_sparse mwm_galactic science 0 0 0.0 0.0 -999 ""
FIBERMAP 771 R-13C5 BOSS 0 0 0 1 0 0 -55.64924894368971 -271.50228840464587 143.1 271.75827914621976 -54.328855397631365 315.69302 68.10382 -999.0 -999.0 -999.0 -999.0 -999.0 268.4236111631193 -19.756086676190087 268.4800747734463 -19.764012007594886 75.08649856043894 54.538771618195085 -999.0 5400.0 -999.0 1 356 {-999.0 -999.0 -999.0 -999.0 -999.0} "" -999.0 -999.0 -999.0 -999.0 -999 -999 "" "" "" "" 0 0 0.0 0.0 -999 ""
FIBERMAP 771 R-13C5 METROLOGY 0 0 0 1 0 0 -55.56526259974752 -270.7458951488527 143.1 271.0015174940943 -54.24854393257079 315.69302 68.10382 -999.0 -999.0 -999.0 -999.0 -999.0 268.4212455609393 -19.755874555251747 268.47772201415773 -19.763795489182577 75.08803278739325 54.532511306198785 -999.0 6231.0 -999.0 -1 -999 {-999.0 -999.0 -999.0 -999.0 -999.0} "" -999.0 -999.0 -999.0 -999.0 -999 -999 "" "" "" "" 0 0 0.0 0.0 -999 ""
FIBERMAP 773 R+3C12 APOGEE 1 1 0 1 0 0 0.6512389309478396 72.88983200272963 143.1 -72.88921839944071 0.29749456063341134 92.46426 68.031425 267.3161077079536 -19.59004021038396 0.43374765 -0.68088055 0.28139615 267.3161090432732 -19.590042185184654 267.3723268165998 -19.600839350926893 75.7497699226283 51.27518756561203 16000.0 16600.0 2016.0 2 131 {-999.0 17.158228 15.209061 14.324714 -999.0} sdss_psfmag_ps1 16.153166 14.822567 13.690978 10.792 63050395477217866 1149165103 bright_12x1 mwm_bin_rv_short_rgb_apogee_12epoch mwm_bin science 0 0 0.0 0.0 -999 ""
FIBERMAP 773 R+3C12 BOSS 0 0 0 1 0 0 1.3617273731484296 72.63524553734075 143.1 -72.63809288458178 1.0091816427913305 92.46426 68.031425 -999.0 -999.0 -999.0 -999.0 -999.0 267.31692278375357 -19.587846203764734 267.37309209414434 -19.59867934463172 75.74775826470652 51.270853006295965 -999.0 5400.0 -999.0 1 119 {-999.0 -999.0 -999.0 -999.0 -999.0} "" -999.0 -999.0 -999.0 -999.0 -999 -999 "" "" "" "" 0 0 0.0 0.0 -999 ""
FIBERMAP 773 R+3C12 METROLOGY 0 0 0 1 0 0 0.7941270484026877 72.1556105084336 143.1 -72.1557283088613 0.44393821824875856 92.46426 68.031425 -999.0 -999.0 -999.0 -999.0 -999.0 267.31845042862545 -19.589579343465076 267.37463643138756 -19.600397471352736 75.74788946010399 51.279982224701655 -999.0 6231.0 -999.0 -1 -999 {-999.0 -999.0 -999.0 -999.0 -999.0} "" -999.0 -999.0 -999.0 -999.0 -999 -999 "" "" "" "" 0 0 0.0 0.0 -999 ""
FIBERMAP 774 R-6C6 APOGEE 0 0 0 1 0 0 -106.88206468105754 -134.32158498170878 143.1 134.8332944172198 -106.22471191353641 325.47028 70.94391 -999.0 -999.0 -999.0 -999.0 -999.0 267.98487337045714 -19.91437752185355 268.0419293906035 -19.92336569202859 75.50202417172791 53.94674203122787 -999.0 16600.0 -999.0 2 -999 {-999.0 -999.0 -999.0 -999.0 -999.0} "" -999.0 -999.0 -999.0 -999.0 -999 -999 "" "" "" "" 0 0 0.0 0.0 -999 ""
FIBERMAP 774 R-6C6 BOSS 1 1 0 1 0 0 -107.50863850158643 -134.77710502059549 143.1 135.291831430666 -106.84904280272804 325.47028 70.94391 267.9864714048006 -19.916258969507624 -9.037229 -3.6578243 2.1005666 267.9864435261775 -19.916269578523373 268.04346057239536 -19.92528974673695 75.50220971842936 53.95631201056906 5400.0 5400.0 2016.0 1 483 {-999.0 16.72113 15.392196 14.956813 -999.0} sdss_psfmag_ps1 16.202812 15.386551 14.476795 12.583 63050395478244350 1124191317 bright_1x1 openfibertargets_mwm_snc_further_ext_boss open_fiber science 0 0 0.0 0.0 -999 ""
FIBERMAP 774 R-6C6 METROLOGY 0 0 0 1 0 0 -107.57084411939117 -134.02989833113165 143.1 134.5449652912896 -106.91487115094054 325.47028 70.94391 -999.0 -999.0 -999.0 -999.0 -999.0 267.9840445272268 -19.916495723158405 268.04107515504757 -19.92551173430715 75.50404265052971 53.95107447372919 -999.0 6231.0 -999.0 -1 -999 {-999.0 -999.0 -999.0 -999.0 -999.0} "" -999.0 -999.0 -999.0 -999.0 -999 -999 "" "" "" "" 0 0 0.0 0.0 -999 ""
FIBERMAP 775 R-7C2 APOGEE 0 0 0 1 0 0 -172.98267694900264 -132.01215684441638 143.1 132.84475062693036 -172.33310874147338 47.39328 76.43315 -999.0 -999.0 -999.0 -999.0 -999.0 267.9779597835191 -20.114260984139126 268.0356069060963 -20.123220369323576 75.63749480035999 54.53685277429895 -999.0 16600.0 -999.0 2 -999 {-999.0 -999.0 -999.0 -999.0 -999.0} "" -999.0 -999.0 -999.0 -999.0 -999 -999 "" "" "" "" 0 0 0.0 0.0 -999 ""
FIBERMAP 775 R-7C2 BOSS 1 1 0 1 0 0 -172.55487417733153 -132.58916424030102 143.1 133.4196521606526 -171.90252808992867 47.39328 76.43315 267.9798889160156 -20.112957950125875 -999.0 -999.0 -999.0 267.9798889160156 -20.112957950125875 268.03748747541397 -20.121948424709377 75.63532654846209 54.53760143105595 5400.0 5400.0 2015.5 1 455 {-999.0 -999.0 -999.0 -999.0 -999.0} "" -999.0 -999.0 -999.0 -999.0 27021603148175094 852692387 "" ops_sky_boss_fallback ops_sky sky_boss 0 0 0.0 0.0 -999 ""
FIBERMAP 775 R-7C2 METROLOGY 0 0 0 1 0 0 -173.30376325030173 -132.68773200967496 143.1 133.52184894185245 -172.65090007200902 47.39328 76.43315 -999.0 -999.0 -999.0 -999.0 -999.0 267.98021892311823 -20.115251272351955 268.037836772073 -20.124230208007017 75.63656443414258 54.54544024483681 -999.0 6231.0 -999.0 -1 -999 {-999.0 -999.0 -999.0 -999.0 -999.0} "" -999.0 -999.0 -999.0 -999.0 -999 -999 "" "" "" "" 0 0 0.0 0.0 -999 ""
FIBERMAP 777 R+4C22 APOGEE 0 0 0 1 0 0 213.20558364598008 71.40323003042306 143.1 -72.43415051260088 212.84804832000208 205.13855 121.49747 -999.0 -999.0 -999.0 -999.0 -999.0 267.3209970809089 -18.946418080749346 267.37533316120187 -18.957352829793656 75.29679793611423 49.44657705398902 -999.0 16600.0 -999.0 2 -999 {-999.0 -999.0 -999.0 -999.0 -999.0} "" -999.0 -999.0 -999.0 -999.0 -999 -999 "" "" "" "" 0 0 0.0 0.0 -999 ""
FIBERMAP 777 R+4C22 BOSS 1 1 0 1 0 0 212.53892104347494 71.90583840853508 143.1 -72.9334977714551 212.1789812387757 205.13855 121.49747 267.31939202206183 -18.948363813436387 7.3461823 4.530201 0.70751226 267.319414549374 -18.948350674208125 267.37371475451806 -18.95932909367676 75.29927964877047 49.447755902294986 5400.0 5400.0 2016.0 1 246 {-999.0 17.039284 15.869078 15.425116 -999.0} sdss_psfmag_ps1 16.541939 15.827391 14.967253 13.306 63050395482941422 980272859 "" ops_std_boss_red ops_std standard_boss 0 0 0.0 0.0 -999 ""
FIBERMAP 777 R+4C22 METROLOGY 0 0 0 1 0 0 213.24370127400556 72.15025430260557 143.1 -73.18132108022974 212.8825389086189 205.13855 121.49747 -999.0 -999.0 -999.0 -999.0 -999.0 267.31861155795593 -18.94620907630867 267.3729174820918 -18.957178750795627 75.2982790226917 49.439688789408876 -999.0 6231.0 -999.0 -1 -999 {-999.0 -999.0 -999.0 -999.0 -999.0} "" -999.0 -999.0 -999.0 -999.0 -999 -999 "" "" "" "" 0 0 0.0 0.0 -999 ""
FIBERMAP 778 R-4C7 APOGEE 1 1 0 1 0 0 -117.45500642799294 -93.20752535758447 143.1 93.77267051215824 -116.99661941086448 274.1102 90.98472 267.85255665994384 -19.947117644957846 -1.318255 2.539698 0.2764885 267.85255259251244 -19.947110278912216 267.9097286050899 -19.956433800755892 75.6171887110029 53.71725315535297 16000.0 16600.0 2016.0 2 297 {-999.0 17.317694 15.158943 14.235086 -999.0} sdss_psfmag_ps1 16.226845 14.757866 13.584615 10.546 63050395478250727 1149128483 bright_12x1 mwm_bin_rv_short_rgb_apogee_12epoch mwm_bin science 0 0 0.0 0.0 -999 ""
FIBERMAP 778 R-4C7 BOSS 0 0 0 1 0 0 -118.19267000979706 -93.1528064908839 143.1 93.72153412000509 -117.73451033317544 274.1102 90.98472 -999.0 -999.0 -999.0 -999.0 -999.0 267.8524700460931 -19.94936028346334 267.90960881689966 -19.95871986679349 75.61878525135263 53.723856074542084 -999.0 5400.0 -999.0 1 488 {-999.0 -999.0 -999.0 -999.0 -999.0} "" -999.0 -999.0 -999.0 -999.0 -999 -999 "" "" "" "" 0 0 0.0 0.0 -999 ""
FIBERMAP 778 R-4C7 METROLOGY 0 0 0 1 0 0 -117.79047212013356 -92.53564469126268 143.1 93.1024525382193 -117.33532815274026 274.1102 90.98472 -999.0 -999.0 -999.0 -999.0 -999.0 267.8504761174643 -19.948175789993194 267.90762418711006 -19.95753051495852 75.61939761959296 53.71529659737064 -999.0 6231.0 -999.0 -1 -999 {-999.0 -999.0 -999.0 -999.0 -999.0} "" -999.0 -999.0 -999.0 -999.0 -999 -999 "" "" "" "" 0 0 0.0 0.0 -999 ""
FIBERMAP 782 R-9C4 APOGEE 0 0 0 1 0 0 -133.47239049475064 -189.89491991511863 143.1 190.5327862587706 -132.5439816960822 273.92062 72.787704 -999.0 -999.0 -999.0 -999.0 -999.0 268.1636804730855 -19.993541862668046 268.2209376680694 -20.002047994994307 75.42648107124269 54.622827675186954 -999.0 16600.0 -999.0 2 -999 {-999.0 -999.0 -999.0 -999.0 -999.0} "" -999.0 -999.0 -999.0 -999.0 -999 -999 "" "" "" "" 0 0 0.0 0.0 -999 ""
FIBERMAP 782 R-9C4 BOSS 1 1 0 1 0 0 -134.18240039933548 -189.74240660101935 143.1 190.38372628820025 -133.25469493758922 273.92062 72.787704 268.1632695203527 -19.99567097344509 1.2174271 -1.3167992 0.2614687 268.16327327784046 -19.995674792640525 268.22049183219457 -20.004217783818557 75.42821215818176 54.628287054139186 5400.0 5400.0 2016.0 1 466 {-999.0 18.831926 17.486893 16.807364 16.315327} sdss_psfmag_from_ps1dr2 18.2183 17.3904 16.4045 14.67 63050395477669465 1039964976 "" ops_std_boss_ps1dr2 ops_std standard_boss 0 0 0.0 0.0 -999 ""
FIBERMAP 782 R-9C4 METROLOGY 0 0 0 1 0 0 -133.69409299955393 -189.18053471359215 143.1 189.81951389453448 -132.76913940137095 273.92062 72.787704 -999.0 -999.0 -999.0 -999.0 -999.0 268.16148617685496 -19.994245832623328 268.2187135913887 -20.00278350981151 75.42854592718783 54.619635433997814 -999.0 6231.0 -999.0 -1 -999 {-999.0 -999.0 -999.0 -999.0 -999.0} "" -999.0 -999.0 -999.0 -999.0 -999 -999 "" "" "" "" 0 0 0.0 0.0 -999 ""
FIBERMAP 783 R+5C15 APOGEE 0 0 0 1 0 0 91.66008505297584 102.10406108004646 143.1 -102.543571253055 91.15986156697845 29.498173 107.848305 -999.0 -999.0 -999.0 -999.0 -999.0 267.2221725027309 -19.313988618281854 267.2775973542456 -19.32509353362744 75.62204876508976 50.22276118902869 -999.0 16600.0 -999.0 2 -999 {-999.0 -999.0 -999.0 -999.0 -999.0} "" -999.0 -999.0 -999.0 -999.0 -999 -999 "" "" "" "" 0 0 0.0 0.0 -999 ""
FIBERMAP 783 R+5C15 BOSS 1 1 0 1 0 0 92.24750424884658 101.50745159661989 143.1 -101.94984321328731 91.75014550117635 29.498173 107.848305 267.2241032405577 -19.312109647840845 -7.6029234 -4.7170963 -0.8028254 267.22407987453795 -19.312123329130653 267.2794574611012 -19.323262335800393 75.61951317468977 50.22247133472876 5400.0 5400.0 2016.0 1 221 {-999.0 17.091496 15.799183 15.264663 -999.0} sdss_psfmag_ps1 16.447771 15.840671 14.638314 12.731 63050395482675334 1093367179 bright_3x1 mwm_astar_core_boss mwm_ob science 0 0 0.0 0.0 -999 ""
FIBERMAP 783 R+5C15 METROLOGY 0 0 0 1 0 0 91.51467149355594 101.37033557719616 143.1 -101.80917809395285 91.01801606758592 29.498173 107.848305 -999.0 -999.0 -999.0 -999.0 -999.0 267.22449488361053 -19.314345374321995 267.279890655336 -19.32547184349495 75.62077296456937 50.22996334071718 -999.0 6231.0 -999.0 -1 -999 {-999.0 -999.0 -999.0 -999.0 -999.0} "" -999.0 -999.0 -999.0 -999.0 -999 -999 "" "" "" "" 0 0 0.0 0.0 -999 ""
FIBERMAP 785 R+5C13 APOGEE 1 1 0 1 0 0 50.03164486352896 95.06099917455504 143.1 -95.29886471684686 49.56775436949534 17.12454 89.90732 267.24472904003176 -19.44020425480334 -1.943107 -0.9334009 0.25159758 267.2447230635956 -19.44020696200469 267.30051350731713 -19.451224019914605 75.69482340617665 50.647716645602884 16000.0 16600.0 2016.0 2 150 {-999.0 16.10523 13.947339 12.824557 -999.0} sdss_psfmag_from_g3xp 15.022466 13.484236 12.289843 9.086 63050395478681209 1147688535 bright_12x1 mwm_bin_rv_short_rgb_apogee_12epoch mwm_bin science 0 0 0.0 0.0 -999 ""
FIBERMAP 785 R+5C13 BOSS 0 0 0 1 0 0 50.274538634037675 94.34655178919131 143.1 -94.58563300631458 49.81410254507464 17.12454 89.90732 -999.0 -999.0 -999.0 -999.0 -999.0 267.24700744690375 -19.439402659561498 267.30275354871014 -19.450452105698055 75.692770677944 50.651433471653945 -999.0 5400.0 -999.0 1 154 {-999.0 -999.0 -999.0 -999.0 -999.0} "" -999.0 -999.0 -999.0 -999.0 -999 -999 "" "" "" "" 0 0 0.0 0.0 -999 ""
FIBERMAP 785 R+5C13 METROLOGY 0 0 0 1 0 0 49.53717092194518 94.49624043535877 143.1 -94.73173569665595 49.07604661969901 17.12454 89.90732 -999.0 -999.0 -999.0 -999.0 -999.0 267.24650386723096 -19.441646678061034 267.30226841315005 -19.452686098212197 75.69465555039761 50.65662739624298 -999.0 6231.0 -999.0 -1 -999 {-999.0 -999.0 -999.0 -999.0 -999.0} "" -999.0 -999.0 -999.0 -999.0 -999 -999 "" "" "" "" 0 0 0.0 0.0 -999 ""
FIBERMAP 788 R+7C6 APOGEE 0 0 0 1 0 0 -95.44773079787552 123.33905696485525 143.1 -122.86949431384537 -96.04131335022923 297.65427 112.05064 -999.0 -999.0 -999.0 -999.0 -999.0 267.15389587304423 -19.881524608791608 267.2109970867116 -19.892674323097506 76.0605290666453 51.7184785394503 -999.0 16600.0 -999.0 2 -999 {-999.0 -999.0 -999.0 -999.0 -999.0} "" -999.0 -999.0 -999.0 -999.0 -999 -999 "" "" "" "" 0 0 0.0 0.0 -999 ""
FIBERMAP 788 R+7C6 BOSS 1 1 0 1 0 0 -95.91310235961912 122.73332038039732 143.1 -122.26153079439707 -96.50372137479633 297.65427 112.05064 267.1553878156543 -19.882925118630016 5.8920665 -5.872603 3.4320884 267.15583310671883 -19.882942151308924 267.2128969844995 -19.894122832070344 76.06021468643033 51.727936347587935 5400.0 5400.0 2016.0 1 69 {-999.0 11.876691 11.172984 10.822004 -999.0} sdss_psfmag_from_g3xp 11.676214 11.156674 10.460395 9.22 63050395477079120 1077958998 bright_flexible_2x1 mwm_snc_ext_main_boss mwm_snc science 0 0 1.445968508720398 0.0 -999 ""
FIBERMAP 788 R+7C6 METROLOGY 0 0 0 1 0 0 -96.18687526277351 123.45379003248075 143.1 -122.9806346134581 -96.78097630836349 297.65427 112.05064 -999.0 -999.0 -999.0 -999.0 -999.0 267.1534882607267 -19.883788983296476 267.21056659661565 -19.89496529056558 76.06239023969398 51.72427335996343 -999.0 6231.0 -999.0 -1 -999 {-999.0 -999.0 -999.0 -999.0 -999.0} "" -999.0 -999.0 -999.0 -999.0 -999 -999 "" "" "" "" 0 0 0.0 0.0 -999 ""
FIBERMAP 794 R-11C15 APOGEE 0 0 0 1 0 0 154.67005123009426 -225.45031206664555 143.1 224.68807596593004 155.75608027733844 320.74982 102.75081 -999.0 -999.0 -999.0 -999.0 -999.0 268.2714866058994 -19.121167354053984 268.3261640206713 -19.12959878716109 74.77134271582108 52.34866431948882 -999.0 16600.0 -999.0 2 -999 {-999.0 -999.0 -999.0 -999.0 -999.0} "" -999.0 -999.0 -999.0 -999.0 -999 -999 "" "" "" "" 0 0 0.0 0.0 -999 ""
FIBERMAP 794 R-11C15 BOSS 1 1 0 1 0 0 154.38699232786465 -226.0903919858551 143.1 225.32949633795914 155.47614213012574 320.74982 102.75081 268.27358603280686 -19.12196825671041 -5.6432514 -5.0087833 0.002590478 268.27356870948597 -19.121982783999094 268.32820282830227 -19.130448350294397 74.77050905797567 52.35602370762931 5400.0 5400.0 2016.0 1 332 {-999.0 15.697336 14.757884 14.2064905 -999.0} sdss_psfmag_from_g3xp 15.377962 14.738364 13.78254 12.075 63050395479146620 1093132013 bright_3x1 mwm_astar_core_boss mwm_ob science 0 0 0.0 0.0 -999 ""
FIBERMAP 794 R-11C15 METROLOGY 0 0 0 1 0 0 153.92400263430883 -225.5042537900395 143.1 224.7456352277409 155.01033206968808 320.74982 102.75081 -999.0 -999.0 -999.0 -999.0 -999.0 268.2717524859593 -19.123363767350764 268.32640381089243 -19.13182245403161 74.77268959298007 52.355455593831664 -999.0 6231.0 -999.0 -1 -999 {-999.0 -999.0 -999.0 -999.0 -999.0} "" -999.0 -999.0 -999.0 -999.0 -999 -999 "" "" "" "" 0 0 0.0 0.0 -999 ""
FIBERMAP 797 R0C6 APOGEE 0 0 0 1 0 0 -193.35346747720934 -5.7168808003849545 143.1 6.6548663136706345 -193.31571448300187 215.60822 100.728645 -999.0 -999.0 -999.0 -999.0 -999.0 267.5707753123698 -20.1776071634196 267.6286806651043 -20.187607419754485 75.96807952246058 53.71333357454756 -999.0 16600.0 -999.0 2 -999 {-999.0 -999.0 -999.0 -999.0 -999.0} "" -999.0 -999.0 -999.0 -999.0 -999 -999 "" "" "" "" 0 0 0.0 0.0 -999 ""
FIBERMAP 797 R0C6 BOSS 1 1 0 1 0 0 -193.94475155091163 -5.088875078060886 143.1 6.0297624155337335 -193.9100154506662 215.60822 100.728645 267.56880631498495 -20.179396973989874 -3.1787271 -7.5285153 0.72648007 267.56879649259474 -20.179418809416358 267.6266646895335 -20.189459143106376 75.97072319284048 53.71391690350613 5400.0 5400.0 2016.0 1 451 {-999.0 16.359482 14.699956 13.9429655 -999.0} sdss_psfmag_from_g3xp 15.627214 14.529626 13.498598 11.039 63050395476673366 939012996 bright_1x1 openfibertargets_nov2020_34a open_fiber science 0 0 0.0 0.0 -999 ""
FIBERMAP 797 R0C6 METROLOGY 0 0 0 1 0 0 -193.20902915437532 -4.982962693445915 143.1 5.920285292957807 -193.17484510434758 215.60822 100.728645 -999.0 -999.0 -999.0 -999.0 -999.0 267.56843823559836 -20.177235782018695 267.6263121614062 -20.18726754327155 75.9695245632002 53.706226495076464 -999.0 6231.0 -999.0 -1 -999 {-999.0 -999.0 -999.0 -999.0 -999.0} "" -999.0 -999.0 -999.0 -999.0 -999 -999 "" "" "" "" 0 0 0.0 0.0 -999 ""
FIBERMAP 798 R+9C9 APOGEE 1 1 0 1 0 0 6.829264138896089 177.79816192600515 143.1 -177.82209666578015 5.9661138914857 47.386723 73.42484 266.9789349994962 -19.571238157481286 0.62804925 1.2408091 0.2691033 266.9789369327598 -19.571234558684612 267.03515465879195 -19.582909764233644 75.96580395739284 50.31920144939115 16000.0 16600.0 2016.0 2 135 {-999.0 17.134167 14.948348 13.758973 -999.0} sdss_psfmag_from_g3xp 16.040247 14.42311 13.208685 9.864 63050395480650796 1148118042 bright_12x1 mwm_bin_rv_short_rgb_apogee_12epoch mwm_bin science 0 0 0.0 0.0 -999 ""
FIBERMAP 798 R+9C9 BOSS 0 0 0 1 0 0 7.215153119420204 177.17905007388495 143.1 -177.20488946177176 6.354987241194898 47.386723 73.42484 -999.0 -999.0 -999.0 -999.0 -999.0 266.9808969382157 -19.57002674834783 267.03707014736915 -19.581734679627036 75.96369246554785 50.320947766642576 -999.0 5400.0 -999.0 1 130 {-999.0 -999.0 -999.0 -999.0 -999.0} "" -999.0 -999.0 -999.0 -999.0 -999 -999 "" "" "" "" 0 0 0.0 0.0 -999 ""
FIBERMAP 798 R+9C9 METROLOGY 0 0 0 1 0 0 6.488274532624182 177.11031672570286 143.1 -177.13263236682565 5.628479828956369 47.386723 73.42484 -999.0 -999.0 -999.0 -999.0 -999.0 266.98107842909684 -19.572240453644756 267.0372696198543 -19.583936761661906 75.96509911343496 50.32797652604722 -999.0 6231.0 -999.0 -1 -999 {-999.0 -999.0 -999.0 -999.0 -999.0} "" -999.0 -999.0 -999.0 -999.0 -999 -999 "" "" "" "" 0 0 0.0 0.0 -999 ""
FIBERMAP 801 R+7C20 APOGEE 1 1 0 1 0 0 221.8860962850945 137.56252709500276 143.1 -138.63214590013436 221.20706197246423 331.13797 150.6243 267.1096659514241 -18.920858986202212 -1.7159406 -1.0033411 0.1532468 267.1096606903012 -18.920861896255406 267.16395754450286 -18.932349992240425 75.41870001809909 48.81194385450935 16000.0 16600.0 2016.0 2 89 {-999.0 17.59587 15.316843 13.916002 -999.0} sdss_psfmag_ps1 16.411272 14.449107 13.1422615 9.724 63050395482849799 1149068525 bright_12x1 mwm_bin_rv_short_rgb_apogee_12epoch mwm_bin science 0 0 0.0 0.0 -999 ""
FIBERMAP 801 R+7C20 BOSS 0 0 0 1 0 0 222.27460363880795 136.94165011913736 143.1 -138.0131863698833 221.5985621253687 331.13797 150.6243 -999.0 -999.0 -999.0 -999.0 -999.0 267.1116848951752 -18.919643218900877 267.16593682560745 -18.931166436387496 75.41654730233996 48.814014572962776 -999.0 5400.0 -999.0 1 263 {-999.0 -999.0 -999.0 -999.0 -999.0} "" -999.0 -999.0 -999.0 -999.0 -999 -999 "" "" "" "" 0 0 0.0 0.0 -999 ""
FIBERMAP 801 R+7C20 METROLOGY 0 0 0 1 0 0 221.53791487569438 136.91075844237207 143.1 -137.97872138151465 220.86206141140607 331.13797 150.6243 -999.0 -999.0 -999.0 -999.0 -999.0 267.11173541484624 -18.92182848231235 267.16600532444977 -18.933339695396292 75.4180631587506 48.82020522260359 -999.0 6231.0 -999.0 -1 -999 {-999.0 -999.0 -999.0 -999.0 -999.0} "" -999.0 -999.0 -999.0 -999.0 -999 -999 "" "" "" "" 0 0 0.0 0.0 -999 ""
FIBERMAP 803 R-5C19 APOGEE 0 0 0 1 0 0 188.72796140006068 -98.62916890264242 143.1 97.70822697385059 189.19680533856533 51.941853 46.99289 -999.0 -999.0 -999.0 -999.0 -999.0 267.8657446072413 -19.019152771307528 267.9201982317443 -19.028659353280776 74.98057068738221 51.0567327682553 -999.0 16600.0 -999.0 2 -999 {-999.0 -999.0 -999.0 -999.0 -999.0} "" -999.0 -999.0 -999.0 -999.0 -999 -999 "" "" "" "" 0 0 0.0 0.0 -999 ""
FIBERMAP 803 R-5C19 BOSS 1 1 0 1 0 0 188.8569768852137 -99.35483932117836 143.1 98.43323375077334 189.32933558654108 51.941853 46.99289 267.8681419865015 -19.018679101278085 -3.217822 0.8463381 0.6042079 267.8681321147758 -19.0186766465902 267.9225401536983 -19.028217108381494 74.9786706414466 51.0614380021372 5400.0 5400.0 2016.0 1 313 {-999.0 17.830921 16.520424 15.972699 -999.0} sdss_psfmag_ps1 17.276081 16.413725 15.444226 13.642 63050395478863280 980272609 "" ops_std_boss_red ops_std standard_boss 0 0 0.0 0.0 -999 ""
FIBERMAP 803 R-5C19 METROLOGY 0 0 0 1 0 0 188.15359877355326 -99.10834088645159 143.1 98.19016134369863 188.6247977153704 51.941853 46.99289 -999.0 -999.0 -999.0 -999.0 -999.0 267.86735989080825 -19.020783128477607 267.92178659426247 -19.03031377712476 74.98063927237453 51.06535023023679 -999.0 6231.0 -999.0 -1 -999 {-999.0 -999.0 -999.0 -999.0 -999.0} "" -999.0 -999.0 -999.0 -999.0 -999 -999 "" "" "" "" 0 0 0.0 0.0 -999 ""
FIBERMAP 810 R+10C16 APOGEE 0 0 0 1 0 0 164.83780946956975 179.01170843510687 143.1 -179.80234443344904 163.96058941998513 324.87656 85.85615 -999.0 -999.0 -999.0 -999.0 -999.0 266.97659968924756 -19.093057400544488 267.03141969619514 -19.10484996448114 75.62974209174293 48.93317536722077 -999.0 16600.0 -999.0 2 -999 {-999.0 -999.0 -999.0 -999.0 -999.0} "" -999.0 -999.0 -999.0 -999.0 -999 -999 "" "" "" "" 0 0 0.0 0.0 -999 ""
FIBERMAP 810 R+10C16 BOSS 1 1 0 1 0 0 164.3763857868899 178.42440055377756 143.1 -179.21282782076088 163.5020396415776 324.87656 85.85615 266.97848711378424 -19.094372274807018 -0.012235221 -5.595833 0.6417341 266.97848707623154 -19.09438850475307 267.03327010623514 -19.106215210740775 75.62949993666581 48.94206011349891 5400.0 5400.0 2016.0 1 185 {-999.0 17.874037 17.053682 16.06013 -999.0} sdss_psfmag_ps1 17.42186 16.577242 15.675879 13.677 63050395482798315 945726331 bright_1x1 openfibertargets_nov2020_8 open_fiber science 0 0 0.0 0.0 -999 ""
FIBERMAP 810 R+10C16 METROLOGY 0 0 0 1 0 0 164.09683840117688 179.113983029219 143.1 -179.90101804067018 163.2191604098487 324.87656 85.85615 -999.0 -999.0 -999.0 -999.0 -999.0 266.97623995703105 -19.09522068976886 267.0310372557585 -19.107041879877197 75.63156435567981 48.9382952324184 -999.0 6231.0 -999.0 -1 -999 {-999.0 -999.0 -999.0 -999.0 -999.0} "" -999.0 -999.0 -999.0 -999.0 -999 -999 "" "" "" "" 0 0 0.0 0.0 -999 ""
FIBERMAP 811 R-13C1 APOGEE 1 1 0 1 0 0 -154.02192525537336 -233.89938690981253 143.1 234.63469514239407 -152.87891314027573 166.44574 53.12943 268.30479639138485 -20.054255983709965 -4.6654186 -3.9783254 0.64438903 268.3047819865898 -20.054267522296776 268.3621925679891 -20.062393632286145 75.36455960637667 55.14626371395586 16000.0 16600.0 2016.0 2 154 {-999.0 15.603843 13.97132 13.175627 -999.0} sdss_psfmag_from_g3xp 14.889011 13.763136 12.717737 10.202 63050395477595092 1069577128 bright_18x1 mwm_bin_rv_short_subgiant_apogee mwm_bin science 0 0 0.0 0.0 -999 ""
FIBERMAP 811 R-13C1 BOSS 0 0 0 1 0 0 -153.44936991128395 -233.42627802622863 143.1 234.15883232900958 -152.3086832836734 166.44574 53.12943 -999.0 -999.0 -999.0 -999.0 -999.0 268.30329377834664 -20.05251046299855 268.3606538745029 -20.06067699440937 75.36455598230754 55.13738224298015 -999.0 5400.0 -999.0 1 435 {-999.0 -999.0 -999.0 -999.0 -999.0} "" -999.0 -999.0 -999.0 -999.0 -999 -999 "" "" "" "" 0 0 0.0 0.0 -999 ""
FIBERMAP 811 R-13C1 METROLOGY 0 0 0 1 0 0 -153.3209443077789 -234.15229155849883 143.1 234.8841850644058 -152.17674122178516 166.44574 53.12943 -999.0 -999.0 -999.0 -999.0 -999.0 268.3056503205726 -20.05213980203737 268.36302178667677 -20.060290070503275 75.36260717762616 55.14189305965351 -999.0 6231.0 -999.0 -1 -999 {-999.0 -999.0 -999.0 -999.0 -999.0} "" -999.0 -999.0 -999.0 -999.0 -999 -999 "" "" "" "" 0 0 0.0 0.0 -999 ""
FIBERMAP 812 R-8C7 APOGEE 0 0 0 1 0 0 -75.12518384767424 -159.78805009575308 143.1 160.14433519491314 -74.34589481117673 168.40642 150.81998 -999.0 -999.0 -999.0 -999.0 -999.0 268.06641505097684 -19.817697757974514 268.123171644241 -19.826497176985935 75.38069460751004 53.8577777674534 -999.0 16600.0 -999.0 2 -999 {-999.0 -999.0 -999.0 -999.0 -999.0} "" -999.0 -999.0 -999.0 -999.0 -999 -999 "" "" "" "" 0 0 0.0 0.0 -999 ""
FIBERMAP 812 R-8C7 BOSS 1 1 0 1 0 0 -75.73727029588856 -159.19987378396 143.1 159.5591595923078 -74.96080379713733 168.40642 150.81998 268.06453698964543 -19.819587835336016 33.0642 11.625097 3.934396 268.0646389260192 -19.819554118305973 268.121356846068 -19.828394586409573 75.38322972297125 53.858952756541456 5400.0 5400.0 2016.0 1 373 {-999.0 18.083458 16.340862 15.458155 -999.0} sdss_psfmag_ps1 17.200884 16.07954 15.015357 12.784 63050395478279694 1082742325 bright_flexible_2x1 mwm_snc_ext_filler_boss mwm_snc science 0 0 0.0 0.0 -999 ""
FIBERMAP 812 R-8C7 METROLOGY 0 0 0 1 0 0 -74.99987281502884 -159.05062527796252 143.1 159.40634046342745 -74.22416874932755 168.40642 150.81998 -999.0 -999.0 -999.0 -999.0 -999.0 268.0641591544196 -19.817342467193328 268.12088312706203 -19.826174299597653 75.38209735720037 53.85118168095062 -999.0 6231.0 -999.0 -1 -999 {-999.0 -999.0 -999.0 -999.0 -999.0} "" -999.0 -999.0 -999.0 -999.0 -999 -999 "" "" "" "" 0 0 0.0 0.0 -999 ""
FIBERMAP 813 R+1C24 APOGEE 1 1 0 1 0 0 248.86418781225427 17.47669771490815 143.1 -18.683449841360428 248.76649419599022 355.39038 113.84793 267.4934951968 -18.83874430633011 -5.5210457 -3.112754 0.31360188 267.4934782774102 -18.838753334445947 267.54747186254883 -18.84926652377009 75.1054339346263 49.60240097073331 16000.0 16600.0 2016.0 2 112 {-999.0 16.727217 14.854325 13.91316 -999.0} sdss_psfmag_from_g3xp 15.85306 14.543077 13.425908 10.626 63050395482951528 1148839152 bright_12x1 mwm_bin_rv_short_rgb_apogee_12epoch mwm_bin science 0 0 0.0 0.0 -999 ""
FIBERMAP 813 R+1C24 BOSS 0 0 0 1 0 0 249.14001532303934 16.765337606784644 143.1 -17.97346506495754 249.04575942515663 355.39038 113.84793 -999.0 -999.0 -999.0 -999.0 -999.0 267.4957926566336 -18.83786148503838 267.54974081604314 -18.848409425087404 75.10331388451607 49.6059892394444 -999.0 5400.0 -999.0 1 191 {-999.0 -999.0 -999.0 -999.0 -999.0} "" -999.0 -999.0 -999.0 -999.0 -999 -999 "" "" "" "" 0 0 0.0 0.0 -999 ""
FIBERMAP 813 R+1C24 METROLOGY 0 0 0 1 0 0 248.3905869444747 16.897081179885234 143.1 -18.101565084841486 248.29573053935133 355.39038 113.84793 -999.0 -999.0 -999.0 -999.0 -999.0 267.4953591719814 -18.840080999272985 267.5493258817912 -18.850618050159166 75.10515929156693 49.61095077922056 -999.0 6231.0 -999.0 -1 -999 {-999.0 -999.0 -999.0 -999.0 -999.0} "" -999.0 -999.0 -999.0 -999.0 -999 -999 "" "" "" "" 0 0 0.0 0.0 -999 ""
FIBERMAP 815 R-12C7 APOGEE 0 0 0 1 0 0 -21.486227536989052 -224.02723688150746 143.1 224.11990359896342 -20.397983760616327 39.60483 152.8792 -999.0 -999.0 -999.0 -999.0 -999.0 268.27149084597016 -19.653909836354902 268.3277282997868 -19.662216094341748 75.12763264907014 53.873454767255794 -999.0 16600.0 -999.0 2 -999 {-999.0 -999.0 -999.0 -999.0 -999.0} "" -999.0 -999.0 -999.0 -999.0 -999 -999 "" "" "" "" 0 0 0.0 0.0 -999 ""
FIBERMAP 815 R-12C7 BOSS 1 1 0 1 0 0 -20.81118184362428 -223.85804620510362 143.1 223.94744590512715 -19.723794044920467 39.60483 152.8792 268.27102661132807 -19.65183544345014 -999.0 -999.0 -999.0 268.27102661132807 -19.651835443450143 268.3272126975532 -19.6601810635209 75.12665084719306 53.866257042450194 5400.0 5400.0 2015.5 1 366 {-999.0 -999.0 -999.0 -999.0 -999.0} "" -999.0 -999.0 -999.0 -999.0 27021603148178363 852693208 "" ops_sky_boss_fallback ops_sky sky_boss 0 0 0.0 0.0 -999 ""
FIBERMAP 815 R-12C7 METROLOGY 0 0 0 1 0 0 -20.974503491708305 -224.57279780228313 143.1 224.66295304305905 -19.88363877998433 39.60483 152.8792 -999.0 -999.0 -999.0 -999.0 -999.0 268.27333722505654 -19.65232874725709 268.3295371813815 -19.66065758632173 75.12532423306577 53.87328956155329 -999.0 6231.0 -999.0 -1 -999 {-999.0 -999.0 -999.0 -999.0 -999.0} "" -999.0 -999.0 -999.0 -999.0 -999 -999 "" "" "" "" 0 0 0.0 0.0 -999 ""
FIBERMAP 817 R+10C12 APOGEE 0 0 0 1 0 0 46.35146578875787 201.19483781456148 143.1 -201.40934958977218 45.372732828561546 237.87576 16.621248 -999.0 -999.0 -999.0 -999.0 -999.0 266.90429557345846 -19.451415601978216 266.96017412057245 -19.46331204952117 75.93198639673355 49.76423797235583 -999.0 16600.0 -999.0 2 -999 {-999.0 -999.0 -999.0 -999.0 -999.0} "" -999.0 -999.0 -999.0 -999.0 -999 -999 "" "" "" "" 0 0 0.0 0.0 -999 ""
FIBERMAP 817 R+10C12 BOSS 1 1 0 1 0 0 46.60206880734269 201.96246585988806 143.1 -202.1781539862944 45.619597822944975 237.87576 16.621248 266.90184192736166 -19.450588048088733 -3.9652784 -6.0443344 0.09891023 266.90182973052873 -19.450605578851754 266.95766595636076 -19.46254655292131 75.93312006001982 49.75513718468678 5400.0 5400.0 2016.0 1 147 {-999.0 15.037777 14.477801 14.189277 -999.0} sdss_psfmag_from_g3xp 14.884201 14.455942 13.825037 12.842 63050395480679898 1093129680 bright_3x1 mwm_astar_core_boss mwm_ob science 0 0 0.0 0.0 -999 ""
FIBERMAP 817 R+10C12 METROLOGY 0 0 0 1 0 0 47.071512191264745 201.3973998915478 143.1 -201.6153953302026 46.091758982942885 237.87576 16.621248 -999.0 -999.0 -999.0 -999.0 -999.0 266.90359892869503 -19.449188639198063 266.9594421492618 -19.461114610258782 75.93092312560194 49.75583276642823 -999.0 6231.0 -999.0 -1 -999 {-999.0 -999.0 -999.0 -999.0 -999.0} "" -999.0 -999.0 -999.0 -999.0 -999 -999 "" "" "" "" 0 0 0.0 0.0 -999 ""
FIBERMAP 822 R+8C14 APOGEE 0 0 0 1 0 0 77.57935658969687 139.19381467449247 143.1 -139.56307533766358 76.89987761669391 283.9777 55.47708 -999.0 -999.0 -999.0 -999.0 -999.0 267.1030925199593 -19.356778500732695 267.1586620726723 -19.368181947822865 75.73215583252735 50.02779892261128 -999.0 16600.0 -999.0 2 -999 {-999.0 -999.0 -999.0 -999.0 -999.0} "" -999.0 -999.0 -999.0 -999.0 -999 -999 "" "" "" "" 0 0 0.0 0.0 -999 ""
FIBERMAP 822 R+8C14 BOSS 1 1 0 1 0 0 76.90654223183878 139.41592346344504 143.1 -139.78190767769084 76.2260202719143 283.9777 55.47708 267.10235595703125 -19.358747528305088 -999.0 -999.0 -999.0 267.10235595703125 -19.35874752830509 267.1578903285418 -19.37019080043001 75.73408688669205 50.03151041947978 5400.0 5400.0 2015.5 1 168 {-999.0 -999.0 -999.0 -999.0 -999.0} "" -999.0 -999.0 -999.0 -999.0 27021603148192030 852696120 "" ops_sky_boss_fallback ops_sky sky_boss 0 0 0.0 0.0 -999 ""
FIBERMAP 822 R+8C14 METROLOGY 0 0 0 1 0 0 77.45483065544833 139.9313724745974 143.1 -140.29999066701953 76.77177900157993 283.9777 55.47708 -999.0 -999.0 -999.0 -999.0 -999.0 267.10067755230415 -19.357089067991634 267.1562189868969 -19.368526203661293 75.73403534760232 50.02220837867077 -999.0 6231.0 -999.0 -1 -999 {-999.0 -999.0 -999.0 -999.0 -999.0} "" -999.0 -999.0 -999.0 -999.0 -999 -999 "" "" "" "" 0 0 0.0 0.0 -999 ""
FIBERMAP 823 R-1C16 APOGEE 1 1 0 1 0 0 60.97896297913981 -12.448305963706305 143.1 12.151750377221589 61.03621338848507 3.8271344 157.12813 267.5906827514584 -19.40646744777879 -0.79997915 0.6006784 0.15083435 267.59068029146437 -19.406465705593458 267.6463134922113 -19.416594234382575 75.43565433966106 51.45378270856292 16000.0 16600.0 2016.0 2 219 {-999.0 17.69004 15.40466 14.508576 -999.0} sdss_psfmag_ps1 16.53597 14.993287 13.740885 10.472 63050395478696434 1153804726 bright_1x1 mwm_galactic_core_dist_apogee_sparse mwm_galactic science 0 0 0.0 0.0 -999 ""
FIBERMAP 823 R-1C16 BOSS 0 0 0 1 0 0 61.67862401585516 -12.672060427139487 143.1 12.372098028322506 61.736924008064534 3.8271344 157.12813 -999.0 -999.0 -999.0 -999.0 -999.0 267.5914463392318 -19.404264343984586 267.6470301112454 -19.414429778887502 75.4336738198552 51.44939206274671 -999.0 5400.0 -999.0 1 316 {-999.0 -999.0 -999.0 -999.0 -999.0} "" -999.0 -999.0 -999.0 -999.0 -999 -999 "" "" "" "" 0 0 0.0 0.0 -999 ""
FIBERMAP 823 R-1C16 METROLOGY 0 0 0 1 0 0 61.12941662264918 -13.174012760284795 143.1 12.876689497892135 61.19018086139236 3.8271344 157.12813 -999.0 -999.0 -999.0 -999.0 -999.0 267.59305586821944 -19.405933645537747 267.64865638776917 -19.416083640784912 75.43370032914534 51.45836007307349 -999.0 6231.0 -999.0 -1 -999 {-999.0 -999.0 -999.0 -999.0 -999.0} "" -999.0 -999.0 -999.0 -999.0 -999 -999 "" "" "" "" 0 0 0.0 0.0 -999 ""
FIBERMAP 826 R+6C9 APOGEE 0 0 0 1 0 0 -50.81283625734701 107.78780983808261 143.1 -107.53565097820439 -51.333264625566315 212.08098 138.52455 -999.0 -999.0 -999.0 -999.0 -999.0 267.203834115451 -19.746255288644956 267.26052920427685 -19.75730703680931 75.93383200469914 51.442991600590176 -999.0 16600.0 -999.0 2 -999 {-999.0 -999.0 -999.0 -999.0 -999.0} "" -999.0 -999.0 -999.0 -999.0 -999 -999 "" "" "" "" 0 0 0.0 0.0 -999 ""
FIBERMAP 826 R+6C9 BOSS 1 1 0 1 0 0 -51.535929863458065 107.90352677510788 143.1 -107.64785298587559 -52.05688233034139 212.08098 138.52455 267.20348624477936 -19.748451350693585 -13.510109 4.298662 8.4459095 267.20344461193366 -19.74843888300835 267.26010503529403 -19.75952789450803 75.93564784151134 51.44850340318155 5400.0 5400.0 2016.0 1 135 {-999.0 22.599024 20.684061 20.160938 -999.0} sdss_psfmag_ps1 21.235647 20.566275 19.280079 -999.0 63050395477193898 1077958999 bright_flexible_2x1 mwm_snc_ext_main_boss mwm_snc science 0 0 0.0 0.0 -999 ""
FIBERMAP 826 R+6C9 METROLOGY 0 0 0 1 0 0 -51.08427375580757 108.48481765814316 143.1 -108.23130551293298 -51.608070422713155 212.08098 138.52455 -999.0 -999.0 -999.0 -999.0 -999.0 267.2015490486064 -19.747082701676373 267.2582172224328 -19.758166631066214 75.93600358234075 51.4394100727057 -999.0 6231.0 -999.0 -1 -999 {-999.0 -999.0 -999.0 -999.0 -999.0} "" -999.0 -999.0 -999.0 -999.0 -999 -999 "" "" "" "" 0 0 0.0 0.0 -999 ""
FIBERMAP 829 R-13C9 APOGEE 1 1 0 1 0 0 15.889117162051292 -238.74327262483916 143.1 238.65380702877596 17.046837974806543 228.89278 5.1963234 268.3177185058594 -19.540473641814174 -999.0 -999.0 -999.0 268.3177185058594 -19.540473641814177 268.37361435267354 -19.54868671764371 75.02001473781712 53.654665766620795 16000.0 16600.0 2015.5 2 157 {-999.0 -999.0 -999.0 -999.0 -999.0} "" -999.0 -999.0 -999.0 -999.0 27021603148178424 848964329 "" ops_sky_apogee_good ops_sky sky_apogee 0 0 0.0 0.0 -999 ""
FIBERMAP 829 R-13C9 BOSS 0 0 0 1 0 0 16.341730818669063 -238.15372779410814 143.1 238.06209633469533 17.49656732810102 228.89278 5.1963234 -999.0 -999.0 -999.0 -999.0 -999.0 268.31590361556397 -19.53907441901973 268.371750187355 -19.547330651350787 75.02042678240409 53.64622930961593 -999.0 5400.0 -999.0 1 438 {-999.0 -999.0 -999.0 -999.0 -999.0} "" -999.0 -999.0 -999.0 -999.0 -999 -999 "" "" "" "" 0 0 0.0 0.0 -999 ""
FIBERMAP 829 R-13C9 METROLOGY 0 0 0 1 0 0 16.642416840820864 -238.83129442504878 143.1 238.73816875329248 17.800525792834634 228.89278 5.1963234 -999.0 -999.0 -999.0 -999.0 -999.0 268.3180871757147 -19.538159639767347 268.3739435485202 -19.546399627064712 75.01826342335762 53.64885020030869 -999.0 6231.0 -999.0 -1 -999 {-999.0 -999.0 -999.0 -999.0 -999.0} "" -999.0 -999.0 -999.0 -999.0 -999 -999 "" "" "" "" 0 0 0.0 0.0 -999 ""
FIBERMAP 833 R0C10 APOGEE 0 0 0 1 0 0 -97.4389195855577 -1.8463586593346588 143.1 2.319102456343114 -97.4249149300416 129.32808 165.34709 -999.0 -999.0 -999.0 -999.0 -999.0 267.55763168349296 -19.88746053926168 267.61468304783205 -19.897562451572874 75.78468876966255 52.79084882910104 -999.0 16600.0 -999.0 2 -999 {-999.0 -999.0 -999.0 -999.0 -999.0} "" -999.0 -999.0 -999.0 -999.0 -999 -999 "" "" "" "" 0 0 0.0 0.0 -999 ""
FIBERMAP 833 R0C10 BOSS 1 1 0 1 0 0 -97.74994199384513 -1.18476968873078 143.1 1.659057029963799 -97.73913171135682 129.32808 165.34709 267.55554199218744 -19.888426911625686 -999.0 -999.0 -999.0 267.55554199218744 -19.888426911625686 267.612553774806 -19.898570509487275 75.78684899422379 52.788411310053945 5400.0 5400.0 2015.5 1 448 {-999.0 -999.0 -999.0 -999.0 -999.0} "" -999.0 -999.0 -999.0 -999.0 27021603148172447 852691786 "" ops_sky_boss_fallback ops_sky sky_boss 0 0 0.0 0.0 -999 ""
FIBERMAP 833 R0C10 METROLOGY 0 0 0 1 0 0 -97.00352423454832 -1.2381406843326768 143.1 1.708803139627293 -96.99249360557883 129.32808 165.34709 -999.0 -999.0 -999.0 -999.0 -999.0 267.5556972271453 -19.88618221915079 267.6127144956215 -19.896315601957014 75.7852219627409 52.782023413316324 -999.0 6231.0 -999.0 -1 -999 {-999.0 -999.0 -999.0 -999.0 -999.0} "" -999.0 -999.0 -999.0 -999.0 -999 -999 "" "" "" "" 0 0 0.0 0.0 -999 ""
FIBERMAP 834 R+2C24 APOGEE 0 0 0 1 0 0 256.6302364591197 57.64418488000891 143.1 -58.886543452919504 256.3372210038519 127.244484 32.93092 -999.0 -999.0 -999.0 -999.0 -999.0 267.3651068216425 -18.815741237187545 267.41905537881905 -18.82659231237046 75.17454474178994 49.202666196289556 -999.0 16600.0 -999.0 2 -999 {-999.0 -999.0 -999.0 -999.0 -999.0} "" -999.0 -999.0 -999.0 -999.0 -999 -999 "" "" "" "" 0 0 0.0 0.0 -999 ""
FIBERMAP 834 R+2C24 BOSS 1 1 0 1 0 0 257.34796953907363 57.36930855235635 143.1 -58.615164282171015 257.0562508087774 127.244484 32.93092 267.3660278320312 -18.81354148177732 -999.0 -999.0 -999.0 267.3660278320312 -18.813541481777317 267.41992789270614 -18.824431263547623 75.17242258690908 49.19906627604815 5400.0 5400.0 2015.5 1 193 {-999.0 -999.0 -999.0 -999.0 -999.0} "" -999.0 -999.0 -999.0 -999.0 27021603148192824 852696323 "" ops_sky_boss_fallback ops_sky sky_boss 0 0 0.0 0.0 -999 ""
FIBERMAP 834 R+2C24 METROLOGY 0 0 0 1 0 0 256.7795403556834 56.91124111458964 143.1 -58.1543621587525 256.49007390799784 127.244484 32.93092 -999.0 -999.0 -999.0 -999.0 -999.0 267.36746662670856 -18.815207747202006 267.42138316951264 -18.82608190905151 75.17263889719214 49.20742455626254 -999.0 6231.0 -999.0 -1 -999 {-999.0 -999.0 -999.0 -999.0 -999.0} "" -999.0 -999.0 -999.0 -999.0 -999 -999 "" "" "" "" 0 0 0.0 0.0 -999 ""
FIBERMAP 836 R+9C2 APOGEE 0 0 0 1 0 0 -165.8317491338845 189.0357273204763 143.1 -188.2212124860001 -166.74049214825595 93.25568 106.11253 -999.0 -999.0 -999.0 -999.0 -999.0 266.94308282243134 -20.093655779150843 267.00084330184325 -20.10530263559694 76.34998248857143 51.80507219209716 -999.0 16600.0 -999.0 2 -999 {-999.0 -999.0 -999.0 -999.0 -999.0} "" -999.0 -999.0 -999.0 -999.0 -999 -999 "" "" "" "" 0 0 0.0 0.0 -999 ""
FIBERMAP 836 R+9C2 BOSS 1 1 0 1 0 0 -165.14109957264765 189.27144490970235 143.1 -188.46026936873986 -166.05102220604948 93.25568 106.11253 266.94234971458565 -20.091540401657713 -0.39387152 -1.6183077 0.25457838 266.94234849819156 -20.09154509533739 267.00006228777124 -20.103229838015707 76.34910661114728 51.7965266063232 5400.0 5400.0 2016.0 1 19 {-999.0 17.192196 15.556152 14.949204 -999.0} sdss_psfmag_ps1 16.473911 15.420399 14.373432 11.993 63050395476898397 1093367165 bright_3x1 mwm_astar_core_boss mwm_ob science 0 0 0.0 0.0 -999 ""
FIBERMAP 836 R+9C2 METROLOGY 0 0 0 1 0 0 -165.26912455173516 188.5428259141511 143.1 -187.73106683367453 -166.17550480561871 93.25568 106.11253 -999.0 -999.0 -999.0 -999.0 -999.0 266.94464063860516 -20.091981289562543 267.00236683803644 -20.10364993391429 76.34780917120159 51.804078262503765 -999.0 6231.0 -999.0 -1 -999 {-999.0 -999.0 -999.0 -999.0 -999.0} "" -999.0 -999.0 -999.0 -999.0 -999 -999 "" "" "" "" 0 0 0.0 0.0 -999 ""
FIBERMAP 843 R+7C18 APOGEE 1 1 0 1 0 0 181.62522168658865 150.63435394318526 143.1 -151.50792302503731 180.88483854632173 98.28483 55.985558 267.0674347029293 -19.0422139673938 -5.061819 -1.8251843 5.630601 267.0674191719364 -19.042219261090153 267.1220764891527 -19.053788327300335 75.53336802788402 49.036336782166074 16000.0 16600.0 2016.0 2 119 {-999.0 12.3207 11.558548 11.186388 -999.0} sdss_psfmag_from_g3xp 12.080003 11.56291 10.784303 9.371 63050395482831072 1069302652 bright_18x1 mwm_bin_rv_short_subgiant_apogee mwm_bin science 0 0 0.0 0.0 -999 ""
FIBERMAP 843 R+7C18 BOSS 0 0 0 1 0 0 182.30737216640952 150.30009743187026 143.1 -151.1769940742338 181.56857574611732 98.28483 55.985558 -999.0 -999.0 -999.0 -999.0 -999.0 267.0685156434584 -19.040096275521737 267.12312547991735 -19.051702708805045 75.53118306290274 49.0333445342261 -999.0 5400.0 -999.0 1 204 {-999.0 -999.0 -999.0 -999.0 -999.0} "" -999.0 -999.0 -999.0 -999.0 -999 -999 "" "" "" "" 0 0 0.0 0.0 -999 ""
FIBERMAP 843 R+7C18 METROLOGY 0 0 0 1 0 0 181.6845621110775 149.88871533714504 143.1 -150.7626109840459 180.94779424016411 98.28483 55.985558 -999.0 -999.0 -999.0 -999.0 -999.0 267.06978363387384 -19.041951896644836 267.1244102561169 -19.053543387086044 75.53165162331746 49.04196907011874 -999.0 6231.0 -999.0 -1 -999 {-999.0 -999.0 -999.0 -999.0 -999.0} "" -999.0 -999.0 -999.0 -999.0 -999 -999 "" "" "" "" 0 0 0.0 0.0 -999 ""
FIBERMAP 844 R-3C20 APOGEE 1 1 0 1 0 0 182.7013301876024 -57.04379412030288 143.1 56.15425054614058 182.968685852345 15.917606 105.32161 267.7326859809637 -19.03755767592025 -6.653591 -3.8263197 1.2927427 267.7326655665671 -19.03756877363491 267.7871964550095 -19.04741576439908 75.08390286646447 50.7700709876019 16000.0 16600.0 2016.0 2 214 {-999.0 15.126722 13.746371 13.067858 -999.0} sdss_psfmag_from_g3xp 14.575432 13.616744 12.649535 10.476 63050395478852804 1150263836 bright_12x1 mwm_bin_rv_short_subgiant_apogee_12epoch mwm_bin science 0 0 0.0 0.0 -999 ""
FIBERMAP 844 R-3C20 BOSS 0 0 0 1 0 0 183.12871231185605 -57.67830996445737 143.1 56.78665959191131 183.39912494805026 15.917606 105.32161 -999.0 -999.0 -999.0 -999.0 -999.0 267.73475489658176 -19.036179196311426 267.7892379968225 -19.04606097601976 75.08157503161785 50.77152792173422 -999.0 5400.0 -999.0 1 306 {-999.0 -999.0 -999.0 -999.0 -999.0} "" -999.0 -999.0 -999.0 -999.0 -999 -999 "" "" "" "" 0 0 0.0 0.0 -999 ""
FIBERMAP 844 R-3C20 METROLOGY 0 0 0 1 0 0 182.39076103210414 -57.71999739560662 143.1 56.83192590229896 182.66141417110128 15.917606 105.32161 -999.0 -999.0 -999.0 -999.0 -999.0 267.7348948845684 -19.038392803910696 267.78939668736564 -19.048262403134608 75.08300282891341 50.77806291431608 -999.0 6231.0 -999.0 -1 -999 {-999.0 -999.0 -999.0 -999.0 -999.0} "" -999.0 -999.0 -999.0 -999.0 -999 -999 "" "" "" "" 0 0 0.0 0.0 -999 ""
FIBERMAP 845 R+9C16 APOGEE 1 1 0 1 0 0 139.04578615366017 158.49319202381125 143.1 -159.1597300613907 138.2694711680502 277.50818 83.1149 267.0417638552014 -19.170803928352992 12.323362 -3.5936966 2.7453563 267.0418016959288 -19.170814351373476 267.09683803674983 -19.18241984952494 75.64187651315041 49.32995047627518 16000.0 16600.0 2016.0 2 76 {-999.0 12.748349 12.122624 11.813728 -999.0} sdss_psfmag_from_g3xp 12.5842285 12.111588 11.461319 10.324 63050395482773106 975037691 "" ops_std_apogee ops_std standard_apogee 0 0 0.0 0.0 -999 ""
FIBERMAP 845 R+9C16 BOSS 0 0 0 1 0 0 138.29968277003655 158.54916993466998 143.1 -159.2120844769015 137.52313477115663 277.50818 83.1149 -999.0 -999.0 -999.0 -999.0 -999.0 267.04161573410624 -19.172997698144997 267.0966175528155 -19.184642296187274 75.6436048753803 49.33564713594035 -999.0 5400.0 -999.0 1 235 {-999.0 -999.0 -999.0 -999.0 -999.0} "" -999.0 -999.0 -999.0 -999.0 -999 -999 "" "" "" "" 0 0 0.0 0.0 -999 ""
FIBERMAP 845 R+9C16 METROLOGY 0 0 0 1 0 0 138.73509190780845 159.1645801761666 143.1 -159.82957575463672 137.9555349799376 277.50818 83.1149 -999.0 -999.0 -999.0 -999.0 -999.0 267.03961665983286 -19.171675841100548 267.09462651830074 -19.183314856071608 75.64398050119507 49.32648825697078 -999.0 6231.0 -999.0 -1 -999 {-999.0 -999.0 -999.0 -999.0 -999.0} "" -999.0 -999.0 -999.0 -999.0 -999 -999 "" "" "" "" 0 0 0.0 0.0 -999 ""
FIBERMAP 850 R+3C23 APOGEE 0 0 0 1 0 0 243.99131450653874 65.2559940059213 143.1 -66.4366259008477 243.66201579400894 23.418762 131.82217 -999.0 -999.0 -999.0 -999.0 -999.0 267.34075334851804 -18.853757999842873 267.3948165346811 -18.864663253226755 75.2177945128098 49.24278392527265 -999.0 16600.0 -999.0 2 -999 {-999.0 -999.0 -999.0 -999.0 -999.0} "" -999.0 -999.0 -999.0 -999.0 -999 -999 "" "" "" "" 0 0 0.0 0.0 -999 ""
FIBERMAP 850 R+3C23 BOSS 1 1 0 1 0 0 244.7490914468395 64.84912399626197 143.1 -66.03345420186744 244.42172790843716 23.418762 131.82217 267.3420845983723 -18.851409924586548 2.976211 -4.4990554 1.0884749 267.3420937197378 -18.85142297347976 267.3961080687904 -18.862365699780696 75.21529820213678 49.23990171552897 5400.0 5400.0 2016.0 1 194 {-999.0 19.174421 17.835443 17.049831 -999.0} sdss_psfmag_ps1 18.55999 17.658613 16.615156 14.826 63050395482962606 980272860 "" ops_std_boss_red ops_std standard_boss 0 0 0.0 0.0 -999 ""
FIBERMAP 850 R+3C23 METROLOGY 0 0 0 1 0 0 244.0731008199067 64.51248259663306 143.1 -65.69354986907298 243.74740589200562 23.418762 131.82217 -999.0 -999.0 -999.0 -999.0 -999.0 267.3431434736873 -18.853419518898665 267.39717526782897 -18.86434762231636 75.21600661375653 49.24816470043697 -999.0 6231.0 -999.0 -1 -999 {-999.0 -999.0 -999.0 -999.0 -999.0} "" -999.0 -999.0 -999.0 -999.0 -999 -999 "" "" "" "" 0 0 0.0 0.0 -999 ""
FIBERMAP 853 R+1C21 APOGEE 0 0 0 1 0 0 180.1582022034217 13.277211010602734 143.1 -14.150772757985637 180.084444566936 337.2423 113.781456 -999.0 -999.0 -999.0 -999.0 -999.0 267.5072322265477 -19.045680157558795 267.56182581329847 -19.056109271592472 75.24204700056913 50.21166245778642 -999.0 16600.0 -999.0 2 -999 {-999.0 -999.0 -999.0 -999.0 -999.0} "" -999.0 -999.0 -999.0 -999.0 -999 -999 "" "" "" "" 0 0 0.0 0.0 -999 ""
FIBERMAP 853 R+1C21 BOSS 1 1 0 1 0 0 180.16081863377644 12.517276847606647 143.1 -13.390890637089313 180.09074857520514 337.2423 113.781456 267.50971717625464 -19.045555197598812 -3.333473 -3.3408232 0.4854115 267.5097069480763 -19.0455648871982 267.5642572960756 -19.05602733769888 75.24035543581071 50.21777805195138 5400.0 5400.0 2016.0 1 243 {-999.0 18.876753 17.623234 17.096039 -999.0} sdss_psfmag_ps1 18.419271 17.476995 16.557207 14.616 63050395482862983 980272852 "" ops_std_boss_red ops_std standard_boss 0 0 0.0 0.0 -999 ""
FIBERMAP 853 R+1C21 METROLOGY 0 0 0 1 0 0 179.5186996756134 12.889222951865229 143.1 -13.759701489423811 179.446857929106 337.2423 113.781456 -999.0 -999.0 -999.0 -999.0 -999.0 267.508503471879 -19.047494929582207 267.56307167804016 -19.05794879121262 75.24250335753973 50.2200475270422 -999.0 6231.0 -999.0 -1 -999 {-999.0 -999.0 -999.0 -999.0 -999.0} "" -999.0 -999.0 -999.0 -999.0 -999 -999 "" "" "" "" 0 0 0.0 0.0 -999 ""
FIBERMAP 855 R+8C7 APOGEE 0 0 1 1 0 0 -66.78111816890332 162.8670081898747 143.1 -162.5345087377578 -67.56800122213205 9.982004 170.26642 -999.0 -999.0 -999.0 -999.0 -999.0 267.0267197889523 -19.794434710249835 267.0835853013441 -19.805934241051517 76.08804519946047 51.1144890944189 -999.0 16600.0 -999.0 2 -999 {-999.0 -999.0 -999.0 -999.0 -999.0} "" -999.0 -999.0 -999.0 -999.0 -999 -999 "" "" "" "" 0 0 0.0 0.0 -999 ""
FIBERMAP 855 R+8C7 BOSS 1 0 1 1 0 0 -66.02925192718543 162.88386777490962 143.1 -162.55501601227263 -66.8162557221973 9.982004 170.26642 267.08725208237536 -19.760519590251306 -5.47631 1.0934567 1.1459783 267.0266434264377 -19.792143672250656 267.08346136611044 -19.803680611474128 76.08657372137327 51.107373459998655 5400.0 5400.0 2016.0 1 108 {-999.0 17.56326 16.1422 15.4528 -999.0} sdss_psfmag_ps1 16.98093 15.982435 14.990051 12.8 63050395477162917 917199454 bright_4x1 mwm_yso_pms_boss_sagitta_edr3 mwm_yso science 0 0 0.0 0.0 -999 ""
FIBERMAP 855 R+8C7 METROLOGY 0 0 1 1 0 0 -66.39108379025494 162.22875165816626 143.1 -161.89817796164158 -67.174889786021 9.982004 170.26642 -999.0 -999.0 -999.0 -999.0 -999.0 267.0287144365903 -19.79326345234365 267.0855469067876 -19.80478436777421 76.08591613725473 51.11632772284702 -999.0 6231.0 -999.0 -1 -999 {-999.0 -999.0 -999.0 -999.0 -999.0} "" -999.0 -999.0 -999.0 -999.0 -999 -999 "" "" "" "" 0 0 0.0 0.0 -999 ""
FIBERMAP 861 R+12C6 APOGEE 0 0 0 1 0 0 -54.01149647377335 229.28898628578457 143.1 -229.01501467293463 -55.1213649319491 170.98752 143.33795 -999.0 -999.0 -999.0 -999.0 -999.0 266.81387406838803 -19.755166280885653 266.87065791271255 -19.76722646422749 76.20540424691777 50.417273473527416 -999.0 16600.0 -999.0 2 -999 {-999.0 -999.0 -999.0 -999.0 -999.0} "" -999.0 -999.0 -999.0 -999.0 -999 -999 "" "" "" "" 0 0 0.0 0.0 -999 ""
FIBERMAP 861 R+12C6 BOSS 1 1 0 1 0 0 -54.52513986707559 229.81250598388635 143.1 -229.53601472156373 -55.63752220234247 170.98752 143.33795 266.81223508284353 -19.756693725564116 -9.371716 2.8266058 7.439715 266.81220620140704 -19.756685527379148 266.868954989287 -19.768786293782064 76.2076406051717 50.417267774905824 5400.0 5400.0 2016.0 1 163 {-999.0 21.916489 20.289219 19.543348 -999.0} sdss_psfmag_ps1 -999.0 20.32359 -999.0 -999.0 63050395480591157 1079176290 bright_flexible_2x1 mwm_snc_ext_filler_boss mwm_snc science 0 0 0.0 0.0 -999 ""
FIBERMAP 861 R+12C6 METROLOGY 0 0 0 1 0 0 -53.81775029192266 230.01145471680033 143.1 -229.73838588553446 -54.93113468562698 170.98752 143.33795 -999.0 -999.0 -999.0 -999.0 -999.0 266.81152167834716 -19.754561461008933 266.86827540546574 -19.766654215043683 76.20661047627219 50.40899128166774 -999.0 6231.0 -999.0 -1 -999 {-999.0 -999.0 -999.0 -999.0 -999.0} "" -999.0 -999.0 -999.0 -999.0 -999 -999 "" "" "" "" 0 0 0.0 0.0 -999 ""
FIBERMAP 862 R+6C19 APOGEE 1 1 0 1 0 0 176.90879543837588 123.70086864293991 143.1 -124.5529449168054 176.29935593597475 24.447487 174.71327 267.1534574241518 -19.056235783941155 -0.9984783 -3.6792479 0.30844334 267.1534543602986 -19.0562464550952 267.20813823081374 -19.06758951105019 75.48627594426479 49.30708992662953 16000.0 16600.0 2016.0 2 118 {-999.0 16.318237 14.209467 13.164284 -999.0} sdss_psfmag_from_g3xp 15.265511 13.818745 12.653905 9.706 63050395482813324 1148008827 bright_12x1 mwm_bin_rv_short_rgb_apogee_12epoch mwm_bin science 0 0 0.0 0.0 -999 ""
FIBERMAP 862 R+6C19 BOSS 0 0 0 1 0 0 177.6304451857223 123.97636654946855 143.1 -124.83193049105375 177.01963141831916 24.447487 174.71327 -999.0 -999.0 -999.0 -999.0 -999.0 267.1525930854381 -19.05399360970908 267.20722931593514 -19.065378999461267 75.4853031679223 49.298459825317025 -999.0 5400.0 -999.0 1 203 {-999.0 -999.0 -999.0 -999.0 -999.0} "" -999.0 -999.0 -999.0 -999.0 -999 -999 "" "" "" "" 0 0 0.0 0.0 -999 ""
FIBERMAP 862 R+6C19 METROLOGY 0 0 0 1 0 0 177.49710365732312 123.22742629246342 143.1 -124.0823819471781 176.8899311571752 24.447487 174.71327 -999.0 -999.0 -999.0 -999.0 -999.0 267.1549558750746 -19.05437459071037 267.2096044969344 -19.065742556941988 75.4839875314147 49.305860666145065 -999.0 6231.0 -999.0 -1 -999 {-999.0 -999.0 -999.0 -999.0 -999.0} "" -999.0 -999.0 -999.0 -999.0 -999 -999 "" "" "" "" 0 0 0.0 0.0 -999 ""
FIBERMAP 863 R+9C12 APOGEE 1 1 0 1 0 0 54.002458839985195 158.34747553561496 143.1 -158.601333504361 53.231254067546516 286.2076 91.52759 267.0415545422474 -19.428244600181216 -4.7690454 -5.663472 0.23297447 267.04153987511984 -19.428261026305343 267.0973286113739 -19.43980729232239 75.82365710075044 50.069366992104186 16000.0 16600.0 2016.0 2 144 {-999.0 17.236664 15.311874 13.852705 -999.0} sdss_psfmag_gaia 16.16207 14.573217 13.362789 10.18 63050395480682493 1149241751 bright_12x1 mwm_bin_rv_short_rgb_apogee_12epoch mwm_bin science 0 0 0.0 0.0 -999 ""
FIBERMAP 863 R+9C12 BOSS 0 0 0 1 0 0 53.244535844866746 158.11932580536075 143.1 -158.36951763267012 52.47447745016613 286.2076 91.52759 -999.0 -999.0 -999.0 -999.0 -999.0 267.0422422815288 -19.430499419709967 267.0979965941159 -19.442081427022213 75.82480792130514 50.07777914814574 -999.0 5400.0 -999.0 1 146 {-999.0 -999.0 -999.0 -999.0 -999.0} "" -999.0 -999.0 -999.0 -999.0 -999 -999 "" "" "" "" 0 0 0.0 0.0 -999 ""
FIBERMAP 863 R+9C12 METROLOGY 0 0 0 1 0 0 53.436923961084716 158.84112157751963 143.1 -159.09220963098895 52.66335296536375 286.2076 91.52759 -999.0 -999.0 -999.0 -999.0 -999.0 267.039897430301 -19.42992079991714 267.095662011987 -19.441498227083667 75.8259635297904 50.06976522753598 -999.0 6231.0 -999.0 -1 -999 {-999.0 -999.0 -999.0 -999.0 -999.0} "" -999.0 -999.0 -999.0 -999.0 -999 -999 "" "" "" "" 0 0 0.0 0.0 -999 ""
FIBERMAP 864 R-6C5 APOGEE 1 1 0 1 0 0 -122.76459005131497 -117.7549508739377 143.1 118.34459077404681 -122.18680745797408 340.33603 130.01738 267.93169042313895 -19.962761668127236 -1.2690631 -1.9178559 0.3785469 267.9316865070988 -19.962767230605227 267.9888946868791 -19.971881958194206 75.57149263377192 53.96132755610672 16000.0 16600.0 2016.0 2 294 {-999.0 16.459139 14.720199 13.871274 -999.0} sdss_psfmag_from_g3xp 15.668974 14.475013 13.401399 10.792 63050395478241783 1069529806 bright_18x1 mwm_bin_rv_short_subgiant_apogee mwm_bin science 0 0 0.0 0.0 -999 ""
FIBERMAP 864 R-6C5 BOSS 0 0 0 1 0 0 -122.57459459471418 -118.48860338278928 143.1 119.07728331204223 -121.99326166128564 340.33603 130.01738 -999.0 -999.0 -999.0 -999.0 -999.0 267.9341397485355 -19.962188699061 267.99130159135245 -19.97133355787911 75.56942936291598 53.965651601609125 -999.0 5400.0 -999.0 1 485 {-999.0 -999.0 -999.0 -999.0 -999.0} "" -999.0 -999.0 -999.0 -999.0 -999 -999 "" "" "" "" 0 0 0.0 0.0 -999 ""
FIBERMAP 864 R-6C5 METROLOGY 0 0 0 1 0 0 -123.295088470947 -118.27346942920329 143.1 118.86565681945942 -122.71476220923606 340.33603 130.01738 -999.0 -999.0 -999.0 -999.0 -999.0 267.93345598364067 -19.964398863073985 267.99063698698615 -19.97353467067647 75.57134914663216 53.970646925826145 -999.0 6231.0 -999.0 -1 -999 {-999.0 -999.0 -999.0 -999.0 -999.0} "" -999.0 -999.0 -999.0 -999.0 -999 -999 "" "" "" "" 0 0 0.0 0.0 -999 ""
FIBERMAP 867 R-6C9 APOGEE 0 0 0 1 0 0 -52.43222849083117 -115.31895241966546 143.1 115.56741836287995 -51.86990844747364 98.35432 170.02997 -999.0 -999.0 -999.0 -999.0 -999.0 267.9231404987092 -19.749679964719427 267.97972263347344 -19.758866663461788 75.4367407446669 53.301326828832316 -999.0 16600.0 -999.0 2 -999 {-999.0 -999.0 -999.0 -999.0 -999.0} "" -999.0 -999.0 -999.0 -999.0 -999 -999 "" "" "" "" 0 0 0.0 0.0 -999 ""
FIBERMAP 867 R-6C9 BOSS 1 1 0 1 0 0 -52.42218776072229 -114.57054082353989 143.1 114.818996791192 -51.863500035330546 98.35432 170.02997 267.92083740234375 -19.74965008353304 -999.0 -999.0 -999.0 267.92083740234375 -19.74965008353304 267.9773757638112 -19.758879921432925 75.43839504048819 53.29550625672067 5400.0 5400.0 2015.5 1 371 {-999.0 -999.0 -999.0 -999.0 -999.0} "" -999.0 -999.0 -999.0 -999.0 27021603148178198 852693166 "" ops_sky_boss_fallback ops_sky sky_boss 0 0 0.0 0.0 -999 ""
FIBERMAP 867 R-6C9 METROLOGY 0 0 0 1 0 0 -51.77931443064465 -114.95398468573978 143.1 115.19930114545251 -51.21879926149373 98.35432 170.02997 -999.0 -999.0 -999.0 -999.0 -999.0 267.9220641777767 -19.747709596052935 267.97860910667805 -19.75692618225513 75.43622696334225 53.29279759958649 -999.0 6231.0 -999.0 -1 -999 {-999.0 -999.0 -999.0 -999.0 -999.0} "" -999.0 -999.0 -999.0 -999.0 -999 -999 "" "" "" "" 0 0 0.0 0.0 -999 ""
FIBERMAP 873 R+3C16 APOGEE 1 1 0 1 0 0 79.82181960969021 47.25282390096552 143.1 -47.63772673132872 79.58838426476316 260.6485 133.45715 267.39844767918476 -19.34964399163966 1.8181708 1.3244635 0.8468959 267.398453268242 -19.349640150214782 267.45395295987464 -19.360280012631463 75.52762858123114 50.790634680265136 16000.0 16600.0 2016.0 2 71 {-999.0 13.556531 12.855284 12.493839 -999.0} sdss_psfmag_from_g3xp 13.360892 12.8270035 12.123105 10.818 63050395478691910 975037299 "" ops_std_apogee ops_std standard_apogee 0 0 0.0 0.0 -999 ""
FIBERMAP 873 R+3C16 BOSS 0 0 0 1 0 0 79.15478504055876 46.903006779537336 143.1 -47.2846908197411 78.92308177992857 260.6485 133.45715 -999.0 -999.0 -999.0 -999.0 -999.0 267.3995938009077 -19.351577913386453 267.4550567941002 -19.362252892675208 75.52825329854792 50.79920430227054 -999.0 5400.0 -999.0 1 228 {-999.0 -999.0 -999.0 -999.0 -999.0} "" -999.0 -999.0 -999.0 -999.0 -999 -999 "" "" "" "" 0 0 0.0 0.0 -999 ""
FIBERMAP 873 R+3C16 METROLOGY 0 0 0 1 0 0 79.18310460917887 47.64146305733707 143.1 -48.0232462897969 78.94781639412288 260.6485 133.45715 -999.0 -999.0 -999.0 -999.0 -999.0 267.3972013730604 -19.35149925517073 267.4526764880426 -19.36216953832047 75.52980828864533 50.79271201724475 -999.0 6231.0 -999.0 -1 -999 {-999.0 -999.0 -999.0 -999.0 -999.0} "" -999.0 -999.0 -999.0 -999.0 -999 -999 "" "" "" "" 0 0 0.0 0.0 -999 ""
FIBERMAP 874 R+8C3 APOGEE 1 0 1 1 0 0 -153.962260108372 162.8756522483486 143.1 -162.12009061620736 -154.74467132511418 10.021875 169.732 267.022705078125 -20.06455122607983 -999.0 -999.0 -999.0 267.0270034500298 -20.058196551757582 267.0846459164276 -20.06963412120308 76.26805464988539 51.92112823105873 16000.0 16600.0 2015.5 2 16 {-999.0 -999.0 -999.0 -999.0 -999.0} "" -999.0 -999.0 -999.0 -999.0 27021603148172755 848963041 "" ops_sky_apogee_good ops_sky sky_apogee 0 0 0.0 0.0 -999 ""
FIBERMAP 874 R+8C3 BOSS 0 0 1 1 0 0 -153.22053140477726 162.79426732773274 143.1 -162.0423092774818 -154.0025860897949 10.021875 169.732 -999.0 -999.0 -999.0 -999.0 -999.0 267.0272694193107 -20.055950366764993 267.0848643260422 -20.067423431577065 76.26640012573567 51.91489189522662 -999.0 5400.0 -999.0 1 25 {-999.0 -999.0 -999.0 -999.0 -999.0} "" -999.0 -999.0 -999.0 -999.0 -999 -999 "" "" "" "" 0 0 0.0 0.0 -999 ""
FIBERMAP 874 R+8C3 METROLOGY 0 0 1 1 0 0 -153.66104687209264 162.1893629016689 143.1 -161.43529849188639 -154.44014334504632 10.021875 169.732 -999.0 -999.0 -999.0 -999.0 -999.0 267.0291775346006 -20.05732195855791 267.08678776560714 -20.06877964958809 76.26599890298569 51.924255995299575 -999.0 6231.0 -999.0 -1 -999 {-999.0 -999.0 -999.0 -999.0 -999.0} "" -999.0 -999.0 -999.0 -999.0 -999 -999 "" "" "" "" 0 0 0.0 0.0 -999 ""
FIBERMAP 876 R+5C22 APOGEE 1 1 0 1 0 0 233.98260939298834 115.41454739321487 143.1 -116.54401334942803 233.4104257296796 132.81503 72.06711 267.1804702899273 -18.884298932943718 3.44278 5.1214366 2.165538 267.1804808432818 -18.884284078918604 267.234659688479 -18.89559725416763 75.3457542572154 48.90083361574427 16000.0 16600.0 2016.0 2 87 {-999.0 13.244665 12.531376 12.175833 -999.0} sdss_psfmag_from_g3xp 13.037978 12.5117035 11.8144045 10.498 63050395482852530 1069554023 bright_18x1 mwm_bin_rv_short_subgiant_apogee mwm_bin science 0 0 0.0 0.0 -999 ""
FIBERMAP 876 R+5C22 BOSS 0 0 0 1 0 0 234.63956280066515 115.74950089993831 143.1 -116.88213749527272 234.06571970329819 132.81503 72.06711 -999.0 -999.0 -999.0 -999.0 -999.0 267.1794578789594 -18.88226868725742 267.2335896667929 -18.89362527428663 75.34504428865435 48.89253338198472 -999.0 5400.0 -999.0 1 260 {-999.0 -999.0 -999.0 -999.0 -999.0} "" -999.0 -999.0 -999.0 -999.0 -999 -999 "" "" "" "" 0 0 0.0 0.0 -999 ""
FIBERMAP 876 R+5C22 METROLOGY 0 0 0 1 0 0 234.59680549993956 114.98486567109703 143.1 -116.11733436796537 234.02667514244519 132.81503 72.06711 -999.0 -999.0 -999.0 -999.0 -999.0 267.18186374585133 -18.882357711012578 267.23600708586537 -18.893696641533634 75.34350257163501 48.899216753269855 -999.0 6231.0 -999.0 -1 -999 {-999.0 -999.0 -999.0 -999.0 -999.0} "" -999.0 -999.0 -999.0 -999.0 -999 -999 "" "" "" "" 0 0 0.0 0.0 -999 ""
FIBERMAP 878 R-3C23 APOGEE 0 0 0 1 0 0 226.77439716863398 -54.98493142460042 143.1 53.881622185087984 227.02947996944616 120.416664 149.98602 -999.0 -999.0 -999.0 -999.0 -999.0 267.72544622092255 -18.90474560937606 267.7795914719568 -18.914642479544426 74.99612785168785 50.3831535140381 -999.0 16600.0 -999.0 2 -999 {-999.0 -999.0 -999.0 -999.0 -999.0} "" -999.0 -999.0 -999.0 -999.0 -999 -999 "" "" "" "" 0 0 0.0 0.0 -999 ""
FIBERMAP 878 R-3C23 BOSS 1 1 0 1 0 0 226.76766458952957 -54.23008504379156 143.1 53.126847557291555 227.01908471489247 120.416664 149.98602 267.7230834960937 -18.90469572958662 -999.0 -999.0 -999.0 267.7230834960937 -18.90469572958662 267.77718576120355 -18.91463908523981 74.99774597472549 50.376971618860225 5400.0 5400.0 2015.5 1 279 {-999.0 -999.0 -999.0 -999.0 -999.0} "" -999.0 -999.0 -999.0 -999.0 27021603148192638 852696276 "" ops_sky_boss_fallback ops_sky sky_boss 0 0 0.0 0.0 -999 ""
FIBERMAP 878 R-3C23 METROLOGY 0 0 0 1 0 0 227.42071786433962 -54.608410807503994 143.1 53.50198467809144 227.67394006992978 120.416664 149.98602 -999.0 -999.0 -999.0 -999.0 -999.0 267.7242808903529 -18.902704666208674 267.77838940569063 -18.912633957377235 74.99552729816462 50.37454521989122 -999.0 6231.0 -999.0 -1 -999 {-999.0 -999.0 -999.0 -999.0 -999.0} "" -999.0 -999.0 -999.0 -999.0 -999 -999 "" "" "" "" 0 0 0.0 0.0 -999 ""
FIBERMAP 879 R0C22 APOGEE 0 0 0 1 0 0 187.68722782954282 17.158115574084935 143.1 -18.068012301632464 187.59424761164783 108.67023 65.60334 -999.0 -999.0 -999.0 -999.0 -999.0 267.4947540585106 -19.02297594245485 267.54928361599707 -19.033442694652685 75.2345159124895 50.11571988230645 -999.0 16600.0 -999.0 2 -999 {-999.0 -999.0 -999.0 -999.0 -999.0} "" -999.0 -999.0 -999.0 -999.0 -999 -999 "" "" "" "" 0 0 0.0 0.0 -999 ""
FIBERMAP 879 R0C22 BOSS 1 1 0 1 0 0 188.4550906479249 17.055225008056727 143.1 -17.968853251305156 188.36256996857077 108.67023 65.60334 267.4951171875 -19.02055795383683 -999.0 -999.0 -999.0 267.4951171875 -19.020557953836832 267.54959719505433 -19.031064153115302 75.23263005074223 50.10991525142371 5400.0 5400.0 2015.5 1 255 {-999.0 -999.0 -999.0 -999.0 -999.0} "" -999.0 -999.0 -999.0 -999.0 27021603148192548 852696254 "" ops_sky_boss_fallback ops_sky sky_boss 0 0 0.0 0.0 -999 ""
FIBERMAP 879 R0C22 METROLOGY 0 0 0 1 0 0 187.98569607927647 16.472247568782866 143.1 -17.383628176347187 187.89602870265824 108.67023 65.60334 -999.0 -999.0 -999.0 -999.0 -999.0 267.49697386625775 -19.02195743519245 267.55146965593826 -19.032447208795077 75.23234781273533 50.11865820918143 -999.0 6231.0 -999.0 -1 -999 {-999.0 -999.0 -999.0 -999.0 -999.0} "" -999.0 -999.0 -999.0 -999.0 -999 -999 "" "" "" "" 0 0 0.0 0.0 -999 ""
FIBERMAP 881 R+5C5 APOGEE 1 0 1 1 0 0 -144.37891049253358 104.7148667063492 143.1 -104.00882121471042 -144.87958250531477 9.982111 170.04778 267.176513671875 -20.004994213918707 -999.0 -999.0 -999.0 267.21412172775365 -20.029729512016605 267.27164991135226 -20.040688693521965 76.11933574130005 52.331250861338276 16000.0 16600.0 2015.5 2 27 {-999.0 -999.0 -999.0 -999.0 -999.0} "" -999.0 -999.0 -999.0 -999.0 27021603148173167 848963125 "" ops_sky_apogee_good ops_sky sky_apogee 0 0 0.0 0.0 -999 ""
FIBERMAP 881 R+5C5 BOSS 0 0 1 1 0 0 -143.63618556861755 104.68898097682364 143.1 -103.98654102795076 -144.13677042078055 9.982111 170.04778 -999.0 -999.0 -999.0 -999.0 -999.0 267.2142028606704 -20.027498816792917 267.27168288572875 -20.038494144224778 76.1178291132994 52.32459863523263 -999.0 5400.0 -999.0 1 43 {-999.0 -999.0 -999.0 -999.0 -999.0} "" -999.0 -999.0 -999.0 -999.0 -999 -999 "" "" "" "" 0 0 0.0 0.0 -999 ""
FIBERMAP 881 R+5C5 METROLOGY 0 0 1 1 0 0 -144.03921117540997 104.04887346025544 143.1 -103.34451090058506 -144.5366689273869 9.982111 170.04778 -999.0 -999.0 -999.0 -999.0 -999.0 267.21624222520694 -20.028749502868322 267.27373737949154 -20.039729094661244 76.11724199760158 52.33382999455688 -999.0 6231.0 -999.0 -1 -999 {-999.0 -999.0 -999.0 -999.0 -999.0} "" -999.0 -999.0 -999.0 -999.0 -999 -999 "" "" "" "" 0 0 0.0 0.0 -999 ""
FIBERMAP 882 R-1C8 APOGEE 0 0 0 1 0 0 -121.89038233880558 -38.31136015521484 143.1 38.90087098294946 -121.69815891984915 316.3215 67.3763 -999.0 -999.0 -999.0 -999.0 -999.0 267.6755091556343 -19.96125603169455 267.73275775701666 -19.971035190171122 75.75130862865402 53.314996451708396 -999.0 16600.0 -999.0 2 -999 {-999.0 -999.0 -999.0 -999.0 -999.0} "" -999.0 -999.0 -999.0 -999.0 -999 -999 "" "" "" "" 0 0 0.0 0.0 -999 ""
FIBERMAP 882 R-1C8 BOSS 1 1 0 1 0 0 -122.58071815008205 -38.62152728285339 143.1 39.214372026967716 -122.38695384893896 316.3215 67.3763 267.6766024015979 -19.963348271553116 -7.473785 -7.115477 1.1145133 267.6765793391095 -19.963368909017547 267.7337907946677 -19.973181032294704 75.75201268455886 53.32412830124627 5400.0 5400.0 2016.0 1 459 {-999.0 15.944993 14.847031 14.332226 -999.0} sdss_psfmag_from_g3xp 15.547962 14.804723 13.933147 12.22 63050395476783342 980228491 "" ops_std_boss_red ops_std standard_boss 0 0 0.0 0.0 -999 ""
FIBERMAP 882 R-1C8 METROLOGY 0 0 0 1 0 0 -122.4960354811347 -37.872404020751524 143.1 38.464876613092535 -122.30591081600994 316.3215 67.3763 -999.0 -999.0 -999.0 -999.0 -999.0 267.6741523921816 -19.963142757037563 267.73137581250126 -19.9729509694945 75.75355322686903 53.31729119583525 -999.0 6231.0 -999.0 -1 -999 {-999.0 -999.0 -999.0 -999.0 -999.0} "" -999.0 -999.0 -999.0 -999.0 -999 -999 "" "" "" "" 0 0 0.0 0.0 -999 ""
FIBERMAP 883 R+4C1 APOGEE 1 1 0 1 0 0 -260.6210748322659 90.33163818426654 143.1 -89.06225195673406 -261.04593130318415 180.52304 66.86077 267.2614229169352 -20.38002881189964 0.19729438 -1.7762774 0.20530158 267.2614235273718 -20.38003396374881 267.31997979592603 -20.39078919035896 76.31967588071751 53.55158121896348 16000.0 16600.0 2016.0 2 2 {-999.0 19.00001 16.567389 15.205425 -999.0} sdss_psfmag_ps1 17.701841 15.769565 14.437176 10.814 63050395476535957 1153796511 bright_1x1 mwm_galactic_core_dist_apogee_sparse mwm_galactic science 0 0 0.0 0.0 -999 ""
FIBERMAP 883 R+4C1 BOSS 0 0 0 1 0 0 -260.3616442991252 91.02893932047303 143.1 -89.76077592235319 -260.7898979776661 180.52304 66.86077 -999.0 -999.0 -999.0 -999.0 -999.0 267.259220903115 -20.379203184331818 267.3177332770838 -20.389998819891648 76.32073364734399 53.54318805666918 -999.0 5400.0 -999.0 1 2 {-999.0 -999.0 -999.0 -999.0 -999.0} "" -999.0 -999.0 -999.0 -999.0 -999 -999 "" "" "" "" 0 0 0.0 0.0 -999 ""
FIBERMAP 883 R+4C1 METROLOGY 0 0 0 1 0 0 -259.888544506767 90.43290600149913 143.1 -89.16706926231625 -260.313930324059 180.52304 66.86077 -999.0 -999.0 -999.0 -999.0 -999.0 267.2611056410095 -20.3778498625177 267.31962553190783 -20.388631152122393 76.31849866395045 53.54380621352561 -999.0 6231.0 -999.0 -1 -999 {-999.0 -999.0 -999.0 -999.0 -999.0} "" -999.0 -999.0 -999.0 -999.0 -999 -999 "" "" "" "" 0 0 0.0 0.0 -999 ""
FIBERMAP 884 R+2C18 APOGEE 0 0 0 1 0 0 124.52147535526106 38.45747848862367 143.1 -39.05974958995208 124.32840664731971 354.7905 121.526695 -999.0 -999.0 -999.0 -999.0 -999.0 267.4266153256834 -19.214104011317428 267.48171405289725 -19.224702584508382 75.41425391066583 50.47641161200329 -999.0 16600.0 -999.0 2 -999 {-999.0 -999.0 -999.0 -999.0 -999.0} "" -999.0 -999.0 -999.0 -999.0 -999 -999 "" "" "" "" 0 0 0.0 0.0 -999 ""
FIBERMAP 884 R+2C18 BOSS 1 1 0 1 0 0 124.84501270472151 37.65987722432773 143.1 -38.26375964282542 124.65579774528292 354.7905 121.526695 267.42919921874994 -19.213018625782667 -999.0 -999.0 -999.0 267.42919921874994 -19.21301862578267 267.48425211000114 -19.223649812250883 75.4118051677325 50.48008381993257 5400.0 5400.0 2015.5 1 208 {-999.0 -999.0 -999.0 -999.0 -999.0} "" -999.0 -999.0 -999.0 -999.0 27021603148192144 852696152 "" ops_sky_boss_fallback ops_sky sky_boss 0 0 0.0 0.0 -999 ""
FIBERMAP 884 R+2C18 METROLOGY 0 0 0 1 0 0 124.11564893110807 37.82914487480431 143.1 -38.42947916428826 123.92565033344306 354.7905 121.526695 -999.0 -999.0 -999.0 -999.0 -999.0 267.428641136361 -19.215227122509773 267.4837125400102 -19.225848165003917 75.41370733133873 50.48490456886822 -999.0 6231.0 -999.0 -1 -999 {-999.0 -999.0 -999.0 -999.0 -999.0} "" -999.0 -999.0 -999.0 -999.0 -999 -999 "" "" "" "" 0 0 0.0 0.0 -999 ""
FIBERMAP 888 R-5C14 APOGEE 1 1 0 1 0 0 71.67617948887617 -102.78343035405467 143.1 102.43028757434578 72.1712430360414 6.0571413 88.26558 267.8811382592589 -19.3732605366561 -3.6410563 -1.5817895 0.6854847 267.8811270650294 -19.37326512441936 267.9366122711269 -19.382648802485622 75.21296062991479 52.09678369777856 16000.0 16600.0 2016.0 2 196 {-999.0 16.09236 14.473969 13.703696 -999.0} sdss_psfmag_from_g3xp 15.38779 14.288749 13.25625 10.742 63050395478745146 1069800936 bright_18x1 mwm_bin_rv_short_subgiant_apogee mwm_bin science 0 0 0.0 0.0 -999 ""
FIBERMAP 888 R-5C14 BOSS 0 0 0 1 0 0 71.7386725186308 -103.52956733908587 143.1 103.17608266995654 72.23735359039534 6.0571413 88.26558 -999.0 -999.0 -999.0 -999.0 -999.0 267.8836220401554 -19.372993664648533 267.9390620739546 -19.38240955628256 75.21110704479364 52.102271455562175 -999.0 5400.0 -999.0 1 271 {-999.0 -999.0 -999.0 -999.0 -999.0} "" -999.0 -999.0 -999.0 -999.0 -999 -999 "" "" "" "" 0 0 0.0 0.0 -999 ""
FIBERMAP 888 R-5C14 METROLOGY 0 0 0 1 0 0 71.06387782857833 -103.21937682019716 143.1 102.86918277031232 71.56108858395942 6.0571413 88.26558 -999.0 -999.0 -999.0 -999.0 -999.0 267.88263508325815 -19.375046601467865 267.938093746259 -19.384453624263266 75.2131689012167 52.10568997695316 -999.0 6231.0 -999.0 -1 -999 {-999.0 -999.0 -999.0 -999.0 -999.0} "" -999.0 -999.0 -999.0 -999.0 -999 -999 "" "" "" "" 0 0 0.0 0.0 -999 ""
FIBERMAP 889 R-7C3 APOGEE 1 1 0 1 0 0 -161.348961757687 -151.6006092359057 143.1 152.37573419406533 -160.60493949331806 321.8507 84.7194 268.0408938725402 -20.078676638121564 2.551877 -6.1691017 2.3565779 268.04090175285995 -20.07869453075528 268.0984326402829 -20.08749900878574 75.56946336787328 54.582430945252014 16000.0 16600.0 2016.0 2 245 {-999.0 8.04155 8.012214 7.9858527 -999.0} sdss_psfmag_from_g3xp 8.097106 7.9769797 7.63994 7.158 63050395477637719 975037262 "" ops_std_apogee ops_std standard_apogee 0 0 0.0 0.0 -999 ""
FIBERMAP 889 R-7C3 BOSS 0 0 0 1 0 0 -161.9281788547112 -152.05379030779886 143.1 152.83170255483768 -161.1819274611346 321.8507 84.7194 -999.0 -999.0 -999.0 -999.0 -999.0 268.042438637143 -20.08042718226248 268.09992966963443 -20.089263243406652 75.56954538100743 54.59147746999264 -999.0 5400.0 -999.0 1 502 {-999.0 -999.0 -999.0 -999.0 -999.0} "" -999.0 -999.0 -999.0 -999.0 -999 -999 "" "" "" "" 0 0 0.0 0.0 -999 ""
FIBERMAP 889 R-7C3 METROLOGY 0 0 0 1 0 0 -162.05070105539806 -151.34411260869598 143.1 152.1226561595306 -161.30788715336556 321.8507 84.7194 -999.0 -999.0 -999.0 -999.0 -999.0 268.0401700500546 -20.080849386342685 268.0976753802056 -20.08968104475618 75.57142414106913 54.58721710610149 -999.0 6231.0 -999.0 -1 -999 {-999.0 -999.0 -999.0 -999.0 -999.0} "" -999.0 -999.0 -999.0 -999.0 -999 -999 "" "" "" "" 0 0 0.0 0.0 -999 ""
FIBERMAP 890 R+11C6 APOGEE 1 1 0 1 0 0 -73.95934090492167 220.68361617751646 143.1 -220.31328970326413 -75.02641750524218 202.74066 63.505405 266.84136554048763 -19.81560237744793 -0.63287026 -7.2909727 0.18218161 266.8413635894076 -19.815623523914848 266.898320875145 -19.827598451359954 76.22876969404535 50.67520913164085 16000.0 16600.0 2016.0 2 146 {-999.0 18.04456 15.823463 14.6873045 -999.0} sdss_psfmag_ps1 16.919083 15.224072 13.965025 10.732 63050395477034009 1149154857 bright_12x1 mwm_bin_rv_short_rgb_apogee_12epoch mwm_bin science 0 0 0.0 0.0 -999 ""
FIBERMAP 890 R+11C6 BOSS 0 0 0 1 0 0 -73.8934129973069 221.44270483830735 143.1 -221.07265898911405 -74.96417662146166 202.74066 63.505405 -999.0 -999.0 -999.0 -999.0 -999.0 266.8389415640796 -19.81538899208893 266.8958583633429 -19.827406777716078 76.23030222290389 50.667866933663106 -999.0 5400.0 -999.0 1 149 {-999.0 -999.0 -999.0 -999.0 -999.0} "" -999.0 -999.0 -999.0 -999.0 -999 -999 "" "" "" "" 0 0 0.0 0.0 -999 ""
FIBERMAP 890 R+11C6 METROLOGY 0 0 0 1 0 0 -73.27937063246655 220.99156909842077 143.1 -220.62452635459897 -74.3479768334751 202.74066 63.505405 -999.0 -999.0 -999.0 -999.0 -999.0 266.8403351018991 -19.81355897443115 266.89725768014137 -19.82556322816406 76.22807447392164 50.66614174972739 -999.0 6231.0 -999.0 -1 -999 {-999.0 -999.0 -999.0 -999.0 -999.0} "" -999.0 -999.0 -999.0 -999.0 -999 -999 "" "" "" "" 0 0 0.0 0.0 -999 ""
FIBERMAP 892 R-3C17 APOGEE 0 0 0 1 0 0 86.22226180215632 -45.120752272900646 143.1 44.70000755749468 86.43675400318406 184.96303 60.185524 -999.0 -999.0 -999.0 -999.0 -999.0 267.6955771597824 -19.32964173540532 267.7509673487523 -19.339516432045688 75.31098689180382 51.501580061674474 -999.0 16600.0 -999.0 2 -999 {-999.0 -999.0 -999.0 -999.0 -999.0} "" -999.0 -999.0 -999.0 -999.0 -999 -999 "" "" "" "" 0 0 0.0 0.0 -999 ""
FIBERMAP 892 R-3C17 BOSS 1 1 0 1 0 0 86.53594611787558 -44.42461516445821 143.1 44.002384283407594 86.74704395095192 184.96303 60.185524 267.6933859728733 -19.328608531181786 6.154413 0.23430091 0.8668778 267.6934048891032 -19.328607851623133 267.7487492641768 -19.338527104858162 75.31182373595048 51.493067739847874 5400.0 5400.0 2016.0 1 298 {-999.0 16.378502 15.456055 15.150855 -999.0} sdss_psfmag_ps1 16.092848 15.464638 14.649642 -999.0 63050395478707149 981881233 "" ops_std_boss_tic ops_std standard_boss 0 0 0.0 0.0 -999 ""
FIBERMAP 892 R-3C17 METROLOGY 0 0 0 1 0 0 86.9657402174131 -45.03866656864369 143.1 44.614318244219184 87.17979558978895 184.96303 60.185524 -999.0 -999.0 -999.0 -999.0 -999.0 267.69536733990657 -19.327302683923506 267.7507197569913 -19.337206210664604 75.30956585247507 51.49433830940154 -999.0 6231.0 -999.0 -1 -999 {-999.0 -999.0 -999.0 -999.0 -999.0} "" -999.0 -999.0 -999.0 -999.0 -999 -999 "" "" "" "" 0 0 0.0 0.0 -999 ""
FIBERMAP 893 R+11C7 APOGEE 1 1 0 1 0 0 -51.50604069912646 212.8283692469735 143.1 -212.56740804088807 -52.53616085482475 216.83446 77.06674 266.8665286306998 -19.74773791959322 0.51839083 -5.5200195 0.44457453 266.8665302281697 -19.747753929653197 266.92328402782294 -19.759679386384438 76.16464207478093 50.53924327037005 16000.0 16600.0 2016.0 2 130 {-999.0 15.960492 13.959453 12.944009 -999.0} sdss_psfmag_from_g3xp 14.99336 13.585071 12.435526 9.394 63050395480590639 1147826334 bright_12x1 mwm_bin_rv_short_rgb_apogee_12epoch mwm_bin science 0 0 0.0 0.0 -999 ""
FIBERMAP 893 R+11C7 BOSS 0 0 0 1 0 0 -51.84675365606246 213.5205963290693 143.1 -213.25794591390036 -52.880215324359554 216.83446 77.06674 -999.0 -999.0 -999.0 -999.0 -999.0 266.86430900272967 -19.748752294617617 266.92102581712425 -19.760720072708857 76.16689170726055 50.53617343208174 -999.0 5400.0 -999.0 1 117 {-999.0 -999.0 -999.0 -999.0 -999.0} "" -999.0 -999.0 -999.0 -999.0 -999 -999 "" "" "" "" 0 0 0.0 0.0 -999 ""
FIBERMAP 893 R+11C7 METROLOGY 0 0 0 1 0 0 -51.081674738608626 213.44424069521153 143.1 -213.18530691253764 -52.11480548962628 216.83446 77.06674 -999.0 -999.0 -999.0 -999.0 -999.0 266.8645085725109 -19.74645484211498 266.92123001057496 -19.758412216727432 76.16514589836488 50.529809798720294 -999.0 6231.0 -999.0 -1 -999 {-999.0 -999.0 -999.0 -999.0 -999.0} "" -999.0 -999.0 -999.0 -999.0 -999 -999 "" "" "" "" 0 0 0.0 0.0 -999 ""
FIBERMAP 900 R-5C6 APOGEE 0 0 0 1 0 0 -135.13649585340758 -114.7271578866712 143.1 115.37699138584733 -134.57276560232597 300.72635 35.87427 -999.0 -999.0 -999.0 -999.0 -999.0 267.9220363435578 -20.00025708808088 267.979356805085 -20.009388079806513 75.60292542396928 54.051076052725364 -999.0 16600.0 -999.0 2 -999 {-999.0 -999.0 -999.0 -999.0 -999.0} "" -999.0 -999.0 -999.0 -999.0 -999 -999 "" "" "" "" 0 0 0.0 0.0 -999 ""
FIBERMAP 900 R-5C6 BOSS 1 1 0 1 0 0 -135.87573986394008 -114.32575339447403 143.1 114.9791949870717 -135.31391922414517 300.72635 35.87427 267.92083740234375 -20.00251316130246 -999.0 -999.0 -999.0 267.92083740234375 -20.00251316130246 267.97812059808666 -20.01168292331652 75.60530951079352 54.05495846140084 5400.0 5400.0 2015.5 1 484 {-999.0 -999.0 -999.0 -999.0 -999.0} "" -999.0 -999.0 -999.0 -999.0 27021603148177832 852693074 "" ops_sky_boss_fallback ops_sky sky_boss 0 0 0.0 0.0 -999 ""
FIBERMAP 900 R-5C6 METROLOGY 0 0 0 1 0 0 -135.2231955154394 -113.98420338914146 143.1 114.63449607988049 -134.6630660920874 300.72635 35.87427 -999.0 -999.0 -999.0 -999.0 -999.0 267.9197347775976 -20.000572533997456 267.97702495326746 -20.00973535709476 75.60480452566009 54.04633325257936 -999.0 6231.0 -999.0 -1 -999 {-999.0 -999.0 -999.0 -999.0 -999.0} "" -999.0 -999.0 -999.0 -999.0 -999 -999 "" "" "" "" 0 0 0.0 0.0 -999 ""
FIBERMAP 909 R+1C23 APOGEE 0 0 0 1 0 0 202.89827892055058 12.02046420534841 143.1 -13.004441218249351 202.82944250547635 210.9991 122.65826 -999.0 -999.0 -999.0 -999.0 -999.0 267.5111470860875 -18.977056746703887 267.56554006699 -18.987491783644256 75.19122287686363 50.0304689377536 -999.0 16600.0 -999.0 2 -999 {-999.0 -999.0 -999.0 -999.0 -999.0} "" -999.0 -999.0 -999.0 -999.0 -999 -999 "" "" "" "" 0 0 0.0 0.0 -999 ""
FIBERMAP 909 R+1C23 BOSS 1 1 0 1 0 0 202.23993679844577 12.346385564684272 143.1 -13.327150982842362 202.1695528785068 210.9991 122.65826 267.5101627196155 -18.97892711228716 -5.7303433 -7.638151 0.65045244 267.5101451441023 -18.978949265696784 267.5645013437252 -18.989426429506956 75.19328380299355 50.03312312756548 5400.0 5400.0 2016.0 1 190 {-999.0 17.635015 16.355104 15.877944 -999.0} sdss_psfmag_ps1 17.108149 16.277952 15.363897 13.511 63050395482879924 980272853 "" ops_std_boss_red ops_std standard_boss 0 0 0.0 0.0 -999 ""
FIBERMAP 909 R+1C23 METROLOGY 0 0 0 1 0 0 202.84494650873086 12.766556606224857 143.1 -13.750236185513689 202.77249231112089 210.9991 122.65826 -999.0 -999.0 -999.0 -999.0 -999.0 267.5087819616245 -18.97711135028149 267.56314506085994 -18.987581161744636 75.19289097719974 50.02446548895779 -999.0 6231.0 -999.0 -1 -999 {-999.0 -999.0 -999.0 -999.0 -999.0} "" -999.0 -999.0 -999.0 -999.0 -999 -999 "" "" "" "" 0 0 0.0 0.0 -999 ""
FIBERMAP 911 R+5C9 APOGEE 1 1 0 1 0 0 -75.58590365370749 92.63473422093287 143.1 -92.26314426758208 -76.03151645361025 244.25893 54.4945 267.25271301680306 -19.82141878129622 1.5984415 -0.25201935 0.45589975 267.25271794482893 -19.82141951224372 267.3096260637283 -19.832327080284845 75.95156129171247 51.798294821371435 16000.0 16600.0 2016.0 2 43 {-999.0 16.71226 14.753322 13.769723 -999.0} sdss_psfmag_from_g3xp 15.779784 14.40114 13.2617445 10.314 63050395477114201 1148504529 bright_12x1 mwm_bin_rv_short_rgb_apogee_12epoch mwm_bin science 0 0 0.0 0.0 -999 ""
FIBERMAP 911 R+5C9 BOSS 0 0 0 1 0 0 -75.9144420040995 93.28879991661124 143.1 -92.91558180938046 -76.36321176213943 244.25893 54.4945 -999.0 -999.0 -999.0 -999.0 -999.0 267.2506021449934 -19.82241748926102 267.30747186476106 -19.833366956109202 75.95375175911778 51.7957232796615 -999.0 5400.0 -999.0 1 77 {-999.0 -999.0 -999.0 -999.0 -999.0} "" -999.0 -999.0 -999.0 -999.0 -999 -999 "" "" "" "" 0 0 0.0 0.0 -999 ""
FIBERMAP 911 R+5C9 METROLOGY 0 0 0 1 0 0 -75.18906532358218 93.27104124457814 143.1 -92.90134407395279 -75.63778646076992 244.25893 54.4945 -999.0 -999.0 -999.0 -999.0 -999.0 267.2506346339844 -19.82023556641332 267.30750973607724 -19.831175079323142 75.9522288124868 51.789226943119274 -999.0 6231.0 -999.0 -1 -999 {-999.0 -999.0 -999.0 -999.0 -999.0} "" -999.0 -999.0 -999.0 -999.0 -999 -999 "" "" "" "" 0 0 0.0 0.0 -999 ""
FIBERMAP 913 R-2C5 APOGEE 1 1 0 1 0 0 -183.99393519176698 -46.96239746451642 143.1 47.852828734124856 -183.7565157049067 204.3531 147.17998 267.703857421875 -20.148962402647044 -999.0 -999.0 -999.0 267.703857421875 -20.148962402647044 267.7616552527588 -20.158624313913347 75.85509812183209 53.961685557272254 16000.0 16600.0 2015.5 2 287 {-999.0 -999.0 -999.0 -999.0 -999.0} "" -999.0 -999.0 -999.0 -999.0 27021603148172057 848962959 "" ops_sky_apogee_good ops_sky sky_apogee 0 0 0.0 0.0 -999 ""
FIBERMAP 913 R-2C5 BOSS 0 0 0 1 0 0 -184.71150148360604 -46.85499227481398 143.1 47.748911221178886 -184.4745660473782 204.3531 147.17998 -999.0 -999.0 -999.0 -999.0 -999.0 267.7035745196642 -20.151151595023308 267.7613355026 -20.160849267152336 75.85678751706726 53.96773672319671 -999.0 5400.0 -999.0 1 471 {-999.0 -999.0 -999.0 -999.0 -999.0} "" -999.0 -999.0 -999.0 -999.0 -999 -999 "" "" "" "" 0 0 0.0 0.0 -999 ""
FIBERMAP 913 R-2C5 METROLOGY 0 0 0 1 0 0 -184.27222672032372 -46.26635432965953 143.1 47.15817209503285 -184.03817049598027 204.3531 147.17998 -999.0 -999.0 -999.0 -999.0 -999.0 267.7016663069236 -20.149867908780855 267.7594361205199 -20.159560759169025 75.857283226153 53.95896508418008 -999.0 6231.0 -999.0 -1 -999 {-999.0 -999.0 -999.0 -999.0 -999.0} "" -999.0 -999.0 -999.0 -999.0 -999 -999 "" "" "" "" 0 0 0.0 0.0 -999 ""
FIBERMAP 915 R+5C16 APOGEE 1 1 0 1 0 0 101.72411805754575 80.83485653361755 143.1 -81.32430539430445 101.32658604198221 296.00018 92.223785 267.2904968261719 -19.283396902850825 -999.0 -999.0 -999.0 267.2904968261719 -19.28339690285083 267.34582089818844 -19.294331943135614 75.55458551104968 50.31617117929964 16000.0 16600.0 2015.5 2 68 {-999.0 -999.0 -999.0 -999.0 -999.0} "" -999.0 -999.0 -999.0 -999.0 27021603148192017 848966835 "" ops_sky_apogee_good ops_sky sky_apogee 0 0 0.0 0.0 -999 ""
FIBERMAP 915 R+5C16 BOSS 0 0 0 1 0 0 101.06735704193669 80.49466736093756 143.1 -80.98094678719471 100.6715098574547 296.00018 92.223785 -999.0 -999.0 -999.0 -999.0 -999.0 267.2915882838993 -19.28529689586264 267.3468759878973 -19.29626739062743 75.55523231346054 50.32450257962631 -999.0 5400.0 -999.0 1 222 {-999.0 -999.0 -999.0 -999.0 -999.0} "" -999.0 -999.0 -999.0 -999.0 -999 -999 "" "" "" "" 0 0 0.0 0.0 -999 ""
FIBERMAP 915 R+5C16 METROLOGY 0 0 0 1 0 0 101.09662587423193 81.2296919146355 143.1 -81.71607531729337 100.69721033921736 296.00018 92.223785 -999.0 -999.0 -999.0 -999.0 -999.0 267.2892061816681 -19.285212026527947 267.34450586952994 -19.29617773774088 75.55676463322611 50.317958957217854 -999.0 6231.0 -999.0 -1 -999 {-999.0 -999.0 -999.0 -999.0 -999.0} "" -999.0 -999.0 -999.0 -999.0 -999 -999 "" "" "" "" 0 0 0.0 0.0 -999 ""
FIBERMAP 922 R-1C18 APOGEE 1 1 0 1 0 0 82.89690396351718 -14.280009355070643 143.1 13.876998292195674 82.96190823750912 205.37698 70.055145 267.59638540432877 -19.339909254437977 5.558083 -13.556468 2.7156405 267.59640248886234 -19.339948573114377 267.6518401385329 -19.35007777542859 75.38600593068468 51.2768300301582 16000.0 16600.0 2016.0 2 212 {-999.0 10.773778 10.355301 10.151504 -999.0} sdss_psfmag_from_g3xp 10.697251 10.340946 9.795152 8.873 63050395478709369 975037285 "" ops_std_apogee ops_std standard_apogee 0 0 0.0 0.0 -999 ""
FIBERMAP 922 R-1C18 BOSS 0 0 0 1 0 0 82.94507881138144 -13.52418617201022 143.1 13.120980464832977 83.00641282700123 205.37698 70.055145 -999.0 -999.0 -999.0 -999.0 -999.0 267.5940217598168 -19.339720256651997 267.6494161939055 -19.349894357391992 75.38753289408346 51.27004247568789 -999.0 5400.0 -999.0 1 301 {-999.0 -999.0 -999.0 -999.0 -999.0} "" -999.0 -999.0 -999.0 -999.0 -999 -999 "" "" "" "" 0 0 0.0 0.0 -999 ""
FIBERMAP 922 R-1C18 METROLOGY 0 0 0 1 0 0 83.56057495936787 -13.949369855429005 143.1 13.54315533180508 83.62394038597358 205.37698 70.055145 -999.0 -999.0 -999.0 -999.0 -999.0 267.5953742013177 -19.33785338633801 267.65077507943533 -19.34801347924829 75.38530652221581 51.26816307914055 -999.0 6231.0 -999.0 -1 -999 {-999.0 -999.0 -999.0 -999.0 -999.0} "" -999.0 -999.0 -999.0 -999.0 -999 -999 "" "" "" "" 0 0 0.0 0.0 -999 ""
FIBERMAP 923 R+4C16 APOGEE 0 0 0 1 0 0 98.51590721135157 75.92025840916467 143.1 -76.3943933180249 98.14239024673726 308.5624 150.55968 -999.0 -999.0 -999.0 -999.0 -999.0 267.30628082782795 -19.2930964682523 267.36163061460513 -19.303988352257804 75.55070710262885 50.38569297058075 -999.0 16600.0 -999.0 2 -999 {-999.0 -999.0 -999.0 -999.0 -999.0} "" -999.0 -999.0 -999.0 -999.0 -999 -999 "" "" "" "" 0 0 0.0 0.0 -999 ""
FIBERMAP 923 R+4C16 BOSS 1 1 0 1 0 0 98.6396984338658 75.16258225147975 143.1 -75.63735710739506 98.26985181600377 308.5624 150.55968 267.3087231444438 -19.292620413102604 -2.244342 -2.8432858 0.12964831 267.3087162477423 -19.292628659663187 267.3640224641864 -19.303553043965085 75.54879088438807 50.39078306431535 5400.0 5400.0 2016.0 1 219 {-999.0 18.803076 17.053257 16.303326 -999.0} sdss_psfmag_ps1 18.036396 16.798452 15.722083 13.092 63050395482672975 945726301 bright_1x1 openfibertargets_nov2020_8 open_fiber science 0 0 0.0 0.0 -999 ""
FIBERMAP 923 R+4C16 METROLOGY 0 0 0 1 0 0 97.94379250759494 75.43840471504005 143.1 -75.90978828514444 97.57264344337554 308.5624 150.55968 -999.0 -999.0 -999.0 -999.0 -999.0 267.30780962563875 -19.29474067474307 267.3631340098606 -19.305655943328603 75.55086208191109 50.394445860872 -999.0 6231.0 -999.0 -1 -999 {-999.0 -999.0 -999.0 -999.0 -999.0} "" -999.0 -999.0 -999.0 -999.0 -999 -999 "" "" "" "" 0 0 0.0 0.0 -999 ""
FIBERMAP 924 R-11C4 APOGEE 1 0 1 1 0 0 -100.57501696624638 -205.811099865755 143.1 206.28850189665624 -99.57107537570434 9.993477 171.84819 268.2529367887784 -19.939645844039628 -0.10221344 -2.4465737 0.22582091 268.2143728518714 -19.893692245064994 268.27132635765213 -19.902090344462824 75.32536125912529 54.445266883338206 16000.0 16600.0 2016.0 2 178 {-999.0 17.21708 14.744385 13.381565 -999.0} sdss_psfmag_from_g3xp 15.896952 14.053381 12.777159 9.264 63050395477665146 1147763346 bright_12x1 mwm_bin_rv_short_rgb_apogee_12epoch mwm_bin science 0 0 0.0 0.0 -999 ""
FIBERMAP 924 R-11C4 BOSS 0 0 1 1 0 0 -99.83294392295142 -205.7659842274451 143.1 206.23978755502438 -98.82925968459026 9.993477 171.84819 -999.0 -999.0 -999.0 -999.0 -999.0 268.21430085082113 -19.8914287504966 268.27120250966107 -19.899864294018325 75.32399379439208 54.438318274049664 -999.0 5400.0 -999.0 1 424 {-999.0 -999.0 -999.0 -999.0 -999.0} "" -999.0 -999.0 -999.0 -999.0 -999 -999 "" "" "" "" 0 0 0.0 0.0 -999 ""
FIBERMAP 924 R-11C4 METROLOGY 0 0 1 1 0 0 -100.16617807051655 -206.4386729167456 143.1 206.91405849298275 -99.15921223956921 9.993477 171.84819 -999.0 -999.0 -999.0 -999.0 -999.0 268.21648153392033 -19.892445304426165 268.27339858916946 -19.90086454670213 75.32308549891378 54.44663452808584 -999.0 6231.0 -999.0 -1 -999 {-999.0 -999.0 -999.0 -999.0 -999.0} "" -999.0 -999.0 -999.0 -999.0 -999 -999 "" "" "" "" 0 0 0.0 0.0 -999 ""
FIBERMAP 926 R+12C11 APOGEE 0 0 0 1 0 0 72.09790773759636 248.44003724564345 143.1 -248.77704202228438 70.88857617161294 96.70323 91.45986 -999.0 -999.0 -999.0 -999.0 -999.0 266.75385714920526 -19.373432126224856 266.8095312492633 -19.385736411185267 75.97701985821104 49.12359610993684 -999.0 16600.0 -999.0 2 -999 {-999.0 -999.0 -999.0 -999.0 -999.0} "" -999.0 -999.0 -999.0 -999.0 -999 -999 "" "" "" "" 0 0 0.0 0.0 -999 ""
FIBERMAP 926 R+12C11 BOSS 1 1 0 1 0 0 72.85474523864183 248.5530006611609 143.1 -248.89367227543332 71.64482631285095 96.70323 91.45986 266.7535400390625 -19.37110340830293 -999.0 -999.0 -999.0 266.7535400390625 -19.371103408302933 266.8091675802079 -19.383447263955155 75.97562758286675 49.115965068228064 5400.0 5400.0 2015.5 1 107 {-999.0 -999.0 -999.0 -999.0 -999.0} "" -999.0 -999.0 -999.0 -999.0 27021603148185582 852694828 "" ops_sky_boss_fallback ops_sky sky_boss 0 0 0.0 0.0 -999 ""
FIBERMAP 926 R+12C11 METROLOGY 0 0 0 1 0 0 72.55892359614988 247.85100193689001 143.1 -248.1902743707462 71.35242655799021 96.70323 91.45986 -999.0 -999.0 -999.0 -999.0 -999.0 266.7557115613359 -19.371996132886732 266.8113526453732 -19.384323326331742 75.9748076975763 49.124565287682856 -999.0 6231.0 -999.0 -1 -999 {-999.0 -999.0 -999.0 -999.0 -999.0} "" -999.0 -999.0 -999.0 -999.0 -999 -999 "" "" "" "" 0 0 0.0 0.0 -999 ""
FIBERMAP 928 R-10C10 APOGEE 0 0 0 1 0 0 35.04569658540051 -193.27196058894464 143.1 193.09188860880573 35.98176807966448 359.51028 121.16581 -999.0 -999.0 -999.0 -999.0 -999.0 268.1720050454776 -19.48321828521875 268.2277598446942 -19.49182242374152 75.08446153203437 53.13483324825381 -999.0 16600.0 -999.0 2 -999 {-999.0 -999.0 -999.0 -999.0 -999.0} "" -999.0 -999.0 -999.0 -999.0 -999 -999 "" "" "" "" 0 0 0.0 0.0 -999 ""
FIBERMAP 928 R-10C10 BOSS 1 1 0 1 0 0 35.408489414226764 -193.92241093596436 143.1 193.74054476328422 36.34769854899884 359.51028 121.16581 268.17418238883914 -19.482054683592008 0.42390278 -2.0736449 0.40456688 268.17418369297826 -19.48206069791472 268.2298897383214 -19.490697744680247 75.08221760326906 53.13681823703808 5400.0 5400.0 2016.0 1 403 {-999.0 17.679852 16.508745 15.974009 15.509543} sdss_psfmag_from_ps1dr2 17.2226 16.4667 15.5599 13.958 63050395478490214 1039965232 "" ops_std_boss_ps1dr2 ops_std standard_boss 0 0 0.0 0.0 -999 ""
FIBERMAP 928 R-10C10 METROLOGY 0 0 0 1 0 0 34.69340527834029 -193.93180076032397 143.1 193.75340417227 35.632697002190994 359.51028 121.16581 -999.0 -999.0 -999.0 -999.0 -999.0 268.17424377211324 -19.484233160618622 268.22996890324373 -19.492858692486926 75.08361039669468 53.14324312892688 -999.0 6231.0 -999.0 -1 -999 {-999.0 -999.0 -999.0 -999.0 -999.0} "" -999.0 -999.0 -999.0 -999.0 -999 -999 "" "" "" "" 0 0 0.0 0.0 -999 ""
FIBERMAP 929 R-3C18 APOGEE 1 1 0 1 0 0 111.28177878463136 -69.64282079155102 143.1 69.09920076464347 111.61397115950601 248.16272 90.08015 267.7740857551025 -19.25348879301782 -0.9260342 -2.2638428 0.5536942 267.77408291014564 -19.253495358983578 267.8292367249645 -19.263184460623823 75.20485792897611 51.48400384795971 16000.0 16600.0 2016.0 2 217 {-999.0 16.536879 14.7806425 13.89165 -999.0} sdss_psfmag_from_g3xp 15.742567 14.503337 13.409954 10.723 63050395478818611 1069771738 bright_18x1 mwm_bin_rv_short_subgiant_apogee mwm_bin science 0 0 0.0 0.0 -999 ""
FIBERMAP 929 R-3C18 BOSS 0 0 0 1 0 0 110.58381752429167 -69.37590329243247 143.1 68.83568406415128 110.91475077212017 248.16272 90.08015 -999.0 -999.0 -999.0 -999.0 -999.0 267.7733147774641 -19.255518472783372 267.82843113039496 -19.265248116510925 75.20683086208015 51.487809959675985 -999.0 5400.0 -999.0 1 309 {-999.0 -999.0 -999.0 -999.0 -999.0} "" -999.0 -999.0 -999.0 -999.0 -999 -999 "" "" "" "" 0 0 0.0 0.0 -999 ""
FIBERMAP 929 R-3C18 METROLOGY 0 0 0 1 0 0 111.176425936378 -68.90278116051692 143.1 68.35971069210288 111.50503259418669 248.16272 90.08015 -999.0 -999.0 -999.0 -999.0 -999.0 267.77178203048965 -19.253725646429587 267.82690574084415 -19.263448629605886 75.20663479969993 51.478816358912695 -999.0 6231.0 -999.0 -1 -999 {-999.0 -999.0 -999.0 -999.0 -999.0} "" -999.0 -999.0 -999.0 -999.0 -999 -999 "" "" "" "" 0 0 0.0 0.0 -999 ""
FIBERMAP 931 R+4C2 APOGEE 0 0 0 1 0 0 -241.21001114345108 84.77375436819253 143.1 -83.59885147883767 -241.6089020148045 195.05379 71.56534 -999.0 -999.0 -999.0 -999.0 -999.0 267.2791481433677 -20.321798629071743 267.33752896548765 -20.33252142036782 76.26877812946806 53.41318555373476 -999.0 16600.0 -999.0 2 -999 {-999.0 -999.0 -999.0 -999.0 -999.0} "" -999.0 -999.0 -999.0 -999.0 -999 -999 "" "" "" "" 0 0 0.0 0.0 -999 ""
FIBERMAP 931 R+4C2 BOSS 1 1 0 1 0 0 -241.1700735012037 85.52497385956617 143.1 -84.35022588038836 -241.5726118642311 195.05379 71.56534 267.2767639160156 -20.32165110006217 -999.0 -999.0 -999.0 267.2767639160156 -20.321651100062173 267.33510285484596 -20.332414836557067 76.27041095803268 53.406496622765026 5400.0 5400.0 2015.5 1 74 {-999.0 -999.0 -999.0 -999.0 -999.0} "" -999.0 -999.0 -999.0 -999.0 27021603148171714 852691638 "" ops_sky_boss_fallback ops_sky sky_boss 0 0 0.0 0.0 -999 ""
FIBERMAP 931 R+4C2 METROLOGY 0 0 0 1 0 0 -240.5515228511044 85.12856612904393 143.1 -83.95684029895004 -240.95216960163418 195.05379 71.56534 -999.0 -999.0 -999.0 -999.0 -999.0 267.27800793115 -20.31984753867593 267.33635317738947 -20.330598631852414 76.268329226693 53.40404154360823 -999.0 6231.0 -999.0 -1 -999 {-999.0 -999.0 -999.0 -999.0 -999.0} "" -999.0 -999.0 -999.0 -999.0 -999 -999 "" "" "" "" 0 0 0.0 0.0 -999 ""
FIBERMAP 933 R+1C7 APOGEE 1 1 0 1 0 0 -135.47819240644205 39.043033356529826 143.1 -38.38358029930462 -135.66064119958696 138.24489 18.931847 267.42590171857057 -20.00288042529322 -4.6751323 -3.3236463 0.35795194 267.42588728850166 -20.002890065073156 267.4833012036708 -20.013306575040055 75.95392010307535 52.80249633873793 16000.0 16600.0 2016.0 2 14 {-999.0 16.812958 14.951462 14.002156 -999.0} sdss_psfmag_from_g3xp 15.942928 14.635135 13.513391 10.628 63050395476793317 1069525489 bright_18x1 mwm_bin_rv_short_subgiant_apogee mwm_bin science 0 0 0.0 0.0 -999 ""
FIBERMAP 933 R+1C7 BOSS 0 0 0 1 0 0 -134.76123518258018 38.78140369588409 143.1 -38.125443344742536 -134.94245149235113 138.24489 18.931847 -999.0 -999.0 -999.0 -999.0 -999.0 267.4267504713097 -20.000746284812013 267.48411556927283 -20.01119707796469 75.9519370523212 52.79816934728751 -999.0 5400.0 -999.0 1 21 {-999.0 -999.0 -999.0 -999.0 -999.0} "" -999.0 -999.0 -999.0 -999.0 -999 -999 "" "" "" "" 0 0 0.0 0.0 -999 ""
FIBERMAP 933 R+1C7 METROLOGY 0 0 0 1 0 0 -135.35844307564633 38.30984023642539 143.1 -37.65100624466553 -135.537340120991 138.24489 18.931847 -999.0 -999.0 -999.0 -999.0 -999.0 267.42826011926263 -20.002578178092737 267.48564235989556 -20.01301442050736 75.95209318856763 52.80768622624447 -999.0 6231.0 -999.0 -1 -999 {-999.0 -999.0 -999.0 -999.0 -999.0} "" -999.0 -999.0 -999.0 -999.0 -999 -999 "" "" "" "" 0 0 0.0 0.0 -999 ""
FIBERMAP 937 R+8C19 APOGEE 1 1 0 1 0 0 221.86149583884972 157.31296116678348 143.1 -158.3814380198311 221.0866203657497 59.256184 50.941433 267.0466812413017 -18.921119876775702 -0.92507684 -2.9830272 0.3110872 267.04667840498513 -18.92112852863723 267.10098635627037 -18.932779679020783 75.46039651668096 48.64273835438064 16000.0 16600.0 2016.0 2 101 {-999.0 16.890104 14.636442 13.355868 -999.0} sdss_psfmag_from_g3xp 15.737577 14.039364 12.800623 9.585 63050395483074664 1147932650 bright_12x1 mwm_bin_rv_short_rgb_apogee_12epoch mwm_bin science 0 0 0.0 0.0 -999 ""
FIBERMAP 937 R+8C19 BOSS 0 0 0 1 0 0 222.1370721944286 156.60901094201046 143.1 -157.67886152435918 221.36559849495902 59.256184 50.941433 -999.0 -999.0 -999.0 -999.0 -999.0 267.0489724735692 -18.920259989286265 267.10323669930006 -18.931945459639948 75.45831871100248 48.64653707573285 -999.0 5400.0 -999.0 1 175 {-999.0 -999.0 -999.0 -999.0 -999.0} "" -999.0 -999.0 -999.0 -999.0 -999 -999 "" "" "" "" 0 0 0.0 0.0 -999 ""
FIBERMAP 937 R+8C19 METROLOGY 0 0 0 1 0 0 221.39232945350244 156.7263120018746 143.1 -157.79254251664022 220.62032508901473 59.256184 50.941433 -999.0 -999.0 -999.0 -999.0 -999.0 267.0485431677843 -18.922468297622256 267.1028254546866 -18.93414300782585 75.46017085087196 48.65149602150154 -999.0 6231.0 -999.0 -1 -999 {-999.0 -999.0 -999.0 -999.0 -999.0} "" -999.0 -999.0 -999.0 -999.0 -999 -999 "" "" "" "" 0 0 0.0 0.0 -999 ""
FIBERMAP 939 R+2C6 APOGEE 0 0 0 1 0 0 -164.7039199849286 45.29527437775826 143.1 -44.49367465982507 -164.91519571543165 113.83642 140.44984 -999.0 -999.0 -999.0 -999.0 -999.0 267.4058989474605 -20.091297890000266 267.46357711258986 -20.10174565013756 76.02690718207258 53.02254234755236 -999.0 16600.0 -999.0 2 -999 {-999.0 -999.0 -999.0 -999.0 -999.0} "" -999.0 -999.0 -999.0 -999.0 -999 -999 "" "" "" "" 0 0 0.0 0.0 -999 ""
FIBERMAP 939 R+2C6 BOSS 1 1 0 1 0 0 -164.5264213317465 46.006481376550575 143.1 -45.205706179286196 -164.7411575084975 113.83642 140.44984 267.40364134430257 -20.09078669035646 -5.040847 -0.96335983 8.419661 267.403625776722 -20.090789484448923 267.4612609000629 -20.10127878494093 76.02821320067196 53.01508359935099 5400.0 5400.0 2016.0 1 49 {-999.0 -999.0 -999.0 -999.0 -999.0} "" -999.0 20.426287 -999.0 -999.0 63050395476740166 1077958985 bright_flexible_2x1 mwm_snc_ext_main_boss mwm_snc science 0 0 0.0 0.0 -999 ""
FIBERMAP 939 R+2C6 METROLOGY 0 0 0 1 0 0 -163.98249525727894 45.492871389708604 143.1 -44.694762280848344 -164.1947672134239 113.83642 140.44984 -999.0 -999.0 -999.0 -999.0 -999.0 267.4052624270802 -20.089174817133742 267.4629041387907 -20.099650281336007 76.02597691821879 53.0143383373034 -999.0 6231.0 -999.0 -1 -999 {-999.0 -999.0 -999.0 -999.0 -999.0} "" -999.0 -999.0 -999.0 -999.0 -999 -999 "" "" "" "" 0 0 0.0 0.0 -999 ""
FIBERMAP 947 R+11C15 APOGEE 0 0 0 1 0 0 126.03322804309258 204.97236120233774 143.1 -205.57334707865434 125.03203848560398 267.93686 35.354534 -999.0 -999.0 -999.0 -999.0 -999.0 266.8931936994717 -19.21035192177261 266.9483692636742 -19.22233320437812 75.76860862316215 49.03816264118899 -999.0 16600.0 -999.0 2 -999 {-999.0 -999.0 -999.0 -999.0 -999.0} "" -999.0 -999.0 -999.0 -999.0 -999 -999 "" "" "" "" 0 0 0.0 0.0 -999 ""
FIBERMAP 947 R+11C15 BOSS 1 1 0 1 0 0 125.61836787029179 205.56240687600123 143.1 -206.1613490213253 124.6143364923072 267.93686 35.354534 266.8910252277163 -19.211571468543145 15.91027 5.867086 6.024173 266.89132072774714 -19.211554451858152 266.94646005386534 -19.223579057498764 75.77075989331382 49.036465075942765 5400.0 5400.0 2016.0 1 186 {-999.0 14.303491 13.18062 12.68886 -999.0} sdss_psfmag_from_g3xp 13.896637 13.155067 12.308035 10.506 63050395480792245 1077959081 bright_flexible_2x1 mwm_snc_ext_main_boss mwm_snc science 0 0 0.838433027267456 0.0 -999 ""
FIBERMAP 947 R+11C15 METROLOGY 0 0 0 1 0 0 126.36621476516375 205.64215076609668 143.1 -206.24471784049723 125.36175769641288 267.93686 35.354534 -999.0 -999.0 -999.0 -999.0 -999.0 266.8910312787546 -19.209285742153234 266.9461752138825 -19.221300735795108 75.76931936271656 49.02920151916874 -999.0 6231.0 -999.0 -1 -999 {-999.0 -999.0 -999.0 -999.0 -999.0} "" -999.0 -999.0 -999.0 -999.0 -999 -999 "" "" "" "" 0 0 0.0 0.0 -999 ""
FIBERMAP 949 R+1C19 APOGEE 0 0 0 1 0 0 142.04578061925142 22.237574607349956 143.1 -22.925725245354112 141.93051451367893 51.217743 67.32577 -999.0 -999.0 -999.0 -999.0 -999.0 267.47865187635097 -19.160952722139147 267.5335865697456 -19.171428908784943 75.34197833945908 50.46152287148743 -999.0 16600.0 -999.0 2 -999 {-999.0 -999.0 -999.0 -999.0 -999.0} "" -999.0 -999.0 -999.0 -999.0 -999 -999 "" "" "" "" 0 0 0.0 0.0 -999 ""
FIBERMAP 949 R+1C19 BOSS 1 1 0 1 0 0 142.42392357782148 21.595037891906216 143.1 -22.28505680191329 142.311755915727 51.217743 67.32577 267.4807501498004 -19.159699918314566 -1.5479428 0.08541773 0.3869541 267.48074539693107 -19.15969967057208 267.53563368339394 -19.17020999721981 75.33974433836988 50.46343331793121 5400.0 5400.0 2016.0 1 241 {-999.0 18.207281 17.134495 16.58495 16.156298} sdss_psfmag_from_ps1dr2 17.7596 17.0664 16.1796 -999.0 63050395482721359 1039965625 "" ops_std_boss_ps1dr2 ops_std standard_boss 0 0 0.0 0.0 -999 ""
FIBERMAP 949 R+1C19 METROLOGY 0 0 0 1 0 0 141.654999871322 21.599774776804484 143.1 -22.28606210484955 141.54284903351098 51.217743 67.32577 -999.0 -999.0 -999.0 -999.0 -999.0 267.480718872165 -19.16202258874406 267.5356259448299 -19.172521311170847 75.34136769337374 50.4699345170248 -999.0 6231.0 -999.0 -1 -999 {-999.0 -999.0 -999.0 -999.0 -999.0} "" -999.0 -999.0 -999.0 -999.0 -999 -999 "" "" "" "" 0 0 0.0 0.0 -999 ""
FIBERMAP 952 R+4C8 APOGEE 0 0 0 1 0 0 -92.09510161110104 87.43958787136924 143.1 -86.98815312624276 -92.51464929524049 78.29243 141.11198 -999.0 -999.0 -999.0 -999.0 -999.0 267.2695288520207 -19.871480686420078 267.32658152638237 -19.88233304773707 75.9739831144232 51.99395212456096 -999.0 16600.0 -999.0 2 -999 {-999.0 -999.0 -999.0 -999.0 -999.0} "" -999.0 -999.0 -999.0 -999.0 -999 -999 "" "" "" "" 0 0 0.0 0.0 -999 ""
FIBERMAP 952 R+4C8 BOSS 1 1 0 1 0 0 -91.52575663524638 87.91221746471867 143.1 -87.46352109533483 -91.94762731481714 78.29243 141.11198 267.2680711497176 -19.869783965107768 -24.235344 6.715435 29.403147 267.26799640892733 -19.869764487893416 267.3250037225421 -19.880657191941626 75.97392966877322 51.98471937670188 5400.0 5400.0 2016.0 1 33 {-999.0 21.9362 20.36911 19.524576 -999.0} sdss_psfmag_ps1 21.329895 20.200855 18.96528 -999.0 63050395477076890 1132587090 dark_2x1 mwm_snc_100pc_boss mwm_snc science 0 0 0.0 0.0 -999 ""
FIBERMAP 952 R+4C8 METROLOGY 0 0 0 1 0 0 -91.3959858115127 87.17362675473365 143.1 -86.72559836132058 -91.81427906939518 78.29243 141.11198 -999.0 -999.0 -999.0 -999.0 -999.0 267.2703568808934 -19.869391299704173 267.3273733521954 -19.880268132833717 75.9720322351843 51.989800810080226 -999.0 6231.0 -999.0 -1 -999 {-999.0 -999.0 -999.0 -999.0 -999.0} "" -999.0 -999.0 -999.0 -999.0 -999 -999 "" "" "" "" 0 0 0.0 0.0 -999 ""
FIBERMAP 953 R+4C11 APOGEE 0 0 0 1 0 0 -5.966064378839317 64.75811983256828 143.1 -64.7258156256167 -6.280005584906799 20.321497 43.36809 -999.0 -999.0 -999.0 -999.0 -999.0 267.3423201971549 -19.61011463488777 267.3985924845025 -19.620839206171357 75.74561148761978 51.403305341257465 -999.0 16600.0 -999.0 2 -999 {-999.0 -999.0 -999.0 -999.0 -999.0} "" -999.0 -999.0 -999.0 -999.0 -999 -999 "" "" "" "" 0 0 0.0 0.0 -999 ""
FIBERMAP 953 R+4C11 BOSS 1 1 0 1 0 0 -6.332455200015092 64.05387237322523 143.1 -64.01982665300852 -6.642959952368543 20.321497 43.36809 267.34457952501907 -19.611181543408676 3.4462872 -3.5770047 1.1756946 267.3445901360268 -19.61119191802009 267.400823277206 -19.621947821597974 75.74484954698258 51.412444116168814 5400.0 5400.0 2016.0 1 118 {-999.0 14.938764 14.110053 13.710711 -999.0} sdss_psfmag_from_g3xp 14.680628 14.090427 13.345008 11.891 63050395478645149 1113574482 bright_2x1_long_v2 mwm_bin_gaia_astb_boss mwm_bin science 0 0 0.0 0.0 -999 ""
FIBERMAP 953 R+4C11 METROLOGY 0 0 0 1 0 0 -6.711025587421259 64.69080702172053 143.1 -64.65489124537345 -7.024601576113479 20.321497 43.36809 -999.0 -999.0 -999.0 -999.0 -999.0 267.3425212779388 -19.61235436849303 267.3987700294325 -19.623104756383903 75.74704902493556 51.41044959780396 -999.0 6231.0 -999.0 -1 -999 {-999.0 -999.0 -999.0 -999.0 -999.0} "" -999.0 -999.0 -999.0 -999.0 -999 -999 "" "" "" "" 0 0 0.0 0.0 -999 ""
FIBERMAP 955 R-1C19 APOGEE 0 0 0 1 0 0 127.0003225858142 1.148273436958867 143.1 -1.7645052532218979 126.98817497613463 138.95267 43.44316 -999.0 -999.0 -999.0 -999.0 -999.0 267.54647380122515 -19.206368091907272 267.6015294794855 -19.21665794818347 75.32764721281048 50.766398131813844 -999.0 16600.0 -999.0 2 -999 {-999.0 -999.0 -999.0 -999.0 -999.0} "" -999.0 -999.0 -999.0 -999.0 -999 -999 "" "" "" "" 0 0 0.0 0.0 -999 ""
FIBERMAP 955 R-1C19 BOSS 1 1 0 1 0 0 127.72386421267709 1.1772457251202062 143.1 -1.7969871535854307 127.7115385487052 138.95267 43.44316 267.5464176602046 -19.204069603469375 0.10167049 -1.4836432 0.17112131 267.5464179724621 -19.204073906573026 267.6014243144637 -19.214403571322386 75.32614763319529 50.7597412251534 5400.0 5400.0 2016.0 1 302 {-999.0 18.028112 16.895067 16.346376 15.862534} sdss_psfmag_from_ps1dr2 17.5785 16.8276 15.9093 14.237 63050395478734813 1039965266 "" ops_std_boss_ps1dr2 ops_std standard_boss 0 0 0.0 0.0 -999 ""
FIBERMAP 955 R-1C19 METROLOGY 0 0 0 1 0 0 127.40742412735582 0.5207652285101361 143.1 -1.1390050652651225 127.39830053337289 138.95267 43.44316 -999.0 -999.0 -999.0 -999.0 -999.0 267.54851746210153 -19.20502631822862 267.60353829915505 -19.215339232949752 75.32536772042984 50.767881256459134 -999.0 6231.0 -999.0 -1 -999 {-999.0 -999.0 -999.0 -999.0 -999.0} "" -999.0 -999.0 -999.0 -999.0 -999 -999 "" "" "" "" 0 0 0.0 0.0 -999 ""
FIBERMAP 960 R+13C6 APOGEE 1 1 0 1 0 0 -41.675039081146394 243.7397492861733 143.1 -243.52489430462634 -42.8556711103034 215.91638 128.09381 266.7677707403639 -19.717649850859722 -5.053594 -9.724723 0.22813344 266.76775517017194 -19.717678056084683 266.82443608831744 -19.72986642647928 76.21037729602901 50.177643347423576 16000.0 16600.0 2016.0 2 51 {-999.0 16.728636 14.591415 13.402831 -999.0} sdss_psfmag_from_g3xp 15.66413 14.071806 12.861489 9.645 63050395480597704 1147969199 bright_12x1 mwm_bin_rv_short_rgb_apogee_12epoch mwm_bin science 0 0 0.0 0.0 -999 ""
FIBERMAP 960 R+13C6 BOSS 0 0 0 1 0 0 -42.41108726220497 243.9322624156493 143.1 -243.71382566430367 -43.59261538625547 215.91638 128.09381 -999.0 -999.0 -999.0 -999.0 -999.0 266.7671564189607 -19.71986940926435 266.82380396263386 -19.73209569492953 76.21236369906367 50.182568360729476 -999.0 5400.0 -999.0 1 88 {-999.0 -999.0 -999.0 -999.0 -999.0} "" -999.0 -999.0 -999.0 -999.0 -999 -999 "" "" "" "" 0 0 0.0 0.0 -999 ""
FIBERMAP 960 R+13C6 METROLOGY 0 0 0 1 0 0 -41.879372845556965 244.46179953501422 143.1 -244.24591560417014 -43.06349817044405 215.91638 128.09381 -999.0 -999.0 -999.0 -999.0 -999.0 266.76541238305117 -19.718272292826224 266.8220668179325 -19.730493023550945 76.21240755266136 50.17296301017603 -999.0 6231.0 -999.0 -1 -999 {-999.0 -999.0 -999.0 -999.0 -999.0} "" -999.0 -999.0 -999.0 -999.0 -999 -999 "" "" "" "" 0 0 0.0 0.0 -999 ""
FIBERMAP 961 R-2C8 APOGEE 0 0 0 1 0 0 -111.81742735417193 -60.65620495285688 143.1 61.195678106422 -111.51729319435003 340.88528 25.745358 -999.0 -999.0 -999.0 -999.0 -999.0 267.74753604811906 -19.930489391462313 267.80468145242696 -19.940089021414387 75.68025008232696 53.40368331377624 -999.0 16600.0 -999.0 2 -999 {-999.0 -999.0 -999.0 -999.0 -999.0} "" -999.0 -999.0 -999.0 -999.0 -999 -999 "" "" "" "" 0 0 0.0 0.0 -999 ""
FIBERMAP 961 R-2C8 BOSS 1 1 0 1 0 0 -112.65933471476812 -60.71318830891076 143.1 61.25674401482749 -112.35888044369176 340.88528 25.745358 267.747802734375 -19.93305954223267 -999.0 -999.0 -999.0 267.747802734375 -19.93305954223267 267.8049121753741 -19.94269427362741 75.68182039486716 53.41213429824122 5400.0 5400.0 2015.5 1 497 {-999.0 -999.0 -999.0 -999.0 -999.0} "" -999.0 -999.0 -999.0 -999.0 27021603148177900 852693090 "" ops_sky_boss_fallback ops_sky sky_boss 0 0 0.0 0.0 -999 ""
FIBERMAP 961 R-2C8 METROLOGY 0 0 0 1 0 0 -112.27582134527395 -60.06512698361962 143.1 60.60685517708812 -111.97853176138948 340.88528 25.745358 -999.0 -999.0 -999.0 -999.0 -999.0 267.7457028636123 -19.931927152296016 267.80282166307416 -19.94155728045555 75.68253217245883 53.4034164933056 -999.0 6231.0 -999.0 -1 -999 {-999.0 -999.0 -999.0 -999.0 -999.0} "" -999.0 -999.0 -999.0 -999.0 -999 -999 "" "" "" "" 0 0 0.0 0.0 -999 ""
FIBERMAP 966 R-8C2 APOGEE 0 0 0 1 0 0 -159.45617503151956 -164.37313956410506 143.1 165.13841814899547 -158.65026982939958 45.82967 25.64255 -999.0 -999.0 -999.0 -999.0 -999.0 268.08194377817824 -20.072667888785254 268.13944937194356 -20.081367411265248 75.53622662877787 54.66427062894326 -999.0 16600.0 -999.0 2 -999 {-999.0 -999.0 -999.0 -999.0 -999.0} "" -999.0 -999.0 -999.0 -999.0 -999 -999 "" "" "" "" 0 0 0.0 0.0 -999 ""
FIBERMAP 966 R-8C2 BOSS 1 1 0 1 0 0 -159.65433632690215 -165.07036380946187 143.1 165.83656790805847 -158.8450374624863 45.82967 25.64255 268.08425903320307 -20.07323851145904 -999.0 -999.0 -999.0 268.08425903320307 -20.07323851145904 268.1417211507177 -20.081967876591914 75.53499644238285 54.67165250932726 5400.0 5400.0 2015.5 1 456 {-999.0 -999.0 -999.0 -999.0 -999.0} "" -999.0 -999.0 -999.0 -999.0 27021603148175127 852692395 "" ops_sky_boss_fallback ops_sky sky_boss 0 0 0.0 0.0 -999 ""
FIBERMAP 966 R-8C2 METROLOGY 0 0 0 1 0 0 -160.18518131414925 -164.5406151046552 143.1 165.30942264897166 -159.37842566356002 45.82967 25.64255 -999.0 -999.0 -999.0 -999.0 -999.0 268.0825752477233 -20.07488936704059 268.14005522853915 -20.083612510550292 75.53725457415933 54.67258052218881 -999.0 6231.0 -999.0 -1 -999 {-999.0 -999.0 -999.0 -999.0 -999.0} "" -999.0 -999.0 -999.0 -999.0 -999 -999 "" "" "" "" 0 0 0.0 0.0 -999 ""
FIBERMAP 968 R0C21 APOGEE 1 1 0 1 0 0 158.42474878615536 -18.238477540241874 143.1 17.468749457636743 158.50505178249384 311.4832 74.531166 267.60848765566027 -19.111144342232258 0.14990155 -2.3293693 0.3548248 267.6084881157891 -19.111151098248634 267.6632551868951 -19.12130256737168 75.2193564774124 50.65759045679813 16000.0 16600.0 2016.0 2 83 {-999.0 15.385198 13.157949 11.894381 -999.0} sdss_psfmag_from_g3xp 14.249153 12.57231 11.340129 8.034 63050395478845077 1147439042 bright_12x1 mwm_bin_rv_short_rgb_apogee_12epoch mwm_bin science 0 0 0.0 0.0 -999 ""
FIBERMAP 968 R0C21 BOSS 0 0 0 1 0 0 157.72819194418742 -18.540770107398625 143.1 17.77440653751574 157.80999793212357 311.4832 74.531166 -999.0 -999.0 -999.0 -999.0 -999.0 267.6095154073139 -19.113150468709957 267.6642452472189 -19.12333832071437 75.22010835187028 50.665863080217434 -999.0 5400.0 -999.0 1 254 {-999.0 -999.0 -999.0 -999.0 -999.0} "" -999.0 -999.0 -999.0 -999.0 -999 -999 "" "" "" "" 0 0 0.0 0.0 -999 ""
FIBERMAP 968 R0C21 METROLOGY 0 0 0 1 0 0 157.80560862552855 -17.814902756215705 143.1 17.048201089965257 157.88388820701456 311.4832 74.531166 -999.0 -999.0 -999.0 -999.0 -999.0 267.60717483676683 -19.112913461346118 267.66191654573163 -19.12309623717767 75.22151433095506 50.659161305636815 -999.0 6231.0 -999.0 -1 -999 {-999.0 -999.0 -999.0 -999.0 -999.0} "" -999.0 -999.0 -999.0 -999.0 -999 -999 "" "" "" "" 0 0 0.0 0.0 -999 ""
FIBERMAP 970 R-3C14 APOGEE 1 1 0 1 0 0 51.35554531342054 -52.69826082202176 143.1 52.44632062012351 51.60861391551589 56.15512 69.73493 267.72033691406244 -19.435369104894093 -999.0 -999.0 -999.0 267.72033691406244 -19.43536910489409 267.7760322679237 -19.4451549078545 75.36627915999325 51.86927663700183 16000.0 16600.0 2015.5 2 231 {-999.0 -999.0 -999.0 -999.0 -999.0} "" -999.0 -999.0 -999.0 -999.0 27021603148179041 848964590 "" ops_sky_apogee_good ops_sky sky_apogee 0 0 0.0 0.0 -999 ""
FIBERMAP 970 R-3C14 BOSS 0 0 0 1 0 0 51.821763637008864 -53.255407980892 143.1 53.00117652690892 52.07751175474947 56.15512 69.73493 -999.0 -999.0 -999.0 -999.0 -999.0 267.72220231269284 -19.43387988326842 267.77784965313435 -19.44369950789638 75.36403353065941 51.86971401288065 -999.0 5400.0 -999.0 1 340 {-999.0 -999.0 -999.0 -999.0 -999.0} "" -999.0 -999.0 -999.0 -999.0 -999 -999 "" "" "" "" 0 0 0.0 0.0 -999 ""
FIBERMAP 970 R-3C14 METROLOGY 0 0 0 1 0 0 51.0943983644117 -53.393189150797035 143.1 53.14248023037105 51.35085274853386 56.15512 69.73493 -999.0 -999.0 -999.0 -999.0 -999.0 267.722646569595 -19.436093073098046 267.7783125916169 -19.445900166957532 75.36522022458206 51.87724963404554 -999.0 6231.0 -999.0 -1 -999 {-999.0 -999.0 -999.0 -999.0 -999.0} "" -999.0 -999.0 -999.0 -999.0 -999 -999 "" "" "" "" 0 0 0.0 0.0 -999 ""
FIBERMAP 974 R+9C1 APOGEE 1 1 0 1 0 0 -177.9803081750963 190.38998611246876 143.1 -189.51644815497139 -178.8949939781996 103.3052 53.169674 266.9388229922901 -20.130257391872235 1.8287258 -0.63246346 0.28964955 266.93882864134457 -20.130259226245702 266.99669788333114 -20.14190862106473 76.37775499546693 51.90756301310039 16000.0 16600.0 2016.0 2 47 {-999.0 16.879705 14.853555 13.80471 -999.0} sdss_psfmag_from_g3xp 15.899271 14.467599 13.295447 10.325 63050395476894917 1148514524 bright_12x1 mwm_bin_rv_short_rgb_apogee_12epoch mwm_bin science 0 0 0.0 0.0 -999 ""
FIBERMAP 974 R+9C1 BOSS 0 0 0 1 0 0 -177.25433378769443 190.1344545982784 143.1 -189.26445278849704 -178.16781716660714 103.3052 53.169674 -999.0 -999.0 -999.0 -999.0 -999.0 266.9396782738711 -20.128044798251555 266.997500247886 -20.1397278650839 76.37571947443276 51.902951454840206 -999.0 5400.0 -999.0 1 83 {-999.0 -999.0 -999.0 -999.0 -999.0} "" -999.0 -999.0 -999.0 -999.0 -999 -999 "" "" "" "" 0 0 0.0 0.0 -999 ""
FIBERMAP 974 R+9C1 METROLOGY 0 0 0 1 0 0 -177.84193395102238 189.66028733942125 143.1 -188.78745864702088 -178.753085927555 103.3052 53.169674 -999.0 -999.0 -999.0 -999.0 -999.0 266.94115556147005 -20.129865963292133 266.9989941767137 -20.141534754763835 76.37592027567425 51.91262463906355 -999.0 6231.0 -999.0 -1 -999 {-999.0 -999.0 -999.0 -999.0 -999.0} "" -999.0 -999.0 -999.0 -999.0 -999 -999 "" "" "" "" 0 0 0.0 0.0 -999 ""
FIBERMAP 976 R-8C8 APOGEE 0 0 0 1 0 0 -63.57295870952609 -153.54462126243587 143.1 153.84517042159675 -62.82456511669595 215.33762 68.57846 -999.0 -999.0 -999.0 -999.0 -999.0 268.04621448760184 -19.782813672843716 268.10287205608904 -19.7916736171527 75.3719775033714 53.70429972859472 -999.0 16600.0 -999.0 2 -999 {-999.0 -999.0 -999.0 -999.0 -999.0} "" -999.0 -999.0 -999.0 -999.0 -999 -999 "" "" "" "" 0 0 0.0 0.0 -999 ""
FIBERMAP 976 R-8C8 BOSS 1 1 0 1 0 0 -63.80093610705702 -152.86642856944786 143.1 153.16811914205434 -63.055821759356306 215.33762 68.57846 268.0441646424791 -19.78348503921152 -5.6049433 -6.9873195 0.26307526 268.04414736644776 -19.78350530497302 268.10076280350705 -19.79240751934505 75.37395032319853 53.701269754681334 5400.0 5400.0 2016.0 1 382 {-999.0 18.18127 15.841471 14.031362 -999.0} sdss_psfmag_ps1 16.916245 14.4937725 13.096622 9.28 63050395478295453 934394204 bright_1x1 openfibertargets_nov2020_34a open_fiber science 0 0 0.0 0.0 -999 ""
FIBERMAP 976 R-8C8 METROLOGY 0 0 0 1 0 0 -63.04503888759535 -153.01471666875062 143.1 153.31273144037013 -62.299244082370926 215.33762 68.57846 -999.0 -999.0 -999.0 -999.0 -999.0 268.04462114976644 -19.781229161775805 268.1012424162692 -19.790120184114745 75.37209679106924 53.69566949289464 -999.0 6231.0 -999.0 -1 -999 {-999.0 -999.0 -999.0 -999.0 -999.0} "" -999.0 -999.0 -999.0 -999.0 -999 -999 "" "" "" "" 0 0 0.0 0.0 -999 ""
FIBERMAP 977 R+4C7 APOGEE 1 1 0 1 0 0 -99.91535598138732 74.2374788203719 143.1 -73.74877845987487 -100.27043323148587 341.2705 120.93971 267.3121310679047 -19.89519737200186 -999.0 -999.0 -999.0 267.3121310679047 -19.895197372001864 267.3692465327079 -19.905933799701835 75.96058435720775 52.17778783834032 16000.0 16600.0 2016.0 2 31 {-999.0 -999.0 -999.0 -999.0 -999.0} "" -999.0 19.650335 -999.0 10.897 63050395477091997 1151523047 bright_1x1 mwm_galactic_core_dist_apogee_sparse mwm_galactic science 0 0 0.0 0.0 -999 ""
FIBERMAP 977 R+4C7 BOSS 0 0 0 1 0 0 -99.72526590847657 73.5145409899307 143.1 -73.02680050468203 -100.07684481823635 341.2705 120.93971 -999.0 -999.0 -999.0 -999.0 -999.0 267.31446381599955 -19.8946360298981 267.37153533091646 -19.905402926450257 75.95864312652645 52.18219806112279 -999.0 5400.0 -999.0 1 52 {-999.0 -999.0 -999.0 -999.0 -999.0} "" -999.0 -999.0 -999.0 -999.0 -999 -999 "" "" "" "" 0 0 0.0 0.0 -999 ""
FIBERMAP 977 R+4C7 METROLOGY 0 0 0 1 0 0 -100.44432762269847 73.69544186659974 143.1 -73.204202642574 -100.79674715633526 341.2705 120.93971 -999.0 -999.0 -999.0 -999.0 -999.0 267.313864044107 -19.896836143677923 267.3709540164998 -19.907593765683377 75.96053088070232 52.18730475320791 -999.0 6231.0 -999.0 -1 -999 {-999.0 -999.0 -999.0 -999.0 -999.0} "" -999.0 -999.0 -999.0 -999.0 -999 -999 "" "" "" "" 0 0 0.0 0.0 -999 ""
FIBERMAP 978 R-1C23 APOGEE 0 0 0 1 0 0 196.17234342976562 -20.062991785416724 143.1 19.109992436877793 196.25954582753567 208.80786 88.00651 -999.0 -999.0 -999.0 -999.0 -999.0 267.61399703835076 -18.997138398191076 267.66843076650775 -19.00730230669284 75.13604507413629 50.352809809450605 -999.0 16600.0 -999.0 2 -999 {-999.0 -999.0 -999.0 -999.0 -999.0} "" -999.0 -999.0 -999.0 -999.0 -999 -999 "" "" "" "" 0 0 0.0 0.0 -999 ""
FIBERMAP 978 R-1C23 BOSS 1 1 0 1 0 0 195.85910988397032 -19.395792022754975 143.1 18.444347238869373 195.94309079584434 208.80786 88.00651 267.61190469643583 -18.99798893055925 1.9609029 -0.46054745 0.23105583 267.61191071140115 -18.997990266313888 267.666304429022 -19.008199326460637 75.13810652145717 50.34979813608092 5400.0 5400.0 2016.0 1 288 {-999.0 15.723361 14.749357 14.248525 -999.0} sdss_psfmag_from_g3xp 15.393812 14.688832 13.832863 12.191 63050395482869606 1093266968 bright_3x1 mwm_astar_core_boss mwm_ob science 0 0 0.0 0.0 -999 ""
FIBERMAP 978 R-1C23 METROLOGY 0 0 0 1 0 0 196.58435875371634 -19.438698913740385 143.1 18.4837325114303 196.66851032918888 208.80786 88.00651 -999.0 -999.0 -999.0 -999.0 -999.0 267.6120320188111 -18.99578739883058 267.66643143497663 -19.00598534998631 75.13646664892723 50.34398032837498 -999.0 6231.0 -999.0 -1 -999 {-999.0 -999.0 -999.0 -999.0 -999.0} "" -999.0 -999.0 -999.0 -999.0 -999 -999 "" "" "" "" 0 0 0.0 0.0 -999 ""
FIBERMAP 980 R+4C20 APOGEE 0 0 0 1 0 0 184.3746087106754 59.41868358253983 143.1 -60.31031721564033 184.07672320850656 327.3021 67.63154 -999.0 -999.0 -999.0 -999.0 -999.0 267.35930943254687 -19.033258836463556 267.41389197251465 -19.044074040400638 75.33265755698126 49.7896433505162 -999.0 16600.0 -999.0 2 -999 {-999.0 -999.0 -999.0 -999.0 -999.0} "" -999.0 -999.0 -999.0 -999.0 -999 -999 "" "" "" "" 0 0 0.0 0.0 -999 ""
FIBERMAP 980 R+4C20 BOSS 1 1 0 1 0 0 183.7598044473543 58.97026581969116 143.1 -59.85893922434741 183.4641268021205 327.3021 67.63154 267.36082371251734 -19.034977851307218 -18.002235 -13.05413 4.491667 267.3607684793185 -19.035015713012502 267.4153141169118 -19.045866350881735 75.33297611564754 49.79840176684219 5400.0 5400.0 2016.0 1 213 {-999.0 19.958084 18.377178 16.591543 -999.0} sdss_psfmag_ps1 18.908108 17.113663 15.863937 13.189 63050395482753021 939014856 bright_1x1 openfibertargets_nov2020_34a open_fiber science 0 0 0.0 0.0 -999 ""
FIBERMAP 980 R+4C20 METROLOGY 0 0 0 1 0 0 183.6942893437681 59.72959156861762 143.1 -60.61790773586665 183.39493032961968 327.3021 67.63154 -999.0 -999.0 -999.0 -999.0 -999.0 267.35831492085254 -19.035205627794536 267.41287324122163 -19.046051413659768 75.33473729409212 49.79246948482245 -999.0 6231.0 -999.0 -1 -999 {-999.0 -999.0 -999.0 -999.0 -999.0} "" -999.0 -999.0 -999.0 -999.0 -999 -999 "" "" "" "" 0 0 0.0 0.0 -999 ""
FIBERMAP 981 R-9C12 APOGEE 1 1 0 1 0 0 43.83234159434793 -170.48584349414895 143.1 170.2643125288999 44.657384545388965 160.25284 118.671974 268.09885064039486 -19.45691155026941 3.5784254 -0.79943645 0.27222297 268.0988616477315 -19.456913868924918 268.15455269945227 -19.465713721748966 75.11805771515125 52.87930660974111 16000.0 16600.0 2016.0 2 168 {-999.0 17.249315 15.209848 14.451232 -999.0} sdss_psfmag_ps1 16.145508 14.847745 13.686721 10.767 63050395478493718 1149160766 bright_12x1 mwm_bin_rv_short_rgb_apogee_12epoch mwm_bin science 0 0 0.0 0.0 -999 ""
FIBERMAP 981 R-9C12 BOSS 0 0 0 1 0 0 43.67937017012773 -169.76723984371603 143.1 169.54648840458225 44.500933891386815 160.25284 118.671974 -999.0 -999.0 -999.0 -999.0 -999.0 268.09667221172106 -19.457332644396946 268.1523201825164 -19.46617643412258 75.11992582956853 52.87512203158337 -999.0 5400.0 -999.0 1 401 {-999.0 -999.0 -999.0 -999.0 -999.0} "" -999.0 -999.0 -999.0 -999.0 -999 -999 "" "" "" "" 0 0 0.0 0.0 -999 ""
FIBERMAP 981 R-9C12 METROLOGY 0 0 0 1 0 0 44.400533905914415 -170.01028668887128 143.1 169.78602309294027 45.22323971639543 160.25284 118.671974 -999.0 -999.0 -999.0 -999.0 -999.0 268.09744671102635 -19.4551485928575 268.15310080454776 -19.463980024277042 75.11790301122693 52.87072673768387 -999.0 6231.0 -999.0 -1 -999 {-999.0 -999.0 -999.0 -999.0 -999.0} "" -999.0 -999.0 -999.0 -999.0 -999 -999 "" "" "" "" 0 0 0.0 0.0 -999 ""
FIBERMAP 982 R+12C10 APOGEE 0 0 0 1 0 0 30.066284791121205 217.41176773548068 143.1 -217.54641319512092 29.009699504848665 290.91208 33.41234 -999.0 -999.0 -999.0 -999.0 -999.0 266.85231754093553 -19.500690348245694 266.90834864772376 -19.51271000315532 76.00146211302835 49.76624188160281 -999.0 16600.0 -999.0 2 -999 {-999.0 -999.0 -999.0 -999.0 -999.0} "" -999.0 -999.0 -999.0 -999.0 -999 -999 "" "" "" "" 0 0 0.0 0.0 -999 ""
FIBERMAP 982 R+12C10 BOSS 1 1 0 1 0 0 29.421016317058253 217.86807132363532 143.1 -217.99956188018592 28.36225014647685 290.91208 33.41234 266.85086800126606 -19.50258333559511 -6.819425 -5.4080954 7.4750614 266.8508470186065 -19.502599021033166 266.90684406435076 -19.514659638363632 76.00384287589087 49.76781201900357 5400.0 5400.0 2016.0 1 160 {-999.0 22.567806 20.631584 19.85808 -999.0} sdss_psfmag_ps1 21.089954 20.271486 19.278015 -999.0 63050395480642408 1077811120 bright_flexible_2x1 mwm_snc_ext_main_boss mwm_snc science 0 0 0.0 0.0 -999 ""
FIBERMAP 982 R+12C10 METROLOGY 0 0 0 1 0 0 30.114778459382322 218.15819025720327 143.1 -218.29303239499453 29.054568516583362 290.91208 33.41234 -999.0 -999.0 -999.0 -999.0 -999.0 266.84988087256227 -19.50050306786098 266.9058830332493 -19.512556125012857 76.00299942295378 49.75900834187365 -999.0 6231.0 -999.0 -1 -999 {-999.0 -999.0 -999.0 -999.0 -999.0} "" -999.0 -999.0 -999.0 -999.0 -999 -999 "" "" "" "" 0 0 0.0 0.0 -999 ""
FIBERMAP 987 R-13C12 APOGEE 1 1 0 1 0 0 79.97943182305981 -249.01609145273088 143.1 248.61508452755172 81.18368502400216 232.56506 39.254044 268.34889370995273 -19.346391874619282 -29.99191 -18.47797 3.187808 268.3488015166193 -19.346445467415545 268.4041231386825 -19.354623524346437 74.8690690023339 53.172226837634845 16000.0 16600.0 2016.0 2 160 {-999.0 12.538659 11.899207 11.624376 -999.0} sdss_psfmag_from_g3xp 12.370313 11.909391 11.275176 10.134 63050395478526165 1069577112 bright_18x1 mwm_bin_rv_short_subgiant_apogee mwm_bin science 0 0 0.0 0.0 -999 ""
FIBERMAP 987 R-13C12 BOSS 0 0 0 1 0 0 79.92662958797825 -248.26347587991665 143.1 247.86276415331002 81.12723332410283 232.56506 39.254044 -999.0 -999.0 -999.0 -999.0 -999.0 268.3464592174043 -19.346574411421916 268.4017359208174 -19.354797449290583 74.87085655570733 53.16693501555619 -999.0 5400.0 -999.0 1 350 {-999.0 -999.0 -999.0 -999.0 -999.0} "" -999.0 -999.0 -999.0 -999.0 -999 -999 "" "" "" "" 0 0 0.0 0.0 -999 ""
FIBERMAP 987 R-13C12 METROLOGY 0 0 0 1 0 0 80.59793923068695 -248.59414209210487 143.1 248.190155597931 81.80011282551386 232.56506 39.254044 -999.0 -999.0 -999.0 -999.0 -999.0 268.34752687867893 -19.344537120068257 268.4028103369657 -19.35274685824209 74.86872946076048 53.16371136571695 -999.0 6231.0 -999.0 -1 -999 {-999.0 -999.0 -999.0 -999.0 -999.0} "" -999.0 -999.0 -999.0 -999.0 -999 -999 "" "" "" "" 0 0 0.0 0.0 -999 ""
FIBERMAP 992 R-2C20 APOGEE 0 0 0 1 0 0 163.97324114706285 -19.334322033820207 143.1 18.537612184939782 164.05857464848663 129.63687 44.276394 -999.0 -999.0 -999.0 -999.0 -999.0 267.61195514465976 -19.09437055827931 267.66667265196077 -19.104516981954355 75.20532030495787 50.61936941429536 -999.0 16600.0 -999.0 2 -999 {-999.0 -999.0 -999.0 -999.0 -999.0} "" -999.0 -999.0 -999.0 -999.0 -999 -999 "" "" "" "" 0 0 0.0 0.0 -999 ""
FIBERMAP 992 R-2C20 BOSS 1 1 0 1 0 0 164.7144801148227 -19.425351492245067 143.1 18.625039938659413 164.8002169751328 129.63687 44.276394 267.6122930114663 -19.092018165485843 -0.4874765 -2.262666 0.21923402 267.6122915153107 -19.092024728038375 267.6669592542038 -19.102210412920012 75.20351470729261 50.61364980615938 5400.0 5400.0 2016.0 1 304 {-999.0 18.455023 17.167637 16.5169 15.881925} sdss_psfmag_from_ps1dr2 17.9082 17.0793 16.0958 -999.0 63050395478845494 1039965292 "" ops_std_boss_ps1dr2 ops_std standard_boss 0 0 0.0 0.0 -999 ""
FIBERMAP 992 R-2C20 METROLOGY 0 0 0 1 0 0 164.27228703158895 -20.019938381163314 143.1 19.221741862221815 164.3609321231684 129.63687 44.276394 -999.0 -999.0 -999.0 -999.0 -999.0 267.61419379628865 -19.093349370341773 267.66887720541445 -19.10351859945444 75.20313250332103 50.62227283747683 -999.0 6231.0 -999.0 -1 -999 {-999.0 -999.0 -999.0 -999.0 -999.0} "" -999.0 -999.0 -999.0 -999.0 -999 -999 "" "" "" "" 0 0 0.0 0.0 -999 ""
FIBERMAP 998 R+3C8 APOGEE 0 0 0 1 0 0 -94.69083037309316 76.45240629932943 143.1 -75.98894418535724 -95.05692644459725 116.222435 63.88265 -999.0 -999.0 -999.0 -999.0 -999.0 267.3049630351461 -19.879360668549634 267.36203304888284 -19.89011935905299 75.95482963888388 52.11095222320449 -999.0 16600.0 -999.0 2 -999 {-999.0 -999.0 -999.0 -999.0 -999.0} "" -999.0 -999.0 -999.0 -999.0 -999 -999 "" "" "" "" 0 0 0.0 0.0 -999 ""
FIBERMAP 998 R+3C8 BOSS 1 1 0 1 0 0 -93.930740973784 76.46092904546867 143.1 -76.0011549569241 -94.29691775685508 116.222435 63.88265 267.3049391968818 -19.877057407367857 -2.4027245 -3.9931588 0.24942198 267.304931786638 -19.877068988977495 267.3619531965516 -19.887864738088357 75.95335324216869 52.10392443225867 5400.0 5400.0 2016.0 1 53 {-999.0 20.897099 19.245445 18.338823 -999.0} sdss_psfmag_ps1 19.86508 19.093779 17.686567 -999.0 63050395477093513 1055530241 dark_flexible_2x2 bhm_csc_boss bhm_csc science 0 0 0.0 0.0 -999 ""
FIBERMAP 998 R+3C8 METROLOGY 0 0 0 1 0 0 -94.30714870335896 75.81031082893108 143.1 -75.34874384168067 -94.67014875936923 116.222435 63.88265 -999.0 -999.0 -999.0 -999.0 -999.0 267.30701205079976 -19.878230154388103 267.36404838470787 -19.889009914013265 75.95268518776673 52.11290088823074 -999.0 6231.0 -999.0 -1 -999 {-999.0 -999.0 -999.0 -999.0 -999.0} "" -999.0 -999.0 -999.0 -999.0 -999 -999 "" "" "" "" 0 0 0.0 0.0 -999 ""
FIBERMAP 1001 R+8C12 APOGEE 0 0 0 1 0 0 36.13694128887669 143.69113948595765 143.1 -143.8590607358746 35.43778393237982 241.47148 107.49036 -999.0 -999.0 -999.0 -999.0 -999.0 267.08846280620884 -19.4824238542997 267.1444025340319 -19.49383594758115 75.8299241077002 50.35377966517291 -999.0 16600.0 -999.0 2 -999 {-999.0 -999.0 -999.0 -999.0 -999.0} "" -999.0 -999.0 -999.0 -999.0 -999 -999 "" "" "" "" 0 0 0.0 0.0 -999 ""
FIBERMAP 1001 R+8C12 BOSS 1 1 0 1 0 0 35.43213518228499 143.79826934302147 143.1 -143.96276485146691 34.73249445059981 241.47148 107.49036 267.0880889613926 -19.484493424522448 -0.049656678 -4.8802705 0.6800557 267.08808880862125 -19.48450757907801 267.1439937019498 -19.495958028956494 75.83168446133445 50.358870474459714 5400.0 5400.0 2016.0 1 145 {-999.0 17.548824 16.389309 15.769003 -999.0} sdss_psfmag_ps1 17.120874 16.265085 15.314994 13.348 63050395480659805 945726002 bright_1x1 openfibertargets_nov2020_8 open_fiber science 0 0 0.0 0.0 -999 ""
FIBERMAP 1001 R+8C12 METROLOGY 0 0 0 1 0 0 35.86789114435694 144.38907231691633 143.1 -144.55565181866143 35.165360876792015 241.47148 107.49036 -999.0 -999.0 -999.0 -999.0 -999.0 267.0861659274358 -19.483192698412946 267.14207888590863 -19.494637715850843 75.83204982295952 50.34985651259342 -999.0 6231.0 -999.0 -1 -999 {-999.0 -999.0 -999.0 -999.0 -999.0} "" -999.0 -999.0 -999.0 -999.0 -999 -999 "" "" "" "" 0 0 0.0 0.0 -999 ""
FIBERMAP 1002 R+12C5 APOGEE 0 0 0 1 0 0 -82.19050408434344 232.90312557025385 143.1 -232.4922232754325 -83.31645182368258 194.14688 102.774055 -999.0 -999.0 -999.0 -999.0 -999.0 266.80228216737544 -19.840361679527096 266.8593183387858 -19.852432142753216 76.27240759154353 50.6430509517981 -999.0 16600.0 -999.0 2 -999 {-999.0 -999.0 -999.0 -999.0 -999.0} "" -999.0 -999.0 -999.0 -999.0 -999 -999 "" "" "" "" 0 0 0.0 0.0 -999 ""
FIBERMAP 1002 R+12C5 BOSS 1 1 0 1 0 0 -82.52286101313359 233.55047383946584 143.1 -233.1379252082384 -83.6519329154176 194.14688 102.774055 266.80023193359375 -19.841328331380993 -999.0 -999.0 -999.0 266.8002319335938 -19.841328331380993 266.85723123717116 -19.853440294884912 76.27451958986133 50.640354335723146 5400.0 5400.0 2015.5 1 164 {-999.0 -999.0 -999.0 -999.0 -999.0} "" -999.0 -999.0 -999.0 -999.0 27021603148173104 852691918 "" ops_sky_boss_fallback ops_sky sky_boss 0 0 0.0 0.0 -999 ""
FIBERMAP 1002 R+12C5 METROLOGY 0 0 0 1 0 0 -81.78372599674569 233.53084350392027 143.1 -233.1218826709333 -82.91274090793772 194.14688 102.774055 -999.0 -999.0 -999.0 -999.0 -999.0 266.80024119021897 -19.83911776126072 266.8572453332225 -19.851219900643784 76.27296645109317 50.63366677037777 -999.0 6231.0 -999.0 -1 -999 {-999.0 -999.0 -999.0 -999.0 -999.0} "" -999.0 -999.0 -999.0 -999.0 -999 -999 "" "" "" "" 0 0 0.0 0.0 -999 ""
FIBERMAP 1003 R-2C13 APOGEE 0 0 0 1 0 0 6.112946390933395 -47.60579759772008 143.1 47.57366867760998 6.343645349963734 283.93338 135.68231 -999.0 -999.0 -999.0 -999.0 -999.0 267.7044039953448 -19.572774714398776 267.76050494766923 -19.582569677719405 75.4706689383649 52.228961879960934 -999.0 16600.0 -999.0 2 -999 {-999.0 -999.0 -999.0 -999.0 -999.0} "" -999.0 -999.0 -999.0 -999.0 -999 -999 "" "" "" "" 0 0 0.0 0.0 -999 ""
FIBERMAP 1003 R-2C13 BOSS 1 1 0 1 0 0 5.735321967023977 -48.263867926165474 143.1 48.23353742315183 5.969233878785028 283.93338 135.68231 267.70660400390625 -19.57387409542224 -999.0 -999.0 -999.0 267.70660400390625 -19.57387409542224 267.7626645113655 -19.583700861614645 75.46994462325819 52.2377803908269 5400.0 5400.0 2015.5 1 420 {-999.0 -999.0 -999.0 -999.0 -999.0} "" -999.0 -999.0 -999.0 -999.0 27021603148178968 852693358 "" ops_sky_boss_fallback ops_sky sky_boss 0 0 0.0 0.0 -999 ""
FIBERMAP 1003 R-2C13 METROLOGY 0 0 0 1 0 0 5.3652035166052485 -47.62526065728379 143.1 47.59675928249822 5.5960356377476295 283.93338 135.68231 -999.0 -999.0 -999.0 -999.0 -999.0 267.70454129956005 -19.575014256555637 267.7606177835795 -19.584835396982143 75.4721303710631 52.23587659116032 -999.0 6231.0 -999.0 -1 -999 {-999.0 -999.0 -999.0 -999.0 -999.0} "" -999.0 -999.0 -999.0 -999.0 -999 -999 "" "" "" "" 0 0 0.0 0.0 -999 ""
FIBERMAP 1005 R+8C16 APOGEE 0 0 0 1 0 0 140.91281115708298 147.26810901665147 143.1 -147.94428829551262 140.1908711843774 282.32565 140.66368 -999.0 -999.0 -999.0 -999.0 -999.0 267.0777230593788 -19.165111122238912 267.13273680187876 -19.176624956155283 75.61392824082733 49.41073630841282 -999.0 16600.0 -999.0 2 -999 {-999.0 -999.0 -999.0 -999.0 -999.0} "" -999.0 -999.0 -999.0 -999.0 -999 -999 "" "" "" "" 0 0 0.0 0.0 -999 ""
FIBERMAP 1005 R+8C16 BOSS 1 1 0 1 0 0 140.59947314922056 146.5898252825538 143.1 -147.26451915193545 139.88084088991616 282.32565 140.66368 267.0796578656586 -19.16602638369939 -20.71144 16.700636 11.402897 267.0798889678209 -19.16597794578325 267.13486437550296 -19.177524849817967 75.6131551524924 49.419033863860065 5400.0 5400.0 2016.0 1 210 {-999.0 14.183618 12.796031 12.157787 -999.0} sdss_psfmag_from_g3xp 13.619866 12.719681 11.784825 9.946 63050395482773517 1132609881 bright_2x1 mwm_snc_100pc_boss mwm_snc science 0 0 1.0021072626113892 0.0 -999 ""
FIBERMAP 1005 R+8C16 METROLOGY 0 0 0 1 0 0 140.1664127298419 147.21924589550522 143.1 -147.89180567538773 139.44474851857854 282.32565 140.66368 -999.0 -999.0 -999.0 -999.0 -999.0 267.0778380975375 -19.167281927885117 267.13282881251575 -19.178822981858968 75.61543006543722 49.41720580714417 -999.0 6231.0 -999.0 -1 -999 {-999.0 -999.0 -999.0 -999.0 -999.0} "" -999.0 -999.0 -999.0 -999.0 -999 -999 "" "" "" "" 0 0 0.0 0.0 -999 ""
FIBERMAP 1007 R+12C9 APOGEE 0 0 0 1 0 0 23.71551902461519 223.7463271639171 143.1 -223.84982645208203 22.628522990709534 238.80232 149.48183 -999.0 -999.0 -999.0 -999.0 -999.0 266.8320269921436 -19.519894463070948 266.8881175687188 -19.53196222377553 76.0285583517807 49.7669732394715 -999.0 16600.0 -999.0 2 -999 {-999.0 -999.0 -999.0 -999.0 -999.0} "" -999.0 -999.0 -999.0 -999.0 -999 -999 "" "" "" "" 0 0 0.0 0.0 -999 ""
FIBERMAP 1007 R+12C9 BOSS 1 1 0 1 0 0 23.032971201836453 223.37895326594804 143.1 -223.47915939217614 21.94779325275023 238.80232 149.48183 266.83319091796875 -19.521920820624857 -999.0 -999.0 -999.0 266.83319091796875 -19.521920820624857 266.8892471420193 -19.534022748647573 76.02925850068755 49.77613139637346 5400.0 5400.0 2015.5 1 161 {-999.0 -999.0 -999.0 -999.0 -999.0} "" -999.0 -999.0 -999.0 -999.0 27021603148185165 852694742 "" ops_sky_boss_fallback ops_sky sky_boss 0 0 0.0 0.0 -999 ""
FIBERMAP 1007 R+12C9 METROLOGY 0 0 0 1 0 0 23.07515525717812 224.13289211596256 143.1 -224.23326391268583 21.986316503947155 238.80232 149.48183 -999.0 -999.0 -999.0 -999.0 -999.0 266.83073617516925 -19.521796817517885 266.8868037946427 -19.533894463045787 76.0307992784385 49.76902288480994 -999.0 6231.0 -999.0 -1 -999 {-999.0 -999.0 -999.0 -999.0 -999.0} "" -999.0 -999.0 -999.0 -999.0 -999 -999 "" "" "" "" 0 0 0.0 0.0 -999 ""
FIBERMAP 1008 R0C26 APOGEE 1 1 0 1 0 0 283.13749739518795 4.393885986875343 143.1 -5.767632699348051 283.1015159173927 30.535387 103.57834 267.5351073121603 -18.735865353953784 -1.1100864 -3.2658942 0.59907013 267.5351039123484 -18.73587482623213 267.5887914179814 -18.746304310909743 75.00468474315151 49.429820070131186 16000.0 16600.0 2016.0 2 106 {-999.0 18.641293 16.672132 15.78716 -999.0} sdss_psfmag_ps1 17.610445 16.446281 15.177834 12.212 63050395482990802 917013956 bright_3x1 mwm_yso_variable_apogee mwm_yso science 0 0 0.0 0.0 -999 ""
FIBERMAP 1008 R0C26 BOSS 0 0 0 1 0 0 283.68130163716177 3.8907993580564257 143.1 -5.267211022875366 283.6477333198459 30.535387 103.57834 -999.0 -999.0 -999.0 -999.0 -999.0 267.5367495640477 -18.734227931858804 267.5903894198799 -18.744694499863837 75.0024759424178 49.429623867481496 -999.0 5400.0 -999.0 1 180 {-999.0 -999.0 -999.0 -999.0 -999.0} "" -999.0 -999.0 -999.0 -999.0 -999 -999 "" "" "" "" 0 0 0.0 0.0 -999 ""
FIBERMAP 1008 R0C26 METROLOGY 0 0 0 1 0 0 282.947297635418 3.6838516634905796 143.1 -5.056712160239318 282.9147715708551 30.535387 103.57834 -999.0 -999.0 -999.0 -999.0 -999.0 267.5374014182156 -18.736377637223715 267.59105946274906 -18.74683040335352 75.00355299236077 49.43716168584416 -999.0 6231.0 -999.0 -1 -999 {-999.0 -999.0 -999.0 -999.0 -999.0} "" -999.0 -999.0 -999.0 -999.0 -999 -999 "" "" "" "" 0 0 0.0 0.0 -999 ""
FIBERMAP 1015 R+8C1 APOGEE 1 1 0 1 0 0 -191.839545277222 175.20836596474555 143.1 -174.26835966114712 -192.67984205570207 145.39955 11.094916 266.98766495788914 -20.172258907715893 1.2000449 -0.24205449 0.51849645 266.98766866590404 -20.172259609761728 267.0456542501547 -20.183772676111964 76.37241121957221 52.17048686364544 16000.0 16600.0 2016.0 2 48 {-999.0 14.398206 12.521945 11.604112 -999.0} sdss_psfmag_from_g3xp 13.518801 12.229736 11.121849 8.335 63050395476873832 1147485871 bright_12x1 mwm_bin_rv_short_rgb_apogee_12epoch mwm_bin science 0 0 0.0 0.0 -999 ""
FIBERMAP 1015 R+8C1 BOSS 0 0 0 1 0 0 -191.12674450177136 174.9296520812558 143.1 -173.9931191983801 -191.9657256775003 145.39955 11.094916 -999.0 -999.0 -999.0 -999.0 -999.0 266.98859289843074 -20.170087491257018 267.0465311301323 -20.18163388505297 76.37035734081867 52.16617258392898 -999.0 5400.0 -999.0 1 84 {-999.0 -999.0 -999.0 -999.0 -999.0} "" -999.0 -999.0 -999.0 -999.0 -999 -999 "" "" "" "" 0 0 0.0 0.0 -999 ""
FIBERMAP 1015 R+8C1 METROLOGY 0 0 0 1 0 0 -191.71839285648446 174.47432540087152 143.1 -173.53494501535388 -192.55513384743992 145.39955 11.094916 -999.0 -999.0 -999.0 -999.0 -999.0 266.99001472934884 -20.171921400429884 267.0479697030187 -20.183453700391087 76.37059590487216 52.17573550575105 -999.0 6231.0 -999.0 -1 -999 {-999.0 -999.0 -999.0 -999.0 -999.0} "" -999.0 -999.0 -999.0 -999.0 -999 -999 "" "" "" "" 0 0 0.0 0.0 -999 ""
FIBERMAP 1020 R-3C9 APOGEE 1 1 0 1 0 0 -67.50192991643056 -71.33463685308934 143.1 71.65850843467373 -67.15227122352793 339.49802 84.19841 267.78159885823015 -19.795980289176494 -0.8164448 -6.13857 0.26892707 267.7815963415173 -19.79599809325682 267.8383397305279 -19.805540833187457 75.56691502237061 53.085012894012245 16000.0 16600.0 2016.0 2 291 {-999.0 17.054699 14.834368 13.687347 -999.0} sdss_psfmag_from_g3xp 15.925988 14.355673 13.144486 9.954 63050395478332871 1148187410 bright_12x1 mwm_bin_rv_short_rgb_apogee_12epoch mwm_bin science 0 0 0.0 0.0 -999 ""
FIBERMAP 1020 R-3C9 BOSS 0 0 0 1 0 0 -67.92644179852304 -71.97023183170916 143.1 72.29613052363383 -67.57367679086673 339.49802 84.19841 -999.0 -999.0 -999.0 -999.0 -999.0 267.78373623992445 -19.79727928911233 267.8404394090152 -19.806853116383017 75.56632492880489 53.094228521463606 -999.0 5400.0 -999.0 1 478 {-999.0 -999.0 -999.0 -999.0 -999.0} "" -999.0 -999.0 -999.0 -999.0 -999 -999 "" "" "" "" 0 0 0.0 0.0 -999 ""
FIBERMAP 1020 R-3C9 METROLOGY 0 0 0 1 0 0 -68.24320344280724 -71.27461934998499 143.1 71.60209119833961 -67.8937976160669 339.49802 84.19841 -999.0 -999.0 -999.0 -999.0 -999.0 267.781490948255 -19.79826588579817 267.83820977615915 -19.807834833796235 75.56854081011602 53.09152490004931 -999.0 6231.0 -999.0 -1 -999 {-999.0 -999.0 -999.0 -999.0 -999.0} "" -999.0 -999.0 -999.0 -999.0 -999 -999 "" "" "" "" 0 0 0.0 0.0 -999 ""
FIBERMAP 1021 R+4C5 APOGEE 1 1 0 1 0 0 -146.30476909235088 79.34461246005435 143.1 -78.63053494187342 -146.68222780023262 347.21182 136.1877 267.2959142662031 -20.035650970887378 2.295699 1.1226431 0.3500229 267.295921353488 -20.035647714814772 267.3534535563059 -20.046393488578428 76.06647162219862 52.564532442413274 16000.0 16600.0 2016.0 2 25 {-999.0 16.527618 14.238542 13.053292 -999.0} sdss_psfmag_from_g3xp 15.34805 13.720186 12.508209 9.238 63050395476763737 1152205791 bright_1x1 mwm_galactic_core_dist_apogee_sparse mwm_galactic science 0 0 0.0 0.0 -999 ""
FIBERMAP 1021 R+4C5 BOSS 0 0 0 1 0 0 -145.8789401365924 78.75581049810283 143.1 -78.04382987445844 -146.25356362721288 347.21182 136.1877 -999.0 -999.0 -999.0 -999.0 -999.0 267.297826671084 -20.034382806046583 267.3553129422826 -20.045159781614466 76.06434956158556 52.56563114095508 -999.0 5400.0 -999.0 1 42 {-999.0 -999.0 -999.0 -999.0 -999.0} "" -999.0 -999.0 -999.0 -999.0 -999 -999 "" "" "" "" 0 0 0.0 0.0 -999 ""
FIBERMAP 1021 R+4C5 METROLOGY 0 0 0 1 0 0 -146.61560237973683 78.66235236828578 143.1 -77.94680180109431 -146.98973420792794 347.21182 136.1877 -999.0 -999.0 -999.0 -999.0 -999.0 267.2981107965941 -20.036639093062224 267.35561554265576 -20.047404644544972 76.06565130326476 52.57331677139808 -999.0 6231.0 -999.0 -1 -999 {-999.0 -999.0 -999.0 -999.0 -999.0} "" -999.0 -999.0 -999.0 -999.0 -999 -999 "" "" "" "" 0 0 0.0 0.0 -999 ""
FIBERMAP 1022 R-11C3 APOGEE 1 1 0 1 0 0 -134.16740753957808 -209.12509435188167 143.1 209.76533774945165 -133.14564497324403 147.4567 128.03621 268.22535220391046 -19.995129470673728 -6.6515026 4.5020123 1.3447287 268.22533167467276 -19.995116413203128 268.2825823082361 -20.00346233164673 75.3834054467467 54.77662425558081 16000.0 16600.0 2016.0 2 152 {-999.0 14.007698 12.952616 12.458488 -999.0} sdss_psfmag_from_g3xp 13.636681 12.930669 12.04949 10.214 63050395477656412 1069577077 bright_18x1 mwm_bin_rv_short_subgiant_apogee mwm_bin science 0 0 0.0 0.0 -999 ""
FIBERMAP 1022 R-11C3 BOSS 0 0 0 1 0 0 -134.25080384550157 -208.3884755980439 143.1 209.0291618290321 -133.2326115326237 147.4567 128.03621 -999.0 -999.0 -999.0 -999.0 -999.0 268.22303593439216 -19.99536348739388 268.2802424183834 -20.00375165203944 75.3852649180567 54.77183497106961 -999.0 5400.0 -999.0 1 433 {-999.0 -999.0 -999.0 -999.0 -999.0} "" -999.0 -999.0 -999.0 -999.0 -999 -999 "" "" "" "" 0 0 0.0 0.0 -999 ""
FIBERMAP 1022 R-11C3 METROLOGY 0 0 0 1 0 0 -133.56630721945805 -208.67975903354946 143.1 209.31710854386247 -132.5467368424397 147.4567 128.03621 -999.0 -999.0 -999.0 -999.0 -999.0 268.22398893127576 -19.993321535729386 268.28120203348294 -20.00169741805841 75.3832447692334 54.767968293862054 -999.0 6231.0 -999.0 -1 -999 {-999.0 -999.0 -999.0 -999.0 -999.0} "" -999.0 -999.0 -999.0 -999.0 -999 -999 "" "" "" "" 0 0 0.0 0.0 -999 ""
FIBERMAP 1024 R+6C15 APOGEE 1 1 0 1 0 0 100.06494373014516 102.48189174301251 143.1 -102.96216840001536 99.56245159520462 338.33832 82.42393 267.22101560828037 -19.288525058917795 -9.6190405 1.3343368 1.0935677 267.22098605040406 -19.288521188854553 267.2763366950952 -19.299635096040152 75.60501276623012 50.146468369339274 16000.0 16600.0 2016.0 2 113 {-999.0 15.225245 13.906287 13.242616 -999.0} sdss_psfmag_from_g3xp 14.711494 13.78071 12.826507 10.661 63050395482676104 1150352138 bright_12x1 mwm_bin_rv_short_subgiant_apogee_12epoch mwm_bin science 0 0 0.0 0.0 -999 ""
FIBERMAP 1024 R+6C15 BOSS 0 0 0 1 0 0 99.66271614173611 101.84129642664809 143.1 -102.31965437063289 99.16335343279825 338.33832 82.42393 -999.0 -999.0 -999.0 -999.0 -999.0 267.2230328653841 -19.289652635802895 267.2783449441422 -19.30079968232656 75.60448300127388 50.15515901359339 -999.0 5400.0 -999.0 1 196 {-999.0 -999.0 -999.0 -999.0 -999.0} "" -999.0 -999.0 -999.0 -999.0 -999 -999 "" "" "" "" 0 0 0.0 0.0 -999 ""
FIBERMAP 1024 R+6C15 METROLOGY 0 0 0 1 0 0 99.28667874905149 102.48675374547801 143.1 -102.96325348387289 98.78420331488189 338.33832 82.42393 -999.0 -999.0 -999.0 -999.0 -999.0 267.22093565821194 -19.290794853626753 267.27626318593263 -19.301936100500395 75.60667937373935 50.152856510103845 -999.0 6231.0 -999.0 -1 -999 {-999.0 -999.0 -999.0 -999.0 -999.0} "" -999.0 -999.0 -999.0 -999.0 -999 -999 "" "" "" "" 0 0 0.0 0.0 -999 ""
FIBERMAP 1027 R+8C18 APOGEE 0 0 0 1 0 0 168.91174427505626 150.38123914497893 143.1 -151.1931269600502 168.17324765592576 191.3689 130.80557 -999.0 -999.0 -999.0 -999.0 -999.0 267.0680731988103 -19.080567979671027 267.1228419486407 -19.092126523582206 75.56026807848289 49.145822209980395 -999.0 16600.0 -999.0 2 -999 {-999.0 -999.0 -999.0 -999.0 -999.0} "" -999.0 -999.0 -999.0 -999.0 -999 -999 "" "" "" "" 0 0 0.0 0.0 -999 ""
FIBERMAP 1027 R+8C18 BOSS 1 1 0 1 0 0 168.3424666680264 150.8283476506954 143.1 -151.63744979771744 167.60182985092263 191.3689 130.80557 267.066650390625 -19.082219685418494 -999.0 -999.0 -999.0 267.066650390625 -19.082219685418497 267.12138329217186 -19.093820960988943 75.56244305379352 49.14663059380556 5400.0 5400.0 2015.5 1 250 {-999.0 -999.0 -999.0 -999.0 -999.0} "" -999.0 -999.0 -999.0 -999.0 27021603148192335 852696200 "" ops_sky_boss_fallback ops_sky sky_boss 0 0 0.0 0.0 -999 ""
FIBERMAP 1027 R+8C18 METROLOGY 0 0 0 1 0 0 169.01769287258537 151.12169381035537 143.1 -151.9340574226507 168.27559758227912 191.3689 130.80557 -999.0 -999.0 -999.0 -999.0 -999.0 267.0656852322254 -19.080169524187582 267.12042390657996 -19.09176260881332 75.56160745383445 49.13825545888392 -999.0 6231.0 -999.0 -1 -999 {-999.0 -999.0 -999.0 -999.0 -999.0} "" -999.0 -999.0 -999.0 -999.0 -999 -999 "" "" "" "" 0 0 0.0 0.0 -999 ""
FIBERMAP 1029 R+7C2 APOGEE 0 0 0 1 0 0 -182.50920544593856 129.57982118920495 143.1 -128.6874543980547 -183.1285648101711 295.29214 140.86484 -999.0 -999.0 -999.0 -999.0 -999.0 267.13429697780686 -20.14471147561765 267.19217761646564 -20.15585086857182 76.25213613887522 52.47611469815729 -999.0 16600.0 -999.0 2 -999 {-999.0 -999.0 -999.0 -999.0 -999.0} "" -999.0 -999.0 -999.0 -999.0 -999 -999 "" "" "" "" 0 0 0.0 0.0 -999 ""
FIBERMAP 1029 R+7C2 BOSS 1 1 0 1 0 0 -182.6815400630228 128.84222442645475 143.1 -127.9490595403475 -183.297311187431 295.29214 140.86484 267.1366882324219 -20.145237419392274 -999.0 -999.0 -999.0 267.1366882324219 -20.145237419392274 267.19452873762134 -20.156405850221965 76.25087941653999 52.4840983110742 5400.0 5400.0 2015.5 1 72 {-999.0 -999.0 -999.0 -999.0 -999.0} "" -999.0 -999.0 -999.0 -999.0 27021603148172667 852691833 "" ops_sky_boss_fallback ops_sky sky_boss 0 0 0.0 0.0 -999 ""
FIBERMAP 1029 R+7C2 METROLOGY 0 0 0 1 0 0 -183.2264389598642 129.36751409253128 143.1 -128.4716777925166 -183.84473093219617 295.29214 140.86484 -999.0 -999.0 -999.0 -999.0 -999.0 267.1349690703025 -20.14691337944701 267.19282651324056 -20.15807585238036 76.25318542730805 52.484759735278885 -999.0 6231.0 -999.0 -1 -999 {-999.0 -999.0 -999.0 -999.0 -999.0} "" -999.0 -999.0 -999.0 -999.0 -999 -999 "" "" "" "" 0 0 0.0 0.0 -999 ""
FIBERMAP 1030 R-7C6 APOGEE 0 0 0 1 0 0 -93.13634187836405 -153.79421856979883 143.1 154.23821629128656 -92.38520643369594 339.80185 61.332657 -999.0 -999.0 -999.0 -999.0 -999.0 268.04735838825815 -19.872370884813893 268.10427941973 -19.881206906902797 75.43014743144703 53.9743847516462 -999.0 16600.0 -999.0 2 -999 {-999.0 -999.0 -999.0 -999.0 -999.0} "" -999.0 -999.0 -999.0 -999.0 -999 -999 "" "" "" "" 0 0 0.0 0.0 -999 ""
FIBERMAP 1030 R-7C6 BOSS 1 1 0 1 0 0 -93.77257950761619 -154.29608490923485 143.1 154.74314410103446 -93.01897572774361 339.80185 61.332657 268.0488196871453 -19.87428107135025 -0.6000132 -0.7094798 0.7436894 268.0490803721296 -19.874283129099176 268.105962176303 -19.883150958333935 75.43023842306461 53.98434279054293 5400.0 5400.0 2016.0 1 504 {-999.0 13.744195 12.919233 12.521887 -999.0} sdss_psfmag_from_g3xp 13.487071 12.89494 12.149427 10.756 63050395478275400 1127697987 bright_1x1 openfibertargets_mwm_more_ob_boss open_fiber science 0 0 0.8888365626335144 0.0 -999 ""
FIBERMAP 1030 R-7C6 METROLOGY 0 0 0 1 0 0 -93.84690320938391 -153.56055040411212 143.1 154.00800834679546 -93.09686489119304 339.80185 61.332657 -999.0 -999.0 -999.0 -999.0 -999.0 268.04672492320793 -19.874545376169472 268.1036205316641 -19.883408851816718 75.43206464161662 53.979344970610725 -999.0 6231.0 -999.0 -1 -999 {-999.0 -999.0 -999.0 -999.0 -999.0} "" -999.0 -999.0 -999.0 -999.0 -999 -999 "" "" "" "" 0 0 0.0 0.0 -999 ""
FIBERMAP 1031 R+1C16 APOGEE 1 1 0 1 0 0 48.15439671088428 31.769391705414872 143.1 -32.001424481076725 47.99773700097244 133.10577 105.425964 267.4483838805602 -19.445656854260392 1.2956201 -0.79119754 0.27996492 267.4483878656473 -19.445659149020354 267.5041601547435 -19.456147223714577 75.55999056278324 51.19886400196203 16000.0 16600.0 2016.0 2 114 {-999.0 17.507122 15.260195 14.349517 -999.0} sdss_psfmag_ps1 16.318367 14.782983 13.592791 10.485 63050395478667640 1149121147 bright_12x1 mwm_bin_rv_short_rgb_apogee_12epoch mwm_bin science 0 0 0.0 0.0 -999 ""
FIBERMAP 1031 R+1C16 BOSS 0 0 0 1 0 0 48.520538807069514 32.42960172074362 143.1 -32.66337708271749 48.36065635571715 133.10577 105.425964 -999.0 -999.0 -999.0 -999.0 -999.0 267.44628160953863 -19.44448280712114 267.50200847557653 -19.45501478537228 75.56067419922287 51.1899587338678 -999.0 5400.0 -999.0 1 198 {-999.0 -999.0 -999.0 -999.0 -999.0} "" -999.0 -999.0 -999.0 -999.0 -999 -999 "" "" "" "" 0 0 0.0 0.0 -999 ""
FIBERMAP 1031 R+1C16 METROLOGY 0 0 0 1 0 0 48.901278190462214 31.784086496394416 143.1 -32.019742884188176 48.744508501893755 133.10577 105.425964 -999.0 -999.0 -999.0 -999.0 -999.0 267.44834392042276 -19.44333007518357 267.5040790492843 -19.45384616659752 75.55845553018972 51.191983227883725 -999.0 6231.0 -999.0 -1 -999 {-999.0 -999.0 -999.0 -999.0 -999.0} "" -999.0 -999.0 -999.0 -999.0 -999 -999 "" "" "" "" 0 0 0.0 0.0 -999 ""
FIBERMAP 1033 R-9C16 APOGEE 1 1 0 1 0 0 153.1895438200489 -168.72390675690758 143.1 167.97179207363033 154.0003747214055 5.561513 145.7785 268.09069235498816 -19.126003142214795 1.3510542 -0.56765443 0.58427227 268.0906965024757 -19.126004788618612 268.14542128499187 -19.134903474297708 74.8997411178012 51.91784293442852 16000.0 16600.0 2016.0 2 208 {-999.0 16.63623 15.448906 14.832708 -999.0} sdss_psfmag_ps1 15.964054 15.4506855 14.331713 12.392 63050395478806110 917013819 bright_3x1 mwm_yso_variable_apogee mwm_yso science 0 0 0.0 0.0 -999 ""
FIBERMAP 1033 R-9C16 BOSS 0 0 0 1 0 0 153.85580235341746 -169.05490962087308 143.1 168.29954466398965 154.66820500865802 5.561513 145.7785 -999.0 -999.0 -999.0 -999.0 -999.0 268.09181003238626 -19.123926120482654 268.14648389093577 -19.132862064326417 74.89761139145975 51.91477357227876 -999.0 5400.0 -999.0 1 294 {-999.0 -999.0 -999.0 -999.0 -999.0} "" -999.0 -999.0 -999.0 -999.0 -999 -999 "" "" "" "" 0 0 0.0 0.0 -999 ""
FIBERMAP 1033 R-9C16 METROLOGY 0 0 0 1 0 0 153.22399710503447 -169.4690903252293 143.1 168.71676986965798 154.03844235612038 5.561513 145.7785 -999.0 -999.0 -999.0 -999.0 -999.0 268.0931654885397 -19.125817642336123 268.14785726430694 -19.13473839071351 74.89795122434475 51.923431674852736 -999.0 6231.0 -999.0 -1 -999 {-999.0 -999.0 -999.0 -999.0 -999.0} "" -999.0 -999.0 -999.0 -999.0 -999 -999 "" "" "" "" 0 0 0.0 0.0 -999 ""
FIBERMAP 1038 R+9C11 APOGEE 1 1 0 1 0 0 15.402406966117072 165.60758253800455 143.1 -165.673751116531 14.597969763903201 259.8813 51.088 267.01807308692975 -19.54526790970824 -4.078087 -3.0218763 0.31852797 267.0180605357674 -19.545276674245894 267.07419586591556 -19.556856546541436 75.92129338152125 50.348542555225876 16000.0 16600.0 2016.0 2 140 {-999.0 16.328321 14.055941 12.736344 -999.0} sdss_psfmag_from_g3xp 15.169041 13.416947 12.169673 8.782 63050395480649589 1147587504 bright_12x1 mwm_bin_rv_short_rgb_apogee_12epoch mwm_bin science 0 0 0.0 0.0 -999 ""
FIBERMAP 1038 R+9C11 BOSS 0 0 0 1 0 0 14.897364335063482 166.1637257335685 143.1 -166.22741471025077 14.090254499231271 259.8813 51.088 -999.0 -999.0 -999.0 -999.0 -999.0 267.0162468973843 -19.54676334567315 267.0723460903947 -19.55838519734975 75.92360829505651 50.348019581482674 -999.0 5400.0 -999.0 1 139 {-999.0 -999.0 -999.0 -999.0 -999.0} "" -999.0 -999.0 -999.0 -999.0 -999 -999 "" "" "" "" 0 0 0.0 0.0 -999 ""
FIBERMAP 1038 R+9C11 METROLOGY 0 0 0 1 0 0 15.64715846468905 166.31300578099894 143.1 -166.3803255358364 14.839285400912987 259.8813 51.088 -999.0 -999.0 -999.0 -999.0 -999.0 267.0157382605942 -19.54449806252805 267.07184245125904 -19.556111103801666 75.92235628298101 50.339974251109936 -999.0 6231.0 -999.0 -1 -999 {-999.0 -999.0 -999.0 -999.0 -999.0} "" -999.0 -999.0 -999.0 -999.0 -999 -999 "" "" "" "" 0 0 0.0 0.0 -999 ""
FIBERMAP 1045 R+11C11 APOGEE 1 1 0 1 0 0 53.005426089781515 225.62939744035918 143.1 -225.8749336275661 51.90777565004922 99.76935 120.89799 266.8263112913696 -19.43121740014438 -0.21891809 -1.9680243 0.2652539 266.8263106180781 -19.431223108128954 266.88214242480825 -19.443326273035655 75.96983059016253 49.49158229500903 16000.0 16600.0 2016.0 2 126 {-999.0 16.624693 14.561856 13.521671 -999.0} sdss_psfmag_from_g3xp 15.60554 14.170392 13.005022 10.011 63050395480751680 1148232423 bright_12x1 mwm_bin_rv_short_rgb_apogee_12epoch mwm_bin science 0 0 0.0 0.0 -999 ""
FIBERMAP 1045 R+11C11 BOSS 0 0 0 1 0 0 53.55235406762401 226.12292244841242 143.1 -226.3710871471049 52.4522803944424 99.76935 120.89799 -999.0 -999.0 -999.0 -999.0 -999.0 266.8247467756013 -19.42952094807006 266.8805337719457 -19.44166657163392 75.96972306692886 49.48231829234305 -999.0 5400.0 -999.0 1 113 {-999.0 -999.0 -999.0 -999.0 -999.0} "" -999.0 -999.0 -999.0 -999.0 -999 -999 "" "" "" "" 0 0 0.0 0.0 -999 ""
FIBERMAP 1045 R+11C11 METROLOGY 0 0 0 1 0 0 53.71180879185195 225.40713554610997 143.1 -225.65611108642796 52.615200344018206 99.76935 120.89799 -999.0 -999.0 -999.0 -999.0 -999.0 266.82698211542925 -19.429041687637273 266.88277870438594 -19.441170862884544 75.9678790544202 49.48706913924639 -999.0 6231.0 -999.0 -1 -999 {-999.0 -999.0 -999.0 -999.0 -999.0} "" -999.0 -999.0 -999.0 -999.0 -999 -999 "" "" "" "" 0 0 0.0 0.0 -999 ""
FIBERMAP 1047 R+10C15 APOGEE 1 1 0 1 0 0 118.38127221178944 198.2300954647338 143.1 -198.7942979668816 117.41319685572039 190.87392 89.87975 266.91460262858453 -19.233440067859494 -3.049173 -2.9940658 0.08810218 266.91459326207695 -19.233448751736578 266.9698328438732 -19.24536922567189 75.7708710980065 49.16263573909489 16000.0 16600.0 2016.0 2 77 {-999.0 18.946888 16.433325 14.111478 -999.0} sdss_psfmag_ps1 17.639597 14.521815 13.031936 8.839 63050395480790808 1153809004 bright_1x1 mwm_galactic_core_dist_apogee_sparse mwm_galactic science 0 0 0.0 0.0 -999 ""
FIBERMAP 1047 R+10C15 BOSS 0 0 0 1 0 0 118.21752818576206 198.94675542209458 143.1 -199.5101262228278 117.24598358977046 190.87392 89.87975 -999.0 -999.0 -999.0 -999.0 -999.0 266.9123121726471 -19.233889493763698 266.96751304635086 -19.245854567633685 75.77275208483756 49.15766234729887 -999.0 5400.0 -999.0 1 236 {-999.0 -999.0 -999.0 -999.0 -999.0} "" -999.0 -999.0 -999.0 -999.0 -999 -999 "" "" "" "" 0 0 0.0 0.0 -999 ""
FIBERMAP 1047 R+10C15 METROLOGY 0 0 0 1 0 0 118.94639394067114 198.71612209414909 143.1 -199.28304178436687 117.97593079636879 190.87392 89.87975 -999.0 -999.0 -999.0 -999.0 -999.0 266.91301323949216 -19.23167740345644 266.9682189766196 -19.243630189253146 75.77069807111899 49.15325570178112 -999.0 6231.0 -999.0 -1 -999 {-999.0 -999.0 -999.0 -999.0 -999.0} "" -999.0 -999.0 -999.0 -999.0 -999 -999 "" "" "" "" 0 0 0.0 0.0 -999 ""
FIBERMAP 1048 R-5C8 APOGEE 0 0 0 1 0 0 -71.35456299517416 -108.5386643427048 143.1 108.87930526998396 -70.82416578560061 305.60745 114.048965 -999.0 -999.0 -999.0 -999.0 -999.0 267.90151810168675 -19.807170270469587 267.95827321961485 -19.816399570314402 75.4901234399915 53.418683778580885 -999.0 16600.0 -999.0 2 -999 {-999.0 -999.0 -999.0 -999.0 -999.0} "" -999.0 -999.0 -999.0 -999.0 -999 -999 "" "" "" "" 0 0 0.0 0.0 -999 ""
FIBERMAP 1048 R-5C8 BOSS 1 1 0 1 0 0 -71.74903446355981 -109.19152230727765 143.1 109.53404367475073 -71.21544872291068 305.60745 114.048965 267.90374113236993 -19.80833316452694 -4.7698584 -7.464202 -0.6889091 267.9037264280128 -19.808354813420863 267.9604405992507 -19.817615042390894 75.48941017156136 53.42772028438874 5400.0 5400.0 2016.0 1 481 {-999.0 16.229958 15.146935 14.7749405 -999.0} sdss_psfmag_ps1 15.787082 15.235461 14.26149 12.616 63050395478268947 1093367246 bright_3x1 mwm_astar_core_boss mwm_ob science 0 0 0.0 0.0 -999 ""
FIBERMAP 1048 R-5C8 METROLOGY 0 0 0 1 0 0 -72.10255912856982 -108.53869928896057 143.1 108.8829699964342 -71.57212302208812 305.60745 114.048965 -999.0 -999.0 -999.0 -999.0 -999.0 267.90162682838957 -19.809454806129786 267.95835709496225 -19.818709751061352 75.49160179871727 53.42577649123439 -999.0 6231.0 -999.0 -1 -999 {-999.0 -999.0 -999.0 -999.0 -999.0} "" -999.0 -999.0 -999.0 -999.0 -999 -999 "" "" "" "" 0 0 0.0 0.0 -999 ""
FIBERMAP 1050 R+12C14 APOGEE 1 1 0 1 0 0 125.32580798149804 235.12210801034664 143.1 -235.718100011032 124.17834813328032 130.71179 145.87692 266.79713873402045 -19.21259916117738 -1.6204479 -1.6769223 0.2094631 266.79713375692944 -19.21260402486064 266.8523311518843 -19.224833593108812 75.83369543606727 48.78053289924877 16000.0 16600.0 2016.0 2 56 {-999.0 17.170115 15.074452 14.079624 -999.0} sdss_psfmag_ps1 16.184492 14.5762205 13.361171 10.11 63050395480795331 1149088128 bright_12x1 mwm_bin_rv_short_rgb_apogee_12epoch mwm_bin science 0 0 0.0 0.0 -999 ""
FIBERMAP 1050 R+12C14 BOSS 0 0 0 1 0 0 125.24008117818774 235.86247772310733 143.1 -236.45801538702347 124.08903299499087 130.71179 145.87692 -999.0 -999.0 -999.0 -999.0 -999.0 266.7948185942109 -19.212827806907246 266.8499770716162 -19.225102157260395 75.83543651773594 48.77478069837133 -999.0 5400.0 -999.0 1 93 {-999.0 -999.0 -999.0 -999.0 -999.0} "" -999.0 -999.0 -999.0 -999.0 -999 -999 "" "" "" "" 0 0 0.0 0.0 -999 ""
FIBERMAP 1050 R+12C14 METROLOGY 0 0 0 1 0 0 125.937616954067 235.5555506022989 143.1 -236.15448907159245 124.78802207362949 130.71179 145.87692 -999.0 -999.0 -999.0 -999.0 -999.0 266.7957497591735 -19.210708247188343 266.85091321564744 -19.22296967976934 75.83329073058641 48.77130282950213 -999.0 6231.0 -999.0 -1 -999 {-999.0 -999.0 -999.0 -999.0 -999.0} "" -999.0 -999.0 -999.0 -999.0 -999 -999 "" "" "" "" 0 0 0.0 0.0 -999 ""
FIBERMAP 1052 R-8C18 APOGEE 0 0 0 1 0 0 185.56600144929862 -140.22996049146596 143.1 139.32220865483436 186.23688421147844 90.7073 91.13124 -999.0 -999.0 -999.0 -999.0 -999.0 267.9988424795317 -19.028477583736883 268.05329941870787 -19.037637166844423 74.89603068626695 51.41702136393417 -999.0 16600.0 -999.0 2 -999 {-999.0 -999.0 -999.0 -999.0 -999.0} "" -999.0 -999.0 -999.0 -999.0 -999 -999 "" "" "" "" 0 0 0.0 0.0 -999 ""
FIBERMAP 1052 R-8C18 BOSS 1 1 0 1 0 0 186.32056190033808 -140.1896022675646 143.1 139.27819088396788 186.9912097499895 90.7073 91.13124 267.9987777537273 -19.026129481659773 -5.5937767 -2.0686355 12.625076 267.9987605922106 -19.026135481452584 268.05316698932774 -19.035335547427483 74.89453138970475 51.41030268315383 5400.0 5400.0 2016.0 1 275 {-999.0 22.067265 20.531267 19.82179 -999.0} sdss_psfmag_ps1 21.128717 20.246761 19.342365 -999.0 63050395478865368 1132567702 dark_2x1 mwm_snc_100pc_boss mwm_snc science 0 0 0.0 0.0 -999 ""
FIBERMAP 1052 R-8C18 METROLOGY 0 0 0 1 0 0 185.97258267749538 -140.85780595149103 143.1 139.94804860181782 186.64649111888318 90.7073 91.13124 -999.0 -999.0 -999.0 -999.0 -999.0 268.0009154997629 -19.02716292722841 268.055336498212 -19.036346100747934 74.8937464134255 51.4185425878552 -999.0 6231.0 -999.0 -1 -999 {-999.0 -999.0 -999.0 -999.0 -999.0} "" -999.0 -999.0 -999.0 -999.0 -999 -999 "" "" "" "" 0 0 0.0 0.0 -999 ""
FIBERMAP 1055 R+1C11 APOGEE 1 1 0 1 0 0 -67.95840766610986 4.440691990311747 143.1 -4.110682020665973 -67.9764383696178 276.07248 65.339615 267.53715192425676 -19.79807216716269 -2.947585 -0.7798073 1.3530257 267.5371428381287 -19.798074428886725 267.5939346149586 -19.808250261278733 75.73892804681904 52.46907142820176 16000.0 16600.0 2016.0 2 21 {-999.0 13.126423 12.257836 11.832408 -999.0} sdss_psfmag_from_g3xp 12.846007 12.227692 11.458699 10.024 63050395476817428 1069525412 bright_18x1 mwm_bin_rv_short_subgiant_apogee mwm_bin science 0 0 0.0 0.0 -999 ""
FIBERMAP 1055 R+1C11 BOSS 0 0 0 1 0 0 -68.68684996938217 4.671411921175627 143.1 -4.337855112434561 -68.70596256675927 276.07248 65.339615 -999.0 -999.0 -999.0 -999.0 -999.0 267.53644303340127 -19.8002914462324 267.59319869351043 -19.81050542546574 75.74096234550447 52.47392065003976 -999.0 5400.0 -999.0 1 31 {-999.0 -999.0 -999.0 -999.0 -999.0} "" -999.0 -999.0 -999.0 -999.0 -999 -999 "" "" "" "" 0 0 0.0 0.0 -999 ""
FIBERMAP 1055 R+1C11 METROLOGY 0 0 0 1 0 0 -68.11695956641795 5.164856000897329 143.1 -4.834039137014123 -68.13849619339969 276.07248 65.339615 -999.0 -999.0 -999.0 -999.0 -999.0 267.53483400673883 -19.798581099175067 267.5915970146807 -19.80878921545419 75.74091332373057 52.46465026963523 -999.0 6231.0 -999.0 -1 -999 {-999.0 -999.0 -999.0 -999.0 -999.0} "" -999.0 -999.0 -999.0 -999.0 -999 -999 "" "" "" "" 0 0 0.0 0.0 -999 ""
FIBERMAP 1059 R+3C13 APOGEE 1 1 0 1 0 0 4.280497479685606 65.61670559314638 143.1 -65.6340801658646 3.961859322764356 106.623314 141.88655 267.33951387109136 -19.57898931517987 3.8676136 -5.384792 1.4714884 267.33952577696846 -19.579004933030113 267.39570730931064 -19.589743969438988 75.72616583101806 51.30420900382629 16000.0 16600.0 2016.0 2 125 {-999.0 17.532808 15.98458 15.415665 -999.0} sdss_psfmag_ps1 16.914816 15.86323 14.839185 12.472 63050395478647048 1009260722 bright_3x1 mwm_yso_pms_apogee_sagitta_edr3 mwm_yso science 0 0 0.0 0.0 -999 ""
FIBERMAP 1059 R+3C13 BOSS 0 0 0 1 0 0 4.5497764288131535 66.31085569772891 143.1 -66.329501054164 4.227755845301621 106.623314 141.88655 -999.0 -999.0 -999.0 -999.0 -999.0 267.33728824097744 -19.578148907566757 267.393425630964 -19.588931579912646 75.72716297521198 51.295811486692685 -999.0 5400.0 -999.0 1 111 {-999.0 -999.0 -999.0 -999.0 -999.0} "" -999.0 -999.0 -999.0 -999.0 -999 -999 "" "" "" "" 0 0 0.0 0.0 -999 ""
FIBERMAP 1059 R+3C13 METROLOGY 0 0 0 1 0 0 5.015628079580878 65.724842326088 143.1 -65.74577864980539 4.696427109042941 106.623314 141.88655 -999.0 -999.0 -999.0 -999.0 -999.0 267.3391568932073 -19.576742754599344 267.39530172803734 -19.587510258058483 75.72490276375267 51.29657812376291 -999.0 6231.0 -999.0 -1 -999 {-999.0 -999.0 -999.0 -999.0 -999.0} "" -999.0 -999.0 -999.0 -999.0 -999 -999 "" "" "" "" 0 0 0.0 0.0 -999 ""
FIBERMAP 1061 R+9C10 APOGEE 1 1 0 1 0 0 0.08033203612752916 181.77874735638102 143.1 -181.76972562938033 -0.8017852735937366 148.77837 116.27977 266.9661522662713 -19.591681272138462 -1.0721663 1.2133003 0.39145893 266.96614896550585 -19.591677753127094 267.0224287012052 -19.603381338018657 75.98869269097908 50.34495124064914 16000.0 16600.0 2016.0 2 136 {-999.0 16.358706 14.229078 13.010263 -999.0} sdss_psfmag_from_g3xp 15.296127 13.694658 12.464067 9.215 63050395480608746 1147741402 bright_12x1 mwm_bin_rv_short_rgb_apogee_12epoch mwm_bin science 0 0 0.0 0.0 -999 ""
FIBERMAP 1061 R+9C10 BOSS 0 0 0 1 0 0 0.13499906887070168 182.5203284548178 143.1 -182.51153361396211 -0.7507197231486077 148.77837 116.27977 -999.0 -999.0 -999.0 -999.0 -999.0 266.9637476485681 -19.591471612243215 267.01998655761497 -19.603218903707628 75.99022319890429 50.33782486765915 -999.0 5400.0 -999.0 1 131 {-999.0 -999.0 -999.0 -999.0 -999.0} "" -999.0 -999.0 -999.0 -999.0 -999 -999 "" "" "" "" 0 0 0.0 0.0 -999 ""
FIBERMAP 1061 R+9C10 METROLOGY 0 0 0 1 0 0 0.7491864934139265 182.11769729857585 143.1 -182.1119037557057 -0.13461025994142697 148.77837 116.27977 -999.0 -999.0 -999.0 -999.0 -999.0 266.9650038260691 -19.58962179293521 267.0212486081889 -19.601355657766263 75.9880702046379 50.33576047367154 -999.0 6231.0 -999.0 -1 -999 {-999.0 -999.0 -999.0 -999.0 -999.0} "" -999.0 -999.0 -999.0 -999.0 -999 -999 "" "" "" "" 0 0 0.0 0.0 -999 ""
FIBERMAP 1062 R-12C6 APOGEE 0 0 0 1 0 0 -59.2009552961814 -238.57927085222374 143.1 238.85420145134646 -58.04014255970998 219.63728 98.688835 -999.0 -999.0 -999.0 -999.0 -999.0 268.31863743528874 -19.767721077205756 268.37520078547516 -19.775878438502428 75.16886623611751 54.32196327870071 -999.0 16600.0 -999.0 2 -999 {-999.0 -999.0 -999.0 -999.0 -999.0} "" -999.0 -999.0 -999.0 -999.0 -999 -999 "" "" "" "" 0 0 0.0 0.0 -999 ""
FIBERMAP 1062 R-12C6 BOSS 1 1 0 1 0 0 -59.69278055644006 -238.0929857695829 143.1 238.3703282140598 -58.53430213920755 219.63728 98.688835 268.3171428762204 -19.769190409876565 6.0780873 0.3739695 0.6074277 268.31716160893336 -19.769189325228332 268.37368403428366 -19.77738739443783 75.17093333951652 54.32275624880258 5400.0 5400.0 2016.0 1 365 {-999.0 17.566969 16.29817 15.646487 -999.0} sdss_psfmag_ps1 17.02272 16.140564 15.210569 13.292 63050395477789960 916965085 bright_5x1 mwm_yso_disk_boss mwm_yso science 0 0 0.0 0.0 -999 ""
FIBERMAP 1062 R-12C6 METROLOGY 0 0 0 1 0 0 -59.04758934376896 -237.84716628220883 143.1 238.12139055077904 -57.89033721319826 219.63728 98.688835 -999.0 -999.0 -999.0 -999.0 -999.0 268.3163960174158 -19.76726390868159 268.3729258012354 -19.775453876864585 75.17020372776892 54.31522525632596 -999.0 6231.0 -999.0 -1 -999 {-999.0 -999.0 -999.0 -999.0 -999.0} "" -999.0 -999.0 -999.0 -999.0 -999 -999 "" "" "" "" 0 0 0.0 0.0 -999 ""
FIBERMAP 1065 R-10C5 APOGEE 0 0 0 1 0 0 -96.13556000209599 -188.74283706371202 143.1 189.19957955890396 -95.21467499256495 89.6702 157.55629 -999.0 -999.0 -999.0 -999.0 -999.0 268.1596086168748 -19.880682269209807 268.2165337971421 -19.88922537478041 75.35587731981431 54.27353506018471 -999.0 16600.0 -999.0 2 -999 {-999.0 -999.0 -999.0 -999.0 -999.0} "" -999.0 -999.0 -999.0 -999.0 -999 -999 "" "" "" "" 0 0 0.0 0.0 -999 ""
FIBERMAP 1065 R-10C5 BOSS 1 1 0 1 0 0 -95.85846766333422 -188.08050783216711 143.1 188.53593998028475 -94.94081106858047 89.6702 157.55629 268.15756349521666 -19.879832886814036 3.361016 -4.3162546 0.7081708 268.15757386110926 -19.879845405518594 268.2144519977454 -19.88843071986843 75.35683400467889 54.26608367354773 5400.0 5400.0 2016.0 1 423 {-999.0 16.73015 15.623098 15.100827 -999.0} sdss_psfmag_ps1 16.226562 15.546597 14.745079 13.111 63050395477680664 980272537 "" ops_std_boss_red ops_std standard_boss 0 0 0.0 0.0 -999 ""
FIBERMAP 1065 R-10C5 METROLOGY 0 0 0 1 0 0 -95.39374776456191 -188.64685362221928 143.1 189.10000131336346 -94.47336693861637 89.6702 157.55629 -999.0 -999.0 -999.0 -999.0 -999.0 268.15940119321425 -19.878449634471323 268.21628759507735 -19.88702014047519 75.3546058415218 54.266349896325096 -999.0 6231.0 -999.0 -1 -999 {-999.0 -999.0 -999.0 -999.0 -999.0} "" -999.0 -999.0 -999.0 -999.0 -999 -999 "" "" "" "" 0 0 0.0 0.0 -999 ""
FIBERMAP 1066 R-11C10 APOGEE 1 1 0 1 0 0 39.594026030186086 -204.21511655003084 143.1 204.01240642676336 40.58296561316407 38.50558 134.3544 268.20688879223474 -19.469271235691565 7.1147256 -2.0701294 1.0374206 268.20691067899855 -19.469277239816794 268.2626182564261 -19.47779417328293 75.05066724606641 53.179866036333074 16000.0 16600.0 2016.0 2 175 {-999.0 12.82423 11.682892 11.171919 -999.0} sdss_psfmag_from_g3xp 12.410189 11.648841 10.784241 8.952 63050395478490065 1147639777 bright_12x1 mwm_bin_rv_short_rgb_apogee_12epoch mwm_bin science 0 0 0.0 0.0 -999 ""
FIBERMAP 1066 R-11C10 BOSS 0 0 0 1 0 0 40.32757749365853 -204.2999899596683 143.1 204.0937157553821 41.31689096023862 38.50558 134.3544 -999.0 -999.0 -999.0 -999.0 -999.0 268.20726422737755 -19.46700582590234 268.26291993682526 -19.47556075685597 75.04896003189793 53.174176395766835 -999.0 5400.0 -999.0 1 417 {-999.0 -999.0 -999.0 -999.0 -999.0} "" -999.0 -999.0 -999.0 -999.0 -999 -999 "" "" "" "" 0 0 0.0 0.0 -999 ""
FIBERMAP 1066 R-11C10 METROLOGY 0 0 0 1 0 0 39.911688925060425 -204.88976439514 143.1 204.68547782740575 40.90388590772808 38.50558 134.3544 -999.0 -999.0 -999.0 -999.0 -999.0 268.20917766308736 -19.46826157625789 268.2648494769819 -19.47680037979276 75.04843963306985 53.18246695222831 -999.0 6231.0 -999.0 -1 -999 {-999.0 -999.0 -999.0 -999.0 -999.0} "" -999.0 -999.0 -999.0 -999.0 -999 -999 "" "" "" "" 0 0 0.0 0.0 -999 ""
FIBERMAP 1067 R+3C14 APOGEE 1 0 1 1 0 0 34.4019523543246 66.00527950796672 143.1 -66.16880358804619 34.079869043249055 10.005702 170.04216 267.4078729465506 -19.446744895708377 0.5090302 -4.9175177 0.36013392 267.3382068794687 -19.487554868866912 267.3941204466504 -19.498318669777095 75.66407276643997 51.03255155703755 16000.0 16600.0 2016.0 2 122 {-999.0 15.660514 13.933532 13.06341 -999.0} sdss_psfmag_from_g3xp 14.87381 13.680243 12.574705 9.908 63050395478667169 1148151829 bright_12x1 mwm_bin_rv_short_rgb_apogee_12epoch mwm_bin science 0 0 0.0 0.0 -999 ""
FIBERMAP 1067 R+3C14 BOSS 0 0 1 1 0 0 35.13090526943947 65.91014591904992 143.1 -66.07721229610668 34.80924586936845 10.005702 170.04216 -999.0 -999.0 -999.0 -999.0 -999.0 267.3385117693537 -19.485282730664434 267.39437669125357 -19.496084241576586 75.66235080399687 51.02671905335728 -999.0 5400.0 -999.0 1 102 {-999.0 -999.0 -999.0 -999.0 -999.0} "" -999.0 -999.0 -999.0 -999.0 -999 -999 "" "" "" "" 0 0 0.0 0.0 -999 ""
FIBERMAP 1067 R+3C14 METROLOGY 0 0 1 1 0 0 34.69050593417308 65.30874822345193 143.1 -65.47370862296806 34.37178772313064 10.005702 170.04216 -999.0 -999.0 -999.0 -999.0 -999.0 267.3404307000755 -19.48662545146141 267.39631111458357 -19.497410913431235 75.66195452691554 51.03568352345229 -999.0 6231.0 -999.0 -1 -999 {-999.0 -999.0 -999.0 -999.0 -999.0} "" -999.0 -999.0 -999.0 -999.0 -999 -999 "" "" "" "" 0 0 0.0 0.0 -999 ""
FIBERMAP 1072 R-5C17 APOGEE 0 0 0 1 0 0 114.27298849341513 -98.03201645305258 143.1 97.47241121411821 114.74278953412029 144.65407 150.9492 -999.0 -999.0 -999.0 -999.0 -999.0 267.86518002960645 -19.244215843840404 267.92029059347885 -19.25367109802735 75.13592398505043 51.68805327764005 -999.0 16600.0 -999.0 2 -999 {-999.0 -999.0 -999.0 -999.0 -999.0} "" -999.0 -999.0 -999.0 -999.0 -999 -999 "" "" "" "" 0 0 0.0 0.0 -999 ""
FIBERMAP 1072 R-5C17 BOSS 1 1 0 1 0 0 113.94740810000627 -97.372659784573 143.1 96.81466861945412 114.41402635405623 144.65407 150.9492 267.8631591796875 -19.245117253833584 -999.0 -999.0 -999.0 267.8631591796875 -19.245117253833584 267.9182289259685 -19.25461662099329 75.13798802648188 51.68552069281232 5400.0 5400.0 2015.5 1 296 {-999.0 -999.0 -999.0 -999.0 -999.0} "" -999.0 -999.0 -999.0 -999.0 27021603148179453 852693478 "" ops_sky_boss_fallback ops_sky sky_boss 0 0 0.0 0.0 -999 ""
FIBERMAP 1072 R-5C17 METROLOGY 0 0 0 1 0 0 114.69011196065317 -97.41112497310183 143.1 96.84952771613172 115.15687842043587 144.65407 150.9492 -999.0 -999.0 -999.0 -999.0 -999.0 267.8632689262563 -19.242866000525012 267.918344488852 -19.25235454010435 75.13635492641372 51.67940370291808 -999.0 6231.0 -999.0 -1 -999 {-999.0 -999.0 -999.0 -999.0 -999.0} "" -999.0 -999.0 -999.0 -999.0 -999 -999 "" "" "" "" 0 0 0.0 0.0 -999 ""
FIBERMAP 1073 R+13C13 APOGEE 1 1 0 1 0 0 121.3191531472109 274.1689787509606 143.1 -274.7435061159834 119.98241897607521 170.82175 18.464727 266.67302670275683 -19.22480102458945 -3.7441258 -6.671521 -0.0032423986 266.67301520208446 -19.224820374421785 266.7282676954789 -19.237368582686692 75.92412140626972 48.471017704041756 16000.0 16600.0 2016.0 2 58 {-999.0 18.067022 15.812714 14.2765 -999.0} sdss_psfmag_ps1 16.84481 14.889698 13.584413 10.133 63050395481092525 1156638125 bright_1x1 mwm_galactic_core_dist_apogee_extra mwm_galactic science 0 0 0.0 0.0 -999 ""
FIBERMAP 1073 R+13C13 BOSS 0 0 0 1 0 0 122.06815543582859 274.3188835243796 143.1 -274.8970377926657 120.73065504615437 170.82175 18.464727 -999.0 -999.0 -999.0 -999.0 -999.0 266.6726466267925 -19.222544892493175 266.7278530476118 -19.235133339016933 75.92278207768807 48.46348586223604 -999.0 5400.0 -999.0 1 96 {-999.0 -999.0 -999.0 -999.0 -999.0} "" -999.0 -999.0 -999.0 -999.0 -999 -999 "" "" "" "" 0 0 0.0 0.0 -999 ""
FIBERMAP 1073 R+13C13 METROLOGY 0 0 0 1 0 0 121.80688186101092 273.59996857791515 143.1 -274.1768921921566 120.47288365917527 170.82175 18.464727 -999.0 -999.0 -999.0 -999.0 -999.0 266.674845441 -19.22331456606024 266.7300649508736 -19.235886154502456 75.92187660916112 48.471818910891386 -999.0 6231.0 -999.0 -1 -999 {-999.0 -999.0 -999.0 -999.0 -999.0} "" -999.0 -999.0 -999.0 -999.0 -999 -999 "" "" "" "" 0 0 0.0 0.0 -999 ""
FIBERMAP 1075 R-7C7 APOGEE 1 1 0 1 0 0 -60.00235126130907 -136.1480313714573 143.1 136.4321542381378 -59.338562529606875 37.181824 71.91369 267.9902547321476 -19.772285128723226 -2.8886256 -5.465215 0.23421831 267.9902458292069 -19.772300979830565 268.04688253448853 -19.78130844992448 75.40451989350184 53.535000837278815 16000.0 16600.0 2016.0 2 267 {-999.0 16.67259 14.679706 13.704901 -999.0} sdss_psfmag_from_g3xp 15.707333 14.3382435 13.205916 10.314 63050395478300342 1148504335 bright_12x1 mwm_bin_rv_short_rgb_apogee_12epoch mwm_bin science 0 0 0.0 0.0 -999 ""
FIBERMAP 1075 R-7C7 BOSS 0 0 0 1 0 0 -59.76066741769952 -136.8441047160485 143.1 137.12701873059106 -59.093513381528105 37.181824 71.91369 -999.0 -999.0 -999.0 -999.0 -999.0 267.9925904322648 -19.771545472337664 268.04918012287885 -19.780584151346712 75.40242280348907 53.53855251799939 -999.0 5400.0 -999.0 1 362 {-999.0 -999.0 -999.0 -999.0 -999.0} "" -999.0 -999.0 -999.0 -999.0 -999 -999 "" "" "" "" 0 0 0.0 0.0 -999 ""
FIBERMAP 1075 R-7C7 METROLOGY 0 0 0 1 0 0 -60.48140631942349 -136.72323617669667 143.1 137.00965396070163 -59.814801502881274 37.181824 71.91369 -999.0 -999.0 -999.0 -999.0 -999.0 267.99221420702173 -19.77375025710269 268.04882302377735 -19.782778873956808 75.4041319749978 53.544176012161245 -999.0 6231.0 -999.0 -1 -999 {-999.0 -999.0 -999.0 -999.0 -999.0} "" -999.0 -999.0 -999.0 -999.0 -999 -999 "" "" "" "" 0 0 0.0 0.0 -999 ""
FIBERMAP 1076 R-13C6 APOGEE 1 1 0 1 0 0 -19.75241180884202 -243.06451466858107 143.1 243.14778209148875 -18.571876081769354 60.000237 89.24409 268.3322716005601 -19.648247981323443 -4.556213 -2.9954658 1.4683282 268.3322575688893 -19.648256669260718 268.3884672206249 -19.656406733023278 75.08085697915607 54.00349487073922 16000.0 16600.0 2016.0 2 263 {-999.0 18.598085 16.125736 14.647855 -999.0} sdss_psfmag_ps1 17.229229 15.34885 13.865 10.139 63050395478422017 1069254488 bright_18x1 mwm_bin_rv_short_subgiant_apogee mwm_bin science 0 0 0.0 0.0 -999 ""
FIBERMAP 1076 R-13C6 BOSS 0 0 0 1 0 0 -19.09500452172552 -243.45294681887174 143.1 243.53300394700517 -17.912617896845887 60.000237 89.24409 -999.0 -999.0 -999.0 -999.0 -999.0 268.33355493611316 -19.646222832894253 268.3897127176398 -19.654407756017925 75.07865647578373 54.00066883083156 -999.0 5400.0 -999.0 1 357 {-999.0 -999.0 -999.0 -999.0 -999.0} "" -999.0 -999.0 -999.0 -999.0 -999 -999 "" "" "" "" 0 0 0.0 0.0 -999 ""
FIBERMAP 1076 R-13C6 METROLOGY 0 0 0 1 0 0 -19.7582326401934 -243.82203372343946 143.1 243.90529017257649 -18.57402061810353 60.000237 89.24409 -999.0 -999.0 -999.0 -999.0 -999.0 268.33477662931597 -19.648235610819555 268.39095301250734 -19.65640620102017 75.07909785249227 54.00949359272033 -999.0 6231.0 -999.0 -1 -999 {-999.0 -999.0 -999.0 -999.0 -999.0} "" -999.0 -999.0 -999.0 -999.0 -999 -999 "" "" "" "" 0 0 0.0 0.0 -999 ""
FIBERMAP 1077 R-13C11 APOGEE 1 1 0 1 0 0 57.70892876890076 -246.32366663353187 143.1 246.03087061747354 58.90126955781338 232.26251 30.456903 268.34085102256535 -19.413788817363322 0.1859829 -9.296812 0.1627907 268.3408515945021 -19.41381578149232 268.39637183158 -19.421998660955982 74.91960238932798 53.345511991773535 16000.0 16600.0 2016.0 2 159 {-999.0 18.663954 16.286106 14.291687 -999.0} sdss_psfmag_ps1 17.07366 14.769453 13.274547 9.299 63050395478469820 1153803890 bright_1x1 mwm_galactic_core_dist_apogee_sparse mwm_galactic science 0 0 0.0 0.0 -999 ""
FIBERMAP 1077 R-13C11 BOSS 0 0 0 1 0 0 57.79952264239054 -245.60010403529674 143.1 245.30690585891423 58.98834752682359 232.26251 30.456903 -999.0 -999.0 -999.0 -999.0 -999.0 268.33860587779714 -19.413510606481555 268.39408006101087 -19.42173799817704 74.92103591532778 53.33921430373414 -999.0 5400.0 -999.0 1 351 {-999.0 -999.0 -999.0 -999.0 -999.0} "" -999.0 -999.0 -999.0 -999.0 -999 -999 "" "" "" "" 0 0 0.0 0.0 -999 ""
FIBERMAP 1077 R-13C11 METROLOGY 0 0 0 1 0 0 58.39854906280466 -246.03471836921597 143.1 245.73859081034936 59.58945197482017 232.26251 30.456903 -999.0 -999.0 -999.0 -999.0 -999.0 268.34000674916024 -19.41169280641146 268.3954882572132 -19.419906056643978 74.91882362903532 53.33738876455959 -999.0 6231.0 -999.0 -1 -999 {-999.0 -999.0 -999.0 -999.0 -999.0} "" -999.0 -999.0 -999.0 -999.0 -999 -999 "" "" "" "" 0 0 0.0 0.0 -999 ""
FIBERMAP 1079 R+9C17 APOGEE 0 0 0 1 1 0 162.29557510230475 160.12561016989736 143.1 -160.90488735486585 161.5101347698571 266.60648 96.94583 -999.0 -999.0 -999.0 -999.0 -999.0 267.0368595879042 -19.10060202787396 267.0916918266083 -19.112236749731355 75.59523247768188 49.11791159345955 -999.0 16600.0 -999.0 2 -999 {-999.0 -999.0 -999.0 -999.0 -999.0} "" -999.0 -999.0 -999.0 -999.0 -999 -999 "" "" "" "" 0 0 0.0 0.0 -999 ""
FIBERMAP 1079 R+9C17 BOSS 0 0 0 1 1 0 161.58740144020453 160.04668219779828 143.1 -160.82252693274415 160.80238078506608 266.60648 96.94583 -999.0 -999.0 -999.0 -999.0 -999.0 267.03711525996243 -19.102672618749526 267.0919127027835 -19.114345537802926 75.59659288692669 49.12444303683469 -999.0 5400.0 -999.0 1 251 {-999.0 -999.0 -999.0 -999.0 -999.0} "" -999.0 -999.0 -999.0 -999.0 -999 -999 "" "" "" "" 0 0 0.0 0.0 -999 ""
FIBERMAP 1079 R+9C17 METROLOGY 0 0 0 1 1 0 161.87348164080208 160.743133713216 143.1 -161.5203306437337 161.08506652119405 266.60648 96.94583 -999.0 -999.0 -999.0 -999.0 -999.0 267.0348557702294 -19.101799446770496 267.0896626003075 -19.11346727462045 75.59745320728081 49.11586630981196 -999.0 6231.0 -999.0 -1 -999 {-999.0 -999.0 -999.0 -999.0 -999.0} "" -999.0 -999.0 -999.0 -999.0 -999 -999 "" "" "" "" 0 0 0.0 0.0 -999 ""
FIBERMAP 1082 R-2C22 APOGEE 0 0 0 1 0 0 211.76424251713436 -47.008401420025365 143.1 45.978344563051714 211.98139495887938 317.8591 119.75761 -999.0 -999.0 -999.0 -999.0 -999.0 267.70012823489986 -18.94998018303948 267.7544096029018 -18.959932026729756 75.04487733311521 50.443335404794766 -999.0 16600.0 -999.0 2 -999 {-999.0 -999.0 -999.0 -999.0 -999.0} "" -999.0 -999.0 -999.0 -999.0 -999 -999 "" "" "" "" 0 0 0.0 0.0 -999 ""
FIBERMAP 1082 R-2C22 BOSS 1 1 0 1 0 0 211.6312098707594 -47.72689151858196 143.1 46.69744302612464 211.85185579905007 317.8591 119.75761 267.7024841308594 -18.95029146855849 -999.0 -999.0 -999.0 267.7024841308594 -18.950291468558486 267.75672280577237 -18.96027730578589 75.04355975997096 50.45023358724912 5400.0 5400.0 2015.5 1 311 {-999.0 -999.0 -999.0 -999.0 -999.0} "" -999.0 -999.0 -999.0 -999.0 27021603148192613 852696271 "" ops_sky_boss_fallback ops_sky sky_boss 0 0 0.0 0.0 -999 ""
FIBERMAP 1082 R-2C22 METROLOGY 0 0 0 1 0 0 211.05593430391423 -47.248812925326135 143.1 46.222180810535676 211.2742900570106 317.8591 119.75761 -999.0 -999.0 -999.0 -999.0 -999.0 267.7009562028185 -18.952007094611087 267.755212382923 -18.96198509876773 75.04577570462395 50.451070617058235 -999.0 6231.0 -999.0 -1 -999 {-999.0 -999.0 -999.0 -999.0 -999.0} "" -999.0 -999.0 -999.0 -999.0 -999 -999 "" "" "" "" 0 0 0.0 0.0 -999 ""
FIBERMAP 1084 R-6C17 APOGEE 1 1 0 1 0 0 144.1564742746122 -98.41972685948755 143.1 97.71508670788049 144.62660953733817 118.44999 44.639072 267.8659057617187 -19.153776070899767 -999.0 -999.0 -999.0 267.8659057617187 -19.153776070899767 267.92075203488196 -19.163250650339002 75.07336319376881 51.43407723929425 16000.0 16600.0 2015.5 2 209 {-999.0 -999.0 -999.0 -999.0 -999.0} "" -999.0 -999.0 -999.0 -999.0 27021603148179629 848964609 "" ops_sky_apogee_good ops_sky sky_apogee 0 0 0.0 0.0 -999 ""
FIBERMAP 1084 R-6C17 BOSS 0 0 0 1 0 0 144.8691129112294 -98.59041798640146 143.1 97.88231079373172 145.34003958579018 118.44999 44.639072 -999.0 -999.0 -999.0 -999.0 -999.0 267.8665217857252 -19.151527719816038 267.9213175741677 -19.16104068187649 75.07145169731932 51.42929823189894 -999.0 5400.0 -999.0 1 295 {-999.0 -999.0 -999.0 -999.0 -999.0} "" -999.0 -999.0 -999.0 -999.0 -999 -999 "" "" "" "" 0 0 0.0 0.0 -999 ""
FIBERMAP 1084 R-6C17 METROLOGY 0 0 0 1 0 0 144.35754147037602 -99.1423787860623 143.1 98.43672550560177 144.8311731177043 118.44999 44.639072 -999.0 -999.0 -999.0 -999.0 -999.0 267.8683012890704 -19.15306395837833 267.92311365640364 -19.162560765811048 75.07127241699865 51.438113195111384 -999.0 6231.0 -999.0 -1 -999 {-999.0 -999.0 -999.0 -999.0 -999.0} "" -999.0 -999.0 -999.0 -999.0 -999 -999 "" "" "" "" 0 0 0.0 0.0 -999 ""
FIBERMAP 1088 R+6C21 APOGEE 1 1 0 1 0 0 235.11568768802823 99.9838032306385 143.1 -101.11956657054608 234.61832574354406 351.89786 58.58732 267.22976265092444 -18.880720117989753 -1.378973 -5.036306 0.34777242 267.2297584239675 -18.880734725104624 267.28391868533043 -18.89192114097141 75.31062762276743 49.02263040413913 16000.0 16600.0 2016.0 2 88 {-999.0 16.561398 14.515545 13.510191 -999.0} sdss_psfmag_from_g3xp 15.559623 14.154481 13.008349 10.085 63050395482847782 1148294618 bright_12x1 mwm_bin_rv_short_rgb_apogee_12epoch mwm_bin science 0 0 0.0 0.0 -999 ""
FIBERMAP 1088 R+6C21 BOSS 0 0 0 1 0 0 234.64724441683148 99.41878261635019 143.1 -100.55230200720042 234.15264858719755 351.89786 58.58732 -999.0 -999.0 -999.0 -999.0 -999.0 267.2315956474775 -18.88208599411883 267.2857180491991 -18.893307606956323 75.31043264197803 49.0312544997571 -999.0 5400.0 -999.0 1 262 {-999.0 -999.0 -999.0 -999.0 -999.0} "" -999.0 -999.0 -999.0 -999.0 -999 -999 "" "" "" "" 0 0 0.0 0.0 -999 ""
FIBERMAP 1088 R+6C21 METROLOGY 0 0 0 1 0 0 234.38011213605796 100.10402052402095 143.1 -101.23620813074517 233.88220490039365 351.89786 58.58732 -999.0 -999.0 -999.0 -999.0 -999.0 267.22937428832404 -18.882864693045388 267.2835110825815 -18.894080464091292 75.3124433828375 49.02748368895885 -999.0 6231.0 -999.0 -1 -999 {-999.0 -999.0 -999.0 -999.0 -999.0} "" -999.0 -999.0 -999.0 -999.0 -999 -999 "" "" "" "" 0 0 0.0 0.0 -999 ""
FIBERMAP 1089 R+7C13 APOGEE 1 1 0 1 0 0 73.67212594364726 145.41217871416742 143.1 -145.7621569032091 72.96267356798774 79.45773 54.20613 267.0831298828125 -19.368632157376666 -999.0 -999.0 -999.0 267.0831298828125 -19.368632157376666 267.1387373633278 -19.3800845611299 75.75388512850164 50.00840343400753 16000.0 16600.0 2015.5 2 91 {-999.0 -999.0 -999.0 -999.0 -999.0} "" -999.0 -999.0 -999.0 -999.0 27021603148192028 848966875 "" ops_sky_apogee_good ops_sky sky_apogee 0 0 0.0 0.0 -999 ""
FIBERMAP 1089 R+7C13 BOSS 0 0 0 1 0 0 74.20582897935046 144.91259127388156 143.1 -145.26518521623046 73.4987733067338 79.45773 54.20613 -999.0 -999.0 -999.0 -999.0 -999.0 267.0847142336103 -19.366945718637574 267.1402755235911 -19.378432748264768 75.75169174537908 50.00778726968605 -999.0 5400.0 -999.0 1 156 {-999.0 -999.0 -999.0 -999.0 -999.0} "" -999.0 -999.0 -999.0 -999.0 -999 -999 "" "" "" "" 0 0 0.0 0.0 -999 ""
FIBERMAP 1089 R+7C13 METROLOGY 0 0 0 1 0 0 73.48913485106979 144.6947061079627 143.1 -145.04383344771355 72.78317361098331 79.45773 54.20613 -999.0 -999.0 -999.0 -999.0 -999.0 267.0853783116873 -19.36911933790679 267.1409574687417 -19.380593270487207 75.75275572970777 50.015862210540035 -999.0 6231.0 -999.0 -1 -999 {-999.0 -999.0 -999.0 -999.0 -999.0} "" -999.0 -999.0 -999.0 -999.0 -999 -999 "" "" "" "" 0 0 0.0 0.0 -999 ""
FIBERMAP 1090 R+2C22 APOGEE 0 0 0 1 0 0 210.614069473361 41.992333025822326 143.1 -43.01220047475589 210.39938984182416 343.38898 147.80634 -999.0 -999.0 -999.0 -999.0 -999.0 267.41512980483037 -18.954005744230408 267.46947206131415 -18.964694892705182 75.23933793265196 49.715560268091224 -999.0 16600.0 -999.0 2 -999 {-999.0 -999.0 -999.0 -999.0 -999.0} "" -999.0 -999.0 -999.0 -999.0 -999 -999 "" "" "" "" 0 0 0.0 0.0 -999 ""
FIBERMAP 1090 R+2C22 BOSS 1 1 0 1 0 0 211.13649159767002 41.45341020434544 143.1 -42.475840700571716 210.92440013505652 343.38898 147.80634 267.41689724647205 -18.952330842045445 -3.2437038 -3.5145268 0.36895633 267.4168872993086 -18.952341035448534 267.4711822763625 -18.963066070963666 75.23704250132658 49.71555050774767 5400.0 5400.0 2016.0 1 232 {-999.0 18.40632 17.083483 16.521296 -999.0} sdss_psfmag_ps1 17.869144 16.9848 16.048574 14.231 63050395482886151 980272855 "" ops_std_boss_red ops_std standard_boss 0 0 0.0 0.0 -999 ""
FIBERMAP 1090 R+2C22 METROLOGY 0 0 0 1 0 0 210.3828542477739 41.28096973168015 143.1 -42.2997519989786 210.17163860209848 343.38898 147.80634 -999.0 -999.0 -999.0 -999.0 -999.0 267.4174216413642 -18.954590696478117 267.4717350046983 -18.965302471234057 75.2382588907099 49.723195834994954 -999.0 6231.0 -999.0 -1 -999 {-999.0 -999.0 -999.0 -999.0 -999.0} "" -999.0 -999.0 -999.0 -999.0 -999 -999 "" "" "" "" 0 0 0.0 0.0 -999 ""
FIBERMAP 1097 R-1C6 APOGEE 0 0 0 1 0 0 -157.1266044264906 -33.523989559089344 143.1 34.28473817958246 -156.95578821311085 341.63132 77.248436 -999.0 -999.0 -999.0 -999.0 -999.0 267.6603049625041 -20.067942317210907 267.71787096829814 -20.077736017083524 75.8326103752692 53.60224681350263 -999.0 16600.0 -999.0 2 -999 {-999.0 -999.0 -999.0 -999.0 -999.0} "" -999.0 -999.0 -999.0 -999.0 -999 -999 "" "" "" "" 0 0 0.0 0.0 -999 ""
FIBERMAP 1097 R-1C6 BOSS 1 1 0 1 0 0 -157.63967877412375 -34.2339530391934 143.1 34.9971546844617 -157.46539077453457 341.63132 77.248436 267.66265869140625 -20.069515330229265 -999.0 -999.0 -999.0 267.66265869140625 -20.06951533022926 267.7201857323748 -20.07933839828271 75.83204173404631 53.61303387181681 5400.0 5400.0 2015.5 1 461 {-999.0 -999.0 -999.0 -999.0 -999.0} "" -999.0 -999.0 -999.0 -999.0 27021603148172121 852691722 "" ops_sky_boss_fallback ops_sky sky_boss 0 0 0.0 0.0 -999 ""
FIBERMAP 1097 R-1C6 METROLOGY 0 0 0 1 0 0 -157.87459954214955 -33.52522396033105 143.1 34.28960229397838 -157.7037386113493 341.63132 77.248436 -999.0 -999.0 -999.0 -999.0 -999.0 267.66036408150677 -20.070261297855666 267.7179059693178 -20.0800799821601 75.83413752437406 53.60951363737871 -999.0 6231.0 -999.0 -1 -999 {-999.0 -999.0 -999.0 -999.0 -999.0} "" -999.0 -999.0 -999.0 -999.0 -999 -999 "" "" "" "" 0 0 0.0 0.0 -999 ""
FIBERMAP 1102 R+4C17 APOGEE 1 1 0 1 0 0 105.35284857355268 57.32503374949376 143.1 -57.83330887498472 105.06921420641721 315.82242 35.20507 267.3660278320312 -19.272282535392733 -999.0 -999.0 -999.0 267.3660278320312 -19.272282535392733 267.42130676426945 -19.28302448627694 75.49580473531637 50.4834881181322 16000.0 16600.0 2015.5 2 66 {-999.0 -999.0 -999.0 -999.0 -999.0} "" -999.0 -999.0 -999.0 -999.0 27021603148192105 848966844 "" ops_sky_apogee_good ops_sky sky_apogee 0 0 0.0 0.0 -999 ""
FIBERMAP 1102 R+4C17 BOSS 0 0 0 1 0 0 104.6127541638371 57.42583125604044 143.1 -57.93050972525576 104.32866897739493 315.82242 35.20507 -999.0 -999.0 -999.0 -999.0 -999.0 267.3657151670155 -19.274433076229194 267.420958430009 -19.285214128863657 75.49757114579407 50.488819130430386 -999.0 5400.0 -999.0 1 218 {-999.0 -999.0 -999.0 -999.0 -999.0} "" -999.0 -999.0 -999.0 -999.0 -999 -999 "" "" "" "" 0 0 0.0 0.0 -999 ""
FIBERMAP 1102 R+4C17 METROLOGY 0 0 0 1 0 0 105.07380119555367 58.01466669886244 143.1 -58.52155199258281 104.78683471158104 315.82242 35.20507 -999.0 -999.0 -999.0 -999.0 -999.0 267.3638040942067 -19.273039092160978 267.4190555140192 -19.283814431070713 75.49787593653708 50.479807685398896 -999.0 6231.0 -999.0 -1 -999 {-999.0 -999.0 -999.0 -999.0 -999.0} "" -999.0 -999.0 -999.0 -999.0 -999 -999 "" "" "" "" 0 0 0.0 0.0 -999 ""
FIBERMAP 1110 R-12C9 APOGEE 0 0 0 1 0 0 14.9132421279618 -232.61934937961607 143.1 232.53493645245842 16.04129605827277 94.689255 174.40858 -999.0 -999.0 -999.0 -999.0 -999.0 268.29819849983323 -19.54353980781835 268.354106964086 -19.551802751647116 75.0358222915056 53.61639497205874 -999.0 16600.0 -999.0 2 -999 {-999.0 -999.0 -999.0 -999.0 -999.0} "" -999.0 -999.0 -999.0 -999.0 -999 -999 "" "" "" "" 0 0 0.0 0.0 -999 ""
FIBERMAP 1110 R-12C9 BOSS 1 1 0 1 0 0 14.903804440753959 -231.87734094346357 143.1 231.79301223164677 16.028258134042837 94.689255 174.40858 268.2958964422307 -19.543533905659157 5.370261 -2.6015205 2.0791223 268.2959129701512 -19.543541451012118 268.3517765227815 -19.551848378533485 75.03749323127245 53.610873127051946 5400.0 5400.0 2016.0 1 367 {-999.0 17.150106 15.6456785 15.198554 -999.0} sdss_psfmag_ps1 16.39058 15.59613 14.712943 12.87 63050395478442022 1124191322 bright_1x1 openfibertargets_mwm_snc_further_ext_boss open_fiber science 0 0 0.0 0.0 -999 ""
FIBERMAP 1110 R-12C9 METROLOGY 0 0 0 1 0 0 15.562031497116608 -232.24709869624826 143.1 232.15955667844617 16.68824542499049 94.689255 174.40858 -999.0 -999.0 -999.0 -999.0 -999.0 268.2971045535562 -19.541550093535598 268.35297482158023 -19.5498436479274 75.03531694221982 53.60798054619272 -999.0 6231.0 -999.0 -1 -999 {-999.0 -999.0 -999.0 -999.0 -999.0} "" -999.0 -999.0 -999.0 -999.0 -999 -999 "" "" "" "" 0 0 0.0 0.0 -999 ""
FIBERMAP 1117 R-12C14 APOGEE 1 1 0 1 0 0 150.26509087373915 -234.55747388225677 143.1 233.81614210057728 151.39554208162482 13.931121 95.10872 268.3006065659176 -19.134366511616737 -3.3615782 -7.3643565 0.2728613 268.3005962459677 -19.13438787092305 268.3553068580821 -19.142740768315267 74.76008448293402 52.456573424571275 16000.0 16600.0 2016.0 2 233 {-999.0 16.889334 14.77387 13.70071 -999.0} sdss_psfmag_from_g3xp 15.838705 14.353513 13.177712 10.064 63050395478995780 1148276018 bright_12x1 mwm_bin_rv_short_rgb_apogee_12epoch mwm_bin science 0 0 0.0 0.0 -999 ""
FIBERMAP 1117 R-12C14 BOSS 0 0 0 1 0 0 150.54449310311145 -235.2335463502218 143.1 234.49082371688414 151.6782106048553 13.931121 95.10872 -999.0 -999.0 -999.0 -999.0 -999.0 268.30276488551067 -19.13351160033482 268.35742712419915 -19.14189877719218 74.75804245548706 52.45939766383094 -999.0 5400.0 -999.0 1 342 {-999.0 -999.0 -999.0 -999.0 -999.0} "" -999.0 -999.0 -999.0 -999.0 -999 -999 "" "" "" "" 0 0 0.0 0.0 -999 ""
FIBERMAP 1117 R-12C14 METROLOGY 0 0 0 1 0 0 149.7968935468761 -235.1338826857035 143.1 234.39479306997265 150.93016612005712 13.931121 95.10872 -999.0 -999.0 -999.0 -999.0 -999.0 268.30251019139945 -19.135747038611616 268.35719186940764 -19.14412309631408 74.75971620139734 52.46503420455076 -999.0 6231.0 -999.0 -1 -999 {-999.0 -999.0 -999.0 -999.0 -999.0} "" -999.0 -999.0 -999.0 -999.0 -999 -999 "" "" "" "" 0 0 0.0 0.0 -999 ""
FIBERMAP 1119 R-13C14 APOGEE 0 0 0 1 0 0 148.81092043868136 -239.6740014207683 143.1 238.9394613483265 149.96627578026659 75.87012 117.84502 -999.0 -999.0 -999.0 -999.0 -999.0 268.31690944170373 -19.138736697065774 268.37162970035195 -19.14704631100162 74.75168583389895 52.508412159519764 -999.0 16600.0 -999.0 2 -999 {-999.0 -999.0 -999.0 -999.0 -999.0} "" -999.0 -999.0 -999.0 -999.0 -999 -999 "" "" "" "" 0 0 0.0 0.0 -999 ""
FIBERMAP 1119 R-13C14 BOSS 1 1 0 1 0 0 149.5437678407154 -239.49631006359246 143.1 238.7582229209427 150.69822296092215 75.87012 117.84502 268.31634521484375 -19.136501002511295 -999.0 -999.0 -999.0 268.31634521484375 -19.136501002511295 268.3710136032661 -19.14485228447536 74.75062427224614 52.500783656046124 5400.0 5400.0 2015.5 1 343 {-999.0 -999.0 -999.0 -999.0 -999.0} "" -999.0 -999.0 -999.0 -999.0 27021603148180191 852693665 "" ops_sky_boss_fallback ops_sky sky_boss 0 0 0.0 0.0 -999 ""
FIBERMAP 1119 R-13C14 METROLOGY 0 0 0 1 0 0 149.33066175664845 -240.21193002122928 143.1 239.4748399620518 150.48860058132388 75.87012 117.84502 -999.0 -999.0 -999.0 -999.0 -999.0 268.31866317867593 -19.137120244841743 268.3733458161049 -19.14545412949796 74.74941460118157 52.508148914179685 -999.0 6231.0 -999.0 -1 -999 {-999.0 -999.0 -999.0 -999.0 -999.0} "" -999.0 -999.0 -999.0 -999.0 -999 -999 "" "" "" "" 0 0 0.0 0.0 -999 ""
FIBERMAP 1120 R-8C16 APOGEE 0 0 0 1 0 0 131.75191960834286 -136.51384143435004 143.1 135.86742423895765 132.4075554646738 140.34048 65.74413 -999.0 -999.0 -999.0 -999.0 -999.0 267.9882008928171 -19.191017255722475 268.0431340255168 -19.20016624302761 75.01483087712494 51.845928310705006 -999.0 16600.0 -999.0 2 -999 {-999.0 -999.0 -999.0 -999.0 -999.0} "" -999.0 -999.0 -999.0 -999.0 -999 -999 "" "" "" "" 0 0 0.0 0.0 -999 ""
FIBERMAP 1120 R-8C16 BOSS 1 1 0 1 0 0 132.43359955734192 -136.15377294586577 143.1 135.50406642180994 133.08745282456408 140.34048 65.74413 267.9871244914646 -19.18886436633492 -0.4553783 -4.352832 -0.14746222 267.9871230930041 -19.188876991127 268.0420059140242 -19.198068625150945 75.01416874246398 51.83719751330461 5400.0 5400.0 2016.0 1 293 {-999.0 16.92475 15.605744 15.042256 -999.0} sdss_psfmag_ps1 16.251406 15.591279 14.440398 12.445 63050395478796128 1093367278 bright_3x1 mwm_astar_core_boss mwm_ob science 0 0 0.0 0.0 -999 ""
FIBERMAP 1120 R-8C16 METROLOGY 0 0 0 1 0 0 132.38547827720936 -136.9114613909672 143.1 136.26194915469335 133.04301085154037 140.34048 65.74413 -999.0 -999.0 -999.0 -999.0 -999.0 267.9895564562412 -19.189010730590354 268.04445176395586 -19.19818487694697 75.01256666115198 51.84364771711938 -999.0 6231.0 -999.0 -1 -999 {-999.0 -999.0 -999.0 -999.0 -999.0} "" -999.0 -999.0 -999.0 -999.0 -999 -999 "" "" "" "" 0 0 0.0 0.0 -999 ""
FIBERMAP 1122 R-6C16 APOGEE 0 0 0 1 0 0 119.61543878333217 -103.60577398586494 143.1 103.01995499292227 120.11201085276534 74.15773 102.65319 -999.0 -999.0 -999.0 -999.0 -999.0 267.8829706168486 -19.22799581483732 267.9380306183342 -19.23740877623554 75.11258131473504 51.6868273477736 -999.0 16600.0 -999.0 2 -999 {-999.0 -999.0 -999.0 -999.0 -999.0} "" -999.0 -999.0 -999.0 -999.0 -999 -999 "" "" "" "" 0 0 0.0 0.0 -999 ""
FIBERMAP 1122 R-6C16 BOSS 1 1 0 1 0 0 120.36742199535576 -103.65885345266369 143.1 103.06938258154412 120.86421270842561 74.15773 102.65319 267.8832253420112 -19.22563616671759 -2.6084511 2.3674989 0.6698803 267.88321732970314 -19.22562930011146 267.9382265198148 -19.23508133475273 75.11084804090432 51.68073913855878 5400.0 5400.0 2016.0 1 291 {-999.0 16.421972 14.568534 13.667768 -999.0} sdss_psfmag_from_g3xp 15.553102 14.290425 13.187541 10.479 63050395478772548 934394296 bright_1x1 openfibertargets_nov2020_34a open_fiber science 0 0 0.0 0.0 -999 ""
FIBERMAP 1122 R-6C16 METROLOGY 0 0 0 1 0 0 119.95364116332883 -104.27294515352784 143.1 103.68545043177926 120.45343328714021 74.15773 102.65319 -999.0 -999.0 -999.0 -999.0 -999.0 267.88519474314137 -19.226874701201538 267.94021962124066 -19.236310230209455 75.11032469910491 51.68924558635689 -999.0 6231.0 -999.0 -1 -999 {-999.0 -999.0 -999.0 -999.0 -999.0} "" -999.0 -999.0 -999.0 -999.0 -999 -999 "" "" "" "" 0 0 0.0 0.0 -999 ""
FIBERMAP 1123 R-1C3 APOGEE 1 1 0 1 0 0 -252.16031480077447 -29.676703628548072 143.1 30.898819134988187 -252.0032478667737 259.70114 58.557972 267.6484754404558 -20.35441684188834 1.5052564 -1.07531 0.55711514 267.6484800970054 -20.35441996067751 267.70689556109807 -20.364177593852013 76.02845481191066 54.46317830588798 16000.0 16600.0 2016.0 2 248 {-999.0 16.850525 14.8219 13.824047 -999.0} sdss_psfmag_from_g3xp 15.853176 14.500081 13.316889 10.448 63050395475655567 1069500771 bright_18x1 mwm_bin_rv_short_subgiant_apogee mwm_bin science 0 0 0.0 0.0 -999 ""
FIBERMAP 1123 R-1C3 BOSS 0 0 0 1 0 0 -252.7588819057624 -29.17652793262411 143.1 30.40157398706414 -252.60421117109578 259.70114 58.557972 -999.0 -999.0 -999.0 -999.0 -999.0 267.6469145743284 -20.35620086728895 267.7052923664778 -20.365996882575015 76.03078006365324 54.464845387060336 -999.0 5400.0 -999.0 1 511 {-999.0 -999.0 -999.0 -999.0 -999.0} "" -999.0 -999.0 -999.0 -999.0 -999 -999 "" "" "" "" 0 0 0.0 0.0 -999 ""
FIBERMAP 1123 R-1C3 METROLOGY 0 0 0 1 0 0 -252.03793041255759 -28.934340228496445 143.1 30.155900278989108 -251.88447226316052 259.70114 58.557972 -999.0 -999.0 -999.0 -999.0 -999.0 267.6461224287079 -20.354094029772675 267.70450635617385 -20.363882752884116 76.02996294347865 54.45621089674137 -999.0 6231.0 -999.0 -1 -999 {-999.0 -999.0 -999.0 -999.0 -999.0} "" -999.0 -999.0 -999.0 -999.0 -999 -999 "" "" "" "" 0 0 0.0 0.0 -999 ""
FIBERMAP 1124 R-4C19 APOGEE 1 1 0 1 0 0 171.89353296197103 -70.99099619976289 143.1 70.15317723794844 172.2291294342687 48.104305 90.40895 267.7775297812411 -19.07011052357132 -2.3127017 -3.3308575 0.19593093 267.77752268407005 -19.070120184266827 267.83214053663875 -19.079843357295076 75.07599344319001 50.97534975852525 16000.0 16600.0 2016.0 2 215 {-999.0 17.433167 15.100296 20.198935 -999.0} sdss_psfmag_ps1 16.165422 14.528498 13.3132305 10.083 63050395478849398 1149086411 bright_12x1 mwm_bin_rv_short_rgb_apogee_12epoch mwm_bin science 0 0 0.0 0.0 -999 ""
FIBERMAP 1124 R-4C19 BOSS 0 0 0 1 0 0 172.4545505852464 -71.47002957773864 143.1 70.62946337798736 172.79244260419992 48.104305 90.40895 -999.0 -999.0 -999.0 -999.0 -999.0 267.77911719786107 -19.068327231559547 267.83368605019575 -19.07808643893526 75.07372212891867 50.974388484091435 -999.0 5400.0 -999.0 1 307 {-999.0 -999.0 -999.0 -999.0 -999.0} "" -999.0 -999.0 -999.0 -999.0 -999 -999 "" "" "" "" 0 0 0.0 0.0 -999 ""
FIBERMAP 1124 R-4C19 METROLOGY 0 0 0 1 0 0 171.7601229049045 -71.72364623150247 143.1 70.88643673252848 172.09928159683946 48.104305 90.40895 -999.0 -999.0 -999.0 -999.0 -999.0 267.77993865025024 -19.07041140070376 267.8345257552578 -19.080156723557366 75.07459075577952 50.98230844797439 -999.0 6231.0 -999.0 -1 -999 {-999.0 -999.0 -999.0 -999.0 -999.0} "" -999.0 -999.0 -999.0 -999.0 -999 -999 "" "" "" "" 0 0 0.0 0.0 -999 ""
FIBERMAP 1128 R+2C19 APOGEE 1 1 0 1 0 0 120.90422567818874 44.863674711559405 143.1 -45.44806079713806 120.68025706538722 168.00752 103.6478 267.40605030343403 -19.225076391233294 -2.182868 -7.0983043 0.19292329 267.4060435983998 -19.2250969788917 267.4611779250983 -19.23574627560781 75.4358331156236 50.45383284690647 16000.0 16600.0 2016.0 2 72 {-999.0 16.91322 14.594026 12.706273 -999.0} sdss_psfmag_from_g3xp 15.734714 13.39826 12.021326 8.299 63050395482709964 1147479629 bright_12x1 mwm_bin_rv_short_rgb_apogee_12epoch mwm_bin science 0 0 0.0 0.0 -999 ""
FIBERMAP 1128 R+2C19 BOSS 0 0 0 1 0 0 120.8686024850425 45.60404129082313 143.1 -46.18821617632234 120.64104295836493 168.00752 103.6478 -999.0 -999.0 -999.0 -999.0 -999.0 267.40368349059787 -19.22511040115352 267.45877610963555 -19.235804810941396 75.43749362179767 50.44768631065506 -999.0 5400.0 -999.0 1 229 {-999.0 -999.0 -999.0 -999.0 -999.0} "" -999.0 -999.0 -999.0 -999.0 -999 -999 "" "" "" "" 0 0 0.0 0.0 -999 ""
FIBERMAP 1128 R+2C19 METROLOGY 0 0 0 1 0 0 121.5260072480283 45.26467697299565 143.1 -45.852059600544756 121.30006050905321 168.00752 103.6478 -999.0 -999.0 -999.0 -999.0 -999.0 267.40475563229296 -19.2231152780895 267.4598541813165 -19.23379633052676 75.43536073922478 50.4448160539074 -999.0 6231.0 -999.0 -1 -999 {-999.0 -999.0 -999.0 -999.0 -999.0} "" -999.0 -999.0 -999.0 -999.0 -999 -999 "" "" "" "" 0 0 0.0 0.0 -999 ""
FIBERMAP 1133 R0C15 APOGEE 1 1 0 1 0 0 11.576645654493015 1.127841867781927 143.1 -1.1839611709279887 11.570573226528701 155.12794 134.98772 267.54730224609375 -19.55655447829531 -999.0 -999.0 -999.0 267.54730224609375 -19.556554478295315 267.6033827256827 -19.566760354509025 75.56816779127229 51.778981831635534 16000.0 16600.0 2015.5 2 110 {-999.0 -999.0 -999.0 -999.0 -999.0} "" -999.0 -999.0 -999.0 -999.0 27021603148178938 848964494 "" ops_sky_apogee_good ops_sky sky_apogee 0 0 0.0 0.0 -999 ""
FIBERMAP 1133 R0C15 BOSS 0 0 0 1 0 0 11.330683724872049 1.8343992407275618 143.1 -1.8892883887672753 11.321195338354983 155.12794 134.98772 -999.0 -999.0 -999.0 -999.0 -999.0 267.54506815551673 -19.557260858471032 267.6011083907621 -19.567510125739297 75.57024340834809 51.77529021550356 -999.0 5400.0 -999.0 1 188 {-999.0 -999.0 -999.0 -999.0 -999.0} "" -999.0 -999.0 -999.0 -999.0 -999 -999 "" "" "" "" 0 0 0.0 0.0 -999 ""
FIBERMAP 1133 R0C15 METROLOGY 0 0 0 1 0 0 12.082952190519775 1.6762403867319247 143.1 -1.7347882376523733 12.074192348967072 155.12794 134.98772 -999.0 -999.0 -999.0 -999.0 -999.0 267.54556075739475 -19.554984400341688 267.6016063301521 -19.565222226314745 75.56833539387476 51.769885574950194 -999.0 6231.0 -999.0 -1 -999 {-999.0 -999.0 -999.0 -999.0 -999.0} "" -999.0 -999.0 -999.0 -999.0 -999 -999 "" "" "" "" 0 0 0.0 0.0 -999 ""
FIBERMAP 1134 R-4C17 APOGEE 1 1 0 1 0 0 103.3640442264448 -75.2786452275471 143.1 74.77315559828496 103.72399536352381 121.34401 151.9479 267.792299751787 -19.277436131139364 -1.1568911 -2.1164544 0.2390606 267.7922961970737 -19.277442269625094 267.84751679056143 -19.287078577181745 75.2087863918866 51.598405857586336 16000.0 16600.0 2016.0 2 210 {-999.0 17.003416 14.746605 13.579191 -999.0} sdss_psfmag_from_g3xp 15.844985 14.238227 13.028443 9.754 63050395478764394 1148040597 bright_12x1 mwm_bin_rv_short_rgb_apogee_12epoch mwm_bin science 0 0 0.0 0.0 -999 ""
FIBERMAP 1134 R-4C17 BOSS 0 0 0 1 0 0 103.32163566052022 -74.53896803800932 143.1 74.03372250034127 103.67799958041844 121.34401 151.9479 -999.0 -999.0 -999.0 -999.0 -999.0 267.79000370011784 -19.277485990134995 267.8451812649016 -19.28716716816202 75.21044781421723 51.592719689579894 -999.0 5400.0 -999.0 1 297 {-999.0 -999.0 -999.0 -999.0 -999.0} "" -999.0 -999.0 -999.0 -999.0 -999 -999 "" "" "" "" 0 0 0.0 0.0 -999 ""
FIBERMAP 1134 R-4C17 METROLOGY 0 0 0 1 0 0 103.98735660564451 -74.87167875001754 143.1 74.3631854590608 104.34530059489138 121.34401 151.9479 -999.0 -999.0 -999.0 -999.0 -999.0 267.79105902222847 -19.275465951157916 267.84624283445976 -19.285133839763713 75.20832204045465 51.589636552136255 -999.0 6231.0 -999.0 -1 -999 {-999.0 -999.0 -999.0 -999.0 -999.0} "" -999.0 -999.0 -999.0 -999.0 -999 -999 "" "" "" "" 0 0 0.0 0.0 -999 ""
FIBERMAP 1138 R+7C7 APOGEE 1 1 0 1 0 0 -90.7766084523735 150.68643893872616 143.1 -150.23812782119103 -91.50314080296116 175.3095 63.49431 267.065931061106 -19.867191498482782 -8.850494 -6.370055 0.20904656 267.06590376699006 -19.867209973952626 267.1229771071336 -19.878591052928932 76.11118781007328 51.440034829035916 16000.0 16600.0 2016.0 2 44 {-999.0 15.685372 13.663232 12.598786 -999.0} sdss_psfmag_from_g3xp 14.702571 13.247971 12.082224 8.956 63050395477143593 1147641151 bright_12x1 mwm_bin_rv_short_rgb_apogee_12epoch mwm_bin science 0 0 0.0 0.0 -999 ""
FIBERMAP 1138 R+7C7 BOSS 0 0 0 1 0 0 -90.37702964659955 151.30637051877434 143.1 -150.8599663304366 -91.10659101165683 175.3095 63.49431 -999.0 -999.0 -999.0 -999.0 -999.0 267.06389300319915 -19.865991528329815 267.1209220784831 -19.87741451175708 76.11178521704348 51.430943357687454 -999.0 5400.0 -999.0 1 78 {-999.0 -999.0 -999.0 -999.0 -999.0} "" -999.0 -999.0 -999.0 -999.0 -999 -999 "" "" "" "" 0 0 0.0 0.0 -999 ""
FIBERMAP 1138 R+7C7 METROLOGY 0 0 0 1 0 0 -90.03309590297022 150.66318705904385 143.1 -150.21848516999805 -90.75955391493562 175.3095 63.49431 -999.0 -999.0 -999.0 -999.0 -999.0 267.0659276300787 -19.86497626366527 267.1229650007384 -19.87638389596329 76.10968079475397 51.43331697111745 -999.0 6231.0 -999.0 -1 -999 {-999.0 -999.0 -999.0 -999.0 -999.0} "" -999.0 -999.0 -999.0 -999.0 -999 -999 "" "" "" "" 0 0 0.0 0.0 -999 ""
FIBERMAP 1139 R-5C16 APOGEE 1 1 0 1 0 0 95.07840648522593 -113.95971661096306 143.1 113.49243178390583 95.62649327047346 285.72015 77.905106 267.91661399843855 -19.30220832430712 2.2960587 -5.7662396 0.11565433 267.91662105447506 -19.302225048494655 267.97189205638466 -19.311533414557672 75.14008881415782 51.982482182619634 16000.0 16600.0 2016.0 2 206 {-999.0 18.370844 15.88544 14.367134 -999.0} sdss_psfmag_ps1 17.030907 14.908049 13.57023 9.883 63050395478753232 1153804565 bright_1x1 mwm_galactic_core_dist_apogee_sparse mwm_galactic science 0 0 0.0 0.0 -999 ""
FIBERMAP 1139 R-5C16 BOSS 0 0 0 1 0 0 94.33435730031142 -114.03045013580545 143.1 113.56677227528277 94.88282585532708 285.72015 77.905106 -999.0 -999.0 -999.0 -999.0 -999.0 267.91695896452416 -19.3043977520567 267.97219223900026 -19.313743614677517 75.14139242562955 51.98952914496556 -999.0 5400.0 -999.0 1 290 {-999.0 -999.0 -999.0 -999.0 -999.0} "" -999.0 -999.0 -999.0 -999.0 -999 -999 "" "" "" "" 0 0 0.0 0.0 -999 ""
FIBERMAP 1139 R-5C16 METROLOGY 0 0 0 1 0 0 94.6958450164137 -113.32944386371179 143.1 112.8640481152868 95.24089310000022 285.72015 77.905106 -999.0 -999.0 -999.0 -999.0 -999.0 267.91470391150875 -19.303308720293007 267.96994688312884 -19.3126496657718 75.14219179308917 51.98076741827293 -999.0 6231.0 -999.0 -1 -999 {-999.0 -999.0 -999.0 -999.0 -999.0} "" -999.0 -999.0 -999.0 -999.0 -999 -999 "" "" "" "" 0 0 0.0 0.0 -999 ""
FIBERMAP 1141 R+13C2 APOGEE 1 1 0 1 0 0 -105.16852722753863 246.50438715703487 143.1 -245.9812757856908 -106.3592877847439 23.632017 68.190636 266.75886196731085 -19.9095837379345 -7.037931 -3.366015 0.13234983 266.7588402571658 -19.909593500598167 266.8160869689746 -19.92176048605858 76.34980528544237 50.73453482522197 16000.0 16600.0 2016.0 2 60 {-999.0 16.862452 14.78203 13.649718 -999.0} sdss_psfmag_from_g3xp 15.832929 14.3187895 13.130258 10.067 63050395477016925 1148278539 bright_12x1 mwm_bin_rv_short_rgb_apogee_12epoch mwm_bin science 0 0 0.0 0.0 -999 ""
FIBERMAP 1141 R+13C2 BOSS 0 0 0 1 0 0 -105.30450786934986 245.7754640008206 143.1 -245.25173049946608 -106.49172415914147 23.632017 68.190636 -999.0 -999.0 -999.0 -999.0 -999.0 266.76121089350397 -19.9099794437868 266.8184184668057 -19.922176333401335 76.3485151788868 50.74224760597127 -999.0 5400.0 -999.0 1 100 {-999.0 -999.0 -999.0 -999.0 -999.0} "" -999.0 -999.0 -999.0 -999.0 -999 -999 "" "" "" "" 0 0 0.0 0.0 -999 ""
FIBERMAP 1141 R+13C2 METROLOGY 0 0 0 1 0 0 -105.88210265581557 246.25647599359638 143.1 -245.7299147082803 -107.07162323555845 23.632017 68.190636 -999.0 -999.0 -999.0 -999.0 -999.0 266.75961549183876 -19.911745584368106 266.81683982498043 -19.923935953567366 76.35080482770448 50.74325488380583 -999.0 6231.0 -999.0 -1 -999 {-999.0 -999.0 -999.0 -999.0 -999.0} "" -999.0 -999.0 -999.0 -999.0 -999 -999 "" "" "" "" 0 0 0.0 0.0 -999 ""
FIBERMAP 1146 R-1C11 APOGEE 1 1 0 1 0 0 -70.13646650442988 -25.786608016552883 143.1 26.125622386076913 -70.00770118175613 221.91103 98.67682 267.63470482858264 -19.804456805540198 -1.5656469 -2.4873345 0.22024724 267.6347000021777 -19.80446401971287 267.6914938160946 -19.81438552708201 75.67528708956114 52.738121821743334 16000.0 16600.0 2016.0 2 247 {-999.0 16.992916 14.782335 13.5138855 -999.0} sdss_psfmag_from_g3xp 15.870477 14.193868 12.964335 9.768 63050395478340524 1148050369 bright_12x1 mwm_bin_rv_short_rgb_apogee_12epoch mwm_bin science 0 0 0.0 0.0 -999 ""
FIBERMAP 1146 R-1C11 BOSS 0 0 0 1 0 0 -70.71616034101996 -25.337725857677345 143.1 25.679576533656 -70.58954328398362 221.91103 98.67682 -999.0 -999.0 -999.0 -999.0 -999.0 267.6333154791778 -19.80623250616735 267.6900716695353 -19.816194032195288 75.67749371390308 52.7398910562963 -999.0 5400.0 -999.0 1 508 {-999.0 -999.0 -999.0 -999.0 -999.0} "" -999.0 -999.0 -999.0 -999.0 -999 -999 "" "" "" "" 0 0 0.0 0.0 -999 ""
FIBERMAP 1146 R-1C11 METROLOGY 0 0 0 1 0 0 -70.04303340597475 -25.048311246074785 143.1 25.38691044029747 -69.91785563492748 221.91103 98.67682 -999.0 -999.0 -999.0 -999.0 -999.0 267.6323664846546 -19.804208776175347 267.68912908784955 -19.81416279959531 75.67678295311394 52.73140508650158 -999.0 6231.0 -999.0 -1 -999 {-999.0 -999.0 -999.0 -999.0 -999.0} "" -999.0 -999.0 -999.0 -999.0 -999 -999 "" "" "" "" 0 0 0.0 0.0 -999 ""
FIBERMAP 1147 R+8C8 APOGEE 0 0 0 1 0 0 -35.161874307380245 163.15966329020412 143.1 -162.98058659452866 -35.95181459962267 35.142273 121.02838 -999.0 -999.0 -999.0 -999.0 -999.0 267.025781869217 -19.698599234213997 267.08236586294936 -19.710123461519633 76.02256273487265 50.82421926708571 -999.0 16600.0 -999.0 2 -999 {-999.0 -999.0 -999.0 -999.0 -999.0} "" -999.0 -999.0 -999.0 -999.0 -999 -999 "" "" "" "" 0 0 0.0 0.0 -999 ""
FIBERMAP 1147 R+8C8 BOSS 1 1 0 1 0 0 -34.466108725808425 162.86941607313625 143.1 -162.69373072906274 -35.25467656578903 35.142273 121.02838 267.0267167474665 -19.696453649911202 -9.787675 -5.004731 12.235292 267.02668659550574 -19.696468165445438 267.0832238251219 -19.70802737616573 76.020526665749 50.82029108086445 5400.0 5400.0 2016.0 1 137 {-999.0 22.480574 21.149523 19.867893 -999.0} sdss_psfmag_ps1 21.195986 20.298687 19.445028 -999.0 63050395477185857 1132439441 dark_2x1 mwm_snc_100pc_boss mwm_snc science 0 0 0.0 0.0 -999 ""
FIBERMAP 1147 R+8C8 METROLOGY 0 0 0 1 0 0 -35.072822240664266 162.41698708470827 143.1 -162.23838098164217 -35.859163177433054 35.142273 121.02838 -999.0 -999.0 -999.0 -999.0 -999.0 267.02810707197904 -19.69832441829025 267.08466061859315 -19.70986922768118 76.02083063760337 50.829666616616805 -999.0 6231.0 -999.0 -1 -999 {-999.0 -999.0 -999.0 -999.0 -999.0} "" -999.0 -999.0 -999.0 -999.0 -999 -999 "" "" "" "" 0 0 0.0 0.0 -999 ""
FIBERMAP 1154 R+2C15 APOGEE 1 1 0 1 0 0 53.20897445675742 54.789482127554834 143.1 -55.04485126556924 52.94034403406008 97.760445 75.73525 267.374267578125 -19.430424687825052 -999.0 -999.0 -999.0 267.374267578125 -19.430424687825052 267.4300077498488 -19.441108377394436 75.60002909813588 50.960887281473234 16000.0 16600.0 2015.5 2 120 {-999.0 -999.0 -999.0 -999.0 -999.0} "" -999.0 -999.0 -999.0 -999.0 27021603148179175 848966231 "" ops_sky_apogee_good ops_sky sky_apogee 0 0 0.0 0.0 -999 ""
FIBERMAP 1154 R+2C15 BOSS 0 0 0 1 0 0 53.957030099554544 54.7455258914943 143.1 -55.00452737611616 53.68857425177079 97.760445 75.73525 -999.0 -999.0 -999.0 -999.0 -999.0 267.37441474597586 -19.428083794494153 267.4301059787433 -19.438805852601167 75.59836510215119 50.954477434200044 -999.0 5400.0 -999.0 1 206 {-999.0 -999.0 -999.0 -999.0 -999.0} "" -999.0 -999.0 -999.0 -999.0 -999 -999 "" "" "" "" 0 0 0.0 0.0 -999 ""
FIBERMAP 1154 R+2C15 METROLOGY 0 0 0 1 0 0 53.541250931103804 54.12685345645409 143.1 -54.38386933159455 53.27581882633838 97.760445 75.73525 -999.0 -999.0 -999.0 -999.0 -999.0 267.37639000198203 -19.429349234450754 267.43209652192934 -19.44005504972646 75.59787967523694 50.963330195732965 -999.0 6231.0 -999.0 -1 -999 {-999.0 -999.0 -999.0 -999.0 -999.0} "" -999.0 -999.0 -999.0 -999.0 -999 -999 "" "" "" "" 0 0 0.0 0.0 -999 ""
FIBERMAP 1157 R+10C1 APOGEE 1 1 0 1 0 0 -189.93450781207557 185.71313967361993 143.1 -184.7818340151555 -190.82587947431847 220.26187 113.93888 266.95394760374893 -20.166340806430426 -4.8075857 -3.5230775 0.095632315 266.9539327493673 -20.166351024633123 267.0119062109854 -20.1779529099824 76.39175969850155 52.06113439019013 16000.0 16600.0 2016.0 2 46 {-999.0 17.66436 16.011103 14.097283 -999.0} sdss_psfmag_ps1 16.726837 14.555934 13.207158 9.638 63050395476875804 1153797330 bright_1x1 mwm_galactic_core_dist_apogee_sparse mwm_galactic science 0 0 0.0 0.0 -999 ""
FIBERMAP 1157 R+10C1 BOSS 0 0 0 1 0 0 -190.59450536071358 186.03664151803642 143.1 -185.10211635685235 -191.48741270099276 220.26187 113.93888 -999.0 -999.0 -999.0 -999.0 -999.0 266.95294217461947 -20.168297085885982 267.0108809027049 -20.179936295678484 76.39381215515989 52.06455443209455 -999.0 5400.0 -999.0 1 81 {-999.0 -999.0 -999.0 -999.0 -999.0} "" -999.0 -999.0 -999.0 -999.0 -999 -999 "" "" "" "" 0 0 0.0 0.0 -999 ""
FIBERMAP 1157 R+10C1 METROLOGY 0 0 0 1 0 0 -190.00642716589397 186.45828167441982 143.1 -185.5265884351646 -190.90141103635554 220.26187 113.93888 -999.0 -999.0 -999.0 -999.0 -999.0 266.9515350846218 -20.166564659891723 267.0094804362799 -20.17819794553403 76.39359885200588 52.05533468012226 -999.0 6231.0 -999.0 -1 -999 {-999.0 -999.0 -999.0 -999.0 -999.0} "" -999.0 -999.0 -999.0 -999.0 -999 -999 "" "" "" "" 0 0 0.0 0.0 -999 ""
FIBERMAP 1160 R-9C13 APOGEE 1 1 0 1 0 0 86.97496733221128 -171.8884587268945 143.1 171.45749800787732 87.80458301949197 334.36908 152.33675 268.1024537765196 -19.326190892900375 -5.174731 -3.7228372 0.05506948 268.1024378716799 -19.3262016904787 268.15774551367764 -19.335022950297194 75.0275701462316 52.51304243589533 16000.0 16600.0 2016.0 2 185 {-999.0 17.40007 15.146281 16.89876 -999.0} sdss_psfmag_ps1 16.21896 14.365349 13.088048 9.595 63050395478537891 1153804062 bright_1x1 mwm_galactic_core_dist_apogee_sparse mwm_galactic science 0 0 0.0 0.0 -999 ""
FIBERMAP 1160 R-9C13 BOSS 0 0 0 1 0 0 87.33793829434029 -172.5644069363175 143.1 172.13164984019022 88.17081534574122 334.36908 152.33675 -999.0 -999.0 -999.0 -999.0 -999.0 268.1046924254117 -19.32503022131234 268.1599515231105 -19.33388478531356 75.02526809871553 52.51526254452165 -999.0 5400.0 -999.0 1 379 {-999.0 -999.0 -999.0 -999.0 -999.0} "" -999.0 -999.0 -999.0 -999.0 -999 -999 "" "" "" "" 0 0 0.0 0.0 -999 ""
FIBERMAP 1160 R-9C13 METROLOGY 0 0 0 1 0 0 86.57522132818043 -172.51296703636885 143.1 172.08391382094874 87.40788824796705 334.36908 152.33675 -999.0 -999.0 -999.0 -999.0 -999.0 268.1045575473064 -19.327339134925648 268.1598360936656 -19.336182484609207 75.02690513565365 52.521516844636494 -999.0 6231.0 -999.0 -1 -999 {-999.0 -999.0 -999.0 -999.0 -999.0} "" -999.0 -999.0 -999.0 -999.0 -999 -999 "" "" "" "" 0 0 0.0 0.0 -999 ""
FIBERMAP 1161 R-13C7 APOGEE 1 1 0 1 0 0 3.502802941330067 -247.75882153966853 143.1 247.72899592082445 4.704914579844714 34.086998 99.91877 268.3467560701344 -19.577779459259002 -2.5711234 -2.0040276 0.41881162 268.34674815537085 -19.577785271666194 268.40274811695406 -19.585914343890472 75.02416221980847 53.832915609336524 16000.0 16600.0 2016.0 2 264 {-999.0 16.515276 14.548534 13.606825 -999.0} sdss_psfmag_from_g3xp 15.569761 14.233745 13.107935 10.244 63050395478427938 1148435845 bright_12x1 mwm_bin_rv_short_rgb_apogee_12epoch mwm_bin science 0 0 0.0 0.0 -999 ""
FIBERMAP 1161 R-13C7 BOSS 0 0 0 1 0 0 4.011147703742633 -248.32948413108556 143.1 248.29716213448924 5.216002262815234 34.086998 99.91877 -999.0 -999.0 -999.0 -999.0 -999.0 268.3486228264933 -19.5761973087929 268.4045721267199 -19.584359896985916 75.02184516023347 53.832811921154644 -999.0 5400.0 -999.0 1 358 {-999.0 -999.0 -999.0 -999.0 -999.0} "" -999.0 -999.0 -999.0 -999.0 -999 -999 "" "" "" "" 0 0 0.0 0.0 -999 ""
FIBERMAP 1161 R-13C7 METROLOGY 0 0 0 1 0 0 3.2890816890541856 -248.48169255952305 143.1 248.45286663394046 4.494712250934736 34.086998 99.91877 -999.0 -999.0 -999.0 -999.0 -999.0 268.3491567851055 -19.578389104290704 268.40512534933396 -19.586539020936016 75.02289751625703 53.840465781472346 -999.0 6231.0 -999.0 -1 -999 {-999.0 -999.0 -999.0 -999.0 -999.0} "" -999.0 -999.0 -999.0 -999.0 -999 -999 "" "" "" "" 0 0 0.0 0.0 -999 ""
FIBERMAP 1164 R+8C9 APOGEE 0 0 0 1 0 0 -34.43241863688877 151.4657055054509 143.1 -151.29077407287875 -35.16564972201181 193.21799 121.76856 -999.0 -999.0 -999.0 -999.0 -999.0 267.06333766305374 -19.696441157294547 267.1199092620815 -19.707868569599718 75.99553106307195 50.91886231744934 -999.0 16600.0 -999.0 2 -999 {-999.0 -999.0 -999.0 -999.0 -999.0} "" -999.0 -999.0 -999.0 -999.0 -999 -999 "" "" "" "" 0 0 0.0 0.0 -999 ""
FIBERMAP 1164 R+8C9 BOSS 1 1 0 1 0 0 -34.96486378658757 151.9740913266324 143.1 -151.79654978933064 -35.700534335561684 193.21799 121.76856 267.0616699570821 -19.698007474290815 2.0349953 -8.299614 4.1021147 267.0616762261601 -19.6980315461833 267.11821196450165 -19.709499875121757 75.99781350946347 50.91914813499974 5400.0 5400.0 2016.0 1 128 {-999.0 19.723026 18.047253 16.982668 -999.0} sdss_psfmag_ps1 18.688402 17.80712 16.238586 13.749 63050395477185955 942852153 bright_1x1 openfibertargets_nov2020_34b open_fiber science 0 0 0.0 0.0 -999 ""
FIBERMAP 1164 R+8C9 METROLOGY 0 0 0 1 0 0 -34.245889055070975 152.19007069781105 143.1 -152.01600692880533 -34.98264490645082 193.21799 121.76856 -999.0 -999.0 -999.0 -999.0 -999.0 267.0609529862547 -19.69586443649484 267.11749392564593 -19.70732472050023 75.99679370925229 50.91073078724014 -999.0 6231.0 -999.0 -1 -999 {-999.0 -999.0 -999.0 -999.0 -999.0} "" -999.0 -999.0 -999.0 -999.0 -999 -999 "" "" "" "" 0 0 0.0 0.0 -999 ""
FIBERMAP 1165 R+13C8 APOGEE 1 1 0 1 0 0 18.222327611969014 261.99924761787514 143.1 -262.074109698342 16.949987002796355 45.769245 125.44005 266.70997439865505 -19.536292861801627 6.047549 -4.0080867 0.71188414 266.70999301021254 -19.536304486706683 266.76615080005723 -19.548684572699003 76.12163814902989 49.47825203018152 16000.0 16600.0 2016.0 2 99 {-999.0 16.499609 15.449302 14.802217 -999.0} sdss_psfmag_ps1 15.855751 15.286543 14.190936 12.102 63050395480699785 917013897 bright_3x1 mwm_yso_variable_apogee mwm_yso science 0 0 0.0 0.0 -999 ""
FIBERMAP 1165 R+13C8 BOSS 0 0 0 1 0 0 18.947503914655385 261.9297453740428 143.1 -262.00813009775794 17.67546303143753 45.769245 125.44005 -999.0 -999.0 -999.0 -999.0 -999.0 266.7102584661951 -19.534073900704623 266.76636998736296 -19.5464913946104 76.11993784785058 49.472413190049 -999.0 5400.0 -999.0 1 173 {-999.0 -999.0 -999.0 -999.0 -999.0} "" -999.0 -999.0 -999.0 -999.0 -999 -999 "" "" "" "" 0 0 0.0 0.0 -999 ""
FIBERMAP 1165 R+13C8 METROLOGY 0 0 0 1 0 0 18.521333371447106 261.3229198753068 143.1 -261.39926795020557 17.25225927992906 45.769245 125.44005 -999.0 -999.0 -999.0 -999.0 -999.0 266.71212249456715 -19.535373952693742 266.7682487711862 -19.547775667284927 76.11959927510101 49.481420872109425 -999.0 6231.0 -999.0 -1 -999 {-999.0 -999.0 -999.0 -999.0 -999.0} "" -999.0 -999.0 -999.0 -999.0 -999 -999 "" "" "" "" 0 0 0.0 0.0 -999 ""
FIBERMAP 1166 R0C7 APOGEE 1 1 0 1 0 0 -140.85308496715345 12.740680667911436 143.1 -12.05650680305981 -140.90761871182687 92.999176 50.90377 267.51083011826836 -20.019063041671444 0.114902414 -0.0349337 0.4401227 267.5108304729578 -20.019063142991858 267.56827777451986 -20.029255701421736 75.90530216172611 53.07113251059099 16000.0 16600.0 2016.0 2 277 {-999.0 16.716486 14.733617 13.7660675 -999.0} sdss_psfmag_from_g3xp 15.765026 14.40135 13.261396 10.391 63050395476775779 1148581843 bright_12x1 mwm_bin_rv_short_rgb_apogee_12epoch mwm_bin science 0 0 0.0 0.0 -999 ""
FIBERMAP 1166 R0C7 BOSS 0 0 0 1 0 0 -140.3245952958345 12.239186388060839 143.1 -11.557603076480518 -140.37672281427203 92.999176 50.90377 -999.0 -999.0 -999.0 -999.0 -999.0 267.51248288713634 -20.017490602880613 267.5698826015408 -20.02771523345583 75.9031510791332 53.0705626630089 -999.0 5400.0 -999.0 1 450 {-999.0 -999.0 -999.0 -999.0 -999.0} "" -999.0 -999.0 -999.0 -999.0 -999 -999 "" "" "" "" 0 0 0.0 0.0 -999 ""
FIBERMAP 1166 R0C7 METROLOGY 0 0 0 1 0 0 -141.0522464181706 12.027608398306201 143.1 -11.342504986846084 -141.10330954345707 92.999176 50.90377 -999.0 -999.0 -999.0 -999.0 -999.0 267.51315743360266 -20.01971755142985 267.57057568822984 -20.02992971190398 75.90414601983848 53.07911435984312 -999.0 6231.0 -999.0 -1 -999 {-999.0 -999.0 -999.0 -999.0 -999.0} "" -999.0 -999.0 -999.0 -999.0 -999 -999 "" "" "" "" 0 0 0.0 0.0 -999 ""
FIBERMAP 1171 R+5C19 APOGEE 0 0 0 1 0 0 179.63639172928137 83.38647686208552 143.1 -84.25387654202994 179.22244364019488 343.4743 79.25213 -999.0 -999.0 -999.0 -999.0 -999.0 267.2825135455617 -19.047727686997337 267.337151148496 -19.058738437845868 75.39423584483843 49.62720157082464 -999.0 16600.0 -999.0 2 -999 {-999.0 -999.0 -999.0 -999.0 -999.0} "" -999.0 -999.0 -999.0 -999.0 -999 -999 "" "" "" "" 0 0 0.0 0.0 -999 ""
FIBERMAP 1171 R+5C19 BOSS 1 1 0 1 0 0 179.29693002346087 82.69425314936333 143.1 -83.56004137175604 178.88635864650723 343.4743 79.25213 267.2847552898154 -19.048645707421645 -3.187836 -3.6407049 8.43897 267.2847455083166 -19.04865626678681 267.33934409818835 -19.059700481930108 75.39345713868536 49.6357208816009 5400.0 5400.0 2016.0 1 212 {-999.0 23.563093 21.914251 20.472866 -999.0} sdss_psfmag_ps1 -999.0 20.59475 -999.0 -999.0 63050395482817308 1077959116 bright_flexible_2x1 mwm_snc_ext_main_boss mwm_snc science 0 0 0.0 0.0 -999 ""
FIBERMAP 1171 R+5C19 METROLOGY 0 0 0 1 0 0 178.88927578984516 83.35020028787474 143.1 -84.2139763353216 178.47554242093048 343.4743 79.25213 -999.0 -999.0 -999.0 -999.0 -999.0 267.28261925081995 -19.04987835496466 267.33723323909953 -19.060916730475398 75.39572623468764 49.63350925444445 -999.0 6231.0 -999.0 -1 -999 {-999.0 -999.0 -999.0 -999.0 -999.0} "" -999.0 -999.0 -999.0 -999.0 -999 -999 "" "" "" "" 0 0 0.0 0.0 -999 ""
FIBERMAP 1173 R-8C17 APOGEE 1 1 0 1 0 0 154.3476384500135 -141.0720659168731 143.1 140.31576304455353 155.02422399945252 110.97231 106.385704 268.00228494486066 -19.12267944488854 -0.815654 -2.9616559 0.21239516 268.0022824410034 -19.122688034765364 268.05701355272464 -19.13181657441895 74.95838134222817 51.68878793333357 16000.0 16600.0 2016.0 2 221 {-999.0 16.977268 14.908325 13.890031 -999.0} sdss_psfmag_from_g3xp 15.956561 14.538191 13.376968 10.421 63050395478803492 1148613055 bright_12x1 mwm_bin_rv_short_rgb_apogee_12epoch mwm_bin science 0 0 0.0 0.0 -999 ""
FIBERMAP 1173 R-8C17 BOSS 0 0 0 1 0 0 154.97061401960545 -140.64344580972428 143.1 139.88414203124927 155.64508736062731 110.97231 106.385704 -999.0 -999.0 -999.0 -999.0 -999.0 268.00097716274394 -19.12073193162137 268.05565849486925 -19.129903937465816 74.95799624946103 51.680044584694315 -999.0 5400.0 -999.0 1 319 {-999.0 -999.0 -999.0 -999.0 -999.0} "" -999.0 -999.0 -999.0 -999.0 -999 -999 "" "" "" "" 0 0 0.0 0.0 -999 ""
FIBERMAP 1173 R-8C17 METROLOGY 0 0 0 1 0 0 155.0167993805971 -141.39462395278818 143.1 140.63505715970155 155.69491555364465 110.97231 106.385704 -999.0 -999.0 -999.0 -999.0 -999.0 268.003387956266 -19.120576217028344 268.0580809459367 -19.12973078642455 74.9562151400465 51.685622285229385 -999.0 6231.0 -999.0 -1 -999 {-999.0 -999.0 -999.0 -999.0 -999.0} "" -999.0 -999.0 -999.0 -999.0 -999 -999 "" "" "" "" 0 0 0.0 0.0 -999 ""
FIBERMAP 1175 R-8C4 APOGEE 0 0 0 1 0 0 -133.67382204064603 -172.51937991218136 143.1 173.15912335215586 -132.82972065840463 302.25815 83.60685 -999.0 -999.0 -999.0 -999.0 -999.0 268.1079129940094 -19.994591364561074 268.16518341460585 -20.0032418215129 75.46698071569868 54.49047771089329 -999.0 16600.0 -999.0 2 -999 {-999.0 -999.0 -999.0 -999.0 -999.0} "" -999.0 -999.0 -999.0 -999.0 -999 -999 "" "" "" "" 0 0 0.0 0.0 -999 ""
FIBERMAP 1175 R-8C4 BOSS 1 1 0 1 0 0 -134.32576707692428 -172.84255116901048 143.1 173.48544155413165 -133.48006369535932 302.25815 83.60685 268.1088428905304 -19.996545308908473 1.8035196 0.050923716 0.72413784 268.1090395688569 -19.996545161211127 268.16627076042073 -20.00522851157297 75.46750341728738 54.499133477891796 5400.0 5400.0 2016.0 1 490 {-999.0 13.614894 13.320086 13.196455 -999.0} sdss_psfmag_from_g3xp 13.583638 13.300918 12.845627 12.041 63050395477641760 946437512 bright_1x1 openfibertargets_nov2020_9 open_fiber science 0 0 0.6465253233909607 0.0 -999 ""
FIBERMAP 1175 R-8C4 METROLOGY 0 0 0 1 0 0 -134.2950164821593 -172.1027077597292 143.1 172.7454872274334 -133.45290491218395 302.25815 83.60685 -999.0 -999.0 -999.0 -999.0 -999.0 268.10667820016323 -19.996500705649737 268.1639223640059 -20.00517991709108 75.46914351679904 54.49324646276767 -999.0 6231.0 -999.0 -1 -999 {-999.0 -999.0 -999.0 -999.0 -999.0} "" -999.0 -999.0 -999.0 -999.0 -999 -999 "" "" "" "" 0 0 0.0 0.0 -999 ""
FIBERMAP 1180 R+3C19 APOGEE 0 0 0 1 0 0 139.13060141398054 70.39390269266399 143.1 -71.0654136312803 138.78179924029132 124.31396 111.716934 -999.0 -999.0 -999.0 -999.0 -999.0 267.3240643968255 -19.170066283781885 267.3790518431831 -19.18094081991372 75.45258988663733 50.08190203462976 -999.0 16600.0 -999.0 2 -999 {-999.0 -999.0 -999.0 -999.0 -999.0} "" -999.0 -999.0 -999.0 -999.0 -999 -999 "" "" "" "" 0 0 0.0 0.0 -999 ""
FIBERMAP 1180 R+3C19 BOSS 1 1 0 1 0 0 139.58895369841423 71.0148221956335 143.1 -71.68852522087782 139.23711467320354 124.31396 111.716934 267.32208251953125 -19.168584712340547 -999.0 -999.0 -999.0 267.32208251953125 -19.168584712340547 267.3770241410197 -19.17950391606882 75.4529379932624 50.07247120807277 5400.0 5400.0 2015.5 1 225 {-999.0 -999.0 -999.0 -999.0 -999.0} "" -999.0 -999.0 -999.0 -999.0 27021603148192186 852696160 "" ops_sky_boss_fallback ops_sky sky_boss 0 0 0.0 0.0 -999 ""
FIBERMAP 1180 R+3C19 METROLOGY 0 0 0 1 0 0 139.8767094712961 70.34078976010586 143.1 -71.0159240684164 139.5281264078268 124.31396 111.716934 -999.0 -999.0 -999.0 -999.0 -999.0 267.3242256842216 -19.167705182347138 267.3791762282623 -19.178607937148172 75.45086383650664 50.075636736579156 -999.0 6231.0 -999.0 -1 -999 {-999.0 -999.0 -999.0 -999.0 -999.0} "" -999.0 -999.0 -999.0 -999.0 -999 -999 "" "" "" "" 0 0 0.0 0.0 -999 ""
FIBERMAP 1181 R-7C8 APOGEE 1 1 0 1 0 0 -37.01860912064936 -136.8605319885767 143.1 137.03308533889276 -36.35255283303056 38.42868 68.820854 267.9922485351562 -19.70259253986282 -999.0 -999.0 -999.0 267.9922485351562 -19.702592539862824 268.0486798797995 -19.711611136370596 75.35686187185695 53.33339199190557 16000.0 16600.0 2015.5 2 270 {-999.0 -999.0 -999.0 -999.0 -999.0} "" -999.0 -999.0 -999.0 -999.0 27021603148178055 848964256 "" ops_sky_apogee_good ops_sky sky_apogee 0 0 0.0 0.0 -999 ""
FIBERMAP 1181 R-7C8 BOSS 0 0 0 1 0 0 -36.96420632407761 -137.61812117410844 143.1 137.79037130133995 -36.294476519184535 38.42868 68.820854 -999.0 -999.0 -999.0 -999.0 -999.0 267.99479535652455 -19.702394870257574 268.0511813043015 -19.711444284599665 75.35499591884611 53.339112241045314 -999.0 5400.0 -999.0 1 372 {-999.0 -999.0 -999.0 -999.0 -999.0} "" -999.0 -999.0 -999.0 -999.0 -999 -999 "" "" "" "" 0 0 0.0 0.0 -999 ""
FIBERMAP 1181 R-7C8 METROLOGY 0 0 0 1 0 0 -37.63280325819929 -137.2851634629691 143.1 137.46067531251703 -36.96465457235767 38.42868 68.820854 -999.0 -999.0 -999.0 -999.0 -999.0 267.9937372036451 -19.704443011674343 268.05014193487193 -19.71348409223947 75.35708531713836 53.34254377723562 -999.0 6231.0 -999.0 -1 -999 {-999.0 -999.0 -999.0 -999.0 -999.0} "" -999.0 -999.0 -999.0 -999.0 -999 -999 "" "" "" "" 0 0 0.0 0.0 -999 ""
FIBERMAP 1188 R+1C9 APOGEE 1 1 0 1 0 0 -92.19526721035919 6.775641907706626 143.1 -6.327897448488331 -92.22337380879253 320.92603 100.21723 267.5297640355238 -19.871618522349706 0.757898 1.713717 0.35271725 267.5297663728768 -19.87161355194849 267.5867758277885 -19.881791377846287 75.79350323141017 52.67141230341457 16000.0 16600.0 2016.0 2 28 {-999.0 16.225029 14.531357 13.675706 -999.0} sdss_psfmag_from_g3xp 15.4654665 14.282113 13.204899 10.61 63050395476812355 1069796649 bright_18x1 mwm_bin_rv_short_subgiant_apogee mwm_bin science 0 0 0.0 0.0 -999 ""
FIBERMAP 1188 R+1C9 BOSS 0 0 0 1 0 0 -92.53541077276556 6.12836560668479 143.1 -5.679004053944722 -92.56035873893616 320.92603 100.21723 -999.0 -999.0 -999.0 -999.0 -999.0 267.5318970575781 -19.872657800653524 267.5888665130285 -19.88286641301431 75.79277304558886 52.68004422985689 -999.0 5400.0 -999.0 1 46 {-999.0 -999.0 -999.0 -999.0 -999.0} "" -999.0 -999.0 -999.0 -999.0 -999 -999 "" "" "" "" 0 0 0.0 0.0 -999 ""
FIBERMAP 1188 R+1C9 METROLOGY 0 0 0 1 0 0 -92.9336582381161 6.738132128412934 143.1 -6.286806439705212 -92.9615445837646 320.92603 100.21723 -999.0 -999.0 -999.0 -999.0 -999.0 267.52991834589903 -19.873888197705295 267.58690386640706 -19.8840912911991 75.79496244755143 52.67867292805272 -999.0 6231.0 -999.0 -1 -999 {-999.0 -999.0 -999.0 -999.0 -999.0} "" -999.0 -999.0 -999.0 -999.0 -999 -999 "" "" "" "" 0 0 0.0 0.0 -999 ""
FIBERMAP 1191 R0C18 APOGEE 0 0 0 1 0 0 77.60924099827324 9.665263720553485 143.1 -10.041375713558567 77.55832041601177 159.11113 99.49308 -999.0 -999.0 -999.0 -999.0 -999.0 267.51939207142425 -19.356143323405373 267.5748902122458 -19.36646833091112 75.4497835518399 51.12445291911655 -999.0 16600.0 -999.0 2 -999 {-999.0 -999.0 -999.0 -999.0 -999.0} "" -999.0 -999.0 -999.0 -999.0 -999 -999 "" "" "" "" 0 0 0.0 0.0 -999 ""
FIBERMAP 1191 R0C18 BOSS 1 1 0 1 0 0 77.77284492755683 10.398300506116026 143.1 -10.77516846298098 77.71835868558686 159.11113 99.49308 267.51707508803156 -19.355556145953795 -2.20982 -3.5263913 0.39094797 267.5170682947977 -19.355566373768156 267.5725225941019 -19.36593606431799 75.45102682944696 51.116768403702366 5400.0 5400.0 2016.0 1 252 {-999.0 17.076223 15.867971 15.433842 -999.0} sdss_psfmag_ps1 16.661528 15.893639 14.981937 13.225 63050395478702705 980272600 "" ops_std_boss_red ops_std standard_boss 0 0 0.0 0.0 -999 ""
FIBERMAP 1191 R0C18 METROLOGY 0 0 0 1 0 0 78.3217900069803 9.892798612353994 143.1 -10.27235659342742 78.26972837981941 159.11113 99.49308 -999.0 -999.0 -999.0 -999.0 -999.0 267.518679060827 -19.353901804358095 267.57414025701496 -19.36425680248919 75.44876298051736 51.11615144628723 -999.0 6231.0 -999.0 -1 -999 {-999.0 -999.0 -999.0 -999.0 -999.0} "" -999.0 -999.0 -999.0 -999.0 -999 -999 "" "" "" "" 0 0 0.0 0.0 -999 ""
FIBERMAP 1195 R-8C11 APOGEE 0 0 0 1 0 0 18.248760541392123 -165.00607519915388 143.1 164.90897674727356 19.04853654273769 224.00443 138.28 -999.0 -999.0 -999.0 -999.0 -999.0 268.08177723122327 -19.534545467368435 268.13769898372675 -19.543371395873663 75.18200332670875 53.062072558347836 -999.0 16600.0 -999.0 2 -999 {-999.0 -999.0 -999.0 -999.0 -999.0} "" -999.0 -999.0 -999.0 -999.0 -999 -999 "" "" "" "" 0 0 0.0 0.0 -999 ""
FIBERMAP 1195 R-8C11 BOSS 1 1 0 1 0 0 17.50382161608662 -165.03579362337715 143.1 164.9423085791994 18.3037804003203 224.00443 138.28 268.08200699666946 -19.53674898416053 -2.2948391 -3.2669115 0.41825917 268.0819999341963 -19.536758459389404 268.1378835052956 -19.545621328311718 75.18338336540958 53.06905422745134 5400.0 5400.0 2016.0 1 396 {-999.0 17.878141 16.730284 16.142351 15.690993} sdss_psfmag_from_ps1dr2 17.4025 16.6601 15.7262 13.839 63050395478480940 1039965229 "" ops_std_boss_ps1dr2 ops_std standard_boss 0 0 0.0 0.0 -999 ""
FIBERMAP 1195 R-8C11 METROLOGY 0 0 0 1 0 0 17.85468636613912 -164.37030498815403 143.1 164.2751517669565 18.651397584487437 224.00443 138.28 -999.0 -999.0 -999.0 -999.0 -999.0 268.07986726773 -19.535712775179142 268.13576079850384 -19.54457064493311 75.18416242393302 53.060760047390545 -999.0 6231.0 -999.0 -1 -999 {-999.0 -999.0 -999.0 -999.0 -999.0} "" -999.0 -999.0 -999.0 -999.0 -999 -999 "" "" "" "" 0 0 0.0 0.0 -999 ""
FIBERMAP 1196 R-12C2 APOGEE 0 0 0 1 0 0 -148.31954653193074 -215.87068762041955 143.1 216.57925749504295 -147.26431707128438 202.80804 22.465109 -999.0 -999.0 -999.0 -999.0 -999.0 268.2470540755898 -20.037634712628602 268.30442615428683 -20.045914385433267 75.39531490006705 54.95749309102723 -999.0 16600.0 -999.0 2 153 {-999.0 -999.0 -999.0 -999.0 -999.0} "" -999.0 -999.0 -999.0 -999.0 -999 -999 "" "" "" "" 0 0 0.0 0.0 -999 ""
FIBERMAP 1196 R-12C2 BOSS 1 1 0 1 0 0 -147.83647062022413 -215.31731968291743 143.1 216.02357399772268 -146.78395148537828 202.80804 22.465109 268.2453654654201 -20.03611001855012 -11.762783 -17.655613 1.0481287 268.24532915122046 -20.036161226231602 268.3026519168412 -20.044481881056747 75.39565761988213 54.948883481862026 5400.0 5400.0 2016.0 1 434 {-999.0 14.589899 13.843199 13.48574 -999.0} sdss_psfmag_from_g3xp 14.369921 13.829569 13.125986 11.874 63050395477649397 1113640645 bright_2x1_long_v2 mwm_bin_gaia_astb_boss mwm_bin science 0 0 0.0 0.0 -999 ""
FIBERMAP 1196 R-12C2 METROLOGY 0 0 0 1 0 0 -147.60075069836853 -216.04568307914684 143.1 216.75075581097718 -146.5447092571522 202.80804 22.465109 -999.0 -999.0 -999.0 -999.0 -999.0 268.2476877444526 -20.03546440142858 268.3050208113068 -20.04376887060188 75.39350004257072 54.95244311785149 -999.0 6231.0 -999.0 -1 -999 {-999.0 -999.0 -999.0 -999.0 -999.0} "" -999.0 -999.0 -999.0 -999.0 -999 -999 "" "" "" "" 0 0 0.0 0.0 -999 ""
FIBERMAP 1197 R-12C11 APOGEE 0 0 0 1 0 0 88.16526245846595 -234.2815387292318 143.1 233.84157150785845 89.29758984691519 56.820015 41.879658 -999.0 -999.0 -999.0 -999.0 -999.0 268.3016499333741 -19.321888313859713 268.3569083246273 -19.330194387162326 74.88567275974019 52.98816694571707 -999.0 16600.0 -999.0 2 -999 {-999.0 -999.0 -999.0 -999.0 -999.0} "" -999.0 -999.0 -999.0 -999.0 -999 -999 "" "" "" "" 0 0 0.0 0.0 -999 ""
FIBERMAP 1197 R-12C11 BOSS 1 1 0 1 0 0 88.26430325404715 -235.02825980100394 143.1 234.5877733055461 89.40024910922665 56.820015 41.879658 268.3041043819429 -19.32152698245571 -5.2240076 -2.7522278 9.910204 268.3040883261066 -19.321534964914424 268.35930024384845 -19.3298735679603 74.88378668697229 52.99307813483597 5400.0 5400.0 2016.0 1 369 {-999.0 22.333498 20.273695 19.51424 -999.0} sdss_psfmag_ps1 21.192736 20.390654 18.664978 -999.0 63050395478529323 1080198046 bright_flexible_2x1 mwm_snc_ext_filler_boss mwm_snc science 0 0 0.0 0.0 -999 ""
FIBERMAP 1197 R-12C11 METROLOGY 0 0 0 1 0 0 87.5804769793733 -234.74793358366148 143.1 234.3107799885742 88.71509790752172 56.820015 41.879658 -999.0 -999.0 -999.0 -999.0 -999.0 268.3032454153998 -19.323600908232898 268.35847596718804 -19.331930357813203 74.88574556734989 52.996909518838265 -999.0 6231.0 -999.0 -1 -999 {-999.0 -999.0 -999.0 -999.0 -999.0} "" -999.0 -999.0 -999.0 -999.0 -999 -999 "" "" "" "" 0 0 0.0 0.0 -999 ""
FIBERMAP 1199 R+1C1 APOGEE 1 1 0 1 0 0 -293.8068918003012 23.905482192610936 143.1 -22.478495185350486 -293.90768554855407 171.5289 106.11996 267.47589111328125 -20.479600066553502 -999.0 -999.0 -999.0 267.47589111328125 -20.479600066553505 267.53470709990495 -20.489776110938102 76.23270613950405 54.42279676694793 16000.0 16600.0 2015.5 2 10 {-999.0 -999.0 -999.0 -999.0 -999.0} "" -999.0 -999.0 -999.0 -999.0 27021603148171410 848962864 "" ops_sky_apogee_good ops_sky sky_apogee 0 0 0.0 0.0 -999 ""
FIBERMAP 1199 R+1C1 BOSS 0 0 0 1 0 0 -293.95235346786365 24.654422342672692 143.1 -23.226690681038832 -294.0567740478824 171.5289 106.11996 -999.0 -999.0 -999.0 -999.0 -999.0 267.47352335890696 -20.479959630850527 267.53229822702144 -20.49017592321432 76.23467958167585 54.41790137158313 -999.0 5400.0 -999.0 1 12 {-999.0 -999.0 -999.0 -999.0 -999.0} "" -999.0 -999.0 -999.0 -999.0 -999 -999 "" "" "" "" 0 0 0.0 0.0 -999 ""
FIBERMAP 1199 R+1C1 METROLOGY 0 0 0 1 0 0 -293.23863867344755 24.386332336618374 143.1 -22.962077981095305 -293.34179525226085 171.5289 106.11996 -999.0 -999.0 -999.0 -999.0 -999.0 267.47436467854965 -20.477897349646035 267.53314535008315 -20.488102255728098 76.23272748950438 54.4134557564978 -999.0 6231.0 -999.0 -1 -999 {-999.0 -999.0 -999.0 -999.0 -999.0} "" -999.0 -999.0 -999.0 -999.0 -999 -999 "" "" "" "" 0 0 0.0 0.0 -999 ""
FIBERMAP 1204 R+8C11 APOGEE 0 0 0 1 0 0 8.873980167457047 147.7337209197203 143.1 -147.7691345809076 8.156617011272726 226.7188 98.744125 -999.0 -999.0 -999.0 -999.0 -999.0 267.07539441056616 -19.565108300703503 267.1315786082116 -19.576535013357304 75.89634235555644 50.56149815527249 -999.0 16600.0 -999.0 2 -999 {-999.0 -999.0 -999.0 -999.0 -999.0} "" -999.0 -999.0 -999.0 -999.0 -999 -999 "" "" "" "" 0 0 0.0 0.0 -999 ""
FIBERMAP 1204 R+8C11 BOSS 1 1 0 1 0 0 8.281228704327457 148.14499361855428 143.1 -148.17750955609242 7.561900465041113 226.7188 98.744125 267.07403582493544 -19.56684941758213 2.1978362 -5.1786056 8.072671 267.07404259013975 -19.56686443741756 267.1301914846422 -19.578331660283705 75.89853192018441 50.56304373759564 5400.0 5400.0 2016.0 1 140 {-999.0 21.611551 20.211962 19.55249 -999.0} sdss_psfmag_gaia 19.95582 20.116999 18.065228 -999.0 63050395480648324 1077959074 bright_flexible_2x1 mwm_snc_ext_main_boss mwm_snc science 0 0 0.0 0.0 -999 ""
FIBERMAP 1204 R+8C11 METROLOGY 0 0 0 1 0 0 8.9347369272658 148.479245455154 143.1 -148.51491534978095 8.213752837271805 226.7188 98.744125 -999.0 -999.0 -999.0 -999.0 -999.0 267.0729426238695 -19.5648909321215 267.129097212745 -19.576350971055607 75.8978897947881 50.55426605142361 -999.0 6231.0 -999.0 -1 -999 {-999.0 -999.0 -999.0 -999.0 -999.0} "" -999.0 -999.0 -999.0 -999.0 -999 -999 "" "" "" "" 0 0 0.0 0.0 -999 ""
FIBERMAP 1205 R-2C3 APOGEE 1 0 1 1 0 0 -223.3141868779541 -30.990069763805444 143.1 32.0721363923246 -223.15224010672188 10.022803 170.08565 267.66931918985733 -20.33194881301078 -0.55400294 -5.6851883 0.5379675 267.6525493953474 -20.267676825454362 267.71070721858337 -20.27744410654732 75.96913329636716 54.201233559493005 16000.0 16600.0 2016.0 2 288 {-999.0 22.624994 19.563417 16.909292 -999.0} sdss_psfmag_ps1 21.60321 16.95121 15.152058 8.275 63050395475656049 916906389 bright_3x1 mwm_yso_disk_apogee mwm_yso science 0 0 0.0 0.0 -999 ""
FIBERMAP 1205 R-2C3 BOSS 0 0 1 1 0 0 -222.56879876930907 -31.041069563192778 143.1 32.11951642510146 -222.40664310492988 10.022803 170.08565 -999.0 -999.0 -999.0 -999.0 -999.0 267.65275887123227 -20.265437397922575 267.71086682920543 -20.275239737262527 75.96757742722698 54.194763419816354 -999.0 5400.0 -999.0 1 473 {-999.0 -999.0 -999.0 -999.0 -999.0} "" -999.0 -999.0 -999.0 -999.0 -999 -999 "" "" "" "" 0 0 0.0 0.0 -999 ""
FIBERMAP 1205 R-2C3 METROLOGY 0 0 1 1 0 0 -223.00901259190098 -31.673858254728223 143.1 32.75440856868335 -222.84376341780245 10.022803 170.08565 -999.0 -999.0 -999.0 -999.0 -999.0 267.65479697072624 -20.26680035145834 267.71292085010407 -20.276587144763045 75.96700239903248 54.20416532365505 -999.0 6231.0 -999.0 -1 -999 {-999.0 -999.0 -999.0 -999.0 -999.0} "" -999.0 -999.0 -999.0 -999.0 -999 -999 "" "" "" "" 0 0 0.0 0.0 -999 ""
FIBERMAP 1206 R0C2 APOGEE 1 1 0 1 0 0 -280.51446808026117 14.507412989001114 143.1 -13.14541637449714 -280.57034426684834 168.70894 70.6198 267.506103515625 -20.439786627500297 -999.0 -999.0 -999.0 267.506103515625 -20.439786627500297 267.5647962814805 -20.449893582711493 76.18534239550583 54.372820974186745 16000.0 16600.0 2015.5 2 253 {-999.0 -999.0 -999.0 -999.0 -999.0} "" -999.0 -999.0 -999.0 -999.0 27021603148171421 848962857 "" ops_sky_apogee_good ops_sky sky_apogee 0 0 0.0 0.0 -999 ""
FIBERMAP 1206 R0C2 BOSS 0 0 0 1 0 0 -280.12892571872834 15.16750304946654 143.1 -13.80734317066442 -280.18802506909833 168.70894 70.6198 -999.0 -999.0 -999.0 -999.0 -999.0 267.5040152241253 -20.438579640212122 267.5626620740119 -20.448726652306597 76.18609893965322 54.36365671763241 -999.0 5400.0 -999.0 1 522 {-999.0 -999.0 -999.0 -999.0 -999.0} "" -999.0 -999.0 -999.0 -999.0 -999 -999 "" "" "" "" 0 0 0.0 0.0 -999 ""
FIBERMAP 1206 R0C2 METROLOGY 0 0 0 1 0 0 -279.76702849226865 14.507808318949856 143.1 -13.149438765247703 -279.82294529577393 168.70894 70.6198 -999.0 -999.0 -999.0 -999.0 -999.0 267.5061255102534 -20.437559150950555 267.56478106879445 -20.447691193996036 76.18391815712224 54.365785789492634 -999.0 6231.0 -999.0 -1 -999 {-999.0 -999.0 -999.0 -999.0 -999.0} "" -999.0 -999.0 -999.0 -999.0 -999 -999 "" "" "" "" 0 0 0.0 0.0 -999 ""
FIBERMAP 1209 R-2C21 APOGEE 1 1 0 1 0 0 196.26755453176736 -53.108977967380824 143.1 52.15380564209683 196.5151134251323 36.330173 17.72411 267.71990222206915 -18.996611202306333 -10.042943 -16.274847 3.132481 267.71987141612266 -18.9966584052667 267.77428540840714 -19.00654809301071 75.06410082786665 50.623408716810495 16000.0 16600.0 2016.0 2 218 {-999.0 11.835942 10.646546 10.097945 -999.0} sdss_psfmag_from_g3xp 11.391292 10.588147 9.708501 7.818 63050395478880832 1069500735 bright_18x1 mwm_bin_rv_short_subgiant_apogee mwm_bin science 0 0 0.0 0.0 -999 ""
FIBERMAP 1209 R-2C21 BOSS 0 0 0 1 0 0 195.85512222726354 -53.74076000062208 143.1 52.787556364830685 196.10576830698085 36.330173 17.72411 -999.0 -999.0 -999.0 -999.0 -999.0 267.72195915373817 -18.997806831777172 267.776332729342 -19.00773090049509 75.06354375099959 50.63194049375687 -999.0 5400.0 -999.0 1 310 {-999.0 -999.0 -999.0 -999.0 -999.0} "" -999.0 -999.0 -999.0 -999.0 -999 -999 "" "" "" "" 0 0 0.0 0.0 -999 ""
FIBERMAP 1209 R-2C21 METROLOGY 0 0 0 1 0 0 195.52453724264905 -53.06709057623577 143.1 52.11552604095322 195.77193133967248 36.330173 17.72411 -999.0 -999.0 -999.0 -999.0 -999.0 267.71980133477 -18.998790851219933 267.7741904221024 -19.00870894229463 75.06567577948148 50.62915973767679 -999.0 6231.0 -999.0 -1 -999 {-999.0 -999.0 -999.0 -999.0 -999.0} "" -999.0 -999.0 -999.0 -999.0 -999 -999 "" "" "" "" 0 0 0.0 0.0 -999 ""
FIBERMAP 1210 R-3C6 APOGEE 0 0 0 1 0 0 -132.14521314082745 -69.31083482239609 143.1 69.94850401880078 -131.80202841017197 352.64392 80.74048 -999.0 -999.0 -999.0 -999.0 -999.0 267.7756120702411 -19.991936134723815 267.83293376400206 -20.001448646508198 75.70108882678916 53.660719649088264 -999.0 16600.0 -999.0 2 -999 {-999.0 -999.0 -999.0 -999.0 -999.0} "" -999.0 -999.0 -999.0 -999.0 -999 -999 "" "" "" "" 0 0 0.0 0.0 -999 ""
FIBERMAP 1210 R-3C6 BOSS 1 1 0 1 0 0 -132.3567907427585 -70.03142227256753 143.1 70.67008087802691 -132.01009828114522 352.64392 80.74048 267.7780151367187 -19.99258934185424 -999.0 -999.0 -999.0 267.7780151367187 -19.992589341854238 267.83529472545246 -20.002131646356812 75.69987765693666 53.66873729619381 5400.0 5400.0 2015.5 1 475 {-999.0 -999.0 -999.0 -999.0 -999.0} "" -999.0 -999.0 -999.0 -999.0 27021603148177887 852693088 "" ops_sky_boss_fallback ops_sky sky_boss 0 0 0.0 0.0 -999 ""
FIBERMAP 1210 R-3C6 METROLOGY 0 0 0 1 0 0 -132.87109227893367 -69.49138313631308 143.1 70.13256544028852 -132.5269938237979 352.64392 80.74048 -999.0 -999.0 -999.0 -999.0 -999.0 267.7762725001023 -19.99417840652631 267.83356944399543 -20.003714601287808 75.70214063462431 53.66919856906355 -999.0 6231.0 -999.0 -1 -999 {-999.0 -999.0 -999.0 -999.0 -999.0} "" -999.0 -999.0 -999.0 -999.0 -999 -999 "" "" "" "" 0 0 0.0 0.0 -999 ""
FIBERMAP 1211 R-11C11 APOGEE 1 1 0 1 0 0 55.88305592142281 -234.8646382692906 143.1 234.58129590894924 57.01988430604363 333.24545 36.006 268.3043616374713 -19.41961326857305 6.7916813 35.43811 5.63839 268.30438252406054 -19.419510485190507 268.3599264718877 -19.42778642624302 74.94902904337735 53.27364730531915 16000.0 16600.0 2016.0 2 182 {-999.0 15.571178 14.203979 13.641956 -999.0} sdss_psfmag_from_g3xp 15.021311 14.162264 13.253401 11.289 63050395478469565 1068822702 bright_18x1 mwm_bin_rv_short_mdwarf_apogee_18epoch mwm_bin science 0 0 0.0 0.0 -999 ""
FIBERMAP 1211 R-11C11 BOSS 0 0 0 1 0 0 55.16715425249002 -235.04687875463952 143.1 234.76700099684373 56.304904056567665 333.24545 36.006 -999.0 -999.0 -999.0 -999.0 -999.0 268.3050548874342 -19.421628924557808 268.3605592143124 -19.42994130750273 74.95002715306344 53.28135262329431 -999.0 5400.0 -999.0 1 375 {-999.0 -999.0 -999.0 -999.0 -999.0} "" -999.0 -999.0 -999.0 -999.0 -999 -999 "" "" "" "" 0 0 0.0 0.0 -999 ""
FIBERMAP 1211 R-11C11 METROLOGY 0 0 0 1 0 0 55.3671501085278 -234.32376870106708 143.1 234.04295786727047 56.501380539915836 333.24545 36.006 -999.0 -999.0 -999.0 -999.0 -999.0 268.3027735905123 -19.42103577234127 268.3582894890586 -19.429343275990888 74.95121800733465 53.274125779232634 -999.0 6231.0 -999.0 -1 -999 {-999.0 -999.0 -999.0 -999.0 -999.0} "" -999.0 -999.0 -999.0 -999.0 -999 -999 "" "" "" "" 0 0 0.0 0.0 -999 ""
FIBERMAP 1214 R+5C1 APOGEE 1 1 0 1 0 0 -223.13131189767563 104.39175646506115 143.1 -103.30356790687527 -223.626338574308 40.80997 107.62158 267.2157614988984 -20.267297308861565 -0.4654437 -3.5921404 0.16838278 267.21576005984633 -20.267307727372497 267.27398995725787 -20.27820749468014 76.27718978217932 53.075257381549285 16000.0 16600.0 2016.0 2 1 {-999.0 18.342352 15.883269 14.694524 -999.0} sdss_psfmag_ps1 17.038923 15.233193 13.964119 10.421 63050395476616034 1149114276 bright_12x1 mwm_bin_rv_short_rgb_apogee_12epoch mwm_bin science 0 0 0.0 0.0 -999 ""
FIBERMAP 1214 R+5C1 BOSS 0 0 0 1 0 0 -222.4488683174431 104.0160365203584 143.1 -102.93117909176456 -222.94210708071674 40.80997 107.62158 -999.0 -999.0 -999.0 -999.0 -999.0 267.2169960183187 -20.265242871913237 267.2751779841584 -20.276174842158163 76.27500393849216 53.07200423770132 -999.0 5400.0 -999.0 1 1 {-999.0 -999.0 -999.0 -999.0 -999.0} "" -999.0 -999.0 -999.0 -999.0 -999 -999 "" "" "" "" 0 0 0.0 0.0 -999 ""
FIBERMAP 1214 R+5C1 METROLOGY 0 0 0 1 0 0 -223.13387331132733 103.63897604981332 143.1 -102.55081403695034 -223.62524685677522 40.80997 107.62158 -999.0 -999.0 -999.0 -999.0 -999.0 267.21818651218604 -20.267354604885668 267.27638632186915 -20.27827309581094 76.2755581848848 53.08178064937249 -999.0 6231.0 -999.0 -1 -999 {-999.0 -999.0 -999.0 -999.0 -999.0} "" -999.0 -999.0 -999.0 -999.0 -999 -999 "" "" "" "" 0 0 0.0 0.0 -999 ""
FIBERMAP 1216 R-2C17 APOGEE 1 1 0 1 0 0 70.96278339673825 -29.71764104938646 143.1 29.371743113133125 71.10331936368019 212.5835 43.42661 267.64617919921875 -19.37604602258962 -999.0 -999.0 -999.0 267.64617919921875 -19.37604602258962 267.7017137566668 -19.386037859651687 75.37671640366943 51.50856529229434 16000.0 16600.0 2015.5 2 211 {-999.0 -999.0 -999.0 -999.0 -999.0} "" -999.0 -999.0 -999.0 -999.0 27021603148179065 848964488 "" ops_sky_apogee_good ops_sky sky_apogee 0 0 0.0 0.0 -999 ""
FIBERMAP 1216 R-2C17 BOSS 0 0 0 1 0 0 71.14493737548435 -29.003332949925845 143.1 28.6565880627813 71.2819976065168 212.5835 43.42661 -999.0 -999.0 -999.0 -999.0 -999.0 267.64394030226424 -19.37541753530188 267.69943037582857 -19.38545382481232 75.37787729543872 51.50101538457352 -999.0 5400.0 -999.0 1 300 {-999.0 -999.0 -999.0 -999.0 -999.0} "" -999.0 -999.0 -999.0 -999.0 -999 -999 "" "" "" "" 0 0 0.0 0.0 -999 ""
FIBERMAP 1216 R-2C17 METROLOGY 0 0 0 1 0 0 71.68556357938733 -29.52321178882683 143.1 29.17381650190862 71.82511862257643 212.5835 43.42661 -999.0 -999.0 -999.0 -999.0 -999.0 267.645599101462 -19.373777572889544 267.7010962783577 -19.383799041014314 75.37559834085005 51.50054372754511 -999.0 6231.0 -999.0 -1 -999 {-999.0 -999.0 -999.0 -999.0 -999.0} "" -999.0 -999.0 -999.0 -999.0 -999 -999 "" "" "" "" 0 0 0.0 0.0 -999 ""
FIBERMAP 1217 R-3C13 APOGEE 1 1 0 1 0 0 -8.38703529325973 -56.32167566050867 143.1 56.359459173889135 -8.113290279028737 221.45132 58.530922 267.7326356098789 -19.61671446864099 -1.2742903 -3.1321752 0.20961475 267.7326316862449 -19.61672355308579 267.78885671674266 -19.626435087014336 75.48079834149773 52.429718733153365 16000.0 16600.0 2016.0 2 169 {-999.0 16.405064 14.124151 12.926177 -999.0} sdss_psfmag_from_g3xp 15.223995 13.594212 12.368291 9.125 63050395478394073 1147703701 bright_12x1 mwm_bin_rv_short_rgb_apogee_12epoch mwm_bin science 0 0 0.0 0.0 -999 ""
FIBERMAP 1217 R-3C13 BOSS 0 0 0 1 0 0 -8.578292670099348 -55.597362882465355 143.1 55.63611200682818 -8.30805260794385 221.45132 58.530922 -999.0 -999.0 -999.0 -999.0 -999.0 267.7303799200526 -19.617279116234815 267.7865635835924 -19.627033962343894 75.48279323961881 52.42564246937337 -999.0 5400.0 -999.0 1 407 {-999.0 -999.0 -999.0 -999.0 -999.0} "" -999.0 -999.0 -999.0 -999.0 -999 -999 "" "" "" "" 0 0 0.0 0.0 -999 ""
FIBERMAP 1217 R-3C13 METROLOGY 0 0 0 1 0 0 -7.848588748463342 -55.80964526458258 143.1 55.844842382226226 -7.57735632918726 221.45132 58.530922 -999.0 -999.0 -999.0 -999.0 -999.0 267.7310496020026 -19.615072123821285 267.78723896182703 -19.6248151002674 75.48082256880019 52.420848186083504 -999.0 6231.0 -999.0 -1 -999 {-999.0 -999.0 -999.0 -999.0 -999.0} "" -999.0 -999.0 -999.0 -999.0 -999 -999 "" "" "" "" 0 0 0.0 0.0 -999 ""
FIBERMAP 1218 R0C17 APOGEE 1 1 0 1 0 0 80.2392242990667 -1.6768146533593413 143.1 1.2873529731444886 80.2432069681923 352.71182 117.126595 267.55584987627776 -19.348089104319627 7.044714 -1.5848719 1.1591676 267.55587153152425 -19.348093701022012 267.61133991956564 -19.358326047317234 75.4193224717457 51.1956913271322 16000.0 16600.0 2016.0 2 111 {-999.0 13.906796 12.956397 12.48653 -999.0} sdss_psfmag_from_g3xp 13.589261 12.912224 12.1065645 10.49 63050395478702388 1150269988 bright_12x1 mwm_bin_rv_short_subgiant_apogee_12epoch mwm_bin science 0 0 0.0 0.0 -999 ""
FIBERMAP 1218 R0C17 BOSS 0 0 0 1 0 0 80.48633470831034 -2.3659780788641336 143.1 1.9752815709123561 80.4936488693556 352.71182 117.126595 -999.0 -999.0 -999.0 -999.0 -999.0 267.5581315792474 -19.347253429154456 267.6135543568514 -19.357518720089885 75.4172550393561 51.199113862674494 -999.0 5400.0 -999.0 1 189 {-999.0 -999.0 -999.0 -999.0 -999.0} "" -999.0 -999.0 -999.0 -999.0 -999 -999 "" "" "" "" 0 0 0.0 0.0 -999 ""
FIBERMAP 1218 R0C17 METROLOGY 0 0 0 1 0 0 79.75306371821063 -2.239949512656906 143.1 1.8528178554764252 79.75980426854025 352.71182 117.126595 -999.0 -999.0 -999.0 -999.0 -999.0 267.55771911082473 -19.34948278865222 267.6131605876408 -19.359737687260594 75.41905782021328 51.204460311034325 -999.0 6231.0 -999.0 -1 -999 {-999.0 -999.0 -999.0 -999.0 -999.0} "" -999.0 -999.0 -999.0 -999.0 -999 -999 "" "" "" "" 0 0 0.0 0.0 -999 ""
FIBERMAP 1219 R+1C17 APOGEE 0 0 0 1 0 0 64.14307726027806 35.10845103521248 143.1 -35.41789879940216 63.96938637101937 196.33467 37.612278 -999.0 -999.0 -999.0 -999.0 -999.0 267.43757547096436 -19.397147525821584 267.4932075341094 -19.407674947113293 75.53389908462282 51.030039024997905 -999.0 16600.0 -999.0 2 -999 {-999.0 -999.0 -999.0 -999.0 -999.0} "" -999.0 -999.0 -999.0 -999.0 -999 -999 "" "" "" "" 0 0 0.0 0.0 -999 ""
FIBERMAP 1219 R+1C17 BOSS 1 1 0 1 0 0 64.61002681548814 35.71154274756768 143.1 -36.02322524117451 64.43338514205696 196.33467 37.612278 267.43564968053425 -19.395641186837338 0.7990876 -5.1814246 0.39494213 267.4356521376234 -19.395656214849172 267.49123790093915 -19.406227310980857 75.53423471276326 51.02070722216548 5400.0 5400.0 2016.0 1 199 {-999.0 18.803947 17.346296 16.530283 -999.0} sdss_psfmag_ps1 18.069748 17.216022 16.1535 14.019 63050395478686531 980272596 "" ops_std_boss_red ops_std standard_boss 0 0 0.0 0.0 -999 ""
FIBERMAP 1219 R+1C17 METROLOGY 0 0 0 1 0 0 64.88629186995516 35.024010163837076 143.1 -35.337068878757215 64.7129722650239 196.33467 37.612278 -999.0 -999.0 -999.0 -999.0 -999.0 267.4378491084981 -19.394819468690454 267.49344400903124 -19.405374209886922 75.53214360988832 51.02401949565774 -999.0 6231.0 -999.0 -1 -999 {-999.0 -999.0 -999.0 -999.0 -999.0} "" -999.0 -999.0 -999.0 -999.0 -999 -999 "" "" "" "" 0 0 0.0 0.0 -999 ""
FIBERMAP 1220 R+1C3 APOGEE 1 1 0 1 0 0 -243.54957319727066 2.424184240686359 143.1 -1.24219184724516 -243.54872725274885 285.7692 67.01013 267.54483592256366 -20.328812669433397 -1.1721883 -2.9916618 0.27409044 267.54483229696956 -20.328821346338287 267.60318957812086 -20.33885367627842 76.0855579611671 54.12007787210014 16000.0 16600.0 2016.0 2 38 {-999.0 17.50435 15.264758 14.347775 -999.0} sdss_psfmag_ps1 16.336014 14.900726 13.712819 10.719 63050395476650395 1149152840 bright_12x1 mwm_bin_rv_short_rgb_apogee_12epoch mwm_bin science 0 0 0.0 0.0 -999 ""
FIBERMAP 1220 R+1C3 BOSS 0 0 0 1 0 0 -244.26487411184084 2.5075691770778192 143.1 -1.3221013436623912 -244.26439577276238 285.7692 67.01013 -999.0 -999.0 -999.0 -999.0 -999.0 267.5446107732648 -20.330960331934588 267.6029315997241 -20.341027532035564 76.08716446476083 54.126250871842615 -999.0 5400.0 -999.0 1 62 {-999.0 -999.0 -999.0 -999.0 -999.0} "" -999.0 -999.0 -999.0 -999.0 -999 -999 "" "" "" "" 0 0 0.0 0.0 -999 ""
FIBERMAP 1220 R+1C3 METROLOGY 0 0 0 1 0 0 -243.83178029573415 3.1182022733009376 143.1 -1.9348044879565351 -243.8342875838388 285.7692 67.01013 -999.0 -999.0 -999.0 -999.0 -999.0 267.542624344343 -20.32971426674338 267.60095395538633 -20.339777050910488 76.08774676742001 54.117269718641865 -999.0 6231.0 -999.0 -1 -999 {-999.0 -999.0 -999.0 -999.0 -999.0} "" -999.0 -999.0 -999.0 -999.0 -999 -999 "" "" "" "" 0 0 0.0 0.0 -999 ""
FIBERMAP 1221 R-8C13 APOGEE 0 0 0 1 0 0 61.267918796753506 -135.74632452674987 143.1 135.44198300548877 61.92347943581486 162.2257 49.664623 -999.0 -999.0 -999.0 -999.0 -999.0 267.987136423488 -19.404484316417765 268.0426940582655 -19.41358599115949 75.16062108557973 52.45160928467567 -999.0 16600.0 -999.0 2 -999 {-999.0 -999.0 -999.0 -999.0 -999.0} "" -999.0 -999.0 -999.0 -999.0 -999 -999 "" "" "" "" 0 0 0.0 0.0 -999 ""
FIBERMAP 1221 R-8C13 BOSS 1 1 0 1 0 0 61.902288060998636 -135.3502913988663 143.1 135.04289199437127 62.555894035750754 162.2257 49.664623 267.98596302448397 -19.402493862183015 -0.12994263 -1.806096 0.3330501 267.9859626249107 -19.402499100516767 268.04147039059154 -19.411642802084888 75.16015198126998 52.44297698394663 5400.0 5400.0 2016.0 1 418 {-999.0 18.162924 16.977966 16.377476 15.921751} sdss_psfmag_from_ps1dr2 17.6803 16.9086 15.9887 14.301 63050395478507129 1039965238 "" ops_std_boss_ps1dr2 ops_std standard_boss 0 0 0.0 0.0 -999 ""
FIBERMAP 1221 R-8C13 METROLOGY 0 0 0 1 0 0 61.926807384036124 -136.10039238231545 143.1 135.7928351572154 62.58405208546267 162.2257 49.664623 -999.0 -999.0 -999.0 -999.0 -999.0 267.98837239535175 -19.40242058857503 268.0438920256746 -19.41154715338355 75.15840827876275 52.44874838630409 -999.0 6231.0 -999.0 -1 -999 {-999.0 -999.0 -999.0 -999.0 -999.0} "" -999.0 -999.0 -999.0 -999.0 -999 -999 "" "" "" "" 0 0 0.0 0.0 -999 ""
FIBERMAP 1223 R+13C7 APOGEE 1 1 0 1 0 0 -30.976668703550253 256.29632561537363 143.1 -256.13273623258806 -32.21878762014708 220.85243 51.85974 266.7277654516003 -19.685154500354717 -4.3186383 -7.131405 0.061311316 266.72775214851964 -19.68517518401653 266.78434383356625 -19.697474739850605 76.21453112667668 49.96967834540134 16000.0 16600.0 2016.0 2 100 {-999.0 17.60212 15.529349 14.5349455 -999.0} sdss_psfmag_ps1 16.536293 15.061234 13.894234 10.854 63050395480617905 1153808892 bright_1x1 mwm_galactic_core_dist_apogee_sparse mwm_galactic science 0 0 0.0 0.0 -999 ""
FIBERMAP 1223 R+13C7 BOSS 0 0 0 1 0 0 -30.968748863526603 257.04279187424004 143.1 -256.8792022757463 -32.2144905481915 220.85243 51.85974 -999.0 -999.0 -999.0 -999.0 -999.0 266.7254041655132 -19.685107004283363 266.781956272671 -19.69744964836765 76.2161121103227 49.96297130023578 -999.0 5400.0 -999.0 1 174 {-999.0 -999.0 -999.0 -999.0 -999.0} "" -999.0 -999.0 -999.0 -999.0 -999 -999 "" "" "" "" 0 0 0.0 0.0 -999 ""
FIBERMAP 1223 R+13C7 METROLOGY 0 0 0 1 0 0 -30.324309311356966 256.63127881423316 143.1 -256.4708377773215 -31.568087422663982 220.85243 51.85974 -999.0 -999.0 -999.0 -999.0 -999.0 266.7266583783646 -19.68317817637184 266.78321588644417 -19.69550754180081 76.21390334907366 49.96067437684701 -999.0 6231.0 -999.0 -1 -999 {-999.0 -999.0 -999.0 -999.0 -999.0} "" -999.0 -999.0 -999.0 -999.0 -999 -999 "" "" "" "" 0 0 0.0 0.0 -999 ""
FIBERMAP 1224 R+5C18 APOGEE 1 1 0 1 0 0 143.12197625598736 107.42537283866784 143.1 -108.11433532575651 142.59326574698156 83.05265 137.11673 267.20532847128675 -19.15819479703584 -2.5159233 -4.604278 0.3115543 267.2053207463588 -19.158208151113136 267.26029338661203 -19.169393057983626 75.52388601271582 49.73325703508245 16000.0 16600.0 2016.0 2 64 {-999.0 17.02634 14.972783 13.971685 -999.0} sdss_psfmag_from_g3xp 16.016441 14.616309 13.464847 10.522 63050395482737279 1148721992 bright_12x1 mwm_bin_rv_short_rgb_apogee_12epoch mwm_bin science 0 0 0.0 0.0 -999 ""
FIBERMAP 1224 R+5C18 BOSS 0 0 0 1 0 0 143.76571130575846 107.78752406953808 143.1 -108.47959164319958 143.2352100653606 83.05265 137.11673 -999.0 -999.0 -999.0 -999.0 -999.0 267.20416553980004 -19.156174431777963 267.25909101986053 -19.167402005714095 75.52327895104406 49.72441503344504 -999.0 5400.0 -999.0 1 216 {-999.0 -999.0 -999.0 -999.0 -999.0} "" -999.0 -999.0 -999.0 -999.0 -999 -999 "" "" "" "" 0 0 0.0 0.0 -999 ""
FIBERMAP 1224 R+5C18 METROLOGY 0 0 0 1 0 0 143.75768546493947 107.04618395831216 143.1 -107.73825096788934 143.23078212257028 83.05265 137.11673 -999.0 -999.0 -999.0 -999.0 -999.0 267.2065149663415 -19.156186756784724 267.2614518207931 -19.167397135203082 75.52170034476862 49.73071499734908 -999.0 6231.0 -999.0 -1 -999 {-999.0 -999.0 -999.0 -999.0 -999.0} "" -999.0 -999.0 -999.0 -999.0 -999 -999 "" "" "" "" 0 0 0.0 0.0 -999 ""
FIBERMAP 1227 R-4C8 APOGEE 0 0 0 1 0 0 -95.98342898653638 -94.91573732789625 143.1 95.37659945694568 -95.51786425810263 289.06824 70.80192 -999.0 -999.0 -999.0 -999.0 -999.0 267.8578713925425 -19.882038926458602 267.9148546836594 -19.89136386453347 75.57046059656209 53.53421386520995 -999.0 16600.0 -999.0 2 -999 {-999.0 -999.0 -999.0 -999.0 -999.0} "" -999.0 -999.0 -999.0 -999.0 -999 -999 "" "" "" "" 0 0 0.0 0.0 -999 ""
FIBERMAP 1227 R-4C8 BOSS 1 1 0 1 0 0 -96.71943085503774 -94.94246060542628 143.1 95.40689292862078 -96.25369834090286 289.06824 70.80192 267.85804964292504 -19.88428685542975 2.4308789 2.711556 0.50688666 267.8580571403408 -19.884278990933225 267.9150031323924 -19.893639536618753 75.57186673120826 53.541416373233254 5400.0 5400.0 2016.0 1 479 {-999.0 17.748495 16.627846 16.066925 15.630585} sdss_psfmag_from_ps1dr2 17.3032 16.5793 15.6288 13.925 63050395478264089 1039965182 "" ops_std_boss_ps1dr2 ops_std standard_boss 0 0 0.0 0.0 -999 ""
FIBERMAP 1227 R-4C8 METROLOGY 0 0 0 1 0 0 -96.36672803220434 -94.27341337661767 143.1 94.73616878746826 -95.9042604478181 289.06824 70.80192 -999.0 -999.0 -999.0 -999.0 -999.0 267.8558956129912 -19.883240524728222 267.9128513478513 -19.892596548765468 75.57268776022339 53.532895038864524 -999.0 6231.0 -999.0 -1 -999 {-999.0 -999.0 -999.0 -999.0 -999.0} "" -999.0 -999.0 -999.0 -999.0 -999 -999 "" "" "" "" 0 0 0.0 0.0 -999 ""
FIBERMAP 1228 R-4C5 APOGEE 1 1 0 1 0 0 -152.3587230529625 -71.08516260005563 143.1 71.82082952167694 -152.00588153681213 347.35458 166.38402 267.7814873624943 -20.05304478360124 -1.6083513 -6.492495 0.13763817 267.781482396639 -20.053063614193128 267.83898346050336 -20.062546644089327 75.73718276578498 53.86188938774637 16000.0 16600.0 2016.0 2 296 {-999.0 17.178947 14.952223 13.630172 -999.0} sdss_psfmag_from_g3xp 16.04588 14.314569 13.063713 9.669 63050395476698526 1147984806 bright_12x1 mwm_bin_rv_short_rgb_apogee_12epoch mwm_bin science 0 0 0.0 0.0 -999 ""
FIBERMAP 1228 R-4C5 BOSS 0 0 0 1 0 0 -151.68936611182426 -71.40738103386215 143.1 72.13978310112373 -151.33499563019237 347.35458 166.38402 -999.0 -999.0 -999.0 -999.0 -999.0 267.7825905199222 -20.051057833577104 267.8400418234103 -20.060574412236743 75.735134937112 53.858531670004254 -999.0 5400.0 -999.0 1 487 {-999.0 -999.0 -999.0 -999.0 -999.0} "" -999.0 -999.0 -999.0 -999.0 -999 -999 "" "" "" "" 0 0 0.0 0.0 -999 ""
FIBERMAP 1228 R-4C5 METROLOGY 0 0 0 1 0 0 -152.30470501432268 -71.83629039964126 143.1 72.57165629981986 -151.9482213159822 347.35458 166.38402 -999.0 -999.0 -999.0 -999.0 -999.0 267.7839754445421 -20.052941048775818 267.8414444286318 -20.062443404760995 75.73537662105903 53.867759980805204 -999.0 6231.0 -999.0 -1 -999 {-999.0 -999.0 -999.0 -999.0 -999.0} "" -999.0 -999.0 -999.0 -999.0 -999 -999 "" "" "" "" 0 0 0.0 0.0 -999 ""
FIBERMAP 1230 R+8C17 APOGEE 1 1 0 1 0 0 173.603345058264 166.61003817292755 143.1 -167.44385255871157 172.78585244815594 87.975845 51.630203 267.01630481013535 -19.066518183223046 -0.1629836 -4.0172024 0.16756292 267.01630430998546 -19.06652983456788 267.071040575714 -19.078225738657018 75.58454386841122 48.96631227942482 16000.0 16600.0 2016.0 2 75 {-999.0 17.497046 15.213384 14.101668 -999.0} sdss_psfmag_ps1 16.294067 14.63968 13.380063 10.163 63050395482801226 1149091857 bright_12x1 mwm_bin_rv_short_rgb_apogee_12epoch mwm_bin science 0 0 0.0 0.0 -999 ""
FIBERMAP 1230 R+8C17 BOSS 0 0 0 1 0 0 174.16098017420742 166.11791019046038 143.1 -166.95445607794315 173.34584682974122 87.975845 51.630203 -999.0 -999.0 -999.0 -999.0 -999.0 267.0179041397214 -19.064785517935515 267.0725943382623 -19.076517170460864 75.58229539935866 48.965746079714904 -999.0 5400.0 -999.0 1 234 {-999.0 -999.0 -999.0 -999.0 -999.0} "" -999.0 -999.0 -999.0 -999.0 -999 -999 "" "" "" "" 0 0 0.0 0.0 -999 ""
FIBERMAP 1230 R+8C17 METROLOGY 0 0 0 1 0 0 173.45523166825913 165.87419473296663 143.1 -166.70732847075462 172.64131753562165 87.975845 51.630203 -999.0 -999.0 -999.0 -999.0 -999.0 267.0186307434931 -19.066893860985314 267.0733385051518 -19.078611945439654 75.58330452076525 48.97364148327574 -999.0 6231.0 -999.0 -1 -999 {-999.0 -999.0 -999.0 -999.0 -999.0} "" -999.0 -999.0 -999.0 -999.0 -999 -999 "" "" "" "" 0 0 0.0 0.0 -999 ""
FIBERMAP 1233 R+11C16 APOGEE 1 1 0 1 0 0 178.41937060019936 196.96823504621057 143.1 -197.82384824932316 177.45431018387077 347.65024 62.242462 266.9195783624104 -19.052242206728312 1.2612027 0.29236338 0.6879849 266.9195822323458 -19.05224135876838 266.9742924934566 -19.064191098874872 75.63814323473004 48.662893767587896 16000.0 16600.0 2016.0 2 104 {-999.0 14.255308 12.83341 12.1550665 -999.0} sdss_psfmag_from_g3xp 13.674574 12.7057 11.737318 9.547 63050395483036726 1147910035 bright_12x1 mwm_bin_rv_short_rgb_apogee_12epoch mwm_bin science 0 0 0.0 0.0 -999 ""
FIBERMAP 1233 R+11C16 BOSS 0 0 0 1 0 0 177.96305510959334 196.39788413176998 143.1 -197.25131251397582 177.00078604641533 347.65024 62.242462 -999.0 -999.0 -999.0 -999.0 -999.0 266.92143087801315 -19.05357219102481 266.97610432690703 -19.065556339440715 75.63793546893137 48.67168318440122 -999.0 5400.0 -999.0 1 178 {-999.0 -999.0 -999.0 -999.0 -999.0} "" -999.0 -999.0 -999.0 -999.0 -999 -999 "" "" "" "" 0 0 0.0 0.0 -999 ""
FIBERMAP 1233 R+11C16 METROLOGY 0 0 0 1 0 0 177.68872660361947 197.09782593228587 143.1 -197.9498868481342 176.72307515378333 347.65024 62.242462 -999.0 -999.0 -999.0 -999.0 -999.0 266.9191463205755 -19.054382372298118 266.9738339419996 -19.066361054445608 75.64000511941607 48.66771495352202 -999.0 6231.0 -999.0 -1 -999 {-999.0 -999.0 -999.0 -999.0 -999.0} "" -999.0 -999.0 -999.0 -999.0 -999 -999 "" "" "" "" 0 0 0.0 0.0 -999 ""
FIBERMAP 1234 R+5C14 APOGEE 1 1 0 1 0 0 65.63357721470476 79.46128620381172 143.1 -79.77567052190622 65.24457926863258 348.87848 55.50305 267.29489368964687 -19.39281044975122 -2.092803 -4.01013 0.3384658 267.2948872546652 -19.392822080583272 267.35053064644495 -19.40372021103527 75.62788938034649 50.64295032741503 16000.0 16600.0 2016.0 2 93 {-999.0 17.32502 15.000207 14.0399275 -999.0} sdss_psfmag_ps1 16.125298 14.510555 13.288898 9.97 63050395478690090 1149079553 bright_12x1 mwm_bin_rv_short_rgb_apogee_12epoch mwm_bin science 0 0 0.0 0.0 -999 ""
FIBERMAP 1234 R+5C14 BOSS 0 0 0 1 0 0 65.08392735799745 78.96217919367795 143.1 -79.2739220809007 64.69737987394019 348.87848 55.50305 -999.0 -999.0 -999.0 -999.0 -999.0 267.2964875326011 -19.394413413198716 267.3520935297556 -19.40534533864023 75.6279655109036 50.65178437970707 -999.0 5400.0 -999.0 1 166 {-999.0 -999.0 -999.0 -999.0 -999.0} "" -999.0 -999.0 -999.0 -999.0 -999 -999 "" "" "" "" 0 0 0.0 0.0 -999 ""
FIBERMAP 1234 R+5C14 METROLOGY 0 0 0 1 0 0 64.91808464669336 79.67616802907631 143.1 -79.98706916894399 64.52808099345877 348.87848 55.50305 -999.0 -999.0 -999.0 -999.0 -999.0 267.29417138490544 -19.39492389785384 267.34979110571646 -19.40585084773885 75.62987486342888 50.647145151376094 -999.0 6231.0 -999.0 -1 -999 {-999.0 -999.0 -999.0 -999.0 -999.0} "" -999.0 -999.0 -999.0 -999.0 -999 -999 "" "" "" "" 0 0 0.0 0.0 -999 ""
FIBERMAP 1236 R+13C5 APOGEE 1 1 0 1 0 0 -76.07680916179322 261.9862782494897 143.1 -261.60353795464385 -77.34420451902449 236.83582 9.477309 266.70944470203773 -19.82144346750359 -0.8613036 -3.672249 0.119736955 266.70944204662146 -19.821454118358645 266.7664370334161 -19.833769525446005 76.32206434848108 50.329540076720455 16000.0 16600.0 2016.0 2 52 {-999.0 16.711948 14.647901 13.584111 -999.0} sdss_psfmag_from_g3xp 15.697969 14.236114 13.072805 10.037 63050395480421381 1152207454 bright_1x1 mwm_galactic_core_dist_apogee_sparse mwm_galactic science 0 0 0.0 0.0 -999 ""
FIBERMAP 1236 R+13C5 BOSS 0 0 0 1 0 0 -75.77689381434791 262.6770042040898 143.1 -262.2956835387242 -77.04765656807544 236.83582 9.477309 -999.0 -999.0 -999.0 -999.0 -999.0 266.70729114411546 -19.820497795935292 266.76424395280674 -19.832855460444016 76.32290188691752 50.3206791362972 -999.0 5400.0 -999.0 1 89 {-999.0 -999.0 -999.0 -999.0 -999.0} "" -999.0 -999.0 -999.0 -999.0 -999 -999 "" "" "" "" 0 0 0.0 0.0 -999 ""
FIBERMAP 1236 R+13C5 METROLOGY 0 0 0 1 0 0 -75.33402357934466 262.0503297967989 143.1 -261.67119068259353 -76.6017682154572 236.83582 9.477309 -999.0 -999.0 -999.0 -999.0 -999.0 266.7092236308489 -19.819194376788847 266.7661835511973 -19.831537007531768 76.32067533914284 50.32208059821977 -999.0 6231.0 -999.0 -1 -999 {-999.0 -999.0 -999.0 -999.0 -999.0} "" -999.0 -999.0 -999.0 -999.0 -999 -999 "" "" "" "" 0 0 0.0 0.0 -999 ""
FIBERMAP 1237 R-2C7 APOGEE 1 1 0 1 0 0 -137.43006570789512 -60.237593841991306 143.1 60.901378474324126 -137.13063684329393 329.61667 30.962431 267.7463709812885 -20.00804109380159 2.9113443 -3.509753 0.47275922 267.7463799676175 -20.0080512733588 267.80375432091995 -20.01763579566563 75.7323550945243 53.636334918901866 16000.0 16600.0 2016.0 2 286 {-999.0 16.077387 14.406401 13.567905 -999.0} sdss_psfmag_from_g3xp 15.338159 14.169752 13.104643 10.531 63050395476716170 1069500788 bright_18x1 mwm_bin_rv_short_subgiant_apogee mwm_bin science 0 0 0.0 0.0 -999 ""
FIBERMAP 1237 R-2C7 BOSS 0 0 0 1 0 0 -138.122745327248 -59.979565783338735 143.1 60.64672512396296 -137.82453272558476 329.61667 30.962431 -999.0 -999.0 -999.0 -999.0 -999.0 267.7456243376241 -20.010175302147687 267.8029615711471 -20.019797390452982 75.73434434436109 53.64090822837727 -999.0 5400.0 -999.0 1 469 {-999.0 -999.0 -999.0 -999.0 -999.0} "" -999.0 -999.0 -999.0 -999.0 -999 -999 "" "" "" "" 0 0 0.0 0.0 -999 ""
FIBERMAP 1237 R-2C7 METROLOGY 0 0 0 1 0 0 -137.54737633244733 -59.51410539728579 143.1 60.17849675837827 -137.25145224827585 329.61667 30.962431 -999.0 -999.0 -999.0 -999.0 -999.0 267.7441131677654 -20.008465940467282 267.80145795176657 -20.018082120254217 75.73426763448909 53.63189571421873 -999.0 6231.0 -999.0 -1 -999 {-999.0 -999.0 -999.0 -999.0 -999.0} "" -999.0 -999.0 -999.0 -999.0 -999 -999 "" "" "" "" 0 0 0.0 0.0 -999 ""
FIBERMAP 1238 R-9C3 APOGEE 1 1 0 1 0 0 -149.42720166493285 -154.06525792743113 143.1 154.78240285393846 -148.6718365082608 159.54724 42.67353 268.04874793993054 -20.042633559773588 -2.1208594 0.12524898 0.1807256 268.0487413921192 -20.042633196505964 268.10616428941165 -20.05142581358981 75.54044036495965 54.49175052951538 16000.0 16600.0 2016.0 2 283 {-999.0 18.438677 15.93554 14.5978155 -999.0} sdss_psfmag_ps1 17.085543 15.146595 13.853638 10.305 63050395477638597 1149103228 bright_12x1 mwm_bin_rv_short_rgb_apogee_12epoch mwm_bin science 0 0 0.0 0.0 -999 ""
FIBERMAP 1238 R-9C3 BOSS 0 0 0 1 0 0 -148.7448564608834 -153.76511187026423 143.1 154.47896113737175 -147.99098314368982 159.54724 42.67353 -999.0 -999.0 -999.0 -999.0 -999.0 268.04785276614194 -20.04057596447446 268.1052251354545 -20.049407459375473 75.53979180002978 54.48332007827992 -999.0 5400.0 -999.0 1 464 {-999.0 -999.0 -999.0 -999.0 -999.0} "" -999.0 -999.0 -999.0 -999.0 -999 -999 "" "" "" "" 0 0 0.0 0.0 -999 ""
FIBERMAP 1238 R-9C3 METROLOGY 0 0 0 1 0 0 -148.83821305369113 -154.51281738009843 143.1 155.22708096411498 -148.0807065312796 159.54724 42.67353 -999.0 -999.0 -999.0 -999.0 -999.0 268.0502692122048 -20.04087255062717 268.10765465693487 -20.04968748389897 75.53824516657852 54.49013375881526 -999.0 6231.0 -999.0 -1 -999 {-999.0 -999.0 -999.0 -999.0 -999.0} "" -999.0 -999.0 -999.0 -999.0 -999 -999 "" "" "" "" 0 0 0.0 0.0 -999 ""
FIBERMAP 1239 R0C25 APOGEE 1 1 0 1 0 0 233.82160898761782 -16.92630647664389 143.1 15.790769886199783 233.8916407896204 294.6778 40.274345 267.6036071777344 -18.883750503572713 -999.0 -999.0 -999.0 267.6036071777344 -18.883750503572713 267.6577126136576 -18.89396789897251 75.06345347620953 50.01204182607965 16000.0 16600.0 2015.5 2 105 {-999.0 -999.0 -999.0 -999.0 -999.0} "" -999.0 -999.0 -999.0 -999.0 27021603148192670 848967008 "" ops_sky_apogee_good ops_sky sky_apogee 0 0 0.0 0.0 -999 ""
FIBERMAP 1239 R0C25 BOSS 0 0 0 1 0 0 233.17401148338064 -16.58012253937202 143.1 15.447746452624408 233.24239689651665 294.6778 40.274345 -999.0 -999.0 -999.0 -999.0 -999.0 267.6025508306552 -18.88562700432036 267.65661909235894 -18.895887079245593 75.06554115362596 50.01448112268753 -999.0 5400.0 -999.0 1 179 {-999.0 -999.0 -999.0 -999.0 -999.0} "" -999.0 -999.0 -999.0 -999.0 -999 -999 "" "" "" "" 0 0 0.0 0.0 -999 ""
FIBERMAP 1239 R0C25 METROLOGY 0 0 0 1 0 0 233.76350300031498 -16.183053749531396 143.1 15.047837610285512 233.82993104694597 294.6778 40.274345 -999.0 -999.0 -999.0 -999.0 -999.0 267.6012655898925 -18.88382990716198 267.6553409835119 -18.894082292934982 75.06512319946192 50.00620904690186 -999.0 6231.0 -999.0 -1 -999 {-999.0 -999.0 -999.0 -999.0 -999.0} "" -999.0 -999.0 -999.0 -999.0 -999 -999 "" "" "" "" 0 0 0.0 0.0 -999 ""
FIBERMAP 1244 R-7C12 APOGEE 1 1 0 1 0 0 31.174600842216364 -118.79338379429562 143.1 118.63595309394847 31.749452447137937 128.92775 81.878136 267.9331970214843 -19.49595044830157 -999.0 -999.0 -999.0 267.9331970214843 -19.49595044830157 267.9890323220898 -19.505170469187107 75.25986263980526 52.58146569807781 16000.0 16600.0 2015.5 2 163 {-999.0 -999.0 -999.0 -999.0 -999.0} "" -999.0 -999.0 -999.0 -999.0 27021603148178667 848964366 "" ops_sky_apogee_good ops_sky sky_apogee 0 0 0.0 0.0 -999 ""
FIBERMAP 1244 R-7C12 BOSS 0 0 0 1 0 0 31.802444751068755 -118.4004447678016 143.1 118.23998768945201 32.375357044197756 128.92775 81.878136 -999.0 -999.0 -999.0 -999.0 -999.0 267.9320330021644 -19.49399563800374 267.987818680807 -19.50325728602305 75.2594119163528 52.57288572309989 -999.0 5400.0 -999.0 1 394 {-999.0 -999.0 -999.0 -999.0 -999.0} "" -999.0 -999.0 -999.0 -999.0 -999 -999 "" "" "" "" 0 0 0.0 0.0 -999 ""
FIBERMAP 1244 R-7C12 METROLOGY 0 0 0 1 0 0 31.84938500365309 -119.13412141462857 143.1 118.9733985645598 32.42585516065332 128.92775 81.878136 -999.0 -999.0 -999.0 -999.0 -999.0 267.93439067319565 -19.49385204885741 267.99018800083616 -19.5030968095953 75.25765796888092 52.578355785480426 -999.0 6231.0 -999.0 -1 -999 {-999.0 -999.0 -999.0 -999.0 -999.0} "" -999.0 -999.0 -999.0 -999.0 -999 -999 "" "" "" "" 0 0 0.0 0.0 -999 ""
FIBERMAP 1245 R-13C10 APOGEE 1 1 0 1 0 0 41.40896521586402 -260.38032520393597 143.1 260.16589983039876 42.67036232472018 235.17572 87.37934 268.3860375805875 -19.46285005888927 0.04378503 -11.240907 0.36668503 268.3860377152765 -19.46288266159834 268.4416933016443 -19.470936908850693 74.92038926401875 53.59522399607199 16000.0 16600.0 2016.0 2 158 {-999.0 15.979383 13.827482 12.689842 -999.0} sdss_psfmag_from_g3xp 14.900143 13.341813 12.143347 8.967 63050395478464742 1147644947 bright_12x1 mwm_bin_rv_short_rgb_apogee_12epoch mwm_bin science 0 0 0.0 0.0 -999 ""
FIBERMAP 1245 R-13C10 BOSS 0 0 0 1 0 0 40.79871393529267 -259.9454404366792 143.1 259.73399893022395 42.05803228540583 235.17572 87.37934 -999.0 -999.0 -999.0 -999.0 -999.0 268.3847185290407 -19.464696676247286 268.44033391574544 -19.472792360789686 74.92258057100138 53.59727062352346 -999.0 5400.0 -999.0 1 439 {-999.0 -999.0 -999.0 -999.0 -999.0} "" -999.0 -999.0 -999.0 -999.0 -999 -999 "" "" "" "" 0 0 0.0 0.0 -999 ""
FIBERMAP 1245 R-13C10 METROLOGY 0 0 0 1 0 0 41.47706173710833 -259.63334781205725 143.1 259.41863066282616 42.73483048190048 235.17572 87.37934 -999.0 -999.0 -999.0 -999.0 -999.0 268.3837456568151 -19.46265351820333 268.43936820353326 -19.470741316519774 74.92189551105014 53.589055781803495 -999.0 6231.0 -999.0 -1 -999 {-999.0 -999.0 -999.0 -999.0 -999.0} "" -999.0 -999.0 -999.0 -999.0 -999 -999 "" "" "" "" 0 0 0.0 0.0 -999 ""
FIBERMAP 1248 R-10C3 APOGEE 1 1 0 1 0 0 -122.69211164542853 -181.19465071168403 143.1 181.78065432199406 -121.80648057049517 79.06492 80.71772 268.1356702959989 -19.961175160876447 -1.379916 -3.1312935 0.53613335 268.13566603793487 -19.961184242764073 268.19283290165873 -19.969770561356828 75.42544398876832 54.457133834111794 16000.0 16600.0 2016.0 2 284 {-999.0 14.819602 12.738048 11.732964 -999.0} sdss_psfmag_from_g3xp 13.790869 12.372665 11.220601 8.207 63050395477675891 1147464136 bright_12x1 mwm_bin_rv_short_rgb_apogee_12epoch mwm_bin science 0 0 0.0 0.0 -999 ""
FIBERMAP 1248 R-10C3 BOSS 0 0 0 1 0 0 -121.96562741717962 -181.41975602094817 143.1 182.00222258476 -121.07894159293109 79.06492 80.71772 -999.0 -999.0 -999.0 -999.0 -999.0 268.13646637546714 -19.958970844225885 268.19358162517244 -19.967592052601834 75.42348789051628 54.45240734928643 -999.0 5400.0 -999.0 1 465 {-999.0 -999.0 -999.0 -999.0 -999.0} "" -999.0 -999.0 -999.0 -999.0 -999 -999 "" "" "" "" 0 0 0.0 0.0 -999 ""
FIBERMAP 1248 R-10C3 METROLOGY 0 0 0 1 0 0 -122.53059533629676 -181.91940658037348 143.1 182.50458888049073 -121.64145561927624 79.06492 80.71772 -999.0 -999.0 -999.0 -999.0 -999.0 268.13809182234 -19.96069515027232 268.1952245864885 -19.96930141106831 75.42343563487353 54.46155800858929 -999.0 6231.0 -999.0 -1 -999 {-999.0 -999.0 -999.0 -999.0 -999.0} "" -999.0 -999.0 -999.0 -999.0 -999 -999 "" "" "" "" 0 0 0.0 0.0 -999 ""
FIBERMAP 1250 R-9C17 APOGEE 0 0 0 1 0 0 154.8174687782098 -191.16965171445372 143.1 190.40847511750883 155.7371372955575 293.41022 38.075375 -999.0 -999.0 -999.0 -999.0 -999.0 268.162289347184 -19.120944388346942 268.2169862508814 -19.12965878857661 74.84683809436902 52.08043220730747 -999.0 16600.0 -999.0 2 -999 {-999.0 -999.0 -999.0 -999.0 -999.0} "" -999.0 -999.0 -999.0 -999.0 -999 -999 "" "" "" "" 0 0 0.0 0.0 -999 ""
FIBERMAP 1250 R-9C17 BOSS 1 1 0 1 0 0 154.14258438610588 -190.79029860577654 143.1 190.03241664424797 155.0604469681563 293.41022 38.075375 268.1611633300781 -19.122929002370157 -999.0 -999.0 -999.0 268.1611633300781 -19.12292900237016 268.2158213522962 -19.13168552634256 74.84902646535274 52.083217300412024 5400.0 5400.0 2015.5 1 334 {-999.0 -999.0 -999.0 -999.0 -999.0} "" -999.0 -999.0 -999.0 -999.0 27021603148179507 852693492 "" ops_sky_boss_fallback ops_sky sky_boss 0 0 0.0 0.0 -999 ""
FIBERMAP 1250 R-9C17 METROLOGY 0 0 0 1 0 0 154.78602860224925 -190.42231662754045 143.1 189.6613312926457 155.70207217324457 293.41022 38.075375 -999.0 -999.0 -999.0 -999.0 -999.0 268.1599917531013 -19.120974808996966 268.2146570080512 -19.129723589950157 74.84848915889319 52.07486062236967 -999.0 6231.0 -999.0 -1 -999 {-999.0 -999.0 -999.0 -999.0 -999.0} "" -999.0 -999.0 -999.0 -999.0 -999 -999 "" "" "" "" 0 0 0.0 0.0 -999 ""
FIBERMAP 1255 R-8C3 APOGEE 1 1 0 1 0 0 -163.1138307345775 -134.7648024378679 143.1 135.5493634012471 -162.451415790293 173.47885 33.890152 267.98675537109375 -20.084408585702747 -999.0 -999.0 -999.0 267.98675537109375 -20.084408585702743 268.0443127321465 -20.093352140880643 75.6118206719267 54.467113977624116 16000.0 16600.0 2015.5 2 282 {-999.0 -999.0 -999.0 -999.0 -999.0} "" -999.0 -999.0 -999.0 -999.0 27021603148175116 848963564 "" ops_sky_apogee_good ops_sky sky_apogee 0 0 0.0 0.0 -999 ""
FIBERMAP 1255 R-8C3 BOSS 0 0 0 1 0 0 -162.4543672839943 -134.4344078707289 143.1 135.2157857785268 -161.79358978067356 173.47885 33.890152 -999.0 -999.0 -999.0 -999.0 -999.0 267.9857660369333 -20.08242677770712 268.04327333443075 -20.091409266763122 75.61129242173827 54.45862622160769 -999.0 5400.0 -999.0 1 463 {-999.0 -999.0 -999.0 -999.0 -999.0} "" -999.0 -999.0 -999.0 -999.0 -999 -999 "" "" "" "" 0 0 0.0 0.0 -999 ""
FIBERMAP 1255 R-8C3 METROLOGY 0 0 0 1 0 0 -162.50613632916244 -135.18291267677122 143.1 135.96450304924943 -161.84172389508473 173.47885 33.890152 -999.0 -999.0 -999.0 -999.0 -999.0 267.9881839205538 -20.08260043922695 268.04570387131935 -20.091566444092944 75.60966544189091 54.46509967292991 -999.0 6231.0 -999.0 -1 -999 {-999.0 -999.0 -999.0 -999.0 -999.0} "" -999.0 -999.0 -999.0 -999.0 -999 -999 "" "" "" "" 0 0 0.0 0.0 -999 ""
FIBERMAP 1257 R0C5 APOGEE 1 1 0 1 0 0 -206.9426101169511 8.284501605605245 143.1 -7.279847483664646 -206.97209770393346 91.99801 144.8472 267.5256892426486 -20.218654745018533 -7.793398 -6.4662213 0.026763696 267.52566515467583 -20.2186734994055 267.5836996166824 -20.228781147651897 76.02696709119289 53.72600336430653 16000.0 16600.0 2016.0 2 278 {-999.0 19.265812 16.642393 15.230429 -999.0} sdss_psfmag_ps1 17.830448 15.824332 14.5000515 10.838 63050395476670517 1153796774 bright_1x1 mwm_galactic_core_dist_apogee_sparse mwm_galactic science 0 0 0.0 0.0 -999 ""
FIBERMAP 1257 R0C5 BOSS 0 0 0 1 0 0 -206.4396430430258 8.829060221663408 143.1 -7.826818640983612 -206.47179923689657 91.99801 144.8472 -999.0 -999.0 -999.0 -999.0 -999.0 267.5239442895533 -20.217177171536104 267.5819318926042 -20.227324848513224 76.02725218073873 53.71693864924998 -999.0 5400.0 -999.0 1 452 {-999.0 -999.0 -999.0 -999.0 -999.0} "" -999.0 -999.0 -999.0 -999.0 -999 -999 "" "" "" "" 0 0 0.0 0.0 -999 ""
FIBERMAP 1257 R0C5 METROLOGY 0 0 0 1 0 0 -206.21475523936468 8.11801836986324 143.1 -7.116904910592189 -206.24347262185714 91.99801 144.8472 -999.0 -999.0 -999.0 -999.0 -999.0 267.5262250425088 -20.216535480148288 267.58422246242765 -20.22666741516341 76.02520356105755 53.720767637269205 -999.0 6231.0 -999.0 -1 -999 {-999.0 -999.0 -999.0 -999.0 -999.0} "" -999.0 -999.0 -999.0 -999.0 -999 -999 "" "" "" "" 0 0 0.0 0.0 -999 ""
FIBERMAP 1258 R-12C12 APOGEE 0 0 0 1 0 0 74.67620296970291 -231.70418630251135 143.1 231.3298105423181 75.79672169783157 189.61497 102.68751 -999.0 -999.0 -999.0 -999.0 -999.0 268.29381114641313 -19.362707205854743 268.34919045709137 -19.37102399712961 74.91850222466772 53.085467586060304 -999.0 16600.0 -999.0 2 -999 {-999.0 -999.0 -999.0 -999.0 -999.0} "" -999.0 -999.0 -999.0 -999.0 -999 -999 "" "" "" "" 0 0 0.0 0.0 -999 ""
FIBERMAP 1258 R-12C12 BOSS 1 1 0 1 0 0 74.39681869584668 -230.98103678643125 143.1 230.60805422816708 75.51384267958142 189.61497 102.68751 268.2915899383145 -19.363502891742286 -1.551553 -4.1376896 0.51626784 268.29158516843455 -19.363514892543705 268.3469218890403 -19.37187604502013 74.92066036821576 53.08237212741597 5400.0 5400.0 2016.0 1 428 {-999.0 17.833372 16.595066 15.964877 15.491627} sdss_psfmag_from_ps1dr2 17.3295 16.5277 15.5837 13.817 63050395478521018 1039965239 "" ops_std_boss_ps1dr2 ops_std standard_boss 0 0 0.0 0.0 -999 ""
FIBERMAP 1258 R-12C12 METROLOGY 0 0 0 1 0 0 75.13173797584541 -231.11090215897232 143.1 230.73434655267224 76.24935410372949 189.61497 102.68751 -999.0 -999.0 -999.0 -999.0 -999.0 268.29200657281086 -19.361288789598266 268.3473495373469 -19.369638396031366 74.9188589845648 53.07703952553436 -999.0 6231.0 -999.0 -1 -999 {-999.0 -999.0 -999.0 -999.0 -999.0} "" -999.0 -999.0 -999.0 -999.0 -999 -999 "" "" "" "" 0 0 0.0 0.0 -999 ""
FIBERMAP 1259 R+6C4 APOGEE 0 0 0 1 0 0 -160.55185257749213 125.24856626549024 143.1 -124.4629756174854 -161.1513306068307 78.5363 146.50417 -999.0 -999.0 -999.0 -999.0 -999.0 267.1480831573939 -20.078473880398224 267.20576595306693 -20.089592913191993 76.19799740023252 52.30697781381264 -999.0 16600.0 -999.0 2 -999 {-999.0 -999.0 -999.0 -999.0 -999.0} "" -999.0 -999.0 -999.0 -999.0 -999 -999 "" "" "" "" 0 0 0.0 0.0 -999 ""
FIBERMAP 1259 R+6C4 BOSS 1 1 0 1 0 0 -160.05033781305409 125.80273118396136 143.1 -125.01954553226757 -160.65253099034993 78.5363 146.50417 267.14630126953125 -20.07696178109984 -999.0 -999.0 -999.0 267.14630126953125 -20.076961781099836 267.20393856655755 -20.088121407691848 76.1982668626564 52.29756918410126 5400.0 5400.0 2015.5 1 39 {-999.0 -999.0 -999.0 -999.0 -999.0} "" -999.0 -999.0 -999.0 -999.0 27021603148172685 852691838 "" ops_sky_boss_fallback ops_sky sky_boss 0 0 0.0 0.0 -999 ""
FIBERMAP 1259 R+6C4 METROLOGY 0 0 0 1 0 0 -159.82787807711668 125.06052600490166 143.1 -124.27845830546752 -160.42648109182798 78.5363 146.50417 -999.0 -999.0 -999.0 -999.0 -999.0 267.14865918511157 -20.07632829162337 267.20630593380486 -20.087471860379978 76.19618963935149 52.30186489082223 -999.0 6231.0 -999.0 -1 -999 {-999.0 -999.0 -999.0 -999.0 -999.0} "" -999.0 -999.0 -999.0 -999.0 -999 -999 "" "" "" "" 0 0 0.0 0.0 -999 ""
FIBERMAP 1262 R-5C7 APOGEE 1 1 0 1 0 0 -114.64219456121897 -101.31936917849544 143.1 101.8704446829211 -114.1445890364957 207.19568 106.24527 267.87866750045947 -19.938456580748692 1.3818876 -2.1319888 2.7108014 267.8786717639937 -19.938462764289802 267.93581777720897 -19.94772055877539 75.59303113422695 53.756194790467966 16000.0 16600.0 2016.0 2 293 {-999.0 12.860473 12.225129 11.935226 -999.0} sdss_psfmag_from_g3xp 12.690569 12.226257 11.583709 10.418 63050395478250532 1069529779 bright_18x1 mwm_bin_rv_short_subgiant_apogee mwm_bin science 0 0 0.0 0.0 -999 ""
FIBERMAP 1262 R-5C7 BOSS 0 0 0 1 0 0 -115.14514090416881 -100.7456741081587 143.1 101.29921995056831 -114.6502932951395 207.19568 106.24527 -999.0 -999.0 -999.0 -999.0 -999.0 267.87691807460874 -19.940008329044574 267.9340248718273 -19.949306766715942 75.59534427532861 53.75650011292555 -999.0 5400.0 -999.0 1 482 {-999.0 -999.0 -999.0 -999.0 -999.0} "" -999.0 -999.0 -999.0 -999.0 -999 -999 "" "" "" "" 0 0 0.0 0.0 -999 ""
FIBERMAP 1262 R-5C7 METROLOGY 0 0 0 1 0 0 -114.41870213512621 -100.60261894984765 143.1 101.15264702778015 -113.92458633745971 207.19568 106.24527 -999.0 -999.0 -999.0 -999.0 -999.0 267.87645092383417 -19.937834189333095 267.93356385496975 -19.947124032470363 75.59422631131844 53.74876578165464 -999.0 6231.0 -999.0 -1 -999 {-999.0 -999.0 -999.0 -999.0 -999.0} "" -999.0 -999.0 -999.0 -999.0 -999 -999 "" "" "" "" 0 0 0.0 0.0 -999 ""
FIBERMAP 1263 R-7C13 APOGEE 1 1 0 1 0 0 36.534398523784176 -140.4876567014614 143.1 140.30309342993135 37.214247878358286 244.87901 53.67123 268.0027327981604 -19.4794246635038 17.995283 -1.1844927 1.9835294 268.00278815984416 -19.479428098954124 268.0585626416114 -19.488471610503545 75.20025178399095 52.70682339471449 16000.0 16600.0 2016.0 2 176 {-999.0 11.398067 10.205488 9.645507 -999.0} sdss_psfmag_from_g3xp 10.950567 10.138629 9.252095 7.266 63050395478500357 1147365427 bright_12x1 mwm_bin_rv_short_rgb_apogee_12epoch mwm_bin science 0 0 0.0 0.0 -999 ""
FIBERMAP 1263 R-7C13 BOSS 0 0 0 1 0 0 36.160596885666564 -139.82302246128694 143.1 139.64030753883756 36.83724033988989 244.87901 53.67123 -999.0 -999.0 -999.0 -999.0 -999.0 268.000773120301 -19.4805151351706 268.05650671717126 -19.489601881706466 75.20244480759324 52.704968336694094 -999.0 5400.0 -999.0 1 419 {-999.0 -999.0 -999.0 -999.0 -999.0} "" -999.0 -999.0 -999.0 -999.0 -999 -999 "" "" "" "" 0 0 0.0 0.0 -999 ""
FIBERMAP 1263 R-7C13 METROLOGY 0 0 0 1 0 0 36.90847142255814 -139.84022450050233 143.1 139.65387949548588 37.585159631654335 244.87901 53.67123 -999.0 -999.0 -999.0 -999.0 -999.0 268.00081944303554 -19.478253030185318 268.05655896843666 -19.48732935892489 75.20087476537506 52.6985329923383 -999.0 6231.0 -999.0 -1 -999 {-999.0 -999.0 -999.0 -999.0 -999.0} "" -999.0 -999.0 -999.0 -999.0 -999 -999 "" "" "" "" 0 0 0.0 0.0 -999 ""
FIBERMAP 1268 R0C1 APOGEE 1 1 0 1 0 0 -309.4537215648208 -5.194181662851963 143.1 6.695591018652044 -309.41249399597933 237.70961 67.57505 267.5698629152584 -20.526206454624297 -5.0116863 -3.6784816 0.12735601 267.56984739414213 -20.52621712355519 267.6287859366845 -20.53613870420889 76.19569630881523 54.8106924682628 16000.0 16600.0 2016.0 2 254 {-999.0 18.751257 16.770622 14.781765 -999.0} sdss_psfmag_gaia 16.985537 15.517843 13.777914 10.02 63050395475551793 1154719605 bright_1x1 mwm_galactic_core_dist_apogee_sparse mwm_galactic science 0 0 0.0 0.0 -999 ""
FIBERMAP 1268 R0C1 BOSS 0 0 0 1 0 0 -309.86113352218183 -4.591567947499537 143.1 6.09498554123203 -309.82280914808547 237.70961 67.57505 -999.0 -999.0 -999.0 -999.0 -999.0 267.56794863112805 -20.527334140825605 267.6268478722493 -20.53729443145739 76.19782821096669 54.809473788652724 -999.0 5400.0 -999.0 1 524 {-999.0 -999.0 -999.0 -999.0 -999.0} "" -999.0 -999.0 -999.0 -999.0 -999 -999 "" "" "" "" 0 0 0.0 0.0 -999 ""
FIBERMAP 1268 R0C1 METROLOGY 0 0 0 1 0 0 -309.15775192998547 -4.516529134780073 143.1 6.0165373314865835 -309.11982811226414 237.70961 67.57505 -999.0 -999.0 -999.0 -999.0 -999.0 267.56769122285766 -20.52531508908776 267.62659667930393 -20.535266874100955 76.19669742108825 54.80235120648467 -999.0 6231.0 -999.0 -1 -999 {-999.0 -999.0 -999.0 -999.0 -999.0} "" -999.0 -999.0 -999.0 -999.0 -999 -999 "" "" "" "" 0 0 0.0 0.0 -999 ""
FIBERMAP 1269 R+7C9 APOGEE 1 1 0 1 0 0 -46.110591753225016 142.30711734751844 143.1 -142.07598972205858 -46.79877455349556 161.00598 109.33783 267.0927808563007 -19.731869504422377 -3.61041 -7.4858675 0.03958746 267.0927697315892 -19.731891216154587 267.149440722226 -19.743234119146834 75.99992431013608 51.10388476607698 16000.0 16600.0 2016.0 2 139 {-999.0 18.569506 16.269249 14.914943 -999.0} sdss_psfmag_ps1 17.36703 15.486809 14.112254 10.546 63050395477165023 1153798133 bright_1x1 mwm_galactic_core_dist_apogee_sparse mwm_galactic science 0 0 0.0 0.0 -999 ""
FIBERMAP 1269 R+7C9 BOSS 0 0 0 1 0 0 -46.116663480676124 143.06200738003875 143.1 -142.83081120620457 -46.80850920243891 161.00598 109.33783 -999.0 -999.0 -999.0 -999.0 -999.0 267.0903175084436 -19.731889881868256 267.14694782045706 -19.743276072845845 76.00164987762719 51.09731012126224 -999.0 5400.0 -999.0 1 136 {-999.0 -999.0 -999.0 -999.0 -999.0} "" -999.0 -999.0 -999.0 -999.0 -999 -999 "" "" "" "" 0 0 0.0 0.0 -999 ""
FIBERMAP 1269 R+7C9 METROLOGY 0 0 0 1 0 0 -45.47137613970386 142.68501931564143 143.1 -142.45697402990916 -46.16142587057976 161.00598 109.33783 -999.0 -999.0 -999.0 -999.0 -999.0 267.0914999804179 -19.729950147261306 267.14813603650964 -19.741323264316467 75.99949221874064 51.094667342830746 -999.0 6231.0 -999.0 -1 -999 {-999.0 -999.0 -999.0 -999.0 -999.0} "" -999.0 -999.0 -999.0 -999.0 -999 -999 "" "" "" "" 0 0 0.0 0.0 -999 ""
FIBERMAP 1273 R+2C9 APOGEE 1 1 0 1 0 0 -79.39048482154865 42.262003405676055 143.1 -41.87455909347221 -79.59145815758461 357.25333 135.35031 267.4151678934833 -19.832929080244348 0.11666629 0.76750064 0.44247535 267.4151682531937 -19.832926854213955 267.4720831922605 -19.84341071598305 75.84710880128928 52.25841103016898 16000.0 16600.0 2016.0 2 32 {-999.0 15.762867 14.008341 13.153424 -999.0} sdss_psfmag_from_g3xp 14.9665365 13.760485 12.682374 10.033 63050395477100818 1148251164 bright_12x1 mwm_bin_rv_short_rgb_apogee_12epoch mwm_bin science 0 0 0.0 0.0 -999 ""
FIBERMAP 1273 R+2C9 BOSS 0 0 0 1 0 0 -78.85701974548013 41.744429013653296 143.1 -41.359600231286166 -79.05550908132508 357.25333 135.35031 -999.0 -999.0 -999.0 -999.0 -999.0 267.4168520459335 -19.83131627348697 267.47371967142806 -19.84183281825674 75.84490751003706 52.257934416346245 -999.0 5400.0 -999.0 1 54 {-999.0 -999.0 -999.0 -999.0 -999.0} "" -999.0 -999.0 -999.0 -999.0 -999 -999 "" "" "" "" 0 0 0.0 0.0 -999 ""
FIBERMAP 1273 R+2C9 METROLOGY 0 0 0 1 0 0 -79.58533354327567 41.539104845854496 143.1 -41.15075242406888 -79.78278879942408 357.25333 135.35031 -999.0 -999.0 -999.0 -999.0 -999.0 267.4175025463541 -19.833543066709378 267.4743885938566 -19.844047010546646 75.84594577463076 52.26633553626533 -999.0 6231.0 -999.0 -1 -999 {-999.0 -999.0 -999.0 -999.0 -999.0} "" -999.0 -999.0 -999.0 -999.0 -999 -999 "" "" "" "" 0 0 0.0 0.0 -999 ""
FIBERMAP 1275 R-6C7 APOGEE 1 1 0 1 0 0 -88.25858709024332 -124.67462917615016 143.1 125.09646439973716 -87.64901208848178 223.86523 158.98431 267.9536492084146 -19.858141573834676 -1.8988291 -1.1619647 0.2604018 267.95364335293385 -19.858144943953782 268.0105392886084 -19.867227210259596 75.48709402001381 53.70063470871269 16000.0 16600.0 2016.0 2 246 {-999.0 17.521631 15.36275 14.385675 -999.0} sdss_psfmag_ps1 16.406862 14.912946 13.729921 10.652 63050395478262180 1149142550 bright_12x1 mwm_bin_rv_short_rgb_apogee_12epoch mwm_bin science 0 0 0.0 0.0 -999 ""
FIBERMAP 1275 R-6C7 BOSS 0 0 0 1 0 0 -88.94169172423095 -124.97063286119224 143.1 125.39576764391592 -88.33064494525655 223.86523 158.98431 -999.0 -999.0 -999.0 -999.0 -999.0 267.95470481156633 -19.860211023998158 268.01156239435727 -19.869326809778343 75.48776303690278 53.70945604692673 -999.0 5400.0 -999.0 1 505 {-999.0 -999.0 -999.0 -999.0 -999.0} "" -999.0 -999.0 -999.0 -999.0 -999 -999 "" "" "" "" 0 0 0.0 0.0 -999 ""
FIBERMAP 1275 R-6C7 METROLOGY 0 0 0 1 0 0 -88.85429516452807 -124.2300432540498 143.1 124.65479227354284 -88.24684675103049 223.86523 158.98431 -999.0 -999.0 -999.0 -999.0 -999.0 267.9523227957418 -19.85997986910819 268.0091926649626 -19.869091468919404 75.48927747491578 53.702863556519105 -999.0 6231.0 -999.0 -1 -999 {-999.0 -999.0 -999.0 -999.0 -999.0} "" -999.0 -999.0 -999.0 -999.0 -999 -999 "" "" "" "" 0 0 0.0 0.0 -999 ""
FIBERMAP 1278 R+2C4 APOGEE 0 0 0 1 0 0 -186.18983688258618 35.156268864726265 143.1 -34.25092992347284 -186.35079888797526 6.738271 95.23277 -999.0 -999.0 -999.0 -999.0 -999.0 267.43877375390906 -20.15617530112872 267.49663807153377 -20.16652275021292 76.04694414409816 53.30841113807355 -999.0 16600.0 -999.0 2 -999 {-999.0 -999.0 -999.0 -999.0 -999.0} "" -999.0 -999.0 -999.0 -999.0 -999 -999 "" "" "" "" 0 0 0.0 0.0 -999 ""
FIBERMAP 1278 R+2C4 BOSS 1 1 0 1 0 0 -186.00515291028776 34.49103380587751 143.1 -33.586625518276584 -186.16289630822536 6.738271 95.23277 267.44096032389706 -20.15562304267785 -3.1462424 -6.052173 0.8363699 267.44095060336787 -20.15564059617616 267.4987706001162 -20.166017939108716 76.04511314761142 53.31236590833887 5400.0 5400.0 2016.0 1 35 {-999.0 19.864878 17.623325 16.533161 -999.0} sdss_psfmag_ps1 18.631153 17.142822 15.815364 12.6 63050395476731942 942852105 bright_1x1 openfibertargets_nov2020_34b open_fiber science 0 0 0.0 0.0 -999 ""
FIBERMAP 1278 R+2C4 METROLOGY 0 0 0 1 0 0 -186.74033290743984 34.64985762530081 143.1 -33.74187352517155 -186.89880896195427 6.738271 95.23277 -999.0 -999.0 -999.0 -999.0 -999.0 267.44042636020976 -20.15789403214928 267.4982650898519 -20.168262177265543 76.04695946792636 53.318010721734026 -999.0 6231.0 -999.0 -1 -999 {-999.0 -999.0 -999.0 -999.0 -999.0} "" -999.0 -999.0 -999.0 -999.0 -999 -999 "" "" "" "" 0 0 0.0 0.0 -999 ""
FIBERMAP 1279 R-5C22 APOGEE 1 1 0 1 0 0 242.9496407021561 -87.96101128734279 143.1 86.77750152194439 243.363908225999 39.59579 127.14205 267.83057405336 -18.855958163084964 -0.40509465 -4.442537 0.42208213 267.8305728118094 -18.855971048054073 267.88455759814826 -18.865607044315265 74.89095215921184 50.51681591549801 16000.0 16600.0 2016.0 2 236 {-999.0 15.94027 14.328721 13.563118 -999.0} sdss_psfmag_from_g3xp 15.239228 14.145294 13.112707 10.706 63050395482909367 1069529788 bright_18x1 mwm_bin_rv_short_subgiant_apogee mwm_bin science 0 0 0.0 0.0 -999 ""
FIBERMAP 1279 R-5C22 BOSS 0 0 0 1 0 0 243.68134868929795 -88.10410422597695 143.1 86.91703631104848 244.09627271263108 39.59579 127.14205 -999.0 -999.0 -999.0 -999.0 -999.0 267.8310617934837 -18.853724938375887 267.884996298441 -18.86340079563107 74.88910963308793 50.51189570519182 -999.0 5400.0 -999.0 1 346 {-999.0 -999.0 -999.0 -999.0 -999.0} "" -999.0 -999.0 -999.0 -999.0 -999 -999 "" "" "" "" 0 0 0.0 0.0 -999 ""
FIBERMAP 1279 R-5C22 METROLOGY 0 0 0 1 0 0 243.1765741148275 -88.66603997275139 143.1 87.4813924705992 243.59425116419666 39.59579 127.14205 -999.0 -999.0 -999.0 -999.0 -999.0 267.83287102985986 -18.855206078686226 267.88682188438577 -18.864865394890643 74.88890405360532 50.52054763987695 -999.0 6231.0 -999.0 -1 -999 {-999.0 -999.0 -999.0 -999.0 -999.0} "" -999.0 -999.0 -999.0 -999.0 -999 -999 "" "" "" "" 0 0 0.0 0.0 -999 ""
FIBERMAP 1282 R+11C4 APOGEE 1 1 0 1 0 0 -81.32636484255725 214.64255774794918 143.1 -214.23679427650978 -82.36374472478957 51.987568 60.49123 266.8606978939442 -19.837980773010504 -0.69270426 -1.1948277 0.17847428 266.860695758101 -19.837984238444385 266.91771578145773 -19.849903884796138 76.2311229455545 50.79586788580321 16000.0 16600.0 2016.0 2 148 {-999.0 18.060684 15.789885 14.563872 -999.0} sdss_psfmag_ps1 16.918444 15.123042 13.862679 10.593 63050395477032320 1153797862 bright_1x1 mwm_galactic_core_dist_apogee_sparse mwm_galactic science 0 0 0.0 0.0 -999 ""
FIBERMAP 1282 R+11C4 BOSS 0 0 0 1 0 0 -81.04150368844346 213.98311407689604 143.1 -213.57876708654936 -82.07569825359626 51.987568 60.49123 -999.0 -999.0 -999.0 -999.0 -999.0 266.8628100317764 -19.837107194151617 266.9197868753 -19.84905801741406 76.22913285430391 50.798983391651916 -999.0 5400.0 -999.0 1 151 {-999.0 -999.0 -999.0 -999.0 -999.0} "" -999.0 -999.0 -999.0 -999.0 -999 -999 "" "" "" "" 0 0 0.0 0.0 -999 ""
FIBERMAP 1282 R+11C4 METROLOGY 0 0 0 1 0 0 -81.77567623430187 214.05964616740397 143.1 -213.65173251399753 -82.81020417319104 51.987568 60.49123 -999.0 -999.0 -999.0 -999.0 -999.0 266.86251768589057 -19.839350676750538 266.919512585609 -19.85129140159894 76.23086747698335 50.80499226594668 -999.0 6231.0 -999.0 -1 -999 {-999.0 -999.0 -999.0 -999.0 -999.0} "" -999.0 -999.0 -999.0 -999.0 -999 -999 "" "" "" "" 0 0 0.0 0.0 -999 ""
FIBERMAP 1283 R+3C24 APOGEE 1 1 0 1 0 0 246.91631563685422 46.362794250909445 143.1 -47.558598416187536 246.6785480378393 247.88327 94.023605 267.401136540353 -18.844801066725722 1.2419404 -5.7061553 0.18191972 267.40114034644944 -18.844817616646953 267.4551673221434 -18.855568552865673 75.17128859234367 49.37729813694707 16000.0 16600.0 2016.0 2 85 {-999.0 16.683084 14.82218 13.885642 -999.0} sdss_psfmag_from_g3xp 15.8174715 14.512528 13.400301 10.587 63050395482954656 1148794513 bright_12x1 mwm_bin_rv_short_rgb_apogee_12epoch mwm_bin science 0 0 0.0 0.0 -999 ""
FIBERMAP 1283 R+3C24 BOSS 0 0 0 1 0 0 246.21051269697773 46.58380874441829 143.1 -47.776176434566594 245.97170912927737 247.88327 94.023605 -999.0 -999.0 -999.0 -999.0 -999.0 267.4004724484023 -18.84688254290798 267.4544634559286 -18.857675189749415 75.17325731729656 49.38121685763974 -999.0 5400.0 -999.0 1 258 {-999.0 -999.0 -999.0 -999.0 -999.0} "" -999.0 -999.0 -999.0 -999.0 -999 -999 "" "" "" "" 0 0 0.0 0.0 -999 ""
FIBERMAP 1283 R+3C24 METROLOGY 0 0 0 1 0 0 246.73729894380935 47.105533110005865 143.1 -48.300430110353616 246.49593634318077 247.88327 94.023605 -999.0 -999.0 -999.0 -999.0 -999.0 267.39878441209135 -18.845272733526496 267.4527829546997 -18.85605866739494 75.17322050391488 49.37235647635481 -999.0 6231.0 -999.0 -1 -999 {-999.0 -999.0 -999.0 -999.0 -999.0} "" -999.0 -999.0 -999.0 -999.0 -999 -999 "" "" "" "" 0 0 0.0 0.0 -999 ""
FIBERMAP 1284 R+4C21 APOGEE 1 1 0 1 0 0 202.99231176020896 65.38115636448272 143.1 -66.36282695078543 202.6645283892584 268.8871 124.42267 267.34024081500553 -18.97714692158172 0.510668 0.471941 0.15420786 267.3402423812563 -18.97714555278155 267.3946646877941 -18.98802326351566 75.30574324104121 49.58280817334454 16000.0 16600.0 2016.0 2 116 {-999.0 17.819183 15.554325 14.328984 -999.0} sdss_psfmag_ps1 16.542974 14.893562 13.665216 10.482 63050395482822748 1149120812 bright_12x1 mwm_bin_rv_short_rgb_apogee_12epoch mwm_bin science 0 0 0.0 0.0 -999 ""
FIBERMAP 1284 R+4C21 BOSS 0 0 0 1 0 0 202.38334939938662 64.95208636952735 143.1 -65.93082407451281 202.05767969448186 268.8871 124.42267 -999.0 -999.0 -999.0 -999.0 -999.0 267.34164095154813 -18.978891872333666 267.39602622060477 -18.989805483354417 75.30610217487205 49.59135943746492 -999.0 5400.0 -999.0 1 201 {-999.0 -999.0 -999.0 -999.0 -999.0} "" -999.0 -999.0 -999.0 -999.0 -999 -999 "" "" "" "" 0 0 0.0 0.0 -999 ""
FIBERMAP 1284 R+4C21 METROLOGY 0 0 0 1 0 0 202.3207512125411 65.69623594348145 143.1 -66.67463135165103 201.99147363274122 268.8871 124.42267 -999.0 -999.0 -999.0 -999.0 -999.0 267.33923604117854 -18.979067422724178 267.39363410125566 -18.98997590572881 75.30781594779695 49.5855005378736 -999.0 6231.0 -999.0 -1 -999 {-999.0 -999.0 -999.0 -999.0 -999.0} "" -999.0 -999.0 -999.0 -999.0 -999 -999 "" "" "" "" 0 0 0.0 0.0 -999 ""
FIBERMAP 1288 R-12C5 APOGEE 0 0 0 1 0 0 -65.1501186160842 -241.3920265495362 143.1 241.6956808739457 -63.97534847431537 237.91667 154.21062 -999.0 -999.0 -999.0 -999.0 -999.0 268.3277141215625 -19.78564398872871 268.38432852819324 -19.793773619414313 75.17410814035043 54.39676968512896 -999.0 16600.0 -999.0 2 -999 {-999.0 -999.0 -999.0 -999.0 -999.0} "" -999.0 -999.0 -999.0 -999.0 -999 -999 "" "" "" "" 0 0 0.0 0.0 -999 ""
FIBERMAP 1288 R-12C5 BOSS 1 1 0 1 0 0 -65.76152138587088 -241.78828876073814 143.1 242.09488950759132 -64.58479665721084 237.91667 154.21062 268.3286773224427 -19.787448519784643 2.1555772 -0.6566782 0.8005552 268.3290532166734 -19.787450424389625 268.38562713479877 -19.795613318299676 75.17438960031944 54.40533029257697 5400.0 5400.0 2016.0 1 427 {-999.0 12.163704 11.632362 11.379894 -999.0} sdss_psfmag_from_g3xp 12.030253 11.613791 11.008903 9.996 63050395477788038 1068459723 bright_3x1 mwm_ob_core_boss mwm_ob science 0 0 1.250811219215393 0.0 -999 ""
FIBERMAP 1288 R-12C5 METROLOGY 0 0 0 1 0 0 -65.81319879201749 -241.0458721084548 143.1 241.35276206740474 -64.6400740943681 237.91667 154.21062 -999.0 -999.0 -999.0 -999.0 -999.0 268.32671473991417 -19.787647453603878 268.383302561974 -19.795805841298314 75.1761686122191 54.40030074817861 -999.0 6231.0 -999.0 -1 -999 {-999.0 -999.0 -999.0 -999.0 -999.0} "" -999.0 -999.0 -999.0 -999.0 -999 -999 "" "" "" "" 0 0 0.0 0.0 -999 ""
FIBERMAP 1292 R-8C6 APOGEE 0 0 0 1 0 0 -78.3777434135016 -170.55309852587305 143.1 170.92460988107482 -77.54604669701207 347.79196 67.91594 -999.0 -999.0 -999.0 -999.0 -999.0 268.1010275426665 -19.827330807446366 268.157806235159 -19.83603825356197 75.36251533995853 53.971305468421065 -999.0 16600.0 -999.0 2 -999 {-999.0 -999.0 -999.0 -999.0 -999.0} "" -999.0 -999.0 -999.0 -999.0 -999 -999 "" "" "" "" 0 0 0.0 0.0 -999 ""
FIBERMAP 1292 R-8C6 BOSS 1 1 0 1 0 0 -78.79658506745355 -171.2041031373213 143.1 171.57761328925983 -77.9617075518478 347.79196 67.91594 268.1032197606476 -19.82857931949116 2.1104672 1.8660139 1.0799415 268.1032262675515 -19.82857390737355 268.1599634956736 -19.83731227187077 75.36182958063225 53.9803902889191 5400.0 5400.0 2016.0 1 363 {-999.0 15.148085 14.415635 14.056894 -999.0} sdss_psfmag_from_g3xp 14.935329 14.405062 13.693081 12.337 63050395478278425 981659332 "" ops_std_boss_tic ops_std standard_boss 0 0 0.0 0.0 -999 ""
FIBERMAP 1292 R-8C6 METROLOGY 0 0 0 1 0 0 -79.12432981339356 -170.50719684515786 143.1 170.88233351793397 -78.29281718849761 347.79196 67.91594 -999.0 -999.0 -999.0 -999.0 -999.0 268.10100365713276 -19.829601869176763 268.1577569607309 -19.83833530449616 75.36406468623957 53.97801925232767 -999.0 6231.0 -999.0 -1 -999 {-999.0 -999.0 -999.0 -999.0 -999.0} "" -999.0 -999.0 -999.0 -999.0 -999 -999 "" "" "" "" 0 0 0.0 0.0 -999 ""
FIBERMAP 1293 R+1C5 APOGEE 1 1 0 1 0 0 -196.69832962875716 7.054937266019632 143.1 -6.100058966484905 -196.72238093505936 248.70985 111.069336 267.5295694063042 -20.187772282557802 -1.5996071 -1.96062 0.056451865 267.52956446319104 -20.18777796906742 267.5875068937754 -20.19788269637117 76.00387720279369 53.63976368103168 16000.0 16600.0 2016.0 2 39 {-999.0 19.41281 16.495552 17.620296 -999.0} sdss_psfmag_ps1 17.733358 13.927053 12.34888 7.521 63050395476675412 1153796788 bright_1x1 mwm_galactic_core_dist_apogee_sparse mwm_galactic science 0 0 0.0 0.0 -999 ""
FIBERMAP 1293 R+1C5 BOSS 0 0 0 1 0 0 -197.43110813244917 7.03826961473489 143.1 -6.079836242368639 -197.4550406166235 248.70985 111.069336 -999.0 -999.0 -999.0 -999.0 -999.0 267.5296641048933 -20.190009288568785 267.58757037444457 -20.20014856444748 76.00533017032645 53.646957206938 -999.0 5400.0 -999.0 1 65 {-999.0 -999.0 -999.0 -999.0 -999.0} "" -999.0 -999.0 -999.0 -999.0 -999 -999 "" "" "" "" 0 0 0.0 0.0 -999 ""
FIBERMAP 1293 R+1C5 METROLOGY 0 0 0 1 0 0 -197.10526988139662 7.694042591203125 143.1 -6.737156453421025 -197.13240148878256 248.70985 111.069336 -999.0 -999.0 -999.0 -999.0 -999.0 267.5275313279784 -20.189067575810373 267.58544729192204 -20.199202591242862 76.00620009604889 53.63857566740705 -999.0 6231.0 -999.0 -1 -999 {-999.0 -999.0 -999.0 -999.0 -999.0} "" -999.0 -999.0 -999.0 -999.0 -999 -999 "" "" "" "" 0 0 0.0 0.0 -999 ""
FIBERMAP 1294 R+13C4 APOGEE 1 1 0 1 0 0 -81.77307578772393 239.1699437932371 143.1 -238.76074267914896 -82.92945597032318 258.8003 114.27711 266.7822453838686 -19.839009749429103 3.2955503 -0.731846 0.17205043 266.7822555452389 -19.83901187204775 266.8392908784134 -19.851134538701654 76.28504121709119 50.58389043500213 16000.0 16600.0 2016.0 2 53 {-999.0 17.335615 15.215349 14.356453 -999.0} sdss_psfmag_ps1 16.280558 14.835457 13.663799 10.58 63050395477030698 1149132632 bright_12x1 mwm_bin_rv_short_rgb_apogee_12epoch mwm_bin science 0 0 0.0 0.0 -999 ""
FIBERMAP 1294 R+13C4 BOSS 0 0 0 1 0 0 -82.51912889293096 239.0788013461675 143.1 -238.66598459783847 -83.67502816414654 258.8003 114.27711 -999.0 -999.0 -999.0 -999.0 -999.0 266.78257187383133 -19.84123703321662 266.83957372816064 -19.853394773432687 76.28642260766559 50.59151927341378 -999.0 5400.0 -999.0 1 90 {-999.0 -999.0 -999.0 -999.0 -999.0} "" -999.0 -999.0 -999.0 -999.0 -999 -999 "" "" "" "" 0 0 0.0 0.0 -999 ""
FIBERMAP 1294 R+13C4 METROLOGY 0 0 0 1 0 0 -82.21281539537965 239.7829661993392 143.1 -239.3715994328365 -83.37214760895893 258.8003 114.27711 -999.0 -999.0 -999.0 -999.0 -999.0 266.7802662275702 -19.84032549609442 266.83727709237394 -19.852479106830533 76.28733720218915 50.582405170274114 -999.0 6231.0 -999.0 -1 -999 {-999.0 -999.0 -999.0 -999.0 -999.0} "" -999.0 -999.0 -999.0 -999.0 -999 -999 "" "" "" "" 0 0 0.0 0.0 -999 ""
FIBERMAP 1295 R-12C3 APOGEE 0 0 0 1 0 0 -129.15228864363976 -221.56711283391735 143.1 222.18237530768437 -128.07040866408897 202.34482 49.175957 -999.0 -999.0 -999.0 -999.0 -999.0 268.2651236698345 -19.979615839943445 268.32232119741775 -19.987862254499394 75.34487741531024 54.82565458260865 -999.0 16600.0 -999.0 2 -999 {-999.0 -999.0 -999.0 -999.0 -999.0} "" -999.0 -999.0 -999.0 -999.0 -999 -999 "" "" "" "" 0 0 0.0 0.0 -999 ""
FIBERMAP 1295 R-12C3 BOSS 1 1 0 1 0 0 -128.93290814709218 -220.81980691866542 143.1 221.43404350180975 -127.85466595851503 202.34482 49.175957 268.2627868652344 -19.97894511105008 -999.0 -999.0 -999.0 268.2627868652344 -19.978945111050084 268.31993746341374 -19.987234149472908 75.34617345376698 54.818017414595175 5400.0 5400.0 2015.5 1 425 {-999.0 -999.0 -999.0 -999.0 -999.0} "" -999.0 -999.0 -999.0 -999.0 27021603148175160 852692402 "" ops_sky_boss_fallback ops_sky sky_boss 0 0 0.0 0.0 -999 ""
FIBERMAP 1295 R-12C3 METROLOGY 0 0 0 1 0 0 -128.41871828095498 -221.42091864871622 143.1 222.0326289132236 -127.33758571468034 202.34482 49.175957 -999.0 -999.0 -999.0 -999.0 -999.0 268.2647341822796 -19.977407470131688 268.32189274079803 -19.98568150739052 75.34376783081127 54.81806572376348 -999.0 6231.0 -999.0 -1 -999 {-999.0 -999.0 -999.0 -999.0 -999.0} "" -999.0 -999.0 -999.0 -999.0 -999 -999 "" "" "" "" 0 0 0.0 0.0 -999 ""
FIBERMAP 1297 R+11C13 APOGEE 1 1 0 1 0 0 80.22670656473979 216.69100399045615 143.1 -217.0690989832944 79.17102186640676 231.1369 42.39637 266.85516357421875 -19.348863498344755 -999.0 -999.0 -999.0 266.85516357421875 -19.348863498344755 266.9107498636936 -19.36091106873913 75.89230721263452 49.33170320699061 16000.0 16600.0 2015.5 2 123 {-999.0 -999.0 -999.0 -999.0 -999.0} "" -999.0 -999.0 -999.0 -999.0 27021603148185515 848965844 "" ops_sky_apogee_good ops_sky sky_apogee 0 0 0.0 0.0 -999 ""
FIBERMAP 1297 R+11C13 BOSS 0 0 0 1 0 0 80.17217763006651 217.42289954111743 143.1 -217.80069202904585 79.11294410384504 231.1369 42.39637 -999.0 -999.0 -999.0 -999.0 -999.0 266.8528330377812 -19.34897831024863 266.90837987632415 -19.361070218403498 75.89399231749803 49.325638052793465 -999.0 5400.0 -999.0 1 104 {-999.0 -999.0 -999.0 -999.0 -999.0} "" -999.0 -999.0 -999.0 -999.0 -999 -999 "" "" "" "" 0 0 0.0 0.0 -999 ""
FIBERMAP 1297 R+11C13 METROLOGY 0 0 0 1 0 0 80.84193231525752 217.12443531415988 143.1 -217.5054933567021 79.78411246248297 231.1369 42.39637 -999.0 -999.0 -999.0 -999.0 -999.0 266.85374546679964 -19.34694971658012 266.909297606555 -19.359028877077012 75.89193181301684 49.32227706489488 -999.0 6231.0 -999.0 -1 -999 {-999.0 -999.0 -999.0 -999.0 -999.0} "" -999.0 -999.0 -999.0 -999.0 -999 -999 "" "" "" "" 0 0 0.0 0.0 -999 ""
FIBERMAP 1298 R+9C18 APOGEE 1 1 0 1 0 0 200.4639869308771 185.32514372498864 143.1 -186.2883351010769 199.55428529578896 58.563786 105.63027 266.95706892188934 -18.985752194727425 -0.8769968 -2.650536 0.33966294 266.95706623194593 -18.98575988224393 267.01157682340516 -18.99762804294808 75.56576163789822 48.579126382001256 16000.0 16600.0 2016.0 2 102 {-999.0 16.074444 13.933676 12.856456 -999.0} sdss_psfmag_from_g3xp 14.977887 13.512264 12.32891 9.267 63050395483042060 1147764807 bright_12x1 mwm_bin_rv_short_rgb_apogee_12epoch mwm_bin science 0 0 0.0 0.0 -999 ""
FIBERMAP 1298 R+9C18 BOSS 0 0 0 1 0 0 201.16038471913384 185.0934119341029 143.1 -186.05999470006412 200.25177154723983 58.563786 105.63027 -999.0 -999.0 -999.0 -999.0 -999.0 266.9578651028287 -18.983630165360946 267.01232886216565 -18.995536536014765 75.56376166288986 48.57536299875909 -999.0 5400.0 -999.0 1 176 {-999.0 -999.0 -999.0 -999.0 -999.0} "" -999.0 -999.0 -999.0 -999.0 -999 -999 "" "" "" "" 0 0 0.0 0.0 -999 ""
FIBERMAP 1298 R+9C18 METROLOGY 0 0 0 1 0 0 200.60759934315732 184.59783000694273 143.1 -185.56175594386644 199.7014196895376 58.563786 105.63027 -999.0 -999.0 -999.0 -999.0 -999.0 266.95938349613164 -18.985260805051237 267.0138632277798 -18.997151586908945 75.56391902841969 48.584048415374525 -999.0 6231.0 -999.0 -1 -999 {-999.0 -999.0 -999.0 -999.0 -999.0} "" -999.0 -999.0 -999.0 -999.0 -999 -999 "" "" "" "" 0 0 0.0 0.0 -999 ""
FIBERMAP 1299 R+7C16 APOGEE 1 1 0 1 0 0 135.38607713908385 119.03805988397497 143.1 -119.68888132402674 134.80141456040514 4.067161 45.238197 267.16807183254997 -19.18164454023591 -3.081808 -8.567744 2.6790721 267.1680623687737 -19.181669389803442 267.22310972622614 -19.19294529189007 75.56536398221316 49.70030611543707 16000.0 16600.0 2016.0 2 62 {-999.0 14.72183 13.852461 13.443605 -999.0} sdss_psfmag_from_g3xp 14.446653 13.842745 13.075371 11.579 63050395482704444 916917116 bright_3x1 mwm_yso_disk_apogee mwm_yso science 0 0 0.0 0.0 -999 ""
FIBERMAP 1299 R+7C16 BOSS 0 0 0 1 0 0 134.87945144082627 118.4974115287718 143.1 -119.14580247099575 134.29743868323604 4.067161 45.238197 -999.0 -999.0 -999.0 -999.0 -999.0 267.1697891579711 -19.183112810871236 267.2247990551373 -19.194423034239637 75.56528341210992 49.70902398690123 -999.0 5400.0 -999.0 1 209 {-999.0 -999.0 -999.0 -999.0 -999.0} "" -999.0 -999.0 -999.0 -999.0 -999 -999 "" "" "" "" 0 0 0.0 0.0 -999 ""
FIBERMAP 1299 R+7C16 METROLOGY 0 0 0 1 0 0 134.65907790000367 119.18792276467742 143.1 -119.8352085547101 134.07372572571302 4.067161 45.238197 -999.0 -999.0 -999.0 -999.0 -999.0 267.16754706544583 -19.183776976875443 267.22257097567297 -19.19508177682986 75.56723591321499 49.704914231630084 -999.0 6231.0 -999.0 -1 -999 {-999.0 -999.0 -999.0 -999.0 -999.0} "" -999.0 -999.0 -999.0 -999.0 -999 -999 "" "" "" "" 0 0 0.0 0.0 -999 ""
FIBERMAP 1305 R+6C10 APOGEE 0 0 0 1 0 0 -26.83361794673434 133.3139475472337 143.1 -133.17683042648622 -27.479157879164262 136.27872 81.125275 -999.0 -999.0 -999.0 -999.0 -999.0 267.121676738695 -19.673455175218013 267.1781713667723 -19.684736759494303 75.93993896005571 51.006689257531434 -999.0 16600.0 -999.0 2 -999 {-999.0 -999.0 -999.0 -999.0 -999.0} "" -999.0 -999.0 -999.0 -999.0 -999 -999 "" "" "" "" 0 0 0.0 0.0 -999 ""
FIBERMAP 1305 R+6C10 BOSS 1 1 0 1 0 0 -26.24407602841086 133.76214708464687 143.1 -133.62786761369668 -26.891821450846738 136.27872 81.125275 267.1202087402343 -19.671641177984085 -999.0 -999.0 -999.0 267.1202087402343 -19.671641177984085 267.1766571112186 -19.682964163081788 75.93974126346647 50.9973608901364 5400.0 5400.0 2015.5 1 133 {-999.0 -999.0 -999.0 -999.0 -999.0} "" -999.0 -999.0 -999.0 -999.0 27021603148173689 852692031 "" ops_sky_boss_fallback ops_sky sky_boss 0 0 0.0 0.0 -999 ""
FIBERMAP 1305 R+6C10 METROLOGY 0 0 0 1 0 0 -26.140586018690254 133.03251378325436 143.1 -132.89877429226274 -26.78479612614598 136.27872 81.125275 -999.0 -999.0 -999.0 -999.0 -999.0 267.1225282860379 -19.671342289794058 267.17898706218955 -19.682648800221656 75.93793955138199 51.00267367917212 -999.0 6231.0 -999.0 -1 -999 {-999.0 -999.0 -999.0 -999.0 -999.0} "" -999.0 -999.0 -999.0 -999.0 -999 -999 "" "" "" "" 0 0 0.0 0.0 -999 ""
FIBERMAP 1307 R+1C13 APOGEE 1 1 0 1 0 0 -24.35540243348334 23.99128269597297 143.1 -23.871851704727575 -24.470563331699033 166.72856 110.31175 267.4738129886473 -19.665805690005403 -1.8938501 -0.77613646 0.2075348 267.47380715555965 -19.66580794108272 267.53022083592316 -19.676178781777512 75.6932546473923 51.911082566062696 16000.0 16600.0 2016.0 2 11 {-999.0 16.782053 14.885208 13.939632 -999.0} sdss_psfmag_from_g3xp 15.890972 14.574546 13.451314 10.544 63050395478578564 1148746375 bright_12x1 mwm_bin_rv_short_rgb_apogee_12epoch mwm_bin science 0 0 0.0 0.0 -999 ""
FIBERMAP 1307 R+1C13 BOSS 0 0 0 1 0 0 -24.46876473813338 24.733373701745066 143.1 -24.613354178509336 -24.58752089338185 166.72856 110.31175 -999.0 -999.0 -999.0 -999.0 -999.0 267.4714403989884 -19.666134269361653 267.5278129839452 -19.67654849147552 75.69516414579161 51.90591420427529 -999.0 5400.0 -999.0 1 13 {-999.0 -999.0 -999.0 -999.0 -999.0} "" -999.0 -999.0 -999.0 -999.0 -999 -999 "" "" "" "" 0 0 0.0 0.0 -999 ""
FIBERMAP 1307 R+1C13 METROLOGY 0 0 0 1 0 0 -23.771257968882104 24.46159690897665 143.1 -24.344976230458595 -23.88873139298129 166.72856 110.31175 -999.0 -999.0 -999.0 -999.0 -999.0 267.4722989772262 -19.66402693837308 267.528677254021 -19.67442885672784 75.69312267291951 51.90189254879334 -999.0 6231.0 -999.0 -1 -999 {-999.0 -999.0 -999.0 -999.0 -999.0} "" -999.0 -999.0 -999.0 -999.0 -999 -999 "" "" "" "" 0 0 0.0 0.0 -999 ""
FIBERMAP 1310 R+2C13 APOGEE 0 0 0 1 0 0 3.2268099397002565 59.14213763663396 143.1 -59.154734225602134 2.9396453101143156 135.74683 48.37444 -999.0 -999.0 -999.0 -999.0 -999.0 267.3603853098806 -19.58218559897859 267.4165726234245 -19.59286986699356 75.71407225781292 51.36830226901304 -999.0 16600.0 -999.0 2 -999 {-999.0 -999.0 -999.0 -999.0 -999.0} "" -999.0 -999.0 -999.0 -999.0 -999 -999 "" "" "" "" 0 0 0.0 0.0 -999 ""
FIBERMAP 1310 R+2C13 BOSS 1 1 0 1 0 0 3.977966295662795 59.20893065407949 143.1 -59.22516890239104 3.6904386503376374 135.74683 48.37444 267.3601726012906 -19.579849631409854 -0.6262884 -5.2953525 0.60060877 267.36017067334393 -19.579864989853785 267.41630921110647 -19.590587957211717 75.7126806921981 51.36090500642268 5400.0 5400.0 2016.0 1 110 {-999.0 17.709682 16.511223 15.967992 -999.0} sdss_psfmag_ps1 17.20437 16.328724 15.405215 13.444 63050395478647288 980272593 "" ops_std_boss_red ops_std standard_boss 0 0 0.0 0.0 -999 ""
FIBERMAP 1310 R+2C13 METROLOGY 0 0 0 1 0 0 3.6609680024064337 58.53303584433377 143.1 -58.547770797305034 3.3767366673198422 135.74683 48.37444 -999.0 -999.0 -999.0 -999.0 -999.0 267.36233248485337 -19.58083598276917 267.4184853889385 -19.591542471395915 75.71185150381446 51.36943046187423 -999.0 6231.0 -999.0 -1 -999 {-999.0 -999.0 -999.0 -999.0 -999.0} "" -999.0 -999.0 -999.0 -999.0 -999 -999 "" "" "" "" 0 0 0.0 0.0 -999 ""
FIBERMAP 1311 R-8C9 APOGEE 0 0 0 1 0 0 -3.2407354695201214 -145.78137461398424 143.1 145.78955305273192 -2.5331380750287518 91.98308 34.783234 -999.0 -999.0 -999.0 -999.0 -999.0 268.02043353678414 -19.599999668378384 268.07655844680744 -19.60896923844762 75.26872352200195 53.101517176253935 -999.0 16600.0 -999.0 2 -999 {-999.0 -999.0 -999.0 -999.0 -999.0} "" -999.0 -999.0 -999.0 -999.0 -999 -999 "" "" "" "" 0 0 0.0 0.0 -999 ""
FIBERMAP 1311 R-8C9 BOSS 1 1 0 1 0 0 -2.800795580046082 -146.37890429714045 143.1 146.38491691370308 -2.0903213460907812 91.98308 34.783234 268.02246093749994 -19.598619635746147 -999.0 -999.0 -999.0 268.02246093749994 -19.598619635746147 268.0785369883564 -19.60762205771889 75.26643728833531 53.10249467414453 5400.0 5400.0 2015.5 1 387 {-999.0 -999.0 -999.0 -999.0 -999.0} "" -999.0 -999.0 -999.0 -999.0 27021603148178239 852693177 "" ops_sky_boss_fallback ops_sky sky_boss 0 0 0.0 0.0 -999 ""
FIBERMAP 1311 R-8C9 METROLOGY 0 0 0 1 0 0 -3.533771155813458 -146.46958119877888 143.1 146.4791460126881 -2.82281894670111 91.98308 34.783234 -999.0 -999.0 -999.0 -999.0 -999.0 268.02276772515347 -19.600852867037023 268.0788628699254 -19.609843257389823 75.26769742550562 53.10978774601398 -999.0 6231.0 -999.0 -1 -999 {-999.0 -999.0 -999.0 -999.0 -999.0} "" -999.0 -999.0 -999.0 -999.0 -999 -999 "" "" "" "" 0 0 0.0 0.0 -999 ""
FIBERMAP 1313 R+6C17 APOGEE 1 1 0 1 0 0 143.34855407825245 99.70338793802219 143.1 -100.39384973757159 142.85730411993924 340.19238 67.13841 267.2300720214844 -19.157478106587973 -999.0 -999.0 -999.0 267.2300720214844 -19.157478106587973 267.28503841578663 -19.16859907251332 75.50680490847685 49.797121680338364 16000.0 16600.0 2015.5 2 63 {-999.0 -999.0 -999.0 -999.0 -999.0} "" -999.0 -999.0 -999.0 -999.0 27021603148192198 848966914 "" ops_sky_apogee_good ops_sky sky_apogee 0 0 0.0 0.0 -999 ""
FIBERMAP 1313 R+6C17 BOSS 0 0 0 1 0 0 142.77441993712853 99.2066767575055 143.1 -99.89437818786911 142.28561008231628 340.19238 67.13841 -999.0 -999.0 -999.0 -999.0 -999.0 267.2316646509812 -19.159120015182655 267.2865940672174 -19.170275664143066 75.50695127171696 49.80601053087139 -999.0 5400.0 -999.0 1 215 {-999.0 -999.0 -999.0 -999.0 -999.0} "" -999.0 -999.0 -999.0 -999.0 -999 -999 "" "" "" "" 0 0 0.0 0.0 -999 ""
FIBERMAP 1313 R+6C17 METROLOGY 0 0 0 1 0 0 142.64802416623192 99.94914322921824 143.1 -100.63619286097834 142.1556179071775 340.19238 67.13841 -999.0 -999.0 -999.0 -999.0 -999.0 267.2292586457548 -19.15949989777167 267.28420133809686 -19.17065058252071 75.50881460206948 49.800684590639605 -999.0 6231.0 -999.0 -1 -999 {-999.0 -999.0 -999.0 -999.0 -999.0} "" -999.0 -999.0 -999.0 -999.0 -999 -999 "" "" "" "" 0 0 0.0 0.0 -999 ""
FIBERMAP 1315 R+3C7 APOGEE 1 1 0 1 0 0 -134.53380064622252 64.61950155574698 143.1 -63.963307108963036 -134.84041261830754 148.86835 117.97644 267.34335360314316 -20.00004931390747 -2.2706044 -1.7412457 0.033438873 267.34334659491634 -20.00005436415194 267.40076592366563 -20.01068549061777 76.00956488759223 52.57923116395685 16000.0 16600.0 2016.0 2 26 {-999.0 18.09006 15.8105755 14.071679 -999.0} sdss_psfmag_ps1 16.847227 14.399125 13.001831 9.215 63050395476767026 1153797067 bright_1x1 mwm_galactic_core_dist_apogee_sparse mwm_galactic science 0 0 0.0 0.0 -999 ""
FIBERMAP 1315 R+3C7 BOSS 0 0 0 1 0 0 -134.51581845120407 65.35999354888199 143.1 -64.70384802504283 -134.82602472116434 148.86835 117.97644 -999.0 -999.0 -999.0 -999.0 -999.0 267.3409690386365 -20.000023105579874 267.3983466470619 -20.010696390832063 76.01125237231497 52.572930446805685 -999.0 5400.0 -999.0 1 44 {-999.0 -999.0 -999.0 -999.0 -999.0} "" -999.0 -999.0 -999.0 -999.0 -999 -999 "" "" "" "" 0 0 0.0 0.0 -999 ""
FIBERMAP 1315 R+3C7 METROLOGY 0 0 0 1 0 0 -133.8767541597481 64.97991112260802 143.1 -64.3268864486449 -134.1851491006926 148.86835 117.97644 -999.0 -999.0 -999.0 -999.0 -999.0 267.34217160956507 -19.99811445397223 267.399555294421 -20.008774872887606 76.00911861430663 52.57022081685875 -999.0 6231.0 -999.0 -1 -999 {-999.0 -999.0 -999.0 -999.0 -999.0} "" -999.0 -999.0 -999.0 -999.0 -999 -999 "" "" "" "" 0 0 0.0 0.0 -999 ""
FIBERMAP 1319 R0C9 APOGEE 1 1 0 1 0 0 -120.1815191948326 -2.4886093050030356 143.1 3.0716822901545884 -120.16322041298784 149.1545 155.84969 267.55986750636674 -19.956371645740585 -2.6621556 -3.7144153 0.29752085 267.5598592918924 -19.956382418892847 267.61711339003716 -19.966462489953752 75.82919197820715 53.00557592890135 16000.0 16600.0 2016.0 2 276 {-999.0 17.18195 14.863331 13.639956 -999.0} sdss_psfmag_from_g3xp 15.941675 14.309918 13.071675 9.689 63050395476787255 1147997920 bright_12x1 mwm_bin_rv_short_rgb_apogee_12epoch mwm_bin science 0 0 0.0 0.0 -999 ""
FIBERMAP 1319 R0C9 BOSS 0 0 0 1 0 0 -120.59709374748678 -1.8858264547817436 143.1 2.4709472970432924 -120.58169855852715 149.1545 155.84969 -999.0 -999.0 -999.0 -999.0 -999.0 267.5579602225522 -19.95767135662806 267.6151756265406 -19.967792283564133 75.8314352478694 53.00463407562239 -999.0 5400.0 -999.0 1 449 {-999.0 -999.0 -999.0 -999.0 -999.0} "" -999.0 -999.0 -999.0 -999.0 -999 -999 "" "" "" "" 0 0 0.0 0.0 -999 ""
FIBERMAP 1319 R0C9 METROLOGY 0 0 0 1 0 0 -119.8538254281021 -1.8129888716705418 143.1 2.3945066456211825 -119.83882217879204 149.1545 155.84969 -999.0 -999.0 -999.0 -999.0 -999.0 267.55770806715844 -19.95544251382468 267.61492907465765 -19.96555435292308 75.83010978064692 52.99720714930123 -999.0 6231.0 -999.0 -1 -999 {-999.0 -999.0 -999.0 -999.0 -999.0} "" -999.0 -999.0 -999.0 -999.0 -999 -999 "" "" "" "" 0 0 0.0 0.0 -999 ""
FIBERMAP 1320 R+5C8 APOGEE 0 0 0 1 0 0 -80.4313408491103 112.01524671509499 143.1 -111.61914000914797 -80.9707501026585 112.45049 101.0888 -999.0 -999.0 -999.0 -999.0 -999.0 267.1903034323325 -19.83606476730694 267.2472648834796 -19.847130693230728 76.00449867647525 51.677419278319576 -999.0 16600.0 -999.0 2 -999 {-999.0 -999.0 -999.0 -999.0 -999.0} "" -999.0 -999.0 -999.0 -999.0 -999 -999 "" "" "" "" 0 0 0.0 0.0 -999 ""
FIBERMAP 1320 R+5C8 BOSS 1 1 0 1 0 0 -79.83878806243624 112.4427146507853 143.1 -112.04946127877446 -80.38030235815569 112.45049 101.0888 267.18895421864806 -19.834268452611273 -14.599539 -0.13031836 7.457889 267.18890920434876 -19.834268830576168 267.2458244511513 -19.845375234037657 76.00428583081373 51.668292580428286 5400.0 5400.0 2016.0 1 67 {-999.0 22.519384 20.672352 19.810987 -999.0} sdss_psfmag_ps1 21.513323 20.2475 19.31985 -999.0 63050395477082590 1080642807 bright_flexible_2x1 mwm_snc_ext_filler_boss mwm_snc science 0 0 0.0 0.0 -999 ""
FIBERMAP 1320 R+5C8 METROLOGY 0 0 0 1 0 0 -79.75708118452596 111.69140706108284 143.1 -111.2985890847565 -80.29495385917552 112.45049 101.0888 -999.0 -999.0 -999.0 -999.0 -999.0 267.1913046056337 -19.834042246579347 267.2482302362449 -19.8451322575726 76.00246921835563 51.67396117748075 -999.0 6231.0 -999.0 -1 -999 {-999.0 -999.0 -999.0 -999.0 -999.0} "" -999.0 -999.0 -999.0 -999.0 -999 -999 "" "" "" "" 0 0 0.0 0.0 -999 ""
FIBERMAP 1321 R-6C21 APOGEE 1 1 0 1 0 0 223.1892291796617 -99.80296422482841 143.1 98.7147321965545 223.66198494107078 119.20755 87.92801 267.86880265728803 -18.915329130015387 0.4324433 -1.3496332 0.31547612 267.86880398312763 -18.91533304444152 267.9229546870639 -18.924856068606548 74.9064281106237 50.77688338566857 16000.0 16600.0 2016.0 2 195 {-999.0 16.631601 14.716608 13.7924795 -999.0} sdss_psfmag_from_g3xp 15.721273 14.424263 13.314253 10.556 63050395478891540 1148759747 bright_12x1 mwm_bin_rv_short_rgb_apogee_12epoch mwm_bin science 0 0 0.0 0.0 -999 ""
FIBERMAP 1321 R-6C21 BOSS 0 0 0 1 0 0 223.86006978092612 -99.45057147970707 143.1 98.35910232518974 224.3310807623177 119.20755 87.92801 -999.0 -999.0 -999.0 -999.0 -999.0 267.867717657913 -18.913255008942674 267.92181870891784 -18.9228217159046 74.90577770249695 50.76840851341353 -999.0 5400.0 -999.0 1 268 {-999.0 -999.0 -999.0 -999.0 -999.0} "" -999.0 -999.0 -999.0 -999.0 -999 -999 "" "" "" "" 0 0 0.0 0.0 -999 ""
FIBERMAP 1321 R-6C21 METROLOGY 0 0 0 1 0 0 223.83239070550192 -100.19222887589427 143.1 99.10085563979064 224.30700214214448 119.20755 87.92801 -999.0 -999.0 -999.0 -999.0 -999.0 267.8700935356635 -18.913308587582936 267.92420672064804 -18.922857686324022 74.90418516615347 50.77456201004151 -999.0 6231.0 -999.0 -1 -999 {-999.0 -999.0 -999.0 -999.0 -999.0} "" -999.0 -999.0 -999.0 -999.0 -999 -999 "" "" "" "" 0 0 0.0 0.0 -999 ""
FIBERMAP 1322 R+4C3 APOGEE 1 1 0 1 0 0 -179.34493726218346 78.36864509723686 143.1 -77.49428491733198 -179.71594927081483 88.07165 4.0686183 267.299309877482 -20.135464727890245 -5.7173004 -7.966656 -0.13920292 267.29929221577373 -20.13548783408366 267.3571186244908 -20.146201671546212 76.13094797935317 52.88197312346558 16000.0 16600.0 2016.0 2 20 {-999.0 19.208126 16.468714 14.062532 -999.0} sdss_psfmag_ps1 17.634577 14.106256 12.572356 8.261 63050395476745189 1153796988 bright_1x1 mwm_galactic_core_dist_apogee_sparse mwm_galactic science 0 0 0.0 0.0 -999 ""
FIBERMAP 1322 R+4C3 BOSS 0 0 0 1 0 0 -179.32488702881244 77.6409627728147 143.1 -76.76673756575514 -179.6923688698455 88.07165 4.0686183 -999.0 -999.0 -999.0 -999.0 -999.0 267.30165674329044 -20.135446854735424 267.3594407396047 -20.14619002622235 76.12932088589007 52.888025913220076 -999.0 5400.0 -999.0 1 29 {-999.0 -999.0 -999.0 -999.0 -999.0} "" -999.0 -999.0 -999.0 -999.0 -999 -999 "" "" "" "" 0 0 0.0 0.0 -999 ""
FIBERMAP 1322 R+4C3 METROLOGY 0 0 0 1 0 0 -179.9711786702016 77.9636938108955 143.1 -77.0863156513356 -180.34019315841854 88.07165 4.0686183 -999.0 -999.0 -999.0 -999.0 -999.0 267.3005972961514 -20.137431461802095 267.35839920729654 -20.14816686552378 76.13137067685285 52.89142099068533 -999.0 6231.0 -999.0 -1 -999 {-999.0 -999.0 -999.0 -999.0 -999.0} "" -999.0 -999.0 -999.0 -999.0 -999 -999 "" "" "" "" 0 0 0.0 0.0 -999 ""
FIBERMAP 1327 R+4C12 APOGEE 0 0 0 1 0 0 5.9997074362021126 87.56344335349344 143.1 -87.588024405853 5.574479885822252 46.97702 128.02785 -999.0 -999.0 -999.0 -999.0 -999.0 267.2688527180628 -19.573832218234767 267.32503078047137 -19.584755620129776 75.77089162273887 51.102806167510266 -999.0 16600.0 -999.0 2 -999 {-999.0 -999.0 -999.0 -999.0 -999.0} "" -999.0 -999.0 -999.0 -999.0 -999 -999 "" "" "" "" 0 0 0.0 0.0 -999 ""
FIBERMAP 1327 R+4C12 BOSS 1 1 0 1 0 0 6.7260902712627875 87.5273075962796 143.1 -87.55541541925471 6.301000467660269 46.97702 128.02785 267.26894456038525 -19.571588497920335 3.5952134 0.9760432 0.53517395 267.26895562720915 -19.571585667040416 267.32508540909157 -19.582546928592794 75.76932705875132 51.096460525665385 5400.0 5400.0 2016.0 1 120 {-999.0 17.006521 15.494013 14.591214 -999.0} sdss_psfmag_ps1 16.127115 15.063789 14.02267 11.564 63050395477219942 942852172 bright_1x1 openfibertargets_nov2020_34b open_fiber science 0 0 0.0 0.0 -999 ""
FIBERMAP 1327 R+4C12 METROLOGY 0 0 0 1 0 0 6.330975607176348 86.89280215605962 143.1 -86.91902546742354 5.908985309117863 46.97702 128.02785 -999.0 -999.0 -999.0 -999.0 -999.0 267.2709789597709 -19.57279440787922 267.3271237404167 -19.583739492737976 75.76876451632285 51.10536694021812 -999.0 6231.0 -999.0 -1 -999 {-999.0 -999.0 -999.0 -999.0 -999.0} "" -999.0 -999.0 -999.0 -999.0 -999 -999 "" "" "" "" 0 0 0.0 0.0 -999 ""
FIBERMAP 1337 R-5C21 APOGEE 0 0 0 1 0 0 197.33169161687894 -99.12347350524487 143.1 98.1607548789454 197.80248879875782 206.30704 96.62065 -999.0 -999.0 -999.0 -999.0 -999.0 267.8671571667209 -18.9932072908745 267.92153493421256 -19.002716303489965 74.96163282419953 50.988179497217345 -999.0 16600.0 -999.0 2 -999 {-999.0 -999.0 -999.0 -999.0 -999.0} "" -999.0 -999.0 -999.0 -999.0 -999 -999 "" "" "" "" 0 0 0.0 0.0 -999 ""
FIBERMAP 1337 R-5C21 BOSS 1 1 0 1 0 0 196.94020475079662 -98.5414734989398 143.1 97.58068476401326 197.40819794503943 206.30704 96.62065 267.86474024317806 -18.993462518171576 48.988102 -292.5277 22.14783 267.8653669075735 -18.994310954634994 267.919705367459 -19.003863938184836 74.96367401695306 50.98672197740119 5400.0 5400.0 2016.0 1 277 {-999.0 12.371826 11.032851 10.384124 -999.0} sdss_psfmag_from_g3xp 11.840112 10.947909 10.0160675 8.221 63050395478877992 1132659049 bright_2x1 mwm_snc_100pc_boss mwm_snc science 0 0 1.6216635704040527 0.0 -999 ""
FIBERMAP 1337 R-5C21 METROLOGY 0 0 0 1 0 0 197.66435798661982 -98.45352477344554 143.1 97.48922651186871 198.1318869014319 206.30704 96.62065 -999.0 -999.0 -999.0 -999.0 -999.0 267.86507498089287 -18.99210995408973 267.91941854577954 -19.001653331181622 74.96233159466458 50.97987213800434 -999.0 6231.0 -999.0 -1 -999 {-999.0 -999.0 -999.0 -999.0 -999.0} "" -999.0 -999.0 -999.0 -999.0 -999 -999 "" "" "" "" 0 0 0.0 0.0 -999 ""
FIBERMAP 1343 R+6C1 APOGEE 1 1 0 1 0 0 -229.59057090313965 101.3983903672779 143.1 -100.27901210637626 -230.0707373208464 270.41528 93.67864 267.2254746462869 -20.286738813356177 -3.5073571 -6.9848633 0.027691454 267.22546380093104 -20.286759071994332 267.2837496772917 -20.29762917133165 76.28330230917354 53.16203994676093 16000.0 16600.0 2016.0 2 50 {-999.0 20.055693 17.433764 15.426111 -999.0} sdss_psfmag_ps1 18.61268 16.03006 14.611958 10.609 63050395476615250 1153796516 bright_1x1 mwm_galactic_core_dist_apogee_sparse mwm_galactic science 0 0 0.0 0.0 -999 ""
FIBERMAP 1343 R+6C1 BOSS 0 0 0 1 0 0 -230.34568695912546 101.34901821102646 143.1 -100.22597817368381 -230.82557469385497 270.41528 93.67864 -999.0 -999.0 -999.0 -999.0 -999.0 267.2256648319124 -20.2890098716607 267.2839156887467 -20.299913765044764 76.28470686412919 53.169667420824226 -999.0 5400.0 -999.0 1 87 {-999.0 -999.0 -999.0 -999.0 -999.0} "" -999.0 -999.0 -999.0 -999.0 -999 -999 "" "" "" "" 0 0 0.0 0.0 -999 ""
FIBERMAP 1343 R+6C1 METROLOGY 0 0 0 1 0 0 -230.04087133333508 102.00507422061031 143.1 -100.88347938723354 -230.52395847630234 270.41528 93.67864 -999.0 -999.0 -999.0 -999.0 -999.0 267.2235171673612 -20.28813860279663 267.2817776041586 -20.299038395412506 76.2856206402295 53.161282048620535 -999.0 6231.0 -999.0 -1 -999 {-999.0 -999.0 -999.0 -999.0 -999.0} "" -999.0 -999.0 -999.0 -999.0 -999 -999 "" "" "" "" 0 0 0.0 0.0 -999 ""
FIBERMAP 1344 R-6C18 APOGEE 0 0 0 1 0 0 149.2580366856611 -131.59108641301125 143.1 130.85997259853244 149.88887763751416 270.61542 86.92719 -999.0 -999.0 -999.0 -999.0 -999.0 267.9720611039867 -19.138128071337523 268.026842713616 -19.147331289253433 74.98974586195473 51.65665530600853 -999.0 16600.0 -999.0 2 -999 {-999.0 -999.0 -999.0 -999.0 -999.0} "" -999.0 -999.0 -999.0 -999.0 -999 -999 "" "" "" "" 0 0 0.0 0.0 -999 ""
FIBERMAP 1344 R-6C18 BOSS 1 1 0 1 0 0 148.5825814305418 -131.55137228974618 143.1 130.823538296167 149.21326463420706 270.61542 86.92719 267.97183376679646 -19.14008469076559 -0.35626933 -0.9732924 0.5169334 267.97203265502367 -19.14008751366681 268.02677581832666 -19.149329869770593 74.99116602881928 51.66209062135755 5400.0 5400.0 2016.0 1 314 {-999.0 14.226522 13.508731 13.14385 -999.0} sdss_psfmag_from_g3xp 14.021998 13.478491 12.761866 11.473 63050395478803305 1127911141 bright_1x1 openfibertargets_mwm_more_ob_boss open_fiber science 0 0 0.6801369786262512 0.0 -999 ""
FIBERMAP 1344 R-6C18 METROLOGY 0 0 0 1 0 0 148.9138146611772 -130.9270010159001 143.1 130.19759198183934 149.5414508445588 270.61542 86.92719 -999.0 -999.0 -999.0 -999.0 -999.0 267.9700329833746 -19.13908142556427 268.0247860760336 -19.148318007692726 74.99183495377068 51.65426250950276 -999.0 6231.0 -999.0 -1 -999 {-999.0 -999.0 -999.0 -999.0 -999.0} "" -999.0 -999.0 -999.0 -999.0 -999 -999 "" "" "" "" 0 0 0.0 0.0 -999 ""
FIBERMAP 1352 R+7C11 APOGEE 1 1 0 1 0 0 22.72287746935269 151.33643866652676 143.1 -151.43886999309822 21.987314472038165 98.360825 63.1429 267.0639199862745 -19.522979897294576 -14.867255 -41.793625 8.590082 267.06387423548034 -19.523101113968867 267.119937482073 -19.53456729103679 75.87489439497249 50.40688291073831 16000.0 16600.0 2016.0 2 141 {-999.0 14.974769 13.579763 12.930126 -999.0} sdss_psfmag_from_g3xp 14.409085 13.512431 12.548689 10.698 63050395480650528 1068821406 bright_18x1 mwm_bin_rv_short_mdwarf_apogee_18epoch mwm_bin science 0 0 0.0 0.0 -999 ""
FIBERMAP 1352 R+7C11 BOSS 0 0 0 1 0 0 23.437659792691758 151.11779687285883 143.1 -151.22370812574215 22.70312078521641 98.360825 63.1429 -999.0 -999.0 -999.0 -999.0 -999.0 267.0645507395356 -19.520885655096258 267.12056610218997 -19.532388489232073 75.87294754058308 50.4021969282976 -999.0 5400.0 -999.0 1 141 {-999.0 -999.0 -999.0 -999.0 -999.0} "" -999.0 -999.0 -999.0 -999.0 -999 -999 "" "" "" "" 0 0 0.0 0.0 -999 ""
FIBERMAP 1352 R+7C11 METROLOGY 0 0 0 1 0 0 22.873847167299978 150.61087200410225 143.1 -150.71407350357063 22.141797292639296 98.360825 63.1429 -999.0 -999.0 -999.0 -999.0 -999.0 267.06614540506996 -19.52260425641634 267.12217714580277 -19.534091860374478 75.87305274266711 50.411536019926814 -999.0 6231.0 -999.0 -1 -999 {-999.0 -999.0 -999.0 -999.0 -999.0} "" -999.0 -999.0 -999.0 -999.0 -999 -999 "" "" "" "" 0 0 0.0 0.0 -999 ""
FIBERMAP 1360 R-3C11 APOGEE 1 1 0 1 0 0 -31.68009444648883 -36.10080675989185 143.1 36.25267084573393 -31.503268740954244 165.3563 12.295328 267.667671287651 -19.687624720497467 -3.0618649 -5.679342 -0.23983909 267.6676618557747 -19.68764119264959 267.724106458905 -19.697504542016016 75.57378442870824 52.473986601200814 16000.0 16600.0 2016.0 2 151 {-999.0 22.583708 24.784964 15.730611 -999.0} sdss_psfmag_gaia 19.87434 15.807546 14.133418 8.939 63050395478359306 1154720018 bright_1x1 mwm_galactic_core_dist_apogee_sparse mwm_galactic science 0 0 0.0 0.0 -999 ""
FIBERMAP 1360 R-3C11 BOSS 0 0 0 1 0 0 -30.92070500320509 -36.11262005572773 143.1 36.260798459907335 -30.74386128879855 165.3563 12.295328 -999.0 -999.0 -999.0 -999.0 -999.0 267.6677611086732 -19.685317625070436 267.72415570292947 -19.695218577317988 75.57220421307306 52.46735401941197 -999.0 5400.0 -999.0 1 432 {-999.0 -999.0 -999.0 -999.0 -999.0} "" -999.0 -999.0 -999.0 -999.0 -999 -999 "" "" "" "" 0 0 0.0 0.0 -999 ""
FIBERMAP 1360 R-3C11 METROLOGY 0 0 0 1 0 0 -31.31578405983967 -36.763715145281935 143.1 36.91377702935612 -31.135760337559034 165.3563 12.295328 -999.0 -999.0 -999.0 -999.0 -999.0 267.6698555033419 -19.686524840499715 267.7262655084976 -19.696409504634385 75.571546482395 52.4762664522724 -999.0 6231.0 -999.0 -1 -999 {-999.0 -999.0 -999.0 -999.0 -999.0} "" -999.0 -999.0 -999.0 -999.0 -999 -999 "" "" "" "" 0 0 0.0 0.0 -999 ""
FIBERMAP 1361 R+12C3 APOGEE 0 0 0 1 1 0 -121.48711820272509 229.51385657874042 143.1 -228.9124360725917 -122.59458434873147 172.97278 142.23195 -999.0 -999.0 -999.0 -999.0 -999.0 266.81317897423685 -19.959161860711525 266.870563224324 -19.97117655119957 76.34704434013071 51.03582663166941 -999.0 16600.0 -999.0 2 -999 {-999.0 -999.0 -999.0 -999.0 -999.0} "" -999.0 -999.0 -999.0 -999.0 -999 -999 "" "" "" "" 0 0 0.0 0.0 -999 ""
FIBERMAP 1361 R+12C3 BOSS 1 0 0 1 1 0 -122.0185995523798 230.0264532713036 143.1 -229.42242711941662 -123.12852564612733 172.97278 142.23195 266.8716634130811 -19.94851739400716 -7.0397863 -10.586901 0.06391745 266.8115759365462 -19.960725075853436 266.8689249516216 -19.97277951454813 76.34926491752894 51.03623625889429 5400.0 5400.0 2016.0 1 99 {-999.0 16.421892 15.231488 14.752327 -999.0} sdss_psfmag_ps1 15.953042 15.810564 14.34609 12.594 63050395476997010 1093367166 bright_3x1 mwm_astar_core_boss mwm_ob science 0 0 0.0 0.0 -999 ""
FIBERMAP 1361 R+12C3 METROLOGY 0 0 0 1 1 0 -121.28243806992546 230.23330376932026 143.1 -229.63283926008813 -122.39340605646578 172.97278 142.23195 -999.0 -999.0 -999.0 -999.0 -999.0 266.8108555175645 -19.958531000693778 266.86820954380016 -19.970577630950007 76.34823111485896 51.027520173272194 -999.0 6231.0 -999.0 -1 -999 {-999.0 -999.0 -999.0 -999.0 -999.0} "" -999.0 -999.0 -999.0 -999.0 -999 -999 "" "" "" "" 0 0 0.0 0.0 -999 ""
FIBERMAP 1366 R+3C11 APOGEE 1 1 0 1 0 0 -26.638562898031562 64.24025025665554 143.1 -64.10765594919971 -26.948920737657133 3.2414393 148.65298 267.3440551757812 -19.672879117634068 -999.0 -999.0 -999.0 267.3440551757812 -19.672879117634068 267.4005114460507 -19.68358456801862 75.78740189803113 51.593801951430216 16000.0 16600.0 2015.5 2 12 {-999.0 -999.0 -999.0 -999.0 -999.0} "" -999.0 -999.0 -999.0 -999.0 27021603148173424 848963182 "" ops_sky_apogee_good ops_sky sky_apogee 0 0 0.0 0.0 -999 ""
FIBERMAP 1366 R+3C11 BOSS 0 0 0 1 0 0 -25.963236718318097 63.9044592538924 143.1 -63.775159470286646 -26.272000038254415 3.2414393 148.65298 -999.0 -999.0 -999.0 -999.0 -999.0 267.34513582407044 -19.670806821127737 267.40154383966853 -19.68154721102922 75.78529719436496 51.59047834430305 -999.0 5400.0 -999.0 1 14 {-999.0 -999.0 -999.0 -999.0 -999.0} "" -999.0 -999.0 -999.0 -999.0 -999 -999 "" "" "" "" 0 0 0.0 0.0 -999 ""
FIBERMAP 1366 R+3C11 METROLOGY 0 0 0 1 0 0 -26.58037148662742 63.495400217007415 143.1 -63.36312685798567 -26.88711782406586 3.2414393 148.65298 -999.0 -999.0 -999.0 -999.0 -999.0 267.3464387392694 -19.672692827216633 267.4028639716623 -19.68341883805301 75.78567606952987 51.59949721057802 -999.0 6231.0 -999.0 -1 -999 {-999.0 -999.0 -999.0 -999.0 -999.0} "" -999.0 -999.0 -999.0 -999.0 -999 -999 "" "" "" "" 0 0 0.0 0.0 -999 ""
FIBERMAP 1367 R-10C9 APOGEE 0 0 0 1 0 0 -2.3642191364941767 -178.04305514928473 143.1 178.04530979830608 -1.5001116785686561 121.236496 92.4693 -999.0 -999.0 -999.0 -999.0 -999.0 268.12394193177647 -19.5968340697922 268.180038814225 -19.605536121174442 75.19394500154462 53.347199798925715 -999.0 16600.0 -999.0 2 -999 {-999.0 -999.0 -999.0 -999.0 -999.0} "" -999.0 -999.0 -999.0 -999.0 -999 -999 "" "" "" "" 0 0 0.0 0.0 -999 ""
FIBERMAP 1367 R-10C9 BOSS 1 1 0 1 0 0 -1.7387711835158488 -177.62740682134216 143.1 177.62664789492456 -0.8767131141882173 121.236496 92.4693 268.12271118164057 -19.59490756222715 -999.0 -999.0 -999.0 268.12271118164057 -19.594907562227153 268.17875782417866 -19.603651090115896 75.19358559069224 53.33855512115599 5400.0 5400.0 2015.5 1 404 {-999.0 -999.0 -999.0 -999.0 -999.0} "" -999.0 -999.0 -999.0 -999.0 27021603148178405 852693218 "" ops_sky_boss_fallback ops_sky sky_boss 0 0 0.0 0.0 -999 ""
FIBERMAP 1367 R-10C9 METROLOGY 0 0 0 1 0 0 -1.692273803244863 -178.37166994797852 143.1 178.3706468508446 -0.8266064743723612 121.236496 92.4693 -999.0 -999.0 -999.0 -999.0 -999.0 268.12510687539435 -19.594765030071063 268.1811653550053 -19.603491661441474 75.19179026095668 53.34401342693468 -999.0 6231.0 -999.0 -1 -999 {-999.0 -999.0 -999.0 -999.0 -999.0} "" -999.0 -999.0 -999.0 -999.0 -999 -999 "" "" "" "" 0 0 0.0 0.0 -999 ""
FIBERMAP 1371 R-4C4 APOGEE 0 0 0 1 0 0 -180.17907063239832 -58.8733299771789 143.1 59.744632263836145 -179.88404877694506 132.32933 68.64168 -999.0 -999.0 -999.0 -999.0 -999.0 267.7422694706776 -20.1372926806716 267.8000261514038 -20.146857728030724 75.82021905720147 54.02223440736702 -999.0 16600.0 -999.0 2 -999 {-999.0 -999.0 -999.0 -999.0 -999.0} "" -999.0 -999.0 -999.0 -999.0 -999 -999 "" "" "" "" 0 0 0.0 0.0 -999 ""
FIBERMAP 1371 R-4C4 BOSS 1 1 0 1 0 0 -179.46632113503725 -58.58477132725154 143.1 59.45262981242504 -179.17273646331827 132.32933 68.64168 267.7413984405694 -20.1351599976979 -0.24443838 -2.308719 0.34052 267.74139768545945 -20.135166693820654 267.79910474755343 -20.144770104469842 75.81949916337355 54.013490488107976 5400.0 5400.0 2016.0 1 493 {-999.0 15.614123 14.699861 14.203511 -999.0} sdss_psfmag_from_g3xp 15.307522 14.645708 13.785541 12.269 63050395476687548 1127858072 bright_1x1 openfibertargets_mwm_more_ob_boss open_fiber science 0 0 0.0 0.0 -999 ""
FIBERMAP 1371 R-4C4 METROLOGY 0 0 0 1 0 0 -179.58086781752144 -59.32238633118081 143.1 60.19076248431159 -179.28369780941648 132.32933 68.64168 -999.0 -999.0 -999.0 -999.0 -999.0 267.74377455032726 -20.135535757367528 267.80149459687436 -20.145122832490927 75.81803984893087 54.020594210106594 -999.0 6231.0 -999.0 -1 -999 {-999.0 -999.0 -999.0 -999.0 -999.0} "" -999.0 -999.0 -999.0 -999.0 -999 -999 "" "" "" "" 0 0 0.0 0.0 -999 ""
FIBERMAP 1375 R+7C1 APOGEE 1 1 0 1 0 0 -221.3971081414804 115.29189689147148 143.1 -114.21155950796182 -221.94511944311597 328.55823 8.229192 267.1806335449218 -20.261995892311248 -999.0 -999.0 -999.0 267.1806335449218 -20.261995892311248 267.238853438908 -20.272987955811836 76.29825226226887 52.966067396804284 16000.0 16600.0 2015.5 2 49 {-999.0 -999.0 -999.0 -999.0 -999.0} "" -999.0 -999.0 -999.0 -999.0 27021603148171769 848962826 "" ops_sky_apogee_good ops_sky sky_apogee 0 0 0.0 0.0 -999 ""
FIBERMAP 1375 R+7C1 BOSS 0 0 0 1 0 0 -222.09081207711822 115.57878185337012 143.1 -114.49506329683577 -222.64017962182584 328.55823 8.229192 -999.0 -999.0 -999.0 -999.0 -999.0 267.17974918975125 -20.264060637458662 267.2379338601046 -20.275089431407817 76.30029789667904 52.97023779212702 -999.0 5400.0 -999.0 1 36 {-999.0 -999.0 -999.0 -999.0 -999.0} "" -999.0 -999.0 -999.0 -999.0 -999 -999 "" "" "" "" 0 0 0.0 0.0 -999 ""
FIBERMAP 1375 R+7C1 METROLOGY 0 0 0 1 0 0 -221.49543533818772 116.03402056163105 143.1 -114.95316760492962 -222.0470428338049 328.55823 8.229192 -999.0 -999.0 -999.0 -999.0 -999.0 267.1782439355063 -20.26231416520643 267.2364354407397 -20.273337375826696 76.30017357927878 52.96076809929991 -999.0 6231.0 -999.0 -1 -999 {-999.0 -999.0 -999.0 -999.0 -999.0} "" -999.0 -999.0 -999.0 -999.0 -999 -999 "" "" "" "" 0 0 0.0 0.0 -999 ""
FIBERMAP 1377 R-3C22 APOGEE 1 1 0 1 0 0 212.03020697550173 -75.1939452485162 143.1 74.1611384525535 212.3841209258919 296.30707 85.00921 267.7903267321091 -18.949033366110676 0.99647063 -0.24158953 0.48553997 267.7903297878319 -18.94903406680797 267.84459254833723 -18.958752459507664 74.98314835971627 50.670990550674134 16000.0 16600.0 2016.0 2 202 {-999.0 15.933366 14.204731 13.367544 -999.0} sdss_psfmag_from_g3xp 15.157712 13.970053 12.897417 10.303 63050395478883563 1148493401 bright_12x1 mwm_bin_rv_short_rgb_apogee_12epoch mwm_bin science 0 0 0.0 0.0 -999 ""
FIBERMAP 1377 R-3C22 BOSS 0 0 0 1 0 0 211.35118676561834 -75.45306022860571 143.1 74.42353508130176 211.70639327286153 296.30707 85.00921 -999.0 -999.0 -999.0 -999.0 -999.0 267.79122833423094 -18.95099959997723 267.8454531277381 -18.96075541349039 74.98396595760174 50.67871526233711 -999.0 5400.0 -999.0 1 285 {-999.0 -999.0 -999.0 -999.0 -999.0} "" -999.0 -999.0 -999.0 -999.0 -999 -999 "" "" "" "" 0 0 0.0 0.0 -999 ""
FIBERMAP 1377 R-3C22 METROLOGY 0 0 0 1 0 0 211.45073964289637 -74.73403381907755 143.1 73.70406280145721 211.8024517944584 296.30707 85.00921 -999.0 -999.0 -999.0 -999.0 -999.0 267.7889259318768 -18.950681344698467 267.8431625421729 -18.960431805374522 74.98528932789324 50.6719784511601 -999.0 6231.0 -999.0 -1 -999 {-999.0 -999.0 -999.0 -999.0 -999.0} "" -999.0 -999.0 -999.0 -999.0 -999 -999 "" "" "" "" 0 0 0.0 0.0 -999 ""
FIBERMAP 1379 R-4C9 APOGEE 1 1 0 1 0 0 -66.82341564818512 -64.29322457287572 143.1 64.61416811283256 -66.50796176928702 89.18162 115.559906 267.7588782135938 -19.793990033393733 2.5891018 -11.55647 3.785279 267.75888619446994 -19.79402355135043 267.81562789409287 -19.803625555178893 75.5815057243926 53.021877176714796 16000.0 16600.0 2016.0 2 292 {-999.0 11.768172 11.218604 10.974349 -999.0} sdss_psfmag_from_g3xp 11.633299 11.223279 10.629235 9.583 63050395478332541 975037230 "" ops_std_apogee ops_std standard_apogee 0 0 0.0 0.0 -999 ""
FIBERMAP 1379 R-4C9 BOSS 0 0 0 1 0 0 -66.12772047668086 -64.0320014693851 143.1 64.34958255166435 -65.81357024801537 89.18162 115.559906 -999.0 -999.0 -999.0 -999.0 -999.0 267.75812051765797 -19.791916766981114 267.8148124825161 -19.801558252275992 75.58069047573376 53.01364926447201 -999.0 5400.0 -999.0 1 480 {-999.0 -999.0 -999.0 -999.0 -999.0} "" -999.0 -999.0 -999.0 -999.0 -999 -999 "" "" "" "" 0 0 0.0 0.0 -999 ""
FIBERMAP 1379 R-4C9 METROLOGY 0 0 0 1 0 0 -66.26121134393026 -64.78012347182307 143.1 65.09831360803065 -65.9434238110009 89.18162 115.559906 -999.0 -999.0 -999.0 -999.0 -999.0 267.76052856422615 -19.792329700537245 267.81723364704635 -19.80195437905126 75.57926452722094 53.020958199225845 -999.0 6231.0 -999.0 -1 -999 {-999.0 -999.0 -999.0 -999.0 -999.0} "" -999.0 -999.0 -999.0 -999.0 -999 -999 "" "" "" "" 0 0 0.0 0.0 -999 ""
FIBERMAP 1385 R-13C3 APOGEE 1 1 0 1 0 0 -105.47859073931885 -258.73812288501455 143.1 259.23658008063114 -104.21755763535667 169.77477 165.84467 268.3836364746094 -19.9070223107381 -999.0 -999.0 -999.0 268.3836364746094 -19.907022310738096 268.44059796786877 -19.91497851794721 75.21299376527855 54.891422368477556 16000.0 16600.0 2015.5 2 156 {-999.0 -999.0 -999.0 -999.0 -999.0} "" -999.0 -999.0 -999.0 -999.0 27021603148175531 848963715 "" ops_sky_apogee_good ops_sky sky_apogee 0 0 0.0 0.0 -999 ""
FIBERMAP 1385 R-13C3 BOSS 0 0 0 1 0 0 -106.17875870403391 -258.4308018659486 143.1 258.9326726604931 -104.91918067801029 169.77477 165.84467 -999.0 -999.0 -999.0 -999.0 -999.0 268.38269179602776 -19.909101874565856 268.439613785623 -19.917096766910795 75.21507229365581 54.89538536930257 -999.0 5400.0 -999.0 1 437 {-999.0 -999.0 -999.0 -999.0 -999.0} "" -999.0 -999.0 -999.0 -999.0 -999 -999 "" "" "" "" 0 0 0.0 0.0 -999 ""
FIBERMAP 1385 R-13C3 METROLOGY 0 0 0 1 0 0 -105.55399866585707 -257.99170090001985 143.1 258.49056267160717 -104.29658380084058 169.77477 165.84467 -999.0 -999.0 -999.0 -999.0 -999.0 268.38132599921073 -19.907260470189197 268.438255801393 -19.915248932284342 75.21484473890979 54.88662939211707 -999.0 6231.0 -999.0 -1 -999 {-999.0 -999.0 -999.0 -999.0 -999.0} "" -999.0 -999.0 -999.0 -999.0 -999 -999 "" "" "" "" 0 0 0.0 0.0 -999 ""
FIBERMAP 1386 R-3C2 APOGEE 0 0 0 1 0 0 -247.52893745756919 -52.632630860542136 143.1 53.831083260977074 -247.26071266194606 158.89554 115.464645 -999.0 -999.0 -999.0 -999.0 -999.0 267.7225160388948 -20.34022506385264 267.7808766612176 -20.349794045230546 75.96640953568075 54.60443104347587 -999.0 16600.0 -999.0 2 -999 {-999.0 -999.0 -999.0 -999.0 -999.0} "" -999.0 -999.0 -999.0 -999.0 -999 -999 "" "" "" "" 0 0 0.0 0.0 -999 ""
FIBERMAP 1386 R-3C2 BOSS 1 1 0 1 0 0 -247.58946223512817 -51.894959617314164 143.1 53.09374391756987 -247.32481398451802 158.89554 115.464645 267.720192672246 -20.340415859072834 -2.867724 6.290928 0.5805853 267.72018380167316 -20.34039761309861 267.7785019049092 -20.350007409657344 75.96824093889936 54.599135157834596 5400.0 5400.0 2016.0 1 514 {-999.0 17.309195 16.199324 15.65425 15.202346} sdss_psfmag_from_ps1dr2 16.9055 16.1486 15.2523 13.564 63050395475653624 1039964700 "" ops_std_boss_ps1dr2 ops_std standard_boss 0 0 0.0 0.0 -999 ""
FIBERMAP 1386 R-3C2 METROLOGY 0 0 0 1 0 0 -246.90685657876583 -52.21728329882626 143.1 53.412738447566255 -246.64067953789043 158.89554 115.464645 -999.0 -999.0 -999.0 -999.0 -999.0 267.7212177079289 -20.338395746601357 267.7795419889004 -20.34799347608071 75.96619123217214 54.59543356819182 -999.0 6231.0 -999.0 -1 -999 {-999.0 -999.0 -999.0 -999.0 -999.0} "" -999.0 -999.0 -999.0 -999.0 -999 -999 "" "" "" "" 0 0 0.0 0.0 -999 ""
FIBERMAP 1389 R+2C3 APOGEE 1 1 0 1 0 0 -235.74761179733537 39.08783922445033 143.1 -37.94180896047408 -235.92508659298335 167.25584 128.78394 267.42645263671875 -20.30549221293745 -999.0 -999.0 -999.0 267.42645263671875 -20.305492212937448 267.48476074682316 -20.315836891583576 76.15414661055179 53.74356041246527 16000.0 16600.0 2015.5 2 37 {-999.0 -999.0 -999.0 -999.0 -999.0} "" -999.0 -999.0 -999.0 -999.0 27021603148171929 848962889 "" ops_sky_apogee_good ops_sky sky_apogee 0 0 0.0 0.0 -999 ""
FIBERMAP 1389 R+2C3 BOSS 0 0 0 1 0 0 -236.0958420803108 39.72686475041739 143.1 -38.57911155271698 -236.27639982949788 167.25584 128.78394 -999.0 -999.0 -999.0 -999.0 -999.0 267.42443090522335 -20.306532892321613 267.48270006000166 -20.316917410784455 76.15631203586166 53.741631846595 -999.0 5400.0 -999.0 1 61 {-999.0 -999.0 -999.0 -999.0 -999.0} "" -999.0 -999.0 -999.0 -999.0 -999 -999 "" "" "" "" 0 0 0.0 0.0 -999 ""
FIBERMAP 1389 R+2C3 METROLOGY 0 0 0 1 0 0 -235.34088955382458 39.705479029342996 143.1 -38.56139047800071 -235.52138261255246 167.25584 128.78394 -999.0 -999.0 -999.0 -999.0 -999.0 267.4244748314738 -20.30431244542594 267.4827494124146 -20.31468749878887 76.15480707957381 53.734752508178985 -999.0 6231.0 -999.0 -1 -999 {-999.0 -999.0 -999.0 -999.0 -999.0} "" -999.0 -999.0 -999.0 -999.0 -999 -999 "" "" "" "" 0 0 0.0 0.0 -999 ""
FIBERMAP 1390 R+5C10 APOGEE 1 1 0 1 0 0 -52.3987003349525 98.44228048300211 143.1 -98.1829098030455 -52.873695780425386 217.33714 68.0884 267.23393800451265 -19.751065322982946 -1.4454423 -5.0291853 0.31265563 267.2339335501538 -19.75107990944546 267.29063788490913 -19.762052526860234 75.91648704287637 51.537173394696424 16000.0 16600.0 2016.0 2 138 {-999.0 17.258999 14.871669 12.367206 -999.0} sdss_psfmag_from_g3xp 16.054216 12.979622 11.499832 7.373 63050395477121029 1152205935 bright_1x1 mwm_galactic_core_dist_apogee_sparse mwm_galactic science 0 0 0.0 0.0 -999 ""
FIBERMAP 1390 R+5C10 BOSS 0 0 0 1 0 0 -52.611669365539385 99.15464708234833 143.1 -98.89420605032448 -53.090110668051366 217.33714 68.0884 -999.0 -999.0 -999.0 -999.0 -999.0 267.23162513658525 -19.751716510960446 267.28829012368953 -19.76273187332606 75.91856064165049 51.532975074016804 -999.0 5400.0 -999.0 1 134 {-999.0 -999.0 -999.0 -999.0 -999.0} "" -999.0 -999.0 -999.0 -999.0 -999 -999 "" "" "" "" 0 0 0.0 0.0 -999 ""
FIBERMAP 1390 R+5C10 METROLOGY 0 0 0 1 0 0 -51.86843291157747 98.97185330066225 143.1 -98.71502841757108 -52.34602565620144 217.33714 68.0884 -999.0 -999.0 -999.0 -999.0 -999.0 267.2321896512739 -19.7494770777913 267.2888597459771 -19.76048104599366 75.91662635900606 51.52775676062703 -999.0 6231.0 -999.0 -1 -999 {-999.0 -999.0 -999.0 -999.0 -999.0} "" -999.0 -999.0 -999.0 -999.0 -999 -999 "" "" "" "" 0 0 0.0 0.0 -999 ""
FIBERMAP 1394 R+6C7 APOGEE 1 1 0 1 0 0 -81.48449835608798 101.64079216342647 143.1 -101.24011196152615 -81.97350922825257 326.7264 85.947655 267.22373453114943 -19.83926561294322 -3.9211366 -7.391431 -0.0048454627 267.2237224408501 -19.839287050774814 267.2806878947984 -19.850265616865734 75.98369584634484 51.775665682488885 16000.0 16600.0 2016.0 2 41 {-999.0 18.94181 16.675402 14.928112 -999.0} sdss_psfmag_ps1 17.772224 15.493775 14.097147 10.354 63050395477078559 1153797832 bright_1x1 mwm_galactic_core_dist_apogee_sparse mwm_galactic science 0 0 0.0 0.0 -999 ""
FIBERMAP 1394 R+6C7 BOSS 0 0 0 1 0 0 -81.93854194228634 101.04551865058343 143.1 -100.6426659429514 -82.42464063766191 326.7264 85.947655 -999.0 -999.0 -999.0 -999.0 -999.0 267.2256305786833 -19.8406689406482 267.28255820722006 -19.851678801055787 75.98337605559479 51.78488830310471 -999.0 5400.0 -999.0 1 68 {-999.0 -999.0 -999.0 -999.0 -999.0} "" -999.0 -999.0 -999.0 -999.0 -999 -999 "" "" "" "" 0 0 0.0 0.0 -999 ""
FIBERMAP 1394 R+6C7 METROLOGY 0 0 0 1 0 0 -82.21913035347038 101.75108835843335 143.1 -101.34683751577583 -82.70863842180314 326.7264 85.947655 -999.0 -999.0 -999.0 -999.0 -999.0 267.22333507224937 -19.841536916541237 267.28027742114443 -19.85254216034621 75.9855327200691 51.78144291377055 -999.0 6231.0 -999.0 -1 -999 {-999.0 -999.0 -999.0 -999.0 -999.0} "" -999.0 -999.0 -999.0 -999.0 -999 -999 "" "" "" "" 0 0 0.0 0.0 -999 ""
FIBERMAP 1397 R-3C19 APOGEE 0 0 0 1 0 0 125.12053476048024 -65.06573419321195 143.1 64.45519616119785 125.42979952409591 267.98367 28.716808 -999.0 -999.0 -999.0 -999.0 -999.0 267.7591944337368 -19.211614776998022 267.81422847223087 -19.221352275772567 75.18625660363023 51.327230678136516 -999.0 16600.0 -999.0 2 -999 {-999.0 -999.0 -999.0 -999.0 -999.0} "" -999.0 -999.0 -999.0 -999.0 -999 -999 "" "" "" "" 0 0 0.0 0.0 -999 ""
FIBERMAP 1397 R-3C19 BOSS 1 1 0 1 0 0 124.78837054117356 -64.40519949141182 143.1 63.79630754337178 125.09444714239744 267.98367 28.716808 267.7571835415017 -19.21250064672467 -9.803542 -9.236276 1.1268504 267.7571534306297 -19.212527435273724 267.8121471206783 -19.222309160704917 75.18833862007756 51.32462636546073 5400.0 5400.0 2016.0 1 305 {-999.0 16.662195 15.486458 14.839161 -999.0} sdss_psfmag_ps1 16.11082 15.352834 14.429336 12.498 63050395478820405 917199517 bright_3x1 mwm_yso_pms_boss_sagitta_edr3 mwm_yso science 0 0 0.0 0.0 -999 ""
FIBERMAP 1397 R-3C19 METROLOGY 0 0 0 1 0 0 125.5328078689833 -64.44161152834444 143.1 63.829105182802145 125.83902262291302 267.98367 28.716808 -999.0 -999.0 -999.0 -999.0 -999.0 267.7572550436443 -19.210270647700803 267.81225438052627 -19.22004156559436 75.18669879114002 51.31848741956122 -999.0 6231.0 -999.0 -1 -999 {-999.0 -999.0 -999.0 -999.0 -999.0} "" -999.0 -999.0 -999.0 -999.0 -999 -999 "" "" "" "" 0 0 0.0 0.0 -999 ""
FIBERMAP 1399 R+5C21 APOGEE 0 0 1 1 0 0 213.75114616347145 104.76709908852959 143.1 -105.79893960166076 213.23167858376428 10.013931 170.06366 -999.0 -999.0 -999.0 -999.0 -999.0 267.2143051602788 -18.945045812477975 267.2686550852384 -18.95625723003211 75.36674503878153 49.15940606068045 -999.0 16600.0 -999.0 2 -999 {-999.0 -999.0 -999.0 -999.0 -999.0} "" -999.0 -999.0 -999.0 -999.0 -999 -999 "" "" "" "" 0 0 0.0 0.0 -999 ""
FIBERMAP 1399 R+5C21 BOSS 1 0 1 1 0 0 214.4741472013608 104.78603228876614 143.1 -105.82138031056844 213.9545503117794 10.013931 170.06366 267.2218322753906 -19.00452965329457 -999.0 -999.0 -999.0 267.2142786006315 -18.94280359285911 267.2685805904928 -18.95405562573302 75.36522092693329 49.153111361255355 5400.0 5400.0 2015.5 1 247 {-999.0 -999.0 -999.0 -999.0 -999.0} "" -999.0 -999.0 -999.0 -999.0 27021603148192387 852696213 "" ops_sky_boss_fallback ops_sky sky_boss 0 0 0.0 0.0 -999 ""
FIBERMAP 1399 R+5C21 METROLOGY 0 0 1 1 0 0 214.1251974592465 104.11934616887186 143.1 -105.15303536856469 213.6088538474051 10.013931 170.06366 -999.0 -999.0 -999.0 -999.0 -999.0 267.21637634313595 -18.94382367808789 267.2706926838325 -18.95505869493021 75.36454050418227 49.16153837612728 -999.0 6231.0 -999.0 -1 -999 {-999.0 -999.0 -999.0 -999.0 -999.0} "" -999.0 -999.0 -999.0 -999.0 -999 -999 "" "" "" "" 0 0 0.0 0.0 -999 ""
FIBERMAP 1401 R-2C6 APOGEE 0 0 0 1 0 0 -135.79919163908508 -39.928271386201594 143.1 40.58519342743575 -135.59840175035023 58.012325 39.85556 -999.0 -999.0 -999.0 -999.0 -999.0 267.68082844585996 -20.0033534861783 267.7382002873585 -20.013109039313694 75.7754633062905 53.4566117698044 -999.0 16600.0 -999.0 2 -999 {-999.0 -999.0 -999.0 -999.0 -999.0} "" -999.0 -999.0 -999.0 -999.0 -999 -999 "" "" "" "" 0 0 0.0 0.0 -999 ""
FIBERMAP 1401 R-2C6 BOSS 1 1 0 1 0 0 -135.67678592327783 -40.663137175536406 143.1 41.31942717413048 -135.47243630735662 58.012325 39.85556 267.6832645840503 -20.002995276880565 -0.44568488 -2.4688344 -0.075455435 267.68326320841686 -20.00300243739632 267.7405903254309 -20.012787860620776 75.77357083188551 53.46170243993979 5400.0 5400.0 2016.0 1 470 {-999.0 16.976215 15.889116 15.406968 -999.0} sdss_psfmag_ps1 16.579443 15.832852 14.913059 13.107 63050395476718797 1093367147 bright_3x1 mwm_astar_core_boss mwm_ob science 0 0 0.0 0.0 -999 ""
FIBERMAP 1401 R-2C6 METROLOGY 0 0 0 1 0 0 -136.38182895733746 -40.39734704339963 143.1 41.05707214779592 -136.17873263105986 58.012325 39.85556 -999.0 -999.0 -999.0 -999.0 -999.0 267.6824025145471 -20.00516420377055 267.73974842102484 -20.014941117616615 75.7755919997026 53.466117625647826 -999.0 6231.0 -999.0 -1 -999 {-999.0 -999.0 -999.0 -999.0 -999.0} "" -999.0 -999.0 -999.0 -999.0 -999 -999 "" "" "" "" 0 0 0.0 0.0 -999 ""
