#%yanny
#
# confSummaryS-10022691.par
#
# Created by pydl.pydlutils.yanny.yanny
#
# 2026-06-29 14:09:04 UTC
#
configuration_id 10022691
robostrategy_run iota-1
fps_calibrations_version 2025.12.04+ccda1c9
jaeger_version 1.11.1
coordio_version 1.18.1
kaiju_version 1.4.1
design_id 740243
field_id 107926
focal_scale 0.9999574
instruments BOSS APOGEE
epoch 2461220.5146350563
obstime Mon Jun 29 00:17:17 2026
MJD 61220
observatory LCO
temperature 12.7
raCen 199.493363194604
decCen -25.0102664234226
pa 251.39473
is_dithered 0
parent_configuration -999
dither_radius -999.0
cloned_from -999

typedef enum {
    BOSS,
    APOGEE,
    METROLOGY,
    NONE
} FIBERTYPE;

typedef struct {
    short positionerId;
    char holeId[28];
    FIBERTYPE fiberType;
    short assigned;
    short on_target;
    short disabled;
    short valid;
    short decollided;
    short too;
    double xwok;
    double ywok;
    double zwok;
    double xFocal;
    double yFocal;
    float alpha;
    float beta;
    double racat;
    double deccat;
    float pmra;
    float pmdec;
    float parallax;
    double ra;
    double dec;
    double ra_observed;
    double dec_observed;
    double alt_observed;
    double az_observed;
    float lambda_design;
    float lambda_eff;
    float coord_epoch;
    short spectrographId;
    short fiberId;
    float mag[5];
    char optical_prov[104];
    float bp_mag;
    float gaia_g_mag;
    float rp_mag;
    float h_mag;
    long catalogid;
    long carton_to_target_pk;
    char cadence[76];
    char firstcarton[200];
    char program[48];
    char category[60];
    long sdssv_boss_target0;
    long sdssv_apogee_target0;
    double delta_ra;
    double delta_dec;
    long too_id;
    char too_program[4];
} FIBERMAP;

FIBERMAP 4 R+1C12 APOGEE 0 0 0 1 0 0 -40.62385164087767 27.262557718517872 143.1 -12.876345525471377 -47.19682378897066 108.61641 138.51111 -999.0 -999.0 -999.0 -999.0 -999.0 199.45004821947757 -25.153546439187448 199.47650027434167 -25.29694415810794 78.94164118576776 286.8917353594801 -999.0 16600.0 -999.0 2 -999 {-999.0 -999.0 -999.0 -999.0 -999.0} "" -999.0 -999.0 -999.0 -999.0 -999 -999 "" "" "" "" 0 0 0.0 0.0 -999 ""
FIBERMAP 4 R+1C12 BOSS 1 1 0 1 0 0 -40.338914119942004 27.943048501771308 143.1 -13.612150193708379 -47.14388781430778 108.61641 138.51111 199.4475362376505 -25.153382951463062 -2.6359046 -4.742658 0.1804027 199.44752775218134 -25.153396771194995 199.47401979416114 -25.29681254994987 78.93951582662476 286.88794302035893 5400.0 5400.0 2016.0 1 22 {-999.0 15.754264 15.194414 14.855655 -999.0} sdss_psfmag_ps1 15.5713415 15.133272 14.517803 13.229 63050396450248450 1076076614 bright_1x1 mwm_halo_mp_xp_boss_single mwm_halo science 0 0 0.0 0.0 -999 ""
FIBERMAP 4 R+1C12 METROLOGY 0 0 0 1 0 0 -39.88209977919257 27.359006629775624 143.1 -13.204393273785827 -46.52463689279578 108.61641 138.51111 -999.0 -999.0 -999.0 -999.0 -999.0 199.44890929219306 -25.151526450874197 199.47538877609009 -25.294936783534407 78.93995076586978 286.8994358071115 -999.0 6231.0 -999.0 -1 -999 {-999.0 -999.0 -999.0 -999.0 -999.0} "" -999.0 -999.0 -999.0 -999.0 -999 -999 "" "" "" "" 0 0 0.0 0.0 -999 ""
FIBERMAP 6 R+3C2 APOGEE 0 0 0 1 0 0 -236.95868764353173 41.134146879330046 143.1 36.61483790878731 -237.68858480925323 293.21875 84.79201 -999.0 -999.0 -999.0 -999.0 -999.0 199.61564474395277 -25.729711336925384 199.64288449288904 -25.872894608880387 79.28789584672742 284.3277250563635 -999.0 16600.0 -999.0 2 -999 {-999.0 -999.0 -999.0 -999.0 -999.0} "" -999.0 -999.0 -999.0 -999.0 -999 -999 "" "" "" "" 0 0 0.0 0.0 -999 ""
FIBERMAP 6 R+3C2 BOSS 1 1 0 1 0 0 -237.63777174606543 40.90787281969056 143.1 37.04592770438777 -238.2599630594329 293.21875 84.79201 199.61724657985326 -25.731376835770973 -59.76938 -22.119503 0.70676833 199.61705324533142 -25.73144129013255 199.64433855312257 -25.874636712992206 79.28971409054702 284.3212668910339 5400.0 5400.0 2016.0 1 75 {-999.0 15.382631 15.090711 15.038426 -999.0} sdss_psfmag_ps1 15.28781 15.019826 14.580433 13.719 63050396450243338 1072887866 bright_1x1 mwm_halo_local_high_boss_single mwm_halo science 0 0 0.0 0.0 -999 ""
FIBERMAP 6 R+3C2 METROLOGY 0 0 0 1 0 0 -237.5191570233276 41.62949755421333 143.1 36.324202887405235 -238.3777740669391 293.21875 84.79201 -999.0 -999.0 -999.0 -999.0 -999.0 199.61464685477927 -25.731840617217777 199.64191823546616 -25.87503427660476 79.28779697683362 284.31531115671504 -999.0 6231.0 -999.0 -1 -999 {-999.0 -999.0 -999.0 -999.0 -999.0} "" -999.0 -999.0 -999.0 -999.0 -999 -999 "" "" "" "" 0 0 0.0 0.0 -999 ""
FIBERMAP 13 R-1C1 APOGEE 0 0 0 1 0 0 -301.11559776143264 -16.754128238461306 143.1 111.94364520900278 -280.0217410122439 236.50462 38.282288 -999.0 -999.0 -999.0 -999.0 -999.0 199.86824671354333 -25.85597734823722 199.89589617099807 -25.99892346793922 79.54444069647934 284.094323429403 -999.0 16600.0 -999.0 2 255 {-999.0 -999.0 -999.0 -999.0 -999.0} "" -999.0 -999.0 -999.0 -999.0 -999 -999 "" ops_sky_apogee_best_unassigned ops_sky sky_apogee 0 0 0.0 0.0 -999 ""
FIBERMAP 13 R-1C1 BOSS 1 1 0 1 0 0 -301.1841263240654 -16.0184369671489 143.1 111.2682944168682 -280.32139515493884 236.50462 38.282288 199.86591884637272 -25.856820775672563 -0.3249073 -0.5745234 0.13562202 199.86591779429105 -25.856822449788453 199.89360709436335 -25.999783605800776 79.54278381526751 284.08610017299554 5400.0 5400.0 2016.0 1 525 {-999.0 20.288235 19.966684 19.932564 -999.0} sdss_psfmag_ps1 20.254581 20.422815 19.523409 -999.0 63050396450232423 1117337355 bright_1x1 openfibertargets_bhm_quaia_boss open_fiber science 0 0 0.0 0.0 -999 ""
FIBERMAP 13 R-1C1 METROLOGY 0 0 0 1 0 0 -300.5088635496518 -16.312563537324156 143.1 111.33160674827742 -279.5876134549093 236.50462 38.282288 -999.0 -999.0 -999.0 -999.0 -999.0 199.86617322714972 -25.854689888840614 199.89384881669002 -25.99764738627275 79.5422818881301 284.0976025461718 -999.0 6231.0 -999.0 -1 -999 {-999.0 -999.0 -999.0 -999.0 -999.0} "" -999.0 -999.0 -999.0 -999.0 -999 -999 "" "" "" "" 0 0 0.0 0.0 -999 ""
FIBERMAP 15 R-1C25 APOGEE 0 0 0 1 0 0 252.68428055006987 -26.28474253785783 143.1 -55.70458039293344 247.8542602818855 182.55873 157.61168 -999.0 -999.0 -999.0 -999.0 -999.0 199.30932893011934 -24.260156214594407 199.33470815420674 -24.403784598394857 78.45798841366668 290.78116798488475 -999.0 16600.0 -999.0 2 -999 {-999.0 -999.0 -999.0 -999.0 -999.0} "" -999.0 -999.0 -999.0 -999.0 -999 -999 "" "" "" "" 0 0 0.0 0.0 -999 ""
FIBERMAP 15 R-1C25 BOSS 1 1 0 1 0 0 252.0124737378734 -26.07043944687203 143.1 -55.6933466829181 247.1492201080914 182.55873 157.61168 199.30932702334482 -24.26221840139801 -5.1821575 -7.3689914 0.25314572 199.3093104599745 -24.26223987405742 199.3347348432433 -24.405887277958506 78.45893614241717 290.7717859435064 5400.0 5400.0 2016.0 1 336 {-999.0 17.687725 17.261803 17.014181 -999.0} sdss_psfmag_ps1 17.619532 17.267298 16.754805 15.937 63050396450312800 944649158 bright_1x1 openfibertargets_nov2020_6c open_fiber science 0 0 0.0 0.0 -999 ""
FIBERMAP 15 R-1C25 METROLOGY 0 0 0 1 0 0 252.5552596471877 -25.547957750137854 143.1 -56.361668462933885 247.49692875958937 182.55873 157.61168 -999.0 -999.0 -999.0 -999.0 -999.0 199.307099604958 -24.261157054376348 199.33250856104507 -24.404801049534804 78.45663756276201 290.772199298126 -999.0 6231.0 -999.0 -1 -999 {-999.0 -999.0 -999.0 -999.0 -999.0} "" -999.0 -999.0 -999.0 -999.0 -999 -999 "" "" "" "" 0 0 0.0 0.0 -999 ""
FIBERMAP 24 R+3C10 APOGEE 0 0 0 1 0 0 -48.2205902500143 75.42002887885232 143.1 -56.09150860693672 -69.76006031167844 107.91663 67.54662 -999.0 -999.0 -999.0 -999.0 -999.0 199.30496400304537 -25.221750704773363 199.33133464835964 -25.36526514087728 78.84557883013076 286.3077321258966 -999.0 16600.0 -999.0 2 -999 {-999.0 -999.0 -999.0 -999.0 -999.0} "" -999.0 -999.0 -999.0 -999.0 -999 -999 "" "" "" "" 0 0 0.0 0.0 -999 ""
FIBERMAP 24 R+3C10 BOSS 1 1 0 1 0 0 -47.478796339863166 75.35022855873551 143.1 -56.26201559050882 -69.03479459327892 107.91663 67.54662 199.3043377537087 -25.219580011488226 -6.3957214 2.2446387 0.6889464 199.30431715350025 -25.21957347078652 199.3307280477036 -25.36310434930633 78.84426912087746 286.3170562861697 5400.0 5400.0 2016.0 1 24 {-999.0 17.17926 16.35398 16.050247 -999.0} sdss_psfmag_ps1 16.93886 16.377762 15.673796 14.17 63050396450248397 944648364 bright_1x1 openfibertargets_nov2020_6c open_fiber science 0 0 0.0 0.0 -999 ""
FIBERMAP 24 R+3C10 METROLOGY 0 0 0 1 0 0 -47.9005099113753 74.74397651874042 143.1 -55.55293082349688 -69.24103765345588 107.91663 67.54662 -999.0 -999.0 -999.0 -999.0 -999.0 199.30670128425766 -25.22021584358408 199.3331033054195 -25.3637402050846 78.84649817851134 286.3181152134924 -999.0 6231.0 -999.0 -1 -999 {-999.0 -999.0 -999.0 -999.0 -999.0} "" -999.0 -999.0 -999.0 -999.0 -999 -999 "" "" "" "" 0 0 0.0 0.0 -999 ""
FIBERMAP 27 R-2C1 APOGEE 0 0 0 1 0 0 -261.34662458355183 -57.88892849123509 143.1 138.23943122590035 -229.20938278348464 346.8958 49.164165 -999.0 -999.0 -999.0 -999.0 -999.0 199.95660928272616 -25.703108341488825 199.98418804221853 -25.845995056380453 79.5674444839873 285.03640151134044 -999.0 16600.0 -999.0 2 256 {-999.0 -999.0 -999.0 -999.0 -999.0} "" -999.0 -999.0 -999.0 -999.0 -999 -999 "" "" "" "" 0 0 0.0 0.0 -999 ""
FIBERMAP 27 R-2C1 BOSS 1 1 0 1 0 0 -261.93276287853763 -58.35172909454965 143.1 138.86502414851984 -229.617216666085 346.8958 49.164165 199.95869928638183 -25.704274461580432 -12.235066 -10.846602 0.48382014 199.9586597189437 -25.70430606772008 199.98628294926158 -25.84720441920434 79.56963161002932 285.03373102321126 5400.0 5400.0 2016.0 1 526 {-999.0 17.767117 17.343822 17.204031 -999.0} sdss_psfmag_ps1 17.645351 17.344168 16.900278 15.865 63050396450232829 1164651967 bright_1x1 openfibertargets_mwm_halo_gaiastreams_boss open_fiber science 0 0 0.0 0.0 -999 ""
FIBERMAP 27 R-2C1 METROLOGY 0 0 0 1 0 0 -262.03769074533545 -57.60700662295609 143.1 138.19272707491237 -229.9542476317658 346.8958 49.164165 -999.0 -999.0 -999.0 -999.0 -999.0 199.95644728877195 -25.70537809886692 199.98405784977945 -25.848274449561526 79.56812187003864 285.02436450733114 -999.0 6231.0 -999.0 -1 -999 {-999.0 -999.0 -999.0 -999.0 -999.0} "" -999.0 -999.0 -999.0 -999.0 -999 -999 "" "" "" "" 0 0 0.0 0.0 -999 ""
FIBERMAP 34 R-11C16 APOGEE 0 0 0 1 0 0 183.816025733434 -210.9992982224782 143.1 141.32040138823177 241.517923828849 28.86355 95.37446 -999.0 -999.0 -999.0 -999.0 -999.0 199.96279631826735 -24.279867239947343 199.98885273689882 -24.42292305031005 78.99910989487991 292.05916354982776 -999.0 16600.0 -999.0 2 235 {-999.0 -999.0 -999.0 -999.0 -999.0} "" -999.0 -999.0 -999.0 -999.0 -999 -999 "" ops_sky_apogee_best_unassigned ops_sky sky_apogee 0 0 0.0 0.0 -999 ""
FIBERMAP 34 R-11C16 BOSS 1 1 0 1 0 0 184.24027472651673 -211.62524423846108 143.1 141.77826022773758 242.11968141309168 28.86355 95.37446 199.96425968559933 -24.27804809663324 -4.115058 -4.428309 0.055383842 199.9642465312876 -24.278061000376123 199.99034315429583 -24.421134748507807 78.99950270875254 292.0707467626093 5400.0 5400.0 2016.0 1 345 {-999.0 18.7567 18.150307 17.94799 -999.0} sdss_psfmag_ps1 18.589317 18.193253 17.650127 16.576 63050396450309851 944649048 bright_1x1 openfibertargets_nov2020_6c open_fiber science 0 0 0.0 0.0 -999 ""
FIBERMAP 34 R-11C16 METROLOGY 0 0 0 1 0 0 183.50132393181016 -211.68476300549125 143.1 142.07041569407193 241.43836715375033 28.86355 95.37446 -999.0 -999.0 -999.0 -999.0 -999.0 199.96526988156106 -24.28006522392666 199.99135819157436 -24.42313243197548 79.00123588349554 292.0636357581821 -999.0 6231.0 -999.0 -1 -999 {-999.0 -999.0 -999.0 -999.0 -999.0} "" -999.0 -999.0 -999.0 -999.0 -999 -999 "" "" "" "" 0 0 0.0 0.0 -999 ""
FIBERMAP 38 R+13C14 APOGEE 0 0 0 1 0 0 142.54308544071756 232.1211975393822 143.1 -265.45688861605515 61.03359926159077 313.82233 52.160183 -999.0 -999.0 -999.0 -999.0 -999.0 198.6092309642201 -24.82235502440447 198.63446417752039 -24.966505748642312 78.11090267510852 286.9621551636406 -999.0 16600.0 -999.0 2 57 {-999.0 -999.0 -999.0 -999.0 -999.0} "" -999.0 -999.0 -999.0 -999.0 -999 -999 "" ops_sky_apogee_best_unassigned ops_sky sky_apogee 0 0 0.0 0.0 -999 ""
FIBERMAP 38 R+13C14 BOSS 1 1 0 1 0 0 141.80460628472474 232.16529965890413 143.1 -265.2630849969233 60.319673502615586 313.82233 52.160183 198.6097941589613 -24.824471216700847 5.422958 -9.938293 0.30671337 198.60981156983203 -24.824500176103996 198.63509332954982 -24.96866753440097 78.1122624554233 286.9535402002433 5400.0 5400.0 2016.0 1 95 {-999.0 18.769346 18.443565 18.289001 -999.0} sdss_psfmag_ps1 18.739574 18.428228 17.939632 -999.0 63050396450292140 944648848 bright_1x1 openfibertargets_nov2020_6c open_fiber science 0 0 0.0 0.0 -999 ""
FIBERMAP 38 R+13C14 METROLOGY 0 0 0 1 0 0 142.2266625133861 232.7944973385287 143.1 -265.99402463556453 60.51892088477374 313.82233 52.160183 -999.0 -999.0 -999.0 -999.0 -999.0 198.60736161977272 -24.823879166011867 198.6326273513007 -24.968043727991216 78.10995918757173 286.95215123007017 -999.0 6231.0 -999.0 -1 -999 {-999.0 -999.0 -999.0 -999.0 -999.0} "" -999.0 -999.0 -999.0 -999.0 -999 -999 "" "" "" "" 0 0 0.0 0.0 -999 ""
FIBERMAP 41 R+10C10 APOGEE 0 0 0 1 0 0 12.244766454257773 187.55474229073243 143.1 -181.6518677176549 -48.23178250785616 204.41702 125.14578 -999.0 -999.0 -999.0 -999.0 -999.0 198.88504730444268 -25.15468319048319 198.91090544987173 -25.298562847165858 78.46775826953306 285.91050277253066 -999.0 16600.0 -999.0 2 -999 {-999.0 -999.0 -999.0 -999.0 -999.0} "" -999.0 -999.0 -999.0 -999.0 -999 -999 "" "" "" "" 0 0 0.0 0.0 -999 ""
FIBERMAP 41 R+10C10 BOSS 1 1 0 1 0 0 11.609030913339717 187.93258822487326 143.1 -181.80713126860823 -48.95481353102961 204.41702 125.14578 198.88471158775067 -25.15660044144679 -93.72032 -92.6046 3.0968413 198.8844098759381 -25.156870283646896 198.91031366218812 -25.3007660182434 78.46806914059563 285.89926921420977 5400.0 5400.0 2016.0 1 127 {-999.0 17.396078 16.263412 16.013784 -999.0} sdss_psfmag_ps1 16.858767 16.10757 15.24343 13.624 63050396450288614 1072830254 bright_1x1 mwm_halo_local_high_boss_single mwm_halo science 0 0 0.0 0.0 -999 ""
FIBERMAP 41 R+10C10 METROLOGY 0 0 0 1 0 0 12.239586288396945 188.30272048739175 143.1 -182.35907303508017 -48.47532139092996 204.41702 125.14578 -999.0 -999.0 -999.0 -999.0 -999.0 198.88256200921074 -25.155417007200825 198.90845055151522 -25.299310173837902 78.46596797809637 285.90295160766266 -999.0 6231.0 -999.0 -1 -999 {-999.0 -999.0 -999.0 -999.0 -999.0} "" -999.0 -999.0 -999.0 -999.0 -999 -999 "" "" "" "" 0 0 0.0 0.0 -999 ""
FIBERMAP 47 R-6C12 APOGEE 0 0 0 1 0 0 11.577924024021442 -128.95903718780477 143.1 118.52057265052977 52.11455796889727 253.98207 89.95895 -999.0 -999.0 -999.0 -999.0 -999.0 199.88983718054058 -24.85198680435919 199.916428153286 -24.995037011866515 79.18813008982133 289.1836788781898 -999.0 16600.0 -999.0 2 -999 {-999.0 -999.0 -999.0 -999.0 -999.0} "" -999.0 -999.0 -999.0 -999.0 -999 -999 "" "" "" "" 0 0 0.0 0.0 -999 ""
FIBERMAP 47 R-6C12 BOSS 1 1 0 1 0 0 10.867212260803111 -128.79678747425316 143.1 118.59354923740693 51.389254363298804 253.98207 89.95895 199.8901466591682 -24.85413316071455 -10.857258 -3.6521988 1.7106855 199.89011179266274 -24.85414380293005 199.9167459808333 -24.997210228465065 79.1892874370172 289.1737530525939 5400.0 5400.0 2016.0 1 391 {-999.0 19.534748 18.167004 17.05448 -999.0} sdss_psfmag_ps1 18.91474 17.843056 16.416176 14.265 63050396450249633 1096636264 bright_1x1 mwm_bin_vis_boss mwm_filler science 0 0 0.0 0.0 -999 ""
FIBERMAP 47 R-6C12 METROLOGY 0 0 0 1 0 0 11.391128350043669 -128.23474056833226 143.1 117.89375165354006 51.70645750786318 253.98207 89.95895 -999.0 -999.0 -999.0 -999.0 -999.0 199.8877970560545 -24.853183538648366 199.91441671389157 -24.996247485186196 79.18696714218007 289.1737973319331 -999.0 6231.0 -999.0 -1 -999 {-999.0 -999.0 -999.0 -999.0 -999.0} "" -999.0 -999.0 -999.0 -999.0 -999 -999 "" "" "" "" 0 0 0.0 0.0 -999 ""
FIBERMAP 48 R-6C4 APOGEE 0 0 0 1 0 0 -135.98692509486233 -119.90007712614727 143.1 157.01344848042194 -90.62256316010257 52.292706 39.79588 -999.0 -999.0 -999.0 -999.0 -999.0 200.01944065868955 -25.28448531442602 200.0466319749787 -25.427367629556606 79.4677453825839 287.2926718831073 -999.0 16600.0 -999.0 2 -999 {-999.0 -999.0 -999.0 -999.0 -999.0} "" -999.0 -999.0 -999.0 -999.0 -999 -999 "" "" "" "" 0 0 0.0 0.0 -999 ""
FIBERMAP 48 R-6C4 BOSS 1 1 0 1 0 0 -135.97158780580585 -120.63100660492547 143.1 157.7012562937836 -90.37483748639049 52.292706 39.79588 200.0217959562484 -25.2837144219001 -11.7457905 -9.24799 0.49691975 200.02175810382096 -25.283741369808528 200.04899165660487 -25.42663687748557 79.46943706369916 287.30081297365183 5400.0 5400.0 2016.0 1 491 {-999.0 17.585524 17.13308 16.955954 -999.0} sdss_psfmag_ps1 17.505253 17.14343 16.615183 15.679 63050396450246154 1164651976 bright_1x1 openfibertargets_mwm_halo_gaiastreams_boss open_fiber science 0 0 0.0 0.0 -999 ""
FIBERMAP 48 R-6C4 METROLOGY 0 0 0 1 0 0 -136.61632690572424 -120.30424488497997 143.1 157.59727761740746 -91.09010362612676 52.292706 39.79588 -999.0 -999.0 -999.0 -999.0 -999.0 200.02144690054539 -25.285924543480878 200.04867113578382 -25.428815784837603 79.46999992048015 287.2891866383445 -999.0 6231.0 -999.0 -1 -999 {-999.0 -999.0 -999.0 -999.0 -999.0} "" -999.0 -999.0 -999.0 -999.0 -999 -999 "" "" "" "" 0 0 0.0 0.0 -999 ""
FIBERMAP 50 R-4C21 APOGEE 1 1 0 1 0 0 218.04006270011266 -66.55622134850847 143.1 -6.486707501528403 227.86990656153912 82.2746 58.084335 199.47240729690535 -24.320337481451507 -23.709497 -7.4182453 2.5070713 199.4725625622503 -24.3203590976151 199.49816755775558 -24.463839159475157 78.61804844461017 290.8395788607067 16000.0 16600.0 2016.0 2 225 {-999.0 9.630693 8.730411 8.401459 -999.0} sdss_psfmag_from_g3xp 9.351459 8.769921 8.045265 6.549 63050396450310360 1106530662 bright_1x1 mwm_tess_rgb_apogee mwm_tessrgb science 0 0 0.7580673694610596 0.0 -999 ""
FIBERMAP 50 R-4C21 BOSS 0 0 0 1 0 0 218.6150689906902 -66.99569140644732 143.1 -6.253668220565545 228.5550446758124 82.2746 58.084335 -999.0 -999.0 -999.0 -999.0 -999.0 199.47329536446915 -24.318241556618194 199.49894225998503 -24.461740455793613 78.61775742567556 290.8507000175485 -999.0 5400.0 -999.0 1 323 {-999.0 -999.0 -999.0 -999.0 -999.0} "" -999.0 -999.0 -999.0 -999.0 -999 -999 "" "" "" "" 0 0 0.0 0.0 -999 ""
FIBERMAP 50 R-4C21 METROLOGY 0 0 0 1 0 0 217.9269557443171 -67.29172355357144 143.1 -5.753588182639481 227.9973646421371 82.2746 58.084335 -999.0 -999.0 -999.0 -999.0 -999.0 199.47496564306624 -24.319889694815362 199.50060385900383 -24.463381553049715 78.61983799890866 290.8466085214901 -999.0 6231.0 -999.0 -1 -999 {-999.0 -999.0 -999.0 -999.0 -999.0} "" -999.0 -999.0 -999.0 -999.0 -999 -999 "" "" "" "" 0 0 0.0 0.0 -999 ""
FIBERMAP 51 R+5C4 APOGEE 0 0 0 1 0 0 -158.77168257753422 78.71838097166716 143.1 -23.94791796769457 -175.58146902418852 352.73178 47.38385 -999.0 -999.0 -999.0 -999.0 -999.0 199.4123772495406 -25.542422556710253 199.43919905456914 -25.68580520377051 79.0515415533472 284.9293960439119 -999.0 16600.0 -999.0 2 -999 {-999.0 -999.0 -999.0 -999.0 -999.0} "" -999.0 -999.0 -999.0 -999.0 -999 -999 "" "" "" "" 0 0 0.0 0.0 -999 ""
FIBERMAP 51 R+5C4 BOSS 1 1 0 1 0 0 -159.28656942615302 78.23064512314964 143.1 -23.321425500679577 -175.9138228406935 352.73178 47.38385 199.41454611850077 -25.543462252827382 -35.452236 -6.0543637 12.091123 199.41443162244076 -25.54347989472179 199.44129641120853 -25.686874120427234 79.05368542127705 284.9275786815604 5400.0 5400.0 2016.0 1 38 {-999.0 18.30341 16.873365 15.301013 -999.0} sdss_psfmag_ps1 17.70492 15.955373 14.694682 12.313 63050396450244347 1151081981 bright_1x1 mwm_snc_100pc_boss_single mwm_snc science 0 0 0.0 0.0 -999 ""
FIBERMAP 51 R+5C4 METROLOGY 0 0 0 1 0 0 -159.47922724219876 78.96103043962631 143.1 -23.95214653174051 -176.32942134072314 352.73178 47.38385 -999.0 -999.0 -999.0 -999.0 -999.0 199.41231657227073 -25.544756035736683 199.43917170977852 -25.688148779186992 79.05233302213419 284.9177804591635 -999.0 6231.0 -999.0 -1 -999 {-999.0 -999.0 -999.0 -999.0 -999.0} "" -999.0 -999.0 -999.0 -999.0 -999 -999 "" "" "" "" 0 0 0.0 0.0 -999 ""
FIBERMAP 60 R-3C7 APOGEE 0 0 0 1 0 0 -108.01597165351765 -56.271693834814585 143.1 87.78925853612928 -84.41407417627457 23.579454 100.58222 -999.0 -999.0 -999.0 -999.0 -999.0 199.78767806420637 -25.266375877083643 199.81460541696322 -25.40946530686437 79.26704484052392 286.9517038947041 -999.0 16600.0 -999.0 2 290 {-999.0 -999.0 -999.0 -999.0 -999.0} "" -999.0 -999.0 -999.0 -999.0 -999 -999 "" ops_sky_apogee_best_unassigned ops_sky sky_apogee 0 0 0.0 0.0 -999 ""
FIBERMAP 60 R-3C7 BOSS 1 1 0 1 0 0 -107.7065312403724 -56.94007116156722 143.1 88.3239571866646 -83.90758354963803 23.579454 100.58222 199.7898085093002 -25.264874307155896 -102.10342 3.173455 2.8234751 199.78947951815823 -25.26486505959348 199.81644795791954 -25.407968216942965 79.26802108252399 286.962521764839 5400.0 5400.0 2016.0 1 476 {-999.0 18.622093 17.258427 16.439703 -999.0} sdss_psfmag_ps1 18.063906 17.054455 16.051348 14.149 63050396450246323 1073376769 bright_1x1 mwm_halo_local_high_boss_single mwm_halo science 0 0 0.0 0.0 -999 ""
FIBERMAP 60 R-3C7 METROLOGY 0 0 0 1 0 0 -108.4446692760754 -56.88347016546474 143.1 88.50580680818227 -84.62517358209229 23.579454 100.58222 -999.0 -999.0 -999.0 -999.0 -999.0 199.79011062624116 -25.26705213506394 199.8170711293153 -25.41015033285255 79.26936586617516 286.95281032722414 -999.0 6231.0 -999.0 -1 -999 {-999.0 -999.0 -999.0 -999.0 -999.0} "" -999.0 -999.0 -999.0 -999.0 -999 -999 "" "" "" "" 0 0 0.0 0.0 -999 ""
FIBERMAP 73 R-11C14 APOGEE 0 0 0 1 0 0 143.21361486160234 -211.44579331559981 143.1 154.69704873610155 203.18151866014202 55.885777 55.665176 -999.0 -999.0 -999.0 -999.0 -999.0 200.0079038106745 -24.3951707346959 200.03412816515004 -24.53817238841276 79.0879782279668 291.6163645246105 -999.0 16600.0 -999.0 2 232 {-999.0 -999.0 -999.0 -999.0 -999.0} "" -999.0 -999.0 -999.0 -999.0 -999 -999 "" ops_sky_apogee_best_unassigned ops_sky sky_apogee 0 0 0.0 0.0 -999 ""
FIBERMAP 73 R-11C14 BOSS 1 1 0 1 0 0 143.3600298114227 -212.14948982848418 143.1 155.31722981814227 203.54477825003264 55.885777 55.665176 200.00990212191888 -24.394020564959394 4.8841767 -10.357698 0.39027876 200.00991774911915 -24.394050746475834 200.03618337445533 -24.53706927226794 79.0891540705407 291.6260046997978 5400.0 5400.0 2016.0 1 341 {-999.0 16.989588 16.682234 16.511505 -999.0} sdss_psfmag_ps1 16.984123 16.674965 16.185595 15.281 63050396450271676 980439081 "" ops_std_boss_tic ops_std standard_boss 0 0 0.0 0.0 -999 ""
FIBERMAP 73 R-11C14 METROLOGY 0 0 0 1 0 0 142.6429571462354 -211.926127911881 143.1 155.33431978689669 202.7939496231121 55.885777 55.665176 -999.0 -999.0 -999.0 -999.0 -999.0 200.0100322142085 -24.396280210897885 200.03628899996943 -24.53929312807407 79.09023778277938 291.61573215625197 -999.0 6231.0 -999.0 -1 -999 {-999.0 -999.0 -999.0 -999.0 -999.0} "" -999.0 -999.0 -999.0 -999.0 -999 -999 "" "" "" "" 0 0 0.0 0.0 -999 ""
FIBERMAP 85 R+2C11 APOGEE 1 1 0 1 0 0 -57.582550536920394 31.41986160314255 143.1 -11.40583425073057 -64.59487727633088 222.76744 104.81622 199.45496164149048 -25.206309729016752 -14.839102 -16.823122 1.6399207 199.45491385088567 -25.206358750261263 199.48142602833565 -25.349745663557126 78.96565911821138 286.64521979036164 16000.0 16600.0 2016.0 2 15 {-999.0 11.641409 10.710199 10.374782 -999.0} sdss_psfmag_from_g3xp 11.340901 10.748621 10.018049 8.485 63050396450247822 975319191 "" ops_std_apogee ops_std standard_apogee 0 0 0.0 0.0 -999 ""
FIBERMAP 85 R+2C11 BOSS 0 0 0 1 0 0 -58.20427127665922 31.792385461548882 143.1 -11.560525259996682 -65.30292857350993 222.76744 104.81622 -999.0 -999.0 -999.0 -999.0 -999.0 199.4543408447008 -25.208530941334296 199.48089814156117 -25.35193387776317 78.96603667742707 286.63368562452774 -999.0 5400.0 -999.0 1 23 {-999.0 -999.0 -999.0 -999.0 -999.0} "" -999.0 -999.0 -999.0 -999.0 -999 -999 "" "" "" "" 0 0 0.0 0.0 -999 ""
FIBERMAP 85 R+2C11 METROLOGY 0 0 0 1 0 0 -57.54977871649615 32.160156572992456 143.1 -12.11786611604864 -64.79999790947414 222.76744 104.81622 -999.0 -999.0 -999.0 -999.0 -999.0 199.45248313846704 -25.20701229501903 199.47902472471253 -25.35041258985022 78.96389703113063 286.6377408769802 -999.0 6231.0 -999.0 -1 -999 {-999.0 -999.0 -999.0 -999.0 -999.0} "" -999.0 -999.0 -999.0 -999.0 -999 -999 "" "" "" "" 0 0 0.0 0.0 -999 ""
FIBERMAP 89 R-9C1 APOGEE 0 0 0 1 0 0 -190.72529420493044 -182.51660838850648 143.1 233.8183935887604 -122.5213111147775 201.15823 166.65375 -999.0 -999.0 -999.0 -999.0 -999.0 200.27571668800744 -25.37946330627053 200.3032822265992 -25.522104782822257 79.71806228868675 287.29538394854393 -999.0 16600.0 -999.0 2 258 {-999.0 -999.0 -999.0 -999.0 -999.0} "" -999.0 -999.0 -999.0 -999.0 -999 -999 "" ops_sky_apogee_best_unassigned ops_sky sky_apogee 0 0 0.0 0.0 -999 ""
FIBERMAP 89 R-9C1 BOSS 1 1 0 1 0 0 -191.45055664744584 -182.62621733237654 143.1 234.1536524157329 -123.17367252667437 201.15823 166.65375 200.2768107243648 -25.381365968595365 -4.2508445 -15.295943 0.25057876 200.27679701437395 -25.381410539768325 200.30440557797374 -25.524065539193938 79.71974409876199 287.2873738018997 5400.0 5400.0 2016.0 1 352 {-999.0 17.229172 16.792088 16.674019 -999.0} sdss_psfmag_ps1 17.109764 16.81529 16.341272 15.389 63050396450245502 976181176 "" ops_std_boss ops_std standard_boss 0 0 0.0 0.0 -999 ""
FIBERMAP 89 R-9C1 METROLOGY 0 0 0 1 0 0 -191.18543695394794 -181.9327880514208 143.1 233.41190848889582 -123.14364568753807 201.15823 166.65375 -999.0 -999.0 -999.0 -999.0 -999.0 200.27438907499285 -25.381365057031232 200.3019838852988 -25.52401806710076 79.7177039459408 287.28297621447916 -999.0 6231.0 -999.0 -1 -999 {-999.0 -999.0 -999.0 -999.0 -999.0} "" -999.0 -999.0 -999.0 -999.0 -999 -999 "" "" "" "" 0 0 0.0 0.0 -999 ""
FIBERMAP 92 R-1C26 APOGEE 0 0 0 1 0 0 286.8559986910594 -1.600297129375285 143.1 -89.99989912496645 272.3636029765603 112.0256 66.29995 -999.0 -999.0 -999.0 -999.0 -999.0 199.19608786230114 -24.18658834159301 199.221278019554 -24.33032271578515 78.33284390548837 290.882042949422 -999.0 16600.0 -999.0 2 229 {-999.0 -999.0 -999.0 -999.0 -999.0} "" -999.0 -999.0 -999.0 -999.0 -999 -999 "" ops_sky_apogee_best_unassigned ops_sky sky_apogee 0 0 0.0 0.0 -999 ""
FIBERMAP 92 R-1C26 BOSS 1 1 0 1 0 0 287.6493882414659 -1.6016731023784236 143.1 -90.25171247927601 273.11593619859804 112.0256 66.29995 199.19523563146532 -24.18431950262336 0.19059539 -8.339918 0.20052087 199.19523624027963 -24.18434380448776 199.22046671043645 -24.32809877661506 78.33119648302271 290.8902847802974 5400.0 5400.0 2016.0 1 338 {-999.0 18.45359 18.105234 18.112432 -999.0} sdss_psfmag_ps1 18.419472 18.138845 17.71386 -999.0 63050396450294643 978586193 "" ops_std_boss ops_std standard_boss 0 0 0.0 0.0 -999 ""
FIBERMAP 92 R-1C26 METROLOGY 0 0 0 1 0 0 287.2281905399373 -2.258831286025618 143.1 -89.4945486058597 272.92642276192123 112.0256 66.29995 -999.0 -999.0 -999.0 -999.0 -999.0 199.19773086679973 -24.184861920050164 199.22295213620976 -24.328609154301734 78.33345300488739 290.8929807279096 -999.0 6231.0 -999.0 -1 -999 {-999.0 -999.0 -999.0 -999.0 -999.0} "" -999.0 -999.0 -999.0 -999.0 -999 -999 "" "" "" "" 0 0 0.0 0.0 -999 ""
FIBERMAP 101 R-9C6 APOGEE 0 0 0 1 0 0 -72.81749764896514 -190.1354741857125 143.1 203.42231752821763 -8.349577428240625 313.6504 90.45906 -999.0 -999.0 -999.0 -999.0 -999.0 200.17353713868084 -25.034615531446843 200.2006189180371 -25.177391045622795 79.4975350876862 288.85173468256556 -999.0 16600.0 -999.0 2 181 {-999.0 -999.0 -999.0 -999.0 -999.0} "" -999.0 -999.0 -999.0 -999.0 -999 -999 "" ops_sky_apogee_best_unassigned ops_sky sky_apogee 0 0 0.0 0.0 -999 ""
FIBERMAP 101 R-9C6 BOSS 1 1 0 1 0 0 -73.36402663920097 -190.65654949001126 143.1 204.09050063788646 -8.701282078087358 313.6504 90.45906 200.17578267592702 -25.035657143120332 0.4990338 -0.3987273 -0.50784844 200.1757842808648 -25.035658304980256 200.20290962610292 -25.17844776417221 79.49985851442143 288.8510358256532 5400.0 5400.0 2016.0 1 374 {-999.0 19.323587 19.202717 19.0753 -999.0} sdss_psfmag_ps1 19.116909 18.88126 18.557 -999.0 63050396450267166 1117337484 bright_1x1 openfibertargets_bhm_quaia_boss open_fiber science 0 0 0.0 0.0 -999 ""
FIBERMAP 101 R-9C6 METROLOGY 0 0 0 1 0 0 -73.5378400906463 -189.9590760231811 143.1 203.4849581516575 -9.088521835832688 313.6504 90.45906 -999.0 -999.0 -999.0 -999.0 -999.0 200.17381739744883 -25.036845056913734 200.20093067756318 -25.179631570368972 79.49869963430845 288.8411196293451 -999.0 6231.0 -999.0 -1 -999 {-999.0 -999.0 -999.0 -999.0 -999.0} "" -999.0 -999.0 -999.0 -999.0 -999 -999 "" "" "" "" 0 0 0.0 0.0 -999 ""
FIBERMAP 105 R-2C23 APOGEE 1 1 0 1 0 0 225.22900916566817 -47.735302809771824 143.1 -26.616777811445754 228.67836968716992 233.27542 152.84154 199.40570157105913 -24.31786908500745 -3.044873 -0.66410536 0.3849162 199.40569183467744 -24.317871020157828 199.43122740790398 -24.461409351716078 78.56224941388069 290.71524687044234 16000.0 16600.0 2016.0 2 203 {-999.0 13.240874 12.472863 12.165408 -999.0} sdss_psfmag_from_g3xp 13.022495 12.495023 11.812639 10.395 63050396450310355 1109977740 bright_1x1 mwm_tess_rgb_apogee mwm_tessrgb science 0 0 0.0 0.0 -999 ""
FIBERMAP 105 R-2C23 BOSS 0 0 0 1 0 0 224.56860339663592 -48.04927776158895 143.1 -26.108532997535388 228.15267233846455 233.27542 152.84154 -999.0 -999.0 -999.0 -999.0 -999.0 199.40732880809415 -24.319398629911735 199.43291061716218 -24.46295442338423 78.56430400621261 290.71163441970873 -999.0 5400.0 -999.0 1 286 {-999.0 -999.0 -999.0 -999.0 -999.0} "" -999.0 -999.0 -999.0 -999.0 -999 -999 "" "" "" "" 0 0 0.0 0.0 -999 ""
FIBERMAP 105 R-2C23 METROLOGY 0 0 0 1 0 0 224.62553321353593 -47.30828604282487 143.1 -26.82893236635174 227.97022392122997 233.27542 152.84154 -999.0 -999.0 -999.0 -999.0 -999.0 199.4049416222116 -24.319914507335458 199.43050942506102 -24.46346690360528 78.56256465409773 290.7044767148493 -999.0 6231.0 -999.0 -1 -999 {-999.0 -999.0 -999.0 -999.0 -999.0} "" -999.0 -999.0 -999.0 -999.0 -999 -999 "" "" "" "" 0 0 0.0 0.0 -999 ""
FIBERMAP 109 R-5C5 APOGEE 0 0 1 1 0 0 -148.37506439158838 -89.7899551656369 143.1 132.43034909467198 -111.96890586667817 10.008891 171.48161 -999.0 -999.0 -999.0 -999.0 -999.0 199.9372756815215 -25.349437680447174 199.96445043426536 -25.492384923586236 79.42358898837318 286.8110216754967 -999.0 16600.0 -999.0 2 295 {-999.0 -999.0 -999.0 -999.0 -999.0} "" -999.0 -999.0 -999.0 -999.0 -999 -999 "" ops_sky_apogee_best_unassigned ops_sky sky_apogee 0 0 0.0 0.0 -999 ""
FIBERMAP 109 R-5C5 BOSS 1 0 1 1 0 0 -147.64721419673106 -89.59823140683763 143.1 132.01644458665547 -111.34028937208316 10.008891 171.48161 199.9580383300781 -25.372878749457186 -999.0 -999.0 -999.0 199.93590203977323 -25.347566077412527 199.96311446432844 -25.49052975295858 79.4217765843968 286.8179363957426 5400.0 5400.0 2015.5 1 486 {-999.0 -999.0 -999.0 -999.0 -999.0} "" -999.0 -999.0 -999.0 -999.0 27021603177278127 824215321 "" ops_sky_boss_good ops_sky sky_boss 0 0 0.0 0.0 -999 ""
FIBERMAP 109 R-5C5 METROLOGY 0 0 1 1 0 0 -147.8443645451154 -90.31823160712314 143.1 132.76168528237534 -111.2974247543524 10.008891 171.48161 -999.0 -999.0 -999.0 -999.0 -999.0 199.93842683735252 -25.347445113276695 199.96563013594664 -25.490402320695516 79.42383469084342 286.8232095709836 -999.0 6231.0 -999.0 -1 -999 {-999.0 -999.0 -999.0 -999.0 -999.0} "" -999.0 -999.0 -999.0 -999.0 -999 -999 "" "" "" "" 0 0 0.0 0.0 -999 ""
FIBERMAP 111 R+1C26 APOGEE 0 0 1 1 0 0 280.84021615942623 27.093635851122556 143.1 -115.27386946540429 257.5081453239016 9.995282 170.20027 -999.0 -999.0 -999.0 -999.0 -999.0 199.1121151843701 -24.231098103317027 199.13726629306814 -24.374898604980768 78.28373980267511 290.51828593888956 -999.0 16600.0 -999.0 2 107 {-999.0 -999.0 -999.0 -999.0 -999.0} "" -999.0 -999.0 -999.0 -999.0 -999 -999 "" ops_sky_apogee_best_unassigned ops_sky sky_apogee 0 0 0.0 0.0 -999 ""
FIBERMAP 111 R+1C26 BOSS 1 0 1 1 0 0 281.58506064006735 27.09368772088898 143.1 -115.51154851048129 258.2140169178765 9.995282 170.20027 199.195377167273 -24.228385988167638 -0.4623153 -0.074129954 -0.14126797 199.11131240145482 -24.228983862365016 199.13650446020517 -24.372804777666136 78.28219941509326 290.52606067055774 5400.0 5400.0 2016.0 1 183 {-999.0 19.656193 19.787796 19.456255 -999.0} sdss_psfmag_ps1 19.483284 19.448523 18.978989 -999.0 63050396450294617 1117337587 bright_1x1 openfibertargets_bhm_quaia_boss open_fiber science 0 0 0.0 0.0 -999 ""
FIBERMAP 111 R+1C26 METROLOGY 0 0 1 1 0 0 281.224297610808 26.441605088829732 143.1 -114.77847537890422 258.08015807333265 9.995282 170.20027 -999.0 -999.0 -999.0 -999.0 -999.0 199.11372216545925 -24.22933867844402 199.13890455985154 -24.373151980817777 78.28431699088398 290.52923634030617 -999.0 6231.0 -999.0 -1 -999 {-999.0 -999.0 -999.0 -999.0 -999.0} "" -999.0 -999.0 -999.0 -999.0 -999 -999 "" "" "" "" 0 0 0.0 0.0 -999 ""
FIBERMAP 112 R-4C23 APOGEE 1 1 0 1 0 0 248.40924088496695 -90.6530437044061 143.1 6.661052873865659 264.3384159950133 278.07507 117.61957 199.5164066499032 -24.210835235539786 -28.629398 1.2725462 2.3054795 199.51631518069905 -24.210831527413188 199.5418507034279 -24.354287101954654 78.60497396447197 291.42610277318096 16000.0 16600.0 2016.0 2 237 {-999.0 11.731274 11.343714 11.220213 -999.0} sdss_psfmag_from_g3xp 11.666136 11.36148 10.890152 10.1 63050396450310486 996660650 bright_1x1 mwm_bin_gaia_sb_apogee mwm_bin science 0 0 0.0 0.0 -999 ""
FIBERMAP 112 R-4C23 BOSS 0 0 0 1 0 0 247.81026886852158 -91.06456943182275 143.1 7.242147042782717 263.90206123943165 278.07507 117.61957 -999.0 -999.0 -999.0 -999.0 -999.0 199.51819836662284 -24.21212091162231 199.54378021735158 -24.355594276707826 78.6071314461521 291.4241843956527 -999.0 5400.0 -999.0 1 347 {-999.0 -999.0 -999.0 -999.0 -999.0} "" -999.0 -999.0 -999.0 -999.0 -999 -999 "" "" "" "" 0 0 0.0 0.0 -999 ""
FIBERMAP 112 R-4C23 METROLOGY 0 0 0 1 0 0 247.7308925002286 -90.34338405112247 143.1 6.58400427105138 263.5967545016927 278.07507 117.61957 -999.0 -999.0 -999.0 -999.0 -999.0 199.5160287373821 -24.21299085873939 199.54159730805952 -24.35646050020168 78.60574317017078 291.41574773066327 -999.0 6231.0 -999.0 -1 -999 {-999.0 -999.0 -999.0 -999.0 -999.0} "" -999.0 -999.0 -999.0 -999.0 -999 -999 "" "" "" "" 0 0 0.0 0.0 -999 ""
FIBERMAP 113 R-7C11 APOGEE 1 1 0 1 0 0 19.094548255408466 -130.7441759544619 143.1 117.8142959689946 59.80757092427694 356.28836 148.13417 199.88741277927082 -24.828677101406743 -0.90849966 6.225099 1.2361478 199.8874098623569 -24.828658961958414 199.91397301046536 -24.971714077594655 79.17647852428368 289.29197838397766 16000.0 16600.0 2016.0 2 167 {-999.0 13.458969 12.673652 12.381589 -999.0} sdss_psfmag_from_g3xp 13.229043 12.706049 12.028832 10.629 63050396450249677 1113966727 bright_1x1 openfibertargets_mwm_subgiant_nataf24_apogee open_fiber science 0 0 0.0 0.0 -999 ""
FIBERMAP 113 R-7C11 BOSS 0 0 0 1 0 0 19.717020656695723 -131.1687274741292 143.1 118.01805372017449 60.53293310531981 356.28836 148.13417 -999.0 -999.0 -999.0 -999.0 -999.0 199.8881048562085 -24.82641199663516 199.91470791860627 -24.969483833179208 79.17616257008068 289.30425856265174 -999.0 5400.0 -999.0 1 400 {-999.0 -999.0 -999.0 -999.0 -999.0} "" -999.0 -999.0 -999.0 -999.0 -999 -999 "" "" "" "" 0 0 0.0 0.0 -999 ""
FIBERMAP 113 R-7C11 METROLOGY 0 0 0 1 0 0 19.02960578846626 -131.4858749244559 143.1 118.53792189778773 59.98265139992934 356.28836 148.13417 -999.0 -999.0 -999.0 -999.0 -999.0 199.88987070399486 -24.828077609532283 199.916465692036 -24.9711428700289 79.17829959341765 289.299724975546 -999.0 6231.0 -999.0 -1 -999 {-999.0 -999.0 -999.0 -999.0 -999.0} "" -999.0 -999.0 -999.0 -999.0 -999 -999 "" "" "" "" 0 0 0.0 0.0 -999 ""
FIBERMAP 116 R+4C14 APOGEE 0 0 0 1 0 0 61.52936849818903 84.56437985259258 143.1 -99.77144474014054 31.332483619452407 57.47307 76.2906 -999.0 -999.0 -999.0 -999.0 -999.0 199.15961996172166 -24.91452392823752 199.18551933887636 -25.05820036664654 78.60673844975176 287.50358062715685 -999.0 16600.0 -999.0 2 -999 {-999.0 -999.0 -999.0 -999.0 -999.0} "" -999.0 -999.0 -999.0 -999.0 -999 -999 "" "" "" "" 0 0 0.0 0.0 -999 ""
FIBERMAP 116 R+4C14 BOSS 1 1 0 1 0 0 62.06938919846137 84.02137586880612 143.1 -99.42912493875781 32.01749666315887 57.47307 76.2906 199.16066641386738 -24.912388965751973 0.58379626 -8.432724 0.089576825 199.16066828952876 -24.91241353804533 199.1866104029037 -25.056106212522124 78.60683068677208 287.5152939749147 5400.0 5400.0 2016.0 1 165 {-999.0 18.39637 18.009565 17.857052 17.797337} sdss_psfmag_from_gaia 18.329 18.0222 17.5231 -999.0 63050396450289144 973154618 "" ops_std_boss_gdr2 ops_std standard_boss 0 0 0.0 0.0 -999 ""
FIBERMAP 116 R+4C14 METROLOGY 0 0 0 1 0 0 61.329222454784635 83.84365814617209 143.1 -99.0245645487548 31.372739405110885 57.47307 76.2906 -999.0 -999.0 -999.0 -999.0 -999.0 199.1620148256754 -24.914375992662226 199.18794801065008 -25.058062496680435 78.6087100923057 287.50857187446866 -999.0 6231.0 -999.0 -1 -999 {-999.0 -999.0 -999.0 -999.0 -999.0} "" -999.0 -999.0 -999.0 -999.0 -999 -999 "" "" "" "" 0 0 0.0 0.0 -999 ""
FIBERMAP 121 R+6C3 APOGEE 1 1 0 1 0 0 -181.42722925867662 99.13541744879149 143.1 -36.06925222903572 -203.56580722141643 294.7228 81.675224 199.3715881704006 -25.626743938616578 -8.2424135 -10.797611 1.260413 199.37156153227835 -25.626775402002632 199.3984281629228 -25.770182833230724 79.04607299182271 284.4458389753732 16000.0 16600.0 2016.0 2 18 {-999.0 10.926185 10.119791 9.796408 -999.0} sdss_psfmag_from_g3xp 10.686093 10.141776 9.443477 8.037 63050396450244290 1105227562 bright_1x1 mwm_tess_rgb_apogee mwm_tessrgb science 0 0 0.0 0.0 -999 ""
FIBERMAP 121 R+6C3 BOSS 0 0 0 1 0 0 -182.12329965093903 98.92698713231755 143.1 -35.64965374042044 -204.1589760971738 294.7228 81.675224 -999.0 -999.0 -999.0 -999.0 -999.0 199.37291547981548 -25.628603509784046 199.39982926364416 -25.772023760286782 79.0478855916753 284.43898622330664 -999.0 5400.0 -999.0 1 26 {-999.0 -999.0 -999.0 -999.0 -999.0} "" -999.0 -999.0 -999.0 -999.0 -999 -999 "" "" "" "" 0 0 0.0 0.0 -999 ""
FIBERMAP 121 R+6C3 METROLOGY 0 0 0 1 0 0 -181.95993904029942 99.65480094487842 143.1 -36.391519348569176 -204.2363560045781 294.7228 81.675224 -999.0 -999.0 -999.0 -999.0 -999.0 199.3704293190084 -25.628864167225828 199.39732842643673 -25.772282529234648 79.04585568858528 284.4336752480447 -999.0 6231.0 -999.0 -1 -999 {-999.0 -999.0 -999.0 -999.0 -999.0} "" -999.0 -999.0 -999.0 -999.0 -999 -999 "" "" "" "" 0 0 0.0 0.0 -999 ""
FIBERMAP 127 R-1C2 APOGEE 0 0 0 1 0 0 -256.196885959738 -1.024512348245409 143.1 82.70616226415287 -242.47060130065756 123.66982 72.83333 -999.0 -999.0 -999.0 -999.0 -999.0 199.77038262000613 -25.74377325043075 199.79780462898327 -25.88681933270892 79.42380240470274 284.5114066156641 -999.0 16600.0 -999.0 2 -999 {-999.0 -999.0 -999.0 -999.0 -999.0} "" -999.0 -999.0 -999.0 -999.0 -999 -999 "" "" "" "" 0 0 0.0 0.0 -999 ""
FIBERMAP 127 R-1C2 BOSS 1 1 0 1 0 0 -255.49072999692618 -0.8203561910773323 143.1 82.28739676200122 -241.8665107454533 123.66982 72.83333 199.76894341565978 -25.74195963684074 -0.16891772 -0.54810566 1.0361043 199.76894286921748 -25.741961233977445 199.79640289337098 -25.885022281468245 79.42200759380624 284.51829388847034 5400.0 5400.0 2016.0 1 512 {-999.0 20.003485 19.861921 19.812737 -999.0} sdss_psfmag_ps1 20.148693 20.114033 19.599771 -999.0 63050396450243206 1117337397 bright_1x1 openfibertargets_bhm_quaia_boss open_fiber science 0 0 0.0 0.0 -999 ""
FIBERMAP 127 R-1C2 METROLOGY 0 0 0 1 0 0 -255.65505897412257 -1.540188345801031 143.1 83.02200710421764 -241.79259496914744 123.66982 72.83333 -999.0 -999.0 -999.0 -999.0 -999.0 199.77143608465553 -25.741777442596927 199.7988870883379 -25.884832559067192 79.42404630370066 284.5233883011048 -999.0 6231.0 -999.0 -1 -999 {-999.0 -999.0 -999.0 -999.0 -999.0} "" -999.0 -999.0 -999.0 -999.0 -999 -999 "" "" "" "" 0 0 0.0 0.0 -999 ""
FIBERMAP 133 R-7C18 APOGEE 0 0 0 1 0 0 159.12732759600294 -142.40825662758957 143.1 84.19326754062992 196.23767851586032 199.64958 132.8623 -999.0 -999.0 -999.0 -999.0 -999.0 199.77405467998972 -24.41590678664207 199.800064775098 -24.559112435514276 78.90661403143521 291.02182901341797 -999.0 16600.0 -999.0 2 222 {-999.0 -999.0 -999.0 -999.0 -999.0} "" -999.0 -999.0 -999.0 -999.0 -999 -999 "" "" "" "" 0 0 0.0 0.0 -999 ""
FIBERMAP 133 R-7C18 BOSS 1 1 0 1 0 0 158.45677846330847 -142.0531940500618 143.1 84.07070242784025 195.48892333733085 199.64958 132.8623 199.77363475523364 -24.418100178547398 -999.0 -999.0 -999.0 199.77363475523364 -24.418100178547398 199.7996881609931 -24.561324465922596 78.90728212155072 291.0107254541167 5400.0 5400.0 2016.0 1 320 {-999.0 21.889137 20.486095 19.679394 19.101658} sdss_psfmag_from_gdr3 17.070059 20.389057 15.138657 12.486 63050396450309440 1059800155 bright_flexible_2x1 bhm_spiders_agn_gaiadr3 bhm_spiders science 0 0 0.0 0.0 -999 ""
FIBERMAP 133 R-7C18 METROLOGY 0 0 0 1 0 0 159.08688239282992 -141.66024713933774 143.1 83.49728327501596 195.96070901990632 199.64958 132.8623 -999.0 -999.0 -999.0 -999.0 -999.0 199.77174903279735 -24.41665315292759 199.7977873219886 -24.55987402457379 78.9050908043655 291.01352931168685 -999.0 6231.0 -999.0 -1 -999 {-999.0 -999.0 -999.0 -999.0 -999.0} "" -999.0 -999.0 -999.0 -999.0 -999 -999 "" "" "" "" 0 0 0.0 0.0 -999 ""
FIBERMAP 135 R-9C8 APOGEE 1 1 0 1 0 0 -40.13804431194261 -186.11612719909317 143.1 189.1873671534792 21.33839395625248 240.7362 117.00835 200.1259697070803 -24.94462762441037 -62.538605 -68.18373 7.7147713 200.12576872584432 -24.944826306296186 200.15270135090273 -25.08765496028125 79.42134384208612 289.20301754077263 16000.0 16600.0 2016.0 2 189 {-999.0 9.981301 9.568796 9.422852 -999.0} sdss_psfmag_from_g3xp 9.907362 9.586358 9.092595 8.285 63050396450267389 1103552266 bright_1x1 mwm_tess_2min_apogee mwm_planet science 0 0 0.0 0.0 -999 ""
FIBERMAP 135 R-9C8 BOSS 0 0 0 1 0 0 -40.8684854933158 -186.11469523509112 143.1 189.41904484502194 20.64569895841741 240.7362 117.00835 -999.0 -999.0 -999.0 -999.0 -999.0 200.12657192662635 -24.946899321554643 200.15355018682817 -25.089744032877046 79.42290225517935 289.19435890131126 -999.0 5400.0 -999.0 1 386 {-999.0 -999.0 -999.0 -999.0 -999.0} "" -999.0 -999.0 -999.0 -999.0 -999 -999 "" "" "" "" 0 0 0.0 0.0 -999 ""
FIBERMAP 135 R-9C8 METROLOGY 0 0 0 1 0 0 -40.487281095858805 -185.4575745385107 143.1 188.67467567747727 20.79732275263186 240.7362 117.00835 -999.0 -999.0 -999.0 -999.0 -999.0 200.12413212645157 -24.946448819400295 200.1510959498247 -25.089291109652102 79.42068949111338 289.19164026809926 -999.0 6231.0 -999.0 -1 -999 {-999.0 -999.0 -999.0 -999.0 -999.0} "" -999.0 -999.0 -999.0 -999.0 -999 -999 "" "" "" "" 0 0 0.0 0.0 -999 ""
FIBERMAP 137 R-11C13 APOGEE 0 0 0 1 0 0 79.5006585302115 -206.9960340623232 143.1 170.80654636605482 141.3812135429014 243.29175 14.43326 -999.0 -999.0 -999.0 -999.0 -999.0 200.06260741637217 -24.581574802783773 200.0890863418765 -24.724504946870454 79.21524649472603 290.84605493374295 -999.0 16600.0 -999.0 2 184 {-999.0 -999.0 -999.0 -999.0 -999.0} "" -999.0 -999.0 -999.0 -999.0 -999 -999 "" "" "" "" 0 0 0.0 0.0 -999 ""
FIBERMAP 137 R-11C13 BOSS 1 1 0 1 0 0 79.77744471238748 -206.31929704647217 143.1 170.07689968345753 141.4276220797282 243.29175 14.43326 200.06022464440548 -24.581384157015297 -13.360815 -1.8302983 0.65814674 200.06018183201024 -24.58138949035431 200.08669830863545 -24.724339597453877 79.21322275980295 290.84179118429427 5400.0 5400.0 2016.0 1 377 {-999.0 13.798865 13.6395035 13.6124 -999.0} sdss_psfmag_from_g3xp 13.811287 13.616688 13.284674 12.727 63050396450271284 946932219 bright_1x1 openfibertargets_nov2020_9 open_fiber science 0 0 0.0 0.0 -999 ""
FIBERMAP 137 R-11C13 METROLOGY 0 0 0 1 0 0 80.23623128648711 -206.91546977900333 143.1 170.49552379676848 142.05261222772162 243.29175 14.43326 -999.0 -999.0 -999.0 -999.0 -999.0 200.0615974801076 -24.57948484296893 200.08810213748518 -24.722428925973553 79.21353592853872 290.85395038709873 -999.0 6231.0 -999.0 -1 -999 {-999.0 -999.0 -999.0 -999.0 -999.0} "" -999.0 -999.0 -999.0 -999.0 -999 -999 "" "" "" "" 0 0 0.0 0.0 -999 ""
FIBERMAP 139 R+9C14 APOGEE 0 0 0 1 0 0 110.31384847500357 167.13493259948962 143.1 -193.5873035013147 51.22274944787995 312.43802 126.45923 -999.0 -999.0 -999.0 -999.0 -999.0 198.84717332496874 -24.853131025061778 198.87268489355506 -24.997079380827557 78.32184656493452 287.23324491345267 -999.0 16600.0 -999.0 2 95 {-999.0 -999.0 -999.0 -999.0 -999.0} "" -999.0 -999.0 -999.0 -999.0 -999 -999 "" "" "" "" 0 0 0.0 0.0 -999 ""
FIBERMAP 139 R+9C14 BOSS 1 1 0 1 0 0 110.08261934049104 166.45097689075962 143.1 -192.86534986952924 51.22181826612299 312.43802 126.45923 198.84947398587101 -24.853103176214432 -1.6501132 -2.957018 0.8132959 198.84946868681644 -24.85311179273154 198.875027385914 -24.997075368354142 78.32380155376832 287.23733630431394 5400.0 5400.0 2016.0 1 169 {-999.0 14.872875 14.513442 14.39924 -999.0} sdss_psfmag_from_g3xp 14.817901 14.525293 14.067333 13.297 63050396450289624 979332107 "" ops_std_boss ops_std standard_boss 0 0 0.0 0.0 -999 ""
FIBERMAP 139 R+9C14 METROLOGY 0 0 0 1 0 0 109.58445722164997 167.0089877916016 143.1 -193.23524597087487 50.57168684526885 312.43802 126.45923 -999.0 -999.0 -999.0 -999.0 -999.0 198.84820770171126 -24.85507378628789 198.87375461179852 -24.999033363736487 78.32349858513527 287.2262075103806 -999.0 6231.0 -999.0 -1 -999 {-999.0 -999.0 -999.0 -999.0 -999.0} "" -999.0 -999.0 -999.0 -999.0 -999 -999 "" "" "" "" 0 0 0.0 0.0 -999 ""
FIBERMAP 141 R-12C15 APOGEE 1 1 0 1 0 0 136.25141449516371 -241.08499547526222 143.1 185.00725285002926 206.03933081830206 278.90158 15.6668625 200.10820455052973 -24.386623519870653 -20.034586 -11.446375 4.0468187 200.10814045248705 -24.386656873691823 200.13445559038624 -24.529570028213918 79.1655959233224 291.8749662953135 16000.0 16600.0 2016.0 2 234 {-999.0 11.810954 11.221801 11.023319 -999.0} sdss_psfmag_from_g3xp 11.670793 11.263104 10.684438 9.676 63050396450271653 1113966743 bright_1x1 openfibertargets_mwm_subgiant_nataf24_apogee open_fiber science 0 0 0.0 0.0 -999 ""
FIBERMAP 141 R-12C15 BOSS 0 0 0 1 0 0 135.94657595812996 -240.42955046325423 143.1 184.48334198745735 205.54132721741317 278.90158 15.6668625 -999.0 -999.0 -999.0 -999.0 -999.0 200.1063696630036 -24.388145279417383 200.1327260614164 -24.531078693229848 79.16487402985048 291.86402406027196 -999.0 5400.0 -999.0 1 344 {-999.0 -999.0 -999.0 -999.0 -999.0} "" -999.0 -999.0 -999.0 -999.0 -999 -999 "" "" "" "" 0 0 0.0 0.0 -999 ""
FIBERMAP 141 R-12C15 METROLOGY 0 0 0 1 0 0 136.6650694189294 -240.45385910386528 143.1 184.27715620831654 206.22999778833463 278.90158 15.6668625 -999.0 -999.0 -999.0 -999.0 -999.0 200.105720413127 -24.38603818793752 200.132062497152 -24.528967189630457 79.16338134211789 291.87259244026757 -999.0 6231.0 -999.0 -1 -999 {-999.0 -999.0 -999.0 -999.0 -999.0} "" -999.0 -999.0 -999.0 -999.0 -999 -999 "" "" "" "" 0 0 0.0 0.0 -999 ""
FIBERMAP 143 R-8C14 APOGEE 0 0 0 1 0 0 97.66045274983236 -164.7618176172169 143.1 124.98766291108767 145.11712264193787 304.87186 123.06845 -999.0 -999.0 -999.0 -999.0 -999.0 199.91031621932606 -24.57030731930041 199.93662804414328 -24.71337396647731 79.08570006867615 290.5793207236913 -999.0 16600.0 -999.0 2 -999 {-999.0 -999.0 -999.0 -999.0 -999.0} "" -999.0 -999.0 -999.0 -999.0 -999 -999 "" "" "" "" 0 0 0.0 0.0 -999 ""
FIBERMAP 143 R-8C14 BOSS 1 1 0 1 0 0 97.37735474025476 -165.4714252023365 143.1 125.75047466982312 145.0752191872705 304.87186 123.06845 199.9128605639815 -24.57035643184746 -1.5542912 -5.06239 0.28524423 199.912855583965 -24.57037118325257 199.9392109308178 -24.71345347508132 79.08784910803375 290.5843134591653 5400.0 5400.0 2016.0 1 273 {-999.0 18.697163 18.195452 17.904343 -999.0} sdss_psfmag_ps1 18.505945 18.159563 17.637579 -999.0 63050396450271183 944648559 bright_1x1 openfibertargets_nov2020_6c open_fiber science 0 0 0.0 0.0 -999 ""
FIBERMAP 143 R-8C14 METROLOGY 0 0 0 1 0 0 96.92025019803329 -164.8695134811404 143.1 125.32587510095162 144.44999217254616 304.87186 123.06845 -999.0 -999.0 -999.0 -999.0 -999.0 199.91148208406577 -24.572246933642027 199.93782655647476 -24.715325149069912 79.08752673494996 290.57252416917635 -999.0 6231.0 -999.0 -1 -999 {-999.0 -999.0 -999.0 -999.0 -999.0} "" -999.0 -999.0 -999.0 -999.0 -999 -999 "" "" "" "" 0 0 0.0 0.0 -999 ""
FIBERMAP 145 R-10C1 APOGEE 1 1 0 1 0 0 -201.3676792638034 -197.23824583145895 143.1 251.16534105363493 -127.9103989877906 273.98874 4.626554 200.33339571586444 -25.39526107113399 -0.17079517 -5.0306535 0.06192704 200.33339516494584 -25.395275730061893 200.3610390229674 -25.537863301213296 79.77226164648887 287.32456718525594 16000.0 16600.0 2016.0 2 259 {-999.0 14.411415 13.355868 12.9005575 -999.0} sdss_psfmag_from_g3xp 14.046252 13.343809 12.530853 10.727 63050396450234904 1153097358 bright_1x1 mwm_galactic_core_dist_apogee_sparse mwm_galactic science 0 0 0.0 0.0 -999 ""
FIBERMAP 145 R-10C1 BOSS 0 0 0 1 0 0 -201.4646164938858 -196.51463952130092 143.1 250.5105064627252 -128.23312048745134 273.98874 4.626554 -999.0 -999.0 -999.0 -999.0 -999.0 200.33116058531385 -25.39624249756413 200.35884291603816 -25.53884665075972 79.77080129192079 287.31520964507547 -999.0 5400.0 -999.0 1 353 {-999.0 -999.0 -999.0 -999.0 -999.0} "" -999.0 -999.0 -999.0 -999.0 -999 -999 "" "" "" "" 0 0 0.0 0.0 -999 ""
FIBERMAP 145 R-10C1 METROLOGY 0 0 0 1 0 0 -200.76821662868272 -196.79811735978362 143.1 250.55698357782157 -127.48270448972838 273.98874 4.626554 -999.0 -999.0 -999.0 -999.0 -999.0 200.33137852118446 -25.394007016697767 200.35904737319652 -25.536607093586937 79.77012221824634 287.3272714451597 -999.0 6231.0 -999.0 -1 -999 {-999.0 -999.0 -999.0 -999.0 -999.0} "" -999.0 -999.0 -999.0 -999.0 -999 -999 "" "" "" "" 0 0 0.0 0.0 -999 ""
FIBERMAP 149 R-10C17 APOGEE 0 0 0 1 0 0 179.09887227019482 -180.76030604856402 143.1 114.16787508048633 227.40025054776413 94.21091 114.923225 -999.0 -999.0 -999.0 -999.0 -999.0 199.87314059815253 -24.322169108767458 199.8991517309206 -24.465299014321403 78.94550746025342 291.66826116249393 -999.0 16600.0 -999.0 2 191 {-999.0 -999.0 -999.0 -999.0 -999.0} "" -999.0 -999.0 -999.0 -999.0 -999 -999 "" "" "" "" 0 0 0.0 0.0 -999 ""
FIBERMAP 149 R-10C17 BOSS 1 1 0 1 0 0 179.75607894690827 -180.35138932695716 143.1 113.5706746909355 227.89262657354098 94.21091 114.923225 199.87117710140396 -24.320534570216132 -18.075243 -41.490646 2.3293755 199.87111930216892 -24.32065547067991 199.8971671874606 -24.463806036932375 78.94322232821094 291.6709702699347 5400.0 5400.0 2016.0 1 264 {-999.0 16.790867 15.52796 15.090918 -999.0} sdss_psfmag_ps1 16.270426 15.48105 14.602045 12.841 63050396450309759 1124588966 bright_1x1 openfibertargets_mwm_snc_further_ext_boss open_fiber science 0 0 0.0 0.0 -999 ""
FIBERMAP 149 R-10C17 METROLOGY 0 0 0 1 0 0 179.7710694779294 -181.08344769353113 143.1 114.25966297700633 228.14038377745288 94.21091 114.923225 -999.0 -999.0 -999.0 -999.0 -999.0 199.87343173247226 -24.319878906614097 199.8994701888596 -24.46302236341426 78.9447408046343 291.6795425332084 -999.0 6231.0 -999.0 -1 -999 {-999.0 -999.0 -999.0 -999.0 -999.0} "" -999.0 -999.0 -999.0 -999.0 -999 -999 "" "" "" "" 0 0 0.0 0.0 -999 ""
FIBERMAP 152 R+6C16 APOGEE 0 0 0 1 0 0 126.10441763698708 115.06471355560382 143.1 -149.27813580893496 82.79956376087434 2.3093517 110.04054 -999.0 -999.0 -999.0 -999.0 -999.0 198.99528272487302 -24.757994728415905 199.02085109250675 -24.901829891379354 78.40790871812862 287.9294234849669 -999.0 16600.0 -999.0 2 -999 {-999.0 -999.0 -999.0 -999.0 -999.0} "" -999.0 -999.0 -999.0 -999.0 -999 -999 "" "" "" "" 0 0 0.0 0.0 -999 ""
FIBERMAP 152 R+6C16 BOSS 1 1 0 1 0 0 126.37725162079204 114.39164954725537 143.1 -148.72731694137872 83.27285772778332 2.3093517 110.04054 198.9972889059891 -24.7565794699495 -83.75622 21.498077 2.1166892 198.99702014680332 -24.75651682600597 199.02263261947854 -24.900368053910423 78.40880878094336 287.93929978878697 5400.0 5400.0 2016.0 1 223 {-999.0 16.230618 15.363185 14.955927 -999.0} sdss_psfmag_ps1 15.885208 15.325762 14.611302 13.11 63050396450290023 1072947533 bright_1x1 mwm_halo_local_high_boss_single mwm_halo science 0 0 0.0 0.0 -999 ""
FIBERMAP 152 R+6C16 METROLOGY 0 0 0 1 0 0 125.64541538156632 114.47410781036022 143.1 -148.57198269840043 82.55299058097472 2.3093517 110.04054 -999.0 -999.0 -999.0 -999.0 -999.0 198.99751513096166 -24.75869389340832 199.0231183950459 -24.90253963314744 78.41007776768288 287.9302589338134 -999.0 6231.0 -999.0 -1 -999 {-999.0 -999.0 -999.0 -999.0 -999.0} "" -999.0 -999.0 -999.0 -999.0 -999 -999 "" "" "" "" 0 0 0.0 0.0 -999 ""
FIBERMAP 154 R-11C7 APOGEE 0 0 0 1 0 0 -27.751249336113336 -192.9943625788318 143.1 191.75406683135114 35.271726707345145 136.19171 37.12979 -999.0 -999.0 -999.0 -999.0 -999.0 200.13410287611777 -24.90258528333798 200.1610006815547 -25.045412270125635 79.41077775548436 289.42942236324245 -999.0 16600.0 -999.0 2 172 {-999.0 -999.0 -999.0 -999.0 -999.0} "" -999.0 -999.0 -999.0 -999.0 -999 -999 "" ops_sky_apogee_best_unassigned ops_sky sky_apogee 0 0 0.0 0.0 -999 ""
FIBERMAP 154 R-11C7 BOSS 1 1 0 1 0 0 -27.01115905205578 -193.07739441627626 143.1 191.59664285223894 35.99959919074761 136.19171 37.12979 200.13356054978354 -24.900320799551494 9.705324 -11.447011 2.750081 200.1335917286797 -24.900354155236453 200.16052603666535 -25.043198267641525 79.40946961120738 289.43941940882524 5400.0 5400.0 2016.0 1 414 {-999.0 21.868513 20.304487 18.725718 -999.0} sdss_psfmag_ps1 20.758936 19.359324 18.128365 15.663 63050396450267402 1096135437 bright_1x1 mwm_bin_vis_boss mwm_filler science 0 0 0.0 0.0 -999 ""
FIBERMAP 154 R-11C7 METROLOGY 0 0 0 1 0 0 -27.445888283147603 -193.67448232986027 143.1 192.30119521211887 35.77809754923053 136.19171 37.12979 -999.0 -999.0 -999.0 -999.0 -999.0 200.13597728793152 -24.90101868816543 200.16290419997767 -25.04385609092992 79.41170310659099 289.4410169573118 -999.0 6231.0 -999.0 -1 -999 {-999.0 -999.0 -999.0 -999.0 -999.0} "" -999.0 -999.0 -999.0 -999.0 -999 -999 "" "" "" "" 0 0 0.0 0.0 -999 ""
FIBERMAP 156 R-6C19 APOGEE 1 1 0 1 0 0 163.30468530482136 -125.26564832949015 143.1 66.61452552346567 194.7274990758734 246.18883 73.52621 199.71565506311146 -24.420395669086872 -7.616148 -6.707016 0.5991994 199.7156306897256 -24.420415212801117 199.7415861814705 -24.563671506527864 78.86086295575251 290.8791705976445 16000.0 16600.0 2016.0 2 223 {-999.0 12.436886 11.632962 11.3169365 -999.0} sdss_psfmag_from_g3xp 12.2031355 11.65853 10.961624 9.512 63050396450309573 1104961287 bright_1x1 mwm_tess_rgb_apogee mwm_tessrgb science 0 0 0.0 0.0 -999 ""
FIBERMAP 156 R-6C19 BOSS 0 0 0 1 0 0 162.72870540390733 -124.82727683960798 143.1 66.38283796773685 194.04178875169822 246.18883 73.52621 -999.0 -999.0 -999.0 -999.0 -999.0 199.71484217247487 -24.42241400112753 199.74084091725672 -24.565689329020465 78.86114012366733 290.8682459992144 -999.0 5400.0 -999.0 1 321 {-999.0 -999.0 -999.0 -999.0 -999.0} "" -999.0 -999.0 -999.0 -999.0 -999 -999 "" "" "" "" 0 0 0.0 0.0 -999 ""
FIBERMAP 156 R-6C19 METROLOGY 0 0 0 1 0 0 163.43013765689895 -124.5300739571281 143.1 65.8773992242525 194.61171768747667 246.18883 73.52621 -999.0 -999.0 -999.0 -999.0 -999.0 199.71317929639835 -24.420671212120112 199.73916271007693 -24.563942960649058 78.859001960821 290.8728976281277 -999.0 6231.0 -999.0 -1 -999 {-999.0 -999.0 -999.0 -999.0 -999.0} "" -999.0 -999.0 -999.0 -999.0 -999 -999 "" "" "" "" 0 0 0.0 0.0 -999 ""
FIBERMAP 161 R-11C9 APOGEE 0 0 0 1 0 0 3.3497822710989453 -228.80281865803812 143.1 215.7674418870787 76.17020904161583 272.49533 84.08522 -999.0 -999.0 -999.0 -999.0 -999.0 200.2131226015348 -24.77856487952668 200.23996764103515 -24.921336351220397 79.42365707898449 290.2062161542663 -999.0 16600.0 -999.0 2 174 {-999.0 -999.0 -999.0 -999.0 -999.0} "" -999.0 -999.0 -999.0 -999.0 -999 -999 "" ops_sky_apogee_best_unassigned ops_sky sky_apogee 0 0 0.0 0.0 -999 ""
FIBERMAP 161 R-11C9 BOSS 1 1 0 1 0 0 2.6298524095743594 -228.75707820058312 143.1 215.95377502044553 75.47333974111015 272.49533 84.08522 200.21383289700069 -24.7806656364385 -24.27621 8.090494 0.740644 200.21375498371268 -24.780642061355763 200.24064260018272 -24.92342968709389 79.4251017808927 290.19731364942777 5400.0 5400.0 2016.0 1 416 {-999.0 16.816982 16.104944 16.131681 -999.0} sdss_psfmag_ps1 16.65509 16.23181 15.639475 14.446 63050396450270336 1073376794 bright_1x1 mwm_halo_local_high_boss_single mwm_halo science 0 0 0.0 0.0 -999 ""
FIBERMAP 161 R-11C9 METROLOGY 0 0 0 1 0 0 3.0064892416508364 -228.14298886922046 143.1 215.25164382514257 75.63436328043353 272.49533 84.08522 -999.0 -999.0 -999.0 -999.0 -999.0 200.21147139405545 -24.780152671110542 200.23834509500944 -24.922937636713005 79.42300679296106 290.19491034434316 -999.0 6231.0 -999.0 -1 -999 {-999.0 -999.0 -999.0 -999.0 -999.0} "" -999.0 -999.0 -999.0 -999.0 -999 -999 "" "" "" "" 0 0 0.0 0.0 -999 ""
FIBERMAP 163 R+5C6 APOGEE 0 0 0 1 0 0 -125.31979436957496 81.48077878614802 143.1 -37.23809138271385 -144.76045399218464 280.67276 96.60906 -999.0 -999.0 -999.0 -999.0 -999.0 199.3678559249339 -25.449160866331145 199.39453177413088 -25.592593345149893 78.98112365862701 285.31334574205516 -999.0 16600.0 -999.0 2 -999 {-999.0 -999.0 -999.0 -999.0 -999.0} "" -999.0 -999.0 -999.0 -999.0 -999 -999 "" "" "" "" 0 0 0.0 0.0 -999 ""
FIBERMAP 163 R+5C6 BOSS 1 1 0 1 0 0 -126.02198173590995 81.2552835890523 143.1 -36.800369013082424 -145.3539756580837 280.67276 96.60906 199.36928971544017 -25.45098265590308 -8.579459 -9.219396 0.22631872 199.36926202865416 -25.451009520493034 199.39598448790858 -25.594455325358428 78.98300831449923 285.3066618194796 5400.0 5400.0 2016.0 1 51 {-999.0 17.479542 17.184519 17.142096 -999.0} sdss_psfmag_ps1 17.454277 17.173399 16.722044 15.919 63050396450247108 1164651978 bright_1x1 openfibertargets_mwm_halo_gaiastreams_boss open_fiber science 0 0 0.0 0.0 -999 ""
FIBERMAP 163 R+5C6 METROLOGY 0 0 0 1 0 0 -125.88083323040723 81.9754843687243 143.1 -37.52793336777699 -145.4499771406416 280.67276 96.60906 -999.0 -999.0 -999.0 -999.0 -999.0 199.36682551710143 -25.45131451751344 199.39353356664367 -25.594758212981493 78.98104818548983 285.3010852749261 -999.0 6231.0 -999.0 -1 -999 {-999.0 -999.0 -999.0 -999.0 -999.0} "" -999.0 -999.0 -999.0 -999.0 -999 -999 "" "" "" "" 0 0 0.0 0.0 -999 ""
FIBERMAP 165 R-3C3 APOGEE 0 0 0 1 0 0 -202.40502712284203 -44.36035911437099 143.1 106.61411543393764 -177.66656640258574 83.16781 82.6514 -999.0 -999.0 -999.0 -999.0 -999.0 199.8507810031519 -25.54834930981551 199.8780784964905 -25.691348589417945 79.42370726408308 285.6468803121561 -999.0 16600.0 -999.0 2 241 {-999.0 -999.0 -999.0 -999.0 -999.0} "" -999.0 -999.0 -999.0 -999.0 -999 -999 "" ops_sky_apogee_best_unassigned ops_sky sky_apogee 0 0 0.0 0.0 -999 ""
FIBERMAP 165 R-3C3 BOSS 1 1 0 1 0 0 -201.69799782323642 -44.62058347982594 143.1 106.63516412380648 -176.91349552648393 83.16781 82.6514 199.85085938112852 -25.546089559130206 -5.4452643 -6.040164 0.35252807 199.85084179479142 -25.546107159691168 199.8781782865996 -25.68912090070803 79.42299791456952 285.65839566089437 5400.0 5400.0 2016.0 1 498 {-999.0 16.941442 16.565128 16.418037 16.362682} sdss_psfmag_from_gaia 16.8756 16.5772 16.0832 15.09 63050396450243904 968316376 "" ops_std_boss_gdr2 ops_std standard_boss 0 0 0.0 0.0 -999 ""
FIBERMAP 165 R-3C3 METROLOGY 0 0 0 1 0 0 -202.27289865602043 -45.08980952311311 143.1 107.26326130744533 -177.30862975413078 83.16781 82.6514 -999.0 -999.0 -999.0 -999.0 -999.0 199.85297542798406 -25.547320869646665 199.88030390773883 -25.690328559982337 79.42521791576952 285.65596520179497 -999.0 6231.0 -999.0 -1 -999 {-999.0 -999.0 -999.0 -999.0 -999.0} "" -999.0 -999.0 -999.0 -999.0 -999 -999 "" "" "" "" 0 0 0.0 0.0 -999 ""
FIBERMAP 166 R-4C1 APOGEE 1 1 0 1 0 0 -232.4506348150629 -87.69914079382451 143.1 157.27175935647017 -192.31425277605044 354.4542 82.89716 200.02036820264092 -25.591617082127307 17.040644 -34.887753 2.9712532 200.0204232590443 -25.591718742279305 200.04794836151368 -25.734562252289273 79.58211221187614 285.7243823129776 16000.0 16600.0 2016.0 2 272 {-999.0 12.582309 12.122371 11.97365 -999.0} sdss_psfmag_from_g3xp 12.491501 12.148751 11.640237 10.754 63050396450245001 1093964001 bright_1x1 mwm_bin_vis_apogee mwm_filler science 0 0 0.0 0.0 -999 ""
FIBERMAP 166 R-4C1 BOSS 0 0 0 1 0 0 -232.5705196611163 -88.42675619875786 143.1 157.99956673509536 -192.19573424185114 354.4542 82.89716 -999.0 -999.0 -999.0 -999.0 -999.0 200.0228297620458 -25.59134758286881 200.0503988377892 -25.734203267545254 79.584046974504 285.73058563901975 -999.0 5400.0 -999.0 1 444 {-999.0 -999.0 -999.0 -999.0 -999.0} "" -999.0 -999.0 -999.0 -999.0 -999 -999 "" "" "" "" 0 0 0.0 0.0 -999 ""
FIBERMAP 166 R-4C1 METROLOGY 0 0 0 1 0 0 -233.15181079701821 -87.95475824027197 143.1 157.73770587761402 -192.8972059659922 354.4542 82.89716 -999.0 -999.0 -999.0 -999.0 -999.0 200.02199432520374 -25.593503303506548 200.04955326877337 -25.736355481288896 79.58410161952996 285.7179613806058 -999.0 6231.0 -999.0 -1 -999 {-999.0 -999.0 -999.0 -999.0 -999.0} "" -999.0 -999.0 -999.0 -999.0 -999 -999 "" "" "" "" 0 0 0.0 0.0 -999 ""
FIBERMAP 168 R+5C2 APOGEE 0 0 0 1 0 0 -204.40703906335332 106.07355271231614 143.1 -35.313198801023134 -227.55723633296813 40.737225 122.94933 -999.0 -999.0 -999.0 -999.0 -999.0 199.37402519598794 -25.699037512667893 199.40097127594834 -25.842434064522816 79.07259981098501 284.09153295964904 -999.0 16600.0 -999.0 2 -999 {-999.0 -999.0 -999.0 -999.0 -999.0} "" -999.0 -999.0 -999.0 -999.0 -999 -999 "" "" "" "" 0 0 0.0 0.0 -999 ""
FIBERMAP 168 R+5C2 BOSS 1 1 0 1 0 0 -203.66704253107284 105.85748008150827 143.1 -35.34451028400849 -226.78700830904572 40.737225 122.94933 199.37390475741623 -25.69672340039204 -9.947272 -6.664015 0.19860055 199.37387259060455 -25.696742818802676 199.40085930928072 -25.840153624406323 79.07174201311093 284.1026915281731 5400.0 5400.0 2016.0 1 73 {-999.0 18.277674 17.869562 17.705849 17.636963} sdss_psfmag_from_gaia 18.1799 17.8831 17.3466 16.389 63050396450239016 973154216 "" ops_std_boss_gdr2 ops_std standard_boss 0 0 0.0 0.0 -999 ""
FIBERMAP 168 R+5C2 METROLOGY 0 0 0 1 0 0 -204.22040338386574 105.3492148492037 143.1 -34.68628767398493 -227.14927434042588 40.737225 122.94933 -999.0 -999.0 -999.0 -999.0 -999.0 199.37608889946264 -25.697877637533015 199.40306704578416 -25.841282478337266 79.07399212399214 284.10058688880963 -999.0 6231.0 -999.0 -1 -999 {-999.0 -999.0 -999.0 -999.0 -999.0} "" -999.0 -999.0 -999.0 -999.0 -999 -999 "" "" "" "" 0 0 0.0 0.0 -999 ""
FIBERMAP 172 R-5C1 APOGEE 0 0 0 1 0 0 -241.83469111697414 -108.00805830290264 143.1 179.51231658608634 -194.72829801491147 237.25049 120.13479 -999.0 -999.0 -999.0 -999.0 -999.0 200.09476679261698 -25.598513371872937 200.12237979055396 -25.741290062327835 79.64714976476756 285.8221602914506 -999.0 16600.0 -999.0 2 273 {-999.0 -999.0 -999.0 -999.0 -999.0} "" -999.0 -999.0 -999.0 -999.0 -999 -999 "" "" "" "" 0 0 0.0 0.0 -999 ""
FIBERMAP 172 R-5C1 BOSS 1 1 0 1 0 0 -242.5763733794071 -107.97147796598371 143.1 179.71427048508224 -195.4428596576284 237.25049 120.13479 200.09539999629786 -25.600646562567135 -999.0 -999.0 -999.0 200.09539999629783 -25.60064656256714 200.12305655838725 -25.74343641092861 79.64848565212633 285.812215000062 5400.0 5400.0 2016.0 1 445 {-999.0 21.280687 19.448698 18.662828 -999.0} sdss_psfmag_ps1 20.069447 21.58288 18.538048 15.923 63050396450234333 1115942678 bright_1x1 openfibertargets_bhm_racsradio_boss open_fiber science 0 0 0.0 0.0 -999 ""
FIBERMAP 172 R-5C1 METROLOGY 0 0 0 1 0 0 -242.1942245571103 -107.34520077090482 143.1 178.99883036106658 -195.28050074176653 237.25049 120.13479 -999.0 -999.0 -999.0 -999.0 -999.0 200.09305871228068 -25.600214355536885 200.12070085918447 -25.74300238430127 79.64634857030036 285.8102557506309 -999.0 6231.0 -999.0 -1 -999 {-999.0 -999.0 -999.0 -999.0 -999.0} "" -999.0 -999.0 -999.0 -999.0 -999 -999 "" "" "" "" 0 0 0.0 0.0 -999 ""
FIBERMAP 173 R-1C17 APOGEE 0 0 0 1 0 0 74.86550571892656 -29.306991326733844 143.1 3.8896386869702773 80.29983623164307 227.38525 138.22464 -999.0 -999.0 -999.0 -999.0 -999.0 199.5066530221664 -24.76651922500371 199.5327581690716 -24.90991531196208 78.83598362800245 288.84187438717333 -999.0 16600.0 -999.0 2 -999 {-999.0 -999.0 -999.0 -999.0 -999.0} "" -999.0 -999.0 -999.0 -999.0 -999 -999 "" "" "" "" 0 0 0.0 0.0 -999 ""
FIBERMAP 173 R-1C17 BOSS 1 1 0 1 0 0 74.14303805666218 -29.38559539245492 143.1 4.19462260456459 79.64023185342467 227.38525 138.22464 199.50765025103613 -24.76844069781861 -5.918835 -5.25494 0.30471584 199.50763125669437 -24.768456010298667 199.5337818635595 -24.911868292546774 78.83762967803578 288.8346306107795 5400.0 5400.0 2016.0 1 315 {-999.0 18.67348 18.287933 17.904287 -999.0} sdss_psfmag_ps1 18.499834 18.155203 17.669657 -999.0 63050396450290627 944648834 bright_1x1 openfibertargets_nov2020_6c open_fiber science 0 0 0.0 0.0 -999 ""
FIBERMAP 173 R-1C17 METROLOGY 0 0 0 1 0 0 74.43107745401318 -28.69808222067576 143.1 3.451173227286363 79.69386709940318 227.38525 138.22464 -999.0 -999.0 -999.0 -999.0 -999.0 199.5051576145914 -24.76828930127861 199.53129359126092 -24.911698870223525 78.8355008763877 288.83066276245484 -999.0 6231.0 -999.0 -1 -999 {-999.0 -999.0 -999.0 -999.0 -999.0} "" -999.0 -999.0 -999.0 -999.0 -999 -999 "" "" "" "" 0 0 0.0 0.0 -999 ""
FIBERMAP 174 R-8C12 APOGEE 0 0 0 1 0 0 65.73782801366362 -150.26473727269888 143.1 121.4331660549642 110.23904738817536 79.58451 32.24486 -999.0 -999.0 -999.0 -999.0 -999.0 199.8989397469839 -24.675827470468956 199.92535224235291 -24.81889123502645 79.121753484217 290.0519252901199 -999.0 16600.0 -999.0 2 -999 {-999.0 -999.0 -999.0 -999.0 -999.0} "" -999.0 -999.0 -999.0 -999.0 -999 -999 "" "" "" "" 0 0 0.0 0.0 -999 ""
FIBERMAP 174 R-8C12 BOSS 1 1 0 1 0 0 66.0587631992163 -150.90393184817887 143.1 121.93654103973256 110.74712133810729 79.58451 32.24486 199.9006334150824 -24.674209350625297 -3.2569284 -5.90565 0.26374573 199.90062297106996 -24.674226559224174 199.9270764321939 -24.817306544499814 79.12249582686283 290.0630524065486 5400.0 5400.0 2016.0 1 395 {-999.0 18.135387 17.713345 17.542171 17.467064} sdss_psfmag_from_gaia 18.0538 17.7273 17.2026 16.382 63050396450270858 973154503 "" ops_std_boss_gdr2 ops_std standard_boss 0 0 0.0 0.0 -999 ""
FIBERMAP 174 R-8C12 METROLOGY 0 0 0 1 0 0 65.29092788822429 -150.86455265652828 143.1 122.14418615044822 110.00688155868865 79.58451 32.24486 -999.0 -999.0 -999.0 -999.0 -999.0 199.90135103129845 -24.67645971835617 199.92779611338847 -24.81953383225843 79.12403433104171 290.05384219880466 -999.0 6231.0 -999.0 -1 -999 {-999.0 -999.0 -999.0 -999.0 -999.0} "" -999.0 -999.0 -999.0 -999.0 -999 -999 "" "" "" "" 0 0 0.0 0.0 -999 ""
FIBERMAP 175 R-9C10 APOGEE 1 1 0 1 0 0 -9.640637519557746 -178.52727988847914 143.1 172.26575059849313 47.81965466981882 254.27151 37.032158 200.06949409594787 -24.86455115442473 -132.27278 -58.42151 11.934787 200.06906928480151 -24.864721389497884 200.09585560567388 -25.00761012007303 79.34138819055687 289.4832488966011 16000.0 16600.0 2016.0 2 165 {-999.0 10.500004 9.98678 9.809058 -999.0} sdss_psfmag_from_g3xp 10.3876505 10.017652 9.4739275 8.429 63050396450269949 984779537 bright_1x1 mwm_snc_100pc_apogee mwm_snc science 0 0 0.0 0.0 -999 ""
FIBERMAP 175 R-9C10 BOSS 0 0 0 1 0 0 -9.912014600579727 -177.82585769029387 143.1 171.6875919115344 47.338694212482366 254.27151 37.032158 -999.0 -999.0 -999.0 -999.0 -999.0 200.06717430919142 -24.866148225112674 200.0940041537301 -25.00905614881763 79.34046212048854 289.47237018735177 -999.0 5400.0 -999.0 1 398 {-999.0 -999.0 -999.0 -999.0 -999.0} "" -999.0 -999.0 -999.0 -999.0 -999 -999 "" "" "" "" 0 0 0.0 0.0 -999 ""
FIBERMAP 175 R-9C10 METROLOGY 0 0 0 1 0 0 -9.171779581506836 -177.9515598787947 143.1 171.57056039319482 48.080317106536775 254.27151 37.032158 -999.0 -999.0 -999.0 -999.0 -999.0 200.06680976662696 -24.863899942691443 200.09362532982766 -25.006803724340422 79.33921458300796 289.48267678266507 -999.0 6231.0 -999.0 -1 -999 {-999.0 -999.0 -999.0 -999.0 -999.0} "" -999.0 -999.0 -999.0 -999.0 -999 -999 "" "" "" "" 0 0 0.0 0.0 -999 ""
FIBERMAP 176 R-7C19 APOGEE 0 0 0 1 0 0 189.57195519832393 -117.3716415904077 143.1 50.75326258151305 217.1025086767747 131.91685 71.57555 -999.0 -999.0 -999.0 -999.0 -999.0 199.6627674185631 -24.35294224566737 199.68859897436175 -24.49625309765465 78.78786782166253 291.08168870286323 -999.0 16600.0 -999.0 2 -999 {-999.0 -999.0 -999.0 -999.0 -999.0} "" -999.0 -999.0 -999.0 -999.0 -999 -999 "" "" "" "" 0 0 0.0 0.0 -999 ""
FIBERMAP 176 R-7C19 BOSS 1 1 0 1 0 0 190.25302959060076 -117.04592565590683 143.1 50.22729688300635 217.64404789310097 131.91685 71.57555 199.6610006973458 -24.351260627743702 -4.7109265 3.6503203 0.18578933 199.6609856295696 -24.351249990997218 199.68685539002897 -24.494581419408707 78.78570508044851 291.08578435964654 5400.0 5400.0 2016.0 1 276 {-999.0 18.296192 17.999546 17.9402 -999.0} sdss_psfmag_ps1 18.200693 17.96359 17.558712 -999.0 63050396450309643 979903550 "" ops_std_boss ops_std standard_boss 0 0 0.0 0.0 -999 ""
FIBERMAP 176 R-7C19 METROLOGY 0 0 0 1 0 0 190.17483691053138 -117.81439644117945 143.1 50.98052167999983 217.81511224869837 131.91685 71.57555 -999.0 -999.0 -999.0 -999.0 -999.0 199.66350776869783 -24.350709734899237 199.68936775015254 -24.494033706175912 78.78751233675146 291.0935158318016 -999.0 6231.0 -999.0 -1 -999 {-999.0 -999.0 -999.0 -999.0 -999.0} "" -999.0 -999.0 -999.0 -999.0 -999 -999 "" "" "" "" 0 0 0.0 0.0 -999 ""
FIBERMAP 180 R-4C11 APOGEE 0 0 0 1 0 0 -8.964823928418571 -83.33950262509023 143.1 81.8408115606629 18.092090539072487 349.17123 105.89078 -999.0 -999.0 -999.0 -999.0 -999.0 199.76747605732726 -24.95534360191244 199.79405038792004 -25.09848891386383 79.12887337955506 288.44158192676986 -999.0 16600.0 -999.0 2 -999 {-999.0 -999.0 -999.0 -999.0 -999.0} "" -999.0 -999.0 -999.0 -999.0 -999 -999 "" "" "" "" 0 0 0.0 0.0 -999 ""
FIBERMAP 180 R-4C11 BOSS 1 1 0 1 0 0 -8.892937897297621 -84.07936453427537 143.1 82.51904371798702 18.396257120930304 349.17123 105.89078 199.76983842388202 -24.954394048251093 -25.526154 1.0076782 1.515254 199.76975638373455 -24.95439111193388 199.79637322994952 -25.09755093905 79.1304241634998 288.4506118369976 5400.0 5400.0 2016.0 1 422 {-999.0 17.510056 16.171955 15.385678 -999.0} sdss_psfmag_ps1 16.915462 16.067589 14.960483 12.946 63050396450249551 1094927189 bright_1x1 mwm_bin_vis_boss mwm_filler science 0 0 0.0 0.0 -999 ""
FIBERMAP 180 R-4C11 METROLOGY 0 0 0 1 0 0 -9.581404873194757 -83.76297181562835 143.1 82.43884236130828 17.64285818266565 349.17123 105.89078 -999.0 -999.0 -999.0 -999.0 -999.0 199.76951049853898 -24.956681747884556 199.79611821779292 -25.099836940576996 79.13112935558966 288.43901523263884 -999.0 6231.0 -999.0 -1 -999 {-999.0 -999.0 -999.0 -999.0 -999.0} "" -999.0 -999.0 -999.0 -999.0 -999 -999 "" "" "" "" 0 0 0.0 0.0 -999 ""
FIBERMAP 182 R+7C8 APOGEE 0 0 0 1 0 0 -62.28016076546443 145.83704760393795 143.1 -118.34015991394133 -105.54964201354319 111.35022 128.14395 -999.0 -999.0 -999.0 -999.0 -999.0 199.096033198419 -25.32947435392291 199.12229457227204 -25.47315417005071 78.70904410510498 285.4380867356131 -999.0 16600.0 -999.0 2 124 {-999.0 -999.0 -999.0 -999.0 -999.0} "" -999.0 -999.0 -999.0 -999.0 -999 -999 "" ops_sky_apogee_best_unassigned ops_sky sky_apogee 0 0 0.0 0.0 -999 ""
FIBERMAP 182 R+7C8 BOSS 1 1 0 1 0 0 -61.90199617272463 146.48326548311533 143.1 -119.07322669797581 -105.39742068093318 111.35022 128.14395 199.0934977790288 -25.32902036313476 -5.5699143 -3.2605977 0.21551485 199.0934798225029 -25.329029864258505 199.1197821852303 -25.47272722266364 78.70677351358236 285.4359752834407 5400.0 5400.0 2016.0 1 109 {-999.0 18.272484 18.029625 17.823671 -999.0} sdss_psfmag_ps1 18.264132 17.949175 17.480516 -999.0 63050396450248116 976173561 "" ops_std_boss ops_std standard_boss 0 0 0.0 0.0 -999 ""
FIBERMAP 182 R+7C8 METROLOGY 0 0 0 1 0 0 -61.53802787431974 145.82277757250228 143.1 -118.56340102570515 -104.84177103184663 111.35022 128.14395 -999.0 -999.0 -999.0 -999.0 -999.0 199.09518932718532 -25.327371682189202 199.12147936238 -25.471063465516476 78.70760821201765 285.44670997719317 -999.0 6231.0 -999.0 -1 -999 {-999.0 -999.0 -999.0 -999.0 -999.0} "" -999.0 -999.0 -999.0 -999.0 -999 -999 "" "" "" "" 0 0 0.0 0.0 -999 ""
FIBERMAP 183 R+12C1 APOGEE 1 1 0 1 0 0 -135.76176668173267 228.54190642371339 143.1 -173.2763974846484 -201.57363425967264 55.72452 32.776802 198.91159057617185 -25.618254191642976 -999.0 -999.0 -999.0 198.91159057617182 -25.618254191642972 198.9379529087796 -25.76205480326137 78.65279827423865 283.76420075174497 16000.0 16600.0 2015.5 2 8 {-999.0 -999.0 -999.0 -999.0 -999.0} "" -999.0 -999.0 -999.0 -999.0 27021603177277321 846326773 "" ops_sky_apogee_best ops_sky sky_apogee 0 0 0.0 0.0 -999 ""
FIBERMAP 183 R+12C1 BOSS 0 0 0 1 0 0 -135.76627045664017 227.79232129403576 143.1 -172.56457978327734 -201.33876017013873 55.72452 32.776802 -999.0 -999.0 -999.0 -999.0 -999.0 198.9139252960129 -25.61755318985826 198.9403345530411 -25.761366230393108 78.65459211921473 283.771126760324 -999.0 5400.0 -999.0 1 8 {-999.0 -999.0 -999.0 -999.0 -999.0} "" -999.0 -999.0 -999.0 -999.0 -999 -999 "" "" "" "" 0 0 0.0 0.0 -999 ""
FIBERMAP 183 R+12C1 METROLOGY 0 0 0 1 0 0 -136.41709125089625 228.1773455606195 143.1 -172.72183353853046 -202.07837759236477 55.72452 32.776802 -999.0 -999.0 -999.0 -999.0 -999.0 198.9133740633955 -25.619815987512897 198.9397722933985 -25.763625154319943 78.65486560269112 283.75944130580524 -999.0 6231.0 -999.0 -1 -999 {-999.0 -999.0 -999.0 -999.0 -999.0} "" -999.0 -999.0 -999.0 -999.0 -999 -999 "" "" "" "" 0 0 0.0 0.0 -999 ""
FIBERMAP 186 R+12C12 APOGEE 0 0 0 1 0 0 77.79781255820689 238.3455681745857 143.1 -250.69984494258404 -2.311190303737292 155.35162 118.33125 -999.0 -999.0 -999.0 -999.0 -999.0 198.65633196673824 -25.014202313842485 198.68180699565687 -25.15829047423223 78.2233207348499 286.1760623466765 -999.0 16600.0 -999.0 2 -999 {-999.0 -999.0 -999.0 -999.0 -999.0} "" -999.0 -999.0 -999.0 -999.0 -999 -999 "" "" "" "" 0 0 0.0 0.0 -999 ""
FIBERMAP 186 R+12C12 BOSS 1 1 0 1 0 0 77.76980052724679 239.0895067058587 143.1 -251.39593775846072 -2.5750781294378906 155.35162 118.33125 198.65391271963782 -25.01480832390763 13.796141 -55.39888 9.956048 198.6539570817931 -25.01496975187287 198.6794733536166 -25.159075668593925 78.22165354535403 286.16863484734193 5400.0 5400.0 2016.0 1 106 {-999.0 16.934319 15.496177 14.289417 -999.0} sdss_psfmag_ps1 16.352516 14.933565 13.767787 11.547 63050396450284635 1094958784 bright_1x1 mwm_bin_vis_boss mwm_filler science 0 0 0.0 0.0 -999 ""
FIBERMAP 186 R+12C12 METROLOGY 0 0 0 1 0 0 78.42355115829369 238.75538450070937 143.1 -251.287858534694 -1.848923536537561 155.35162 118.33125 -999.0 -999.0 -999.0 -999.0 -999.0 198.65429473432573 -25.012779053342644 198.67979904395008 -25.156881033125885 78.22110876831596 286.17914907963245 -999.0 6231.0 -999.0 -1 -999 {-999.0 -999.0 -999.0 -999.0 -999.0} "" -999.0 -999.0 -999.0 -999.0 -999 -999 "" "" "" "" 0 0 0.0 0.0 -999 ""
FIBERMAP 193 R+4C23 APOGEE 0 0 0 1 0 0 244.88495919912143 86.96659233264918 143.1 -160.54448259452747 204.3319528191339 64.93339 147.0572 -999.0 -999.0 -999.0 -999.0 -999.0 198.9608371476087 -24.390799658786676 198.98599729397506 -24.53470882897668 78.22823446602538 289.51837989864543 -999.0 16600.0 -999.0 2 86 {-999.0 -999.0 -999.0 -999.0 -999.0} "" -999.0 -999.0 -999.0 -999.0 -999 -999 "" ops_sky_apogee_best_unassigned ops_sky sky_apogee 0 0 0.0 0.0 -999 ""
FIBERMAP 193 R+4C23 BOSS 1 1 0 1 0 0 245.55340965151584 87.2668553946594 143.1 -161.04229918695648 204.86964864761083 64.93339 147.0572 198.9593531310168 -24.38917372154402 -61.652817 6.166036 1.8294146 198.95915587697675 -24.389155754072824 198.9843565885187 -24.533085318284886 78.22619509478633 289.5224932562863 5400.0 5400.0 2016.0 1 259 {-999.0 19.990158 18.620745 17.589714 -999.0} sdss_psfmag_ps1 19.640785 18.152481 17.021612 14.898 63050396450294179 1072947547 bright_1x1 mwm_halo_local_high_boss_single mwm_halo science 0 0 0.0 0.0 -999 ""
FIBERMAP 193 R+4C23 METROLOGY 0 0 0 1 0 0 245.50151291376176 86.5392336486459 143.1 -160.3361762416571 205.05260144632075 64.93339 147.0572 -999.0 -999.0 -999.0 -999.0 -999.0 198.96147967574566 -24.388575270905854 198.9866701200615 -24.532497730100058 78.22785309775944 289.5294688579065 -999.0 6231.0 -999.0 -1 -999 {-999.0 -999.0 -999.0 -999.0 -999.0} "" -999.0 -999.0 -999.0 -999.0 -999 -999 "" "" "" "" 0 0 0.0 0.0 -999 ""
FIBERMAP 197 R0C13 APOGEE 1 1 0 1 0 0 -38.57517125538625 9.237980993444767 143.1 3.5519258847311472 -39.50485923597782 190.23332 69.65735 199.50531251622218 -25.13021044300036 -40.19211 -13.525563 6.470014 199.50518315484737 -25.130249855369904 199.53166673457815 -25.273602164443457 78.97890104861713 287.10352096961793 16000.0 16600.0 2016.0 2 250 {-999.0 9.997103 9.708338 9.622939 -999.0} sdss_psfmag_from_g3xp 9.969382 9.71423 9.298065 8.674 63050396450247860 975319180 "" ops_std_apogee ops_std standard_apogee 0 0 0.0 0.0 -999 ""
FIBERMAP 197 R0C13 BOSS 0 0 0 1 0 0 -38.388146632871766 9.949186353012754 143.1 2.8182504876802392 -39.55451414743745 190.23332 69.65735 -999.0 -999.0 -999.0 -999.0 -999.0 199.50267967610895 -25.130407501579906 199.52920538941953 -25.27377841075011 78.97691101190948 287.0982254638289 -999.0 5400.0 -999.0 1 518 {-999.0 -999.0 -999.0 -999.0 -999.0} "" -999.0 -999.0 -999.0 -999.0 -999 -999 "" "" "" "" 0 0 0.0 0.0 -999 ""
FIBERMAP 197 R0C13 METROLOGY 0 0 0 1 0 0 -37.85605177978118 9.427202385337372 143.1 3.143178253171486 -38.883718495273754 190.23332 69.65735 -999.0 -999.0 -999.0 -999.0 -999.0 199.5037841267414 -25.128379119345084 199.53029675864593 -25.27174480605142 78.97704689947567 287.11002619921567 -999.0 6231.0 -999.0 -1 -999 {-999.0 -999.0 -999.0 -999.0 -999.0} "" -999.0 -999.0 -999.0 -999.0 -999 -999 "" "" "" "" 0 0 0.0 0.0 -999 ""
FIBERMAP 213 R+3C1 APOGEE 0 0 0 1 0 0 -267.29289063867105 62.27515100739912 143.1 26.257144374092185 -273.1809450659435 130.90425 140.09595 -999.0 -999.0 -999.0 -999.0 -999.0 199.5807213093462 -25.836273396998745 199.60803735147715 -25.979474037852622 79.2936975015693 283.7307065937624 -999.0 16600.0 -999.0 2 3 {-999.0 -999.0 -999.0 -999.0 -999.0} "" -999.0 -999.0 -999.0 -999.0 -999 -999 "" ops_sky_apogee_best_unassigned ops_sky sky_apogee 0 0 0.0 0.0 -999 ""
FIBERMAP 213 R+3C1 BOSS 1 1 0 1 0 0 -267.28358646607137 63.03408352230308 143.1 25.53493668318758 -273.4142519481841 130.90425 140.09595 199.57828796806533 -25.836926297302636 -11.396751 -7.8680043 0.6134232 199.5782510704687 -25.836949224042694 199.60560754276364 -25.980165147949638 79.29185946144663 283.7233462309691 5400.0 5400.0 2016.0 1 3 {-999.0 16.412077 16.006512 15.892391 -999.0} sdss_psfmag_ps1 16.330608 16.02446 15.55776 14.542 63050396450243236 976173653 "" ops_std_boss ops_std standard_boss 0 0 0.0 0.0 -999 ""
FIBERMAP 213 R+3C1 METROLOGY 0 0 0 1 0 0 -266.6443672778933 62.64877515820314 143.1 25.696160971215853 -272.6855387164438 130.90425 140.09595 -999.0 -999.0 -999.0 -999.0 -999.0 199.5788127691904 -25.83482166131623 199.60615573269502 -25.978033651309904 79.29162785493342 283.73505407520605 -999.0 6231.0 -999.0 -1 -999 {-999.0 -999.0 -999.0 -999.0 -999.0} "" -999.0 -999.0 -999.0 -999.0 -999 -999 "" "" "" "" 0 0 0.0 0.0 -999 ""
FIBERMAP 216 R-9C18 APOGEE 0 0 0 1 0 0 200.20370534524457 -181.9524501698289 143.1 108.56453259361206 247.78160649282722 315.0636 125.39327 -999.0 -999.0 -999.0 -999.0 -999.0 199.85424661888268 -24.260912277141838 199.88017409671954 -24.40406635756384 78.90240441482189 291.91186180870216 -999.0 16600.0 -999.0 2 192 {-999.0 -999.0 -999.0 -999.0 -999.0} "" -999.0 -999.0 -999.0 -999.0 -999 -999 "" ops_sky_apogee_best_unassigned ops_sky sky_apogee 0 0 0.0 0.0 -999 ""
FIBERMAP 216 R-9C18 BOSS 1 1 0 1 0 0 199.92792185598557 -182.6706900513142 143.1 109.33319159578137 247.74938898598637 315.0636 125.39327 199.85674903663798 -24.26099908499286 0.063725054 0.04521688 0.28126842 199.85674924031596 -24.260998953234434 199.8827203161538 -24.404169898731094 78.90451724005584 291.9168548424303 5400.0 5400.0 2016.0 1 265 {-999.0 20.260485 20.050085 19.852499 -999.0} sdss_psfmag_ps1 20.20284 19.884457 19.41216 -999.0 63050396450310000 1117337647 bright_1x1 openfibertargets_bhm_quaia_boss open_fiber science 0 0 0.0 0.0 -999 ""
FIBERMAP 216 R-9C18 METROLOGY 0 0 0 1 0 0 199.47223845719432 -182.09411564820755 143.1 108.93215077869571 247.13359222488177 315.0636 125.39327 -999.0 -999.0 -999.0 -999.0 -999.0 199.85546511931395 -24.26280402680768 199.88142530314224 -24.40597048680349 78.90428427521789 291.9057359158478 -999.0 6231.0 -999.0 -1 -999 {-999.0 -999.0 -999.0 -999.0 -999.0} "" -999.0 -999.0 -999.0 -999.0 -999 -999 "" "" "" "" 0 0 0.0 0.0 -999 ""
FIBERMAP 223 R-7C9 APOGEE 0 0 0 1 0 0 -22.345663754314433 -124.00232397110123 143.1 124.64584229396273 18.383863559791976 70.40742 91.579765 -999.0 -999.0 -999.0 -999.0 -999.0 199.91057808981927 -24.954280459129794 199.93729992286399 -25.097299792864476 79.247132464677 288.72590962727907 -999.0 16600.0 -999.0 2 186 {-999.0 -999.0 -999.0 -999.0 -999.0} "" -999.0 -999.0 -999.0 -999.0 -999 -999 "" ops_sky_apogee_best_unassigned ops_sky sky_apogee 0 0 0.0 0.0 -999 ""
FIBERMAP 223 R-7C9 BOSS 1 1 0 1 0 0 -21.62273793737855 -124.22658197776097 143.1 124.62773420066026 19.14052509318667 70.40742 91.579765 199.91057591404203 -24.951972026454797 -10.7677965 4.496136 4.473184 199.91054130741148 -24.951958925064172 199.93730041887835 -25.094994712451992 79.24620031523077 288.73720871181206 5400.0 5400.0 2016.0 1 380 {-999.0 19.73555 18.196579 16.985455 -999.0} sdss_psfmag_ps1 19.251764 17.678997 16.514902 14.251 63050396450249442 1080353416 bright_flexible_2x1 mwm_snc_ext_filler_boss mwm_snc science 0 0 0.0 0.0 -999 ""
FIBERMAP 223 R-7C9 METROLOGY 0 0 0 1 0 0 -22.180532388668595 -124.7345382628857 143.1 125.28707848559175 18.773958781985442 70.40742 91.579765 -999.0 -999.0 -999.0 -999.0 -999.0 199.91277106080045 -24.953069991619444 199.93952334230562 -25.096099343110346 79.24848815737882 288.7361605944274 -999.0 6231.0 -999.0 -1 -999 {-999.0 -999.0 -999.0 -999.0 -999.0} "" -999.0 -999.0 -999.0 -999.0 -999 -999 "" "" "" "" 0 0 0.0 0.0 -999 ""
FIBERMAP 224 R+2C5 APOGEE 1 1 0 1 0 0 -167.68074310496533 29.597509079239334 143.1 25.446151550560916 -168.3534002789615 335.35834 103.84431 199.57805803668808 -25.52077013586535 -6.252633 15.081923 3.2575777 199.57834219428017 -25.520726188329924 199.60531771057217 -25.663967333921136 79.18413247430647 285.31545341695306 16000.0 16600.0 2016.0 2 23 {-999.0 8.895912 8.004746 7.672229 -999.0} sdss_psfmag_from_g3xp 8.621145 8.041265 7.318629 5.828 63050396450244408 1102833916 bright_1x1 mwm_dust_core_dist_apogee mwm_dust science 0 0 0.9887464046478271 0.0 -999 ""
FIBERMAP 224 R+2C5 BOSS 0 0 0 1 0 0 -167.83312976404622 28.84271742794668 143.1 26.21008296977055 -168.25701355409868 335.35834 103.84431 -999.0 -999.0 -999.0 -999.0 -999.0 199.58087626415391 -25.520483542659736 199.6078977490548 -25.663737213758555 79.18622729475393 285.32097253319483 -999.0 5400.0 -999.0 1 34 {-999.0 -999.0 -999.0 -999.0 -999.0} "" -999.0 -999.0 -999.0 -999.0 -999 -999 "" "" "" "" 0 0 0.0 0.0 -999 ""
FIBERMAP 224 R+2C5 METROLOGY 0 0 0 1 0 0 -168.38994261666693 29.35469092634277 143.1 25.902527967804907 -168.94804075319865 335.35834 103.84431 -999.0 -999.0 -999.0 -999.0 -999.0 199.57985662831143 -25.522596719836205 199.60686722449896 -25.66584691907933 79.18610214369707 285.3087043853601 -999.0 6231.0 -999.0 -1 -999 {-999.0 -999.0 -999.0 -999.0 -999.0} "" -999.0 -999.0 -999.0 -999.0 -999 -999 "" "" "" "" 0 0 0.0 0.0 -999 ""
FIBERMAP 226 R-2C25 APOGEE 0 0 0 1 0 0 262.20709392274966 -34.81545221546577 143.1 -50.6581286485222 259.6005950586407 82.498795 166.51291 -999.0 -999.0 -999.0 -999.0 -999.0 199.3262120481011 -24.224904962682274 199.35157204240477 -24.368523155197913 78.45618855045211 290.97316665146195 -999.0 16600.0 -999.0 2 239 {-999.0 -999.0 -999.0 -999.0 -999.0} "" -999.0 -999.0 -999.0 -999.0 -999 -999 "" ops_sky_apogee_best_unassigned ops_sky sky_apogee 0 0 0.0 0.0 -999 ""
FIBERMAP 226 R-2C25 BOSS 1 1 0 1 0 0 262.4583720234381 -34.075463922178706 143.1 -51.43958056720401 259.60265038202107 82.498795 166.51291 199.32357788085938 -24.224876110644303 -999.0 -999.0 -999.0 199.32357788085935 -24.224876110644303 199.3489782453892 -24.368515986329687 78.45406743250535 290.9679667037408 5400.0 5400.0 2015.5 1 349 {-999.0 -999.0 -999.0 -999.0 -999.0} "" -999.0 -999.0 -999.0 -999.0 27021603177296935 814936703 "" ops_sky_boss_good ops_sky sky_boss 0 0 0.0 0.0 -999 ""
FIBERMAP 226 R-2C25 METROLOGY 0 0 0 1 0 0 262.9314744399104 -34.683410736440244 143.1 -51.01436539658698 260.244963954482 82.498795 166.51291 -999.0 -999.0 -999.0 -999.0 -999.0 199.32499774248592 -24.22290836543657 199.35038535919637 -24.366541764463676 78.45434127369658 290.97964689254854 -999.0 6231.0 -999.0 -1 -999 {-999.0 -999.0 -999.0 -999.0 -999.0} "" -999.0 -999.0 -999.0 -999.0 -999 -999 "" "" "" "" 0 0 0.0 0.0 -999 ""
FIBERMAP 229 R+9C7 APOGEE 0 0 0 1 0 0 -42.90555402361818 179.1597704451753 143.1 -156.10119766301077 -97.81939710324329 24.89733 110.74382 -999.0 -999.0 -999.0 -999.0 -999.0 198.96974696248006 -25.305380660927586 198.9958492735924 -25.449170470816203 78.59385508791138 285.3443457528632 -999.0 16600.0 -999.0 2 133 {-999.0 -999.0 -999.0 -999.0 -999.0} "" -999.0 -999.0 -999.0 -999.0 -999 -999 "" ops_sky_apogee_best_unassigned ops_sky sky_apogee 0 0 0.0 0.0 -999 ""
FIBERMAP 229 R+9C7 BOSS 1 1 0 1 0 0 -42.3606900540169 178.65636815540879 143.1 -155.79795349757978 -97.14242834245556 24.89733 110.74382 198.97066920297604 -25.3033575741357 -1.3723962 1.0460219 1.5219839 198.9706647795247 -25.303354526110116 198.99681022709137 -25.447159161102075 78.5939464051881 285.3554127219884 5400.0 5400.0 2016.0 1 123 {-999.0 20.584568 20.26419 20.093891 -999.0} sdss_psfmag_ps1 20.259579 19.99248 19.463442 -999.0 63050396450242969 1117337396 bright_1x1 openfibertargets_bhm_quaia_boss open_fiber science 0 0 0.0 0.0 -999 ""
FIBERMAP 229 R+9C7 METROLOGY 0 0 0 1 0 0 -43.07305033918074 178.43482705007133 143.1 -155.36073291984067 -97.74685235557683 24.89733 110.74382 -999.0 -999.0 -999.0 -999.0 -999.0 198.9721106797506 -25.30520994565758 198.99824738831194 -25.44900886146402 78.5958196523661 285.34902353589075 -999.0 6231.0 -999.0 -1 -999 {-999.0 -999.0 -999.0 -999.0 -999.0} "" -999.0 -999.0 -999.0 -999.0 -999 -999 "" "" "" "" 0 0 0.0 0.0 -999 ""
FIBERMAP 230 R+10C2 APOGEE 0 0 0 1 0 0 -138.80933815814603 192.95673649168876 143.1 -138.58010284633127 -193.1089741222801 31.706131 74.70843 -999.0 -999.0 -999.0 -999.0 -999.0 199.0276939897175 -25.5936506746225 199.054156100255 -25.73735617808183 78.74317432320534 284.0615897890421 -999.0 16600.0 -999.0 2 -999 {-999.0 -999.0 -999.0 -999.0 -999.0} "" -999.0 -999.0 -999.0 -999.0 -999 -999 "" "" "" "" 0 0 0.0 0.0 -999 ""
FIBERMAP 230 R+10C2 BOSS 1 1 0 1 0 0 -138.57516447003601 192.27042978129734 143.1 -138.00439998142232 -192.66809360962174 31.706131 74.70843 199.02955846539544 -25.59234599855435 0.07621425 -0.045527242 -0.2304946 199.02955871163638 -25.592346131217152 199.0560660236268 -25.736064579241198 78.74435986226106 284.07078689275653 5400.0 5400.0 2016.0 1 18 {-999.0 20.311398 20.223526 20.048523 -999.0} sdss_psfmag_ps1 20.666914 20.384827 20.020006 -999.0 63050396450241867 1117337382 bright_1x1 openfibertargets_bhm_quaia_boss open_fiber science 0 0 0.0 0.0 -999 ""
FIBERMAP 230 R+10C2 METROLOGY 0 0 0 1 0 0 -139.30499023704695 192.39653364139494 143.1 -137.89107002051145 -193.39997981553395 31.706131 74.70843 -999.0 -999.0 -999.0 -999.0 -999.0 199.02992320994485 -25.594589184539736 199.05642066704343 -25.73830297198469 78.74541384402298 284.0605378558793 -999.0 6231.0 -999.0 -1 -999 {-999.0 -999.0 -999.0 -999.0 -999.0} "" -999.0 -999.0 -999.0 -999.0 -999 -999 "" "" "" "" 0 0 0.0 0.0 -999 ""
FIBERMAP 231 R+2C20 APOGEE 0 0 0 1 0 0 168.2279042995689 39.83106249907277 143.1 -91.41808063539554 146.72194630513658 350.50363 130.39172 -999.0 -999.0 -999.0 -999.0 -999.0 199.18914180150261 -24.56490972336599 199.21471195772415 -24.708603742052176 78.48994269753649 289.16866386978955 -999.0 16600.0 -999.0 2 -999 {-999.0 -999.0 -999.0 -999.0 -999.0} "" -999.0 -999.0 -999.0 -999.0 -999 -999 "" "" "" "" 0 0 0.0 0.0 -999 ""
FIBERMAP 231 R+2C20 BOSS 1 1 0 1 0 0 168.63039833375674 39.20738549612374 143.1 -90.95543158914586 147.30236285344063 350.50363 130.39172 199.19060975429713 -24.563083907180292 0.3097741 0.1175576 -0.31929538 199.19061074676904 -24.5630835646267 199.2162241650181 -24.706794737292878 78.49043863069186 289.1797733871876 5400.0 5400.0 2016.0 1 230 {-999.0 20.560114 20.191414 20.201954 -999.0} sdss_psfmag_ps1 20.456617 20.242147 19.753777 -999.0 63050396450291474 1117337540 bright_1x1 openfibertargets_bhm_quaia_boss open_fiber science 0 0 0.0 0.0 -999 ""
FIBERMAP 231 R+2C20 METROLOGY 0 0 0 1 0 0 167.88318807708347 39.16723349793508 143.1 -90.67899494433405 146.6070424765166 350.50363 130.39172 -999.0 -999.0 -999.0 -999.0 -999.0 199.19152056469798 -24.56517470533237 199.21712474210824 -24.70887968586876 78.49205050616642 289.1719794678367 -999.0 6231.0 -999.0 -1 -999 {-999.0 -999.0 -999.0 -999.0 -999.0} "" -999.0 -999.0 -999.0 -999.0 -999 -999 "" "" "" "" 0 0 0.0 0.0 -999 ""
FIBERMAP 232 R+13C3 APOGEE 0 0 0 1 0 0 -99.71609591629762 235.04069031033498 143.1 -190.93504105202743 -169.4865249346439 302.70004 84.50318 -999.0 -999.0 -999.0 -999.0 -999.0 198.85277587739645 -25.521088080815833 198.87897493860692 -25.66495006522995 78.57014603444804 284.13709355405837 -999.0 16600.0 -999.0 2 54 {-999.0 -999.0 -999.0 -999.0 -999.0} "" -999.0 -999.0 -999.0 -999.0 -999 -999 "" ops_sky_apogee_best_unassigned ops_sky sky_apogee 0 0 0.0 0.0 -999 ""
FIBERMAP 232 R+13C3 BOSS 1 1 0 1 0 0 -100.40984722183222 234.80201896758817 143.1 -190.4875230472276 -170.067848132891 302.70004 84.50318 198.8542338129511 -25.52285025191517 -7.315246 0.9969291 0.28403074 198.85421019179532 -25.52284734694039 198.88045770349163 -25.666722576321142 78.5720041178957 284.13096312466763 5400.0 5400.0 2016.0 1 91 {-999.0 18.919199 18.48076 18.33736 -999.0} sdss_psfmag_ps1 18.794893 18.456532 17.99904 -999.0 63050396450242437 978586181 "" ops_std_boss ops_std standard_boss 0 0 0.0 0.0 -999 ""
FIBERMAP 232 R+13C3 METROLOGY 0 0 0 1 0 0 -100.27854218375074 235.51441060622204 143.1 -191.20454629928173 -170.17068688383304 302.70004 84.50318 -999.0 -999.0 -999.0 -999.0 -999.0 198.85179212603563 -25.523170124385643 198.87802470355018 -25.667043205615155 78.57004941384568 284.1256915330741 -999.0 6231.0 -999.0 -1 -999 {-999.0 -999.0 -999.0 -999.0 -999.0} "" -999.0 -999.0 -999.0 -999.0 -999 -999 "" "" "" "" 0 0 0.0 0.0 -999 ""
FIBERMAP 234 R+3C20 APOGEE 0 0 0 1 0 0 174.11412478590057 63.93423818369465 143.1 -116.13852671247668 144.61060395115678 348.8592 159.90103 -999.0 -999.0 -999.0 -999.0 -999.0 199.10681976050785 -24.571165740354544 199.13231210133551 -24.714929149028077 78.42446817287875 288.9846218435879 -999.0 16600.0 -999.0 2 69 {-999.0 -999.0 -999.0 -999.0 -999.0} "" -999.0 -999.0 -999.0 -999.0 -999 -999 "" ops_sky_apogee_best_unassigned ops_sky sky_apogee 0 0 0.0 0.0 -999 ""
FIBERMAP 234 R+3C20 BOSS 1 1 0 1 0 0 174.74233396095457 63.52642774215993 143.1 -115.95246467871375 145.33606191065206 348.8592 159.90103 199.10740568620122 -24.568898018368255 -12.133755 -3.1397047 -0.06854354 199.1073668095796 -24.56890716721542 199.1329013423747 -24.712688576790104 78.42402780299665 288.9958902435467 5400.0 5400.0 2016.0 1 224 {-999.0 18.505 18.068434 18.03875 -999.0} sdss_psfmag_ps1 18.371687 18.115118 17.656517 -999.0 63050396450291494 944648758 bright_1x1 openfibertargets_nov2020_6c open_fiber science 0 0 0.0 0.0 -999 ""
FIBERMAP 234 R+3C20 METROLOGY 0 0 0 1 0 0 174.08437185033148 63.18183298357657 143.1 -115.41598112130326 144.82244913931282 348.8592 159.90103 -999.0 -999.0 -999.0 -999.0 -999.0 199.10913814823678 -24.570449195867432 199.13466366716102 -24.714223751906136 78.42612064847907 288.9922296530141 -999.0 6231.0 -999.0 -1 -999 {-999.0 -999.0 -999.0 -999.0 -999.0} "" -999.0 -999.0 -999.0 -999.0 -999 -999 "" "" "" "" 0 0 0.0 0.0 -999 ""
FIBERMAP 243 R-11C12 APOGEE 0 0 0 1 0 0 61.051016565933196 -212.7675204521532 143.1 182.16221910259253 125.73780592330675 208.58151 81.46024 -999.0 -999.0 -999.0 -999.0 -999.0 200.10060781187232 -24.628824234505544 200.12717615776853 -24.77171471491727 79.26693648385199 290.6990109539168 -999.0 16600.0 -999.0 2 183 {-999.0 -999.0 -999.0 -999.0 -999.0} "" -999.0 -999.0 -999.0 -999.0 -999 -999 "" ops_sky_apogee_best_unassigned ops_sky sky_apogee 0 0 0.0 0.0 -999 ""
FIBERMAP 243 R-11C12 BOSS 1 1 0 1 0 0 60.75805683607925 -212.06695647725866 143.1 181.5917593275833 125.23666541929956 208.58151 81.46024 200.09873018531292 -24.63029456631785 -1.6539662 -0.9720106 0.20966056 200.0987248833953 -24.630297398680103 200.1253331051671 -24.773206997090448 79.26607625773224 290.6878934034138 5400.0 5400.0 2016.0 1 376 {-999.0 18.021114 17.258453 16.861897 -999.0} sdss_psfmag_ps1 17.730984 17.18924 16.49859 15.15 63050396450270630 944648670 bright_1x1 openfibertargets_nov2020_6c open_fiber science 0 0 0.0 0.0 -999 ""
FIBERMAP 243 R-11C12 METROLOGY 0 0 0 1 0 0 61.493536410877624 -212.15864642690195 143.1 181.44401159800694 125.96293056212224 208.58151 81.46024 -999.0 -999.0 -999.0 -999.0 -999.0 200.09826068523157 -24.628088641814593 200.12485475710082 -24.7709939498804 79.26472471037513 290.69758649685986 -999.0 6231.0 -999.0 -1 -999 {-999.0 -999.0 -999.0 -999.0 -999.0} "" -999.0 -999.0 -999.0 -999.0 -999 -999 "" "" "" "" 0 0 0.0 0.0 -999 ""
FIBERMAP 244 R-4C15 APOGEE 0 0 0 1 0 0 67.95566629933148 -59.00438366166341 143.1 34.23828468979069 83.2258353706415 128.1653 70.80194 -999.0 -999.0 -999.0 -999.0 -999.0 199.60810633168765 -24.757705820612138 199.63430678722807 -24.901014782511332 78.91631380164584 289.07994375318617 -999.0 16600.0 -999.0 2 199 {-999.0 -999.0 -999.0 -999.0 -999.0} "" -999.0 -999.0 -999.0 -999.0 -999 -999 "" ops_sky_apogee_best_unassigned ops_sky sky_apogee 0 0 0.0 0.0 -999 ""
FIBERMAP 244 R-4C15 BOSS 1 1 0 1 0 0 68.6701993787095 -58.7812031357688 143.1 33.79881724250921 83.8317955089234 128.1653 70.80194 199.60672058699407 -24.755667445152852 -32.347603 -45.98162 0.839668 199.60661678974105 -24.755801431937485 199.63285561050853 -24.899129179493173 78.91433744326886 289.08605818295155 5400.0 5400.0 2016.0 1 280 {-999.0 15.291399 14.97541 14.838242 -999.0} sdss_psfmag_from_g3xp 15.242724 14.960283 14.505304 13.61 63050396450250447 1072474401 bright_1x1 mwm_halo_local_high_boss_single mwm_halo science 0 0 0.0 0.0 -999 ""
FIBERMAP 244 R-4C15 METROLOGY 0 0 0 1 0 0 68.50133677130303 -59.51480302376832 143.1 34.547921624735196 83.9058071295489 128.1653 70.80194 -999.0 -999.0 -999.0 -999.0 -999.0 199.60913590387688 -24.755575413049662 199.63536541907808 -24.898896150289094 78.91631542572823 289.09204345241045 -999.0 6231.0 -999.0 -1 -999 {-999.0 -999.0 -999.0 -999.0 -999.0} "" -999.0 -999.0 -999.0 -999.0 -999 -999 "" "" "" "" 0 0 0.0 0.0 -999 ""
FIBERMAP 249 R+8C6 APOGEE 0 0 0 1 0 0 -107.16524361404582 150.48622497697792 143.1 -108.42636148852496 -149.5704169444768 232.46967 76.42449 -999.0 -999.0 -999.0 -999.0 -999.0 199.12894530420147 -25.462835015992592 199.1553801980641 -25.606470503163095 78.78406838799306 284.85301940837974 -999.0 16600.0 -999.0 2 -999 {-999.0 -999.0 -999.0 -999.0 -999.0} "" -999.0 -999.0 -999.0 -999.0 -999 -999 "" "" "" "" 0 0 0.0 0.0 -999 ""
FIBERMAP 249 R+8C6 BOSS 1 1 0 1 0 0 -107.62267405831692 151.04243023727327 143.1 -108.80754113058352 -150.18137095177966 232.46967 76.42449 199.12757957521995 -25.46471021793595 -999.0 -999.0 -999.0 199.12757957521993 -25.46471021793595 199.154059096907 -25.608361450542816 78.78361048449433 284.84177327421804 5400.0 5400.0 2016.0 1 79 {-999.0 20.329224 18.829975 18.27449 -999.0} sdss_psfmag_ps1 19.527271 21.498026 17.625443 15.217 63050396450242653 1115942682 bright_1x1 openfibertargets_bhm_racsradio_boss open_fiber science 0 0 0.0 0.0 -999 ""
FIBERMAP 249 R+8C6 METROLOGY 0 0 0 1 0 0 -106.88093136186134 151.17808100250195 143.1 -109.17273750073048 -149.5216994222943 232.46967 76.42449 -999.0 -999.0 -999.0 -999.0 -999.0 199.1263559729168 -25.462733255050058 199.15281967405815 -25.60638157983602 78.78187306410805 284.8493119491064 -999.0 6231.0 -999.0 -1 -999 {-999.0 -999.0 -999.0 -999.0 -999.0} "" -999.0 -999.0 -999.0 -999.0 -999 -999 "" "" "" "" 0 0 0.0 0.0 -999 ""
FIBERMAP 253 R+5C3 APOGEE 0 0 0 1 0 0 -191.575358352074 85.4390698552078 143.1 -19.8516545258727 -208.81359054602964 252.15303 127.8984 -999.0 -999.0 -999.0 -999.0 -999.0 199.4260267358695 -25.642706902370932 199.45296928979383 -25.786065470324083 79.0976604618042 284.45515160776597 -999.0 16600.0 -999.0 2 19 {-999.0 -999.0 -999.0 -999.0 -999.0} "" -999.0 -999.0 -999.0 -999.0 -999 -999 "" ops_sky_apogee_best_unassigned ops_sky sky_apogee 0 0 0.0 0.0 -999 ""
FIBERMAP 253 R+5C3 BOSS 1 1 0 1 0 0 -192.25962878536617 85.15297811874899 143.1 -19.362220985927586 -209.3708000687183 252.15303 127.8984 199.4276686077238 -25.64439237682294 -14.712318 -11.301165 0.29055446 199.4276210529057 -25.644425307518613 199.45461013045679 -25.787796299698833 79.0996382925719 284.4491997828634 5400.0 5400.0 2016.0 1 28 {-999.0 17.528206 17.18095 17.02455 -999.0} sdss_psfmag_ps1 17.45804 17.165358 16.700863 15.783 63050396450244261 976508419 "" ops_std_boss ops_std standard_boss 0 0 0.0 0.0 -999 ""
FIBERMAP 253 R+5C3 METROLOGY 0 0 0 1 0 0 -192.15727727628888 85.90531025995924 143.1 -20.10785867207405 -209.5138203753213 252.15303 127.8984 -999.0 -999.0 -999.0 -999.0 -999.0 199.42512413750708 -25.644885710392217 199.45209894694528 -25.788254848484286 79.09766748409143 284.44285673737113 -999.0 6231.0 -999.0 -1 -999 {-999.0 -999.0 -999.0 -999.0 -999.0} "" -999.0 -999.0 -999.0 -999.0 -999 -999 "" "" "" "" 0 0 0.0 0.0 -999 ""
FIBERMAP 255 R-5C11 APOGEE 0 0 0 1 0 0 4.636351571424479 -93.02070909952336 143.1 86.67645595693807 34.07053010011214 38.74515 91.941055 -999.0 -999.0 -999.0 -999.0 -999.0 199.7835753208166 -24.906832552851515 199.81011477371305 -25.04996966640174 79.12263398851336 288.70803982698976 -999.0 16600.0 -999.0 2 170 {-999.0 -999.0 -999.0 -999.0 -999.0} "" -999.0 -999.0 -999.0 -999.0 -999 -999 "" ops_sky_apogee_best_unassigned ops_sky sky_apogee 0 0 0.0 0.0 -999 ""
FIBERMAP 255 R-5C11 BOSS 1 1 0 1 0 0 5.121071845029271 -93.61598731427944 143.1 87.08595863378805 34.71981220068605 38.74515 91.941055 199.78500260778563 -24.904835524831764 -14.852474 3.8519452 0.3976245 199.78495489165408 -24.904824300559444 199.81153504195166 -25.047977117599924 79.12300305118575 288.7204562092162 5400.0 5400.0 2016.0 1 409 {-999.0 17.577538 16.895063 16.683456 -999.0} sdss_psfmag_ps1 17.313482 16.888166 16.312605 15.188 63050396450249577 944648492 bright_1x1 openfibertargets_nov2020_6c open_fiber science 0 0 0.0 0.0 -999 ""
FIBERMAP 255 R-5C11 METROLOGY 0 0 0 1 0 0 4.39077768442902 -93.73551946570804 143.1 87.43222695518047 34.06584806572514 38.74515 91.941055 -999.0 -999.0 -999.0 -999.0 -999.0 199.78613655083313 -24.9068101635706 199.81270843171376 -25.04995699097516 79.1247770997602 288.71314603323657 -999.0 6231.0 -999.0 -1 -999 {-999.0 -999.0 -999.0 -999.0 -999.0} "" -999.0 -999.0 -999.0 -999.0 -999 -999 "" "" "" "" 0 0 0.0 0.0 -999 ""
FIBERMAP 266 R-11C1 APOGEE 1 1 0 1 0 0 -174.60204063998597 -234.28939494952465 143.1 277.7395476383939 -90.72410297226654 324.00974 24.47547 200.421200844545 -25.282191342103136 14.187742 -49.284096 4.735581 200.42124656596815 -25.282334952068382 200.44885726821965 -25.42485663964475 79.80189039930819 288.0849683865578 16000.0 16600.0 2016.0 2 260 {-999.0 11.162032 10.737246 10.599395 -999.0} sdss_psfmag_from_g3xp 11.0817 10.760777 10.268402 9.438 63050396450255962 975319096 "" ops_std_apogee ops_std standard_apogee 0 0 0.0 0.0 -999 ""
FIBERMAP 266 R-11C1 BOSS 0 0 0 1 0 0 -175.31262197044356 -234.0282553306584 143.1 277.7187647787341 -91.48083209931272 324.00974 24.47547 -999.0 -999.0 -999.0 -999.0 -999.0 200.42110346510827 -25.2845922591049 200.44875722922313 -25.42712923178555 79.80269535378444 288.07295349524793 -999.0 5400.0 -999.0 1 354 {-999.0 -999.0 -999.0 -999.0 -999.0} "" -999.0 -999.0 -999.0 -999.0 -999 -999 "" "" "" "" 0 0 0.0 0.0 -999 ""
FIBERMAP 266 R-11C1 METROLOGY 0 0 0 1 0 0 -174.71903329549656 -233.55608836878665 143.1 277.0819184540752 -91.06892567779808 324.00974 24.47547 -999.0 -999.0 -999.0 -999.0 -999.0 200.4190672850579 -25.283389297759243 200.4467064424847 -25.425923994295967 79.80051951758568 288.0751318478152 -999.0 6231.0 -999.0 -1 -999 {-999.0 -999.0 -999.0 -999.0 -999.0} "" -999.0 -999.0 -999.0 -999.0 -999 -999 "" "" "" "" 0 0 0.0 0.0 -999 ""
FIBERMAP 267 R-9C2 APOGEE 0 0 0 1 0 0 -160.229518698187 -163.1307865690836 143.1 205.71732012290028 -99.8052192536605 60.93953 111.31092 -999.0 -999.0 -999.0 -999.0 -999.0 200.1820400800144 -25.31145101002785 200.2094322041694 -25.454184927860624 79.61385559756198 287.46546673465116 -999.0 16600.0 -999.0 2 -999 {-999.0 -999.0 -999.0 -999.0 -999.0} "" -999.0 -999.0 -999.0 -999.0 -999 -999 "" "" "" "" 0 0 0.0 0.0 -999 ""
FIBERMAP 267 R-9C2 BOSS 1 1 0 1 0 0 -159.51635583354846 -163.18780203149188 143.1 205.54383119159303 -99.11116592984271 60.93953 111.31092 200.18129468534607 -25.30938591510894 -10.307592 9.819656 1.7723874 200.1814567640024 -25.30935730140018 200.20888563777942 -25.45210691665772 79.61260419631765 287.47506663852346 5400.0 5400.0 2016.0 1 457 {-999.0 14.050089 13.4252825 13.212477 -999.0} sdss_psfmag_from_g3xp 13.887009 13.456452 12.872187 11.645 63050396450245762 1075965222 bright_1x1 mwm_erosita_stars_boss mwm_erosita science 0 0 0.6356039047241211 0.0 -999 ""
FIBERMAP 267 R-9C2 METROLOGY 0 0 0 1 0 0 -159.93030375107554 -163.81632915143803 143.1 206.2715485237582 -99.3029430067148 60.93953 111.31092 -999.0 -999.0 -999.0 -999.0 -999.0 200.18392869763926 -25.309942015164072 200.2113499813919 -25.452685211782416 79.61488114106406 287.47682953575827 -999.0 6231.0 -999.0 -1 -999 {-999.0 -999.0 -999.0 -999.0 -999.0} "" -999.0 -999.0 -999.0 -999.0 -999 -999 "" "" "" "" 0 0 0.0 0.0 -999 ""
FIBERMAP 274 R+2C17 APOGEE 1 1 0 1 0 0 84.74862765634795 51.66153358267883 143.1 -75.99716765594508 63.83443539279202 115.0951 112.83098 199.2395706067542 -24.816055602907344 -31.83158 -13.932536 2.672465 199.23946841567565 -24.816096201185246 199.26534824203245 -24.959716243664165 78.63431564604127 288.1069484914252 16000.0 16600.0 2016.0 2 61 {-999.0 10.424361 9.500725 9.165387 -999.0} sdss_psfmag_from_g3xp 10.132481 9.538418 8.805872 7.287 63050396450290425 1108745896 bright_1x1 mwm_tess_rgb_apogee mwm_tessrgb science 0 0 0.0 0.0 -999 ""
FIBERMAP 274 R+2C17 BOSS 0 0 0 1 0 0 85.3101409340099 52.16644147081922 143.1 -76.65480940696266 64.20549856979561 115.0951 112.83098 -999.0 -999.0 -999.0 -999.0 -999.0 199.23718368426572 -24.814912553740925 199.26310434579545 -24.958552128322903 78.63198562032248 288.10824132977757 -999.0 5400.0 -999.0 1 207 {-999.0 -999.0 -999.0 -999.0 -999.0} "" -999.0 -999.0 -999.0 -999.0 -999 -999 "" "" "" "" 0 0 0.0 0.0 -999 ""
FIBERMAP 274 R+2C17 METROLOGY 0 0 0 1 0 0 85.45472206749633 51.42454477129226 143.1 -75.99784101017246 64.5792073703297 115.0951 112.83098 -999.0 -999.0 -999.0 -999.0 -999.0 199.2393879625126 -24.813781823480408 199.26529737491046 -24.957414771873548 78.63335405135241 288.1175608581475 -999.0 6231.0 -999.0 -1 -999 {-999.0 -999.0 -999.0 -999.0 -999.0} "" -999.0 -999.0 -999.0 -999.0 -999 -999 "" "" "" "" 0 0 0.0 0.0 -999 ""
FIBERMAP 280 R-3C15 APOGEE 0 0 0 1 0 0 54.933847289110055 -42.58488252603974 143.1 22.831933461962027 65.64671357100146 114.538445 96.24457 -999.0 -999.0 -999.0 -999.0 -999.0 199.56997031104453 -24.81101911425217 199.59618746105514 -24.954354752096233 78.90663061529096 288.75330981874464 -999.0 16600.0 -999.0 2 -999 {-999.0 -999.0 -999.0 -999.0 -999.0} "" -999.0 -999.0 -999.0 -999.0 -999 -999 "" "" "" "" 0 0 0.0 0.0 -999 ""
FIBERMAP 280 R-3C15 BOSS 1 1 0 1 0 0 55.6073020549566 -42.207666176195346 143.1 22.25959179850241 66.16460135089886 114.538445 96.24457 199.56803791717965 -24.809384867830705 -2.7096832 -1.3987101 0.11342792 199.5680292185707 -24.80938894356158 199.5942849157329 -24.952743591550437 78.90439908973012 288.7573060672105 5400.0 5400.0 2016.0 1 328 {-999.0 16.902954 16.355507 16.049185 -999.0} sdss_psfmag_ps1 16.824636 16.379894 15.7785845 14.547 63050396450250430 1076076615 bright_1x1 mwm_halo_mp_xp_boss_single mwm_halo science 0 0 0.0 0.0 -999 ""
FIBERMAP 280 R-3C15 METROLOGY 0 0 0 1 0 0 55.58571458405148 -42.95171661194487 143.1 22.971614538588444 66.38151949462747 114.538445 96.24457 -999.0 -999.0 -999.0 -999.0 -999.0 199.57042529419985 -24.80873116458057 199.5966708640343 -24.952078964139975 78.90610390314542 288.7650395982564 -999.0 6231.0 -999.0 -1 -999 {-999.0 -999.0 -999.0 -999.0 -999.0} "" -999.0 -999.0 -999.0 -999.0 -999 -999 "" "" "" "" 0 0 0.0 0.0 -999 ""
FIBERMAP 284 R-1C5 APOGEE 0 0 0 1 0 0 -202.49224472246635 -20.283008670865236 143.1 83.82386712723246 -185.43068913278617 174.82513 126.90291 -999.0 -999.0 -999.0 -999.0 -999.0 199.77431859504588 -25.572016415393705 199.8015597648016 -25.715080107573684 79.36764117540203 285.39353908191816 -999.0 16600.0 -999.0 2 281 {-999.0 -999.0 -999.0 -999.0 -999.0} "" -999.0 -999.0 -999.0 -999.0 -999 -999 "" ops_sky_apogee_best_unassigned ops_sky sky_apogee 0 0 0.0 0.0 -999 ""
FIBERMAP 284 R-1C5 BOSS 1 1 0 1 0 0 -202.7475254113317 -19.580076566793608 143.1 83.23914222590807 -185.89687676992517 174.82513 126.90291 199.77233890253706 -25.573464704783312 -0.20353149 0.42253694 -0.024402896 199.77233824505 -25.57346347354396 199.79962060547282 -25.716542917674786 79.36652186794186 285.3827827418934 5400.0 5400.0 2016.0 1 462 {-999.0 19.51674 19.281717 19.36881 -999.0} sdss_psfmag_ps1 19.780128 19.641476 19.337904 -999.0 63050396450243874 1117337407 bright_1x1 openfibertargets_bhm_quaia_boss open_fiber science 0 0 0.0 0.0 -999 ""
FIBERMAP 284 R-1C5 METROLOGY 0 0 0 1 0 0 -202.03371843797137 -19.69886637871257 143.1 83.12399127313675 -185.18250497578487 174.82513 126.90291 -999.0 -999.0 -999.0 -999.0 -999.0 199.77197832528813 -25.571339052887062 199.79924623224417 -25.714415058589868 79.36545613470471 285.392929230189 -999.0 6231.0 -999.0 -1 -999 {-999.0 -999.0 -999.0 -999.0 -999.0} "" -999.0 -999.0 -999.0 -999.0 -999 -999 "" "" "" "" 0 0 0.0 0.0 -999 ""
FIBERMAP 286 R-5C13 APOGEE 0 0 1 1 0 0 34.42587820851525 -89.33685507330824 143.1 73.68143349337976 61.12675501213834 10.00439 169.99881 -999.0 -999.0 -999.0 -999.0 -999.0 199.74000067949945 -24.824753436175865 199.76640792850696 -24.96793886792023 79.05302469121489 289.0184297713481 -999.0 16600.0 -999.0 2 162 {-999.0 -999.0 -999.0 -999.0 -999.0} "" -999.0 -999.0 -999.0 -999.0 -999 -999 "" ops_sky_apogee_best_unassigned ops_sky sky_apogee 0 0 0.0 0.0 -999 ""
FIBERMAP 286 R-5C13 BOSS 1 0 1 1 0 0 35.16505113937051 -89.31869718734364 143.1 73.42840481130949 61.82147527108752 10.00439 169.99881 199.75616455078122 -24.79241274231022 -999.0 -999.0 -999.0 199.73915588907153 -24.82259388088394 199.76560170977052 -24.965797343493467 79.05147948663608 289.02713411517374 5400.0 5400.0 2015.5 1 392 {-999.0 -999.0 -999.0 -999.0 -999.0} "" -999.0 -999.0 -999.0 -999.0 27021603177279492 814933788 "" ops_sky_boss_good ops_sky sky_boss 0 0 0.0 0.0 -999 ""
FIBERMAP 286 R-5C13 METROLOGY 0 0 1 1 0 0 34.80927076695709 -89.97444739876262 143.1 74.16336407163935 61.69350856238014 10.00439 169.99881 -999.0 -999.0 -999.0 -999.0 -999.0 199.74163269433205 -24.822980521844194 199.7680696490462 -24.966176938297206 79.05367551222943 289.0301462423844 -999.0 6231.0 -999.0 -1 -999 {-999.0 -999.0 -999.0 -999.0 -999.0} "" -999.0 -999.0 -999.0 -999.0 -999 -999 "" "" "" "" 0 0 0.0 0.0 -999 ""
FIBERMAP 290 R+8C13 APOGEE 0 0 0 1 0 0 65.18013353349296 166.47608929096964 143.1 -178.56377898852787 8.659779391676233 87.41467 129.8484 -999.0 -999.0 -999.0 -999.0 -999.0 198.89628947241795 -24.982318995258034 198.92198357363327 -25.126210264310085 78.41267892946564 286.7270280474776 -999.0 16600.0 -999.0 2 -999 {-999.0 -999.0 -999.0 -999.0 -999.0} "" -999.0 -999.0 -999.0 -999.0 -999 -999 "" "" "" "" 0 0 0.0 0.0 -999 ""
FIBERMAP 290 R+8C13 BOSS 1 1 0 1 0 0 65.78418158983261 166.93460872640802 143.1 -179.19102845688462 9.085952165101187 87.41467 129.8484 198.89409319759963 -24.980997138849528 -999.0 -999.0 -999.0 198.89409319759963 -24.980997138849528 198.9198285192082 -25.124907130758928 78.4103790350402 286.7293381781538 5400.0 5400.0 2016.0 1 157 {-999.0 20.618572 19.155603 18.941452 -999.0} sdss_psfmag_ps1 20.013979 21.271486 18.158344 15.785 63050396450289388 1115943767 bright_1x1 openfibertargets_bhm_racsradio_boss open_fiber science 0 0 0.0 0.0 -999 ""
FIBERMAP 290 R+8C13 METROLOGY 0 0 0 1 0 0 65.86999043975229 166.1869601404462 143.1 -178.50985871327762 9.40579759016761 87.41467 129.8484 -999.0 -999.0 -999.0 -999.0 -999.0 198.89635640017113 -24.980041639163932 198.92208044488075 -25.12394510869929 78.41189924714271 286.7376248087898 -999.0 6231.0 -999.0 -1 -999 {-999.0 -999.0 -999.0 -999.0 -999.0} "" -999.0 -999.0 -999.0 -999.0 -999 -999 "" "" "" "" 0 0 0.0 0.0 -999 ""
FIBERMAP 294 R+11C8 APOGEE 1 1 0 1 0 0 -28.564491262365213 218.97310956932685 143.1 -198.40751790267544 -96.93015533212429 199.43471 74.58952 198.82860878902645 -25.301762500486934 -28.370106 6.1101065 1.7402312 198.82851734887748 -25.301744696089866 198.85446528748457 -25.445653732616123 78.47331107210137 285.13209247453227 16000.0 16600.0 2016.0 2 129 {-999.0 12.011122 11.126833 10.818774 -999.0} sdss_psfmag_from_g3xp 11.735026 11.173805 10.462474 9.01 63050396450283358 1106284350 bright_1x1 mwm_tess_rgb_apogee mwm_tessrgb science 0 0 0.0 0.0 -999 ""
FIBERMAP 294 R+11C8 BOSS 0 0 0 1 0 0 -28.63226636262814 219.69857859350128 143.1 -199.07342146381765 -97.22583418645557 199.43471 74.58952 -999.0 -999.0 -999.0 -999.0 -999.0 198.82620550126435 -25.302625444438277 198.85219773194535 -25.446551976091957 78.47171565717808 285.1242529711981 -999.0 5400.0 -999.0 1 116 {-999.0 -999.0 -999.0 -999.0 -999.0} "" -999.0 -999.0 -999.0 -999.0 -999 -999 "" "" "" "" 0 0 0.0 0.0 -999 ""
FIBERMAP 294 R+11C8 METROLOGY 0 0 0 1 0 0 -27.953829088824083 219.4033401235017 143.1 -199.01006815611484 -96.48868928488136 199.43471 74.58952 -999.0 -999.0 -999.0 -999.0 -999.0 198.82640408608043 -25.300416474115533 198.85238143665447 -25.44433871532001 78.47108498807287 285.13490047987534 -999.0 6231.0 -999.0 -1 -999 {-999.0 -999.0 -999.0 -999.0 -999.0} "" -999.0 -999.0 -999.0 -999.0 -999 -999 "" "" "" "" 0 0 0.0 0.0 -999 ""
FIBERMAP 300 R-4C2 APOGEE 0 0 0 1 0 0 -209.1591911122265 -75.99701227289357 143.1 138.7509308055723 -173.97434587418587 20.250734 101.69047 -999.0 -999.0 -999.0 -999.0 -999.0 199.9584664831193 -25.536756297144805 199.98586650964944 -25.679661782130633 79.51023732091001 285.89665557848474 -999.0 16600.0 -999.0 2 -999 {-999.0 -999.0 -999.0 -999.0 -999.0} "" -999.0 -999.0 -999.0 -999.0 -999 -999 "" "" "" "" 0 0 0.0 0.0 -999 ""
FIBERMAP 300 R-4C2 BOSS 1 1 0 1 0 0 -208.74745137789313 -76.63931645436679 143.1 139.22828312214853 -173.37922450530158 20.250734 101.69047 199.9602213209299 -25.534944596186083 -51.603443 -9.461054 1.5987476 199.96005467497534 -25.534972164857358 199.98749505201587 -25.677890612860228 79.51097043586681 285.90863199304016 5400.0 5400.0 2016.0 1 453 {-999.0 19.832638 18.4712 17.47306 -999.0} sdss_psfmag_ps1 19.192945 18.104027 17.062918 15.018 63050396450245081 1072947501 bright_1x1 mwm_halo_local_high_boss_single mwm_halo science 0 0 0.0 0.0 -999 ""
FIBERMAP 300 R-4C2 METROLOGY 0 0 0 1 0 0 -209.49580548544026 -76.66498606021011 143.1 139.49135974868838 -174.0802492677075 20.250734 101.69047 -999.0 -999.0 -999.0 -999.0 -999.0 199.96096900964827 -25.537112942572726 199.98840155427013 -25.68002638828365 79.5125004001325 285.89929617469153 -999.0 6231.0 -999.0 -1 -999 {-999.0 -999.0 -999.0 -999.0 -999.0} "" -999.0 -999.0 -999.0 -999.0 -999 -999 "" "" "" "" 0 0 0.0 0.0 -999 ""
FIBERMAP 303 R-1C21 APOGEE 0 0 0 1 0 0 160.3011747894609 -16.229877804416397 143.1 -35.760313246708414 157.09507896378244 105.970406 157.32965 -999.0 -999.0 -999.0 -999.0 -999.0 199.3746965875465 -24.533775993940253 199.40042416187714 -24.67731465234018 78.62998086785383 289.66876124696574 -999.0 16600.0 -999.0 2 -999 {-999.0 -999.0 -999.0 -999.0 -999.0} "" -999.0 -999.0 -999.0 -999.0 -999 -999 "" "" "" "" 0 0 0.0 0.0 -999 ""
FIBERMAP 303 R-1C21 BOSS 1 1 0 1 0 0 160.37629722920906 -15.47949201681108 143.1 -36.49541940737062 156.9268746545334 105.970406 157.32965 199.37219591451307 -24.534188228045185 -3.0672336 -3.7428257 0.26691186 199.37218608979776 -24.53419913434422 199.3979544160227 -24.677758115603677 78.62813461479007 289.6619110000426 5400.0 5400.0 2016.0 1 324 {-999.0 17.234766 16.899025 16.730083 -999.0} sdss_psfmag_ps1 17.161657 16.887003 16.440811 15.384 63050396450291617 976508451 "" ops_std_boss ops_std standard_boss 0 0 0.0 0.0 -999 ""
FIBERMAP 303 R-1C21 METROLOGY 0 0 0 1 0 0 160.98346830114045 -15.92332637200075 143.1 -36.268505710790144 157.64388764448452 105.970406 157.32965 -999.0 -999.0 -999.0 -999.0 -999.0 199.3729559872102 -24.532019070491945 199.39871079276418 -24.675572515152826 78.62783335017735 289.67342953771015 -999.0 6231.0 -999.0 -1 -999 {-999.0 -999.0 -999.0 -999.0 -999.0} "" -999.0 -999.0 -999.0 -999.0 -999 -999 "" "" "" "" 0 0 0.0 0.0 -999 ""
FIBERMAP 306 R+4C10 APOGEE 0 0 0 1 0 0 -28.68310134095108 86.33715560795133 143.1 -72.67075693293472 -54.727330076970745 65.79782 73.42295 -999.0 -999.0 -999.0 -999.0 -999.0 199.2494778752525 -25.17598839379062 199.27574226868865 -25.31955603038551 78.78194774110567 286.4302270240903 -999.0 16600.0 -999.0 2 -999 {-999.0 -999.0 -999.0 -999.0 -999.0} "" -999.0 -999.0 -999.0 -999.0 -999 -999 "" "" "" "" 0 0 0.0 0.0 -999 ""
FIBERMAP 306 R+4C10 BOSS 1 1 0 1 0 0 -28.12696099501456 85.85484268519639 143.1 -72.39109666803955 -54.04640291077963 65.79782 73.42295 199.25031615717043 -25.173927802304984 4.4340353 -4.2962737 0.18450733 199.25033043356294 -25.17394032130741 199.2766371306783 -25.31752332776654 78.78194040685527 286.4414725889262 5400.0 5400.0 2016.0 1 76 {-999.0 18.184727 17.673368 17.330103 -999.0} sdss_psfmag_ps1 18.039598 17.578114 16.99001 15.74 63050396450248565 944648428 bright_1x1 openfibertargets_nov2020_6c open_fiber science 0 0 0.0 0.0 -999 ""
FIBERMAP 306 R+4C10 METROLOGY 0 0 0 1 0 0 -28.81516435458515 85.6009100122253 143.1 -71.93088549774636 -54.617599461572446 65.79782 73.42295 -999.0 -999.0 -999.0 -999.0 -999.0 199.25187421493834 -25.175687676212174 199.27817210319733 -25.319264659822117 78.7838771635871 286.4358265465922 -999.0 6231.0 -999.0 -1 -999 {-999.0 -999.0 -999.0 -999.0 -999.0} "" -999.0 -999.0 -999.0 -999.0 -999 -999 "" "" "" "" 0 0 0.0 0.0 -999 ""
FIBERMAP 313 R-10C2 APOGEE 0 0 0 1 0 0 -143.21416260804227 -185.05015245433543 143.1 221.06181631476065 -76.68678982333634 57.90626 91.29163 -999.0 -999.0 -999.0 -999.0 -999.0 200.23296969227673 -25.241226451613286 200.260338719193 -25.38392332058685 79.62913040418103 287.92379377358805 -999.0 16600.0 -999.0 2 -999 {-999.0 -999.0 -999.0 -999.0 -999.0} "" -999.0 -999.0 -999.0 -999.0 -999 -999 "" "" "" "" 0 0 0.0 0.0 -999 ""
FIBERMAP 313 R-10C2 BOSS 1 1 0 1 0 0 -142.5532689554317 -185.5146928637961 143.1 221.29121384171054 -75.91225810143415 57.90626 91.29163 200.23415641186844 -25.238967695449027 -134.51993 31.861712 4.1402397 200.23372306303017 -25.23887485229983 200.26112908110107 -25.381586319516327 79.62887715789252 287.9372950584809 5400.0 5400.0 2016.0 1 515 {-999.0 16.05358 14.792725 14.264305 -999.0} sdss_psfmag_from_g3xp 15.570433 14.76829 13.891705 12.08 63050396450245870 1072509852 bright_1x1 mwm_halo_local_high_boss_single mwm_halo science 0 0 0.0 0.0 -999 ""
FIBERMAP 313 R-10C2 METROLOGY 0 0 0 1 0 0 -143.23410435287923 -185.79788271559877 143.1 221.77680137993755 -76.46713804178808 57.90626 91.29163 -999.0 -999.0 -999.0 -999.0 -999.0 200.23539218894697 -25.240559736156936 200.26279169646807 -25.383265472848116 79.63091496138097 287.9319576132834 -999.0 6231.0 -999.0 -1 -999 {-999.0 -999.0 -999.0 -999.0 -999.0} "" -999.0 -999.0 -999.0 -999.0 -999 -999 "" "" "" "" 0 0 0.0 0.0 -999 ""
FIBERMAP 316 R-2C11 APOGEE 0 0 0 1 0 0 -38.984674041792935 -55.63737383340941 143.1 65.16485983707621 -19.195572472937844 320.69482 78.957146 -999.0 -999.0 -999.0 -999.0 -999.0 199.7117541579589 -25.068587186820103 199.73839080138725 -25.211767493579746 79.1274742908 287.78431059168344 -999.0 16600.0 -999.0 2 299 {-999.0 -999.0 -999.0 -999.0 -999.0} "" -999.0 -999.0 -999.0 -999.0 -999 -999 "" ops_sky_apogee_best_unassigned ops_sky sky_apogee 0 0 0.0 0.0 -999 ""
FIBERMAP 316 R-2C11 BOSS 1 1 0 1 0 0 -39.55281331366416 -56.1322523053664 143.1 65.8151106335569 -19.576114809647574 320.69482 78.957146 199.71399032306348 -25.06974816936657 -16.83694 3.9143536 0.5288896 199.7139361588853 -25.069736763238716 199.74061798232952 -25.212931079435375 79.12978391498281 287.7828101526412 5400.0 5400.0 2016.0 1 495 {-999.0 15.885349 15.38396 15.125366 -999.0} sdss_psfmag_ps1 15.680233 15.300423 14.745357 13.744 63050396450249152 1073376782 bright_1x1 mwm_halo_local_high_boss_single mwm_halo science 0 0 0.0 0.0 -999 ""
FIBERMAP 316 R-2C11 METROLOGY 0 0 0 1 0 0 -39.69208616122836 -55.38725348282258 143.1 65.15350884102732 -19.9457826338165 320.69482 78.957146 -999.0 -999.0 -999.0 -999.0 -999.0 199.71173762204188 -25.070867120317683 199.7384067001774 -25.21405869908664 79.1283832987016 287.7731598333492 -999.0 6231.0 -999.0 -1 -999 {-999.0 -999.0 -999.0 -999.0 -999.0} "" -999.0 -999.0 -999.0 -999.0 -999 -999 "" "" "" "" 0 0 0.0 0.0 -999 ""
FIBERMAP 318 R-5C18 APOGEE 0 0 0 1 0 0 155.86779823313688 -79.48537742251587 143.1 25.601234121241323 173.07415871640643 113.88898 49.611897 -999.0 -999.0 -999.0 -999.0 -999.0 199.57921837872806 -24.485667884006382 199.60510413800137 -24.629035326650367 78.77758090959473 290.29713922173937 -999.0 16600.0 -999.0 2 216 {-999.0 -999.0 -999.0 -999.0 -999.0} "" -999.0 -999.0 -999.0 -999.0 -999 -999 "" ops_sky_apogee_best_unassigned ops_sky sky_apogee 0 0 0.0 0.0 -999 ""
FIBERMAP 318 R-5C18 BOSS 1 1 0 1 0 0 156.58782311058192 -79.67201431405054 143.1 25.54839804135073 173.81606866010273 113.88898 49.611897 199.5790100097656 -24.483344843486435 -999.0 -999.0 -999.0 199.5790100097656 -24.483344843486442 199.60493529554986 -24.626731107811406 78.77644878252849 290.30748086470754 5400.0 5400.0 2015.5 1 308 {-999.0 -999.0 -999.0 -999.0 -999.0} "" -999.0 -999.0 -999.0 -999.0 27021603177295955 814936539 "" ops_sky_boss_good ops_sky sky_boss 0 0 0.0 0.0 -999 ""
FIBERMAP 318 R-5C18 METROLOGY 0 0 0 1 0 0 156.0871370613661 -80.21616773842509 143.1 26.22382684927835 173.51517198499837 113.88898 49.611897 -999.0 -999.0 -999.0 -999.0 -999.0 199.581275599472 -24.484239400313506 199.6071922168146 -24.627618378628505 78.77868239928434 290.3079146124321 -999.0 6231.0 -999.0 -1 -999 {-999.0 -999.0 -999.0 -999.0 -999.0} "" -999.0 -999.0 -999.0 -999.0 -999 -999 "" "" "" "" 0 0 0.0 0.0 -999 ""
FIBERMAP 342 R+6C13 APOGEE 0 0 0 1 0 0 62.62801777939178 106.8726200384639 143.1 -121.26344010430954 25.256609744801942 23.926022 53.02242 -999.0 -999.0 -999.0 -999.0 -999.0 199.08772557966603 -24.93274374917856 199.1135688317553 -25.076479163322805 78.55380673464684 287.29049720135316 -999.0 16600.0 -999.0 2 -999 {-999.0 -999.0 -999.0 -999.0 -999.0} "" -999.0 -999.0 -999.0 -999.0 -999 -999 "" "" "" "" 0 0 0.0 0.0 -999 ""
FIBERMAP 342 R+6C13 BOSS 1 1 0 1 0 0 62.47333666502493 106.1337172208389 143.1 -120.5138345053251 25.345752956841853 23.926022 53.02242 199.09011840820312 -24.932451295378982 -999.0 -999.0 -999.0 199.0901184082031 -24.932451295378982 199.11600796994122 -25.076201539311967 78.55573576404498 287.29610200431466 5400.0 5400.0 2015.5 1 155 {-999.0 -999.0 -999.0 -999.0 -999.0} "" -999.0 -999.0 -999.0 -999.0 27021603177289977 814935476 "" ops_sky_boss_good ops_sky sky_boss 0 0 0.0 0.0 -999 ""
FIBERMAP 342 R+6C13 METROLOGY 0 0 0 1 0 0 61.91672599112478 106.64118493148999 143.1 -120.81718387978746 24.656354856742976 23.926022 53.02242 -999.0 -999.0 -999.0 -999.0 -999.0 199.08909444098379 -24.934542235952122 199.11497263591923 -25.078288320229323 78.55567988695307 287.28457495858373 -999.0 6231.0 -999.0 -1 -999 {-999.0 -999.0 -999.0 -999.0 -999.0} "" -999.0 -999.0 -999.0 -999.0 -999 -999 "" "" "" "" 0 0 0.0 0.0 -999 ""
FIBERMAP 351 R0C11 APOGEE 0 0 0 1 0 0 -72.38893215452256 -8.885985653033655 143.1 31.51568732291439 -65.76797482697184 215.07938 139.76346 -999.0 -999.0 -999.0 -999.0 -999.0 199.59893692181865 -25.21000065999193 199.62560524634284 -25.35326219931714 79.08770530622097 286.8856061421375 -999.0 16600.0 -999.0 2 251 {-999.0 -999.0 -999.0 -999.0 -999.0} "" -999.0 -999.0 -999.0 -999.0 -999 -999 "" "" "" "" 0 0 0.0 0.0 -999 ""
FIBERMAP 351 R0C11 BOSS 1 1 0 1 0 0 -73.1425785413745 -8.822271458806096 143.1 31.695743449958112 -66.50253144773218 215.07938 139.76346 199.59953854264774 -25.212253086014634 -6.074321 -0.39879298 0.023449803 199.59951897882706 -25.212254248064674 199.6262325926603 -25.35553060606685 79.08908670594381 286.8756401951058 5400.0 5400.0 2016.0 1 519 {-999.0 15.564468 14.730639 14.364448 -999.0} sdss_psfmag_from_g3xp 15.310566 14.732255 14.002559 12.406 63050396450247606 1061626039 bright_1x1 manual_mwm_halo_distant_kgiant_near_boss_single mwm_halo science 0 0 0.0 0.0 -999 ""
FIBERMAP 351 R0C11 METROLOGY 0 0 0 1 0 0 -72.70931773126502 -8.216826163747193 143.1 30.983739285153927 -66.28508770643843 215.07938 139.76346 -999.0 -999.0 -999.0 -999.0 -999.0 199.59714476452822 -25.211604526207793 199.6238432653422 -25.354878614608285 79.08684110072143 286.87452443797093 -999.0 6231.0 -999.0 -1 -999 {-999.0 -999.0 -999.0 -999.0 -999.0} "" -999.0 -999.0 -999.0 -999.0 -999 -999 "" "" "" "" 0 0 0.0 0.0 -999 ""
FIBERMAP 357 R-9C9 APOGEE 1 1 0 1 0 0 -29.011840630001146 -172.49547937182638 143.1 172.72947205624118 27.537248007163743 208.33115 76.763145 200.0709363716807 -24.926162384954818 -15.883834 -8.568235 0.26595396 200.07088533328968 -24.926187352109046 200.09774306029672 -25.069067826636733 79.36832407328316 289.18406472307527 16000.0 16600.0 2016.0 2 166 {-999.0 13.261681 12.523313 12.198039 -999.0} sdss_psfmag_from_g3xp 13.0554285 12.529427 11.843866 10.379 63050396450267380 1107729430 bright_1x1 mwm_tess_rgb_apogee mwm_tessrgb science 0 0 0.0 0.0 -999 ""
FIBERMAP 357 R-9C9 BOSS 0 0 0 1 0 0 -29.216416550085878 -171.7913124590727 143.1 172.1274004393578 27.11871926863467 208.33115 76.763145 -999.0 -999.0 -999.0 -999.0 -999.0 200.0689140969853 -24.92743420921141 200.09581180431246 -25.07033283297464 79.36724821210431 289.1739204615247 -999.0 5400.0 -999.0 1 399 {-999.0 -999.0 -999.0 -999.0 -999.0} "" -999.0 -999.0 -999.0 -999.0 -999 -999 "" "" "" "" 0 0 0.0 0.0 -999 ""
FIBERMAP 357 R-9C9 METROLOGY 0 0 0 1 0 0 -28.49516027443734 -171.95991822506886 143.1 172.05708342879936 27.85604368468872 208.33115 76.763145 -999.0 -999.0 -999.0 -999.0 -999.0 200.0687057035498 -24.92520070282738 200.09558929986713 -25.068095109142455 79.36614577574059 289.1845300998209 -999.0 6231.0 -999.0 -1 -999 {-999.0 -999.0 -999.0 -999.0 -999.0} "" -999.0 -999.0 -999.0 -999.0 -999 -999 "" "" "" "" 0 0 0.0 0.0 -999 ""
FIBERMAP 374 R+10C5 APOGEE 0 0 0 1 0 0 -90.63836105690189 178.00199438169545 143.1 -139.77563936497143 -142.6863473831605 287.80063 93.71269 -999.0 -999.0 -999.0 -999.0 -999.0 199.023974921824 -25.44143974879145 199.05027537646004 -25.585167028926588 78.68779344974043 284.7862357340761 -999.0 16600.0 -999.0 2 -999 {-999.0 -999.0 -999.0 -999.0 -999.0} "" -999.0 -999.0 -999.0 -999.0 -999 -999 "" "" "" "" 0 0 0.0 0.0 -999 ""
FIBERMAP 374 R+10C5 BOSS 1 1 0 1 0 0 -91.35052806441252 177.71933880826427 143.1 -139.28056234751475 -143.2710907018509 287.80063 93.71269 199.02554813579297 -25.443223906021586 -2.5137818 -6.3310847 0.072346486 199.02554002408718 -25.443242354303482 199.05188851055138 -25.586983009536354 78.68978956473435 284.780138102602 5400.0 5400.0 2016.0 1 152 {-999.0 14.763359 14.142013 13.855411 -999.0} sdss_psfmag_from_g3xp 14.599791 14.139824 13.502105 12.188 63050396450242700 1061888926 bright_1x1 manual_mwm_halo_mp_wise_boss_single mwm_halo science 0 0 0.0 0.0 -999 ""
FIBERMAP 374 R+10C5 METROLOGY 0 0 0 1 0 0 -91.2289961779894 178.46095883623855 143.1 -140.02216734916817 -143.39251627342065 287.80063 93.71269 -999.0 -999.0 -999.0 -999.0 -999.0 199.02304814887788 -25.443617589420768 199.04938182122407 -25.58735608513295 78.6877997702962 284.77434365103807 -999.0 6231.0 -999.0 -1 -999 {-999.0 -999.0 -999.0 -999.0 -999.0} "" -999.0 -999.0 -999.0 -999.0 -999 -999 "" "" "" "" 0 0 0.0 0.0 -999 ""
FIBERMAP 391 R+1C10 APOGEE 0 0 0 1 0 0 -96.46478597302686 31.290124717925238 143.1 1.121829214277029 -101.40213071664996 213.7726 30.857702 -999.0 -999.0 -999.0 -999.0 -999.0 199.49683653232975 -25.31804275025918 199.52351130008276 -25.461379797913548 79.04236932289417 286.1756211604812 -999.0 16600.0 -999.0 2 -999 {-999.0 -999.0 -999.0 -999.0 -999.0} "" -999.0 -999.0 -999.0 -999.0 -999 -999 "" "" "" "" 0 0 0.0 0.0 -999 ""
FIBERMAP 391 R+1C10 BOSS 1 1 0 1 0 0 -96.15090045617569 31.974442877216305 143.1 0.3731619839327302 -101.3229818228838 213.7726 30.857702 199.4942785725168 -25.317821711195048 0.6281654 -7.03375 0.2297608 199.49428059743602 -25.31784220698856 199.5209950993366 -25.461196718584528 79.04018890121847 286.1721312599911 5400.0 5400.0 2016.0 1 30 {-999.0 17.357046 16.91296 16.729769 16.644451} sdss_psfmag_from_gaia 17.2771 16.9273 16.3976 15.443 63050396450247468 973154269 "" ops_std_boss_gdr2 ops_std standard_boss 0 0 0.0 0.0 -999 ""
FIBERMAP 391 R+1C10 METROLOGY 0 0 0 1 0 0 -95.72072181759228 31.366719426577433 143.1 0.8118595700980208 -100.7214183190466 213.7726 30.857702 -999.0 -999.0 -999.0 -999.0 -999.0 199.4957678474941 -25.316033176903744 199.52247001838225 -25.459382323822247 79.04076155324107 286.1835797453491 -999.0 6231.0 -999.0 -1 -999 {-999.0 -999.0 -999.0 -999.0 -999.0} "" -999.0 -999.0 -999.0 -999.0 -999 -999 "" "" "" "" 0 0 0.0 0.0 -999 ""
FIBERMAP 398 R-5C4 APOGEE 0 0 0 1 0 0 -185.19519085502358 -110.79328210421163 143.1 164.08200602158686 -140.16253954021843 292.00232 23.661457 -999.0 -999.0 -999.0 -999.0 -999.0 200.04321158551272 -25.434232337683646 200.07059053399325 -25.57707513360305 79.54398507098414 286.57537846706 -999.0 16600.0 -999.0 2 -999 {-999.0 -999.0 -999.0 -999.0 -999.0} "" -999.0 -999.0 -999.0 -999.0 -999 -999 "" "" "" "" 0 0 0.0 0.0 -999 ""
FIBERMAP 398 R-5C4 BOSS 1 1 0 1 0 0 -185.7173083225604 -110.26301072393578 143.1 163.74604117183083 -140.82652359431793 292.00232 23.661457 200.04214416721817 -25.43625722784686 -17.140858 -1.1676406 1.3303103 200.04208885870392 -25.436260630249127 200.06950915055498 -25.57911869417879 79.54383378906596 286.5629291598623 5400.0 5400.0 2016.0 1 492 {-999.0 16.429325 15.562606 15.203083 -999.0} sdss_psfmag_ps1 16.162615 15.565399 14.817923 13.271 63050396450245352 1075879214 bright_1x1 mwm_erosita_stars_boss mwm_erosita science 0 0 0.0 0.0 -999 ""
FIBERMAP 398 R-5C4 METROLOGY 0 0 0 1 0 0 -185.00847644254355 -110.06896453230803 143.1 163.33600316522367 -140.21667166433454 292.00232 23.661457 -999.0 -999.0 -999.0 -999.0 -999.0 200.04075534556435 -25.43444992323982 200.06816114525247 -25.57730535990091 79.5420339363678 286.5697381725934 -999.0 6231.0 -999.0 -1 -999 {-999.0 -999.0 -999.0 -999.0 -999.0} "" -999.0 -999.0 -999.0 -999.0 -999 -999 "" "" "" "" 0 0 0.0 0.0 -999 ""
FIBERMAP 400 R-2C24 APOGEE 0 0 0 1 0 0 231.43299184960526 -35.24743174458446 143.1 -40.43079145354567 230.57383436824085 184.60133 98.6927 -999.0 -999.0 -999.0 -999.0 -999.0 199.35982621200432 -24.312132671310025 199.38530977858636 -24.455711269559586 78.52218485209846 290.6487862403321 -999.0 16600.0 -999.0 2 -999 {-999.0 -999.0 -999.0 -999.0 -999.0} "" -999.0 -999.0 -999.0 -999.0 -999 -999 "" "" "" "" 0 0 0.0 0.0 -999 ""
FIBERMAP 400 R-2C24 BOSS 1 1 0 1 0 0 231.30477780417488 -34.43480022746464 143.1 -41.16001678406924 230.1930699023288 184.60133 98.6927 199.35805212770921 -24.31331010925987 -218.2467 29.366768 11.010117 199.357354280754 -24.31322453521732 199.38287633664964 -24.456823322103666 78.52068057661066 290.6388876556951 5400.0 5400.0 2016.0 1 335 {-999.0 18.611872 16.818277 16.308458 -999.0} sdss_psfmag_ps1 -999.0 15.821724 -999.0 11.749 63050396450310395 1151075542 bright_1x1 mwm_snc_100pc_boss_single mwm_snc science 0 0 0.0 0.0 -999 ""
FIBERMAP 400 R-2C24 METROLOGY 0 0 0 1 0 0 231.9770177169508 -34.73407604679293 143.1 -41.090860123670424 230.9256296201746 184.60133 98.6927 -999.0 -999.0 -999.0 -999.0 -999.0 199.35759346604442 -24.310989362104362 199.38310442536533 -24.45458369497356 78.5198862747455 290.6494609319577 -999.0 6231.0 -999.0 -1 -999 {-999.0 -999.0 -999.0 -999.0 -999.0} "" -999.0 -999.0 -999.0 -999.0 -999 -999 "" "" "" "" 0 0 0.0 0.0 -999 ""
FIBERMAP 401 R+11C3 APOGEE 0 0 0 1 0 0 -104.10637070238576 203.66915168920343 143.1 -159.80363278849995 -163.6386299509838 38.75764 32.15573 -999.0 -999.0 -999.0 -999.0 -999.0 198.95682562678095 -25.504272844177677 198.9831190820314 -25.648049240014473 78.65265859871768 284.37944254248606 -999.0 16600.0 -999.0 2 5 {-999.0 -999.0 -999.0 -999.0 -999.0} "" -999.0 -999.0 -999.0 -999.0 -999 -999 "" ops_sky_apogee_best_unassigned ops_sky sky_apogee 0 0 0.0 0.0 -999 ""
FIBERMAP 401 R+11C3 BOSS 1 1 0 1 0 0 -104.37565248082849 202.99214878508778 143.1 -159.07612827556116 -163.67784174708552 38.75764 32.15573 198.95918356153578 -25.50436821486143 0.056229904 -18.3108 0.33896488 198.95918374307598 -25.504421571091655 198.98552456859963 -25.648210650923254 78.65475152102198 284.38244219295115 5400.0 5400.0 2016.0 1 5 {-999.0 16.703392 16.315544 16.062082 -999.0} sdss_psfmag_ps1 16.621414 16.302158 15.82642 14.981 63050396450242616 976174090 "" ops_std_boss ops_std standard_boss 0 0 0.0 0.0 -999 ""
FIBERMAP 401 R+11C3 METROLOGY 0 0 0 1 0 0 -104.8346650847303 203.55110369609432 143.1 -159.4594089970485 -164.29117239402157 38.75764 32.15573 -999.0 -999.0 -999.0 -999.0 -999.0 198.95788353923774 -25.506292500752718 198.98421235949274 -25.650078300057324 78.65427865633659 284.3714643423606 -999.0 6231.0 -999.0 -1 -999 {-999.0 -999.0 -999.0 -999.0 -999.0} "" -999.0 -999.0 -999.0 -999.0 -999 -999 "" "" "" "" 0 0 0.0 0.0 -999 ""
FIBERMAP 403 R-11C5 APOGEE 1 1 0 1 0 0 -66.74030889964818 -228.49486215532573 143.1 237.8366363433724 9.647672866889511 350.81204 65.81622 200.28762998412518 -24.979661532195134 -10.494254 1.648919 1.1175827 200.2875962490409 -24.979656727371314 200.31473631678645 -25.12233652324764 79.56935385883293 289.3605560166048 16000.0 16600.0 2016.0 2 188 {-999.0 13.280555 12.561318 12.300616 -999.0} sdss_psfmag_from_g3xp 13.08295 12.598214 11.952327 10.681 63050396450267239 1113966737 bright_1x1 openfibertargets_mwm_subgiant_nataf24_apogee open_fiber science 0 0 0.0 0.0 -999 ""
FIBERMAP 403 R-11C5 BOSS 0 0 0 1 0 0 -67.13752872160413 -229.14757048737158 143.1 238.5819333659886 9.479463586366094 350.81204 65.81622 -999.0 -999.0 -999.0 -999.0 -999.0 200.2900628132347 -24.980137761674317 200.31724607136778 -25.122831622990397 79.57162834932801 289.3632341408013 -999.0 5400.0 -999.0 1 385 {-999.0 -999.0 -999.0 -999.0 -999.0} "" -999.0 -999.0 -999.0 -999.0 -999 -999 "" "" "" "" 0 0 0.0 0.0 -999 ""
FIBERMAP 403 R-11C5 METROLOGY 0 0 0 1 0 0 -67.48185852967093 -228.46513858819313 143.1 238.045046080044 8.935424454824021 350.81204 65.81622 -999.0 -999.0 -999.0 -999.0 -999.0 200.28834697674574 -24.981794832766347 200.3155190103364 -25.124485423295376 79.5708845209183 289.35135093880234 -999.0 6231.0 -999.0 -1 -999 {-999.0 -999.0 -999.0 -999.0 -999.0} "" -999.0 -999.0 -999.0 -999.0 -999 -999 "" "" "" "" 0 0 0.0 0.0 -999 ""
FIBERMAP 405 R+10C6 APOGEE 0 0 0 1 0 0 -55.08648848425793 187.16594826422488 143.1 -159.80252319378178 -111.91748685032032 337.45773 111.25652 -999.0 -999.0 -999.0 -999.0 -999.0 198.9572356980565 -25.34797171882856 198.98336852608895 -25.491766887962388 78.59847665437667 285.12273017498444 -999.0 16600.0 -999.0 2 -999 {-999.0 -999.0 -999.0 -999.0 -999.0} "" -999.0 -999.0 -999.0 -999.0 -999 -999 "" "" "" "" 0 0 0.0 0.0 -999 ""
FIBERMAP 405 R+10C6 BOSS 1 1 0 1 0 0 -55.11373574891861 186.42960163784412 143.1 -159.09599568341403 -111.70839025432304 337.45773 111.25652 198.9594916303168 -25.347336418415363 3.1107326 -12.2444935 0.23109414 198.95950166034854 -25.347372097904373 198.9856809506112 -25.4911807194636 78.60022131004943 285.12924209757915 5400.0 5400.0 2016.0 1 124 {-999.0 14.699966 14.733785 14.801066 -999.0} sdss_psfmag_from_g3xp 14.780639 14.670584 14.471545 14.088 63050396450242938 1165600729 bright_1x1 openfibertargets_mwm_halo_bhb_boss open_fiber science 0 0 0.0 0.0 -999 ""
FIBERMAP 405 R+10C6 METROLOGY 0 0 0 1 0 0 -55.74589127315834 186.8128389627523 143.1 -159.25751079143217 -112.42974853134723 337.45773 111.25652 -999.0 -999.0 -999.0 -999.0 -999.0 198.95894421323968 -25.34957045023976 198.98511261284557 -25.493374947100804 78.60051819318731 285.11794050364585 -999.0 6231.0 -999.0 -1 -999 {-999.0 -999.0 -999.0 -999.0 -999.0} "" -999.0 -999.0 -999.0 -999.0 -999 -999 "" "" "" "" 0 0 0.0 0.0 -999 ""
FIBERMAP 406 R-1C24 APOGEE 1 1 0 1 0 0 218.14444020463065 -29.35712547167939 143.1 -41.77354196897839 216.1010898780393 258.7167 58.05098 199.35523898912356 -24.355662488021316 -5.663868 -9.402306 0.16854386 199.35522087275356 -24.35568988559802 199.38074456720295 -24.499267103404005 78.53745696566786 290.4426003577502 16000.0 16600.0 2016.0 2 204 {-999.0 12.9162245 11.993624 11.58109 -999.0} sdss_psfmag_from_g3xp 12.617372 11.986651 11.218273 9.632 63050396450291971 1071686780 bright_1x1 mwm_halo_vmp_xp_apogee_single mwm_halo science 0 0 0.0 0.0 -999 ""
FIBERMAP 406 R-1C24 BOSS 0 0 0 1 0 0 217.58472532494739 -28.87002131343243 143.1 -42.05660248765985 215.41524656917025 258.7167 58.05098 -999.0 -999.0 -999.0 -999.0 -999.0 199.35422107585686 -24.35769230297328 199.37978897799076 -24.50128905391536 78.5375530113777 290.4315352610834 -999.0 5400.0 -999.0 1 287 {-999.0 -999.0 -999.0 -999.0 -999.0} "" -999.0 -999.0 -999.0 -999.0 -999 -999 "" "" "" "" 0 0 0.0 0.0 -999 ""
FIBERMAP 406 R-1C24 METROLOGY 0 0 0 1 0 0 218.2954924277262 -28.627611810689093 143.1 -42.51309174080063 216.0115030202652 258.7167 58.05098 -999.0 -999.0 -999.0 -999.0 -999.0 199.3527151042076 -24.355867983450498 199.37826741038236 -24.499460901955068 78.53551133213537 290.43679011823906 -999.0 6231.0 -999.0 -1 -999 {-999.0 -999.0 -999.0 -999.0 -999.0} "" -999.0 -999.0 -999.0 -999.0 -999 -999 "" "" "" "" 0 0 0.0 0.0 -999 ""
FIBERMAP 407 R-6C15 APOGEE 0 0 0 1 0 0 103.73791059197472 -129.33342881733947 143.1 89.47331613975452 139.57390019663234 0.24348873 67.48052 -999.0 -999.0 -999.0 -999.0 -999.0 199.79216570499216 -24.587055014940454 199.81837486386007 -24.730223772438396 78.99605235869664 290.2556912782109 -999.0 16600.0 -999.0 2 200 {-999.0 -999.0 -999.0 -999.0 -999.0} "" -999.0 -999.0 -999.0 -999.0 -999 -999 "" ops_sky_apogee_best_unassigned ops_sky sky_apogee 0 0 0.0 0.0 -999 ""
FIBERMAP 407 R-6C15 BOSS 1 1 0 1 0 0 103.45445757216585 -130.01495970750736 143.1 90.20963291127033 139.52270291006585 0.24348873 67.48052 199.79461669921875 -24.587137216645417 -999.0 -999.0 -999.0 199.79461669921875 -24.587137216645417 199.8208698368908 -24.730321703636374 78.99814129841883 290.26032356092105 5400.0 5400.0 2015.5 1 282 {-999.0 -999.0 -999.0 -999.0 -999.0} "" -999.0 -999.0 -999.0 -999.0 27021603177285008 824215825 "" ops_sky_boss_good ops_sky sky_boss 0 0 0.0 0.0 -999 ""
FIBERMAP 407 R-6C15 METROLOGY 0 0 0 1 0 0 102.99612588711908 -129.43233011106702 143.1 89.80369848578641 138.9024645656973 0.24348873 67.48052 -999.0 -999.0 -999.0 -999.0 -999.0 199.79329346399751 -24.589001852195416 199.81953554800873 -24.73218219823296 78.99784491874954 290.24879283832735 -999.0 6231.0 -999.0 -1 -999 {-999.0 -999.0 -999.0 -999.0 -999.0} "" -999.0 -999.0 -999.0 -999.0 -999 -999 "" "" "" "" 0 0 0.0 0.0 -999 ""
FIBERMAP 408 R+13C11 APOGEE 1 1 0 1 0 0 74.05013049110377 234.19167928935659 143.1 -245.5675760224509 -4.537636526420892 295.6266 71.06803 198.67325163675304 -25.020889656732145 13.756772 -55.130592 10.023139 198.67329587450752 -25.021050302928316 198.6987927007098 -25.165122711986335 78.24013351292022 286.17307827613325 16000.0 16600.0 2016.0 2 96 {-999.0 11.646061 10.889593 10.646873 -999.0} sdss_psfmag_from_g3xp 11.431131 10.948065 10.305918 9.117 63050396450284584 984747197 bright_1x1 mwm_snc_100pc_apogee mwm_snc science 0 0 0.0 0.0 -999 ""
FIBERMAP 408 R+13C11 BOSS 0 0 0 1 0 0 73.3177739310375 234.14278259723085 143.1 -245.28759086038227 -5.2160902294678415 295.6266 71.06803 -999.0 -999.0 -999.0 -999.0 -999.0 198.67413537068938 -25.0230921354967 198.6996838091511 -25.167181026877333 78.24164888820903 286.16518044374897 -999.0 5400.0 -999.0 1 170 {-999.0 -999.0 -999.0 -999.0 -999.0} "" -999.0 -999.0 -999.0 -999.0 -999 -999 "" "" "" "" 0 0 0.0 0.0 -999 ""
FIBERMAP 408 R+13C11 METROLOGY 0 0 0 1 0 0 73.6349545107898 234.8105035545962 143.1 -246.0215801775682 -5.128523555574469 295.6266 71.06803 -999.0 -999.0 -999.0 -999.0 -999.0 198.671670682167 -25.022816656196063 198.69720329176812 -25.16690292109184 78.23946185220527 286.16234282201236 -999.0 6231.0 -999.0 -1 -999 {-999.0 -999.0 -999.0 -999.0 -999.0} "" -999.0 -999.0 -999.0 -999.0 -999 -999 "" "" "" "" 0 0 0.0 0.0 -999 ""
FIBERMAP 418 R-5C2 APOGEE 0 0 0 1 0 0 -213.00474844505348 -105.59075135500922 143.1 168.023737982338 -168.1773993979717 220.92374 155.65341 -999.0 -999.0 -999.0 -999.0 -999.0 200.05640443809392 -25.518740101984317 200.08388939668987 -25.661560780333616 79.58608673701127 286.16557460429397 -999.0 16600.0 -999.0 2 -999 {-999.0 -999.0 -999.0 -999.0 -999.0} "" -999.0 -999.0 -999.0 -999.0 -999 -999 "" "" "" "" 0 0 0.0 0.0 -999 ""
FIBERMAP 418 R-5C2 BOSS 1 1 0 1 0 0 -213.7018953393187 -105.79549626110273 143.1 168.44018725189227 -168.7727642404011 220.92374 155.65341 200.05784610483101 -25.520421730790947 -20.678652 -38.750538 0.65851146 200.05777933411198 -25.520534646790285 200.08530820023958 -25.66336812798341 79.58793431918377 286.15882426235896 5400.0 5400.0 2016.0 1 454 {-999.0 16.553814 15.812762 15.810484 -999.0} sdss_psfmag_ps1 16.356323 15.997117 15.457326 14.425 63050396450245049 1073376768 bright_1x1 mwm_halo_local_high_boss_single mwm_halo science 0 0 0.0 0.0 -999 ""
FIBERMAP 418 R-5C2 METROLOGY 0 0 0 1 0 0 -213.55348104290894 -105.08242984961436 143.1 167.71706610233352 -168.85960384429106 220.92374 155.65341 -999.0 -999.0 -999.0 -999.0 -999.0 200.05540390851166 -25.520842590287224 200.08291929289635 -25.663674147107514 79.58603871527505 286.1529244838093 -999.0 6231.0 -999.0 -1 -999 {-999.0 -999.0 -999.0 -999.0 -999.0} "" -999.0 -999.0 -999.0 -999.0 -999 -999 "" "" "" "" 0 0 0.0 0.0 -999 ""
FIBERMAP 420 R+1C6 APOGEE 0 0 0 1 0 0 -155.35094688488934 13.978555377391313 143.1 36.314603051799914 -151.68550853667273 342.40027 110.69436 -999.0 -999.0 -999.0 -999.0 -999.0 199.6148895910076 -25.47032671251863 199.64185145699162 -25.613542442345366 79.1970180541886 285.62916386085476 -999.0 16600.0 -999.0 2 -999 {-999.0 -999.0 -999.0 -999.0 -999.0} "" -999.0 -999.0 -999.0 -999.0 -999 -999 "" "" "" "" 0 0 0.0 0.0 -999 ""
FIBERMAP 420 R+1C6 BOSS 1 1 0 1 0 0 -155.2953052964523 13.223872878184482 143.1 37.01206317445951 -151.3920085362601 342.40027 110.69436 199.61723557765217 -25.46946212673279 -8.574239 -8.799419 0.19625162 199.61720790346382 -25.469487767545086 199.6442135977954 -25.612716193652926 79.19871195240538 285.6373444250894 5400.0 5400.0 2016.0 1 20 {-999.0 14.465572 13.783593 13.492936 -999.0} sdss_psfmag_from_g3xp 14.285332 13.795003 13.141528 11.765 63050396450244768 1061888927 bright_1x1 manual_mwm_halo_mp_wise_boss_single mwm_halo science 0 0 0.0 0.0 -999 ""
FIBERMAP 420 R+1C6 METROLOGY 0 0 0 1 0 0 -155.96449624136358 13.550705632777458 143.1 36.91581812144443 -152.1304703199707 342.40027 110.69436 -999.0 -999.0 -999.0 -999.0 -999.0 199.6168993879549 -25.471742632171395 199.6438952740492 -25.61496691396104 79.19924841507314 285.6255800667644 -999.0 6231.0 -999.0 -1 -999 {-999.0 -999.0 -999.0 -999.0 -999.0} "" -999.0 -999.0 -999.0 -999.0 -999 -999 "" "" "" "" 0 0 0.0 0.0 -999 ""
FIBERMAP 426 R+3C15 APOGEE 0 0 0 1 0 0 60.58293141255209 43.94326606463689 143.1 -60.97292366197316 43.39501780496578 300.64474 103.112495 -999.0 -999.0 -999.0 -999.0 -999.0 199.28948894035145 -24.878219327453696 199.31548577348428 -25.021789101521087 78.70069357946585 287.90905736243593 -999.0 16600.0 -999.0 2 -999 {-999.0 -999.0 -999.0 -999.0 -999.0} "" -999.0 -999.0 -999.0 -999.0 -999 -999 "" "" "" "" 0 0 0.0 0.0 -999 ""
FIBERMAP 426 R+3C15 BOSS 1 1 0 1 0 0 60.05277368370415 43.41636307829695 143.1 -60.304440636493645 43.060687400419376 300.64474 103.112495 199.29177456853787 -24.87911223079548 -42.277008 -28.52886 1.4385257 199.29163877455605 -24.87919536158477 199.3176817947685 -25.02278001744082 78.70291325994792 287.9084337748729 5400.0 5400.0 2016.0 1 205 {-999.0 15.570369 14.955357 14.724737 -999.0} sdss_psfmag_from_g3xp 15.41652 14.982543 14.37939 13.197 63050396450290230 1072474409 bright_1x1 mwm_halo_local_high_boss_single mwm_halo science 0 0 0.0 0.0 -999 ""
FIBERMAP 426 R+3C15 METROLOGY 0 0 0 1 0 0 59.86129180199522 44.14007686025397 143.1 -60.92921422472931 42.64833177077255 300.64474 103.112495 -999.0 -999.0 -999.0 -999.0 -999.0 199.2895508912204 -24.880444246438987 199.31558121572175 -25.02402584566508 78.70165832787289 287.898748151438 -999.0 6231.0 -999.0 -1 -999 {-999.0 -999.0 -999.0 -999.0 -999.0} "" -999.0 -999.0 -999.0 -999.0 -999 -999 "" "" "" "" 0 0 0.0 0.0 -999 ""
FIBERMAP 427 R+3C22 APOGEE 0 0 0 1 0 0 194.01824443763965 64.44385707606574 143.1 -122.97156071127792 163.31112697770428 211.5383 56.94226 -999.0 -999.0 -999.0 -999.0 -999.0 199.08447162629568 -24.514626261423793 199.10988339234018 -24.658415581579415 78.38244175717514 289.19817718636625 -999.0 16600.0 -999.0 2 115 {-999.0 -999.0 -999.0 -999.0 -999.0} "" -999.0 -999.0 -999.0 -999.0 -999 -999 "" ops_sky_apogee_best_unassigned ops_sky sky_apogee 0 0 0.0 0.0 -999 ""
FIBERMAP 427 R+3C22 BOSS 1 1 0 1 0 0 194.08139252913503 65.18312338456082 143.1 -123.6923087451569 163.1351220738143 211.5383 56.94226 199.08199522748606 -24.515092634455442 -0.7039499 -0.10060828 0.057082947 199.0819929729934 -24.515092927620024 199.10744669462562 -24.65890269475175 78.38063272824287 289.19139001196686 5400.0 5400.0 2016.0 1 200 {-999.0 18.773045 18.529789 18.313015 18.13851} sdss_psfmag_from_gaiadr2 18.766312 18.55897 17.973059 16.179 63050396450293943 1057721683 bright_flexible_2x1 bhm_gua_bright bhm_filler science 0 0 0.0 0.0 -999 ""
FIBERMAP 427 R+3C22 METROLOGY 0 0 0 1 0 0 194.69117248501522 64.76931566283446 143.1 -123.49468356970803 163.8450280159912 211.5383 56.94226 -999.0 -999.0 -999.0 -999.0 -999.0 199.082658577858 -24.512932459057545 199.10809836259682 -24.656736720017335 78.38026676104639 289.2023895698476 -999.0 6231.0 -999.0 -1 -999 {-999.0 -999.0 -999.0 -999.0 -999.0} "" -999.0 -999.0 -999.0 -999.0 -999 -999 "" "" "" "" 0 0 0.0 0.0 -999 ""
FIBERMAP 429 R-3C5 APOGEE 0 0 0 1 0 0 -175.3251169360541 -54.16632098936431 143.1 107.26783066335065 -148.87454649496664 94.61918 160.68414 -999.0 -999.0 -999.0 -999.0 -999.0 199.8530054219461 -25.461375403095587 199.88021147893676 -25.6043833898149 79.39422527543441 286.0921434324962 -999.0 16600.0 -999.0 2 289 {-999.0 -999.0 -999.0 -999.0 -999.0} "" -999.0 -999.0 -999.0 -999.0 -999 -999 "" ops_sky_apogee_best_unassigned ops_sky sky_apogee 0 0 0.0 0.0 -999 ""
FIBERMAP 429 R-3C5 BOSS 1 1 0 1 0 0 -175.14306394503384 -53.45680620980747 143.1 106.53734354073947 -148.92837366447569 94.61918 160.68414 199.85059450965238 -25.461567467878005 -12.0112705 -5.037225 1.4326626 199.85055574465767 -25.46158214594905 199.87780044084954 -25.604606742767608 79.39228061635694 286.0867232258053 5400.0 5400.0 2016.0 1 474 {-999.0 -999.0 -999.0 -999.0 -999.0} "" -999.0 17.676868 -999.0 14.025 63050396450244000 1094275941 bright_1x1 mwm_bin_vis_boss mwm_filler science 0 0 0.0 0.0 -999 ""
FIBERMAP 429 R-3C5 METROLOGY 0 0 0 1 0 0 -174.60164935993078 -53.95308958056655 143.1 106.83494158302808 -148.25694505018802 94.61918 160.68414 -999.0 -999.0 -999.0 -999.0 -999.0 199.85158038506745 -25.459571934334416 199.8788127164155 -25.602591855974964 79.39239925469666 286.098722328755 -999.0 6231.0 -999.0 -1 -999 {-999.0 -999.0 -999.0 -999.0 -999.0} "" -999.0 -999.0 -999.0 -999.0 -999 -999 "" "" "" "" 0 0 0.0 0.0 -999 ""
FIBERMAP 434 R+1C15 APOGEE 0 0 0 1 0 0 30.956627578816207 27.492975743504466 143.1 -35.93123962727472 20.56639201236559 57.726364 156.59258 -999.0 -999.0 -999.0 -999.0 -999.0 199.37312169191446 -24.947673645215254 199.39927772423653 -25.09116299268662 78.79780231966878 287.7356652976625 -999.0 16600.0 -999.0 2 -999 {-999.0 -999.0 -999.0 -999.0 -999.0} "" -999.0 -999.0 -999.0 -999.0 -999 -999 "" "" "" "" 0 0 0.0 0.0 -999 ""
FIBERMAP 434 R+1C15 BOSS 1 1 0 1 0 0 31.629160806433212 27.938899946807627 143.1 -36.568401632774346 21.061486386547266 57.726364 156.59258 199.37092338709883 -24.94611443338619 -0.3016113 -7.621779 0.1173743 199.3709224177958 -24.94613664264962 199.39711759519898 -25.089644745308767 78.7954070681327 287.73889885061396 5400.0 5400.0 2016.0 1 197 {-999.0 18.033812 17.592995 17.411604 17.32783} sdss_psfmag_from_gaia 17.9789 17.6073 17.1036 15.73 63050396450249978 973154293 "" ops_std_boss_gdr2 ops_std standard_boss 0 0 0.0 0.0 -999 ""
FIBERMAP 434 R+1C15 METROLOGY 0 0 0 1 0 0 31.638777056187088 27.186103934244098 143.1 -35.858045734174965 21.310766382273826 57.726364 156.59258 -999.0 -999.0 -999.0 -999.0 -999.0 199.37331222498443 -24.945386391304666 199.39949697860118 -25.088887809849524 78.79709151145431 287.74683691530146 -999.0 6231.0 -999.0 -1 -999 {-999.0 -999.0 -999.0 -999.0 -999.0} "" -999.0 -999.0 -999.0 -999.0 -999 -999 "" "" "" "" 0 0 0.0 0.0 -999 ""
FIBERMAP 435 R-5C3 APOGEE 0 0 0 1 0 0 -189.96288718742386 -105.2554403627285 143.1 160.35485257652283 -146.44763279355763 216.08244 161.21129 -999.0 -999.0 -999.0 -999.0 -999.0 200.0307579010764 -25.453286133297905 200.05814432693955 -25.596137670742667 79.54057756447145 286.4549537002985 -999.0 16600.0 -999.0 2 243 {-999.0 -999.0 -999.0 -999.0 -999.0} "" -999.0 -999.0 -999.0 -999.0 -999 -999 "" ops_sky_apogee_best_unassigned ops_sky sky_apogee 0 0 0.0 0.0 -999 ""
FIBERMAP 435 R-5C3 BOSS 1 1 0 1 0 0 -190.67002264311628 -105.48194446105192 143.1 160.79510968378466 -147.0455218846069 216.08244 161.21129 200.03231942996712 -25.455110706914656 -28.414064 3.3780258 0.75227356 200.03222773177941 -25.455100863585216 200.05965822900376 -25.597965365157794 79.54251931060537 286.44835591145016 5400.0 5400.0 2016.0 1 500 {-999.0 16.84814 16.371664 16.191015 -999.0} sdss_psfmag_ps1 16.757046 16.391153 15.834757 14.85 63050396450245128 1072830222 bright_1x1 mwm_halo_local_high_boss_single mwm_halo science 0 0 0.0 0.0 -999 ""
FIBERMAP 435 R-5C3 METROLOGY 0 0 0 1 0 0 -190.5137818874388 -104.75085233784309 143.1 160.05240869282727 -147.13069515819035 216.08244 161.21129 -999.0 -999.0 -999.0 -999.0 -999.0 200.02978213849175 -25.455397249466827 200.05719907853086 -25.59825982332849 79.54056497687652 286.44235621097323 -999.0 6231.0 -999.0 -1 -999 {-999.0 -999.0 -999.0 -999.0 -999.0} "" -999.0 -999.0 -999.0 -999.0 -999 -999 "" "" "" "" 0 0 0.0 0.0 -999 ""
FIBERMAP 438 R+12C2 APOGEE 0 0 0 1 0 0 -140.95996819987786 248.21119621243335 143.1 -190.25856048569386 -212.775113443263 138.56358 88.472664 -999.0 -999.0 -999.0 -999.0 -999.0 198.85482833489803 -25.651438870302698 198.88116363058703 -25.79528318661104 78.61552655822496 283.5192644946219 -999.0 16600.0 -999.0 2 6 {-999.0 -999.0 -999.0 -999.0 -999.0} "" -999.0 -999.0 -999.0 -999.0 -999 -999 "" ops_sky_apogee_best_unassigned ops_sky sky_apogee 0 0 0.0 0.0 -999 ""
FIBERMAP 438 R+12C2 BOSS 1 1 0 1 0 0 -140.48965414496288 248.76893361458386 143.1 -190.93717314647623 -212.5073340032203 138.56358 88.472664 198.8525390625 -25.65057785995937 -999.0 -999.0 -999.0 198.85253906249997 -25.65057785995937 198.87891622783854 -25.79443841297889 78.61333787463656 283.51993404579395 5400.0 5400.0 2015.5 1 6 {-999.0 -999.0 -999.0 -999.0 -999.0} "" -999.0 -999.0 -999.0 -999.0 27021603177277328 824215276 "" ops_sky_boss_good ops_sky sky_boss 0 0 0.0 0.0 -999 ""
FIBERMAP 438 R+12C2 METROLOGY 0 0 0 1 0 0 -140.22816017162194 248.0570555718575 143.1 -190.34595243287507 -212.0324039958197 138.56358 88.472664 -999.0 -999.0 -999.0 -999.0 -999.0 198.85448372685337 -25.649215756394568 198.88084881868338 -25.79307081889159 78.61453099681513 283.5293756200295 -999.0 6231.0 -999.0 -1 -999 {-999.0 -999.0 -999.0 -999.0 -999.0} "" -999.0 -999.0 -999.0 -999.0 -999 -999 "" "" "" "" 0 0 0.0 0.0 -999 ""
FIBERMAP 439 R-6C3 APOGEE 0 0 0 1 0 0 -167.69368828706357 -134.14047853660296 143.1 180.62455864300125 -116.1278648197606 5.3204174 38.813774 -999.0 -999.0 -999.0 -999.0 -999.0 200.09841788802143 -25.361285975014983 200.1257760045629 -25.50408853034661 79.56294463297313 287.05131418124245 -999.0 16600.0 -999.0 2 244 {-999.0 -999.0 -999.0 -999.0 -999.0} "" -999.0 -999.0 -999.0 -999.0 -999 -999 "" ops_sky_apogee_best_unassigned ops_sky sky_apogee 0 0 0.0 0.0 -999 ""
FIBERMAP 439 R-6C3 BOSS 1 1 0 1 0 0 -168.26206486016198 -134.63305051374448 143.1 181.27269928425235 -116.50936789424318 5.3204174 38.813774 200.10060849974732 -25.362414614639974 -6.6211066 -8.175231 0.2155859 200.10058714844683 -25.36243843661744 200.12798922046866 -25.505253777248935 79.5652340450006 287.049509965936 5400.0 5400.0 2016.0 1 501 {-999.0 18.394085 17.872763 17.724596 -999.0} sdss_psfmag_ps1 18.316969 17.931572 17.355324 15.973 63050396450245388 944648206 bright_1x1 openfibertargets_nov2020_6c open_fiber science 0 0 0.0 0.0 -999 ""
FIBERMAP 439 R-6C3 METROLOGY 0 0 0 1 0 0 -168.39995033126183 -133.88532949250822 143.1 180.60807504885034 -116.87858937446693 5.3204174 38.813774 -999.0 -999.0 -999.0 -999.0 -999.0 200.09841032450444 -25.36358841181113 200.12579999400054 -25.506401350950416 79.5638358621918 287.0395319686751 -999.0 6231.0 -999.0 -1 -999 {-999.0 -999.0 -999.0 -999.0 -999.0} "" -999.0 -999.0 -999.0 -999.0 -999 -999 "" "" "" "" 0 0 0.0 0.0 -999 ""
FIBERMAP 441 R-2C4 APOGEE 0 0 0 1 0 0 -207.4177559560076 -49.15016161487847 143.1 112.7526303845825 -180.88901843508685 230.2122 127.81197 -999.0 -999.0 -999.0 -999.0 -999.0 199.87135515470496 -25.557996983316755 199.89868507181814 -25.70097692470714 79.44448689743733 285.6338502098862 -999.0 16600.0 -999.0 2 -999 {-999.0 -999.0 -999.0 -999.0 -999.0} "" -999.0 -999.0 -999.0 -999.0 -999 -999 "" "" "" "" 0 0 0.0 0.0 -999 ""
FIBERMAP 441 R-2C4 BOSS 1 1 0 1 0 0 -208.1357816343691 -49.14720911844878 143.1 112.97890611570645 -181.57043237677897 230.2122 127.81197 199.8721265239335 -25.56007364144565 -8.308246 -1.1107751 0.35125792 199.87209968802006 -25.560076878154373 199.89947392792487 -25.703070087848516 79.44589571771175 285.6245504401157 5400.0 5400.0 2016.0 1 472 {-999.0 16.814133 16.551725 16.507212 -999.0} sdss_psfmag_ps1 16.797838 16.559668 16.184374 15.419 63050396450243898 982191751 "" ops_std_boss_tic ops_std standard_boss 0 0 0.0 0.0 -999 ""
FIBERMAP 441 R-2C4 METROLOGY 0 0 0 1 0 0 -207.7769175623508 -48.49403574484663 143.1 112.24540511961172 -181.43872115396195 230.2122 127.81197 -999.0 -999.0 -999.0 -999.0 -999.0 199.86967085625068 -25.559719589702105 199.8970305411533 -25.702710989510205 79.44371021973376 285.62210918549334 -999.0 6231.0 -999.0 -1 -999 {-999.0 -999.0 -999.0 -999.0 -999.0} "" -999.0 -999.0 -999.0 -999.0 -999 -999 "" "" "" "" 0 0 0.0 0.0 -999 ""
FIBERMAP 442 R+13C12 APOGEE 0 0 0 1 0 0 85.6656151200537 244.2698120005718 143.1 -258.8243308830212 3.2550872790225083 237.59995 84.27281 -999.0 -999.0 -999.0 -999.0 -999.0 198.62955354406844 -24.997187608834704 198.65498336884764 -25.14130010522771 78.19445333310343 286.2088538890122 -999.0 16600.0 -999.0 2 59 {-999.0 -999.0 -999.0 -999.0 -999.0} "" -999.0 -999.0 -999.0 -999.0 -999 -999 "" ops_sky_apogee_best_unassigned ops_sky sky_apogee 0 0 0.0 0.0 -999 ""
FIBERMAP 442 R+13C12 BOSS 1 1 0 1 0 0 85.06811232040242 244.72209411746263 143.1 -259.06233500919853 2.5445417842524347 237.59995 84.27281 198.62869262695312 -24.999314717547392 -999.0 -999.0 -999.0 198.6286926269531 -24.999314717547392 198.65416955228895 -25.143444406302635 78.19457085110983 286.1977865795118 5400.0 5400.0 2015.5 1 97 {-999.0 -999.0 -999.0 -999.0 -999.0} "" -999.0 -999.0 -999.0 -999.0 27021603177288746 814935253 "" ops_sky_boss_good ops_sky sky_boss 0 0 0.0 0.0 -999 ""
FIBERMAP 442 R+13C12 METROLOGY 0 0 0 1 0 0 85.76660977293018 245.01163744365363 143.1 -259.559578503308 3.1141330638500357 237.59995 84.27281 -999.0 -999.0 -999.0 -999.0 -999.0 198.62702290677882 -24.997584898073754 198.65248339889501 -25.14171144687138 78.19250766381352 286.20285747140287 -999.0 6231.0 -999.0 -1 -999 {-999.0 -999.0 -999.0 -999.0 -999.0} "" -999.0 -999.0 -999.0 -999.0 -999 -999 "" "" "" "" 0 0 0.0 0.0 -999 ""
FIBERMAP 445 R-4C10 APOGEE 0 0 0 1 0 0 -35.49257970328745 -61.523510638801234 143.1 69.62905105176992 -14.00824798306775 99.22809 70.808205 -999.0 -999.0 -999.0 -999.0 -999.0 199.7266980003504 -25.05282739582268 199.7533335062376 -25.19599653907443 79.13373390282962 287.889350295012 -999.0 16600.0 -999.0 2 -999 {-999.0 -999.0 -999.0 -999.0 -999.0} "" -999.0 -999.0 -999.0 -999.0 -999 -999 "" "" "" "" 0 0 0.0 0.0 -999 ""
FIBERMAP 445 R-4C10 BOSS 1 1 0 1 0 0 -34.74136375319344 -61.657000426000394 143.1 69.51589655238045 -13.253733974888506 99.22809 70.808205 199.7263351142726 -25.050530887141093 -3.9344413 0.67949003 0.1023723 199.72632245921955 -25.050528907160146 199.75299687475498 -25.193714824571302 79.13255782606778 287.8998466019097 5400.0 5400.0 2016.0 1 360 {-999.0 17.551851 17.143038 16.978952 16.909758} sdss_psfmag_from_gaia 17.4861 17.1566 16.6519 15.641 63050396450249174 968316320 "" ops_std_boss_gdr2 ops_std standard_boss 0 0 0.0 0.0 -999 ""
FIBERMAP 445 R-4C10 METROLOGY 0 0 0 1 0 0 -35.22671575023131 -62.222663394114015 143.1 70.20681785983504 -13.533236336829884 99.22809 70.808205 -999.0 -999.0 -999.0 -999.0 -999.0 199.72865592251273 -25.051381482241062 199.75532191559375 -25.19456067192157 79.13482478002794 287.9001034520063 -999.0 6231.0 -999.0 -1 -999 {-999.0 -999.0 -999.0 -999.0 -999.0} "" -999.0 -999.0 -999.0 -999.0 -999 -999 "" "" "" "" 0 0 0.0 0.0 -999 ""
FIBERMAP 449 R-10C16 APOGEE 0 0 0 1 0 0 141.09405187154374 -197.86232242859856 143.1 142.50022141440374 196.83923759104385 216.4423 91.13106 -999.0 -999.0 -999.0 -999.0 -999.0 199.96761295278 -24.414238872432097 199.99381692689144 -24.5572739354615 79.0637327805555 291.4396471147081 -999.0 16600.0 -999.0 2 -999 {-999.0 -999.0 -999.0 -999.0 -999.0} "" -999.0 -999.0 -999.0 -999.0 -999 -999 "" "" "" "" 0 0 0.0 0.0 -999 ""
FIBERMAP 449 R-10C16 BOSS 1 1 0 1 0 0 140.5984253260344 -197.1263918714913 143.1 141.96090215574444 196.13474690738386 216.4423 91.13106 199.96586210305338 -24.416320950872546 -14.826916 0.37416783 0.24680361 199.96581465512935 -24.416319860569573 199.9920596670669 -24.55937472686059 79.06323962082342 291.4259788609954 5400.0 5400.0 2016.0 1 333 {-999.0 16.911224 16.578794 16.466164 -999.0} sdss_psfmag_ps1 16.868547 16.587994 16.146856 15.389 63050396450271607 977314258 "" ops_std_boss ops_std standard_boss 0 0 0.0 0.0 -999 ""
FIBERMAP 449 R-10C16 METROLOGY 0 0 0 1 0 0 141.36296710527927 -197.16433760508085 143.1 141.75294930365084 196.87140809079472 216.4423 91.13106 -999.0 -999.0 -999.0 -999.0 -999.0 199.9651478306166 -24.414073062506148 199.99137836311365 -24.557123582757136 79.0616807382108 291.43514028364444 -999.0 6231.0 -999.0 -1 -999 {-999.0 -999.0 -999.0 -999.0 -999.0} "" -999.0 -999.0 -999.0 -999.0 -999 -999 "" "" "" "" 0 0 0.0 0.0 -999 ""
FIBERMAP 453 R+7C19 APOGEE 0 0 0 1 0 0 190.21396362506474 120.10764265314235 143.1 -174.51036694394867 141.94723656813363 288.51437 97.7998 -999.0 -999.0 -999.0 -999.0 -999.0 198.91280515002757 -24.57885357799223 198.93810658585278 -24.722780263738734 78.2669171205217 288.5898246585273 -999.0 16600.0 -999.0 2 -999 {-999.0 -999.0 -999.0 -999.0 -999.0} "" -999.0 -999.0 -999.0 -999.0 -999 -999 "" "" "" "" 0 0 0.0 0.0 -999 ""
FIBERMAP 453 R+7C19 BOSS 1 1 0 1 0 0 189.5446847903298 119.7846333534661 143.1 -173.99072949055872 141.41601248076077 288.51437 97.7998 198.91448461309147 -24.580421160712056 -15.33402 1.325431 2.3946784 198.9144354782885 -24.580417298502606 198.93978416458916 -24.724360442849303 78.26895404006115 288.5857988120398 5400.0 5400.0 2016.0 1 249 {-999.0 19.498117 18.114773 16.715681 -999.0} sdss_psfmag_ps1 18.890368 17.75736 16.081886 13.783 63050396450292707 1095402346 bright_1x1 mwm_bin_vis_boss mwm_filler science 0 0 0.0 0.0 -999 ""
FIBERMAP 453 R+7C19 METROLOGY 0 0 0 1 0 0 189.59998201052122 120.53487185836904 143.1 -174.71937117448184 141.22906682483992 288.51437 97.7998 -999.0 -999.0 -999.0 -999.0 -999.0 198.91199602952955 -24.580960523089164 198.9373308361238 -24.7249006848038 78.26714137210209 288.5788920502431 -999.0 6231.0 -999.0 -1 -999 {-999.0 -999.0 -999.0 -999.0 -999.0} "" -999.0 -999.0 -999.0 -999.0 -999 -999 "" "" "" "" 0 0 0.0 0.0 -999 ""
FIBERMAP 454 R+10C8 APOGEE 0 0 0 1 0 0 -30.93233003952573 194.7135297704188 143.1 -174.66132733971023 -91.43454916775721 125.13425 156.55812 -999.0 -999.0 -999.0 -999.0 -999.0 198.90780872370635 -25.285665119828725 198.93382500627308 -25.429509597678752 78.53451761934498 285.33593198307557 -999.0 16600.0 -999.0 2 -999 {-999.0 -999.0 -999.0 -999.0 -999.0} "" -999.0 -999.0 -999.0 -999.0 -999 -999 "" "" "" "" 0 0 0.0 0.0 -999 ""
FIBERMAP 454 R+10C8 BOSS 1 1 0 1 0 0 -31.09978549694659 195.41315056695174 143.1 -175.2709332567118 -91.81644853166746 125.13425 156.55812 198.9057168898558 -25.286801748342597 -15.00464 -5.759428 1.5826755 198.9056685341114 -25.286818530854234 198.93172819429194 -25.43068010303914 78.53316797024321 285.32702621419065 5400.0 5400.0 2016.0 1 125 {-999.0 15.031016 14.5388155 14.3530655 -999.0} sdss_psfmag_from_g3xp 14.924906 14.555721 14.013852 12.993 63050396450283419 1095604201 bright_1x1 mwm_bin_vis_boss mwm_filler science 0 0 0.0 0.0 -999 ""
FIBERMAP 454 R+10C8 METROLOGY 0 0 0 1 0 0 -30.38335000059947 195.22158403293082 143.1 -175.31795239022298 -91.07636752165776 125.13425 156.55812 -999.0 -999.0 -999.0 -999.0 -999.0 198.90550581021182 -25.284593748252146 198.93155078597442 -25.428451451581047 78.53222110610297 285.33720617040154 -999.0 6231.0 -999.0 -1 -999 {-999.0 -999.0 -999.0 -999.0 -999.0} "" -999.0 -999.0 -999.0 -999.0 -999 -999 "" "" "" "" 0 0 0.0 0.0 -999 ""
FIBERMAP 458 R-13C8 APOGEE 0 0 0 1 0 0 12.106222405333641 -269.24030498675995 143.1 251.29640248920606 97.36956410503042 301.31726 86.09698 -999.0 -999.0 -999.0 -999.0 -999.0 200.33022792828973 -24.714229112046507 200.35712319189645 -24.856903179575603 79.49194731620187 290.77376824523253 -999.0 16600.0 -999.0 2 265 {-999.0 -999.0 -999.0 -999.0 -999.0} "" -999.0 -999.0 -999.0 -999.0 -999 -999 "" "" "" "" 0 0 0.0 0.0 -999 ""
FIBERMAP 458 R-13C8 BOSS 1 1 0 1 0 0 11.410266858126375 -269.51352182470623 143.1 251.77736244031172 96.79717309903924 301.31726 86.09698 200.33177348748035 -24.715925920514223 4.6511664 -4.541069 1.1504638 200.33178840739834 -24.71593915283088 200.35872623566746 -24.85862875544216 79.4940062082205 290.76869934813425 5400.0 5400.0 2016.0 1 359 {-999.0 14.82023 14.372453 14.222394 -999.0} sdss_psfmag_from_g3xp 14.733065 14.395052 13.8865185 12.982 63050396450267977 981716521 "" ops_std_boss_tic ops_std standard_boss 0 0 0.0 0.0 -999 ""
FIBERMAP 458 R-13C8 METROLOGY 0 0 0 1 0 0 11.505264936446157 -268.78620765463234 143.1 251.0577802390327 96.65516551136902 301.31726 86.09698 -999.0 -999.0 -999.0 -999.0 -999.0 200.3294778072026 -24.71635930106007 200.35640293241522 -24.859046137659654 79.4922873496633 290.76162572780163 -999.0 6231.0 -999.0 -1 -999 {-999.0 -999.0 -999.0 -999.0 -999.0} "" -999.0 -999.0 -999.0 -999.0 -999 -999 "" "" "" "" 0 0 0.0 0.0 -999 ""
FIBERMAP 461 R+11C5 APOGEE 1 1 0 1 0 0 -72.05302581978088 221.54241301740046 143.1 -186.96817051226589 -138.9638750786357 27.102055 140.01393 198.86622019765971 -25.429005424569056 8.135419 -28.840864 4.4105306 198.8662464467051 -25.42908946457276 198.89236420678506 -25.572951032124955 78.54997581079499 284.59372851367135 16000.0 16600.0 2016.0 2 147 {-999.0 14.746814 13.591036 12.969713 -999.0} sdss_psfmag_from_g3xp 14.308647 13.642522 12.567827 10.781 63050396450242823 1076254891 bright_1x1 mwm_snc_ext_main_apogee mwm_snc science 0 0 0.0 0.0 -999 ""
FIBERMAP 461 R+11C5 BOSS 0 0 0 1 0 0 -71.35034811037724 221.39529585397506 143.1 -187.05292506972995 -138.25101311656965 27.102055 140.01393 -999.0 -999.0 -999.0 -999.0 -999.0 198.86589273962898 -25.426938910408392 198.8920544129121 -25.570816429519006 78.54897452265502 284.6033284759769 -999.0 5400.0 -999.0 1 150 {-999.0 -999.0 -999.0 -999.0 -999.0} "" -999.0 -999.0 -999.0 -999.0 -999 -999 "" "" "" "" 0 0 0.0 0.0 -999 ""
FIBERMAP 461 R+11C5 METROLOGY 0 0 0 1 0 0 -71.82677331712898 220.8134096883978 143.1 -186.3494769989278 -138.51687983741644 27.102055 140.01393 -999.0 -999.0 -999.0 -999.0 -999.0 198.86821758380916 -25.427787113296105 198.89436980407652 -25.57165830788923 78.55122542764012 284.60299343530517 -999.0 6231.0 -999.0 -1 -999 {-999.0 -999.0 -999.0 -999.0 -999.0} "" -999.0 -999.0 -999.0 -999.0 -999 -999 "" "" "" "" 0 0 0.0 0.0 -999 ""
FIBERMAP 462 R+11C9 APOGEE 0 0 0 1 0 0 8.735719926112747 203.05241991532213 143.1 -195.21949531569643 -56.50157022233496 235.72504 136.6351 -999.0 -999.0 -999.0 -999.0 -999.0 198.83969253810946 -25.179454189509656 198.86552807948772 -25.323368935526542 78.43865034061383 285.72021525565793 -999.0 16600.0 -999.0 2 128 {-999.0 -999.0 -999.0 -999.0 -999.0} "" -999.0 -999.0 -999.0 -999.0 -999 -999 "" "" "" "" 0 0 0.0 0.0 -999 ""
FIBERMAP 462 R+11C9 BOSS 1 1 0 1 0 0 7.996200892720996 202.91895731702402 143.1 -194.85708209014996 -57.15983248645938 235.72504 136.6351 198.840760153378 -25.181447917819792 8.555074 -2.2558362 1.2867645 198.84078770009614 -25.181454491146347 198.86667120047352 -25.32538394791187 78.44034670914549 285.71272968839435 5400.0 5400.0 2016.0 1 115 {-999.0 19.296412 17.810795 17.055855 -999.0} sdss_psfmag_ps1 18.71984 17.652191 16.633808 14.593 63050396450283666 1094205805 bright_1x1 mwm_bin_vis_boss mwm_filler science 0 0 0.0 0.0 -999 ""
FIBERMAP 462 R+11C9 METROLOGY 0 0 0 1 0 0 8.247159559397367 203.61303862399933 143.1 -195.59492610786526 -57.14343405170516 235.72504 136.6351 -999.0 -999.0 -999.0 -999.0 -999.0 198.83831175336104 -25.1814010675968 198.86418021497627 -25.325328184429424 78.43822939415108 285.70889688165346 -999.0 6231.0 -999.0 -1 -999 {-999.0 -999.0 -999.0 -999.0 -999.0} "" -999.0 -999.0 -999.0 -999.0 -999 -999 "" "" "" "" 0 0 0.0 0.0 -999 ""
FIBERMAP 465 R+5C7 APOGEE 1 1 0 1 0 0 -108.28173825358407 91.17403460566042 143.1 -51.860077574706374 -131.70597787846134 184.74585 146.39867 199.3189091832836 -25.409493013142022 -27.313719 -13.121617 8.48367 199.31882106947504 -25.409531248474856 199.34540051899134 -25.55301012434447 78.92563527811821 285.424300006402 16000.0 16600.0 2016.0 2 33 {-999.0 13.693131 12.5585375 12.138554 -999.0} sdss_psfmag_from_g3xp 13.27984 12.583131 11.779982 10.162 63050396450247253 1164972858 bright_1x1 openfibertargets_mwm_rvscnn24_nearby_dwarfs_apogee open_fiber science 0 0 0.0 0.0 -999 ""
FIBERMAP 465 R+5C7 BOSS 0 0 0 1 0 0 -108.92845799955398 91.53748539301948 143.1 -51.99819454114761 -132.43482609312858 184.74585 146.39867 -999.0 -999.0 -999.0 -999.0 -999.0 199.31828134022007 -25.41178164172571 199.344908520471 -25.555276312899313 78.92602762226106 285.41245237583445 -999.0 5400.0 -999.0 1 55 {-999.0 -999.0 -999.0 -999.0 -999.0} "" -999.0 -999.0 -999.0 -999.0 -999 -999 "" "" "" "" 0 0 0.0 0.0 -999 ""
FIBERMAP 465 R+5C7 METROLOGY 0 0 0 1 0 0 -108.2764980145309 91.9168683967828 143.1 -52.565731997626074 -131.93800012282674 184.74585 146.39867 -999.0 -999.0 -999.0 -999.0 -999.0 199.31638397576523 -25.41029113699381 199.34299525460278 -25.55378339049863 78.92388302227792 285.41651465324867 -999.0 6231.0 -999.0 -1 -999 {-999.0 -999.0 -999.0 -999.0 -999.0} "" -999.0 -999.0 -999.0 -999.0 -999 -999 "" "" "" "" 0 0 0.0 0.0 -999 ""
FIBERMAP 468 R-2C9 APOGEE 1 1 0 1 0 0 -100.16316580033403 -42.899439238686064 143.1 72.61108695325645 -81.2381693645662 187.107 132.80556 199.73734513028646 -25.256429124179697 -172.7427 -137.91637 11.730017 199.7367885665385 -25.256831000563228 199.7636486468933 -25.39996538290879 79.22083196787445 286.9058273159533 16000.0 16600.0 2016.0 2 300 {-999.0 9.201491 8.777853 8.630587 -999.0} sdss_psfmag_from_g3xp 9.126706 8.801752 8.302683 7.461 63050396450246316 984776811 bright_1x1 mwm_snc_100pc_apogee mwm_snc science 0 0 0.0 0.0 -999 ""
FIBERMAP 468 R-2C9 BOSS 0 0 0 1 0 0 -100.71174671122796 -42.405194371554 143.1 72.31770709183097 -81.91573914674649 187.107 132.80556 -999.0 -999.0 -999.0 -999.0 -999.0 199.7358032096582 -25.258914920172217 199.7627097219672 -25.402066201965553 79.22083804078801 286.8937134436648 -999.0 5400.0 -999.0 1 496 {-999.0 -999.0 -999.0 -999.0 -999.0} "" -999.0 -999.0 -999.0 -999.0 -999 -999 "" "" "" "" 0 0 0.0 0.0 -999 ""
FIBERMAP 468 R-2C9 METROLOGY 0 0 0 1 0 0 -100.01456631633798 -42.17437801619997 143.1 71.87653925603965 -81.32866020565457 187.107 132.80556 -999.0 -999.0 -999.0 -999.0 -999.0 199.73434296111466 -25.25714886902422 199.76123418572195 -25.400297293431652 79.218936821812 286.8997881900391 -999.0 6231.0 -999.0 -1 -999 {-999.0 -999.0 -999.0 -999.0 -999.0} "" -999.0 -999.0 -999.0 -999.0 -999 -999 "" "" "" "" 0 0 0.0 0.0 -999 ""
FIBERMAP 470 R+2C23 APOGEE 1 1 0 1 0 0 209.86422223509575 31.487458507306858 143.1 -96.79421291309069 188.84251457380608 228.8358 93.70201 199.17194581901296 -24.437656172167667 7.83235 -8.072584 1.2560196 199.17197088772403 -24.43767969503984 199.19739274366069 -24.58140383540708 78.42216747770665 289.71226740740855 16000.0 16600.0 2016.0 2 74 {-999.0 12.985276 12.738991 12.677076 -999.0} sdss_psfmag_from_g3xp 12.968692 12.733589 12.350381 11.738 63050396450294236 946932231 bright_1x1 openfibertargets_nov2020_9 open_fiber science 0 0 0.0 0.0 -999 ""
FIBERMAP 470 R+2C23 BOSS 0 0 0 1 0 0 209.24732973878932 31.921321837020248 143.1 -97.00857562771628 188.1194696877492 228.8358 93.70201 -999.0 -999.0 -999.0 -999.0 -999.0 199.17117683651978 -24.439797186533358 199.1966442154461 -24.583540501913543 78.42245867906932 289.70118847401983 -999.0 5400.0 -999.0 1 233 {-999.0 -999.0 -999.0 -999.0 -999.0} "" -999.0 -999.0 -999.0 -999.0 -999 -999 "" "" "" "" 0 0 0.0 0.0 -999 ""
FIBERMAP 470 R+2C23 METROLOGY 0 0 0 1 0 0 209.92463467509094 32.23253292110865 143.1 -97.51959251798064 188.66206411993142 228.8358 93.70201 -999.0 -999.0 -999.0 -999.0 -999.0 199.16948519592617 -24.43813649290617 199.1949367649139 -24.58187617243095 78.42034615309957 289.70541040425445 -999.0 6231.0 -999.0 -1 -999 {-999.0 -999.0 -999.0 -999.0 -999.0} "" -999.0 -999.0 -999.0 -999.0 -999 -999 "" "" "" "" 0 0 0.0 0.0 -999 ""
FIBERMAP 472 R-1C15 APOGEE 0 0 0 1 0 0 31.110075586906177 -35.42801643876979 143.1 23.649947578043836 40.78568054359985 284.541 93.138435 -999.0 -999.0 -999.0 -999.0 -999.0 199.57268801505876 -24.886479977314853 199.59898730992916 -25.029804007244728 78.93946752647729 288.3995004403888 -999.0 16600.0 -999.0 2 -999 {-999.0 -999.0 -999.0 -999.0 -999.0} "" -999.0 -999.0 -999.0 -999.0 -999 -999 "" "" "" "" 0 0 0.0 0.0 -999 ""
FIBERMAP 472 R-1C15 BOSS 1 1 0 1 0 0 30.392712067250343 -35.63951334369499 143.1 24.079245476527277 40.17331054138319 284.541 93.138435 199.5741350927386 -24.888269552029517 -11.182642 -9.503476 0.35887536 199.57409917138443 -24.88829724440598 199.60044403670955 -25.031636627362765 78.94141238732732 288.39351494527267 5400.0 5400.0 2016.0 1 326 {-999.0 16.807701 16.298151 15.942914 -999.0} sdss_psfmag_ps1 16.5856 16.223648 15.68588 14.743 63050396450250046 1164651980 bright_1x1 openfibertargets_mwm_halo_gaiastreams_boss open_fiber science 0 0 0.0 0.0 -999 ""
FIBERMAP 472 R-1C15 METROLOGY 0 0 0 1 0 0 30.565282398473876 -34.915475124694666 143.1 23.338019789682786 40.10586321268547 284.541 93.138435 -999.0 -999.0 -999.0 -999.0 -999.0 199.57163151525882 -24.888502511129964 199.5979622087716 -25.031839274239093 78.93943422300741 288.38784035561184 -999.0 6231.0 -999.0 -1 -999 {-999.0 -999.0 -999.0 -999.0 -999.0} "" -999.0 -999.0 -999.0 -999.0 -999 -999 "" "" "" "" 0 0 0.0 0.0 -999 ""
FIBERMAP 474 R-3C8 APOGEE 0 0 0 1 0 0 -90.00232100024442 -74.9708236641701 143.1 99.7634524200894 -61.376923510761 353.4037 54.07722 -999.0 -999.0 -999.0 -999.0 -999.0 199.82775803062705 -25.196438360374223 199.8546526982301 -25.339501093247893 79.27388134424704 287.37319342326555 -999.0 16600.0 -999.0 2 -999 {-999.0 -999.0 -999.0 -999.0 -999.0} "" -999.0 -999.0 -999.0 -999.0 -999 -999 "" "" "" "" 0 0 0.0 0.0 -999 ""
FIBERMAP 474 R-3C8 BOSS 1 1 0 1 0 0 -90.57137519541972 -75.55683954596269 143.1 100.50036591154618 -61.729257087733835 353.4037 54.07722 199.83029017101998 -25.197504310200188 -14.151908 -4.9674273 1.1138207 199.83024459689136 -25.197518784884874 199.8571841506936 -25.340594693366054 79.2764137873307 287.37248459670275 5400.0 5400.0 2016.0 1 477 {-999.0 14.185475 13.625742 13.44137 -999.0} sdss_psfmag_from_g3xp 14.052684 13.668015 13.094423 12.026 63050396450246418 1095732802 bright_1x1 mwm_bin_vis_boss mwm_filler science 0 0 0.0 0.0 -999 ""
FIBERMAP 474 R-3C8 METROLOGY 0 0 0 1 0 0 -90.7373498935703 -74.83214871051138 143.1 99.86652874047174 -62.11775130501539 353.4037 54.07722 -999.0 -999.0 -999.0 -999.0 -999.0 199.82814443154052 -25.198712052708817 199.85507168492154 -25.34178533174113 79.27510742119499 287.3626393958639 -999.0 6231.0 -999.0 -1 -999 {-999.0 -999.0 -999.0 -999.0 -999.0} "" -999.0 -999.0 -999.0 -999.0 -999 -999 "" "" "" "" 0 0 0.0 0.0 -999 ""
FIBERMAP 477 R-7C14 APOGEE 1 1 0 1 0 0 89.17251892586256 -139.19541758158545 143.1 103.4663490347837 128.91659631395257 326.26242 132.55641 199.83931536412825 -24.619309691483817 -133.94778 1.4836835 16.01458 199.83888602181563 -24.619305367537873 199.86517246927187 -24.762427798997724 79.0482529499839 290.1985344269802 16000.0 16600.0 2016.0 2 197 {-999.0 8.420023 8.150281 8.053058 -999.0} sdss_psfmag_from_g3xp 8.393324 8.147728 7.731241 7.034 63050396450271074 984813096 bright_1x1 mwm_snc_100pc_apogee mwm_snc science 0 0 0.0 0.0 -999 ""
FIBERMAP 477 R-7C14 BOSS 0 0 0 1 0 0 89.300177179423 -139.93318317284374 143.1 104.12480134097011 129.27294936385354 326.26242 132.55641 -999.0 -999.0 -999.0 -999.0 -999.0 199.841074670428 -24.618157151389955 199.86740799331585 -24.76129681049366 79.04960346993674 290.2084884858841 -999.0 5400.0 -999.0 1 272 {-999.0 -999.0 -999.0 -999.0 -999.0} "" -999.0 -999.0 -999.0 -999.0 -999 -999 "" "" "" "" 0 0 0.0 0.0 -999 ""
FIBERMAP 477 R-7C14 METROLOGY 0 0 0 1 0 0 88.5952126949974 -139.6838523590083 143.1 104.1134177117962 128.52531071167158 326.26242 132.55641 -999.0 -999.0 -999.0 -999.0 -999.0 199.8410704407977 -24.620408984401937 199.86739444544992 -24.76354333133495 79.05055384829497 290.1977718784823 -999.0 6231.0 -999.0 -1 -999 {-999.0 -999.0 -999.0 -999.0 -999.0} "" -999.0 -999.0 -999.0 -999.0 -999 -999 "" "" "" "" 0 0 0.0 0.0 -999 ""
FIBERMAP 479 R-1C14 APOGEE 1 1 0 1 0 0 6.962871274082891 -9.970020079385105 143.1 7.22719006266234 9.779468349977792 87.81588 140.53473 199.51763403100526 -24.980531139492296 1.5441399 -23.080854 2.6383102 199.51763899487278 -24.980598395283593 199.5439792275314 -25.123958526063515 78.9311779814857 287.8461280674604 16000.0 16600.0 2016.0 2 230 {-999.0 12.812917 12.227572 12.038315 -999.0} sdss_psfmag_from_g3xp 12.671539 12.267597 11.69927 10.693 63050396450249789 975319199 "" ops_std_apogee ops_std standard_apogee 0 0 0.0 0.0 -999 ""
FIBERMAP 479 R-1C14 BOSS 0 0 0 1 0 0 7.54112946575237 -9.519194279898683 143.1 6.615459658145444 10.183654625237345 87.81588 140.53473 -999.0 -999.0 -999.0 -999.0 -999.0 199.51555205676402 -24.97934606693006 199.54193222112087 -25.122724876388514 78.9289887071032 287.84823793557666 -999.0 5400.0 -999.0 1 339 {-999.0 -999.0 -999.0 -999.0 -999.0} "" -999.0 -999.0 -999.0 -999.0 -999 -999 "" "" "" "" 0 0 0.0 0.0 -999 ""
FIBERMAP 479 R-1C14 METROLOGY 0 0 0 1 0 0 7.650483677231216 -10.251992572867405 143.1 7.275044053692388 10.521076226813088 87.81588 140.53473 -999.0 -999.0 -999.0 -999.0 -999.0 199.5177758869304 -24.978326576942216 199.54414521559886 -25.121698905480194 78.93042707214138 287.85725594183356 -999.0 6231.0 -999.0 -1 -999 {-999.0 -999.0 -999.0 -999.0 -999.0} "" -999.0 -999.0 -999.0 -999.0 -999 -999 "" "" "" "" 0 0 0.0 0.0 -999 ""
FIBERMAP 480 R+9C15 APOGEE 0 0 0 1 0 0 118.40688210810083 196.3828269069859 143.1 -223.88743868102566 49.561466576007675 187.33868 6.178563 -999.0 -999.0 -999.0 -999.0 -999.0 198.74651788947466 -24.857718768675653 198.7719294130702 -25.00175087055958 78.23945674625554 287.0380236230216 -999.0 16600.0 -999.0 2 -999 {-999.0 -999.0 -999.0 -999.0 -999.0} "" -999.0 -999.0 -999.0 -999.0 -999 -999 "" "" "" "" 0 0 0.0 0.0 -999 ""
FIBERMAP 480 R+9C15 BOSS 1 1 0 1 0 0 119.12722693280375 196.58062719377523 143.1 -224.30470744674727 50.181031628810096 187.33868 6.178563 198.744922622816 -24.855812167620993 -20.602001 0.17715609 0.61737025 198.74506469615272 -24.855811651387537 198.77051799446292 -24.999862387415114 78.23754791523918 287.0441487722002 5400.0 5400.0 2016.0 1 237 {-999.0 14.162342 13.407606 13.1136055 -999.0} sdss_psfmag_from_g3xp 13.952648 13.436329 12.761693 11.391 63050396450289652 1072580426 bright_1x1 mwm_halo_local_high_boss_single mwm_halo science 0 0 0.6802036762237549 0.0 -999 ""
FIBERMAP 480 R+9C15 METROLOGY 0 0 0 1 0 0 118.92523615261742 195.84356138673692 143.1 -223.54174944082916 50.22475346550253 187.33868 6.178563 -999.0 -999.0 -999.0 -999.0 -999.0 198.7475701735026 -24.855687736654467 198.7730133090422 -24.99973155899681 78.23958360272137 287.0490234252238 -999.0 6231.0 -999.0 -1 -999 {-999.0 -999.0 -999.0 -999.0 -999.0} "" -999.0 -999.0 -999.0 -999.0 -999 -999 "" "" "" "" 0 0 0.0 0.0 -999 ""
FIBERMAP 482 R+7C10 APOGEE 0 0 0 1 0 0 -9.131269770534177 147.20265548078072 143.1 -136.5905890756099 -55.61618121652237 66.18968 129.69025 -999.0 -999.0 -999.0 -999.0 -999.0 199.0354417117597 -25.177864083047425 199.06148232552482 -25.321613889882578 78.60282112281028 286.05446234314013 -999.0 16600.0 -999.0 2 137 {-999.0 -999.0 -999.0 -999.0 -999.0} "" -999.0 -999.0 -999.0 -999.0 -999 -999 "" "" "" "" 0 0 0.0 0.0 -999 ""
FIBERMAP 482 R+7C10 BOSS 1 1 0 1 0 0 -8.41721587279596 147.45180955545663 143.1 -137.05451874646693 -55.01896161441801 66.18968 129.69025 199.03378212434765 -25.176054843195363 0.7638048 0.08884896 0.14448798 199.03378458363483 -25.176054584296462 199.05986594521318 -25.31982193566861 78.60080274576995 286.060168905473 5400.0 5400.0 2016.0 1 132 {-999.0 20.052418 19.53373 19.072498 18.673342} sdss_psfmag_from_gaiadr2 19.286703 19.714334 17.935587 15.887 63050396450288417 1057721679 bright_flexible_2x1 bhm_gua_bright bhm_filler science 0 0 0.0 0.0 -999 ""
FIBERMAP 482 R+7C10 METROLOGY 0 0 0 1 0 0 -8.576014762962489 146.70025312121476 143.1 -136.29160762561133 -54.9296838932353 66.18968 129.69025 -999.0 -999.0 -999.0 -999.0 -999.0 199.0363329703214 -25.17580648786088 199.06240426649026 -25.319567206389728 78.6028418950545 286.06564477455004 -999.0 6231.0 -999.0 -1 -999 {-999.0 -999.0 -999.0 -999.0 -999.0} "" -999.0 -999.0 -999.0 -999.0 -999 -999 "" "" "" "" 0 0 0.0 0.0 -999 ""
FIBERMAP 486 R-1C9 APOGEE 0 0 0 1 0 0 -94.21698608551746 -12.745562768660346 143.1 42.137270673172345 -85.22306100143471 7.5396523 148.81204 -999.0 -999.0 -999.0 -999.0 -999.0 199.6345535800979 -25.26900981507048 199.6613220927527 -25.412233062973357 79.13976534679446 286.6604248589034 -999.0 16600.0 -999.0 2 279 {-999.0 -999.0 -999.0 -999.0 -999.0} "" -999.0 -999.0 -999.0 -999.0 -999 -999 "" ops_sky_apogee_best_unassigned ops_sky sky_apogee 0 0 0.0 0.0 -999 ""
FIBERMAP 486 R-1C9 BOSS 1 1 0 1 0 0 -93.56983355155936 -13.121171637191567 143.1 42.28677176366863 -84.48992380636791 7.5396523 148.81204 199.6350406812971 -25.26681918452141 -999.0 -999.0 -999.0 199.63504068129708 -25.26681918452141 199.66184955822948 -25.41005766260335 79.13939397053417 286.672078742071 5400.0 5400.0 2016.0 1 458 {-999.0 19.908491 18.768923 18.09852 -999.0} sdss_psfmag_ps1 19.400532 21.22088 17.606482 15.428 63050396450247535 1115942698 bright_1x1 openfibertargets_bhm_racsradio_boss open_fiber science 0 0 0.0 0.0 -999 ""
FIBERMAP 486 R-1C9 METROLOGY 0 0 0 1 0 0 -94.23528360860065 -13.494527247884243 143.1 42.85290084427968 -85.00145723695206 7.5396523 148.81204 -999.0 -999.0 -999.0 -999.0 -999.0 199.6369564171552 -25.268381815984814 199.66375707037434 -25.411614065210927 79.1415738690371 286.66783635933774 -999.0 6231.0 -999.0 -1 -999 {-999.0 -999.0 -999.0 -999.0 -999.0} "" -999.0 -999.0 -999.0 -999.0 -999 -999 "" "" "" "" 0 0 0.0 0.0 -999 ""
FIBERMAP 491 R+1C18 APOGEE 0 0 0 1 0 0 116.93224321552022 19.413400167856448 143.1 -55.70328563052016 104.62302109206315 21.616468 93.62484 -999.0 -999.0 -999.0 -999.0 -999.0 199.30769008776787 -24.692535094844725 199.33351335152486 -24.836111967523507 78.64084858895421 288.8076715047216 -999.0 16600.0 -999.0 2 79 {-999.0 -999.0 -999.0 -999.0 -999.0} "" -999.0 -999.0 -999.0 -999.0 -999 -999 "" ops_sky_apogee_best_unassigned ops_sky sky_apogee 0 0 0.0 0.0 -999 ""
FIBERMAP 491 R+1C18 BOSS 1 1 0 1 0 0 117.25812510102918 18.739820209511162 143.1 -55.168901823279036 105.1467530911984 21.616468 93.62484 199.30942708886346 -24.690872004987362 -7.0273156 -1.9901941 0.26339203 199.30940455131739 -24.690877804254438 199.33527101671106 -24.83447104945776 78.64163092801107 288.8185910131127 5400.0 5400.0 2016.0 1 240 {-999.0 18.05217 17.436184 17.270874 -999.0} sdss_psfmag_ps1 17.970873 17.605827 17.084328 16.123 63050396450290575 944648830 bright_1x1 openfibertargets_nov2020_6c open_fiber science 0 0 0.0 0.0 -999 ""
FIBERMAP 491 R+1C18 METROLOGY 0 0 0 1 0 0 116.50607828179504 18.802292627474987 143.1 -54.98817918117273 104.41410854605337 21.616468 93.62484 -999.0 -999.0 -999.0 -999.0 -999.0 199.310006952839 -24.69309397801465 199.33586420373445 -24.836681443614403 78.64302799689789 288.8094737747096 -999.0 6231.0 -999.0 -1 -999 {-999.0 -999.0 -999.0 -999.0 -999.0} "" -999.0 -999.0 -999.0 -999.0 -999 -999 "" "" "" "" 0 0 0.0 0.0 -999 ""
FIBERMAP 492 R-4C12 APOGEE 0 0 0 1 0 0 -5.985247146492732 -68.46053234543844 143.1 66.78944785124584 16.168950659704276 105.11737 133.84369 -999.0 -999.0 -999.0 -999.0 -999.0 199.7171150756035 -24.961215010990507 199.74364329347407 -25.10440378054331 79.08940869991528 288.31620651782 -999.0 16600.0 -999.0 2 -999 {-999.0 -999.0 -999.0 -999.0 -999.0} "" -999.0 -999.0 -999.0 -999.0 -999 -999 "" "" "" "" 0 0 0.0 0.0 -999 ""
FIBERMAP 492 R-4C12 BOSS 1 1 0 1 0 0 -5.607449129474852 -67.80290816269144 143.1 66.04568827791833 16.31718560297515 105.11737 133.84369 199.71462716549578 -24.96075448210698 0.41992682 5.0644655 1.2608757 199.71462851519522 -24.960739724653443 199.74119508118514 -25.103947145757218 79.08719391741336 288.3137409036661 5400.0 5400.0 2016.0 1 408 {-999.0 14.386993 13.96734 13.818563 -999.0} sdss_psfmag_from_g3xp 14.306325 13.9785795 13.482618 12.559 63050396450249555 981716509 "" ops_std_boss_tic ops_std standard_boss 0 0 0.0 0.0 -999 ""
FIBERMAP 492 R-4C12 METROLOGY 0 0 0 1 0 0 -5.237258300810497 -68.45723029591481 143.1 66.54768545918493 16.87676525007973 105.11737 133.84369 -999.0 -999.0 -999.0 -999.0 -999.0 199.7163251243719 -24.959042869277038 199.742880210316 -25.10224443470509 79.08791264985672 288.3252062342477 -999.0 6231.0 -999.0 -1 -999 {-999.0 -999.0 -999.0 -999.0 -999.0} "" -999.0 -999.0 -999.0 -999.0 -999 -999 "" "" "" "" 0 0 0.0 0.0 -999 ""
FIBERMAP 494 R+10C13 APOGEE 0 0 0 1 0 0 67.83828585404254 191.7962577307266 143.1 -203.40770759125812 3.100940332979729 258.30487 22.751884 -999.0 -999.0 -999.0 -999.0 -999.0 198.81347813846187 -24.9987486148882 198.83910226985165 -25.142707442166596 78.34947218311535 286.5101947804025 -999.0 16600.0 -999.0 2 -999 {-999.0 -999.0 -999.0 -999.0 -999.0} "" -999.0 -999.0 -999.0 -999.0 -999 -999 "" "" "" "" 0 0 0.0 0.0 -999 ""
FIBERMAP 494 R+10C13 BOSS 1 1 0 1 0 0 67.66849612549677 192.53077421702068 143.1 -204.0496393986348 2.705695910575532 258.30487 22.751884 198.81123778292368 -24.999894063938324 -2.3828614 -7.789194 0.03238439 198.81123012165705 -24.999916761036097 198.8368982555948 -25.143893997765474 78.34807163264654 286.5010284275683 5400.0 5400.0 2016.0 1 103 {-999.0 18.416368 17.85979 17.737001 -999.0} sdss_psfmag_ps1 18.295155 17.916056 17.402868 16.578 63050396450289327 944648810 bright_1x1 openfibertargets_nov2020_6c open_fiber science 0 0 0.0 0.0 -999 ""
FIBERMAP 494 R+10C13 METROLOGY 0 0 0 1 0 0 68.3896475976635 192.30172627026926 143.1 -204.06264199762248 3.4622040481845744 258.30487 22.751884 -999.0 -999.0 -999.0 -999.0 -999.0 198.81118367529692 -24.997628693696086 198.83683669338973 -25.14160153355601 78.34715563383313 286.51143696780434 -999.0 6231.0 -999.0 -1 -999 {-999.0 -999.0 -999.0 -999.0 -999.0} "" -999.0 -999.0 -999.0 -999.0 -999 -999 "" "" "" "" 0 0 0.0 0.0 -999 ""
FIBERMAP 496 R-9C5 APOGEE 0 0 1 1 0 0 -99.41061251084267 -167.1587168629818 143.1 190.1313529234995 -40.88217899314382 10.018659 169.97409 -999.0 -999.0 -999.0 -999.0 -999.0 200.1296419105653 -25.133353186504 200.1567850996421 -25.276155839459047 79.50072797262399 288.26803070473625 -999.0 16600.0 -999.0 2 268 {-999.0 -999.0 -999.0 -999.0 -999.0} "" -999.0 -999.0 -999.0 -999.0 -999 -999 "" ops_sky_apogee_best_unassigned ops_sky sky_apogee 0 0 0.0 0.0 -999 ""
FIBERMAP 496 R-9C5 BOSS 1 0 1 1 0 0 -98.65814678177327 -167.2045868952784 143.1 189.93476257614978 -40.154434154795226 10.018659 169.97409 200.10880271153195 -25.182170875855427 -0.7023865 0.9181328 0.2674072 200.12900195689147 -25.13114720738202 200.15618244722486 -25.27396644286504 79.49936077483281 288.2778793886042 5400.0 5400.0 2016.0 1 364 {-999.0 20.574156 19.8527 19.315414 -999.0} sdss_psfmag_ps1 20.432674 19.704054 18.953053 -999.0 63050396450246618 1117337458 bright_1x1 openfibertargets_bhm_quaia_boss open_fiber science 0 0 0.0 0.0 -999 ""
FIBERMAP 496 R-9C5 METROLOGY 0 0 1 1 0 0 -99.07568648407907 -167.83746516530306 143.1 190.6677493850479 -40.34822700142447 10.018659 169.97409 -999.0 -999.0 -999.0 -999.0 -999.0 200.1314866991861 -25.131733875046933 200.1586589794449 -25.274546355789262 79.50164681872276 288.2798234881911 -999.0 6231.0 -999.0 -1 -999 {-999.0 -999.0 -999.0 -999.0 -999.0} "" -999.0 -999.0 -999.0 -999.0 -999 -999 "" "" "" "" 0 0 0.0 0.0 -999 ""
FIBERMAP 499 R+7C3 APOGEE 0 0 0 1 0 0 -167.41857940077588 153.0164484051004 143.1 -91.60145500732324 -207.4796491229246 116.695854 84.91851 -999.0 -999.0 -999.0 -999.0 -999.0 199.18510649616613 -25.637879357204707 199.2117843311894 -25.78144551413151 78.8916981300937 284.09353796535544 -999.0 16600.0 -999.0 2 17 {-999.0 -999.0 -999.0 -999.0 -999.0} "" -999.0 -999.0 -999.0 -999.0 -999 -999 "" ops_sky_apogee_best_unassigned ops_sky sky_apogee 0 0 0.0 0.0 -999 ""
FIBERMAP 499 R+7C3 BOSS 1 1 0 1 0 0 -166.739476051859 153.27367753005527 143.1 -92.06188701814999 -206.91812831695822 116.695854 84.91851 199.18350075902876 -25.636202199032727 0.26015687 -0.07607055 0.090214126 199.18350159987926 -25.636202420696307 199.21021990630769 -25.77978429466713 78.88981334075953 284.0992031190217 5400.0 5400.0 2016.0 1 27 {-999.0 18.574371 18.281013 18.010384 17.787113} sdss_psfmag_from_gaiadr2 18.751146 18.33925 17.838287 15.91 63050396450241665 1057721644 bright_flexible_2x1 bhm_gua_bright bhm_filler science 0 0 0.0 0.0 -999 ""
FIBERMAP 499 R+7C3 METROLOGY 0 0 0 1 0 0 -166.86059233152542 152.51672874461485 143.1 -91.3058875652781 -206.79141849759435 116.695854 84.91851 -999.0 -999.0 -999.0 -999.0 -999.0 199.1860350936929 -25.63586933313428 199.2127433875837 -25.779445081839544 78.89183955727995 284.10482341852736 -999.0 6231.0 -999.0 -1 -999 {-999.0 -999.0 -999.0 -999.0 -999.0} "" -999.0 -999.0 -999.0 -999.0 -999 -999 "" "" "" "" 0 0 0.0 0.0 -999 ""
FIBERMAP 500 R-7C10 APOGEE 0 0 0 1 0 0 -14.992054832979633 -151.9780132109222 143.1 148.8123233577542 34.27803415865912 280.6865 90.0993 -999.0 -999.0 -999.0 -999.0 -999.0 199.99108738165503 -24.90592624971896 200.0178408215396 -25.04888019004351 79.29403399669958 289.1230540642 -999.0 16600.0 -999.0 2 190 {-999.0 -999.0 -999.0 -999.0 -999.0} "" -999.0 -999.0 -999.0 -999.0 -999 -999 "" "" "" "" 0 0 0.0 0.0 -999 ""
FIBERMAP 500 R-7C10 BOSS 1 1 0 1 0 0 -15.689412143868912 -152.12151157279445 143.1 149.17079648711257 33.66293024258969 280.6865 90.0993 199.99199657111564 -24.907737816247984 -0.58702636 -6.80921 0.62162757 199.99232068758087 -24.907757657748952 200.01911793991255 -25.050726854378937 79.29584662742334 289.1165417934359 5400.0 5400.0 2016.0 1 388 {-999.0 13.163185 12.282831 11.944283 -999.0} sdss_psfmag_from_g3xp 12.891229 12.308524 11.584422 10.035 63050396450269964 996728005 bright_1x1 mwm_bin_gaia_sb_boss mwm_bin science 0 0 1.0644479990005493 0.0 -999 ""
FIBERMAP 500 R-7C10 METROLOGY 0 0 0 1 0 0 -15.48591239388179 -151.4176171226413 143.1 148.43879352182114 33.63122120850066 280.6865 90.0993 -999.0 -999.0 -999.0 -999.0 -999.0 199.98990933144427 -24.907859336728812 200.01669288120513 -25.050825998533288 79.29388345988606 289.1112053176985 -999.0 6231.0 -999.0 -1 -999 {-999.0 -999.0 -999.0 -999.0 -999.0} "" -999.0 -999.0 -999.0 -999.0 -999 -999 "" "" "" "" 0 0 0.0 0.0 -999 ""
FIBERMAP 502 R+1C22 APOGEE 1 1 0 1 0 0 180.45040948794932 15.754187918715031 143.1 -72.49983918878335 165.98651342829132 178.95013 136.75836 199.2523854948559 -24.50674377486906 9.457388 -7.3848453 0.79193354 199.2524157813828 -24.506765293723316 199.27799051042948 -24.650412249191465 78.5177642797137 289.55466430199766 16000.0 16600.0 2016.0 2 81 {-999.0 12.41051 11.801596 11.538105 -999.0} sdss_psfmag_from_g3xp 12.086131 11.848041 11.036754 9.721 63050396450291794 1103978999 bright_1x1 mwm_tess_rgb_apogee mwm_tessrgb science 0 0 0.0 0.0 -999 ""
FIBERMAP 502 R+1C22 BOSS 0 0 0 1 0 0 179.90259405204804 16.2892503613782 143.1 -72.83214602496483 165.29664693662824 178.95013 136.75836 -999.0 -999.0 -999.0 -999.0 -999.0 199.25122896264244 -24.5087726123074 199.27684830069018 -24.65243877082832 78.51767764351278 289.54323424783246 -999.0 5400.0 -999.0 1 245 {-999.0 -999.0 -999.0 -999.0 -999.0} "" -999.0 -999.0 -999.0 -999.0 -999 -999 "" "" "" "" 0 0 0.0 0.0 -999 ""
FIBERMAP 502 R+1C22 METROLOGY 0 0 0 1 0 0 180.63635160615107 16.48249322391722 143.1 -73.24937482751238 165.930377183812 178.95013 136.75836 -999.0 -999.0 -999.0 -999.0 -999.0 199.24985067652764 -24.506840168107328 199.27545430867542 -24.65050254347604 78.5157123263393 289.5493690653674 -999.0 6231.0 -999.0 -1 -999 {-999.0 -999.0 -999.0 -999.0 -999.0} "" -999.0 -999.0 -999.0 -999.0 -999 -999 "" "" "" "" 0 0 0.0 0.0 -999 ""
FIBERMAP 504 R+7C15 APOGEE 0 0 0 1 0 0 102.48307871674669 147.2313131790034 143.1 -172.22639623817693 50.15144841808985 69.32727 129.53969 -999.0 -999.0 -999.0 -999.0 -999.0 198.91820873329516 -24.85665733516733 198.9437977249662 -25.00054550616125 78.38257231136203 287.3415687534307 -999.0 16600.0 -999.0 2 -999 {-999.0 -999.0 -999.0 -999.0 -999.0} "" -999.0 -999.0 -999.0 -999.0 -999 -999 "" "" "" "" 0 0 0.0 0.0 -999 ""
FIBERMAP 504 R+7C15 BOSS 1 1 0 1 0 0 103.18358676941148 147.4635349811141 143.1 -172.66995764630605 50.741232592369485 69.32727 129.53969 198.9166319421034 -24.854830320573978 0.49820593 0.29825565 1.9136986 198.9166335420282 -24.8548294514805 198.94226323911374 -24.99873620091141 78.38058671016144 287.3471532545509 5400.0 5400.0 2016.0 1 195 {-999.0 20.665304 20.50869 20.067566 -999.0} sdss_psfmag_ps1 20.442907 20.434565 19.686298 -999.0 63050396450289759 1117337519 bright_1x1 openfibertargets_bhm_quaia_boss open_fiber science 0 0 0.0 0.0 -999 ""
FIBERMAP 504 R+7C15 METROLOGY 0 0 0 1 0 0 103.04549783741118 146.73817734628884 143.1 -171.9384822512938 50.84177883515144 69.32727 129.53969 -999.0 -999.0 -999.0 -999.0 -999.0 198.91905898650538 -24.854532100164867 198.944678804923 -24.998432125956562 78.38248444222957 287.3527790953967 -999.0 6231.0 -999.0 -1 -999 {-999.0 -999.0 -999.0 -999.0 -999.0} "" -999.0 -999.0 -999.0 -999.0 -999 -999 "" "" "" "" 0 0 0.0 0.0 -999 ""
FIBERMAP 508 R-3C10 APOGEE 0 0 0 1 0 0 -51.98955837394251 -66.1648493117604 143.1 79.29072045595119 -28.16167344151888 252.791 153.18256 -999.0 -999.0 -999.0 -999.0 -999.0 199.759093328062 -25.095760803841838 199.78580840401173 -25.238896264792533 79.1775584395914 287.74062295489034 -999.0 16600.0 -999.0 2 -999 {-999.0 -999.0 -999.0 -999.0 -999.0} "" -999.0 -999.0 -999.0 -999.0 -999 -999 "" "" "" "" 0 0 0.0 0.0 -999 ""
FIBERMAP 508 R-3C10 BOSS 1 1 0 1 0 0 -52.51384642880237 -66.7324408239394 143.1 79.99589132519901 -28.477460185650006 252.791 153.18256 199.76154860272104 -25.096714056996234 -25.42709 -1.1303126 0.72709864 199.76146678613475 -25.096717350615553 199.78822681702349 -25.23986654000434 79.17995122261442 287.7404087351369 5400.0 5400.0 2016.0 1 494 {-999.0 16.023344 15.62207 15.23718 -999.0} sdss_psfmag_ps1 15.806096 15.430974 14.874489 13.805 63050396450248990 1072887897 bright_1x1 mwm_halo_local_high_boss_single mwm_halo science 0 0 0.0 0.0 -999 ""
FIBERMAP 508 R-3C10 METROLOGY 0 0 0 1 0 0 -52.716930607176195 -65.99041350374857 143.1 79.35746353493167 -28.906653917754056 252.791 153.18256 -999.0 -999.0 -999.0 -999.0 -999.0 199.75934827294762 -25.098029850886398 199.7860959411331 -25.241176262531603 79.1786870177285 287.7299810494824 -999.0 6231.0 -999.0 -1 -999 {-999.0 -999.0 -999.0 -999.0 -999.0} "" -999.0 -999.0 -999.0 -999.0 -999 -999 "" "" "" "" 0 0 0.0 0.0 -999 ""
FIBERMAP 510 R-3C24 APOGEE 0 0 0 1 0 0 269.19984355443785 -60.280241957603685 143.1 -28.75609777897307 274.35172025339654 338.28775 127.19103 -999.0 -999.0 -999.0 -999.0 -999.0 199.39896045642217 -24.180718921458492 199.4243479731722 -24.32427988229343 78.49582789201126 291.31932605901784 -999.0 16600.0 -999.0 2 238 {-999.0 -999.0 -999.0 -999.0 -999.0} "" -999.0 -999.0 -999.0 -999.0 -999 -999 "" ops_sky_apogee_best_unassigned ops_sky sky_apogee 0 0 0.0 0.0 -999 ""
FIBERMAP 510 R-3C24 BOSS 1 1 0 1 0 0 269.458271591868 -60.971471395400584 143.1 -28.183467586915263 274.8171570932059 338.28775 127.19103 199.40082993520014 -24.17931595929647 -2.89627 -1.2061201 0.3475987 199.40082068407813 -24.17931947383524 199.42625127181262 -24.32289853528682 78.49675938059994 291.3294153607233 5400.0 5400.0 2016.0 1 348 {-999.0 17.705053 17.172962 16.973782 -999.0} sdss_psfmag_ps1 17.621063 17.211924 16.624146 15.376 63050396450312910 944649159 bright_1x1 openfibertargets_nov2020_6c open_fiber science 0 0 0.0 0.0 -999 ""
FIBERMAP 510 R-3C24 METROLOGY 0 0 0 1 0 0 268.7172635061714 -60.83415552518888 143.1 -28.07719570589485 274.0710964184672 338.28775 127.19103 -999.0 -999.0 -999.0 -999.0 -999.0 199.40117272135697 -24.181507217680235 199.4265939480457 -24.325080185730943 78.49801613526552 291.32033658192023 -999.0 6231.0 -999.0 -1 -999 {-999.0 -999.0 -999.0 -999.0 -999.0} "" -999.0 -999.0 -999.0 -999.0 -999 -999 "" "" "" "" 0 0 0.0 0.0 -999 ""
FIBERMAP 511 R-1C13 APOGEE 0 0 0 1 0 0 -4.229116547097775 -35.108749853862385 143.1 34.62174369206915 7.192917741080688 323.72403 83.70659 -999.0 -999.0 -999.0 -999.0 -999.0 199.60941023497767 -24.988491188683845 199.63585521922914 -25.131770740864468 79.01070606988338 287.97994879473777 -999.0 16600.0 -999.0 2 180 {-999.0 -999.0 -999.0 -999.0 -999.0} "" -999.0 -999.0 -999.0 -999.0 -999 -999 "" ops_sky_apogee_best_unassigned ops_sky sky_apogee 0 0 0.0 0.0 -999 ""
FIBERMAP 511 R-1C13 BOSS 1 1 0 1 0 0 -4.735580422877896 -35.65224624253601 143.1 35.29839314483436 6.886335811283225 323.72403 83.70659 199.6116598568683 -24.989402194665235 0.0105182305 0.23494112 0.20980766 199.61165989068311 -24.989401510065306 199.6381503059392 -25.132695411875282 79.01298021271957 287.9797958100644 5400.0 5400.0 2016.0 1 431 {-999.0 20.43068 19.786245 19.660769 -999.0} sdss_psfmag_ps1 20.248968 19.854815 19.2971 -999.0 63050396450249810 1117337323 bright_1x1 openfibertargets_bhm_quaia_boss open_fiber science 0 0 0.0 0.0 -999 ""
FIBERMAP 511 R-1C13 METROLOGY 0 0 0 1 0 0 -4.956004281907259 -34.94044782421165 143.1 34.69414517386362 6.450353300414401 323.72403 83.70659 -999.0 -999.0 -999.0 -999.0 -999.0 199.6096501304765 -24.990729653375883 199.63612801391616 -25.134020499131196 79.01182106924215 287.96961616949386 -999.0 6231.0 -999.0 -1 -999 {-999.0 -999.0 -999.0 -999.0 -999.0} "" -999.0 -999.0 -999.0 -999.0 -999 -999 "" "" "" "" 0 0 0.0 0.0 -999 ""
FIBERMAP 512 R+9C8 APOGEE 1 1 0 1 0 0 -15.348065222879221 163.72670077730498 143.1 -150.2670430087528 -66.77954409815626 32.85207 36.00914 198.9896475285215 -25.211466048452188 -18.089705 -2.1146204 1.6502498 198.98958926662303 -25.21147221027816 199.01561549054026 -25.35525660170198 78.5765862808328 285.81942869624635 16000.0 16600.0 2016.0 2 134 {-999.0 12.662123 12.250808 12.126475 -999.0} sdss_psfmag_from_g3xp 12.588163 12.272038 11.794292 10.976 63050396450288393 975319316 "" ops_std_apogee ops_std standard_apogee 0 0 0.0 0.0 -999 ""
FIBERMAP 512 R+9C8 BOSS 0 0 0 1 0 0 -15.593671200584254 163.0226338163729 143.1 -149.5214432836542 -66.78768404450611 32.85207 36.00914 -999.0 -999.0 -999.0 -999.0 -999.0 198.99197004190972 -25.21152051611714 199.0180440065775 -25.355318828756303 78.57865217643247 285.82317974173907 -999.0 5400.0 -999.0 1 129 {-999.0 -999.0 -999.0 -999.0 -999.0} "" -999.0 -999.0 -999.0 -999.0 -999 -999 "" "" "" "" 0 0 0.0 0.0 -999 ""
FIBERMAP 512 R+9C8 METROLOGY 0 0 0 1 0 0 -16.08332897928115 163.59720825589736 143.1 -149.90974979321467 -67.43504022694012 32.85207 36.00914 -999.0 -999.0 -999.0 -999.0 -999.0 198.99065726802095 -25.21348809679973 199.01671922168418 -25.35728279360197 78.57825407659548 285.8117400236604 -999.0 6231.0 -999.0 -1 -999 {-999.0 -999.0 -999.0 -999.0 -999.0} "" -999.0 -999.0 -999.0 -999.0 -999 -999 "" "" "" "" 0 0 0.0 0.0 -999 ""
FIBERMAP 513 R+2C25 APOGEE 0 0 0 1 0 0 280.69203707638354 53.5264341349129 143.1 -140.27692389772102 248.93478414083182 94.18478 67.789185 -999.0 -999.0 -999.0 -999.0 -999.0 199.02917354391082 -24.256797461264668 199.05426720668947 -24.40066522472301 78.22693039646158 290.24251423580466 -999.0 16600.0 -999.0 2 108 {-999.0 -999.0 -999.0 -999.0 -999.0} "" -999.0 -999.0 -999.0 -999.0 -999 -999 "" ops_sky_apogee_best_unassigned ops_sky sky_apogee 0 0 0.0 0.0 -999 ""
FIBERMAP 513 R+2C25 BOSS 1 1 0 1 0 0 281.38689684204957 53.322242145707875 143.1 -140.30509453609358 249.65844579450592 94.18478 67.789185 199.0290752251329 -24.254628455631284 -1.1306987 -1.1892607 0.109123945 199.02907161137543 -24.25463192104329 199.054207098317 -24.39851943063411 78.22594985990928 290.25187221423903 5400.0 5400.0 2016.0 1 184 {-999.0 17.534534 16.867472 16.477638 -999.0} sdss_psfmag_ps1 17.324446 16.789278 16.100193 14.662 63050396450295169 1061718670 bright_1x1 manual_mwm_halo_distant_kgiant_near_boss_single mwm_halo science 0 0 0.0 0.0 -999 ""
FIBERMAP 513 R+2C25 METROLOGY 0 0 0 1 0 0 280.8446395655637 52.79620247056626 143.1 -139.63356951584453 249.31237323978766 94.18478 67.789185 -999.0 -999.0 -999.0 -999.0 -999.0 199.03126434561824 -24.255625196720974 199.0563906109826 -24.3995052339498 78.2281691129861 290.2517497952964 -999.0 6231.0 -999.0 -1 -999 {-999.0 -999.0 -999.0 -999.0 -999.0} "" -999.0 -999.0 -999.0 -999.0 -999 -999 "" "" "" "" 0 0 0.0 0.0 -999 ""
FIBERMAP 516 R+10C9 APOGEE 0 0 0 1 0 0 -21.47670310209502 191.70699632703048 143.1 -174.82869551965481 -81.51428080359972 253.83475 31.537823 -999.0 -999.0 -999.0 -999.0 -999.0 198.9073667860089 -25.25562931943227 198.9333518148676 -25.39947784257932 78.52334132004813 285.4761115330973 -999.0 16600.0 -999.0 2 -999 {-999.0 -999.0 -999.0 -999.0 -999.0} "" -999.0 -999.0 -999.0 -999.0 -999 -999 "" "" "" "" 0 0 0.0 0.0 -999 ""
FIBERMAP 516 R+10C9 BOSS 1 1 0 1 0 0 -21.67348534336596 192.41132303350082 143.1 -175.43340501272013 -81.92547446234069 253.83475 31.537823 198.90530567141792 -25.256879947356648 -20.588387 3.2587223 0.54642063 198.90523933719433 -25.256870451681767 198.93126813520738 -25.40073624215996 78.52203818306661 285.46680654864133 5400.0 5400.0 2016.0 1 126 {-999.0 15.583234 15.132853 14.791099 -999.0} sdss_psfmag_ps1 15.420762 15.022295 14.448072 13.409 63050396450283473 1073376801 bright_1x1 mwm_halo_local_high_boss_single mwm_halo science 0 0 0.0 0.0 -999 ""
FIBERMAP 516 R+10C9 METROLOGY 0 0 0 1 0 0 -20.951839660162225 192.2399283903543 143.1 -175.50120324186133 -81.18689126171427 253.83475 31.537823 -999.0 -999.0 -999.0 -999.0 -999.0 198.905008552956 -25.254647663600302 198.93102230714953 -25.398509528648344 78.52102947438729 285.47684437497514 -999.0 6231.0 -999.0 -1 -999 {-999.0 -999.0 -999.0 -999.0 -999.0} "" -999.0 -999.0 -999.0 -999.0 -999 -999 "" "" "" "" 0 0 0.0 0.0 -999 ""
FIBERMAP 517 R+13C10 APOGEE 0 0 0 1 0 0 62.86144774365992 246.33607344329104 143.1 -253.50724470549136 -19.015597741789815 275.86493 151.74043 -999.0 -999.0 -999.0 -999.0 -999.0 198.6466454040787 -25.064674992457512 198.6721610980751 -25.208765040958813 78.23393798822198 285.93042635794677 -999.0 16600.0 -999.0 2 97 {-999.0 -999.0 -999.0 -999.0 -999.0} "" -999.0 -999.0 -999.0 -999.0 -999 -999 "" "" "" "" 0 0 0.0 0.0 -999 ""
FIBERMAP 517 R+13C10 BOSS 1 1 0 1 0 0 62.53774278735414 245.65677356370048 143.1 -252.76020056811006 -19.105653501792645 275.86493 151.74043 198.64905734366755 -25.064950541994417 0.05347921 0.39396578 0.57679 198.64905751570262 -25.064949394009165 198.67462166897403 -25.2090538404036 78.23611370833343 285.9331394341118 5400.0 5400.0 2016.0 1 171 {-999.0 20.139563 19.984846 19.70251 -999.0} sdss_psfmag_ps1 20.27502 19.985323 19.740726 -999.0 63050396450284546 1117337574 bright_1x1 openfibertargets_bhm_quaia_boss open_fiber science 0 0 0.0 0.0 -999 ""
FIBERMAP 517 R+13C10 METROLOGY 0 0 0 1 0 0 62.1189563392461 246.27646123874308 143.1 -253.21387111759176 -19.700237622688054 275.86493 151.74043 -999.0 -999.0 -999.0 -999.0 -999.0 198.64750535527182 -25.06674521594877 198.67305692104424 -25.210846103872054 78.23545914260654 285.9224069525746 -999.0 6231.0 -999.0 -1 -999 {-999.0 -999.0 -999.0 -999.0 -999.0} "" -999.0 -999.0 -999.0 -999.0 -999 -999 "" "" "" "" 0 0 0.0 0.0 -999 ""
FIBERMAP 519 R-5C15 APOGEE 0 0 0 1 0 0 83.94078077829515 -112.57191409433077 143.1 79.90438607608652 115.4647116080358 315.1374 89.40916 -999.0 -999.0 -999.0 -999.0 -999.0 199.76046275057666 -24.660025052057623 199.7867166783244 -24.803212717465026 79.00114335936786 289.8454869037743 -999.0 16600.0 -999.0 2 -999 {-999.0 -999.0 -999.0 -999.0 -999.0} "" -999.0 -999.0 -999.0 -999.0 -999 -999 "" "" "" "" 0 0 0.0 0.0 -999 ""
FIBERMAP 519 R-5C15 BOSS 1 1 0 1 0 0 83.4398409187625 -113.08461657193494 143.1 80.5500898366487 115.15354051074576 315.1374 89.40916 199.76268599546802 -24.660838283815032 -20.953194 -19.76424 0.8921281 199.76261881191252 -24.660895875239135 199.78891714883017 -24.804099098180885 79.00332833134073 289.84570563937854 5400.0 5400.0 2016.0 1 281 {-999.0 15.078266 14.657794 14.495786 -999.0} sdss_psfmag_from_g3xp 14.9969845 14.666393 14.158538 13.244 63050396450271043 1072580421 bright_1x1 mwm_halo_local_high_boss_single mwm_halo science 0 0 0.0 0.0 -999 ""
FIBERMAP 519 R-5C15 METROLOGY 0 0 0 1 0 0 83.21973398051252 -112.37294240739139 143.1 79.94585851267131 114.71789798632882 315.1374 89.40916 -999.0 -999.0 -999.0 -999.0 -999.0 199.76062722950277 -24.66220793765271 199.78691345073844 -24.805407819647655 79.00223353693718 289.83545646968076 -999.0 6231.0 -999.0 -1 -999 {-999.0 -999.0 -999.0 -999.0 -999.0} "" -999.0 -999.0 -999.0 -999.0 -999 -999 "" "" "" "" 0 0 0.0 0.0 -999 ""
FIBERMAP 520 R+1C14 APOGEE 0 0 0 1 0 0 11.597559032224114 41.49480825384184 143.1 -43.02457841248665 -2.2472170900146393 164.92557 19.822128 -999.0 -999.0 -999.0 -999.0 -999.0 199.34921271089277 -25.016907535700625 199.3754160131698 -25.160408999666362 78.80489539388967 287.363955008055 -999.0 16600.0 -999.0 2 121 {-999.0 -999.0 -999.0 -999.0 -999.0} "" -999.0 -999.0 -999.0 -999.0 -999 -999 "" ops_sky_apogee_best_unassigned ops_sky sky_apogee 0 0 0.0 0.0 -999 ""
FIBERMAP 520 R+1C14 BOSS 1 1 0 1 0 0 12.346290221422619 41.50938378300684 143.1 -43.277261498487874 -1.5422955924617976 164.92557 19.822128 199.3482971191406 -25.014749902375982 -999.0 -999.0 -999.0 199.34829711914057 -25.014749902375982 199.3745403897117 -25.15826884884667 78.80333647497332 287.3725392529757 5400.0 5400.0 2015.5 1 101 {-999.0 -999.0 -999.0 -999.0 -999.0} "" -999.0 -999.0 -999.0 -999.0 27021603177279053 814933664 "" ops_sky_boss_good ops_sky sky_boss 0 0 0.0 0.0 -999 ""
FIBERMAP 520 R+1C14 METROLOGY 0 0 0 1 0 0 11.986847796464854 40.85128054705214 143.1 -42.53890396466565 -1.6729821313650284 164.92557 19.822128 -999.0 -999.0 -999.0 -999.0 -999.0 199.35077889684123 -25.015156162630333 199.3770129922067 -25.15866826518902 78.80555461522522 287.3751037859233 -999.0 6231.0 -999.0 -1 -999 {-999.0 -999.0 -999.0 -999.0 -999.0} "" -999.0 -999.0 -999.0 -999.0 -999 -999 "" "" "" "" 0 0 0.0 0.0 -999 ""
FIBERMAP 521 R+12C7 APOGEE 0 0 0 1 0 0 -34.36085860600544 237.9629850439373 143.1 -214.55496627227154 -108.48175997484782 156.93382 117.98347 -999.0 -999.0 -999.0 -999.0 -999.0 198.77457255809006 -25.33625314883664 198.80049886667928 -25.480203306270713 78.43993272724728 284.88455752745244 -999.0 16600.0 -999.0 2 -999 {-999.0 -999.0 -999.0 -999.0 -999.0} "" -999.0 -999.0 -999.0 -999.0 -999 -999 "" "" "" "" 0 0 0.0 0.0 -999 ""
FIBERMAP 521 R+12C7 BOSS 1 1 0 1 0 0 -34.415375515168236 238.69090398241025 143.1 -215.22742141303593 -108.76565566201995 156.93382 117.98347 198.7721879167711 -25.33707403849059 21.857832 -5.4568954 4.539006 198.7722583876691 -25.33708993943697 198.79822723067517 -25.481056987217787 78.43831288964348 284.8769738403419 5400.0 5400.0 2016.0 1 162 {-999.0 20.307789 18.823074 17.26492 -999.0} sdss_psfmag_ps1 19.601128 18.052588 16.799168 14.403 63050396450283317 1096746773 bright_1x1 mwm_bin_vis_boss mwm_filler science 0 0 0.0 0.0 -999 ""
FIBERMAP 521 R+12C7 METROLOGY 0 0 0 1 0 0 -33.74915252962928 238.3934660457487 143.1 -215.15808691394886 -108.03938452328423 156.93382 117.98347 -999.0 -999.0 -999.0 -999.0 -999.0 198.77246994870714 -25.334918475965235 198.79842526321318 -25.478881608267056 78.43771568388088 284.887448516478 -999.0 6231.0 -999.0 -1 -999 {-999.0 -999.0 -999.0 -999.0 -999.0} "" -999.0 -999.0 -999.0 -999.0 -999 -999 "" "" "" "" 0 0 0.0 0.0 -999 ""
FIBERMAP 522 R-4C13 APOGEE 0 0 0 1 0 0 31.08859893726138 -92.6815054079176 143.1 77.91585610478056 59.031073268935806 329.43842 83.852104 -999.0 -999.0 -999.0 -999.0 -999.0 199.75416259552125 -24.83110677767142 199.78059120435034 -24.974279005636138 79.06735132059366 289.0157499133309 -999.0 16600.0 -999.0 2 -999 {-999.0 -999.0 -999.0 -999.0 -999.0} "" -999.0 -999.0 -999.0 -999.0 -999 -999 "" "" "" "" 0 0 0.0 0.0 -999 ""
FIBERMAP 522 R-4C13 BOSS 1 1 0 1 0 0 30.63515442068713 -93.26697975868792 143.1 78.6153730979774 58.78813006727234 329.43842 83.852104 199.75652665493962 -24.8317821888677 -5.486741 -3.5713031 0.12179762 199.75650903825016 -24.83179259536263 199.78298236413534 -24.97497965533263 79.06961562971598 289.01706785449363 5400.0 5400.0 2016.0 1 406 {-999.0 16.171219 15.433412 15.102324 -999.0} sdss_psfmag_ps1 15.964044 15.383515 14.650612 13.058 63050396450250267 1061718698 bright_1x1 manual_mwm_halo_distant_kgiant_near_boss_single mwm_halo science 0 0 0.0 0.0 -999 ""
FIBERMAP 522 R-4C13 METROLOGY 0 0 0 1 0 0 30.34556291542987 -92.5955072273735 143.1 78.07140867164769 58.29946275267431 329.43842 83.852104 -999.0 -999.0 -999.0 -999.0 -999.0 199.75471290455997 -24.833275627833356 199.78117424786035 -24.97645927504588 79.06872733442117 289.00640677389305 -999.0 6231.0 -999.0 -1 -999 {-999.0 -999.0 -999.0 -999.0 -999.0} "" -999.0 -999.0 -999.0 -999.0 -999 -999 "" "" "" "" 0 0 0.0 0.0 -999 ""
FIBERMAP 525 R+2C1 APOGEE 0 0 0 1 0 0 -270.24679905335904 27.60872413698631 143.1 60.05286581467581 -264.92062982243533 248.64015 131.56564 -999.0 -999.0 -999.0 -999.0 -999.0 199.69424776321918 -25.811359101382976 199.72166023829982 -25.9544636711498 79.38192179636529 284.0401158134409 -999.0 16600.0 -999.0 2 4 {-999.0 -999.0 -999.0 -999.0 -999.0} "" -999.0 -999.0 -999.0 -999.0 -999 -999 "" ops_sky_apogee_best_unassigned ops_sky sky_apogee 0 0 0.0 0.0 -999 ""
FIBERMAP 525 R+2C1 BOSS 1 1 0 1 0 0 -270.9465280746418 27.31356818533229 143.1 60.55582129755164 -265.48959764600585 248.64015 131.56564 199.6959200581641 -25.813031896883867 -9.196615 -2.9133348 2.2837245 199.69589028963924 -25.81304038610906 199.7233478227394 -25.95615645046176 79.38391429699371 284.0341750706462 5400.0 5400.0 2016.0 1 4 {-999.0 19.249252 17.7637 16.879522 -999.0} sdss_psfmag_ps1 18.67954 17.451468 16.388174 14.288 63050396450243084 1096623068 bright_1x1 mwm_bin_vis_boss mwm_filler science 0 0 0.0 0.0 -999 ""
FIBERMAP 525 R+2C1 METROLOGY 0 0 0 1 0 0 -270.8241983812401 28.073476487899185 143.1 59.796629995269505 -265.6161016980619 248.64015 131.56564 -999.0 -999.0 -999.0 -999.0 -999.0 199.69336481260984 -25.813479074322945 199.7208088490172 -25.956593697083488 79.38190498643408 284.02783248166804 -999.0 6231.0 -999.0 -1 -999 {-999.0 -999.0 -999.0 -999.0 -999.0} "" -999.0 -999.0 -999.0 -999.0 -999 -999 "" "" "" "" 0 0 0.0 0.0 -999 ""
FIBERMAP 526 R+6C6 APOGEE 0 0 0 1 0 0 -96.64568681453937 113.13580550711885 143.1 -76.38550232659543 -127.68503438396256 7.1943097 96.29838 -999.0 -999.0 -999.0 -999.0 -999.0 199.23652936420018 -25.397095744718957 199.26301058299077 -25.540647405113276 78.85176818089485 285.34695400492006 -999.0 16600.0 -999.0 2 -999 {-999.0 -999.0 -999.0 -999.0 -999.0} "" -999.0 -999.0 -999.0 -999.0 -999 -999 "" "" "" "" 0 0 0.0 0.0 -999 ""
FIBERMAP 526 R+6C6 BOSS 1 1 0 1 0 0 -96.48062641097833 112.3928830889936 143.1 -75.73409541837036 -127.29159016793822 7.1943097 96.29838 199.23863984316992 -25.395922655407198 -1.3022501 -10.980371 0.14388718 199.23863564259548 -25.395954651344546 199.26516157329482 -25.53951966939393 78.85318102444207 285.35597619010196 5400.0 5400.0 2016.0 1 56 {-999.0 18.215475 17.785566 17.610138 17.531437} sdss_psfmag_from_gaia 18.1356 17.7997 17.2743 -999.0 63050396450247235 973154265 "" ops_std_boss_gdr2 ops_std standard_boss 0 0 0.0 0.0 -999 ""
FIBERMAP 526 R+6C6 METROLOGY 0 0 0 1 0 0 -97.18496549272763 112.61746515170783 143.1 -75.72222421243265 -128.03074046119588 7.1943097 96.29838 -999.0 -999.0 -999.0 -999.0 -999.0 199.23867451927077 -25.398210656252736 199.26519055460312 -25.54177110981688 78.85400613867347 285.3451392654287 -999.0 6231.0 -999.0 -1 -999 {-999.0 -999.0 -999.0 -999.0 -999.0} "" -999.0 -999.0 -999.0 -999.0 -999 -999 "" "" "" "" 0 0 0.0 0.0 -999 ""
FIBERMAP 527 R0C23 APOGEE 0 0 0 1 0 0 213.30518329795922 -4.426740255494033 143.1 -63.856153377064345 203.56131954904927 334.68033 119.38547 -999.0 -999.0 -999.0 -999.0 -999.0 199.28167817332056 -24.39340676363639 199.30716637800197 -24.53704257190182 78.4934490544789 290.12607176480043 -999.0 16600.0 -999.0 2 84 {-999.0 -999.0 -999.0 -999.0 -999.0} "" -999.0 -999.0 -999.0 -999.0 -999 -999 "" ops_sky_apogee_best_unassigned ops_sky sky_apogee 0 0 0.0 0.0 -999 ""
FIBERMAP 527 R0C23 BOSS 1 1 0 1 0 0 213.40484987559054 -5.1530116001816815 143.1 -63.199663888049 203.887477881491 334.68033 119.38547 199.2838022016268 -24.392356536226472 1.1063855 -1.25413 0.24517295 199.28380574152243 -24.392360190662465 199.30933819679308 -24.536013079678987 78.49478906676002 290.13499470064494 5400.0 5400.0 2016.0 1 257 {-999.0 18.451273 17.958101 17.761246 -999.0} sdss_psfmag_ps1 18.318584 17.973124 17.464529 -999.0 63050396450291972 944648785 bright_1x1 openfibertargets_nov2020_6c open_fiber science 0 0 0.0 0.0 -999 ""
FIBERMAP 527 R0C23 METROLOGY 0 0 0 1 0 0 212.71420088743196 -4.8730093399441055 143.1 -63.2446819211093 203.14362080621325 334.68033 119.38547 -999.0 -999.0 -999.0 -999.0 -999.0 199.283648277179 -24.39457753273629 199.30917071816998 -24.538224972088678 78.49560378426482 290.12465616459934 -999.0 6231.0 -999.0 -1 -999 {-999.0 -999.0 -999.0 -999.0 -999.0} "" -999.0 -999.0 -999.0 -999.0 -999 -999 "" "" "" "" 0 0 0.0 0.0 -999 ""
FIBERMAP 529 R-10C15 APOGEE 0 0 0 1 0 0 129.4394186638064 -203.1885641054883 143.1 151.26610502816482 187.49340319314405 216.97101 138.98808 -999.0 -999.0 -999.0 -999.0 -999.0 199.9968603475475 -24.44241841618165 200.02312387842744 -24.585424080194066 79.10013696756012 291.36929622984877 -999.0 16600.0 -999.0 2 228 {-999.0 -999.0 -999.0 -999.0 -999.0} "" -999.0 -999.0 -999.0 -999.0 -999 -999 "" ops_sky_apogee_best_unassigned ops_sky sky_apogee 0 0 0.0 0.0 -999 ""
FIBERMAP 529 R-10C15 BOSS 1 1 0 1 0 0 128.70117463718964 -203.14361338520584 143.1 151.45902941545893 186.77942953441752 216.97101 138.98808 199.99758703518225 -24.444490356464225 -28.814756 -13.910904 6.1475706 199.9974948038492 -24.444530891714365 200.02380010696302 -24.587553620022515 79.10163513629372 291.36065653999583 5400.0 5400.0 2016.0 1 330 {-999.0 22.262276 20.943254 18.878658 -999.0} sdss_psfmag_ps1 21.091412 19.609867 18.248623 15.357 63050396450271570 1081909891 bright_flexible_2x1 mwm_snc_ext_filler_boss mwm_snc science 0 0 0.0 0.0 -999 ""
FIBERMAP 529 R-10C15 METROLOGY 0 0 0 1 0 0 129.11760595239372 -202.52027767872917 143.1 150.73543969352204 186.97521635567546 216.97101 138.98808 -999.0 -999.0 -999.0 -999.0 -999.0 199.99512865892203 -24.44391325082813 200.02142118155837 -24.586933433049413 79.09942177448784 291.3585051927953 -999.0 6231.0 -999.0 -1 -999 {-999.0 -999.0 -999.0 -999.0 -999.0} "" -999.0 -999.0 -999.0 -999.0 -999 -999 "" "" "" "" 0 0 0.0 0.0 -999 ""
FIBERMAP 530 R+6C5 APOGEE 0 0 0 1 0 0 -140.30690214183576 125.15727331845068 143.1 -73.84886792105726 -172.89795479579055 99.00073 138.35934 -999.0 -999.0 -999.0 -999.0 -999.0 199.24481421457804 -25.533836341339857 199.27144732431793 -25.677364164851234 78.90679665975574 284.69687411739505 -999.0 16600.0 -999.0 2 30 {-999.0 -999.0 -999.0 -999.0 -999.0} "" -999.0 -999.0 -999.0 -999.0 -999 -999 "" ops_sky_apogee_best_unassigned ops_sky sky_apogee 0 0 0.0 0.0 -999 ""
FIBERMAP 530 R+6C5 BOSS 1 1 0 1 0 0 -139.920608097602 125.79298460696941 143.1 -74.5745711852518 -172.73467724461557 99.00073 138.35934 199.24231807355721 -25.53336838427336 -2.9260972 -2.2374048 0.03921713 199.24230862426992 -25.533374903894437 199.26898228150773 -25.676919441702857 78.90455811493912 284.69505885256166 5400.0 5400.0 2016.0 1 50 {-999.0 18.683994 18.306396 17.93041 -999.0} sdss_psfmag_ps1 18.590809 18.193071 17.667974 -999.0 63050396450241950 944648194 bright_1x1 openfibertargets_nov2020_6c open_fiber science 0 0 0.0 0.0 -999 ""
FIBERMAP 530 R+6C5 METROLOGY 0 0 0 1 0 0 -139.55584958833327 125.13542624124354 143.1 -74.06777394210367 -172.17921333490003 99.00073 138.35934 -999.0 -999.0 -999.0 -999.0 -999.0 199.24401372063107 -25.531730669372358 199.27067514775024 -25.67526984176553 78.90542055113944 284.70584082271205 -999.0 6231.0 -999.0 -1 -999 {-999.0 -999.0 -999.0 -999.0 -999.0} "" -999.0 -999.0 -999.0 -999.0 -999 -999 "" "" "" "" 0 0 0.0 0.0 -999 ""
FIBERMAP 531 R-4C14 APOGEE 0 0 0 1 0 0 32.74823482592021 -70.63961164744056 143.1 56.4973037210122 53.57181894013392 156.67867 109.63086 -999.0 -999.0 -999.0 -999.0 -999.0 199.68257762060807 -24.847688524461713 199.70894980048013 -24.99092144077168 79.01488228700008 288.7962655584635 -999.0 16600.0 -999.0 2 -999 {-999.0 -999.0 -999.0 -999.0 -999.0} "" -999.0 -999.0 -999.0 -999.0 -999 -999 "" "" "" "" 0 0 0.0 0.0 -999 ""
FIBERMAP 531 R-4C14 BOSS 1 1 0 1 0 0 32.75597797536747 -69.92302194310287 143.1 55.815722274145216 53.35054142756653 156.67867 109.63086 199.68029941704515 -24.848311855920596 -1.6862978 0.243693 0.43298906 199.68029400200024 -24.848311145818307 199.70670624554182 -24.991562896827435 79.0132861150064 288.788847189788 5400.0 5400.0 2016.0 1 270 {-999.0 21.323566 20.571558 20.232246 -999.0} sdss_psfmag_ps1 20.577501 20.46236 19.764557 -999.0 63050396450250218 1117337328 bright_1x1 openfibertargets_bhm_quaia_boss open_fiber science 0 0 0.0 0.0 -999 ""
FIBERMAP 531 R-4C14 METROLOGY 0 0 0 1 0 0 33.411311740209456 -70.29345095855064 143.1 55.957704342892406 54.089779420958585 156.67867 109.63086 -999.0 -999.0 -999.0 -999.0 -999.0 199.68078395874775 -24.846067445033096 199.7071826364396 -24.989314279466047 79.01276494592152 288.80054577979945 -999.0 6231.0 -999.0 -1 -999 {-999.0 -999.0 -999.0 -999.0 -999.0} "" -999.0 -999.0 -999.0 -999.0 -999 -999 "" "" "" "" 0 0 0.0 0.0 -999 ""
FIBERMAP 534 R-5C9 APOGEE 0 0 0 1 0 0 -43.87022264017501 -91.5252713060473 143.1 100.73442412572922 -12.376180812583657 25.17502 116.59486 -999.0 -999.0 -999.0 -999.0 -999.0 199.83082844367877 -25.04775225424269 199.85756725157603 -25.19083051299108 79.21838766078119 288.1125237217608 -999.0 16600.0 -999.0 2 266 {-999.0 -999.0 -999.0 -999.0 -999.0} "" -999.0 -999.0 -999.0 -999.0 -999 -999 "" ops_sky_apogee_best_unassigned ops_sky sky_apogee 0 0 0.0 0.0 -999 ""
FIBERMAP 534 R-5C9 BOSS 1 1 0 1 0 0 -43.2906950462974 -91.98821794308247 143.1 100.98826968559626 -11.679268064169023 25.17502 116.59486 199.8316955566406 -25.045626095471803 -999.0 -999.0 -999.0 199.8316955566406 -25.045626095471803 199.85847437742507 -25.188720006724783 79.21830694971825 288.1246215617978 5400.0 5400.0 2015.5 1 361 {-999.0 -999.0 -999.0 -999.0 -999.0} "" -999.0 -999.0 -999.0 -999.0 27021603177279201 814933747 "" ops_sky_boss_good ops_sky sky_boss 0 0 0.0 0.0 -999 ""
FIBERMAP 534 R-5C9 METROLOGY 0 0 0 1 0 0 -43.98770548670129 -92.27276719373342 143.1 101.48030589505748 -12.249043378676179 25.17502 116.59486 -999.0 -999.0 -999.0 -999.0 -999.0 199.83336683545636 -25.047358837074494 199.86013757079684 -25.190446480053794 79.22037207874905 288.11932674224823 -999.0 6231.0 -999.0 -1 -999 {-999.0 -999.0 -999.0 -999.0 -999.0} "" -999.0 -999.0 -999.0 -999.0 -999 -999 "" "" "" "" 0 0 0.0 0.0 -999 ""
FIBERMAP 536 R+4C9 APOGEE 1 1 0 1 0 0 -50.89094888133327 90.7723100021404 143.1 -69.78891315501983 -77.18863833480296 99.2997 41.672607 199.2589855473306 -25.244144189793 -2.7963402 -4.066061 0.14892611 199.25897653867688 -25.244156037974196 199.2853218647137 -25.387707179539674 78.81522604791292 286.12084197364925 16000.0 16600.0 2016.0 2 40 {-999.0 14.314351 12.902658 12.176769 -999.0} sdss_psfmag_from_g3xp 13.744035 12.757384 11.77892 9.609 63050396450248091 1153097398 bright_1x1 mwm_galactic_core_dist_apogee_sparse mwm_galactic science 0 0 0.0 0.0 -999 ""
FIBERMAP 536 R+4C9 BOSS 0 0 0 1 0 0 -50.30606183067803 90.30141707714229 143.1 -69.5292467514129 -76.48411130897202 99.2997 41.672607 -999.0 -999.0 -999.0 -999.0 -999.0 199.25976596263828 -25.24204842484642 199.28615368110718 -25.385614763937816 78.8151549826372 286.1322976985355 -999.0 5400.0 -999.0 1 66 {-999.0 -999.0 -999.0 -999.0 -999.0} "" -999.0 -999.0 -999.0 -999.0 -999 -999 "" "" "" "" 0 0 0.0 0.0 -999 ""
FIBERMAP 536 R+4C9 METROLOGY 0 0 0 1 0 0 -51.00890785142738 90.03651297805209 143.1 -69.05396648437548 -77.06568444485684 99.2997 41.672607 -999.0 -999.0 -999.0 -999.0 -999.0 199.26136107790785 -25.2438291917818 199.2877399676504 -25.387389518254153 78.81714055419467 286.1265079411337 -999.0 6231.0 -999.0 -1 -999 {-999.0 -999.0 -999.0 -999.0 -999.0} "" -999.0 -999.0 -999.0 -999.0 -999 -999 "" "" "" "" 0 0 0.0 0.0 -999 ""
FIBERMAP 537 R-10C13 APOGEE 0 0 0 1 0 0 94.84045593230664 -200.02169129284295 143.1 159.30307091039782 153.69367478134754 240.01892 168.22398 -999.0 -999.0 -999.0 -999.0 -999.0 200.0241877084352 -24.54439480669681 200.0505877654699 -24.687363690483124 79.16755056229051 290.94260077945796 -999.0 16600.0 -999.0 2 -999 {-999.0 -999.0 -999.0 -999.0 -999.0} "" -999.0 -999.0 -999.0 -999.0 -999 -999 "" "" "" "" 0 0 0.0 0.0 -999 ""
FIBERMAP 537 R-10C13 BOSS 1 1 0 1 0 0 94.2583447361101 -200.6139602418095 143.1 160.05007603824035 153.33096203564833 240.01892 168.22398 200.02665599185784 -24.54537507474422 3.919651 -22.961332 2.4926775 200.02666854809289 -24.54544198225711 200.05311206633306 -24.688426315922996 79.17007790036871 290.9428664071711 5400.0 5400.0 2016.0 1 378 {-999.0 18.872221 17.445984 16.440216 -999.0} sdss_psfmag_ps1 18.19586 17.515127 15.740273 13.583 63050396450271342 1096707438 bright_1x1 mwm_bin_vis_boss mwm_filler science 0 0 0.0 0.0 -999 ""
FIBERMAP 537 R-10C13 METROLOGY 0 0 0 1 0 0 94.10642798738084 -199.877812201714 143.1 159.40089594103 152.95213529356204 240.01892 168.22398 -999.0 -999.0 -999.0 -999.0 -999.0 200.02455865250775 -24.54656753936255 200.0509905003479 -24.689548707478018 79.16883682807938 290.933002314664 -999.0 6231.0 -999.0 -1 -999 {-999.0 -999.0 -999.0 -999.0 -999.0} "" -999.0 -999.0 -999.0 -999.0 -999 -999 "" "" "" "" 0 0 0.0 0.0 -999 ""
FIBERMAP 538 R+13C9 APOGEE 1 1 0 1 0 0 29.986605985556956 266.36578805489034 143.1 -262.0012232857873 -56.56118013069214 115.97187 105.96581 198.61763419681304 -25.177903256772645 26.586586 -32.696407 4.4010777 198.61771980126787 -25.177998531503007 198.6433178765737 -25.322098414223653 78.25097664894983 285.3658610526832 16000.0 16600.0 2016.0 2 98 {-999.0 12.070444 11.557367 11.393032 -999.0} sdss_psfmag_from_g3xp 11.958268 11.5909 11.056508 10.087 63050396450284296 1103629140 bright_1x1 mwm_tess_2min_apogee mwm_planet science 0 0 0.0 0.0 -999 ""
FIBERMAP 538 R+13C9 BOSS 0 0 0 1 0 0 30.543260447595824 266.8452847491325 143.1 -262.63323275951785 -56.18661464025416 115.97187 105.96581 -999.0 -999.0 -999.0 -999.0 -999.0 198.61558963398184 -25.176831559796174 198.64123163348893 -25.32094977716608 78.24880360396442 285.36778636289444 -999.0 5400.0 -999.0 1 172 {-999.0 -999.0 -999.0 -999.0 -999.0} "" -999.0 -999.0 -999.0 -999.0 -999 -999 "" "" "" "" 0 0 0.0 0.0 -999 ""
FIBERMAP 538 R+13C9 METROLOGY 0 0 0 1 0 0 30.691057945855928 266.1473291542653 143.1 -262.01893341641505 -55.82387635268499 115.97187 105.96581 -999.0 -999.0 -999.0 -999.0 -999.0 198.61758968464662 -25.175766952767265 198.6432196739787 -25.319879087207237 78.2500940946376 285.37587042640087 -999.0 6231.0 -999.0 -1 -999 {-999.0 -999.0 -999.0 -999.0 -999.0} "" -999.0 -999.0 -999.0 -999.0 -999 -999 "" "" "" "" 0 0 0.0 0.0 -999 ""
FIBERMAP 539 R-12C10 APOGEE 0 0 0 1 0 0 36.68708943501238 -212.43443121122738 143.1 189.61944497772774 102.54187755743709 185.88649 19.965342 -999.0 -999.0 -999.0 -999.0 -999.0 200.12582681938318 -24.698935281981704 200.15249634977624 -24.84179465055782 79.31791898047565 290.4121696641631 -999.0 16600.0 -999.0 2 -999 {-999.0 -999.0 -999.0 -999.0 -999.0} "" -999.0 -999.0 -999.0 -999.0 -999 -999 "" "" "" "" 0 0 0.0 0.0 -999 ""
FIBERMAP 539 R-12C10 BOSS 1 1 0 1 0 0 37.30187183475446 -212.1275717147509 143.1 189.13249882696843 103.02660776290314 185.88649 19.965342 200.12420654296872 -24.69743077911565 -999.0 -999.0 -999.0 200.12420654296872 -24.69743077911565 200.1509129907519 -24.840309153853138 79.31598353001044 290.41607876313765 5400.0 5400.0 2015.5 1 368 {-999.0 -999.0 -999.0 -999.0 -999.0} "" -999.0 -999.0 -999.0 -999.0 27021603177284844 824215801 "" ops_sky_boss_good ops_sky sky_boss 0 0 0.0 0.0 -999 ""
FIBERMAP 539 R-12C10 METROLOGY 0 0 0 1 0 0 37.31914999305323 -212.83442829592323 143.1 189.79687358556293 103.26849274973975 185.88649 19.965342 -999.0 -999.0 -999.0 -999.0 -999.0 200.12644863330735 -24.69668630223573 200.15314522691733 -24.839557843683956 79.31749019123265 290.4244316777982 -999.0 6231.0 -999.0 -1 -999 {-999.0 -999.0 -999.0 -999.0 -999.0} "" -999.0 -999.0 -999.0 -999.0 -999 -999 "" "" "" "" 0 0 0.0 0.0 -999 ""
FIBERMAP 540 R-12C4 APOGEE 0 0 0 1 0 0 -92.86529583389145 -217.0060713394208 143.1 235.28345439692586 -18.776245303099017 123.43197 93.25123 -999.0 -999.0 -999.0 -999.0 -999.0 200.27957524452844 -25.06572657937707 200.306801290894 -25.20840311083728 79.59794707401296 288.9098062611307 -999.0 16600.0 -999.0 2 -999 {-999.0 -999.0 -999.0 -999.0 -999.0} "" -999.0 -999.0 -999.0 -999.0 -999 -999 "" "" "" "" 0 0 0.0 0.0 -999 ""
FIBERMAP 540 R-12C4 BOSS 1 1 0 1 0 0 -92.2850783247838 -216.5441388674772 143.1 234.6605731267106 -18.373745579086425 123.43197 93.25123 200.27749738433928 -25.064504877254905 0.15736608 0.024184503 0.49252102 200.2774978905619 -25.064504806783173 200.3047600256453 -25.2071992643082 79.59577098306528 288.9117609585293 5400.0 5400.0 2016.0 1 426 {-999.0 19.194103 18.982317 18.798527 18.656267} sdss_psfmag_from_gaiadr2 19.107807 18.994938 18.398085 -999.0 63050396450266482 1057721660 bright_flexible_2x1 bhm_gua_bright bhm_filler science 0 0 0.0 0.0 -999 ""
FIBERMAP 540 R-12C4 METROLOGY 0 0 0 1 0 0 -92.17673781509926 -217.29828029129098 143.1 235.3407077837167 -18.030475500636907 123.43197 93.25123 -999.0 -999.0 -999.0 -999.0 -999.0 200.27980308811811 -25.06346198146992 200.30705540940403 -25.206150014618235 79.59724484814878 288.92173124526613 -999.0 6231.0 -999.0 -1 -999 {-999.0 -999.0 -999.0 -999.0 -999.0} "" -999.0 -999.0 -999.0 -999.0 -999 -999 "" "" "" "" 0 0 0.0 0.0 -999 ""
FIBERMAP 541 R-13C2 APOGEE 1 1 0 1 0 0 -129.5093920173179 -246.97139569187806 143.1 275.3722251266519 -43.943883363985215 82.172585 161.85327 200.4128419100423 -25.14108238583726 -3.4500206 -2.0559256 0.023718026 200.41283080490163 -25.141088376642095 200.44027836378447 -25.283635394515198 79.73876809548844 288.79764878504835 16000.0 16600.0 2016.0 2 155 {-999.0 14.911412 13.751497 13.264683 -999.0} sdss_psfmag_from_g3xp 14.491138 13.73224 12.886799 10.972 63050396450266247 1153097447 bright_1x1 mwm_galactic_core_dist_apogee_sparse mwm_galactic science 0 0 0.0 0.0 -999 ""
FIBERMAP 541 R-13C2 BOSS 0 0 0 1 0 0 -129.17912469629405 -246.28117022716904 143.1 274.6127332163246 -43.851094080512844 82.172585 161.85327 -999.0 -999.0 -999.0 -999.0 -999.0 200.41025782510354 -25.140806214407135 200.43774178306933 -25.283371215125552 79.73656187656609 288.79382845248375 -999.0 5400.0 -999.0 1 436 {-999.0 -999.0 -999.0 -999.0 -999.0} "" -999.0 -999.0 -999.0 -999.0 -999 -999 "" "" "" "" 0 0 0.0 0.0 -999 ""
FIBERMAP 541 R-13C2 METROLOGY 0 0 0 1 0 0 -128.7691610293245 -246.90189565116987 143.1 275.07020199651475 -43.264540221736446 82.172585 161.85327 -999.0 -999.0 -999.0 -999.0 -999.0 200.4118339558432 -25.139036206862627 200.43930646486672 -25.28159557697657 79.73714289932963 288.8061468549512 -999.0 6231.0 -999.0 -1 -999 {-999.0 -999.0 -999.0 -999.0 -999.0} "" -999.0 -999.0 -999.0 -999.0 -999 -999 "" "" "" "" 0 0 0.0 0.0 -999 ""
FIBERMAP 542 R+1C25 APOGEE 0 0 0 1 0 0 252.08732735784523 3.49324445015106 143.1 -83.73469209255896 237.78837123730335 277.45007 87.462975 -999.0 -999.0 -999.0 -999.0 -999.0 199.21620135236637 -24.290343247355327 199.24151769768866 -24.43404773878067 78.39497789674569 290.46023063477037 -999.0 16600.0 -999.0 2 -999 {-999.0 -999.0 -999.0 -999.0 -999.0} "" -999.0 -999.0 -999.0 -999.0 -999 -999 "" "" "" "" 0 0 0.0 0.0 -999 ""
FIBERMAP 542 R+1C25 BOSS 1 1 0 1 0 0 251.3255731380774 3.415316526723756 143.1 -83.41781525010762 237.0913193281847 277.45007 87.462975 199.2172125546652 -24.292394564920258 -6.902709 -3.0049229 0.15113942 199.21719048677616 -24.292403321027162 199.2425533540615 -24.436125899404686 78.39673259199525 290.45297681690863 5400.0 5400.0 2016.0 1 192 {-999.0 18.2249 17.880184 17.606842 -999.0} sdss_psfmag_ps1 18.04543 17.756178 17.298693 16.988 63050396450294428 977314282 "" ops_std_boss ops_std standard_boss 0 0 0.0 0.0 -999 ""
FIBERMAP 542 R+1C25 METROLOGY 0 0 0 1 0 0 251.6575950240091 4.1054767084092045 143.1 -84.17780505571406 237.18579223796192 277.45007 87.462975 -999.0 -999.0 -999.0 -999.0 -999.0 199.21466806838114 -24.29208280662293 199.24001584667315 -24.435802154132446 78.3945122590905 290.44941861625506 -999.0 6231.0 -999.0 -1 -999 {-999.0 -999.0 -999.0 -999.0 -999.0} "" -999.0 -999.0 -999.0 -999.0 -999 -999 "" "" "" "" 0 0 0.0 0.0 -999 ""
FIBERMAP 545 R-11C6 APOGEE 1 1 0 1 0 0 -52.07190551266493 -233.22663837308036 143.1 237.64123134694051 25.058491858959275 334.62442 51.987717 200.2866891140208 -24.933024148385698 -5.596791 1.93003 0.852338 200.2866711292553 -24.933018524429286 200.31375946790547 -25.075704899148818 79.54925648887668 289.5928064735505 16000.0 16600.0 2016.0 2 171 {-999.0 13.1491165 12.330719 12.026344 -999.0} sdss_psfmag_from_g3xp 12.907999 12.364258 11.672223 10.256 63050396450267286 1106230385 bright_1x1 mwm_tess_rgb_apogee mwm_tessrgb science 0 0 0.0 0.0 -999 ""
FIBERMAP 545 R-11C6 BOSS 0 0 0 1 0 0 -52.713060072893434 -233.57270794252665 143.1 238.17375041928415 24.56127809436549 334.62442 51.987717 -999.0 -999.0 -999.0 -999.0 -999.0 200.28843691821956 -24.93449697305544 200.31556872212605 -25.07719807362137 79.55136740765894 289.5890719494937 -999.0 5400.0 -999.0 1 413 {-999.0 -999.0 -999.0 -999.0 -999.0} "" -999.0 -999.0 -999.0 -999.0 -999 -999 "" "" "" "" 0 0 0.0 0.0 -999 ""
FIBERMAP 545 R-11C6 METROLOGY 0 0 0 1 0 0 -52.712956083576344 -232.8370027041089 143.1 237.4764903490618 24.32666247560856 334.62442 51.987717 -999.0 -999.0 -999.0 -999.0 -999.0 200.28618509520604 -24.935216187062228 200.31330410329042 -25.07791456799111 79.54979923815694 289.5807805157367 -999.0 6231.0 -999.0 -1 -999 {-999.0 -999.0 -999.0 -999.0 -999.0} "" -999.0 -999.0 -999.0 -999.0 -999 -999 "" "" "" "" 0 0 0.0 0.0 -999 ""
FIBERMAP 549 R+8C4 APOGEE 0 0 0 1 0 0 -147.30009676556543 158.0814468313802 143.1 -102.82000508713931 -190.0292904800272 167.93065 117.68237 -999.0 -999.0 -999.0 -999.0 -999.0 199.14754170511284 -25.585091468800602 199.17412391685673 -25.728696144423473 78.84196354121367 284.29139001033735 -999.0 16600.0 -999.0 2 -999 {-999.0 -999.0 -999.0 -999.0 -999.0} "" -999.0 -999.0 -999.0 -999.0 -999 -999 "" "" "" "" 0 0 0.0 0.0 -999 ""
FIBERMAP 549 R+8C4 BOSS 1 1 0 1 0 0 -147.53353269786876 158.7392717549378 143.1 -103.36895116820818 -190.4603851956699 167.93065 117.68237 199.14534832354883 -25.586390070033428 -7.3136144 -6.301984 0.20820747 199.1456300873558 -25.58640843351593 199.17225566645362 -25.730028909427393 78.84083247502848 284.28196159954507 5400.0 5400.0 2016.0 1 58 {-999.0 13.411672 12.543717 12.1797085 -999.0} sdss_psfmag_from_g3xp 13.146476 12.553633 11.818782 10.19 63050396450241905 996728019 bright_1x1 mwm_bin_gaia_sb_boss mwm_bin science 0 0 0.9915982484817505 0.0 -999 ""
FIBERMAP 549 R+8C4 METROLOGY 0 0 0 1 0 0 -146.78118531400713 158.62017600474817 143.1 -103.49610784227066 -189.70939110042926 167.93065 117.68237 -999.0 -999.0 -999.0 -999.0 -999.0 199.1452019320662 -25.584173627040183 199.17181232821076 -25.727790697747324 78.8396974303444 284.2921400141234 -999.0 6231.0 -999.0 -1 -999 {-999.0 -999.0 -999.0 -999.0 -999.0} "" -999.0 -999.0 -999.0 -999.0 -999 -999 "" "" "" "" 0 0 0.0 0.0 -999 ""
FIBERMAP 551 R-1C12 APOGEE 0 0 0 1 0 0 -32.6778625324301 -36.79964117514506 143.1 45.300284873547206 -19.22847175109914 303.9066 82.122955 -999.0 -999.0 -999.0 -999.0 -999.0 199.64519117863318 -25.068719377337835 199.6717583647013 -25.211957882982148 79.07204460677998 287.65896015318424 -999.0 16600.0 -999.0 2 -999 {-999.0 -999.0 -999.0 -999.0 -999.0} "" -999.0 -999.0 -999.0 -999.0 -999 -999 "" "" "" "" 0 0 0.0 0.0 -999 ""
FIBERMAP 551 R-1C12 BOSS 1 1 0 1 0 0 -33.359150567998455 -37.132651432287844 143.1 45.833231551338116 -19.767886308052017 303.9066 82.122955 199.6470060001819 -25.070362521041936 -11.812541 3.1674986 1.726706 199.6469679992288 -25.070353291195765 199.67358036436084 -25.21360603300982 79.07420484274873 287.6543391180984 5400.0 5400.0 2016.0 1 507 {-999.0 15.370784 14.531661 14.22281 -999.0} sdss_psfmag_from_g3xp 15.112444 14.574916 13.858495 12.418 63050396450249193 1095911056 bright_1x1 mwm_bin_vis_boss mwm_filler science 0 0 0.0 0.0 -999 ""
FIBERMAP 551 R-1C12 METROLOGY 0 0 0 1 0 0 -33.30271524711377 -36.38847539136857 143.1 45.1099721650649 -19.95181926201868 303.9066 82.122955 -999.0 -999.0 -999.0 -999.0 -999.0 199.64455898182754 -25.070918545605625 199.67115804494642 -25.21416888624714 79.07240539731539 287.6471020041729 -999.0 6231.0 -999.0 -1 -999 {-999.0 -999.0 -999.0 -999.0 -999.0} "" -999.0 -999.0 -999.0 -999.0 -999 -999 "" "" "" "" 0 0 0.0 0.0 -999 ""
FIBERMAP 553 R+3C6 APOGEE 0 0 0 1 0 0 -158.34493474827948 53.11402530816701 143.1 0.18114988214499683 -167.0084090482799 207.95393 111.67824 -999.0 -999.0 -999.0 -999.0 -999.0 199.4934685777088 -25.516632114646733 199.5203499329807 -25.659947751154554 79.11103220011397 285.19225034824115 -999.0 16600.0 -999.0 2 -999 {-999.0 -999.0 -999.0 -999.0 -999.0} "" -999.0 -999.0 -999.0 -999.0 -999 -999 "" "" "" "" 0 0 0.0 0.0 -999 ""
FIBERMAP 553 R+3C6 BOSS 1 1 0 1 0 0 -158.90571289124475 53.59515549899967 143.1 -0.09590989945616553 -167.69335411827723 207.95393 111.67824 199.49249267578125 -25.51875214404957 -999.0 -999.0 -999.0 199.49249267578122 -25.51875214404957 199.51941802094834 -25.662082852976308 79.11099566996788 285.18010634415805 5400.0 5400.0 2015.5 1 40 {-999.0 -999.0 -999.0 -999.0 -999.0} "" -999.0 -999.0 -999.0 -999.0 27021603177277887 824215320 "" ops_sky_boss_good ops_sky sky_boss 0 0 0.0 0.0 -999 ""
FIBERMAP 553 R+3C6 METROLOGY 0 0 0 1 0 0 -158.21045310825852 53.84983296325995 143.1 -0.5590781386459739 -167.11570781714175 207.95393 111.67824 -999.0 -999.0 -999.0 -999.0 -999.0 199.49095030332356 -25.51702917446705 199.51786009979241 -25.660357331479176 79.10907481732504 285.186047612464 -999.0 6231.0 -999.0 -1 -999 {-999.0 -999.0 -999.0 -999.0 -999.0} "" -999.0 -999.0 -999.0 -999.0 -999 -999 "" "" "" "" 0 0 0.0 0.0 -999 ""
FIBERMAP 555 R-12C1 APOGEE 1 1 0 1 0 0 -173.09378427357782 -245.2024226792015 143.1 287.600626384908 -85.81311559384349 271.8604 50.19632 200.45384310521794 -25.267243626324415 -4.4411945 -0.7430146 0.3311422 200.4538287948024 -25.267245791409657 200.48145832264703 -25.409740137574754 79.82305520518119 288.22884712608965 16000.0 16600.0 2016.0 2 249 {-999.0 13.599128 12.576555 12.173726 -999.0} sdss_psfmag_from_g3xp 13.255247 12.5911255 11.809969 10.081 63050396450255956 1110259279 bright_1x1 mwm_tess_rgb_apogee mwm_tessrgb science 0 0 0.0 0.0 -999 ""
FIBERMAP 555 R-12C1 BOSS 0 0 0 1 0 0 -173.67321434408743 -244.73971862319257 143.1 287.34697960560084 -86.50985852816338 271.8604 50.19632 -999.0 -999.0 -999.0 -999.0 -999.0 200.45290290546725 -25.269325612146567 200.48057311811272 -25.411835688639442 79.82314314462265 288.21616258042366 -999.0 5400.0 -999.0 1 517 {-999.0 -999.0 -999.0 -999.0 -999.0} "" -999.0 -999.0 -999.0 -999.0 -999 -999 "" "" "" "" 0 0 0.0 0.0 -999 ""
FIBERMAP 555 R-12C1 METROLOGY 0 0 0 1 0 0 -172.98740187272463 -244.46238085535882 143.1 286.865350229432 -85.94839481408779 271.8604 50.19632 -999.0 -999.0 -999.0 -999.0 -999.0 200.45138465673057 -25.267667053315073 200.47904033723785 -25.410174430197255 79.82121737265517 288.2217304616668 -999.0 6231.0 -999.0 -1 -999 {-999.0 -999.0 -999.0 -999.0 -999.0} "" -999.0 -999.0 -999.0 -999.0 -999 -999 "" "" "" "" 0 0 0.0 0.0 -999 ""
FIBERMAP 557 R+4C13 APOGEE 0 0 0 1 0 0 10.540365123732338 77.38646913873686 143.1 -76.70177895828877 -14.69973871998996 170.39668 126.85932 -999.0 -999.0 -999.0 -999.0 -999.0 199.23630760562136 -25.05445997814225 199.26243184327723 -25.198053767597333 78.72496374833577 286.98390619813694 -999.0 16600.0 -999.0 2 -999 {-999.0 -999.0 -999.0 -999.0 -999.0} "" -999.0 -999.0 -999.0 -999.0 -999 -999 "" "" "" "" 0 0 0.0 0.0 -999 ""
FIBERMAP 557 R+4C13 BOSS 1 1 0 1 0 0 10.178922313210439 78.04184076988058 143.1 -77.20756165288512 -15.251362706074657 170.39668 126.85932 199.2346659788216 -25.055889711831085 -46.131866 -80.26003 12.46317 199.23451758980877 -25.056123583169352 199.26068177604932 -25.199734034451 78.72414126573325 286.9728726166346 5400.0 5400.0 2016.0 1 112 {-999.0 16.291973 14.930223 13.666994 -999.0} sdss_psfmag_from_g3xp 15.76368 14.369592 13.208496 11.078 63050396450248662 1150971586 bright_1x1 mwm_snc_100pc_boss_single mwm_snc science 0 0 0.0 0.0 -999 ""
FIBERMAP 557 R+4C13 METROLOGY 0 0 0 1 0 0 10.931374446487755 78.02412886485608 143.1 -77.43083308319387 -14.532614121195383 170.39668 126.85932 -999.0 -999.0 -999.0 -999.0 -999.0 199.23377787058158 -25.053944084742376 199.25993022743887 -25.197551798827245 78.72267994144335 286.9818608822381 -999.0 6231.0 -999.0 -1 -999 {-999.0 -999.0 -999.0 -999.0 -999.0} "" -999.0 -999.0 -999.0 -999.0 -999 -999 "" "" "" "" 0 0 0.0 0.0 -999 ""
FIBERMAP 558 R+4C15 APOGEE 0 0 0 1 0 0 69.86340545586023 59.810881671118686 143.1 -78.97141872782176 47.12781965930318 314.17148 76.984184 -999.0 -999.0 -999.0 -999.0 -999.0 199.22933878793495 -24.866764792579065 199.2552613157369 -25.010387516074516 78.6460610299571 287.85243189370726 -999.0 16600.0 -999.0 2 67 {-999.0 -999.0 -999.0 -999.0 -999.0} "" -999.0 -999.0 -999.0 -999.0 -999 -999 "" ops_sky_apogee_best_unassigned ops_sky sky_apogee 0 0 0.0 0.0 -999 ""
FIBERMAP 558 R+4C15 BOSS 1 1 0 1 0 0 69.2540063424876 59.41199491916605 143.1 -78.3989759125759 46.67755090868868 314.17148 76.984184 199.2311547717658 -24.868090071926403 -0.22933505 -0.39630532 -0.27650785 199.23115403520652 -24.868091226728897 199.2571233891053 -25.011729256416412 78.6481415474853 287.8495607124838 5400.0 5400.0 2016.0 1 220 {-999.0 19.788277 19.305693 19.147953 -999.0} sdss_psfmag_ps1 19.645031 19.406399 18.966301 -999.0 63050396450289171 1117337624 bright_1x1 openfibertargets_bhm_quaia_boss open_fiber science 0 0 0.0 0.0 -999 ""
FIBERMAP 558 R+4C15 METROLOGY 0 0 0 1 0 0 69.20311978403102 60.150669351912775 143.1 -79.08278222250739 46.393664343707876 314.17148 76.984184 -999.0 -999.0 -999.0 -999.0 -999.0 199.22886903014629 -24.8689484902247 199.25482460734167 -25.01258354482751 78.64656565768534 287.84139084475703 -999.0 6231.0 -999.0 -1 -999 {-999.0 -999.0 -999.0 -999.0 -999.0} "" -999.0 -999.0 -999.0 -999.0 -999 -999 "" "" "" "" 0 0 0.0 0.0 -999 ""
FIBERMAP 560 R+6C18 APOGEE 0 0 0 1 0 0 140.74550426784694 124.59339581052582 143.1 -162.97944374356186 93.63493940218038 189.3944 75.50701 -999.0 -999.0 -999.0 -999.0 -999.0 198.94991733898155 -24.72505174396032 198.97540529051412 -24.868929264818913 78.35698056652238 287.9975791183342 -999.0 16600.0 -999.0 2 -999 {-999.0 -999.0 -999.0 -999.0 -999.0} "" -999.0 -999.0 -999.0 -999.0 -999 -999 "" "" "" "" 0 0 0.0 0.0 -999 ""
FIBERMAP 560 R+6C18 BOSS 1 1 0 1 0 0 140.80771753588328 125.33039741841145 143.1 -163.69774728419824 93.45877108130158 189.3944 75.50701 198.94742356690813 -24.725529461357194 -0.38570663 -0.2904657 1.3008254 198.9474223295508 -24.72553030775139 198.97295241444246 -24.86942742828716 78.355139572738 287.9909111876048 5400.0 5400.0 2016.0 1 211 {-999.0 20.268383 20.082848 19.82453 -999.0} sdss_psfmag_ps1 20.39047 20.239035 19.784254 -999.0 63050396450290093 1117337531 bright_1x1 openfibertargets_bhm_quaia_boss open_fiber science 0 0 0.0 0.0 -999 ""
FIBERMAP 560 R+6C18 METROLOGY 0 0 0 1 0 0 141.42291650006828 124.91058799900625 143.1 -163.4961631495795 94.17572734953882 189.3944 75.50701 -999.0 -999.0 -999.0 -999.0 -999.0 198.9480980570482 -24.723354189745393 198.97361440462555 -24.86724611187743 78.3548184935539 288.0020065734963 -999.0 6231.0 -999.0 -1 -999 {-999.0 -999.0 -999.0 -999.0 -999.0} "" -999.0 -999.0 -999.0 -999.0 -999 -999 "" "" "" "" 0 0 0.0 0.0 -999 ""
FIBERMAP 562 R+5C17 APOGEE 0 0 0 1 0 0 137.67844111776313 101.81692451819045 143.1 -140.41571760322597 97.99473114610943 33.07469 101.35443 -999.0 -999.0 -999.0 -999.0 -999.0 199.02509737488478 -24.71205310060878 199.05064965604527 -24.85586864380128 78.41429085630956 288.1929467248103 -999.0 16600.0 -999.0 2 -999 {-999.0 -999.0 -999.0 -999.0 -999.0} "" -999.0 -999.0 -999.0 -999.0 -999 -999 "" "" "" "" 0 0 0.0 0.0 -999 ""
FIBERMAP 562 R+5C17 BOSS 1 1 0 1 0 0 138.2272706675076 101.2320799721435 143.1 -140.03655586831445 98.70144084051155 33.07469 101.35443 199.02637290727745 -24.709875890828965 -31.537384 5.11414 1.4236556 199.02627174723148 -24.709860988593903 199.05186689102257 -24.853693379781568 78.41442717918767 288.2050753520013 5400.0 5400.0 2016.0 1 214 {-999.0 14.296114 13.738621 13.572411 -999.0} sdss_psfmag_from_g3xp 14.170352 13.781185 13.233304 12.251 63050396450290062 1095953421 bright_1x1 mwm_bin_vis_boss mwm_filler science 0 0 0.0 0.0 -999 ""
FIBERMAP 562 R+5C17 METROLOGY 0 0 0 1 0 0 137.49053181584384 101.09291601613518 143.1 -139.66962644292215 98.04763227161622 33.07469 101.35443 -999.0 -999.0 -999.0 -999.0 -999.0 199.0274739601906 -24.711836962194237 199.05306025699508 -24.855663188296287 78.41621085233145 288.19826383489004 -999.0 6231.0 -999.0 -1 -999 {-999.0 -999.0 -999.0 -999.0 -999.0} "" -999.0 -999.0 -999.0 -999.0 -999 -999 "" "" "" "" 0 0 0.0 0.0 -999 ""
FIBERMAP 563 R-1C20 APOGEE 0 0 0 1 0 0 125.24311700767777 -24.10759219368891 143.1 -17.109940067319354 126.38385335938345 247.69557 47.8988 -999.0 -999.0 -999.0 -999.0 -999.0 199.43668928039014 -24.626771068625843 199.4625767245925 -24.77024484253937 78.72025958731886 289.3601345343677 -999.0 16600.0 -999.0 2 226 {-999.0 -999.0 -999.0 -999.0 -999.0} "" -999.0 -999.0 -999.0 -999.0 -999 -999 "" ops_sky_apogee_best_unassigned ops_sky sky_apogee 0 0 0.0 0.0 -999 ""
FIBERMAP 563 R-1C20 BOSS 1 1 0 1 0 0 124.95467861825915 -23.435157235356982 143.1 -17.65518446635731 125.89597180528669 247.69557 47.8988 199.434814453125 -24.628165307476678 -999.0 -999.0 -999.0 199.434814453125 -24.628165307476678 199.46074416910955 -24.77165838860451 78.71933785843507 289.3500165739057 5400.0 5400.0 2015.5 1 325 {-999.0 -999.0 -999.0 -999.0 -999.0} "" -999.0 -999.0 -999.0 -999.0 27021603177290500 814935624 "" ops_sky_boss_good ops_sky sky_boss 0 0 0.0 0.0 -999 ""
FIBERMAP 563 R-1C20 METROLOGY 0 0 0 1 0 0 125.70096618894837 -23.510055788580935 143.1 -17.82229348658157 126.62712266396134 247.69557 47.8988 -999.0 -999.0 -999.0 -999.0 -999.0 199.43427084204154 -24.62594276854806 199.46018562772804 -24.769431537089673 78.71794721067569 289.35927752899806 -999.0 6231.0 -999.0 -1 -999 {-999.0 -999.0 -999.0 -999.0 -999.0} "" -999.0 -999.0 -999.0 -999.0 -999 -999 "" "" "" "" 0 0 0.0 0.0 -999 ""
FIBERMAP 564 R+1C4 APOGEE 0 0 0 1 0 0 -226.08590388860787 12.270553129233067 143.1 60.50005239621575 -218.17602607076304 216.95448 105.260345 -999.0 -999.0 -999.0 -999.0 -999.0 199.6959309856539 -25.670893418556826 199.72319425460296 -25.814013742869577 79.33587266576126 284.7587186740366 -999.0 16600.0 -999.0 2 -999 {-999.0 -999.0 -999.0 -999.0 -999.0} "" -999.0 -999.0 -999.0 -999.0 -999 -999 "" "" "" "" 0 0 0.0 0.0 -999 ""
FIBERMAP 564 R+1C4 BOSS 1 1 0 1 0 0 -226.69651081240409 12.6992481848553 143.1 60.288582343829844 -218.89146527853 216.95448 105.260345 199.69518706195788 -25.67307298965552 0.39087364 0.015176075 0.8242528 199.69518832568733 -25.673072945433628 199.72249497623756 -25.816207429208912 79.3360333868868 284.74641640402433 5400.0 5400.0 2016.0 1 63 {-999.0 20.410261 20.237028 20.162453 -999.0} sdss_psfmag_ps1 20.264992 20.241455 19.708693 -999.0 63050396450243459 1117337406 bright_1x1 openfibertargets_bhm_quaia_boss open_fiber science 0 0 0.0 0.0 -999 ""
FIBERMAP 564 R+1C4 METROLOGY 0 0 0 1 0 0 -226.0186690280111 13.015521377091071 143.1 59.77259682808252 -218.34997705511017 216.95448 105.260345 -999.0 -999.0 -999.0 -999.0 -999.0 199.69347953760408 -25.67148392581858 199.72077100582862 -25.814616246306375 79.33403002516123 284.7516190859013 -999.0 6231.0 -999.0 -1 -999 {-999.0 -999.0 -999.0 -999.0 -999.0} "" -999.0 -999.0 -999.0 -999.0 -999 -999 "" "" "" "" 0 0 0.0 0.0 -999 ""
FIBERMAP 568 R-13C13 APOGEE 1 1 0 1 0 0 123.55563807225577 -268.327779557283 143.1 214.87557402588487 202.6989042433014 293.3561 94.30704 200.20694872625432 -24.396709266621357 -19.887127 -26.546947 4.581025 200.20688509488656 -24.39678662232156 200.23331046006467 -24.53961018442287 79.25031871667451 292.0447061888714 16000.0 16600.0 2016.0 2 179 {-999.0 11.3449135 10.738993 10.550187 -999.0} sdss_psfmag_from_g3xp 11.1963005 10.786139 10.212903 9.235 63050396450272692 975319302 "" ops_std_apogee ops_std standard_apogee 0 0 0.0 0.0 -999 ""
FIBERMAP 568 R-13C13 BOSS 0 0 0 1 0 0 122.89172031087638 -268.66067970159287 143.1 215.4028746610919 202.1759163429103 293.3561 94.30704 -999.0 -999.0 -999.0 -999.0 -999.0 200.20856487093172 -24.398371860672235 200.23503485884817 -24.54121255488346 79.2524437084857 292.04086798672864 -999.0 5400.0 -999.0 1 430 {-999.0 -999.0 -999.0 -999.0 -999.0} "" -999.0 -999.0 -999.0 -999.0 -999 -999 "" "" "" "" 0 0 0.0 0.0 -999 ""
FIBERMAP 568 R-13C13 METROLOGY 0 0 0 1 0 0 122.93282472870642 -267.9124061175771 143.1 214.68062310090082 201.97614706110764 293.3561 94.30704 -999.0 -999.0 -999.0 -999.0 -999.0 200.2062500068991 -24.398932045103336 200.2327069703482 -24.541769508817517 79.25080948257504 292.0330539537068 -999.0 6231.0 -999.0 -1 -999 {-999.0 -999.0 -999.0 -999.0 -999.0} "" -999.0 -999.0 -999.0 -999.0 -999 -999 "" "" "" "" 0 0 0.0 0.0 -999 ""
FIBERMAP 569 R+13C1 APOGEE 0 0 0 1 0 0 -159.74802495987015 243.8207817251957 143.1 -180.10376233796737 -229.17984368512327 235.2311 90.187096 -999.0 -999.0 -999.0 -999.0 -999.0 198.88869740663955 -25.70104728792293 198.91512049840333 -25.844857051107287 78.6606352347161 283.3322699289202 -999.0 16600.0 -999.0 2 7 {-999.0 -999.0 -999.0 -999.0 -999.0} "" -999.0 -999.0 -999.0 -999.0 -999 -999 "" ops_sky_apogee_best_unassigned ops_sky sky_apogee 0 0 0.0 0.0 -999 ""
FIBERMAP 569 R+13C1 BOSS 1 1 0 1 0 0 -160.37052227179936 244.22623314938213 143.1 -180.2894110062753 -229.8991359152652 235.2311 90.187096 198.8880560555676 -25.7031573510112 0.2710705 -0.2139746 0.7838243 198.88805693218418 -25.703157974516305 198.91452640066976 -25.846981955110195 78.66082156991212 283.32116624820355 5400.0 5400.0 2016.0 1 7 {-999.0 20.104053 19.862453 19.255798 -999.0} sdss_psfmag_ps1 19.891426 19.666834 18.906605 -999.0 63050396450242041 1117337384 bright_1x1 openfibertargets_bhm_quaia_boss open_fiber science 0 0 0.0 0.0 -999 ""
FIBERMAP 569 R+13C1 METROLOGY 0 0 0 1 0 0 -159.70091875369226 244.57012451452036 143.1 -180.82894195052333 -229.37426619160323 235.2311 90.187096 -999.0 -999.0 -999.0 -999.0 -999.0 198.88622670596686 -25.701616078245422 198.9126800916323 -25.845437886973382 78.658747756203 283.32584007522655 -999.0 6231.0 -999.0 -1 -999 {-999.0 -999.0 -999.0 -999.0 -999.0} "" -999.0 -999.0 -999.0 -999.0 -999 -999 "" "" "" "" 0 0 0.0 0.0 -999 ""
FIBERMAP 570 R+1C20 APOGEE 0 0 0 1 0 0 148.93594209282162 39.59793325123158 143.1 -85.04237387139909 128.51335479953678 135.28247 48.602135 -999.0 -999.0 -999.0 -999.0 -999.0 199.21010790747792 -24.62002822912007 199.23575616043047 -24.763697591102144 78.53017515588247 288.95674275916315 -999.0 16600.0 -999.0 2 80 {-999.0 -999.0 -999.0 -999.0 -999.0} "" -999.0 -999.0 -999.0 -999.0 -999 -999 "" ops_sky_apogee_best_unassigned ops_sky sky_apogee 0 0 0.0 0.0 -999 ""
FIBERMAP 570 R+1C20 BOSS 1 1 0 1 0 0 149.68245093930503 39.676253135807464 143.1 -85.35475839940274 129.19583363979353 135.28247 48.602135 199.20905005970232 -24.617812485772408 -17.785975 -25.69824 0.9324142 199.20899305103393 -24.617887368409253 199.2346812783505 -24.761575843528483 78.5284102063868 288.96443373602597 5400.0 5400.0 2016.0 1 242 {-999.0 16.483082 15.804048 15.555581 -999.0} sdss_psfmag_ps1 16.302605 15.858103 15.237761 14.08 63050396450291292 1072830265 bright_1x1 mwm_halo_local_high_boss_single mwm_halo science 0 0 0.0 0.0 -999 ""
FIBERMAP 570 R+1C20 METROLOGY 0 0 0 1 0 0 149.39040023454362 38.999748692868685 143.1 -84.62046224107729 129.1348847364271 135.28247 48.602135 -999.0 -999.0 -999.0 -999.0 -999.0 199.21144149559962 -24.618066082917455 199.23712037199857 -24.761747422916482 78.53049815739288 288.9682472587881 -999.0 6231.0 -999.0 -1 -999 {-999.0 -999.0 -999.0 -999.0 -999.0} "" -999.0 -999.0 -999.0 -999.0 -999 -999 "" "" "" "" 0 0 0.0 0.0 -999 ""
FIBERMAP 571 R+11C2 APOGEE 0 0 0 1 0 0 -152.58181298928804 221.34206651494742 143.1 -161.086970596376 -215.21698444950243 108.3745 137.69914 -999.0 -999.0 -999.0 -999.0 -999.0 198.95229512697483 -25.659641940013476 198.9787442548742 -25.803403152542618 78.70115114738002 283.6274581504369 -999.0 16600.0 -999.0 2 -999 {-999.0 -999.0 -999.0 -999.0 -999.0} "" -999.0 -999.0 -999.0 -999.0 -999 -999 "" "" "" "" 0 0 0.0 0.0 -999 ""
FIBERMAP 571 R+11C2 BOSS 1 1 0 1 0 0 -152.2003197771552 222.06141849723636 143.1 -161.8904084135438 -215.0849407730005 108.3745 137.69914 198.94957128117196 -25.659200729795828 -1.5110958 -1.6017644 -0.064714044 198.94956639623234 -25.659205397211135 198.97605699075885 -25.802983108534402 78.69872877907285 283.62540774799555 5400.0 5400.0 2016.0 1 17 {-999.0 17.894037 17.374456 16.665861 -999.0} sdss_psfmag_ps1 17.499477 16.975767 16.297716 14.839 63050396450241567 1061718680 bright_1x1 manual_mwm_halo_distant_kgiant_near_boss_single mwm_halo science 0 0 0.0 0.0 -999 ""
FIBERMAP 571 R+11C2 METROLOGY 0 0 0 1 0 0 -151.83850376102706 221.4256703903252 143.1 -161.40334197211368 -214.53922365012167 108.3745 137.69914 -999.0 -999.0 -999.0 -999.0 -999.0 198.9511755573282 -25.657621964103413 198.97765358361005 -25.801394507056248 78.69956129130671 283.6354810462364 -999.0 6231.0 -999.0 -1 -999 {-999.0 -999.0 -999.0 -999.0 -999.0} "" -999.0 -999.0 -999.0 -999.0 -999 -999 "" "" "" "" 0 0 0.0 0.0 -999 ""
FIBERMAP 573 R-6C13 APOGEE 0 0 0 1 0 0 60.90133569231097 -115.96992116969304 143.1 90.47501372419742 94.7143355926456 23.947485 93.14219 -999.0 -999.0 -999.0 -999.0 -999.0 199.79587821468385 -24.722888395830253 199.8222350312451 -24.866037240120203 79.05683500199387 289.6173904267905 -999.0 16600.0 -999.0 2 -999 {-999.0 -999.0 -999.0 -999.0 -999.0} "" -999.0 -999.0 -999.0 -999.0 -999 -999 "" "" "" "" 0 0 0.0 0.0 -999 ""
FIBERMAP 573 R-6C13 BOSS 1 1 0 1 0 0 61.2457146127008 -116.6116211392259 143.1 90.97328374513363 95.24542644259238 23.947485 93.14219 199.79759864615366 -24.721154984723473 -16.778017 -20.31137 0.89358515 199.79754482368764 -24.721214170448324 199.82394274268754 -24.864379072940874 79.05754645223256 289.62874297153905 5400.0 5400.0 2016.0 1 393 {-999.0 18.456997 17.777294 17.439167 -999.0} sdss_psfmag_ps1 18.136602 17.730104 17.148438 16.179 63050396450270880 944290493 bright_1x1 openfibertargets_nov2020_6c open_fiber science 0 0 0.0 0.0 -999 ""
FIBERMAP 573 R-6C13 METROLOGY 0 0 0 1 0 0 60.49829560089793 -116.60004568239657 143.1 91.20076494809182 94.53340546917472 23.947485 93.14219 -999.0 -999.0 -999.0 -999.0 -999.0 199.79833127336266 -24.723367276570055 199.82472084527183 -24.866526359586672 79.0590876593886 289.62003199441756 -999.0 6231.0 -999.0 -1 -999 {-999.0 -999.0 -999.0 -999.0 -999.0} "" -999.0 -999.0 -999.0 -999.0 -999 -999 "" "" "" "" 0 0 0.0 0.0 -999 ""
FIBERMAP 574 R-2C2 APOGEE 0 0 1 1 0 0 -244.96575242574616 -31.029205418700837 143.1 107.55846972204458 -222.2543867289195 10.000333 170.07811 -999.0 -999.0 -999.0 -999.0 -999.0 199.85382812209943 -25.68269467558002 199.88127408969615 -25.82567478483399 79.47349796811828 284.9653961679336 -999.0 16600.0 -999.0 2 -999 {-999.0 -999.0 -999.0 -999.0 -999.0} "" -999.0 -999.0 -999.0 -999.0 -999 -999 "" "" "" "" 0 0 0.0 0.0 -999 ""
FIBERMAP 574 R-2C2 BOSS 1 0 1 1 0 0 -244.14835861827837 -31.110010659938283 143.1 107.3742732340382 -221.45396415470282 10.000333 170.07811 199.82749875965834 -25.718716869534592 -15.548831 -3.6264017 0.112974234 199.85318238111913 -25.68029478341806 199.8806666105412 -25.823289518581973 79.4721613808632 284.9766160153954 5400.0 5400.0 2016.0 1 513 {-999.0 17.637093 17.233213 16.980642 -999.0} sdss_psfmag_ps1 17.520908 17.18785 16.685118 15.762 63050396450243552 944648249 bright_1x1 openfibertargets_nov2020_6c open_fiber science 0 0 0.0 0.0 -999 ""
FIBERMAP 574 R-2C2 METROLOGY 0 0 1 1 0 0 -244.62388167225774 -31.69450430244059 143.1 108.07990459091168 -221.71814403564252 10.000333 170.07811 -999.0 -999.0 -999.0 -999.0 -999.0 199.8555797496655 -25.681121500637506 199.8830556715311 -25.82411011674021 79.47446294766846 284.97646488418457 -999.0 6231.0 -999.0 -1 -999 {-999.0 -999.0 -999.0 -999.0 -999.0} "" -999.0 -999.0 -999.0 -999.0 -999 -999 "" "" "" "" 0 0 0.0 0.0 -999 ""
FIBERMAP 576 R+4C19 APOGEE 0 0 0 1 0 0 146.2528442296989 70.0257300876879 143.1 -113.02276075041318 116.26311845847722 215.37305 118.265274 -999.0 -999.0 -999.0 -999.0 -999.0 199.11667361773164 -24.656944717925004 199.14226383759888 -24.800689251511677 78.4679555548499 288.61282133421366 -999.0 16600.0 -999.0 2 65 {-999.0 -999.0 -999.0 -999.0 -999.0} "" -999.0 -999.0 -999.0 -999.0 -999 -999 "" ops_sky_apogee_best_unassigned ops_sky sky_apogee 0 0 0.0 0.0 -999 ""
FIBERMAP 576 R+4C19 BOSS 1 1 0 1 0 0 145.60605968886378 70.38825606169043 143.1 -113.15998060075032 115.53450388367975 215.37305 118.265274 199.11610609433728 -24.65908594147513 0.90531075 0.59151006 -0.67354137 199.1161089970505 -24.6590842178614 199.14174476705597 -24.802846818628797 78.46840570771812 288.6020063750809 5400.0 5400.0 2016.0 1 217 {-999.0 20.594938 20.179674 20.080976 -999.0} sdss_psfmag_ps1 20.540592 20.210638 19.719324 -999.0 63050396450291366 1117337534 bright_1x1 openfibertargets_bhm_quaia_boss open_fiber science 0 0 0.0 0.0 -999 ""
FIBERMAP 576 R+4C19 METROLOGY 0 0 0 1 0 0 146.23700705731625 70.77966804274617 143.1 -113.73221418749206 116.00757858527918 215.37305 118.265274 -999.0 -999.0 -999.0 -999.0 -999.0 199.11420899309542 -24.657639905011035 199.13982893371065 -24.80139924547144 78.46622728992635 288.60506822867563 -999.0 6231.0 -999.0 -1 -999 {-999.0 -999.0 -999.0 -999.0 -999.0} "" -999.0 -999.0 -999.0 -999.0 -999 -999 "" "" "" "" 0 0 0.0 0.0 -999 ""
FIBERMAP 578 R+9C13 APOGEE 0 0 0 1 0 0 74.7329390807333 162.30348064636644 143.1 -177.65706239508853 19.04416014033507 251.37262 119.171715 -999.0 -999.0 -999.0 -999.0 -999.0 198.89950535904606 -24.950857594618085 198.9251707711744 -25.094750002733353 78.40335711838765 286.8772502833373 -999.0 16600.0 -999.0 2 92 {-999.0 -999.0 -999.0 -999.0 -999.0} "" -999.0 -999.0 -999.0 -999.0 -999 -999 "" ops_sky_apogee_best_unassigned ops_sky sky_apogee 0 0 0.0 0.0 -999 ""
FIBERMAP 578 R+9C13 BOSS 1 1 0 1 0 0 74.01418772410658 162.15404483302106 143.1 -177.28613694645216 18.41067535735359 251.37262 119.171715 198.90061745597012 -24.95270177074106 -0.96667725 -19.808165 0.58524233 198.9006143491451 -24.952759490172102 198.9263275231801 -25.096667502251815 78.40505811830938 286.870427293252 5400.0 5400.0 2016.0 1 159 {-999.0 18.014862 17.227726 16.915462 -999.0} sdss_psfmag_ps1 17.787174 17.25348 16.595139 15.383 63050396450289416 944648812 bright_1x1 openfibertargets_nov2020_6c open_fiber science 0 0 0.0 0.0 -999 ""
FIBERMAP 578 R+9C13 METROLOGY 0 0 0 1 0 0 74.23191772750631 162.86297552869857 143.1 -178.0274526739427 18.390845587879923 251.37262 119.171715 -999.0 -999.0 -999.0 -999.0 -999.0 198.8981330880075 -24.952810886774795 198.92383123956176 -25.096716262830142 78.40298765450207 286.86590523931 -999.0 6231.0 -999.0 -1 -999 {-999.0 -999.0 -999.0 -999.0 -999.0} "" -999.0 -999.0 -999.0 -999.0 -999 -999 "" "" "" "" 0 0 0.0 0.0 -999 ""
FIBERMAP 579 R+10C17 APOGEE 1 1 0 1 0 0 178.19308434711516 208.8771000825445 143.1 -254.8020100173286 102.23468831041083 107.73032 103.09009 198.64576065677704 -24.698029620101188 2.7582667 -4.7337813 2.3110583 198.6457695034179 -24.698043413966804 198.67091542896836 -24.842178795008344 78.09281009363215 287.57993837444 16000.0 16600.0 2016.0 2 103 {-999.0 12.05758 11.751651 11.669221 -999.0} sdss_psfmag_from_g3xp 12.01941 11.75961 11.341056 10.648 63050396450292429 975319325 "" ops_std_apogee ops_std standard_apogee 0 0 0.0 0.0 -999 ""
FIBERMAP 579 R+10C17 BOSS 0 0 0 1 0 0 178.8131338829602 209.28241342777966 143.1 -255.38394114171442 102.69300015786594 107.73032 103.09009 -999.0 -999.0 -999.0 -999.0 -999.0 198.6438305182617 -24.696639362930007 198.66901954246964 -24.840794584691306 78.09068264231398 287.5828063226861 -999.0 5400.0 -999.0 1 177 {-999.0 -999.0 -999.0 -999.0 -999.0} "" -999.0 -999.0 -999.0 -999.0 -999 -999 "" "" "" "" 0 0 0.0 0.0 -999 ""
FIBERMAP 579 R+10C17 METROLOGY 0 0 0 1 0 0 178.86034534241358 208.5349690925314 143.1 -254.69065112916815 102.9762017236689 107.73032 103.09009 -999.0 -999.0 -999.0 -999.0 -999.0 198.64608727970193 -24.69577713504775 198.6712647903231 -24.839925523438723 78.09221086260098 287.59057722976615 -999.0 6231.0 -999.0 -1 -999 {-999.0 -999.0 -999.0 -999.0 -999.0} "" -999.0 -999.0 -999.0 -999.0 -999 -999 "" "" "" "" 0 0 0.0 0.0 -999 ""
FIBERMAP 583 R+3C18 APOGEE 0 0 0 1 0 0 124.51581338920867 78.68641132738365 143.1 -114.29564926184989 92.8999205261818 141.50684 49.535133 -999.0 -999.0 -999.0 -999.0 -999.0 199.11203189907135 -24.727694219238163 199.13768984449814 -24.871434048029673 78.4928484772236 288.2805745988544 -999.0 16600.0 -999.0 2 70 {-999.0 -999.0 -999.0 -999.0 -999.0} "" -999.0 -999.0 -999.0 -999.0 -999 -999 "" ops_sky_apogee_best_unassigned ops_sky sky_apogee 0 0 0.0 0.0 -999 ""
FIBERMAP 583 R+3C18 BOSS 1 1 0 1 0 0 125.24938560037256 78.82699062692625 143.1 -114.66290974398821 93.55027653286865 141.50684 49.535133 199.11071777343747 -24.725661082581283 -999.0 -999.0 -999.0 199.11071777343747 -24.725661082581283 199.13641625752345 -24.869419877528916 78.49097936637088 288.2874805649876 5400.0 5400.0 2015.5 1 226 {-999.0 -999.0 -999.0 -999.0 -999.0} "" -999.0 -999.0 -999.0 -999.0 27021603177290559 814935582 "" ops_sky_boss_good ops_sky sky_boss 0 0 0.0 0.0 -999 ""
FIBERMAP 583 R+3C18 METROLOGY 0 0 0 1 0 0 125.01389486087756 78.12825037797938 143.1 -113.92558523057711 93.55002338824275 141.50684 49.535133 -999.0 -999.0 -999.0 -999.0 -999.0 199.1131749982127 -24.725662036056804 199.13886359790547 -24.86941375228954 78.49300888385324 288.29199443638936 -999.0 6231.0 -999.0 -1 -999 {-999.0 -999.0 -999.0 -999.0 -999.0} "" -999.0 -999.0 -999.0 -999.0 -999 -999 "" "" "" "" 0 0 0.0 0.0 -999 ""
FIBERMAP 584 R+9C4 APOGEE 0 0 0 1 0 0 -141.7686392493845 176.29124550557785 143.1 -121.84212440738185 -190.59666013110785 214.19812 71.183365 -999.0 -999.0 -999.0 -999.0 -999.0 199.0837718371033 -25.586440451674616 199.1102868343686 -25.73009924408637 78.78832889833603 284.18418242465873 -999.0 16600.0 -999.0 2 -999 {-999.0 -999.0 -999.0 -999.0 -999.0} "" -999.0 -999.0 -999.0 -999.0 -999 -999 "" "" "" "" 0 0 0.0 0.0 -999 ""
FIBERMAP 584 R+9C4 BOSS 1 1 0 1 0 0 -141.97367862285856 177.024732039767 143.1 -122.47183433435708 -191.02498200740513 214.19812 71.183365 199.08143547277464 -25.587721818053723 -11.548289 -5.4969597 2.0751436 199.08159231267555 -25.587737835756442 199.10815007495782 -25.731412524610416 78.78696114456478 284.17448046522367 5400.0 5400.0 2016.0 1 15 {-999.0 14.180025 13.528756 13.316051 -999.0} sdss_psfmag_from_g3xp 13.968357 13.613347 12.88431 11.383 63050396450241880 1075965217 bright_1x1 mwm_erosita_stars_boss mwm_erosita science 0 0 0.6303911209106445 0.0 -999 ""
FIBERMAP 584 R+9C4 METROLOGY 0 0 0 1 0 0 -141.24853084563742 176.82881918903692 143.1 -122.5175139733521 -190.27525776219647 214.19812 71.183365 -999.0 -999.0 -999.0 -999.0 -999.0 199.08143304070745 -25.585510128849272 199.10797638429779 -25.72918132276796 78.78605975714682 284.1850068345165 -999.0 6231.0 -999.0 -1 -999 {-999.0 -999.0 -999.0 -999.0 -999.0} "" -999.0 -999.0 -999.0 -999.0 -999 -999 "" "" "" "" 0 0 0.0 0.0 -999 ""
FIBERMAP 585 R+12C4 APOGEE 0 0 0 1 0 0 -91.48901942913427 254.77744645305845 143.1 -212.2642470861509 -167.98640966118379 169.42108 21.715479 -999.0 -999.0 -999.0 -999.0 -999.0 198.7816477507327 -25.515923562129142 198.80776509777354 -25.659845830786406 78.50802113291122 284.05192749620187 -999.0 16600.0 -999.0 2 -999 {-999.0 -999.0 -999.0 -999.0 -999.0} "" -999.0 -999.0 -999.0 -999.0 -999 -999 "" "" "" "" 0 0 0.0 0.0 -999 ""
FIBERMAP 585 R+12C4 BOSS 1 1 0 1 0 0 -90.79994488260253 254.93957494280207 143.1 -212.63773348911678 -167.38509893364395 169.42108 21.715479 198.780456790068 -25.514072409756455 -27.687643 -3.0701547 1.7532084 198.78036739234227 -25.514081355918165 198.80652644009282 -25.658019530045465 78.5063529554954 284.0586592761023 5400.0 5400.0 2016.0 1 98 {-999.0 20.7319 19.11921 18.08776 -999.0} sdss_psfmag_ps1 20.035072 18.93883 17.510868 15.547 63050396450242477 1096477276 bright_1x1 mwm_bin_vis_boss mwm_filler science 0 0 0.0 0.0 -999 ""
FIBERMAP 585 R+12C4 METROLOGY 0 0 0 1 0 0 -90.99863486907279 254.21262683579167 143.1 -211.8854170760721 -167.34147681814733 169.42108 21.715479 -999.0 -999.0 -999.0 -999.0 -999.0 198.78284244790004 -25.514009118127348 198.80899173892055 -25.657941187652618 78.50841767553733 284.06280110823525 -999.0 6231.0 -999.0 -1 -999 {-999.0 -999.0 -999.0 -999.0 -999.0} "" -999.0 -999.0 -999.0 -999.0 -999 -999 "" "" "" "" 0 0 0.0 0.0 -999 ""
FIBERMAP 586 R-5C20 APOGEE 1 1 0 1 0 0 177.7495722348611 -95.12413955021943 143.1 33.441062953275754 198.80076687454292 170.35643 119.0347 199.60526918331215 -24.408005109451103 2.8535476 -12.620137 0.28780717 199.60527831441078 -24.408041883536416 199.6311092469151 -24.551396120314777 78.76516514679896 290.7090304848545 16000.0 16600.0 2016.0 2 224 {-999.0 13.092266 12.2845545 11.939469 -999.0} sdss_psfmag_from_g3xp 12.852313 12.292535 11.58136 10.078 63050396450309548 1156283951 bright_1x1 mwm_galactic_core_dist_apogee_extra mwm_galactic science 0 0 0.0 0.0 -999 ""
FIBERMAP 586 R-5C20 BOSS 0 0 0 1 0 0 177.53819710855527 -94.43673025291503 143.1 32.85704167710042 198.38114076765908 170.35643 119.0347 -999.0 -999.0 -999.0 -999.0 -999.0 199.60330413172008 -24.40923291021653 199.62917658529113 -24.55260737110833 78.76411382366997 290.6994941846993 -999.0 5400.0 -999.0 1 322 {-999.0 -999.0 -999.0 -999.0 -999.0} "" -999.0 -999.0 -999.0 -999.0 -999 -999 "" "" "" "" 0 0 0.0 0.0 -999 ""
FIBERMAP 586 R-5C20 METROLOGY 0 0 0 1 0 0 178.25498022025704 -94.56381080688297 143.1 32.74879836372816 199.1009780636273 170.35643 119.0347 -999.0 -999.0 -999.0 -999.0 -999.0 199.60295947718024 -24.407039294509506 199.62881735309384 -24.55040905158168 78.76285865259564 290.7089066083919 -999.0 6231.0 -999.0 -1 -999 {-999.0 -999.0 -999.0 -999.0 -999.0} "" -999.0 -999.0 -999.0 -999.0 -999 -999 "" "" "" "" 0 0 0.0 0.0 -999 ""
FIBERMAP 590 R+11C14 APOGEE 0 0 0 1 0 0 135.13224233361234 219.76442950910337 143.1 -251.38209297892254 57.952568352396895 30.344067 114.55096 -999.0 -999.0 -999.0 -999.0 -999.0 198.65566915303697 -24.83189940819141 198.6809602079377 -24.976010392011318 78.15345649216945 286.99857445071484 -999.0 16600.0 -999.0 2 55 {-999.0 -999.0 -999.0 -999.0 -999.0} "" -999.0 -999.0 -999.0 -999.0 -999 -999 "" ops_sky_apogee_best_unassigned ops_sky sky_apogee 0 0 0.0 0.0 -999 ""
FIBERMAP 590 R+11C14 BOSS 1 1 0 1 0 0 135.77981500968528 219.3793565403025 143.1 -251.22375681210684 58.68912307486941 30.344067 114.55096 198.65615844726562 -24.829655231048946 -999.0 -999.0 -999.0 198.65615844726562 -24.829655231048946 198.68149346806865 -24.97378344850504 78.1530429927385 287.00949040946176 5400.0 5400.0 2015.5 1 92 {-999.0 -999.0 -999.0 -999.0 -999.0} "" -999.0 -999.0 -999.0 -999.0 27021603177290823 824216292 "" ops_sky_boss_good ops_sky sky_boss 0 0 0.0 0.0 -999 ""
FIBERMAP 590 R+11C14 METROLOGY 0 0 0 1 0 0 135.11816785543928 219.01691058923694 143.1 -250.669180052759 58.17771311004774 30.344067 114.55096 -999.0 -999.0 -999.0 -999.0 -999.0 198.65794158687834 -24.831204661041745 198.68326710834435 -24.975326280091068 78.15512165995754 287.00558029391027 -999.0 6231.0 -999.0 -1 -999 {-999.0 -999.0 -999.0 -999.0 -999.0} "" -999.0 -999.0 -999.0 -999.0 -999 -999 "" "" "" "" 0 0 0.0 0.0 -999 ""
FIBERMAP 591 R+11C1 APOGEE 0 0 0 1 0 0 -184.95085694970064 217.7599259179762 143.1 -147.36539094734877 -244.75026449147566 196.92265 82.042076 -999.0 -999.0 -999.0 -999.0 -999.0 198.99813955231247 -25.748740661470748 199.02473071457325 -25.892452215087378 78.76937282421582 283.2658962661217 -999.0 16600.0 -999.0 2 9 {-999.0 -999.0 -999.0 -999.0 -999.0} "" -999.0 -999.0 -999.0 -999.0 -999 -999 "" ops_sky_apogee_best_unassigned ops_sky sky_apogee 0 0 0.0 0.0 -999 ""
FIBERMAP 591 R+11C1 BOSS 1 1 0 1 0 0 -185.04216953031872 218.4989989326963 143.1 -148.03667776216557 -245.07258990565444 196.92265 82.042076 198.99586621353447 -25.74964975143463 -0.58420116 -0.70605606 0.20026621 198.99586432354394 -25.74965180882635 199.022498630134 -25.893378946570838 78.76777303816948 283.25805695444274 5400.0 5400.0 2016.0 1 9 {-999.0 20.480692 20.479885 20.254524 -999.0} sdss_psfmag_ps1 20.608326 20.380905 19.98523 -999.0 63050396450241471 1117337375 bright_1x1 openfibertargets_bhm_quaia_boss open_fiber science 0 0 0.0 0.0 -999 ""
FIBERMAP 591 R+11C1 METROLOGY 0 0 0 1 0 0 -184.36575036889838 218.22238439997574 143.1 -147.99033049128562 -244.34329921510823 196.92265 82.042076 -999.0 -999.0 -999.0 -999.0 -999.0 198.9959993042377 -25.74751804199222 199.02261897226845 -25.891241441231767 78.76718334317223 283.26861903894564 -999.0 6231.0 -999.0 -1 -999 {-999.0 -999.0 -999.0 -999.0 -999.0} "" -999.0 -999.0 -999.0 -999.0 -999 -999 "" "" "" "" 0 0 0.0 0.0 -999 ""
FIBERMAP 593 R-1C22 APOGEE 0 0 0 1 0 0 197.7490574347129 -27.81827061928421 143.1 -36.72511477149337 196.28146693420996 295.97546 133.52838 -999.0 -999.0 -999.0 -999.0 -999.0 199.3718199325922 -24.415436614882605 199.39742220576818 -24.558992237967697 78.5769941317146 290.2043491810525 -999.0 16600.0 -999.0 2 205 {-999.0 -999.0 -999.0 -999.0 -999.0} "" -999.0 -999.0 -999.0 -999.0 -999 -999 "" ops_sky_apogee_best_unassigned ops_sky sky_apogee 0 0 0.0 0.0 -999 ""
FIBERMAP 593 R-1C22 BOSS 1 1 0 1 0 0 197.47275043277068 -28.514379688094525 143.1 -35.97726209384621 196.24169283792975 295.97546 133.52838 199.37426211838158 -24.415470936441462 -2.6715124 -4.7457304 0.015213684 199.3742535692754 -24.415484765125722 199.39990126437593 -24.55905696395596 78.57905656467689 290.20896322228526 5400.0 5400.0 2016.0 1 289 {-999.0 18.90402 18.538452 18.294075 -999.0} sdss_psfmag_ps1 18.877527 18.5409 18.063208 -999.0 63050396450291917 944648783 bright_1x1 openfibertargets_nov2020_6c open_fiber science 0 0 0.0 0.0 -999 ""
FIBERMAP 593 R-1C22 METROLOGY 0 0 0 1 0 0 197.0135937226956 -27.92097362267507 143.1 -36.3931461547961 195.61723457036314 295.97546 133.52838 -999.0 -999.0 -999.0 -999.0 -999.0 199.37287105623113 -24.417345390685153 199.3985071697881 -24.56091325579801 78.57871260547613 290.19774418351557 -999.0 6231.0 -999.0 -1 -999 {-999.0 -999.0 -999.0 -999.0 -999.0} "" -999.0 -999.0 -999.0 -999.0 -999 -999 "" "" "" "" 0 0 0.0 0.0 -999 ""
FIBERMAP 595 R-3C1 APOGEE 1 1 0 1 0 0 -244.73410703906606 -50.60992913835235 143.1 126.04119353705012 -215.7879617978743 44.71286 102.382385 199.91558872844072 -25.662938049069986 -54.46784 -7.899963 2.3824313 199.91580185109575 -25.66296106883388 199.94329234663238 -25.805888667980444 79.51901004068252 285.17333869576174 16000.0 16600.0 2016.0 2 271 {-999.0 8.857248 7.666593 7.1838174 -999.0} sdss_psfmag_from_g3xp 8.417547 7.6605444 6.812168 4.973 63050396450243550 1153097381 bright_1x1 mwm_galactic_core_dist_apogee_sparse mwm_galactic science 0 0 1.2629328966140747 0.0 -999 ""
FIBERMAP 595 R-3C1 BOSS 0 0 0 1 0 0 -244.09729657960125 -51.011589003258344 143.1 126.21868258473593 -215.05631464861375 44.71286 102.382385 -999.0 -999.0 -999.0 -999.0 -999.0 199.91636739812185 -25.66075828739405 199.94389816620912 -25.803699653351625 79.51875926647334 285.1856630505398 -999.0 5400.0 -999.0 1 443 {-999.0 -999.0 -999.0 -999.0 -999.0} "" -999.0 -999.0 -999.0 -999.0 -999 -999 "" "" "" "" 0 0 0.0 0.0 -999 ""
FIBERMAP 595 R-3C1 METROLOGY 0 0 0 1 0 0 -244.77717599860406 -51.350444504943844 143.1 126.75671939813527 -215.59252943621968 44.71286 102.382385 -999.0 -999.0 -999.0 -999.0 -999.0 199.91820425299065 -25.662404038542686 199.9457270692351 -25.80533965737722 79.52087376286538 285.1803624674229 -999.0 6231.0 -999.0 -1 -999 {-999.0 -999.0 -999.0 -999.0 -999.0} "" -999.0 -999.0 -999.0 -999.0 -999 -999 "" "" "" "" 0 0 0.0 0.0 -999 ""
FIBERMAP 596 R-5C10 APOGEE 1 1 0 1 0 0 -17.476099728537182 -94.50816465464025 143.1 95.14071491525796 13.589136110502267 31.346066 91.37744 199.81200221493575 -24.968961093858514 -4.707831 -2.6275594 0.2739089 199.81198708234294 -24.9689687503589 199.83862203722623 -25.112073237023917 79.17129446107647 288.46145733505546 16000.0 16600.0 2016.0 2 269 {-999.0 14.257675 12.838554 11.526728 -999.0} sdss_psfmag_from_g3xp 13.691044 12.233906 11.060566 8.395 63050396450249525 1153097408 bright_1x1 mwm_galactic_core_dist_apogee_sparse mwm_galactic science 0 0 0.0 0.0 -999 ""
FIBERMAP 596 R-5C10 BOSS 0 0 0 1 0 0 -17.051271571078427 -95.12388256244365 143.1 95.58869581750635 14.188179465143957 31.346066 91.37744 -999.0 -999.0 -999.0 -999.0 -999.0 199.81350032940165 -24.967124262943468 199.84017653289243 -25.110244122181637 79.17185010507946 288.4733810446266 -999.0 5400.0 -999.0 1 370 {-999.0 -999.0 -999.0 -999.0 -999.0} "" -999.0 -999.0 -999.0 -999.0 -999 -999 "" "" "" "" 0 0 0.0 0.0 -999 ""
FIBERMAP 596 R-5C10 METROLOGY 0 0 0 1 0 0 -17.787459840710728 -95.18840408135982 143.1 95.88471104891198 13.51107928960814 31.346066 91.37744 -999.0 -999.0 -999.0 -999.0 -999.0 199.81451581275184 -24.96918201016574 199.84118350396454 -25.112296053738955 79.17350842648418 288.4653221614866 -999.0 6231.0 -999.0 -1 -999 {-999.0 -999.0 -999.0 -999.0 -999.0} "" -999.0 -999.0 -999.0 -999.0 -999 -999 "" "" "" "" 0 0 0.0 0.0 -999 ""
FIBERMAP 601 R+5C20 APOGEE 1 1 0 1 0 0 200.99322093391362 90.12401170500111 143.1 -149.53385665330367 161.72848912131315 323.09253 121.87453 198.99627831299046 -24.519203433281362 -22.449762 -23.477074 6.0060806 198.9962064122693 -24.519271843607395 199.0215310200837 -24.66313493577298 78.31139896110037 289.0114609519706 16000.0 16600.0 2016.0 2 117 {-999.0 14.045356 12.916184 12.510173 -999.0} sdss_psfmag_from_g3xp 13.622988 12.960422 12.147348 10.553 63050396450293908 1076254900 bright_1x1 mwm_snc_ext_main_apogee mwm_snc science 0 0 0.0 0.0 -999 ""
FIBERMAP 601 R+5C20 BOSS 0 0 0 1 0 0 200.9362375095508 89.38044669725669 143.1 -148.81100147933546 161.91170769864857 323.09253 121.87453 -999.0 -999.0 -999.0 -999.0 -999.0 198.99853204600015 -24.51867118241985 199.02390458478374 -24.662551279346786 78.31311898699366 289.01850241024135 -999.0 5400.0 -999.0 1 202 {-999.0 -999.0 -999.0 -999.0 -999.0} "" -999.0 -999.0 -999.0 -999.0 -999 -999 "" "" "" "" 0 0 0.0 0.0 -999 ""
FIBERMAP 601 R+5C20 METROLOGY 0 0 0 1 0 0 200.31636303530524 89.79423389611358 143.1 -149.00538672190814 161.19224174206246 323.09253 121.87453 -999.0 -999.0 -999.0 -999.0 -999.0 198.9978563573292 -24.52082242941478 199.02321780839713 -24.66469760964904 78.3134421356362 289.0075834386699 -999.0 6231.0 -999.0 -1 -999 {-999.0 -999.0 -999.0 -999.0 -999.0} "" -999.0 -999.0 -999.0 -999.0 -999 -999 "" "" "" "" 0 0 0.0 0.0 -999 ""
FIBERMAP 602 R+3C5 APOGEE 1 1 0 1 0 0 -179.1018661192367 55.903043566619466 143.1 4.160144746921894 -187.56951437535298 176.69376 131.3823 199.50677351039084 -25.578729131363243 -0.5511324 -2.7390637 0.20138042 199.50677172993727 -25.578737112779176 199.53373311727105 -25.722033585328692 79.1440005962875 284.90610385902204 16000.0 16600.0 2016.0 2 24 {-999.0 14.048036 13.01321 12.599624 -999.0} sdss_psfmag_from_g3xp 13.696589 13.023294 12.23174 10.441 63050396450244360 1156283907 bright_1x1 mwm_galactic_core_dist_apogee_extra mwm_galactic science 0 0 0.0 0.0 -999 ""
FIBERMAP 602 R+3C5 BOSS 0 0 0 1 0 0 -179.54392471214038 56.49854431345264 143.1 3.7368206973746068 -188.1784370518602 176.69376 131.3823 -999.0 -999.0 -999.0 -999.0 -999.0 199.50530594015112 -25.580619552683814 199.53231070722825 -25.72393133102965 79.14345612364231 284.89429449284415 -999.0 5400.0 -999.0 1 41 {-999.0 -999.0 -999.0 -999.0 -999.0} "" -999.0 -999.0 -999.0 -999.0 -999 -999 "" "" "" "" 0 0 0.0 0.0 -999 ""
FIBERMAP 602 R+3C5 METROLOGY 0 0 0 1 0 0 -178.81149344648728 56.603924956924516 143.1 3.40328193479844 -187.51793278873149 176.69376 131.3823 -999.0 -999.0 -999.0 -999.0 -999.0 199.50419987565684 -25.578654653647266 199.53118923466832 -25.721963599764575 79.14182653525148 284.90223507463486 -999.0 6231.0 -999.0 -1 -999 {-999.0 -999.0 -999.0 -999.0 -999.0} "" -999.0 -999.0 -999.0 -999.0 -999 -999 "" "" "" "" 0 0 0.0 0.0 -999 ""
FIBERMAP 603 R-11C2 APOGEE 0 0 0 1 0 0 -134.36672102112612 -208.57279986338423 143.1 240.5315736933192 -60.79758276702847 17.983658 122.89948 -999.0 -999.0 -999.0 -999.0 -999.0 200.29753750665506 -25.192777243764503 200.32492127334422 -25.335422007376714 79.66377623951449 288.2994411753731 -999.0 16600.0 -999.0 2 -999 {-999.0 -999.0 -999.0 -999.0 -999.0} "" -999.0 -999.0 -999.0 -999.0 -999 -999 "" "" "" "" 0 0 0.0 0.0 -999 ""
FIBERMAP 603 R-11C2 BOSS 1 1 0 1 0 0 -133.79006347856762 -209.04462750351914 143.1 240.7947514090027 -60.100556630407155 17.983658 122.89948 200.29840722008285 -25.19065554474299 -6.5254946 0.82108337 0.11748091 200.29838620687624 -25.190653152169265 200.32580818431634 -25.333312867300414 79.66367899867846 288.31200498827235 5400.0 5400.0 2016.0 1 516 {-999.0 15.472747 14.548875 14.196366 -999.0} sdss_psfmag_from_g3xp 15.181408 14.57513 13.836395 12.251 63050396450266385 1061626055 bright_1x1 manual_mwm_halo_distant_kgiant_near_boss_single mwm_halo science 0 0 0.0 0.0 -999 ""
FIBERMAP 603 R-11C2 METROLOGY 0 0 0 1 0 0 -134.48018754330448 -209.31213981573418 143.1 241.26844475380568 -60.66924107940945 17.983658 122.89948 -999.0 -999.0 -999.0 -999.0 -999.0 200.3000215387859 -25.192377922954535 200.32743595274712 -25.33503157525886 79.66570973722258 288.3064468356257 -999.0 6231.0 -999.0 -1 -999 {-999.0 -999.0 -999.0 -999.0 -999.0} "" -999.0 -999.0 -999.0 -999.0 -999 -999 "" "" "" "" 0 0 0.0 0.0 -999 ""
FIBERMAP 606 R-1C4 APOGEE 0 0 0 1 0 0 -230.8765208903308 -28.279239549082746 143.1 100.45740238485833 -209.77936995413415 256.52295 55.391647 -999.0 -999.0 -999.0 -999.0 -999.0 199.83005639503125 -25.645237596535203 199.8574362976717 -25.7882432597079 79.44039975624327 285.1166736702185 -999.0 16600.0 -999.0 2 -999 {-999.0 -999.0 -999.0 -999.0 -999.0} "" -999.0 -999.0 -999.0 -999.0 -999 -999 "" "" "" "" 0 0 0.0 0.0 -999 ""
FIBERMAP 606 R-1C4 BOSS 1 1 0 1 0 0 -231.40655050548227 -27.719549672819152 143.1 100.09608190018082 -210.46023780803145 256.52295 55.391647 199.8289678751665 -25.647113675310568 -45.550034 -67.58193 11.449664 199.82882063964112 -25.647310603662458 199.85623978109365 -25.790330119433982 79.44011507299125 285.103953015332 5400.0 5400.0 2016.0 1 510 {-999.0 17.5131 16.056507 14.640821 -999.0} sdss_psfmag_ps1 16.958775 15.334612 14.094632 11.736 63050396450243608 1151078316 bright_1x1 mwm_snc_100pc_boss_single mwm_snc science 0 0 0.0 0.0 -999 ""
FIBERMAP 606 R-1C4 METROLOGY 0 0 0 1 0 0 -230.6572091375182 -27.564116782087897 143.1 99.70971380937381 -209.79967617616873 256.52295 55.391647 -999.0 -999.0 -999.0 -999.0 -999.0 199.82755317260023 -25.645362800805238 199.85496036003804 -25.788380615976866 79.43835724046902 285.11174183225984 -999.0 6231.0 -999.0 -1 -999 {-999.0 -999.0 -999.0 -999.0 -999.0} "" -999.0 -999.0 -999.0 -999.0 -999 -999 "" "" "" "" 0 0 0.0 0.0 -999 ""
FIBERMAP 609 R+3C17 APOGEE 0 0 0 1 0 0 108.5293800001408 66.2026620395316 143.1 -97.36461829109071 81.73232509732166 28.958193 132.13554 -999.0 -999.0 -999.0 -999.0 -999.0 199.16833748423446 -24.761666471105148 199.19408844415352 -24.905354174940964 78.55333288716278 288.2279494787302 -999.0 16600.0 -999.0 2 -999 {-999.0 -999.0 -999.0 -999.0 -999.0} "" -999.0 -999.0 -999.0 -999.0 -999 -999 "" "" "" "" 0 0 0.0 0.0 -999 ""
FIBERMAP 609 R+3C17 BOSS 1 1 0 1 0 0 109.3207309472497 65.89077149754898 143.1 -97.32150701215633 82.58179069838206 28.958193 132.13554 199.16839599609375 -24.75903242913843 -999.0 -999.0 -999.0 199.16839599609375 -24.75903242913843 199.19418807939095 -24.90273785938073 78.55236443346215 288.2402043773498 5400.0 5400.0 2015.5 1 227 {-999.0 -999.0 -999.0 -999.0 -999.0} "" -999.0 -999.0 -999.0 -999.0 27021603177290539 824216275 "" ops_sky_boss_good ops_sky sky_boss 0 0 0.0 0.0 -999 ""
FIBERMAP 609 R+3C17 METROLOGY 0 0 0 1 0 0 108.69553947092764 65.47335466464503 143.1 -96.72646498016732 82.12246725131291 28.958193 132.13554 -999.0 -999.0 -999.0 -999.0 -999.0 199.1703772317572 -24.760425960076343 199.1961604351942 -24.904124578959674 78.55455981034365 288.23742847288656 -999.0 6231.0 -999.0 -1 -999 {-999.0 -999.0 -999.0 -999.0 -999.0} "" -999.0 -999.0 -999.0 -999.0 -999 -999 "" "" "" "" 0 0 0.0 0.0 -999 ""
FIBERMAP 616 R+10C3 APOGEE 0 0 0 1 0 0 -143.36554788089288 208.66863278680532 143.1 -152.01666569728258 -202.4394998313423 150.25627 85.13333 -999.0 -999.0 -999.0 -999.0 -999.0 198.98268096137792 -25.621431715734527 199.00912334767895 -25.765171927159237 78.71427420904425 283.8579864785024 -999.0 16600.0 -999.0 2 13 {-999.0 -999.0 -999.0 -999.0 -999.0} "" -999.0 -999.0 -999.0 -999.0 -999 -999 "" ops_sky_apogee_best_unassigned ops_sky sky_apogee 0 0 0.0 0.0 -999 ""
FIBERMAP 616 R+10C3 BOSS 1 1 0 1 0 0 -142.95947816250245 209.27988547144363 143.1 -152.72549866500492 -202.24967780046902 150.25627 85.13333 198.9802551269531 -25.620839763180243 -999.0 -999.0 -999.0 198.98025512695307 -25.620839763180243 199.00673902439826 -25.764596373590752 78.71205796332356 283.8571002228933 5400.0 5400.0 2015.5 1 16 {-999.0 -999.0 -999.0 -999.0 -999.0} "" -999.0 -999.0 -999.0 -999.0 27021603177277144 814933335 "" ops_sky_boss_good ops_sky sky_boss 0 0 0.0 0.0 -999 ""
FIBERMAP 616 R+10C3 METROLOGY 0 0 0 1 0 0 -142.61394691582876 208.61167775553523 143.1 -152.20247491741233 -201.70903804944115 150.25627 85.13333 -999.0 -999.0 -999.0 -999.0 -999.0 198.98198996800235 -25.61926472001027 199.0084614715787 -25.763016014556552 78.71299313979242 283.86735536872493 -999.0 6231.0 -999.0 -1 -999 {-999.0 -999.0 -999.0 -999.0 -999.0} "" -999.0 -999.0 -999.0 -999.0 -999 -999 "" "" "" "" 0 0 0.0 0.0 -999 ""
FIBERMAP 617 R-4C3 APOGEE 0 0 0 1 0 0 -185.93608628773754 -80.82998417624235 143.1 135.9221976951795 -150.4239627431896 10.491973 93.79089 -999.0 -999.0 -999.0 -999.0 -999.0 199.94900702467547 -25.465692353561682 199.97631994581184 -25.60861494212708 79.47648738237476 286.24274116154936 -999.0 16600.0 -999.0 2 242 {-999.0 -999.0 -999.0 -999.0 -999.0} "" -999.0 -999.0 -999.0 -999.0 -999 -999 "" ops_sky_apogee_best_unassigned ops_sky sky_apogee 0 0 0.0 0.0 -999 ""
FIBERMAP 617 R-4C3 BOSS 1 1 0 1 0 0 -185.76738677637508 -81.56911981736452 143.1 136.5688548846979 -150.02827785586732 10.491973 93.79089 199.951171875 -25.464513072026747 -999.0 -999.0 -999.0 199.95117187499997 -25.464513072026744 199.97852687716244 -25.60744842888488 79.47791451843317 286.25266550451306 5400.0 5400.0 2015.5 1 499 {-999.0 -999.0 -999.0 -999.0 -999.0} "" -999.0 -999.0 -999.0 -999.0 27021603177278108 824215345 "" ops_sky_boss_good ops_sky sky_boss 0 0 0.0 0.0 -999 ""
FIBERMAP 617 R-4C3 METROLOGY 0 0 0 1 0 0 -186.48249337138287 -81.35332920146537 143.1 136.5924929241938 -150.77482774669093 10.491973 93.79089 -999.0 -999.0 -999.0 -999.0 -999.0 199.95128347851616 -25.466793251922414 199.9786294845983 -25.609724102939875 79.47883116728234 286.24124781909757 -999.0 6231.0 -999.0 -1 -999 {-999.0 -999.0 -999.0 -999.0 -999.0} "" -999.0 -999.0 -999.0 -999.0 -999 -999 "" "" "" "" 0 0 0.0 0.0 -999 ""
FIBERMAP 618 R+8C5 APOGEE 1 1 0 1 0 0 -120.90880271104339 135.08300090915134 143.1 -89.44409874930597 -157.68103485423498 322.25327 19.308697 199.19286367303175 -25.487453088694213 -94.33402 -67.508415 11.192316 199.1925591548191 -25.48764980258328 199.2190847352472 -25.631227112832317 78.84653541787122 284.83645514287514 16000.0 16600.0 2016.0 2 42 {-999.0 12.065188 11.116868 10.802132 -999.0} sdss_psfmag_from_g3xp 11.757589 11.174023 10.454001 9.06 63050396450242019 984768926 bright_1x1 mwm_snc_100pc_apogee mwm_snc science 0 0 0.0 0.0 -999 ""
FIBERMAP 618 R+8C5 BOSS 0 0 0 1 0 0 -121.61206503779914 135.31395549532766 143.1 -89.43861029579458 -158.42119775277507 322.25327 19.308697 -999.0 -999.0 -999.0 -999.0 -999.0 199.19249275874665 -25.489924966959606 199.21906785404485 -25.633517622897646 78.8473173814841 284.8253247985381 -999.0 5400.0 -999.0 1 70 {-999.0 -999.0 -999.0 -999.0 -999.0} "" -999.0 -999.0 -999.0 -999.0 -999 -999 "" "" "" "" 0 0 0.0 0.0 -999 ""
FIBERMAP 618 R+8C5 METROLOGY 0 0 0 1 0 0 -121.06221067597716 135.80841451415162 143.1 -90.08263008936989 -158.05785018210787 322.25327 19.308697 -999.0 -999.0 -999.0 -999.0 -999.0 199.1903333405505 -25.488842008253346 199.21689253787315 -25.632432480740203 78.84510125980187 284.82706069466406 -999.0 6231.0 -999.0 -1 -999 {-999.0 -999.0 -999.0 -999.0 -999.0} "" -999.0 -999.0 -999.0 -999.0 -999 -999 "" "" "" "" 0 0 0.0 0.0 -999 ""
FIBERMAP 621 R-1C10 APOGEE 0 0 0 1 0 0 -89.28072056413453 -3.6237654110675805 143.1 31.91772416199497 -83.45512199371005 168.7986 64.94365 -999.0 -999.0 -999.0 -999.0 -999.0 199.60025972964587 -25.263658224203045 199.62698633873595 -25.40691203588428 79.10900905039814 286.625169939142 -999.0 16600.0 -999.0 2 -999 {-999.0 -999.0 -999.0 -999.0 -999.0} "" -999.0 -999.0 -999.0 -999.0 -999 -999 "" "" "" "" 0 0 0.0 0.0 -999 ""
FIBERMAP 621 R-1C10 BOSS 1 1 0 1 0 0 -88.83062313536524 -3.0230736398455997 143.1 31.20485347039739 -83.22020568043433 168.7986 64.94365 199.59787701335495 -25.262978387843003 -9.726448 -0.26521102 0.9483553 199.59784567389872 -25.262979160643695 199.62461106114637 -25.40625049892371 79.10677173448212 286.62417725071305 5400.0 5400.0 2016.0 1 509 {-999.0 14.590577 13.968001 13.693496 -999.0} sdss_psfmag_from_g3xp 14.429756 14.014429 13.3432 12.142 63050396450247580 1075965225 bright_1x1 mwm_erosita_stars_boss mwm_erosita science 0 0 0.0 0.0 -999 ""
FIBERMAP 621 R-1C10 METROLOGY 0 0 0 1 0 0 -88.5370586422124 -3.7041716463929575 143.1 31.756672433227116 -82.72470232720026 168.7986 64.94365 -999.0 -999.0 -999.0 -999.0 -999.0 199.599713627889 -25.261487406936403 199.62646772587823 -25.404753009528527 79.1077680259058 286.6348431001832 -999.0 6231.0 -999.0 -1 -999 {-999.0 -999.0 -999.0 -999.0 -999.0} "" -999.0 -999.0 -999.0 -999.0 -999 -999 "" "" "" "" 0 0 0.0 0.0 -999 ""
FIBERMAP 622 R-9C14 APOGEE 0 0 0 1 0 0 118.70961682544583 -184.41876056940373 143.1 136.90114641796058 171.33659930569092 25.693586 52.166267 -999.0 -999.0 -999.0 -999.0 -999.0 199.94949848991874 -24.491123435328973 199.97576590976087 -24.63416512029509 79.0830975818421 291.03763629931666 -999.0 16600.0 -999.0 2 198 {-999.0 -999.0 -999.0 -999.0 -999.0} "" -999.0 -999.0 -999.0 -999.0 -999 -999 "" ops_sky_apogee_best_unassigned ops_sky sky_apogee 0 0 0.0 0.0 -999 ""
FIBERMAP 622 R-9C14 BOSS 1 1 0 1 0 0 118.54649716495564 -185.14071773698677 143.1 137.63738482028512 171.41233909885725 25.693586 52.166267 199.95193026672385 -24.490842189145784 0.44434193 -0.1342978 0.3944193 199.95193168951306 -24.490842580478994 199.9782419493617 -24.63390032112902 79.08500196092086 291.0441239529521 5400.0 5400.0 2016.0 1 274 {-999.0 19.739681 19.592962 19.405499 -999.0} sdss_psfmag_ps1 19.983154 19.644852 19.186344 -999.0 63050396450271547 1117337551 bright_1x1 openfibertargets_bhm_quaia_boss open_fiber science 0 0 0.0 0.0 -999 ""
FIBERMAP 622 R-9C14 METROLOGY 0 0 0 1 0 0 117.99774259926309 -184.64171313452758 143.1 137.33954956549493 170.73308623212807 25.693586 52.166267 -999.0 -999.0 -999.0 -999.0 -999.0 199.95098865504832 -24.492871397633998 199.97728872324933 -24.635924590624537 79.08511489534797 291.03251041039715 -999.0 6231.0 -999.0 -1 -999 {-999.0 -999.0 -999.0 -999.0 -999.0} "" -999.0 -999.0 -999.0 -999.0 -999 -999 "" "" "" "" 0 0 0.0 0.0 -999 ""
FIBERMAP 625 R+1C2 APOGEE 0 0 0 1 0 0 -251.41307445929928 5.292621701883787 143.1 75.19322935590657 -239.95236292572505 311.01532 98.370445 -999.0 -999.0 -999.0 -999.0 -999.0 199.7451788235348 -25.73628095196731 199.77256553479708 -25.879350086251154 79.3999072402995 284.50783293192217 -999.0 16600.0 -999.0 2 -999 {-999.0 -999.0 -999.0 -999.0 -999.0} "" -999.0 -999.0 -999.0 -999.0 -999 -999 "" "" "" "" 0 0 0.0 0.0 -999 ""
FIBERMAP 625 R+1C2 BOSS 1 1 0 1 0 0 -251.860307216485 4.7265230379919 143.1 75.87240228038047 -240.19560073252777 311.01532 98.370445 199.74751668458362 -25.737020875106595 -29.469229 4.467553 0.91491497 199.74742135673873 -25.737007856977705 199.7748529117407 -25.88008844649203 79.40209372526238 284.507843085707 5400.0 5400.0 2016.0 1 11 {-999.0 17.996986 17.057995 16.819832 -999.0} sdss_psfmag_ps1 17.665836 17.122704 16.424059 15.013 63050396450243211 1072887865 bright_1x1 mwm_halo_local_high_boss_single mwm_halo science 0 0 0.0 0.0 -999 ""
FIBERMAP 625 R+1C2 METROLOGY 0 0 0 1 0 0 -252.1512358792669 5.413518082588425 143.1 75.3141537857043 -240.69048746185797 311.01532 98.370445 -999.0 -999.0 -999.0 -999.0 -999.0 199.74557158428664 -25.738545178673977 199.7729912394251 -25.881623420205546 79.40103698104006 284.49690790845386 -999.0 6231.0 -999.0 -1 -999 {-999.0 -999.0 -999.0 -999.0 -999.0} "" -999.0 -999.0 -999.0 -999.0 -999 -999 "" "" "" "" 0 0 0.0 0.0 -999 ""
FIBERMAP 628 R-7C16 APOGEE 0 0 0 1 0 0 115.17420415445085 -129.45329952139647 143.1 85.93836364947455 150.45030337648808 116.99435 139.2921 -999.0 -999.0 -999.0 -999.0 -999.0 199.78029492940425 -24.554159193189705 199.8064572151966 -24.697342415765057 78.97213417621711 290.3866624562857 -999.0 16600.0 -999.0 2 207 {-999.0 -999.0 -999.0 -999.0 -999.0} "" -999.0 -999.0 -999.0 -999.0 -999 -999 "" ops_sky_apogee_best_unassigned ops_sky sky_apogee 0 0 0.0 0.0 -999 ""
FIBERMAP 628 R-7C16 BOSS 1 1 0 1 0 0 115.35060348016464 -128.7131859455999 143.1 85.18068179279308 150.38135621331514 116.99435 139.2921 199.77779371650735 -24.554279873575386 -8.642408 -4.2913737 0.21451011 199.77776602940787 -24.55429237829781 199.8039672657175 -24.697495813357943 78.97015930405071 290.3808401433266 5400.0 5400.0 2016.0 1 292 {-999.0 17.970686 17.57783 17.430729 -999.0} sdss_psfmag_ps1 17.884989 17.581123 17.099728 15.527 63050396450271135 944648525 bright_1x1 openfibertargets_nov2020_6c open_fiber science 0 0 0.0 0.0 -999 ""
FIBERMAP 628 R-7C16 METROLOGY 0 0 0 1 0 0 115.89030505084759 -129.23090841801547 143.1 85.49914415168249 151.0580011846592 116.99435 139.2921 -999.0 -999.0 -999.0 -999.0 -999.0 199.77884356231147 -24.55223381249169 199.80503208285813 -24.69543146753898 78.97014183786621 290.39275572557096 -999.0 6231.0 -999.0 -1 -999 {-999.0 -999.0 -999.0 -999.0 -999.0} "" -999.0 -999.0 -999.0 -999.0 -999 -999 "" "" "" "" 0 0 0.0 0.0 -999 ""
FIBERMAP 629 R0C19 APOGEE 0 0 0 1 0 0 92.73261613232704 4.255166324460839 143.1 -33.617370206821334 86.5250412593722 216.48152 58.45347 -999.0 -999.0 -999.0 -999.0 -999.0 199.38130877355982 -24.747504263195864 199.40726485723212 -24.891011059286697 78.72435749595391 288.6917091937339 -999.0 16600.0 -999.0 2 90 {-999.0 -999.0 -999.0 -999.0 -999.0} "" -999.0 -999.0 -999.0 -999.0 -999 -999 "" "" "" "" 0 0 0.0 0.0 -999 ""
FIBERMAP 629 R0C19 BOSS 1 1 0 1 0 0 92.66493165804364 4.995690948904936 143.1 -34.2975708533569 86.22464505948037 216.48152 58.45347 199.37922774823133 -24.74819568851931 -80.56562 -51.318768 1.4219941 199.3789692441189 -24.748345227143165 199.40496637427333 -24.891871248248428 78.72280404425653 288.6833473353583 5400.0 5400.0 2016.0 1 253 {-999.0 15.218247 14.713605 14.527083 -999.0} sdss_psfmag_from_g3xp 15.109645 14.733853 14.186871 13.164 63050396450290369 1072509864 bright_1x1 mwm_halo_local_high_boss_single mwm_halo science 0 0 0.0 0.0 -999 ""
FIBERMAP 629 R0C19 METROLOGY 0 0 0 1 0 0 93.34486869501427 4.695600153059649 143.1 -34.230097476562534 86.96475933619374 216.48152 58.45347 -999.0 -999.0 -999.0 -999.0 -999.0 199.37920853355186 -24.74609774152097 199.40519184163202 -24.889619011938823 78.72207294994878 288.6942904784291 -999.0 6231.0 -999.0 -1 -999 {-999.0 -999.0 -999.0 -999.0 -999.0} "" -999.0 -999.0 -999.0 -999.0 -999 -999 "" "" "" "" 0 0 0.0 0.0 -999 ""
FIBERMAP 632 R-6C1 APOGEE 0 0 0 1 0 0 -221.24922248728527 -100.310284543024 143.1 165.64970486692627 -177.67531928116128 102.88679 91.012726 -999.0 -999.0 -999.0 -999.0 -999.0 200.04846198282306 -25.54743196100341 200.07596972745432 -25.690256189156802 79.58981025286087 286.0032602265253 -999.0 16600.0 -999.0 2 274 {-999.0 -999.0 -999.0 -999.0 -999.0} "" -999.0 -999.0 -999.0 -999.0 -999 -999 "" ops_sky_apogee_best_unassigned ops_sky sky_apogee 0 0 0.0 0.0 -999 ""
FIBERMAP 632 R-6C1 BOSS 1 1 0 1 0 0 -220.51609258165877 -100.12222714951592 143.1 165.23759056711947 -177.04052952044228 102.88679 91.012726 200.0473534979197 -25.545508164012404 -89.279335 -8.034826 3.8580563 200.04706515765838 -25.545531576580885 200.0746089697185 -25.68837119443711 79.58798703297258 286.0105442480013 5400.0 5400.0 2016.0 1 446 {-999.0 19.364557 18.011446 16.566717 -999.0} sdss_psfmag_ps1 18.715654 17.233332 16.056187 13.791 63050396450245022 1096725230 bright_1x1 mwm_bin_vis_boss mwm_filler science 0 0 0.0 0.0 -999 ""
FIBERMAP 632 R-6C1 METROLOGY 0 0 0 1 0 0 -220.70412331815714 -100.82930333083806 143.1 165.96767373078933 -176.99314544556609 102.88679 91.012726 -999.0 -999.0 -999.0 -999.0 -999.0 200.04954684500137 -25.5454066673385 200.07708276420988 -25.688240359016245 79.59001915819478 286.0156673458069 -999.0 6231.0 -999.0 -1 -999 {-999.0 -999.0 -999.0 -999.0 -999.0} "" -999.0 -999.0 -999.0 -999.0 -999 -999 "" "" "" "" 0 0 0.0 0.0 -999 ""
FIBERMAP 633 R+7C5 APOGEE 1 1 0 1 0 0 -143.71164130353242 142.70717333154002 143.1 -89.39466147882337 -181.72361699725403 228.6824 33.481018 199.19266955911434 -25.560265349321647 -18.610542 2.5300655 1.9353795 199.19260944634473 -25.560257976897724 199.21921355230913 -25.70382707707455 78.87168470884369 284.48398495510924 16000.0 16600.0 2016.0 2 34 {-999.0 12.179177 11.772856 11.645622 -999.0} sdss_psfmag_from_g3xp 12.1088295 11.793679 11.31267 10.487 63050396450241941 975319114 "" ops_std_apogee ops_std standard_apogee 0 0 0.0 0.0 -999 ""
FIBERMAP 633 R+7C5 BOSS 0 0 0 1 0 0 -143.58488234318511 143.4414028254759 143.1 -90.13093008952136 -181.83773105424626 228.6824 33.481018 -999.0 -999.0 -999.0 -999.0 -999.0 199.1900676270046 -25.560624500123335 199.21671400668765 -25.70421030763946 78.86969935616602 284.47812833000074 -999.0 5400.0 -999.0 1 57 {-999.0 -999.0 -999.0 -999.0 -999.0} "" -999.0 -999.0 -999.0 -999.0 -999 -999 "" "" "" "" 0 0 0.0 0.0 -999 ""
FIBERMAP 633 R+7C5 METROLOGY 0 0 0 1 0 0 -143.0204693874133 142.98445154512316 143.1 -89.87794425466254 -181.1570551446132 228.6824 33.481018 -999.0 -999.0 -999.0 -999.0 -999.0 199.19091730771856 -25.55860440904545 199.21755001580152 -25.702185653917113 78.86971460056341 284.4893186762946 -999.0 6231.0 -999.0 -1 -999 {-999.0 -999.0 -999.0 -999.0 -999.0} "" -999.0 -999.0 -999.0 -999.0 -999 -999 "" "" "" "" 0 0 0.0 0.0 -999 ""
FIBERMAP 634 R+2C21 APOGEE 0 0 0 1 0 0 172.1663063923454 20.455785477753636 143.1 -74.31263569724112 156.63571547434967 296.46353 60.18261 -999.0 -999.0 -999.0 -999.0 -999.0 199.24625129852456 -24.535015227295276 199.27184908911215 -24.678664068307807 78.5245886182513 289.4140776172937 -999.0 16600.0 -999.0 2 73 {-999.0 -999.0 -999.0 -999.0 -999.0} "" -999.0 -999.0 -999.0 -999.0 -999 -999 "" ops_sky_apogee_best_unassigned ops_sky sky_apogee 0 0 0.0 0.0 -999 ""
FIBERMAP 634 R+2C21 BOSS 1 1 0 1 0 0 171.4238156985107 20.545366841789296 143.1 -74.16065288625968 155.90347861132992 296.46353 60.18261 199.24667358398438 -24.53715239706841 -999.0 -999.0 -999.0 199.24667358398438 -24.537152397068407 199.2723174220175 -24.680818878673353 78.52587916081492 289.40514351622875 5400.0 5400.0 2015.5 1 231 {-999.0 -999.0 -999.0 -999.0 -999.0} "" -999.0 -999.0 -999.0 -999.0 27021603177290743 824216313 "" ops_sky_boss_good ops_sky sky_boss 0 0 0.0 0.0 -999 ""
FIBERMAP 634 R+2C21 METROLOGY 0 0 0 1 0 0 171.86832677403584 21.136522047185874 143.1 -74.86270355644476 156.136143223095 296.46353 60.18261 -999.0 -999.0 -999.0 -999.0 -999.0 199.2443409616747 -24.536432485988396 199.269969429571 -24.680095879832916 78.5236391187687 289.4039429083709 -999.0 6231.0 -999.0 -1 -999 {-999.0 -999.0 -999.0 -999.0 -999.0} "" -999.0 -999.0 -999.0 -999.0 -999 -999 "" "" "" "" 0 0 0.0 0.0 -999 ""
FIBERMAP 636 R-3C16 APOGEE 0 0 0 1 0 0 65.22620046343451 -44.06153481045948 143.1 20.947755713941238 75.87186388840601 178.78084 62.811768 -999.0 -999.0 -999.0 -999.0 -999.0 199.5636773505027 -24.779991384669763 199.58985542383618 -24.923336296792787 78.88872423922805 288.88817888924405 -999.0 16600.0 -999.0 2 220 {-999.0 -999.0 -999.0 -999.0 -999.0} "" -999.0 -999.0 -999.0 -999.0 -999 -999 "" ops_sky_apogee_best_unassigned ops_sky sky_apogee 0 0 0.0 0.0 -999 ""
FIBERMAP 636 R-3C16 BOSS 1 1 0 1 0 0 65.57453607620661 -43.39257094379058 143.1 20.202649012970223 75.98855961748023 178.78084 62.811768 199.5611572265625 -24.779573098000682 -999.0 -999.0 -999.0 199.5611572265625 -24.779573098000682 199.58737457518157 -24.922937498229857 78.8865083793917 288.8852882015744 5400.0 5400.0 2015.5 1 317 {-999.0 -999.0 -999.0 -999.0 -999.0} "" -999.0 -999.0 -999.0 -999.0 27021603177279523 824215417 "" ops_sky_boss_good ops_sky sky_boss 0 0 0.0 0.0 -999 ""
FIBERMAP 636 R-3C16 METROLOGY 0 0 0 1 0 0 65.97634559144932 -44.0270935777156 143.1 20.67579483359835 76.57178756108073 178.78084 62.811768 -999.0 -999.0 -999.0 -999.0 -999.0 199.56275392784906 -24.77780273291982 199.58895911928812 -24.92116107876297 78.88709200463592 288.89674892227 -999.0 6231.0 -999.0 -1 -999 {-999.0 -999.0 -999.0 -999.0 -999.0} "" -999.0 -999.0 -999.0 -999.0 -999 -999 "" "" "" "" 0 0 0.0 0.0 -999 ""
FIBERMAP 642 R-2C18 APOGEE 0 0 0 1 0 0 108.52044611261955 -55.86788875108102 143.1 18.32433357129381 120.66837921514086 289.37936 82.517334 -999.0 -999.0 -999.0 -999.0 -999.0 199.55494869913514 -24.644183043659435 199.5809754592368 -24.787552179311604 78.82513852909656 289.5103840113431 -999.0 16600.0 -999.0 2 -999 {-999.0 -999.0 -999.0 -999.0 -999.0} "" -999.0 -999.0 -999.0 -999.0 -999 -999 "" "" "" "" 0 0 0.0 0.0 -999 ""
FIBERMAP 642 R-2C18 BOSS 1 1 0 1 0 0 107.77808762446807 -56.01660672573753 143.1 18.702110176565423 120.01229297027295 289.37936 82.517334 199.55629307582436 -24.646015801547474 -35.929726 -25.953026 0.7935413 199.55617788572454 -24.64609142657615 199.58224997482887 -24.78947694747086 78.82699580205083 289.50386844189666 5400.0 5400.0 2016.0 1 299 {-999.0 15.138317 14.82592 14.692511 -999.0} sdss_psfmag_from_g3xp 15.088528 14.817936 14.361574 13.533 63050396450290813 1072580427 bright_1x1 mwm_halo_local_high_boss_single mwm_halo science 0 0 0.0 0.0 -999 ""
FIBERMAP 642 R-2C18 METROLOGY 0 0 0 1 0 0 108.01941299707336 -55.31249336586238 143.1 17.957832133070166 120.01636138996783 289.37936 82.517334 -999.0 -999.0 -999.0 -999.0 -999.0 199.55370659716903 -24.646070512923032 199.57976442554832 -24.78945321746911 78.82493691917513 289.49910054596353 -999.0 6231.0 -999.0 -1 -999 {-999.0 -999.0 -999.0 -999.0 -999.0} "" -999.0 -999.0 -999.0 -999.0 -999 -999 "" "" "" "" 0 0 0.0 0.0 -999 ""
FIBERMAP 643 R+9C3 APOGEE 0 0 0 1 0 0 -136.72723477414303 167.32563166443964 143.1 -114.9537977175456 -182.95860198464942 307.60202 128.68842 -999.0 -999.0 -999.0 -999.0 -999.0 199.10689103335736 -25.563542494455255 199.13340707107773 -25.7071844298945 78.80015345912865 284.3314597064739 -999.0 16600.0 -999.0 2 35 {-999.0 -999.0 -999.0 -999.0 -999.0} "" -999.0 -999.0 -999.0 -999.0 -999 -999 "" ops_sky_apogee_best_unassigned ops_sky sky_apogee 0 0 0.0 0.0 -999 ""
FIBERMAP 643 R+9C3 BOSS 1 1 0 1 0 0 -136.9066011598041 166.57171229183774 143.1 -114.18208553553757 -182.8880621970456 307.60202 128.68842 199.10941538264385 -25.563357656426643 -2.954312 -4.2769356 0.23638271 199.1094058398539 -25.563370119079647 199.13596857194284 -25.707024364363672 78.80226931552964 284.33627831566224 5400.0 5400.0 2016.0 1 59 {-999.0 14.819458 14.486409 14.376074 -999.0} sdss_psfmag_from_g3xp 14.64942 14.419248 13.990721 13.163 63050396450241972 1070843417 bright_1x1 mwm_halo_distant_rrl_boss_single mwm_halo science 0 0 0.0 0.0 -999 ""
FIBERMAP 643 R+9C3 METROLOGY 0 0 0 1 0 0 -137.43881584557982 167.11642275977957 143.1 -114.52851294510077 -183.56622191557588 307.60202 128.68842 -999.0 -999.0 -999.0 -999.0 -999.0 199.10823556067317 -25.565439847166406 199.13478677338423 -25.70909075392145 78.80197092442248 284.3244068928363 -999.0 6231.0 -999.0 -1 -999 {-999.0 -999.0 -999.0 -999.0 -999.0} "" -999.0 -999.0 -999.0 -999.0 -999 -999 "" "" "" "" 0 0 0.0 0.0 -999 ""
FIBERMAP 646 R-9C11 APOGEE 1 1 0 1 0 0 18.28446986325547 -182.33438870281353 143.1 166.96471490689362 75.49883542102722 234.10542 83.96689 200.0511061822564 -24.780889883113616 -29.20234 -1.8535603 1.61523 200.05101245861374 -24.780895284213212 200.07769287851207 -24.92381117454112 79.2913825197784 289.8566891547042 16000.0 16600.0 2016.0 2 164 {-999.0 12.289499 11.962632 11.855518 -999.0} sdss_psfmag_from_g3xp 12.242635 11.966487 11.524668 10.781 63050396450270091 1164931620 bright_1x1 openfibertargets_mwm_rvscnn24_apogee open_fiber science 0 0 0.0 0.0 -999 ""
FIBERMAP 646 R-9C11 BOSS 0 0 0 1 0 0 17.712449369584323 -181.85753662062697 143.1 166.6952961629224 74.8046008473097 234.10542 83.96689 -999.0 -999.0 -999.0 -999.0 -999.0 200.05014772496855 -24.782956639092568 200.07687055736517 -24.92589024695473 79.2915816473429 289.84485037632606 -999.0 5400.0 -999.0 1 397 {-999.0 -999.0 -999.0 -999.0 -999.0} "" -999.0 -999.0 -999.0 -999.0 -999 -999 "" "" "" "" 0 0 0.0 0.0 -999 ""
FIBERMAP 646 R-9C11 METROLOGY 0 0 0 1 0 0 18.425565738169944 -181.59791285321967 143.1 166.22174348056498 75.39759177791754 234.10542 83.96689 -999.0 -999.0 -999.0 -999.0 -999.0 200.04859816889112 -24.781157616323274 200.07530598284336 -24.92408799007952 79.28953581001996 289.8504319500814 -999.0 6231.0 -999.0 -1 -999 {-999.0 -999.0 -999.0 -999.0 -999.0} "" -999.0 -999.0 -999.0 -999.0 -999 -999 "" "" "" "" 0 0 0.0 0.0 -999 ""
FIBERMAP 651 R-2C19 APOGEE 0 0 0 1 0 0 132.89255753237984 -28.933998016940492 143.1 -14.976384694823059 135.1730003646195 71.87697 138.72218 -999.0 -999.0 -999.0 -999.0 -999.0 199.44385513920534 -24.60016768679668 199.4697222477895 -24.74363852335391 78.71501401247484 289.4975220465137 -999.0 16600.0 -999.0 2 240 {-999.0 -999.0 -999.0 -999.0 -999.0} "" -999.0 -999.0 -999.0 -999.0 -999 -999 "" ops_sky_apogee_best_unassigned ops_sky sky_apogee 0 0 0.0 0.0 -999 ""
FIBERMAP 651 R-2C19 BOSS 1 1 0 1 0 0 133.51079125610275 -28.54421379266368 143.1 -15.543019587753967 135.63454566965393 71.87697 138.72218 199.44198835454975 -24.598692164302154 -22.175528 2.1693 3.673564 199.4419172871327 -24.59868584311595 199.4678225482803 -24.742176212624486 78.71283434192235 289.5006040765068 5400.0 5400.0 2016.0 1 303 {-999.0 14.590397 13.71783 13.387131 -999.0} sdss_psfmag_from_g3xp 14.323424 13.750379 13.032536 11.582 63050396450290976 1095896359 bright_1x1 mwm_bin_vis_boss mwm_filler science 0 0 0.0 0.0 -999 ""
FIBERMAP 651 R-2C19 METROLOGY 0 0 0 1 0 0 133.54808811834639 -29.292332685631063 143.1 -14.845927215124602 135.9085663907211 71.87697 138.72218 -999.0 -999.0 -999.0 -999.0 -999.0 199.4442541461075 -24.59784924382168 199.4701498995795 -24.74133289580619 78.71439869842608 289.5090486595887 -999.0 6231.0 -999.0 -1 -999 {-999.0 -999.0 -999.0 -999.0 -999.0} "" -999.0 -999.0 -999.0 -999.0 -999 -999 "" "" "" "" 0 0 0.0 0.0 -999 ""
FIBERMAP 652 R-4C22 APOGEE 0 0 0 1 0 0 220.8072964473037 -57.2057971416864 143.1 -16.230930901252616 227.50931750315124 156.84973 44.591827 -999.0 -999.0 -999.0 -999.0 -999.0 199.44018642030807 -24.321416640882003 199.46576063029306 -24.4649247784944 78.5920342244974 290.7689828148783 -999.0 16600.0 -999.0 2 -999 {-999.0 -999.0 -999.0 -999.0 -999.0} "" -999.0 -999.0 -999.0 -999.0 -999 -999 "" "" "" "" 0 0 0.0 0.0 -999 ""
FIBERMAP 652 R-4C22 BOSS 1 1 0 1 0 0 221.50930113731124 -56.89284300801501 143.1 -16.75147971116895 228.0747637695346 156.84973 44.591827 199.43841470303357 -24.319656599392292 -999.0 -999.0 -999.0 199.43841470303357 -24.319656599392292 199.46402794913274 -24.463185503404425 78.58985333324864 290.7733780449468 5400.0 5400.0 2016.0 1 278 {-999.0 18.295721 17.573421 17.029987 16.604467} sdss_fiber2mag_from_lsdr10 16.57553 20.607763 14.960418 12.603 63050396450310354 1058747260 bright_flexible_2x1 bhm_spiders_agn_lsdr10 bhm_spiders science 0 0 0.0 0.0 -999 ""
FIBERMAP 652 R-4C22 METROLOGY 0 0 0 1 0 0 221.4029137612255 -57.658277232024815 143.1 -15.992137623933825 228.2181392855978 156.84973 44.591827 -999.0 -999.0 -999.0 -999.0 -999.0 199.44094778386867 -24.31919725514095 199.4665510675918 -24.462718636677792 78.59171103766914 290.7806002188708 -999.0 6231.0 -999.0 -1 -999 {-999.0 -999.0 -999.0 -999.0 -999.0} "" -999.0 -999.0 -999.0 -999.0 -999 -999 "" "" "" "" 0 0 0.0 0.0 -999 ""
FIBERMAP 653 R+5C11 APOGEE 1 1 0 1 0 0 -14.524308472491592 118.16249422983644 143.1 -107.348709431618 -51.4623903500616 163.92961 35.0406 199.13341093279806 -25.1656889820168 -24.077408 0.1761486 3.7011962 199.13333341531367 -25.16568846871349 199.15946359129387 -25.309356290132772 78.68058391431583 286.27857928845043 16000.0 16600.0 2016.0 2 142 {-999.0 10.364736 10.1667 10.115717 -999.0} sdss_psfmag_from_g3xp 10.364459 10.153893 9.79042 9.235 63050396450248330 946932263 bright_1x1 openfibertargets_nov2020_9 open_fiber science 0 0 0.0 0.0 -999 ""
FIBERMAP 653 R+5C11 BOSS 0 0 0 1 0 0 -13.812487568351482 118.37705041857598 143.1 -107.77913833272642 -50.85624908949533 163.92961 35.0406 -999.0 -999.0 -999.0 -999.0 -999.0 199.1317914248975 -25.163854139781375 199.15796329200714 -25.307539732281594 78.67865009606365 286.2846069230058 -999.0 5400.0 -999.0 1 143 {-999.0 -999.0 -999.0 -999.0 -999.0} "" -999.0 -999.0 -999.0 -999.0 -999 -999 "" "" "" "" 0 0 0.0 0.0 -999 ""
FIBERMAP 653 R+5C11 METROLOGY 0 0 0 1 0 0 -13.979959758995221 117.65333088034103 143.1 -107.03984113375635 -50.78407192927017 163.92961 35.0406 -999.0 -999.0 -999.0 -999.0 -999.0 199.13426797483788 -25.163654444355284 199.16042974153368 -25.30733343385756 78.68064380338205 286.2898007446221 -999.0 6231.0 -999.0 -1 -999 {-999.0 -999.0 -999.0 -999.0 -999.0} "" -999.0 -999.0 -999.0 -999.0 -999 -999 "" "" "" "" 0 0 0.0 0.0 -999 ""
FIBERMAP 656 R+4C4 APOGEE 0 0 0 1 0 0 -198.9539136035092 77.54060842201238 143.1 -10.012291119783239 -213.28636874015297 228.36366 59.429134 -999.0 -999.0 -999.0 -999.0 -999.0 199.45907103939683 -25.656234113102798 199.48606353223636 -25.799562442223905 79.13027067053696 284.44153387132627 -999.0 16600.0 -999.0 2 -999 {-999.0 -999.0 -999.0 -999.0 -999.0} "" -999.0 -999.0 -999.0 -999.0 -999 -999 "" "" "" "" 0 0 0.0 0.0 -999 ""
FIBERMAP 656 R+4C4 BOSS 1 1 0 1 0 0 -199.1678625825356 78.24214432845957 143.1 -10.60887902133019 -213.7129409368587 228.36366 59.429134 199.45721434227238 -25.657511424277793 -60.204506 -13.569497 0.8221188 199.45701972105599 -25.65755096459431 199.4840541301732 -25.8008948205756 79.12902124940835 284.43163238326827 5400.0 5400.0 2016.0 1 37 {-999.0 15.908159 15.548445 15.365091 -999.0} sdss_psfmag_ps1 15.687094 15.380289 14.89267 13.996 63050396450244250 1072947500 bright_1x1 mwm_halo_local_high_boss_single mwm_halo science 0 0 0.0 0.0 -999 ""
FIBERMAP 656 R+4C4 METROLOGY 0 0 0 1 0 0 -198.45558054022737 78.09842772504541 143.1 -10.699920383173348 -212.9920618515266 228.36366 59.429134 -999.0 -999.0 -999.0 -999.0 -999.0 199.4567262578553 -25.655414143199714 199.4837461914732 -25.798754623600626 79.12803397329836 284.4418070979918 -999.0 6231.0 -999.0 -1 -999 {-999.0 -999.0 -999.0 -999.0 -999.0} "" -999.0 -999.0 -999.0 -999.0 -999 -999 "" "" "" "" 0 0 0.0 0.0 -999 ""
FIBERMAP 657 R-1C7 APOGEE 1 1 0 1 0 0 -130.7736606441245 -5.943755070573204 143.1 47.353987973144825 -122.03777414247901 93.75208 53.893433 199.65216981624422 -25.38053447711998 -47.49286 -13.382372 4.44689 199.65201664146906 -25.380573472218103 199.67892105073852 -25.523767453889835 79.19575059825672 286.14021144881934 16000.0 16600.0 2016.0 2 280 {-999.0 13.423786 12.75993 12.516584 -999.0} sdss_psfmag_from_g3xp 13.250841 12.792215 12.171108 10.966 63050396450244946 1076910512 bright_1x1 mwm_snc_ext_filler_apogee mwm_snc science 0 0 0.0 0.0 -999 ""
FIBERMAP 657 R-1C7 BOSS 0 0 0 1 0 0 -130.13403173000788 -6.352260813028911 143.1 47.53706567031296 -121.30127188731598 93.75208 53.893433 -999.0 -999.0 -999.0 -999.0 -999.0 199.6526148733802 -25.378386841926005 199.67956112738796 -25.521595874098036 79.19549456524612 286.1521205478533 -999.0 5400.0 -999.0 1 460 {-999.0 -999.0 -999.0 -999.0 -999.0} "" -999.0 -999.0 -999.0 -999.0 -999 -999 "" "" "" "" 0 0 0.0 0.0 -999 ""
FIBERMAP 657 R-1C7 METROLOGY 0 0 0 1 0 0 -130.80155679434438 -6.6962183298842035 143.1 48.07599621134125 -121.82415075847877 93.75208 53.893433 -999.0 -999.0 -999.0 -999.0 -999.0 199.65444108831275 -25.379986143917115 199.681379018269 -25.523189139884956 79.19760390746546 286.14740758068746 -999.0 6231.0 -999.0 -1 -999 {-999.0 -999.0 -999.0 -999.0 -999.0} "" -999.0 -999.0 -999.0 -999.0 -999 -999 "" "" "" "" 0 0 0.0 0.0 -999 ""
FIBERMAP 658 R-3C12 APOGEE 0 0 0 1 0 0 -15.186191199232042 -67.88165780696607 143.1 69.17625298976459 7.264547972285705 224.21996 139.14082 -999.0 -999.0 -999.0 -999.0 -999.0 199.7251292051454 -24.988244133963423 199.7516944511192 -25.131422567850347 79.10686046992666 288.20053447632364 -999.0 16600.0 -999.0 2 177 {-999.0 -999.0 -999.0 -999.0 -999.0} "" -999.0 -999.0 -999.0 -999.0 -999 -999 "" ops_sky_apogee_best_unassigned ops_sky sky_apogee 0 0 0.0 0.0 -999 ""
FIBERMAP 658 R-3C12 BOSS 1 1 0 1 0 0 -15.915984086352353 -67.89316201946919 143.1 69.41998345170724 6.576594427859705 224.21996 139.14082 199.7259521484375 -24.990311755141235 -999.0 -999.0 -999.0 199.72595214843747 -24.99031175514124 199.75256220554962 -25.133505612260475 79.10840930947883 288.19207151551046 5400.0 5400.0 2015.5 1 421 {-999.0 -999.0 -999.0 -999.0 -999.0} "" -999.0 -999.0 -999.0 -999.0 27021603177279178 814933734 "" ops_sky_boss_good ops_sky sky_boss 0 0 0.0 0.0 -999 ""
FIBERMAP 658 R-3C12 METROLOGY 0 0 0 1 0 0 -15.559969419051873 -67.23006442769882 143.1 68.6779863408329 6.702439121529371 224.21996 139.14082 -999.0 -999.0 -999.0 -999.0 -999.0 199.72348550604494 -24.989935265035808 199.75008081741396 -25.13312668486534 79.10619719241909 288.18918774173 -999.0 6231.0 -999.0 -1 -999 {-999.0 -999.0 -999.0 -999.0 -999.0} "" -999.0 -999.0 -999.0 -999.0 -999 -999 "" "" "" "" 0 0 0.0 0.0 -999 ""
FIBERMAP 659 R+7C14 APOGEE 0 0 0 1 0 0 95.44549612805787 130.65032779919161 143.1 -154.26739771468644 48.77182028917831 15.924337 78.383835 -999.0 -999.0 -999.0 -999.0 -999.0 198.97799818567253 -24.861056623848647 199.00365380108656 -25.00489379895351 78.43422026697198 287.426919065772 -999.0 16600.0 -999.0 2 94 {-999.0 -999.0 -999.0 -999.0 -999.0} "" -999.0 -999.0 -999.0 -999.0 -999 -999 "" ops_sky_apogee_best_unassigned ops_sky sky_apogee 0 0 0.0 0.0 -999 ""
FIBERMAP 659 R+7C14 BOSS 1 1 0 1 0 0 95.50180941432198 129.90208541933572 143.1 -153.57625517842993 49.063902246848635 15.924337 78.383835 198.98019080461182 -24.86014147158633 0.7223914 -0.07622044 0.4868969 198.98019312457936 -24.860141693686664 199.00589445575804 -25.003994224593765 78.43573849748411 287.4350052227625 5400.0 5400.0 2016.0 1 167 {-999.0 20.049608 19.90772 19.730225 -999.0} sdss_psfmag_ps1 20.016163 19.949995 19.715334 -999.0 63050396450289766 1117337520 bright_1x1 openfibertargets_bhm_quaia_boss open_fiber science 0 0 0.0 0.0 -999 ""
FIBERMAP 659 R+7C14 METROLOGY 0 0 0 1 0 0 94.82439831714157 130.22097100848853 143.1 -153.66234621418528 48.32018564272885 15.924337 78.383835 -999.0 -999.0 -999.0 -999.0 -999.0 198.9798851407186 -24.862394596562197 199.00557602781055 -25.00624228828201 78.43635052490608 287.42411874154993 -999.0 6231.0 -999.0 -1 -999 {-999.0 -999.0 -999.0 -999.0 -999.0} "" -999.0 -999.0 -999.0 -999.0 -999 -999 "" "" "" "" 0 0 0.0 0.0 -999 ""
FIBERMAP 662 R+12C15 APOGEE 0 0 0 1 0 0 165.22076088391663 214.0351978875086 143.1 -255.55173471448506 88.2952314398409 348.97995 48.608265 -999.0 -999.0 -999.0 -999.0 -999.0 198.64282694028952 -24.740132865085712 198.66801267724338 -24.88426573577628 78.10695339071866 287.3872828117076 -999.0 16600.0 -999.0 2 109 {-999.0 -999.0 -999.0 -999.0 -999.0} "" -999.0 -999.0 -999.0 -999.0 -999 -999 "" ops_sky_apogee_best_unassigned ops_sky sky_apogee 0 0 0.0 0.0 -999 ""
FIBERMAP 662 R+12C15 BOSS 1 1 0 1 0 0 164.64356443912638 213.55553019681466 143.1 -254.91300961949176 87.90125289265318 348.97995 48.608265 198.64494153022946 -24.741328677686255 -18.100767 4.5153713 0.32370618 198.64488345510844 -24.74131552023877 198.67011813884906 -24.885464214574917 78.1091803887372 287.38556641835214 5400.0 5400.0 2016.0 1 187 {-999.0 17.925547 17.405529 17.415798 -999.0} sdss_psfmag_ps1 17.851786 17.453506 16.93176 15.839 63050396450292391 944648935 bright_1x1 openfibertargets_nov2020_6c open_fiber science 0 0 0.0 0.0 -999 ""
FIBERMAP 662 R+12C15 METROLOGY 0 0 0 1 0 0 164.51934851348165 214.30850695364413 143.1 -255.58697574326385 87.54330927029399 348.97995 48.608265 -999.0 -999.0 -999.0 -999.0 -999.0 198.64260611256776 -24.742376151066363 198.66782669058955 -24.886521615311043 78.10768246587124 287.3768913059993 -999.0 6231.0 -999.0 -1 -999 {-999.0 -999.0 -999.0 -999.0 -999.0} "" -999.0 -999.0 -999.0 -999.0 -999 -999 "" "" "" "" 0 0 0.0 0.0 -999 ""
FIBERMAP 666 R-7C1 APOGEE 0 0 0 1 0 0 -216.8686406346591 -147.8059694972545 143.1 209.26375381326824 -158.37116188558932 248.48997 120.70067 -999.0 -999.0 -999.0 -999.0 -999.0 200.19406701620588 -25.488245719816675 200.22166528027662 -25.63094715394111 79.69048886279981 286.57654492385865 -999.0 16600.0 -999.0 2 275 {-999.0 -999.0 -999.0 -999.0 -999.0} "" -999.0 -999.0 -999.0 -999.0 -999 -999 "" ops_sky_apogee_best_unassigned ops_sky sky_apogee 0 0 0.0 0.0 -999 ""
FIBERMAP 666 R-7C1 BOSS 1 1 0 1 0 0 -217.60730969086828 -147.9341011561007 143.1 209.62084374377608 -159.03031937247346 248.48997 120.70067 200.19525360535096 -25.490186848864074 -10.02928 -8.787005 0.2489422 200.19522122929644 -25.49021245350205 200.22286295666433 -25.63292696164931 79.69222224736937 286.5684833728235 5400.0 5400.0 2016.0 1 447 {-999.0 17.794558 17.449902 17.303106 -999.0} sdss_psfmag_ps1 17.662476 17.399118 16.998285 15.938 63050396450234485 1164651969 bright_1x1 openfibertargets_mwm_halo_gaiastreams_boss open_fiber science 0 0 0.0 0.0 -999 ""
FIBERMAP 666 R-7C1 METROLOGY 0 0 0 1 0 0 -217.34039851782987 -147.22946512789403 143.1 208.86790765629888 -159.0021700714915 248.48997 120.70067 -999.0 -999.0 -999.0 -999.0 -999.0 200.19276537040102 -25.490179230389952 200.22039319689827 -25.632891891228166 79.6901391543727 286.5640818947212 -999.0 6231.0 -999.0 -1 -999 {-999.0 -999.0 -999.0 -999.0 -999.0} "" -999.0 -999.0 -999.0 -999.0 -999 -999 "" "" "" "" 0 0 0.0 0.0 -999 ""
FIBERMAP 670 R+9C6 APOGEE 0 0 0 1 0 0 -98.12306364295915 164.1072545279087 143.1 -124.21974623493918 -145.3467112266899 295.86224 2.1035535 -999.0 -999.0 -999.0 -999.0 -999.0 199.07604744269784 -25.449786478625136 199.10241221566628 -25.593468558513177 78.73476340040918 284.83014848915025 -999.0 16600.0 -999.0 2 149 {-999.0 -999.0 -999.0 -999.0 -999.0} "" -999.0 -999.0 -999.0 -999.0 -999 -999 "" ops_sky_apogee_best_unassigned ops_sky sky_apogee 0 0 0.0 0.0 -999 ""
FIBERMAP 670 R+9C6 BOSS 1 1 0 1 0 0 -98.44326168213077 164.75939766739407 143.1 -124.73562773085627 -145.85821760177038 295.86224 2.1035535 199.07422773418784 -25.451353968315676 0.3108637 0.3274989 -0.24156426 199.07422873737943 -25.45135301400964 199.10063752448116 -25.595051327343317 78.73381459189069 284.8197000648689 5400.0 5400.0 2016.0 1 153 {-999.0 20.305086 19.981592 19.767506 -999.0} sdss_psfmag_ps1 20.024408 19.747555 19.280066 -999.0 63050396450242647 1117337387 bright_1x1 openfibertargets_bhm_quaia_boss open_fiber science 0 0 0.0 0.0 -999 ""
FIBERMAP 670 R+9C6 METROLOGY 0 0 0 1 0 0 -97.72952991915471 164.7341995149535 143.1 -124.93945138257354 -145.17377590213044 295.86224 2.1035535 -999.0 -999.0 -999.0 -999.0 -999.0 199.07354441456846 -25.44930354855604 199.09993783203026 -25.592998482774057 78.73250785971864 284.8284235360959 -999.0 6231.0 -999.0 -1 -999 {-999.0 -999.0 -999.0 -999.0 -999.0} "" -999.0 -999.0 -999.0 -999.0 -999 -999 "" "" "" "" 0 0 0.0 0.0 -999 ""
FIBERMAP 679 R+6C12 APOGEE 0 0 0 1 0 0 39.84378443036701 126.63592544905183 143.1 -132.7241790074247 -2.641122927380455 83.67907 51.599117 -999.0 -999.0 -999.0 -999.0 -999.0 199.0490434581544 -25.017245210041114 199.07493314627982 -25.16100312978579 78.55396610168614 286.82953072817827 -999.0 16600.0 -999.0 2 -999 {-999.0 -999.0 -999.0 -999.0 -999.0} "" -999.0 -999.0 -999.0 -999.0 -999 -999 "" "" "" "" 0 0 0.0 0.0 -999 ""
FIBERMAP 679 R+6C12 BOSS 1 1 0 1 0 0 40.38247151198849 126.09072040007686 143.1 -132.37934779122168 -1.9566715401379398 83.67907 51.599117 199.04983611290936 -25.014854551919633 79.0284 -104.03095 4.121823 199.05009023291655 -25.015157689703216 199.07602199989944 -25.158931181225377 78.55408895652361 286.84107624499313 5400.0 5400.0 2016.0 1 122 {-999.0 16.60763 15.249804 14.591924 -999.0} sdss_psfmag_ps1 15.996414 15.130996 14.064016 -999.0 63050396450288752 1072830255 bright_1x1 mwm_halo_local_high_boss_single mwm_halo science 0 0 0.0 0.0 -999 ""
FIBERMAP 679 R+6C12 METROLOGY 0 0 0 1 0 0 39.66222166836735 125.91029938815603 143.1 -131.97857964369874 -2.581691139801689 83.67907 51.599117 -999.0 -999.0 -999.0 -999.0 -999.0 199.0514169570907 -25.01706388061968 199.07734072958692 -25.16083164921584 78.55591604091518 286.8345090242778 -999.0 6231.0 -999.0 -1 -999 {-999.0 -999.0 -999.0 -999.0 -999.0} "" -999.0 -999.0 -999.0 -999.0 -999 -999 "" "" "" "" 0 0 0.0 0.0 -999 ""
FIBERMAP 680 R-6C10 APOGEE 0 0 0 1 0 0 -37.726795643630524 -131.52802460115822 143.1 136.68502593542402 6.208130974111949 292.6298 31.135565 -999.0 -999.0 -999.0 -999.0 -999.0 199.95088870434225 -24.991142365370486 199.97769194351508 -25.13412150019628 79.29545507588786 288.62422109081626 -999.0 16600.0 -999.0 2 -999 {-999.0 -999.0 -999.0 -999.0 -999.0} "" -999.0 -999.0 -999.0 -999.0 -999 -999 "" "" "" "" 0 0 0.0 0.0 -999 ""
FIBERMAP 680 R-6C10 BOSS 1 1 0 1 0 0 -38.31888220693979 -131.08531194885276 143.1 136.4543628208046 5.5057714134080324 292.6298 31.135565 199.95016352218838 -24.99325076691273 -2.4422977 -1.6043828 -0.03665107 199.95015567025044 -24.99325544195747 199.97700133833882 -25.136251281857003 79.29574014570872 288.61236996611996 5400.0 5400.0 2016.0 1 411 {-999.0 16.342434 15.613973 15.346874 -999.0} sdss_psfmag_ps1 16.143526 15.655764 14.994852 13.61 63050396450249395 944139354 bright_1x1 openfibertargets_nov2020_6b open_fiber science 0 0 0.0 0.0 -999 ""
FIBERMAP 680 R-6C10 METROLOGY 0 0 0 1 0 0 -37.643353484143816 -130.78469720167917 143.1 135.95395473573421 6.050063110371508 292.6298 31.135565 -999.0 -999.0 -999.0 -999.0 -999.0 199.9485070511272 -24.991611522551494 199.97533769774077 -25.13460440611975 79.29369850572414 288.6172223099898 -999.0 6231.0 -999.0 -1 -999 {-999.0 -999.0 -999.0 -999.0 -999.0} "" -999.0 -999.0 -999.0 -999.0 -999 -999 "" "" "" "" 0 0 0.0 0.0 -999 ""
FIBERMAP 682 R-8C1 APOGEE 0 0 0 1 0 0 -210.63137236844443 -152.96222860464613 143.1 212.16044011114502 -150.8150946396448 127.35195 149.59395 -999.0 -999.0 -999.0 -999.0 -999.0 200.20370953666858 -25.465384754410497 200.23129299676714 -25.608080351722577 79.69010408991403 286.7131955112418 -999.0 16600.0 -999.0 2 257 {-999.0 -999.0 -999.0 -999.0 -999.0} "" -999.0 -999.0 -999.0 -999.0 -999 -999 "" ops_sky_apogee_best_unassigned ops_sky sky_apogee 0 0 0.0 0.0 -999 ""
FIBERMAP 682 R-8C1 BOSS 1 1 0 1 0 0 -210.71176577395676 -152.22970225275006 143.1 211.4918739841382 -151.12498336505894 127.35195 149.59395 200.20151123687899 -25.466319111565088 -19.29774 -2.279523 0.5714706 200.2014489531832 -25.466325753902076 200.229071001033 -25.60903767590615 79.68859785042821 286.70407923127965 5400.0 5400.0 2016.0 1 527 {-999.0 16.296608 15.688332 15.455667 -999.0} sdss_psfmag_ps1 15.963009 15.63403 15.122877 14.164 63050396450234497 1073376773 bright_1x1 mwm_halo_local_high_boss_single mwm_halo science 0 0 0.0 0.0 -999 ""
FIBERMAP 682 R-8C1 METROLOGY 0 0 0 1 0 0 -210.03181696340562 -152.51026146300322 143.1 211.54083354659997 -150.3910891487602 127.35195 149.59395 -999.0 -999.0 -999.0 -999.0 -999.0 200.2016643083514 -25.464141613334206 200.2292730317647 -25.60684956283831 79.6879560754722 286.71580969031345 -999.0 6231.0 -999.0 -1 -999 {-999.0 -999.0 -999.0 -999.0 -999.0} "" -999.0 -999.0 -999.0 -999.0 -999 -999 "" "" "" "" 0 0 0.0 0.0 -999 ""
FIBERMAP 684 R-12C13 APOGEE 0 0 0 1 0 0 97.03416543615106 -221.33645776418643 143.1 178.8031817898633 162.57276198792235 185.14915 67.72611 -999.0 -999.0 -999.0 -999.0 -999.0 200.08867249287013 -24.517594599135535 200.11510935487195 -24.660509368928093 79.20838220248021 291.20868926986145 -999.0 16600.0 -999.0 2 -999 {-999.0 -999.0 -999.0 -999.0 -999.0} "" -999.0 -999.0 -999.0 -999.0 -999 -999 "" "" "" "" 0 0 0.0 0.0 -999 ""
FIBERMAP 684 R-12C13 BOSS 1 1 0 1 0 0 97.24892358691284 -220.62872134268963 143.1 178.06394599319438 162.55049681032733 185.14915 67.72611 200.08622618842776 -24.517618812246276 -6.560646 -2.1234643 0.005056704 200.08620517666864 -24.517624999852632 200.11267985493814 -24.6605600285562 79.20642394516024 291.2032368400413 5400.0 5400.0 2016.0 1 429 {-999.0 18.022821 17.515335 17.080448 -999.0} sdss_psfmag_ps1 17.848892 17.379522 16.787296 15.599 63050396450271328 944139422 bright_1x1 openfibertargets_nov2020_6b open_fiber science 0 0 0.0 0.0 -999 ""
FIBERMAP 684 R-12C13 METROLOGY 0 0 0 1 0 0 97.76508671939277 -221.17754805869183 143.1 178.41939533912844 163.21475771126927 185.14915 67.72611 -999.0 -999.0 -999.0 -999.0 -999.0 200.08741118530267 -24.51559958353278 200.1138735484809 -24.6585286725276 79.20649937492371 291.2155271729458 -999.0 6231.0 -999.0 -1 -999 {-999.0 -999.0 -999.0 -999.0 -999.0} "" -999.0 -999.0 -999.0 -999.0 -999 -999 "" "" "" "" 0 0 0.0 0.0 -999 ""
FIBERMAP 686 R+8C2 APOGEE 0 0 0 1 0 0 -172.75654817897805 172.42265994751858 143.1 -108.28970874464325 -218.72965494291319 106.78113 73.15593 -999.0 -999.0 -999.0 -999.0 -999.0 199.12909932290046 -25.67144896172535 199.15575179651103 -25.81505878154352 78.85537432170096 283.8420403999429 -999.0 16600.0 -999.0 2 -999 {-999.0 -999.0 -999.0 -999.0 -999.0} "" -999.0 -999.0 -999.0 -999.0 -999 -999 "" "" "" "" 0 0 0.0 0.0 -999 ""
FIBERMAP 686 R+8C2 BOSS 1 1 0 1 0 0 -171.97417780979384 172.40433683865245 143.1 -108.52194583917057 -217.98235789078535 106.78113 73.15593 199.12835710159572 -25.669235235651783 -28.086767 10.684062 0.71218437 199.12826629751189 -25.669204103108736 199.15495952536864 -25.812828894593892 78.8539607925681 283.85169520137975 5400.0 5400.0 2016.0 1 71 {-999.0 14.533764 14.2745075 14.202886 -999.0} sdss_psfmag_from_g3xp 14.513654 14.270445 13.875994 13.239 63050396450241645 1072545374 bright_1x1 mwm_halo_local_high_boss_single mwm_halo science 0 0 0.0 0.0 -999 ""
FIBERMAP 686 R+8C2 METROLOGY 0 0 0 1 0 0 -172.3740788997912 171.7798415693787 143.1 -107.80253088662448 -218.16210910051834 106.78113 73.15593 -999.0 -999.0 -999.0 -999.0 -999.0 199.13067025027988 -25.669799309120823 199.15735441631898 -25.813418053653354 78.85618991839434 283.85252709171164 -999.0 6231.0 -999.0 -1 -999 {-999.0 -999.0 -999.0 -999.0 -999.0} "" -999.0 -999.0 -999.0 -999.0 -999 -999 "" "" "" "" 0 0 0.0 0.0 -999 ""
FIBERMAP 696 R+9C5 APOGEE 1 1 0 1 0 0 -115.15901749457922 161.1444730023671 143.1 -115.97689243824328 -160.5464377004901 271.19382 58.74208 199.10364538765418 -25.495813898473166 -21.743147 -18.808077 0.76740855 199.1035751941341 -25.49586870371066 199.1300169912836 -25.63952168307533 78.77408663685591 284.65294791024013 16000.0 16600.0 2016.0 2 45 {-999.0 12.006026 11.300044 11.018148 -999.0} sdss_psfmag_from_g3xp 11.8139 11.324805 10.668358 9.344 63050396450242639 1103949224 bright_1x1 mwm_tess_rgb_apogee mwm_tessrgb science 0 0 0.0 0.0 -999 ""
FIBERMAP 696 R+9C5 BOSS 0 0 0 1 0 0 -115.83245885415516 161.48127721688107 143.1 -116.08123140873141 -161.29210882031902 271.19382 58.74208 -999.0 -999.0 -999.0 -999.0 -999.0 199.10314055420528 -25.498149597432718 199.1296288534503 -25.64181742165804 78.77455097368271 284.6412598256403 -999.0 5400.0 -999.0 1 80 {-999.0 -999.0 -999.0 -999.0 -999.0} "" -999.0 -999.0 -999.0 -999.0 -999 -999 "" "" "" "" 0 0 0.0 0.0 -999 ""
FIBERMAP 696 R+9C5 METROLOGY 0 0 0 1 0 0 -115.19368843002061 161.88974645839048 143.1 -116.67212595101448 -160.81706204617907 271.19382 58.74208 -999.0 -999.0 -999.0 -999.0 -999.0 199.1011570549442 -25.49673033321195 199.12762920159196 -25.64039585840722 78.77236827925479 284.64491543460525 -999.0 6231.0 -999.0 -1 -999 {-999.0 -999.0 -999.0 -999.0 -999.0} "" -999.0 -999.0 -999.0 -999.0 -999 -999 "" "" "" "" 0 0 0.0 0.0 -999 ""
FIBERMAP 697 R-7C20 APOGEE 0 0 0 1 0 0 222.89011571281094 -121.58495362458258 143.1 44.11662381808924 250.02227102953356 86.49538 81.91453 -999.0 -999.0 -999.0 -999.0 -999.0 199.64056909979567 -24.25392329164116 199.66627481910405 -24.397265658272836 78.72553738934491 291.489634146418 -999.0 16600.0 -999.0 2 194 {-999.0 -999.0 -999.0 -999.0 -999.0} "" -999.0 -999.0 -999.0 -999.0 -999 -999 "" ops_sky_apogee_best_unassigned ops_sky sky_apogee 0 0 0.0 0.0 -999 ""
FIBERMAP 697 R-7C20 BOSS 1 1 0 1 0 0 223.59147882095945 -121.7142849452285 143.1 44.015433041676225 250.72821287686122 86.49538 81.91453 199.64019591635733 -24.251755088616065 -1.5980586 -5.2159696 -0.027573457 199.64019080901417 -24.251770287540364 199.66593577548065 -24.39513245661391 78.7243033927905 291.4986727796346 5400.0 5400.0 2016.0 1 267 {-999.0 17.076084 16.4572 16.316738 -999.0} sdss_psfmag_ps1 16.931784 16.50825 15.9191675 14.675 63050396450310612 944139423 bright_1x1 openfibertargets_nov2020_6b open_fiber science 0 0 0.0 0.0 -999 ""
FIBERMAP 697 R-7C20 METROLOGY 0 0 0 1 0 0 223.14443246639712 -122.28324076264303 143.1 44.69725421824651 250.4860632495304 86.49538 81.91453 -999.0 -999.0 -999.0 -999.0 -999.0 199.64247425370465 -24.252461525279937 199.66821041284118 -24.395816171393403 78.72646122921307 291.50030840856357 -999.0 6231.0 -999.0 -1 -999 {-999.0 -999.0 -999.0 -999.0 -999.0} "" -999.0 -999.0 -999.0 -999.0 -999 -999 "" "" "" "" 0 0 0.0 0.0 -999 ""
FIBERMAP 700 R+2C2 APOGEE 0 0 0 1 0 0 -258.4018606124902 44.71558907382176 143.1 40.06178728473212 -259.15284970245847 155.01747 115.669266 -999.0 -999.0 -999.0 -999.0 -999.0 199.6271421828034 -25.794168792592444 199.6544634534074 -25.937334129238838 79.31923567085846 284.0192185393032 -999.0 16600.0 -999.0 2 -999 {-999.0 -999.0 -999.0 -999.0 -999.0} "" -999.0 -999.0 -999.0 -999.0 -999 -999 "" "" "" "" 0 0 0.0 0.0 -999 ""
FIBERMAP 700 R+2C2 BOSS 1 1 0 1 0 0 -258.3985922997897 45.467596273380025 143.1 39.34806834397639 -259.3896673578702 155.01747 115.669266 199.6247794876303 -25.794856213767183 -23.7176 -5.845332 0.69437414 199.6247027278974 -25.794873246584395 199.65206428969086 -25.938053977394265 79.31743871629652 284.01169690425814 5400.0 5400.0 2016.0 1 10 {-999.0 15.009415 14.517408 14.338273 -999.0} sdss_psfmag_from_g3xp 14.903921 14.538726 14.000592 12.999 63050396450243269 1072474399 bright_1x1 mwm_halo_local_high_boss_single mwm_halo science 0 0 0.0 0.0 -999 ""
FIBERMAP 700 R+2C2 METROLOGY 0 0 0 1 0 0 -257.7658626593713 45.10929558942011 143.1 39.48576786797068 -258.6757206003518 155.01747 115.669266 -999.0 -999.0 -999.0 -999.0 -999.0 199.62518786976585 -25.792781570078745 199.65253594974627 -25.93595839393083 79.31714426915893 284.02312104077834 -999.0 6231.0 -999.0 -1 -999 {-999.0 -999.0 -999.0 -999.0 -999.0} "" -999.0 -999.0 -999.0 -999.0 -999 -999 "" "" "" "" 0 0 0.0 0.0 -999 ""
FIBERMAP 701 R+2C8 APOGEE 0 0 0 1 0 0 -122.20381710988856 40.78829458620147 143.1 0.3320235478290262 -128.8252055249654 145.4274 138.52716 -999.0 -999.0 -999.0 -999.0 -999.0 199.4940973234001 -25.401125321978387 199.520857019064 -25.544454565967936 79.0703558532423 285.76340930858896 -999.0 16600.0 -999.0 2 -999 {-999.0 -999.0 -999.0 -999.0 -999.0} "" -999.0 -999.0 -999.0 -999.0 -999 -999 "" "" "" "" 0 0 0.0 0.0 -999 ""
FIBERMAP 701 R+2C8 BOSS 1 1 0 1 0 0 -122.37518682936648 41.54380954012157 143.1 -0.3293044108345441 -129.22864650455173 145.4274 138.52716 199.49185274075262 -25.402381517328593 -6.4543614 -4.4577484 0.16160913 199.49183192027306 -25.402394506854808 199.51863325632917 -25.545740470731943 79.068947777577 285.753270121297 5400.0 5400.0 2016.0 1 45 {-999.0 16.8854 16.402258 16.16547 -999.0} sdss_psfmag_ps1 16.801308 16.382294 15.794381 14.811 63050396450247370 943860955 bright_1x1 openfibertargets_nov2020_5 open_fiber science 0 0 0.0 0.0 -999 ""
FIBERMAP 701 R+2C8 METROLOGY 0 0 0 1 0 0 -121.66699769354774 41.30918145591081 143.1 -0.33288330919313125 -128.48264250879424 145.4274 138.52716 -999.0 -999.0 -999.0 -999.0 -999.0 199.4918343150004 -25.40015268857197 199.5186212610563 -25.543494714300092 79.06812824783121 285.7642961227758 -999.0 6231.0 -999.0 -1 -999 {-999.0 -999.0 -999.0 -999.0 -999.0} "" -999.0 -999.0 -999.0 -999.0 -999 -999 "" "" "" "" 0 0 0.0 0.0 -999 ""
FIBERMAP 702 R-4C16 APOGEE 0 0 0 1 0 0 103.52928848922338 -73.16669245986829 143.1 36.31073071492261 121.45715301171667 29.423628 105.37994 -999.0 -999.0 -999.0 -999.0 -999.0 199.61498438648633 -24.641830755380358 199.641070173221 -24.785147916925457 78.87364338826893 289.640143192488 -999.0 16600.0 -999.0 2 -999 {-999.0 -999.0 -999.0 -999.0 -999.0} "" -999.0 -999.0 -999.0 -999.0 -999 -999 "" "" "" "" 0 0 0.0 0.0 -999 ""
FIBERMAP 702 R-4C16 BOSS 1 1 0 1 0 0 104.05114620393668 -73.68731195727511 143.1 36.63763135757555 122.11781163030695 29.423628 105.37994 199.61633775814138 -24.639692103061428 -88.75876 -20.337383 2.3073418 199.6160532134897 -24.639751364326276 199.6421793345517 -24.78308542163675 78.87368892860614 289.6520348820603 5400.0 5400.0 2016.0 1 318 {-999.0 18.724495 17.263325 16.456541 -999.0} sdss_psfmag_ps1 18.057985 17.041508 16.046486 14.133 63050396450290798 1072887924 bright_1x1 mwm_halo_local_high_boss_single mwm_halo science 0 0 0.0 0.0 -999 ""
FIBERMAP 702 R-4C16 METROLOGY 0 0 0 1 0 0 103.33118067886099 -73.88797708626034 143.1 37.05749412145031 121.49952001815483 29.423628 105.37994 -999.0 -999.0 -999.0 -999.0 -999.0 199.6174711227241 -24.641617534747564 199.6435894265278 -24.78494527183814 78.87563295686732 289.6460837997209 -999.0 6231.0 -999.0 -1 -999 {-999.0 -999.0 -999.0 -999.0 -999.0} "" -999.0 -999.0 -999.0 -999.0 -999 -999 "" "" "" "" 0 0 0.0 0.0 -999 ""
FIBERMAP 703 R0C3 APOGEE 1 1 0 1 0 0 -230.8499476550872 -11.484330593857868 143.1 84.5324113525503 -215.11231489551378 8.269287 62.457035 199.7766387885278 -25.66148351191037 -7.6815867 3.6865702 2.686201 199.7766139556869 -25.661472769533248 199.80395309188322 -25.80452326619531 79.40087049473571 284.94261556375466 16000.0 16600.0 2016.0 2 252 {-999.0 11.285597 10.933313 10.829807 -999.0} sdss_psfmag_from_g3xp 11.2318125 10.949933 10.5015 9.756 63050396450243755 975319143 "" ops_std_apogee ops_std standard_apogee 0 0 0.0 0.0 -999 ""
FIBERMAP 703 R0C3 BOSS 0 0 0 1 0 0 -231.18058224696355 -12.157928344442444 143.1 85.27626237138618 -215.21075702880515 8.269287 62.457035 -999.0 -999.0 -999.0 -999.0 -999.0 199.77908161412665 -25.661780207052452 199.80646639159863 -25.80484255776676 79.40310419579764 284.94523431674577 -999.0 5400.0 -999.0 1 521 {-999.0 -999.0 -999.0 -999.0 -999.0} "" -999.0 -999.0 -999.0 -999.0 -999 -999 "" "" "" "" 0 0 0.0 0.0 -999 ""
FIBERMAP 703 R0C3 METROLOGY 0 0 0 1 0 0 -231.593409766589 -11.528371636060644 143.1 84.81133785770753 -215.8028424271949 8.269287 62.457035 -999.0 -999.0 -999.0 -999.0 -999.0 199.7775463965292 -25.663606057832233 199.80491964209398 -25.806665603038528 79.40242666401383 284.9333167392475 -999.0 6231.0 -999.0 -1 -999 {-999.0 -999.0 -999.0 -999.0 -999.0} "" -999.0 -999.0 -999.0 -999.0 -999 -999 "" "" "" "" 0 0 0.0 0.0 -999 ""
FIBERMAP 708 R+12C13 APOGEE 0 0 0 1 0 0 123.99807903425268 232.61835770099395 143.1 -260.01157964080386 43.29991045127178 350.2052 125.52224 -999.0 -999.0 -999.0 -999.0 -999.0 198.6266981880795 -24.876055963301457 198.65200339127773 -25.020185628857302 78.14618854503287 286.75087249419914 -999.0 16600.0 -999.0 2 -999 {-999.0 -999.0 -999.0 -999.0 -999.0} "" -999.0 -999.0 -999.0 -999.0 -999 -999 "" "" "" "" 0 0 0.0 0.0 -999 ""
FIBERMAP 708 R+12C13 BOSS 1 1 0 1 0 0 124.33835758203035 231.94836478942898 143.1 -259.48518828190214 43.83614176254338 350.2052 125.52224 198.6284081218366 -24.874419935590307 -1.0234355 -2.151977 0.21456386 198.6284048346831 -24.87442620628189 198.65375594849905 -25.01857184409548 78.14703926968346 286.761087754488 5400.0 5400.0 2016.0 1 105 {-999.0 18.291004 17.674412 17.42406 -999.0} sdss_psfmag_ps1 18.151947 17.71631 17.108425 15.913 63050396450292104 944648846 bright_1x1 openfibertargets_nov2020_6c open_fiber science 0 0 0.0 0.0 -999 ""
FIBERMAP 708 R+12C13 METROLOGY 0 0 0 1 0 0 123.58603058201591 231.99408669429462 143.1 -259.28850181351095 43.10857565506165 350.2052 125.52224 -999.0 -999.0 -999.0 -999.0 -999.0 198.62899521344528 -24.876626317278177 198.65433627157176 -25.020766330597375 78.14836396278916 286.75219312452816 -999.0 6231.0 -999.0 -1 -999 {-999.0 -999.0 -999.0 -999.0 -999.0} "" -999.0 -999.0 -999.0 -999.0 -999 -999 "" "" "" "" 0 0 0.0 0.0 -999 ""
FIBERMAP 711 R-8C15 APOGEE 1 1 0 1 0 0 130.72010011638005 -162.03386631855807 143.1 111.85527214384302 175.57740111202182 29.039297 57.188328 199.86634451622157 -24.478338235066182 -33.733135 16.339937 11.209862 199.86623651301488 -24.478290621738086 199.89240266267888 -24.62140659994908 79.0094226457477 290.92264973362444 16000.0 16600.0 2016.0 2 201 {-999.0 13.625053 12.329739 11.795974 -999.0} sdss_psfmag_from_g3xp 13.116599 12.30906 11.432154 9.713 63050396450271254 984769303 bright_1x1 mwm_snc_100pc_apogee mwm_snc science 0 0 0.0 0.0 -999 ""
FIBERMAP 711 R-8C15 BOSS 0 0 0 1 0 0 130.72568177056016 -162.7750262475537 143.1 112.55588770992327 175.81914523340592 29.039297 57.188328 -999.0 -999.0 -999.0 -999.0 -999.0 199.86854736073738 -24.477500125672897 199.89475938284238 -24.62063332518062 79.01100809357342 290.9312278657233 -999.0 5400.0 -999.0 1 284 {-999.0 -999.0 -999.0 -999.0 -999.0} "" -999.0 -999.0 -999.0 -999.0 -999 -999 "" "" "" "" 0 0 0.0 0.0 -999 ""
FIBERMAP 711 R-8C15 METROLOGY 0 0 0 1 0 0 130.06408246339538 -162.3953774377425 143.1 112.40716696817374 175.0710279760801 29.039297 57.188328 -999.0 -999.0 -999.0 -999.0 -999.0 199.86809321974135 -24.479737132005116 199.89429548960584 -24.622865270481668 79.01160893672937 290.91973598562254 -999.0 6231.0 -999.0 -1 -999 {-999.0 -999.0 -999.0 -999.0 -999.0} "" -999.0 -999.0 -999.0 -999.0 -999 -999 "" "" "" "" 0 0 0.0 0.0 -999 ""
FIBERMAP 712 R-7C5 APOGEE 1 1 0 1 0 0 -119.2581908962681 -124.63997386398552 143.1 156.1684259945797 -73.25658063400165 60.72506 126.11479 200.01655986888593 -25.231872492000438 -8.194495 -8.601319 0.21189165 200.01653347226784 -25.231897555564927 200.04366468201755 -25.374788890936312 79.44512048587859 287.55246443367764 16000.0 16600.0 2016.0 2 298 {-999.0 12.941928 12.383795 12.140158 -999.0} sdss_psfmag_from_g3xp 12.809158 12.389282 11.792977 10.624 63050396450246510 1061902900 bright_1x1 manual_mwm_halo_vmp_wise_apogee_single mwm_halo science 0 0 0.0 0.0 -999 ""
FIBERMAP 712 R-7C5 BOSS 0 0 0 1 0 0 -118.52882360112434 -124.56539488602607 143.1 155.8650554375777 -72.58915334732282 60.72506 126.11479 -999.0 -999.0 -999.0 -999.0 -999.0 200.01553984891194 -25.229890894284434 200.04270878816953 -25.372798779183032 79.44355655383895 287.56067209503533 -999.0 5400.0 -999.0 1 489 {-999.0 -999.0 -999.0 -999.0 -999.0} "" -999.0 -999.0 -999.0 -999.0 -999 -999 "" "" "" "" 0 0 0.0 0.0 -999 ""
FIBERMAP 712 R-7C5 METROLOGY 0 0 0 1 0 0 -118.82226869429748 -125.23903192052292 143.1 156.59707901243172 -72.65233850837261 60.72506 126.11479 -999.0 -999.0 -999.0 -999.0 -999.0 200.01801950160325 -25.230086176969728 200.04517968654068 -25.37298746763375 79.445689327745 287.56441917963235 -999.0 6231.0 -999.0 -1 -999 {-999.0 -999.0 -999.0 -999.0 -999.0} "" -999.0 -999.0 -999.0 -999.0 -999 -999 "" "" "" "" 0 0 0.0 0.0 -999 ""
FIBERMAP 713 R+3C9 APOGEE 0 0 0 1 0 0 -83.42122554617731 47.549791844285224 143.1 -18.448760894102676 -94.2281341380844 234.5006 127.134865 -999.0 -999.0 -999.0 -999.0 -999.0 199.43115724280807 -25.296217485132424 199.4577394190037 -25.439614065255856 78.97913655738678 286.1674295214851 -999.0 16600.0 -999.0 2 22 {-999.0 -999.0 -999.0 -999.0 -999.0} "" -999.0 -999.0 -999.0 -999.0 -999 -999 "" "" "" "" 0 0 0.0 0.0 -999 ""
FIBERMAP 713 R+3C9 BOSS 1 1 0 1 0 0 -84.17298842431573 47.49571633666197 143.1 -18.157676521583962 -94.92332697095804 234.5006 127.134865 199.43222329004297 -25.298257712627386 -45.238876 -36.98571 1.1862773 199.43207748395025 -25.298365486001206 199.45870550702438 -25.441776250361468 78.98074217100728 286.15858509003004 5400.0 5400.0 2016.0 1 32 {-999.0 14.538654 14.2129345 14.081516 -999.0} sdss_psfmag_from_g3xp 14.488637 14.205132 13.746272 12.894 63050396450247631 1072509858 bright_1x1 mwm_halo_local_high_boss_single mwm_halo science 0 0 0.0 0.0 -999 ""
FIBERMAP 713 R+3C9 METROLOGY 0 0 0 1 0 0 -83.8300006772755 48.1652538165321 143.1 -18.901620689970816 -94.81188240873595 234.5006 127.134865 -999.0 -999.0 -999.0 -999.0 -999.0 199.42958993147425 -25.298036667417247 199.4562031949008 -25.44144537002309 78.97851881505619 286.155854498765 -999.0 6231.0 -999.0 -1 -999 {-999.0 -999.0 -999.0 -999.0 -999.0} "" -999.0 -999.0 -999.0 -999.0 -999 -999 "" "" "" "" 0 0 0.0 0.0 -999 ""
FIBERMAP 718 R+2C7 APOGEE 0 0 0 1 0 0 -130.88555685991514 26.001877507791214 143.1 17.11485224714161 -132.33552556341658 287.08813 115.75291 -999.0 -999.0 -999.0 -999.0 -999.0 199.55045397643954 -25.411784502863615 199.57728493508466 -25.55506351293998 79.12166596090728 285.8081537727161 -999.0 16600.0 -999.0 2 29 {-999.0 -999.0 -999.0 -999.0 -999.0} "" -999.0 -999.0 -999.0 -999.0 -999 -999 "" ops_sky_apogee_best_unassigned ops_sky sky_apogee 0 0 0.0 0.0 -999 ""
FIBERMAP 718 R+2C7 BOSS 1 1 0 1 0 0 -131.43958513420714 25.460341352720356 143.1 17.80481859665627 -132.68780959059671 287.08813 115.75291 199.55284118143436 -25.412892796315408 -31.865541 -3.0093374 3.63199 199.55273838061444 -25.412901565251833 199.57961445838976 -25.556193035543316 79.12403359862161 285.80658910379765 5400.0 5400.0 2016.0 1 48 {-999.0 16.300417 14.961673 14.410146 -999.0} sdss_psfmag_from_g3xp 15.771181 14.934851 14.037684 12.21 63050396450244839 1095809581 bright_1x1 mwm_bin_vis_boss mwm_filler science 0 0 0.0 0.0 -999 ""
FIBERMAP 718 R+2C7 METROLOGY 0 0 0 1 0 0 -131.60474619871695 26.20057528289142 143.1 17.155991679109892 -133.08049148678577 287.08813 115.75291 -999.0 -999.0 -999.0 -999.0 -999.0 199.5505708283505 -25.41410764610695 199.57743490908786 -25.557396919098945 79.12263378823644 285.79688002760025 -999.0 6231.0 -999.0 -1 -999 {-999.0 -999.0 -999.0 -999.0 -999.0} "" -999.0 -999.0 -999.0 -999.0 -999 -999 "" "" "" "" 0 0 0.0 0.0 -999 ""
FIBERMAP 720 R-7C15 APOGEE 0 0 0 1 0 0 94.39732774770826 -149.85899465158178 143.1 111.90532124147687 137.27017263839468 262.4496 99.05635 -999.0 -999.0 -999.0 -999.0 -999.0 199.86688869638485 -24.59403242729228 199.89318146812536 -24.73713451986666 79.06037047693353 290.3763462652366 -999.0 16600.0 -999.0 2 -999 {-999.0 -999.0 -999.0 -999.0 -999.0} "" -999.0 -999.0 -999.0 -999.0 -999 -999 "" "" "" "" 0 0 0.0 0.0 -999 ""
FIBERMAP 720 R-7C15 BOSS 1 1 0 1 0 0 93.60367795358398 -149.84471186999238 143.1 112.14498585644084 136.51347508726556 262.4496 99.05635 199.86772886563392 -24.596247724784565 -9.290684 -2.0868216 0.49002525 199.8676990917282 -24.596253805615248 199.8940360336508 -24.739372709280286 79.06203448679935 290.3674606542493 5400.0 5400.0 2016.0 1 283 {-999.0 18.497519 17.910849 17.682991 -999.0} sdss_psfmag_ps1 18.370138 17.958277 17.31791 15.974 63050396450271147 944648526 bright_1x1 openfibertargets_nov2020_6c open_fiber science 0 0 0.0 0.0 -999 ""
FIBERMAP 720 R-7C15 METROLOGY 0 0 0 1 0 0 94.00885091781518 -149.21978891832188 143.1 111.42348368856663 136.6980860005776 262.4496 99.05635 -999.0 -999.0 -999.0 -999.0 -999.0 199.8653214987443 -24.59568334306982 199.89164394941417 -24.738799399963412 79.05982663253054 290.3652606538425 -999.0 6231.0 -999.0 -1 -999 {-999.0 -999.0 -999.0 -999.0 -999.0} "" -999.0 -999.0 -999.0 -999.0 -999 -999 "" "" "" "" 0 0 0.0 0.0 -999 ""
FIBERMAP 722 R-4C20 APOGEE 0 0 0 1 0 0 174.02526766267127 -60.884726863193116 143.1 2.1805918943273435 184.34774946925643 139.63283 79.955795 -999.0 -999.0 -999.0 -999.0 -999.0 199.5012371038635 -24.451560783347468 199.52700810748684 -24.595000136559285 78.69884389275482 290.29751025121675 -999.0 16600.0 -999.0 2 -999 {-999.0 -999.0 -999.0 -999.0 -999.0} "" -999.0 -999.0 -999.0 -999.0 -999 -999 "" "" "" "" 0 0 0.0 0.0 -999 ""
FIBERMAP 722 R-4C20 BOSS 1 1 0 1 0 0 174.60245065079724 -60.408258425767386 143.1 1.5449030205991352 184.74273593060093 139.63283 79.955795 199.49913598680436 -24.45028810772565 -17.482826 0.62395346 0.21881647 199.499080024575 -24.450286289564126 199.52488990580477 -24.593746158345603 78.69656528940561 290.29903914104125 5400.0 5400.0 2016.0 1 312 {-999.0 15.396536 14.866024 14.618084 -999.0} sdss_psfmag_from_g3xp 15.268428 14.862536 14.272588 13.097 63050396450291727 1071097262 bright_1x1 mwm_halo_vmp_xp_boss_single mwm_halo science 0 0 0.0 0.0 -999 ""
FIBERMAP 722 R-4C20 METROLOGY 0 0 0 1 0 0 174.73000507312454 -61.13541272059973 143.1 2.1933321405909805 185.09560522719946 139.63283 79.955795 -999.0 -999.0 -999.0 -999.0 -999.0 199.5012523885802 -24.449204667258975 199.52705142355592 -24.59265756032576 78.69786794916598 290.30837884319885 -999.0 6231.0 -999.0 -1 -999 {-999.0 -999.0 -999.0 -999.0 -999.0} "" -999.0 -999.0 -999.0 -999.0 -999 -999 "" "" "" "" 0 0 0.0 0.0 -999 ""
FIBERMAP 725 R-11C8 APOGEE 0 0 0 1 0 0 -1.3820612472046783 -200.27496480234748 143.1 190.24124574088427 62.58452341945739 77.15412 91.21347 -999.0 -999.0 -999.0 -999.0 -999.0 200.1286311923854 -24.819867740748876 200.1554339873594 -24.962709766019618 79.37169565358637 289.8262690144175 -999.0 16600.0 -999.0 2 173 {-999.0 -999.0 -999.0 -999.0 -999.0} "" -999.0 -999.0 -999.0 -999.0 -999 -999 "" ops_sky_apogee_best_unassigned ops_sky sky_apogee 0 0 0.0 0.0 -999 ""
FIBERMAP 725 R-11C8 BOSS 1 1 0 1 0 0 -0.6518298232708069 -200.45467604511686 143.1 190.17859000866244 63.33389658419047 77.15412 91.21347 200.12842713613395 -24.81754430873199 0.34964043 -6.808102 0.30064794 200.12842825862162 -24.817564147005225 200.155268486348 -24.960423533709044 79.37059863122163 289.8371743055178 5400.0 5400.0 2016.0 1 415 {-999.0 18.43317 18.100433 17.974302 -999.0} sdss_psfmag_ps1 18.367275 18.079805 17.634945 -999.0 63050396450270041 944648647 bright_1x1 openfibertargets_nov2020_6c open_fiber science 0 0 0.0 0.0 -999 ""
FIBERMAP 725 R-11C8 METROLOGY 0 0 0 1 0 0 -1.1456125589993889 -200.98465815756808 143.1 190.83838629871582 63.03502105565253 77.15412 91.21347 -999.0 -999.0 -999.0 -999.0 -999.0 200.13066626616205 -24.818460859171054 200.15749849890074 -24.961313361739936 79.37280704408279 289.8374048104248 -999.0 6231.0 -999.0 -1 -999 {-999.0 -999.0 -999.0 -999.0 -999.0} "" -999.0 -999.0 -999.0 -999.0 -999 -999 "" "" "" "" 0 0 0.0 0.0 -999 ""
FIBERMAP 727 R+5C12 APOGEE 0 0 0 1 0 0 32.97588800230253 100.35937572925134 143.1 -105.63084227995057 -0.7667357799602996 83.74791 21.001879 -999.0 -999.0 -999.0 -999.0 -999.0 199.1396347358315 -25.011880000760797 199.1656137003747 -25.155561563729275 78.62775485611374 287.013315287311 -999.0 16600.0 -999.0 2 132 {-999.0 -999.0 -999.0 -999.0 -999.0} "" -999.0 -999.0 -999.0 -999.0 -999 -999 "" ops_sky_apogee_best_unassigned ops_sky sky_apogee 0 0 0.0 0.0 -999 ""
FIBERMAP 727 R+5C12 BOSS 1 1 0 1 0 0 33.17293439454746 99.6382896410298 143.1 -105.01033421552289 -0.349944991670956 83.74791 21.001879 199.1416405686648 -25.010597115488167 -10.424521 -2.790721 0.20417108 199.141607049305 -25.010605247425364 199.16763065071427 -25.15430178547166 78.62895915246189 287.0227628337592 5400.0 5400.0 2016.0 1 121 {-999.0 18.560425 18.154606 18.171188 -999.0} sdss_psfmag_ps1 18.433588 18.141338 17.667103 -999.0 63050396450288884 944648774 bright_1x1 openfibertargets_nov2020_6c open_fiber science 0 0 0.0 0.0 -999 ""
FIBERMAP 727 R+5C12 METROLOGY 0 0 0 1 0 0 32.44900612307069 99.83815590953361 143.1 -104.9687902878355 -1.099774783179915 83.74791 21.001879 -999.0 -999.0 -999.0 -999.0 -999.0 199.14173877396635 -25.01288651158258 199.16775252122352 -25.156577987785496 78.62993243975856 287.012311214336 -999.0 6231.0 -999.0 -1 -999 {-999.0 -999.0 -999.0 -999.0 -999.0} "" -999.0 -999.0 -999.0 -999.0 -999 -999 "" "" "" "" 0 0 0.0 0.0 -999 ""
FIBERMAP 728 R+7C12 APOGEE 0 0 0 1 0 0 19.666483821489365 144.56141980802752 143.1 -143.2749240649296 -27.48194667097125 171.60039 91.260155 -999.0 -999.0 -999.0 -999.0 -999.0 199.0134512462533 -25.09244703827494 199.03938085358118 -25.236225923879793 78.55256238155668 286.4173464003133 -999.0 16600.0 -999.0 2 143 {-999.0 -999.0 -999.0 -999.0 -999.0} "" -999.0 -999.0 -999.0 -999.0 -999 -999 "" ops_sky_apogee_best_unassigned ops_sky sky_apogee 0 0 0.0 0.0 -999 ""
FIBERMAP 728 R+7C12 BOSS 1 1 0 1 0 0 19.768640244156952 145.30312569891626 143.1 -144.01042902853442 -27.62176173734724 171.60039 91.260155 199.01089168748635 -25.092846503769167 -5.04658 -3.2294838 -0.15494348 199.0108754496507 -25.092855914229773 199.03684722815157 -25.23665318093655 78.55059699597648 286.41102980994947 5400.0 5400.0 2016.0 1 144 {-999.0 18.566046 18.221088 17.94729 -999.0} sdss_psfmag_ps1 18.529987 18.18651 17.719374 -999.0 63050396450288562 944648770 bright_1x1 openfibertargets_nov2020_6c open_fiber science 0 0 0.0 0.0 -999 ""
FIBERMAP 728 R+7C12 METROLOGY 0 0 0 1 0 0 20.371765760032673 144.8796583799735 143.1 -143.80152648017716 -26.915080470049233 171.60039 91.260155 -999.0 -999.0 -999.0 -999.0 -999.0 199.0115782857635 -25.09072304919235 199.03753606286682 -25.234515382658685 78.55037472941306 286.4221913475173 -999.0 6231.0 -999.0 -1 -999 {-999.0 -999.0 -999.0 -999.0 -999.0} "" -999.0 -999.0 -999.0 -999.0 -999 -999 "" "" "" "" 0 0 0.0 0.0 -999 ""
FIBERMAP 729 R-8C19 APOGEE 0 0 0 1 0 0 213.8010875929068 -150.41442040102982 143.1 74.33797077351812 250.60615908122975 21.473066 119.01874 -999.0 -999.0 -999.0 -999.0 -999.0 199.7407912551367 -24.2522855272924 199.76659584712365 -24.395540421094974 78.80632931044788 291.70879153965393 -999.0 16600.0 -999.0 2 193 {-999.0 -999.0 -999.0 -999.0 -999.0} "" -999.0 -999.0 -999.0 -999.0 -999 -999 "" ops_sky_apogee_best_unassigned ops_sky sky_apogee 0 0 0.0 0.0 -999 ""
FIBERMAP 729 R-8C19 BOSS 1 1 0 1 0 0 214.36491826905743 -150.8940514346123 143.1 74.61263594726229 251.29351875247082 21.473066 119.01874 199.74163138728235 -24.250168967980475 7.354034 -10.36957 -0.13999274 199.74165489024483 -24.250199184088054 199.76749965420564 -24.393472756834708 78.8061292811918 291.7202092575734 5400.0 5400.0 2016.0 1 266 {-999.0 17.884396 17.528536 17.420773 -999.0} sdss_psfmag_ps1 17.883183 17.55249 17.064009 15.8 63050396450309969 944649073 bright_1x1 openfibertargets_nov2020_6c open_fiber science 0 0 0.0 0.0 -999 ""
FIBERMAP 729 R-8C19 METROLOGY 0 0 0 1 0 0 213.67522958064598 -151.15698163599376 143.1 75.08184793224099 250.7237850649767 21.473066 119.01874 -999.0 -999.0 -999.0 -999.0 -999.0 199.74324289217597 -24.251871315322802 199.76907929405002 -24.395137851179392 78.80816506412557 291.71590657135937 -999.0 6231.0 -999.0 -1 -999 {-999.0 -999.0 -999.0 -999.0 -999.0} "" -999.0 -999.0 -999.0 -999.0 -999 -999 "" "" "" "" 0 0 0.0 0.0 -999 ""
FIBERMAP 731 R0C27 APOGEE 0 0 0 1 0 0 279.10667754594607 2.0422873998149798 143.1 -90.97968339909168 263.8574771678544 164.20702 123.23102 -999.0 -999.0 -999.0 -999.0 -999.0 199.19267662677566 -24.212079454801096 199.21788935834434 -24.355813623258918 78.34133507743002 290.7621706264604 -999.0 16600.0 -999.0 2 -999 {-999.0 -999.0 -999.0 -999.0 -999.0} "" -999.0 -999.0 -999.0 -999.0 -999 -999 "" "" "" "" 0 0 0.0 0.0 -999 ""
FIBERMAP 731 R0C27 BOSS 1 1 0 1 0 0 278.8574096216355 2.7672403427285697 143.1 -91.58719569030526 263.38996244795345 164.20702 123.23102 199.1906844195417 -24.21346525444738 -20.602522 -4.1631284 0.643447 199.19061859435772 -24.21347738546134 199.21587404131068 -24.357232592347124 78.34031261970932 290.7518637471833 5400.0 5400.0 2016.0 1 182 {-999.0 16.90448 16.333601 16.20543 -999.0} sdss_psfmag_ps1 16.814705 16.39628 15.810516 14.684 63050396450294635 1072947516 bright_1x1 mwm_halo_local_high_boss_single mwm_halo science 0 0 0.0 0.0 -999 ""
FIBERMAP 731 R0C27 METROLOGY 0 0 0 1 0 0 279.60786581555595 2.5975427781784215 143.1 -91.66579373914873 264.1553079080916 164.20702 123.23102 -999.0 -999.0 -999.0 -999.0 -999.0 199.19036659592814 -24.211137695428267 199.2156072956593 -24.354887934532886 78.33906094383407 290.7617467864186 -999.0 6231.0 -999.0 -1 -999 {-999.0 -999.0 -999.0 -999.0 -999.0} "" -999.0 -999.0 -999.0 -999.0 -999 -999 "" "" "" "" 0 0 0.0 0.0 -999 ""
FIBERMAP 732 R-10C12 APOGEE 0 0 0 1 0 0 50.47545325743487 -204.40720650333583 143.1 177.61311302371075 113.04814324842737 259.754 58.216442 -999.0 -999.0 -999.0 -999.0 -999.0 200.08575947570966 -24.667202222993687 200.11235388603063 -24.810101235821634 79.27139796489948 290.48186615871026 -999.0 16600.0 -999.0 2 -999 {-999.0 -999.0 -999.0 -999.0 -999.0} "" -999.0 -999.0 -999.0 -999.0 -999 -999 "" "" "" "" 0 0 0.0 0.0 -999 ""
FIBERMAP 732 R-10C12 BOSS 1 1 0 1 0 0 49.892826252763605 -203.91006793145272 143.1 177.32785262580202 112.33738484061801 259.754 58.216442 200.08483300726672 -24.66930731739613 -0.09185683 -0.16176988 0.1947096 200.08483271272047 -24.669307788780817 200.11146871799497 -24.812224847116827 79.27158728668664 290.46971183246853 5400.0 5400.0 2016.0 1 402 {-999.0 19.777004 19.569456 19.369394 -999.0} sdss_psfmag_ps1 19.974749 19.749718 19.207354 -999.0 63050396450270284 1117337548 bright_1x1 openfibertargets_bhm_quaia_boss open_fiber science 0 0 0.0 0.0 -999 ""
FIBERMAP 732 R-10C12 METROLOGY 0 0 0 1 0 0 50.62026713914143 -203.67336240786244 143.1 176.87144954087069 112.95126277162785 259.754 58.216442 -999.0 -999.0 -999.0 -999.0 -999.0 200.08334437728928 -24.667441146253225 200.10996553318398 -24.810354823430302 79.26955058855127 290.4756220747863 -999.0 6231.0 -999.0 -1 -999 {-999.0 -999.0 -999.0 -999.0 -999.0} "" -999.0 -999.0 -999.0 -999.0 -999 -999 "" "" "" "" 0 0 0.0 0.0 -999 ""
FIBERMAP 736 R+11C12 APOGEE 0 0 0 1 0 0 79.73582960100892 202.10030334029318 143.1 -216.96854594665106 11.088897551300668 262.80496 130.53061 -999.0 -999.0 -999.0 -999.0 -999.0 198.7685664061188 -24.97431082903554 198.79411875215692 -25.1183102512883 78.30254993834188 286.54586457958385 -999.0 16600.0 -999.0 2 145 {-999.0 -999.0 -999.0 -999.0 -999.0} "" -999.0 -999.0 -999.0 -999.0 -999 -999 "" ops_sky_apogee_best_unassigned ops_sky sky_apogee 0 0 0.0 0.0 -999 ""
FIBERMAP 736 R+11C12 BOSS 1 1 0 1 0 0 79.10179700044348 201.68266811502303 143.1 -216.3704763350727 10.621265056673458 262.80496 130.53061 198.7705142770853 -24.975722634595577 -21.147934 1.4472941 0.28933784 198.7704462965997 -24.97571841727911 198.79604727893297 -25.11973284778089 78.30470426700913 286.54262287270285 5400.0 5400.0 2016.0 1 148 {-999.0 18.20906 17.55354 17.327696 -999.0} sdss_psfmag_ps1 17.985067 17.62715 17.085169 16.04 63050396450289514 944648814 bright_1x1 openfibertargets_nov2020_6c open_fiber science 0 0 0.0 0.0 -999 ""
FIBERMAP 736 R+11C12 METROLOGY 0 0 0 1 0 0 79.05788270604366 202.43204774861672 143.1 -217.06665233143485 10.340570786061788 262.80496 130.53061 -999.0 -999.0 -999.0 -999.0 -999.0 198.76810509563407 -24.976558911665208 198.79369177178955 -25.120570465037023 78.30304605302204 286.5348222003046 -999.0 6231.0 -999.0 -1 -999 {-999.0 -999.0 -999.0 -999.0 -999.0} "" -999.0 -999.0 -999.0 -999.0 -999 -999 "" "" "" "" 0 0 0.0 0.0 -999 ""
FIBERMAP 738 R-6C11 APOGEE 0 0 0 1 0 0 -6.997471236398749 -107.86289420098993 143.1 104.45394753195899 27.780316634463656 111.67032 133.59856 -999.0 -999.0 -999.0 -999.0 -999.0 199.84304177475863 -24.925864879965335 199.86966315687607 -25.068947320320884 79.17964059648288 288.73194652839305 -999.0 16600.0 -999.0 2 -999 {-999.0 -999.0 -999.0 -999.0 -999.0} "" -999.0 -999.0 -999.0 -999.0 -999 -999 "" "" "" "" 0 0 0.0 0.0 -999 ""
FIBERMAP 738 R-6C11 BOSS 1 1 0 1 0 0 -6.695479017103182 -107.16979364604938 143.1 103.70075158982571 27.84539239258358 111.67032 133.59856 199.8406820479856 -24.9256633902933 -42.46114 8.578769 1.1070929 199.84054561124023 -24.925638392374992 199.8672051649448 -25.06873957910586 79.17752086767112 288.72815515572114 5400.0 5400.0 2016.0 1 389 {-999.0 16.204817 15.821285 15.426713 -999.0} sdss_psfmag_ps1 15.985913 15.539671 14.929925 13.675 63050396450249604 1072830243 bright_1x1 mwm_halo_local_high_boss_single mwm_halo science 0 0 0.0 0.0 -999 ""
FIBERMAP 738 R-6C11 METROLOGY 0 0 0 1 0 0 -6.253819150125574 -107.78239704962628 143.1 104.14041101153173 28.45939350707953 111.67032 133.59856 -999.0 -999.0 -999.0 -999.0 -999.0 199.84203334121634 -24.92377514971424 199.8686810993721 -25.066870638814322 79.17798599878505 288.7401398525316 -999.0 6231.0 -999.0 -1 -999 {-999.0 -999.0 -999.0 -999.0 -999.0} "" -999.0 -999.0 -999.0 -999.0 -999 -999 "" "" "" "" 0 0 0.0 0.0 -999 ""
FIBERMAP 740 R-10C6 APOGEE 0 0 0 1 0 0 -78.13173924638261 -210.41674390699515 143.1 224.33826823352766 -6.91548513722999 284.03476 60.144455 -999.0 -999.0 -999.0 -999.0 -999.0 200.24305469607526 -25.029987844076718 200.27020375658162 -25.17270159136127 79.55319088355216 289.0158591614028 -999.0 16600.0 -999.0 2 -999 {-999.0 -999.0 -999.0 -999.0 -999.0} "" -999.0 -999.0 -999.0 -999.0 -999 -999 "" "" "" "" 0 0 0.0 0.0 -999 ""
FIBERMAP 740 R-10C6 BOSS 1 1 0 1 0 0 -78.85602234037829 -210.1618188686717 143.1 224.32774623697347 -7.683216752099508 284.03476 60.144455 200.24310454819306 -25.03227448846222 -21.000788 -7.95357 0.55035293 200.24303700961372 -25.032297664523007 200.27022825755094 -25.175027178685642 79.55415702148993 289.0041914644508 5400.0 5400.0 2016.0 1 384 {-999.0 15.636506 15.149572 15.025311 -999.0} sdss_psfmag_ps1 15.552208 15.174301 14.621545 13.584 63050396450267140 1073376780 bright_1x1 mwm_halo_local_high_boss_single mwm_halo science 0 0 0.0 0.0 -999 ""
FIBERMAP 740 R-10C6 METROLOGY 0 0 0 1 0 0 -78.31553878985808 -209.69168118928425 143.1 223.70976534206068 -7.320990579833539 284.03476 60.144455 -999.0 -999.0 -999.0 -999.0 -999.0 200.24102797292454 -25.031215219454733 200.26820487047667 -25.17394216036249 79.55204279301464 289.0055515783583 -999.0 6231.0 -999.0 -1 -999 {-999.0 -999.0 -999.0 -999.0 -999.0} "" -999.0 -999.0 -999.0 -999.0 -999 -999 "" "" "" "" 0 0 0.0 0.0 -999 ""
FIBERMAP 745 R+1C8 APOGEE 0 0 0 1 0 0 -133.62197418302134 19.865995567585962 143.1 23.802826683524017 -132.97127653340775 152.17377 139.16307 -999.0 -999.0 -999.0 -999.0 -999.0 199.57291378357095 -25.41371178460933 199.5997706895473 -25.556971022218296 79.14127283274168 285.83755063671265 -999.0 16600.0 -999.0 2 -999 {-999.0 -999.0 -999.0 -999.0 -999.0} "" -999.0 -999.0 -999.0 -999.0 -999 -999 "" "" "" "" 0 0 0.0 0.0 -999 ""
FIBERMAP 745 R+1C8 BOSS 1 1 0 1 0 0 -133.9040513926012 20.53238184028996 143.1 23.261285190365424 -133.45119987600995 152.17377 139.16307 199.5710715419313 -25.415207611696196 -2.3927326 -2.2694774 -0.10358485 199.57106382263387 -25.41521422477425 199.597962815558 -25.558489737451197 79.14030018339828 285.82690778377645 5400.0 5400.0 2016.0 1 47 {-999.0 18.627592 17.467411 16.843906 -999.0} sdss_psfmag_ps1 18.123348 17.287424 16.41878 14.542 63050396450244855 1061187038 bright_1x1 manual_mwm_halo_distant_kgiant_far_boss_single mwm_halo science 0 0 0.0 0.0 -999 ""
FIBERMAP 745 R+1C8 METROLOGY 0 0 0 1 0 0 -133.164475449679 20.457766744466227 143.1 23.09604876794424 -132.72650005044403 152.17377 139.16307 -999.0 -999.0 -999.0 -999.0 -999.0 199.57052531994648 -25.4130382058004 199.59740944760085 -25.556310251897916 79.13904774310961 285.83673846270665 -999.0 6231.0 -999.0 -1 -999 {-999.0 -999.0 -999.0 -999.0 -999.0} "" -999.0 -999.0 -999.0 -999.0 -999 -999 "" "" "" "" 0 0 0.0 0.0 -999 ""
FIBERMAP 746 R-9C7 APOGEE 1 1 0 1 0 0 -48.905436110884494 -192.1120306894814 143.1 197.6667634195599 14.942438617554778 332.59 68.209496 200.15408341385563 -24.964060898849795 -3.504953 -19.756025 3.2609477 200.15407214817176 -24.964118466350687 200.18105625189204 -25.106919798968 79.45266381478382 289.1646196334581 16000.0 16600.0 2016.0 2 187 {-999.0 12.719503 12.268179 12.122011 -999.0} sdss_psfmag_from_g3xp 12.628979 12.290948 11.786548 10.932 63050396450267346 1076254895 bright_1x1 mwm_snc_ext_main_apogee mwm_snc science 0 0 0.0 0.0 -999 ""
FIBERMAP 746 R-9C7 BOSS 0 0 0 1 0 0 -49.47935009244485 -192.62816389818187 143.1 198.3389996246389 14.563204556125154 332.59 68.209496 -999.0 -999.0 -999.0 -999.0 -999.0 200.1563341708187 -24.965239217544546 200.18336303842136 -25.108054996538126 79.4550343199142 289.16363753783196 -999.0 5400.0 -999.0 1 383 {-999.0 -999.0 -999.0 -999.0 -999.0} "" -999.0 -999.0 -999.0 -999.0 -999 -999 "" "" "" "" 0 0 0.0 0.0 -999 ""
FIBERMAP 746 R-9C7 METROLOGY 0 0 0 1 0 0 -49.61482183673378 -191.8836698605202 143.1 197.67666353911554 14.19730007554941 332.59 68.209496 -999.0 -999.0 -999.0 -999.0 -999.0 200.1541781655657 -24.966357584766225 200.18119461748256 -25.10917051726944 79.45370004342702 289.1536825579118 -999.0 6231.0 -999.0 -1 -999 {-999.0 -999.0 -999.0 -999.0 -999.0} "" -999.0 -999.0 -999.0 -999.0 -999 -999 "" "" "" "" 0 0 0.0 0.0 -999 ""
FIBERMAP 749 R-2C15 APOGEE 0 0 0 1 0 0 55.25830762720435 -22.448340512546018 143.1 3.6450453581354494 59.529984992222005 104.57394 61.42248 -999.0 -999.0 -999.0 -999.0 -999.0 199.50577771811552 -24.829539468948802 199.5319479424246 -24.972928597172412 78.86094062866844 288.5426822205361 -999.0 16600.0 -999.0 2 227 {-999.0 -999.0 -999.0 -999.0 -999.0} "" -999.0 -999.0 -999.0 -999.0 -999 -999 "" ops_sky_apogee_best_unassigned ops_sky sky_apogee 0 0 0.0 0.0 -999 ""
FIBERMAP 749 R-2C15 BOSS 1 1 0 1 0 0 55.98121048095051 -22.636292392769516 143.1 3.5925373222087145 60.275041914945874 104.57394 61.42248 199.50559161631134 -24.827197787747252 -8.552155 -8.786607 0.22233345 199.50556415828305 -24.827223391224685 199.53177420745556 -24.97063005503614 78.85986699589704 288.5532333453284 5400.0 5400.0 2016.0 1 327 {-999.0 17.36768 16.981382 16.794426 -999.0} sdss_psfmag_ps1 17.301863 16.949755 16.438549 15.456 63050396450250121 1164651981 bright_1x1 openfibertargets_mwm_halo_gaiastreams_boss open_fiber science 0 0 0.0 0.0 -999 ""
FIBERMAP 749 R-2C15 METROLOGY 0 0 0 1 0 0 55.481255706166316 -23.16206294140045 143.1 4.25031140219117 59.9689735256685 104.57394 61.42248 -999.0 -999.0 -999.0 -999.0 -999.0 199.50777671371296 -24.828154172917504 199.53397807905174 -24.971553976661706 78.86206778062653 288.55304292440957 -999.0 6231.0 -999.0 -1 -999 {-999.0 -999.0 -999.0 -999.0 -999.0} "" -999.0 -999.0 -999.0 -999.0 -999 -999 "" "" "" "" 0 0 0.0 0.0 -999 ""
FIBERMAP 750 R+11C10 APOGEE 1 1 0 1 0 0 42.098321608685474 231.793951860838 143.1 -233.1015749005266 -34.053370187080624 118.799 51.49564 198.71411284726943 -25.110650285100395 -22.645647 0.15244581 1.6226277 198.71403997221162 -25.11064984086751 198.73967250938523 -25.254678018822283 78.3076189234074 285.83097831837796 16000.0 16600.0 2016.0 2 127 {-999.0 12.175688 11.850515 11.758522 -999.0} sdss_psfmag_from_g3xp 12.129047 11.860283 11.429982 10.746 63050396450284396 975319182 "" ops_std_apogee ops_std standard_apogee 0 0 0.0 0.0 -999 ""
FIBERMAP 750 R+11C10 BOSS 0 0 0 1 0 0 42.81633773429872 231.63098804548952 143.1 -233.17620506591624 -33.32091642481322 118.799 51.49564 -999.0 -999.0 -999.0 -999.0 -999.0 198.71372560679555 -25.108419195593445 198.7394017332267 -25.252464333584644 78.30657849876872 285.8406950194692 -999.0 5400.0 -999.0 1 114 {-999.0 -999.0 -999.0 -999.0 -999.0} "" -999.0 -999.0 -999.0 -999.0 -999 -999 "" "" "" "" 0 0 0.0 0.0 -999 ""
FIBERMAP 750 R+11C10 METROLOGY 0 0 0 1 0 0 42.36514844173339 231.07642355498842 143.1 -232.50670079758908 -33.571583615715795 118.799 51.49564 -999.0 -999.0 -999.0 -999.0 -999.0 198.71591467742243 -25.10920320433102 198.74158096147073 -25.253241799496973 78.30869726433937 285.8406971710431 -999.0 6231.0 -999.0 -1 -999 {-999.0 -999.0 -999.0 -999.0 -999.0} "" -999.0 -999.0 -999.0 -999.0 -999 -999 "" "" "" "" 0 0 0.0 0.0 -999 ""
FIBERMAP 752 R-8C5 APOGEE 1 1 0 1 0 0 -125.88928224574173 -146.0187546162104 143.1 178.54460485514682 -72.72032301692354 171.70288 87.7978 200.09128362881063 -25.229941132781416 -8.960874 -6.402226 0.14495866 200.09125476394672 -25.229959788360702 200.1184624626519 -25.372784840706835 79.50668419147016 287.7054977124493 16000.0 16600.0 2016.0 2 285 {-999.0 12.792569 11.832699 11.416828 -999.0} sdss_psfmag_from_g3xp 12.480162 11.829436 11.05061 9.352 63050396450246522 1153097389 bright_1x1 mwm_galactic_core_dist_apogee_sparse mwm_galactic science 0 0 0.0 0.0 -999 ""
FIBERMAP 752 R-8C5 BOSS 0 0 0 1 0 0 -125.7979951133297 -145.27925002144002 143.1 177.814653718096 -72.86973660962309 171.70288 87.7978 -999.0 -999.0 -999.0 -999.0 -999.0 200.08883922504077 -25.230429880746854 200.1160855477375 -25.37327241973714 79.50489274015519 287.6984643801596 -999.0 5400.0 -999.0 1 468 {-999.0 -999.0 -999.0 -999.0 -999.0} "" -999.0 -999.0 -999.0 -999.0 -999 -999 "" "" "" "" 0 0 0.0 0.0 -999 ""
FIBERMAP 752 R-8C5 METROLOGY 0 0 0 1 0 0 -125.19615862774188 -145.74741208968507 143.1 178.06632466509126 -72.15001785955432 171.70288 87.7978 -999.0 -999.0 -999.0 -999.0 -999.0 200.0897128296442 -25.228260408646086 200.11694622372397 -25.371098082201545 79.50476784932262 287.71112321461953 -999.0 6231.0 -999.0 -1 -999 {-999.0 -999.0 -999.0 -999.0 -999.0} "" -999.0 -999.0 -999.0 -999.0 -999 -999 "" "" "" "" 0 0 0.0 0.0 -999 ""
FIBERMAP 754 R+8C15 APOGEE 1 1 0 1 0 0 108.86898019736826 145.60395686535855 143.1 -172.7214653961518 56.722539106214455 224.26314 141.94714 198.9166647897612 -24.83671593527187 10.697668 -8.732044 1.9797747 198.91669913893625 -24.83674137975686 198.94226567025134 -24.980633100130362 78.37352424234724 287.4298883244667 16000.0 16600.0 2016.0 2 78 {-999.0 11.999077 11.65677 11.549747 -999.0} sdss_psfmag_from_g3xp 11.948268 11.665338 11.2191725 10.465 63050396450289920 975319317 "" ops_std_apogee ops_std standard_apogee 0 0 0.0 0.0 -999 ""
FIBERMAP 754 R+8C15 BOSS 0 0 0 1 0 0 108.13786386154474 145.54342302065814 143.1 -172.43084739210283 56.04897339649508 224.26314 141.94714 -999.0 -999.0 -999.0 -999.0 -999.0 198.91754180255518 -24.838748714438104 198.94315668211266 -24.982656877029633 78.37505854085502 287.42221062095246 -999.0 5400.0 -999.0 1 238 {-999.0 -999.0 -999.0 -999.0 -999.0} "" -999.0 -999.0 -999.0 -999.0 -999 -999 "" "" "" "" 0 0 0.0 0.0 -999 ""
FIBERMAP 754 R+8C15 METROLOGY 0 0 0 1 0 0 108.44500528097105 146.22193224391785 143.1 -173.17185791245188 56.12358415959104 224.26314 141.94714 -999.0 -999.0 -999.0 -999.0 -999.0 198.91506521333972 -24.838511159422573 198.9406645891139 -24.982416553371756 78.37288529713996 287.4189284025591 -999.0 6231.0 -999.0 -1 -999 {-999.0 -999.0 -999.0 -999.0 -999.0} "" -999.0 -999.0 -999.0 -999.0 -999 -999 "" "" "" "" 0 0 0.0 0.0 -999 ""
FIBERMAP 755 R-9C15 APOGEE 0 0 0 1 0 0 126.43443490574018 -166.22087748262186 143.1 117.19056532210612 172.8516760627616 27.931154 151.46413 -999.0 -999.0 -999.0 -999.0 -999.0 199.8840016080216 -24.48652485642363 199.91019771242918 -24.629625025134494 79.02756490340478 290.9211521483182 -999.0 16600.0 -999.0 2 -999 {-999.0 -999.0 -999.0 -999.0 -999.0} "" -999.0 -999.0 -999.0 -999.0 -999 -999 "" "" "" "" 0 0 0.0 0.0 -999 ""
FIBERMAP 755 R-9C15 BOSS 1 1 0 1 0 0 127.20873012845075 -166.24500561074575 143.1 116.9664058740792 173.59317230119342 27.931154 151.46413 199.88323650841866 -24.48422559644783 -999.0 -999.0 -999.0 199.88323650841863 -24.48422559644783 199.90947043340765 -24.62734497660023 79.02597026051413 290.930390982334 5400.0 5400.0 2016.0 1 329 {-999.0 18.82132 17.899368 17.450935 17.085928} sdss_psfmag_from_gdr3 16.011402 18.60786 14.454166 12.103 63050396450271237 1059800005 bright_flexible_2x1 bhm_spiders_agn_gaiadr3 bhm_spiders science 0 0 0.0 0.0 -999 ""
FIBERMAP 755 R-9C15 METROLOGY 0 0 0 1 0 0 126.8081770641804 -166.8688088183362 143.1 117.68537296190858 173.41258242585312 27.931154 151.46413 -999.0 -999.0 -999.0 -999.0 -999.0 199.8856582629198 -24.484752372070506 199.911883617444 -24.627864374344295 79.02816922582855 290.9329979378196 -999.0 6231.0 -999.0 -1 -999 {-999.0 -999.0 -999.0 -999.0 -999.0} "" -999.0 -999.0 -999.0 -999.0 -999 -999 "" "" "" "" 0 0 0.0 0.0 -999 ""
FIBERMAP 764 R-10C8 APOGEE 0 0 0 1 0 0 -6.702207238330448 -185.0454440346203 143.1 177.5055503440534 52.683909965094195 65.68841 75.43943 -999.0 -999.0 -999.0 -999.0 -999.0 200.08643492 -24.8499452581351 200.11322666295177 -24.99282124909034 79.34955107245683 289.5914142864448 -999.0 16600.0 -999.0 2 -999 {-999.0 -999.0 -999.0 -999.0 -999.0} "" -999.0 -999.0 -999.0 -999.0 -999 -999 "" "" "" "" 0 0 0.0 0.0 -999 ""
FIBERMAP 764 R-10C8 BOSS 1 1 0 1 0 0 -6.087608188773372 -185.5366557030155 143.1 177.77499368934434 53.423077360956356 65.68841 75.43943 200.08740019105852 -24.847656329648743 -17.186838 -4.424386 0.5182034 200.08734500091447 -24.847669221950913 200.11417545744877 -24.990561460866537 79.34939055026231 289.60446805786165 5400.0 5400.0 2016.0 1 405 {-999.0 16.845228 16.35145 16.112038 -999.0} sdss_psfmag_ps1 16.758959 16.377085 15.829242 14.793 63050396450269960 1072887871 bright_1x1 mwm_halo_local_high_boss_single mwm_halo science 0 0 0.0 0.0 -999 ""
FIBERMAP 764 R-10C8 METROLOGY 0 0 0 1 0 0 -6.807557935849015 -185.7859840047289 143.1 178.24096944479768 52.820325854285635 65.68841 75.43943 -999.0 -999.0 -999.0 -999.0 -999.0 200.08894111864674 -24.84949023284342 200.11576393450628 -24.99237609336876 79.35145579170123 289.59879179897894 -999.0 6231.0 -999.0 -1 -999 {-999.0 -999.0 -999.0 -999.0 -999.0} "" -999.0 -999.0 -999.0 -999.0 -999 -999 "" "" "" "" 0 0 0.0 0.0 -999 ""
FIBERMAP 767 R+3C3 APOGEE 0 0 0 1 0 0 -192.99725647776927 50.73919424001118 143.1 13.487004574611591 -199.09071990145893 41.72272 38.682343 -999.0 -999.0 -999.0 -999.0 -999.0 199.53807244415282 -25.61350987465002 199.56510454699117 -25.756774923868136 79.18252310283472 284.78463746107917 -999.0 16600.0 -999.0 2 36 {-999.0 -999.0 -999.0 -999.0 -999.0} "" -999.0 -999.0 -999.0 -999.0 -999 -999 "" ops_sky_apogee_best_unassigned ops_sky sky_apogee 0 0 0.0 0.0 -999 ""
FIBERMAP 767 R+3C3 BOSS 1 1 0 1 0 0 -193.11543937507165 50.02001214036612 143.1 14.206276743191465 -198.97327893441837 41.72272 38.682343 199.54044953544607 -25.6131977870536 0.51735103 -0.18368 -0.13296585 199.54045120724936 -25.613198322282628 199.5675281706378 -25.756475457812087 79.18446922556947 284.7901425527911 5400.0 5400.0 2016.0 1 60 {-999.0 19.04273 18.685514 18.349344 18.06879} sdss_psfmag_from_gaiadr2 19.231846 18.781794 18.182278 15.984 63050396450244201 1057721646 bright_flexible_2x1 bhm_gua_bright bhm_filler science 0 0 0.0 0.0 -999 ""
FIBERMAP 767 R+3C3 METROLOGY 0 0 0 1 0 0 -193.6953712199654 50.47440534693129 143.1 13.960666227587412 -199.66784596534066 41.72272 38.682343 -999.0 -999.0 -999.0 -999.0 -999.0 199.5396378913199 -25.615323635810412 199.5667042131604 -25.758597212012788 79.18450327100344 284.77816503801637 -999.0 6231.0 -999.0 -1 -999 {-999.0 -999.0 -999.0 -999.0 -999.0} "" -999.0 -999.0 -999.0 -999.0 -999 -999 "" "" "" "" 0 0 0.0 0.0 -999 ""
FIBERMAP 768 R+6C11 APOGEE 0 0 0 1 0 0 9.475097899350535 116.02420923903261 143.1 -112.97885953904783 -28.036001012501313 321.73434 147.83218 -999.0 -999.0 -999.0 -999.0 -999.0 199.11473770523622 -25.094545046300045 199.1407758999652 -25.23823769561174 78.6383343723033 286.58193845967173 -999.0 16600.0 -999.0 2 -999 {-999.0 -999.0 -999.0 -999.0 -999.0} "" -999.0 -999.0 -999.0 -999.0 -999 -999 "" "" "" "" 0 0 0.0 0.0 -999 ""
FIBERMAP 768 R+6C11 BOSS 1 1 0 1 0 0 9.722786512786142 115.28684639412093 143.1 -112.35908254779343 -27.56602383654101 321.73434 147.83218 199.11679135532734 -25.09309382079603 -26.282913 -10.686868 0.4010635 199.1167067874463 -25.093124961462628 199.1427895362329 -25.23683229074702 78.6394933225542 286.592027316509 5400.0 5400.0 2016.0 1 142 {-999.0 16.390009 15.973699 15.902575 -999.0} sdss_psfmag_ps1 16.187317 15.910691 15.463385 14.692 63050396450288545 944648769 bright_1x1 openfibertargets_nov2020_6c open_fiber science 0 0 0.0 0.0 -999 ""
FIBERMAP 768 R+6C11 METROLOGY 0 0 0 1 0 0 8.995443912272053 115.45024907536634 143.1 -112.28189284278899 -28.30745629955502 321.73434 147.83218 -999.0 -999.0 -999.0 -999.0 -999.0 199.1169571695368 -25.095383223259653 199.1430301882075 -25.23908549380453 78.64054261054301 286.58184412180447 -999.0 6231.0 -999.0 -1 -999 {-999.0 -999.0 -999.0 -999.0 -999.0} "" -999.0 -999.0 -999.0 -999.0 -999 -999 "" "" "" "" 0 0 0.0 0.0 -999 ""
FIBERMAP 769 R-5C12 APOGEE 0 0 0 1 0 0 9.69494047236256 -83.21705473419111 143.1 75.7716892680391 35.736860002408655 103.452675 110.80891 -999.0 -999.0 -999.0 -999.0 -999.0 199.7471009301665 -24.90179872155558 199.77359722765084 -25.044968482207754 79.09035832754644 288.6613666471503 -999.0 16600.0 -999.0 2 161 {-999.0 -999.0 -999.0 -999.0 -999.0} "" -999.0 -999.0 -999.0 -999.0 -999 -999 "" ops_sky_apogee_best_unassigned ops_sky sky_apogee 0 0 0.0 0.0 -999 ""
FIBERMAP 769 R-5C12 BOSS 1 1 0 1 0 0 10.32952956600375 -82.82236570914945 143.1 75.19518820087312 36.212340477398804 103.452675 110.80891 199.74517822265625 -24.900318333269453 -999.0 -999.0 -999.0 199.74517822265622 -24.90031833326945 199.77171261770542 -25.043506692846712 79.08820549636182 288.6647791963947 5400.0 5400.0 2015.5 1 390 {-999.0 -999.0 -999.0 -999.0 -999.0} "" -999.0 -999.0 -999.0 -999.0 27021603177279274 814933781 "" ops_sky_boss_good ops_sky sky_boss 0 0 0.0 0.0 -999 ""
FIBERMAP 769 R-5C12 METROLOGY 0 0 0 1 0 0 10.357038021992832 -83.55447460935507 143.1 75.8802307478061 36.47197702435514 103.452675 110.80891 -999.0 -999.0 -999.0 -999.0 -999.0 199.74748770849268 -24.899530545365003 199.77401189819727 -25.04271223557183 79.08978879516093 288.6730712061093 -999.0 6231.0 -999.0 -1 -999 {-999.0 -999.0 -999.0 -999.0 -999.0} "" -999.0 -999.0 -999.0 -999.0 -999 -999 "" "" "" "" 0 0 0.0 0.0 -999 ""
FIBERMAP 770 R-13C4 APOGEE 1 1 0 1 0 0 -91.66002337962128 -250.99205777289956 143.1 267.10740782581007 -6.791362658517387 176.57803 115.17834 200.38488715773215 -25.028924677903127 -6.1143184 -2.220944 0.16144674 200.38486749461035 -25.028931149557465 200.41216268218847 -25.171517229828673 79.66996822878058 289.31301063607856 16000.0 16600.0 2016.0 2 261 {-999.0 13.559593 12.754087 12.402585 -999.0} sdss_psfmag_from_g3xp 13.321181 12.758193 12.043782 10.545 63050396450266574 1156283939 bright_1x1 mwm_galactic_core_dist_apogee_extra mwm_galactic science 0 0 0.0 0.0 -999 ""
FIBERMAP 770 R-13C4 BOSS 0 0 0 1 0 0 -91.8949956621892 -250.3282529852649 143.1 266.55328478162704 -7.225821144626179 176.57803 115.17834 -999.0 -999.0 -999.0 -999.0 -999.0 200.38300016406782 -25.03023852768568 200.41033435257884 -25.172842189496055 79.66900303040944 289.3024858712786 -999.0 5400.0 -999.0 1 355 {-999.0 -999.0 -999.0 -999.0 -999.0} "" -999.0 -999.0 -999.0 -999.0 -999 -999 "" "" "" "" 0 0 0.0 0.0 -999 ""
FIBERMAP 770 R-13C4 METROLOGY 0 0 0 1 0 0 -91.20067898987276 -250.3890967250516 143.1 266.3894364590197 -6.548406986273679 176.57803 115.17834 -999.0 -999.0 -999.0 -999.0 -999.0 200.3825123891037 -25.028198376166824 200.4098326712026 -25.170798189007847 79.6677501106574 289.31183979899834 -999.0 6231.0 -999.0 -1 -999 {-999.0 -999.0 -999.0 -999.0 -999.0} "" -999.0 -999.0 -999.0 -999.0 -999 -999 "" "" "" "" 0 0 0.0 0.0 -999 ""
FIBERMAP 771 R-13C5 APOGEE 1 1 0 1 0 0 -60.06031875169686 -260.00175430500383 143.1 265.56454034077944 26.03002570723571 195.68349 155.16962 200.37936163129837 -24.929755155951643 -75.52334 17.082468 7.7665744 200.37911895061424 -24.929705378789166 200.40629734159285 -25.072308258278444 79.62402816619962 289.8031946338741 16000.0 16600.0 2016.0 2 262 {-999.0 8.169712 8.090945 8.102852 -999.0} sdss_psfmag_from_g3xp 8.215886 8.065016 7.782026 7.355 63050396450267550 975319242 "" ops_std_apogee ops_std standard_apogee 0 0 0.0 0.0 -999 ""
FIBERMAP 771 R-13C5 BOSS 0 0 0 1 0 0 -60.81125115701474 -259.8821831108813 143.1 265.6907950125514 25.280220903061643 195.68349 155.16962 -999.0 -999.0 -999.0 -999.0 -999.0 200.37950871590675 -24.93195397057362 200.40673159861876 -25.07457322996997 79.62533240857647 289.7926831561964 -999.0 5400.0 -999.0 1 356 {-999.0 -999.0 -999.0 -999.0 -999.0} "" -999.0 -999.0 -999.0 -999.0 -999 -999 "" "" "" "" 0 0 0.0 0.0 -999 ""
FIBERMAP 771 R-13C5 METROLOGY 0 0 0 1 0 0 -60.32943116209033 -259.2930872308505 143.1 264.9787931899035 25.548900121571457 195.68349 155.16962 -999.0 -999.0 -999.0 -999.0 -999.0 200.37721520531548 -24.931151209695134 200.40442368446645 -25.073767991819718 79.62309679018625 289.7918928709678 -999.0 6231.0 -999.0 -1 -999 {-999.0 -999.0 -999.0 -999.0 -999.0} "" -999.0 -999.0 -999.0 -999.0 -999 -999 "" "" "" "" 0 0 0.0 0.0 -999 ""
FIBERMAP 773 R+3C12 APOGEE 0 0 0 1 0 0 -23.68390672071548 53.355335350225445 143.1 -43.00883643584498 -39.46731438582531 203.77243 114.982124 -999.0 -999.0 -999.0 -999.0 -999.0 199.34902701733836 -25.12991782699967 199.37534811983255 -25.273405615287565 78.84807607063411 286.8250927724019 -999.0 16600.0 -999.0 2 131 {-999.0 -999.0 -999.0 -999.0 -999.0} "" -999.0 -999.0 -999.0 -999.0 -999 -999 "" ops_sky_apogee_best_unassigned ops_sky sky_apogee 0 0 0.0 0.0 -999 ""
FIBERMAP 773 R+3C12 BOSS 1 1 0 1 0 0 -24.24955359721814 53.85498693479472 143.1 -43.3018956319793 -40.16278248203458 203.77243 114.982124 199.34801884022076 -25.132037053568613 -16.119728 0.32014298 0.031642143 199.34796695688397 -25.132036120688145 199.3743323617421 -25.275540548559427 78.8480334671529 286.81307837058483 5400.0 5400.0 2016.0 1 119 {-999.0 18.403717 17.972952 17.797056 17.71796} sdss_psfmag_from_gaia 18.3207 17.9871 17.4583 -999.0 63050396450248428 973154280 "" ops_std_boss_gdr2 ops_std standard_boss 0 0 0.0 0.0 -999 ""
FIBERMAP 773 R+3C12 METROLOGY 0 0 0 1 0 0 -23.544665067895497 54.090257100424786 143.1 -43.74974348637007 -39.569819463970745 203.77243 114.982124 -999.0 -999.0 -999.0 -999.0 -999.0 199.34647692621607 -25.13024040078215 199.37282670509467 -25.2737418076268 78.84609267876255 286.8190242229659 -999.0 6231.0 -999.0 -1 -999 {-999.0 -999.0 -999.0 -999.0 -999.0} "" -999.0 -999.0 -999.0 -999.0 -999 -999 "" "" "" "" 0 0 0.0 0.0 -999 ""
FIBERMAP 774 R-6C6 APOGEE 0 0 0 1 0 0 -127.65801277439269 -103.53392698512504 143.1 138.84607237448407 -87.95060402245255 193.06856 52.340134 -999.0 -999.0 -999.0 -999.0 -999.0 199.9586794108255 -25.27662778057819 199.98579815820676 -25.419564993652646 79.41397048778767 287.2178815273629 -999.0 16600.0 -999.0 2 -999 {-999.0 -999.0 -999.0 -999.0 -999.0} "" -999.0 -999.0 -999.0 -999.0 -999 -999 "" "" "" "" 0 0 0.0 0.0 -999 ""
FIBERMAP 774 R-6C6 BOSS 1 1 0 1 0 0 -127.33077212947263 -102.8317825422133 143.1 138.07625047329884 -87.86448566204973 193.06856 52.340134 199.95624697259723 -25.27632149351052 -38.00321 -25.601171 0.50325495 199.95612450943995 -25.27639609325677 199.9832811519705 -25.419350808361457 79.41178661339596 287.21425349315666 5400.0 5400.0 2016.0 1 483 {-999.0 17.034616 16.767572 16.412737 -999.0} sdss_psfmag_ps1 16.905537 16.588394 16.107702 15.138 63050396450246198 944648276 bright_1x1 openfibertargets_nov2020_6c open_fiber science 0 0 0.0 0.0 -999 ""
FIBERMAP 774 R-6C6 METROLOGY 0 0 0 1 0 0 -126.9141726555437 -103.4551863070304 143.1 138.534140472905 -87.27078857886461 193.06856 52.340134 -999.0 -999.0 -999.0 -999.0 -999.0 199.9576838261151 -25.274606342306676 199.98482875432956 -25.417555616981673 79.41239629664544 287.226182861766 -999.0 6231.0 -999.0 -1 -999 {-999.0 -999.0 -999.0 -999.0 -999.0} "" -999.0 -999.0 -999.0 -999.0 -999 -999 "" "" "" "" 0 0 0.0 0.0 -999 ""
FIBERMAP 775 R-7C2 APOGEE 0 0 0 1 0 0 -206.08674786254792 -142.45732938132397 143.1 200.75507613252364 -149.85956829820216 230.28476 85.98184 -999.0 -999.0 -999.0 -999.0 -999.0 200.16568468388988 -25.46277140951652 200.1932248740094 -25.605501392929284 79.65726055644427 286.65563989044125 -999.0 16600.0 -999.0 2 -999 {-999.0 -999.0 -999.0 -999.0 -999.0} "" -999.0 -999.0 -999.0 -999.0 -999 -999 "" "" "" "" 0 0 0.0 0.0 -999 ""
FIBERMAP 775 R-7C2 BOSS 1 1 0 1 0 0 -206.62880537278485 -141.98602650423666 143.1 200.4813571857476 -150.52363661267984 230.28476 85.98184 200.16474893678424 -25.464749903018188 -0.015646294 -9.58181 1.3894106 200.16474888628625 -25.464777823657634 200.19233014143242 -25.607522766540548 79.65725869177336 286.6435173524308 5400.0 5400.0 2016.0 1 455 {-999.0 19.011848 17.849277 17.353767 -999.0} sdss_psfmag_ps1 18.564022 17.7815 16.915236 15.156 63050396450245169 941533271 bright_1x1 openfibertargets_nov2020_34a open_fiber science 0 0 0.0 0.0 -999 ""
FIBERMAP 775 R-7C2 METROLOGY 0 0 0 1 0 0 -205.91873255411602 -141.72844731066465 143.1 200.01071313587485 -149.9328777640537 230.28476 85.98184 -999.0 -999.0 -999.0 -999.0 -999.0 200.16322786973086 -25.46303584718074 200.19079463976118 -25.605778374274113 79.65532695623929 286.64969119115017 -999.0 6231.0 -999.0 -1 -999 {-999.0 -999.0 -999.0 -999.0 -999.0} "" -999.0 -999.0 -999.0 -999.0 -999 -999 "" "" "" "" 0 0 0.0 0.0 -999 ""
FIBERMAP 777 R+4C22 APOGEE 0 0 0 1 0 0 236.66297547189177 60.250258629367345 143.1 -132.6023647738969 205.0633787562445 11.652608 33.956142 -999.0 -999.0 -999.0 -999.0 -999.0 199.05344413634722 -24.38867949126514 199.07869610796536 -24.532510552969676 78.30366303151422 289.70412178692726 -999.0 16600.0 -999.0 2 -999 {-999.0 -999.0 -999.0 -999.0 -999.0} "" -999.0 -999.0 -999.0 -999.0 -999 -999 "" "" "" "" 0 0 0.0 0.0 -999 ""
FIBERMAP 777 R+4C22 BOSS 1 1 0 1 0 0 236.0421304992692 59.69204206987041 143.1 -131.87527370242879 204.6530942289161 11.652608 33.956142 199.0557861328125 -24.38987687768062 -999.0 -999.0 -999.0 199.05578613281247 -24.389876877680617 199.08108578507787 -24.5337246906249 78.30614701997537 289.7032641345018 5400.0 5400.0 2015.5 1 246 {-999.0 -999.0 -999.0 -999.0 -999.0} "" -999.0 -999.0 -999.0 -999.0 27021603177291403 824216343 "" ops_sky_boss_good ops_sky sky_boss 0 0 0.0 0.0 -999 ""
FIBERMAP 777 R+4C22 METROLOGY 0 0 0 1 0 0 235.937035042559 60.43056034831716 143.1 -132.54163760359438 204.3178837801713 11.652608 33.956142 -999.0 -999.0 -999.0 -999.0 -999.0 199.05355679730957 -24.390855767527494 199.07884274455876 -24.534699998067303 78.30471512232923 289.69462708133915 -999.0 6231.0 -999.0 -1 -999 {-999.0 -999.0 -999.0 -999.0 -999.0} "" -999.0 -999.0 -999.0 -999.0 -999 -999 "" "" "" "" 0 0 0.0 0.0 -999 ""
FIBERMAP 778 R-4C7 APOGEE 1 1 0 1 0 0 -127.19723408820562 -68.564330952732 143.1 105.55842830025303 -98.67037598991597 180.32266 80.63471 199.84727272206595 -25.309417226443188 -6.5664964 -10.643969 0.9411649 199.84725155613924 -25.309448242127555 199.87428768058675 -25.452479864625083 79.3331688338913 286.84629557466326 16000.0 16600.0 2016.0 2 297 {-999.0 12.981466 11.901051 11.505471 -999.0} sdss_psfmag_from_g3xp 12.603839 11.9297 11.141487 9.492 63050396450246106 1109273610 bright_1x1 mwm_tess_rgb_apogee mwm_tessrgb science 0 0 0.0 0.0 -999 ""
FIBERMAP 778 R-4C7 BOSS 0 0 0 1 0 0 -126.96399769296237 -67.8623747587804 143.1 104.81877524992282 -98.67328527662795 180.32266 80.63471 -999.0 -999.0 -999.0 -999.0 -999.0 199.8447844918036 -25.30949326204428 199.8718598680208 -25.45254228530308 79.33116019826525 286.84153938257674 -999.0 5400.0 -999.0 1 488 {-999.0 -999.0 -999.0 -999.0 -999.0} "" -999.0 -999.0 -999.0 -999.0 -999 -999 "" "" "" "" 0 0 0.0 0.0 -999 ""
FIBERMAP 778 R-4C7 METROLOGY 0 0 0 1 0 0 -126.46376553260937 -68.4031331291364 143.1 105.1716607393163 -98.02669620481655 180.32266 80.63471 -999.0 -999.0 -999.0 -999.0 -999.0 199.84599095751813 -25.307546171547642 199.87305375943322 -25.45059007906856 79.33142678972885 286.85349901043014 -999.0 6231.0 -999.0 -1 -999 {-999.0 -999.0 -999.0 -999.0 -999.0} "" -999.0 -999.0 -999.0 -999.0 -999 -999 "" "" "" "" 0 0 0.0 0.0 -999 ""
FIBERMAP 782 R-9C4 APOGEE 0 0 0 1 0 0 -110.96365948995712 -184.8684889806468 143.1 210.6006828248385 -46.18098673475482 340.8324 94.64271 -999.0 -999.0 -999.0 -999.0 -999.0 200.19786803680097 -25.1490906354842 200.22509971461386 -25.291830303522442 79.56365543071607 288.3234508779373 -999.0 16600.0 -999.0 2 -999 {-999.0 -999.0 -999.0 -999.0 -999.0} "" -999.0 -999.0 -999.0 -999.0 -999 -999 "" "" "" "" 0 0 0.0 0.0 -999 ""
FIBERMAP 782 R-9C4 BOSS 1 1 0 1 0 0 -111.13141827284419 -185.5750520467282 143.1 211.32381228989323 -46.11455465653886 340.8324 94.64271 200.2003839732986 -25.148874740999407 -30.758318 0.9764716 0.60813534 200.2002849601987 -25.148871895605165 200.22755879259904 -25.29162502875862 79.56561550472026 288.3293556827688 5400.0 5400.0 2016.0 1 466 {-999.0 15.216024 14.593116 14.344502 -999.0} sdss_psfmag_from_g3xp 15.057098 14.613292 13.998205 12.761 63050396450245978 1072509857 bright_1x1 mwm_halo_local_high_boss_single mwm_halo science 0 0 0.0 0.0 -999 ""
FIBERMAP 782 R-9C4 METROLOGY 0 0 0 1 0 0 -111.6826506920401 -185.07476517443408 143.1 211.02555234642128 -46.79656486805179 340.8324 94.64271 -999.0 -999.0 -999.0 -999.0 -999.0 200.1993449659716 -25.150953009308374 200.22660896050775 -25.293702335351913 79.56564997365777 288.316945583735 -999.0 6231.0 -999.0 -1 -999 {-999.0 -999.0 -999.0 -999.0 -999.0} "" -999.0 -999.0 -999.0 -999.0 -999 -999 "" "" "" "" 0 0 0.0 0.0 -999 ""
FIBERMAP 783 R+5C15 APOGEE 0 0 0 1 0 0 79.63338656229823 106.10189588886672 143.1 -125.95829780272872 41.61846189882184 43.2208 148.84184 -999.0 -999.0 -999.0 -999.0 -999.0 199.07229447672364 -24.88306015108567 199.09807063674964 -25.026814750796962 78.521545087977 287.49321549934 -999.0 16600.0 -999.0 2 -999 {-999.0 -999.0 -999.0 -999.0 -999.0} "" -999.0 -999.0 -999.0 -999.0 -999 -999 "" "" "" "" 0 0 0.0 0.0 -999 ""
FIBERMAP 783 R+5C15 BOSS 1 1 0 1 0 0 80.45970862349418 106.23678858167418 143.1 -126.34975934790208 42.3585310319154 43.2208 148.84184 199.07108597591807 -24.880644036692736 -61.6988 -44.44447 1.9377034 199.0708877965052 -24.88077354424441 199.0967037743808 -25.024546493497805 78.51951850121891 287.5012734677674 5400.0 5400.0 2016.0 1 221 {-999.0 19.174812 17.769382 17.275785 -999.0} sdss_psfmag_ps1 18.63373 17.734993 16.809418 15.159 63050396450289135 1072947532 bright_1x1 mwm_halo_local_high_boss_single mwm_halo science 0 0 0.0 0.0 -999 ""
FIBERMAP 783 R+5C15 METROLOGY 0 0 0 1 0 0 80.1483322799108 105.55937480659566 143.1 -125.60843590226663 42.27955735272273 43.2208 148.84184 -999.0 -999.0 -999.0 -999.0 -999.0 199.0733589176923 -24.881021024845282 199.0991657899973 -25.024787171835403 78.52166585828057 287.5045430131205 -999.0 6231.0 -999.0 -1 -999 {-999.0 -999.0 -999.0 -999.0 -999.0} "" -999.0 -999.0 -999.0 -999.0 -999 -999 "" "" "" "" 0 0 0.0 0.0 -999 ""
FIBERMAP 785 R+5C13 APOGEE 0 0 0 1 0 0 31.377257904927763 111.08146456028116 143.1 -115.28213628874889 -5.702454436383644 107.09928 108.45429 -999.0 -999.0 -999.0 -999.0 -999.0 199.10729945357565 -25.02674919214542 199.1332599139024 -25.17045646428909 78.606379489932 286.88690285750533 -999.0 16600.0 -999.0 2 150 {-999.0 -999.0 -999.0 -999.0 -999.0} "" -999.0 -999.0 -999.0 -999.0 -999 -999 "" ops_sky_apogee_best_unassigned ops_sky sky_apogee 0 0 0.0 0.0 -999 ""
FIBERMAP 785 R+5C13 BOSS 1 1 0 1 0 0 31.977540707253873 111.53873144891021 143.1 -115.90699748025513 -5.279450385642977 107.09928 108.45429 199.10512710850438 -25.025435604065866 -7.3021708 -2.9862235 0.14787725 199.10510362601877 -25.025444305683916 199.13110448883808 -25.169170065942403 78.60408577618784 286.8891605418429 5400.0 5400.0 2016.0 1 154 {-999.0 16.595652 15.839962 15.49339 -999.0} sdss_psfmag_ps1 16.389803 15.871313 15.187763 13.825 63050396450288868 1061718665 bright_1x1 manual_mwm_halo_distant_kgiant_near_boss_single mwm_halo science 0 0 0.0 0.0 -999 ""
FIBERMAP 785 R+5C13 METROLOGY 0 0 0 1 0 0 32.06984059520973 110.7920062221291 143.1 -115.22877365757022 -4.953747994250777 107.09928 108.45429 -999.0 -999.0 -999.0 -999.0 -999.0 199.10737582784003 -25.02446889389764 199.13336565533336 -25.168188186336785 78.60560352238315 286.8977027418737 -999.0 6231.0 -999.0 -1 -999 {-999.0 -999.0 -999.0 -999.0 -999.0} "" -999.0 -999.0 -999.0 -999.0 -999 -999 "" "" "" "" 0 0 0.0 0.0 -999 ""
FIBERMAP 788 R+7C6 APOGEE 0 0 0 1 0 0 -106.09516084417986 114.58721352246906 143.1 -74.74630678820243 -137.10333548392362 330.2062 20.54453 -999.0 -999.0 -999.0 -999.0 -999.0 199.24197687785227 -25.42561972405341 199.26849370945047 -25.56916322750742 78.86650411662998 285.21803823929235 -999.0 16600.0 -999.0 2 -999 {-999.0 -999.0 -999.0 -999.0 -999.0} "" -999.0 -999.0 -999.0 -999.0 -999 -999 "" "" "" "" 0 0 0.0 0.0 -999 ""
FIBERMAP 788 R+7C6 BOSS 1 1 0 1 0 0 -106.85413183555293 114.67353000110784 143.1 -74.58597209261988 -137.85014909758286 330.2062 20.54453 199.24250407137006 -25.427935984688517 -22.293314 3.816698 0.76456773 199.2424321423688 -25.427924863113514 199.26899534910385 -25.571482545963732 78.86774718061241 285.20762992556337 5400.0 5400.0 2016.0 1 69 {-999.0 16.245062 15.8188 15.746301 -999.0} sdss_psfmag_ps1 16.22288 15.89336 15.398069 14.559 63050396450247209 981922305 "" ops_std_boss_tic ops_std standard_boss 0 0 0.0 0.0 -999 ""
FIBERMAP 788 R+7C6 METROLOGY 0 0 0 1 0 0 -106.37805722317795 115.27964969681719 143.1 -75.31227439716108 -137.59234592775178 330.2062 20.54453 -999.0 -999.0 -999.0 -999.0 -999.0 199.23999877656334 -25.42715550126446 199.26654647214775 -25.570711198901442 78.86540805637756 285.20732451164076 -999.0 6231.0 -999.0 -1 -999 {-999.0 -999.0 -999.0 -999.0 -999.0} "" -999.0 -999.0 -999.0 -999.0 -999 -999 "" "" "" "" 0 0 0.0 0.0 -999 ""
FIBERMAP 794 R-11C15 APOGEE 0 0 0 1 0 0 133.50125356272997 -206.48815491571455 143.1 153.09726400095184 192.3954768213927 157.47339 109.74451 -999.0 -999.0 -999.0 -999.0 -999.0 200.00283061506804 -24.427650395738546 200.02908444714774 -24.570652570811006 79.09840795837613 291.451997025242 -999.0 16600.0 -999.0 2 -999 {-999.0 -999.0 -999.0 -999.0 -999.0} "" -999.0 -999.0 -999.0 -999.0 -999 -999 "" "" "" "" 0 0 0.0 0.0 -999 ""
FIBERMAP 794 R-11C15 BOSS 1 1 0 1 0 0 133.5029503933548 -205.78828223738472 143.1 152.43345423238867 192.17380250150876 157.47339 109.74451 200.00061035156247 -24.42827998608695 -999.0 -999.0 -999.0 200.00061035156244 -24.42827998608695 200.0269031950855 -24.57130248287043 79.09692258365854 291.4442426549754 5400.0 5400.0 2015.5 1 332 {-999.0 -999.0 -999.0 -999.0 -999.0} "" -999.0 -999.0 -999.0 -999.0 27021603177285127 814934718 "" ops_sky_boss_good ops_sky sky_boss 0 0 0.0 0.0 -999 ""
FIBERMAP 794 R-11C15 METROLOGY 0 0 0 1 0 0 134.16259531243736 -206.13869060152774 143.1 152.55508735602336 192.9107389238779 157.47339 109.74451 -999.0 -999.0 -999.0 -999.0 -999.0 200.00103740952835 -24.42603325227139 200.02731683814534 -24.569050429229428 79.09625440873663 291.4557850582657 -999.0 6231.0 -999.0 -1 -999 {-999.0 -999.0 -999.0 -999.0 -999.0} "" -999.0 -999.0 -999.0 -999.0 -999 -999 "" "" "" "" 0 0 0.0 0.0 -999 ""
FIBERMAP 797 R0C6 APOGEE 0 0 0 1 0 0 -168.5481087696037 -8.133462117399215 143.1 61.480461883082114 -157.13798075791297 324.45282 113.67468 -999.0 -999.0 -999.0 -999.0 -999.0 199.6993817092862 -25.48672526052494 199.72645123850918 -25.62986514662182 79.2740909229501 285.69363465585764 -999.0 16600.0 -999.0 2 -999 {-999.0 -999.0 -999.0 -999.0 -999.0} "" -999.0 -999.0 -999.0 -999.0 -999 -999 "" "" "" "" 0 0 0.0 0.0 -999 ""
FIBERMAP 797 R0C6 BOSS 1 1 0 1 0 0 -168.77040198571763 -8.966885040743367 143.1 62.341214547191214 -157.08275842384595 324.45282 113.67468 199.70226595560672 -25.48659654702179 -3.0159616 -1.1779885 0.10252266 199.7022562199122 -25.486599979587233 199.7293706449637 -25.62975189446493 79.27650821632741 285.6992658357028 5400.0 5400.0 2016.0 1 451 {-999.0 16.916203 16.371668 16.09665 -999.0} sdss_psfmag_ps1 16.747404 16.320856 15.7259655 14.456 63050396450244596 943860954 bright_1x1 openfibertargets_nov2020_5 open_fiber science 0 0 0.0 0.0 -999 ""
FIBERMAP 797 R0C6 METROLOGY 0 0 0 1 0 0 -169.2480161832249 -8.397332974361827 143.1 61.95382543557555 -157.7170986178812 324.45282 113.67468 -999.0 -999.0 -999.0 -999.0 -999.0 199.7009743648111 -25.48854256970613 199.7280776840122 -25.631691251829317 79.27611368108818 285.687291370758 -999.0 6231.0 -999.0 -1 -999 {-999.0 -999.0 -999.0 -999.0 -999.0} "" -999.0 -999.0 -999.0 -999.0 -999 -999 "" "" "" "" 0 0 0.0 0.0 -999 ""
FIBERMAP 798 R+9C9 APOGEE 0 0 0 1 0 0 -0.5513895223736487 178.07916660510782 143.1 -168.58948237015284 -57.33566251848942 1.8130326 132.34189 -999.0 -999.0 -999.0 -999.0 -999.0 198.92850396614546 -25.182518463819864 198.9544364597915 -25.326358113229833 78.51455811693825 285.85315948524135 -999.0 16600.0 -999.0 2 135 {-999.0 -999.0 -999.0 -999.0 -999.0} "" -999.0 -999.0 -999.0 -999.0 -999 -999 "" ops_sky_apogee_best_unassigned ops_sky sky_apogee 0 0 0.0 0.0 -999 ""
FIBERMAP 798 R+9C9 BOSS 1 1 0 1 0 0 -0.033035402816228535 177.5658257851222 143.1 -168.26836195849967 -56.68064638995747 1.8130326 132.34189 198.92948727353897 -25.18053421652883 -4.381188 -3.3270648 0.32724148 198.9294731665364 -25.180543911332734 198.95544936167448 -25.324398908148815 78.51469329520508 285.86399915730203 5400.0 5400.0 2016.0 1 130 {-999.0 17.525145 17.132277 16.976603 16.914318} sdss_psfmag_from_gaia 17.4744 17.1452 16.6607 15.865 63050396450288453 968317680 "" ops_std_boss_gdr2 ops_std standard_boss 0 0 0.0 0.0 -999 ""
FIBERMAP 798 R+9C9 METROLOGY 0 0 0 1 0 0 -0.7244288483842158 177.3311944647054 143.1 -167.82542491247114 -57.26102394739615 1.8130326 132.34189 -999.0 -999.0 -999.0 -999.0 -999.0 198.93093376373506 -25.182322584890986 198.95690076845142 -25.32617163335899 78.5165628966167 285.8581244314358 -999.0 6231.0 -999.0 -1 -999 {-999.0 -999.0 -999.0 -999.0 -999.0} "" -999.0 -999.0 -999.0 -999.0 -999 -999 "" "" "" "" 0 0 0.0 0.0 -999 ""
FIBERMAP 801 R+7C20 APOGEE 0 0 0 1 0 0 196.45467763518147 133.62845971581214 143.1 -189.31502066085633 143.54796773103416 212.90494 89.479744 -999.0 -999.0 -999.0 -999.0 -999.0 198.8637592459987 -24.57391577650466 198.88900541379155 -24.717884329142183 78.22421005983057 288.5222735875566 -999.0 16600.0 -999.0 2 89 {-999.0 -999.0 -999.0 -999.0 -999.0} "" -999.0 -999.0 -999.0 -999.0 -999 -999 "" ops_sky_apogee_best_unassigned ops_sky sky_apogee 0 0 0.0 0.0 -999 ""
FIBERMAP 801 R+7C20 BOSS 1 1 0 1 0 0 196.05944864767454 134.24507972074505 143.1 -189.7732995881444 142.97668767246776 212.90494 89.479744 198.86215209960938 -24.575600488863813 -999.0 -999.0 -999.0 198.86215209960938 -24.575600488863817 198.88744318448263 -24.719588437103294 78.22361045683138 288.5118125544237 5400.0 5400.0 2015.5 1 263 {-999.0 -999.0 -999.0 -999.0 -999.0} "" -999.0 -999.0 -999.0 -999.0 27021603177290989 814935650 "" ops_sky_boss_good ops_sky sky_boss 0 0 0.0 0.0 -999 ""
FIBERMAP 801 R+7C20 METROLOGY 0 0 0 1 0 0 196.7957583686728 134.28397218986962 143.1 -190.04506494949382 143.66207945715874 212.90494 89.479744 -999.0 -999.0 -999.0 -999.0 -999.0 198.86125090747532 -24.57351115798291 198.8865262970172 -24.717494952493038 78.22199539274911 288.51950950550895 -999.0 6231.0 -999.0 -1 -999 {-999.0 -999.0 -999.0 -999.0 -999.0} "" -999.0 -999.0 -999.0 -999.0 -999 -999 "" "" "" "" 0 0 0.0 0.0 -999 ""
FIBERMAP 803 R-5C19 APOGEE 0 0 0 1 0 0 188.1323812483389 -96.66417782196 143.1 31.58809763481517 209.13186428744828 51.40943 55.524662 -999.0 -999.0 -999.0 -999.0 -999.0 199.59909441847554 -24.376894486406506 199.62488671939172 -24.520257948409167 78.74642690556941 290.83983166168883 -999.0 16600.0 -999.0 2 -999 {-999.0 -999.0 -999.0 -999.0 -999.0} "" -999.0 -999.0 -999.0 -999.0 -999 -999 "" "" "" "" 0 0 0.0 0.0 -999 ""
FIBERMAP 803 R-5C19 BOSS 1 1 0 1 0 0 188.36112702090514 -97.3648331746695 143.1 32.17913037291046 209.5721784604742 51.40943 55.524662 199.60113259589065 -24.37544499859168 -33.648563 -19.413033 0.369136 199.60102495120327 -24.375501566601038 199.62685970004492 -24.518882243777654 78.74743477509352 290.8502068927618 5400.0 5400.0 2016.0 1 313 {-999.0 17.664295 17.22613 17.046192 16.963661} sdss_psfmag_from_gaia 17.5765 17.2404 16.7046 15.576 63050396450310201 973154721 "" ops_std_boss_gdr2 ops_std standard_boss 0 0 0.0 0.0 -999 ""
FIBERMAP 803 R-5C19 METROLOGY 0 0 0 1 0 0 187.63028984313135 -97.2186166712597 143.1 32.27372228130513 208.8329171471561 51.40943 55.524662 -999.0 -999.0 -999.0 -999.0 -999.0 199.601358042948 -24.377704294986923 199.62718366288868 -24.52107912022594 78.74866496355574 290.84075730467356 -999.0 6231.0 -999.0 -1 -999 {-999.0 -999.0 -999.0 -999.0 -999.0} "" -999.0 -999.0 -999.0 -999.0 -999 -999 "" "" "" "" 0 0 0.0 0.0 -999 ""
FIBERMAP 810 R+10C16 APOGEE 0 0 0 1 0 0 142.2408552175323 187.388099000999 143.1 -222.96696813471937 75.01850583340939 224.94037 93.61403 -999.0 -999.0 -999.0 -999.0 -999.0 198.75025423133218 -24.780706788063373 198.7755919878516 -24.92474517879835 78.21258776418809 287.39206433809426 -999.0 16600.0 -999.0 2 -999 {-999.0 -999.0 -999.0 -999.0 -999.0} "" -999.0 -999.0 -999.0 -999.0 -999 -999 "" "" "" "" 0 0 0.0 0.0 -999 ""
FIBERMAP 810 R+10C16 BOSS 1 1 0 1 0 0 141.67151028244643 187.8715125995887 143.1 -223.24345881041287 74.32471354352217 224.94037 93.61403 198.74931375664636 -24.782764941545523 -23.246672 -2.9884875 0.59897375 198.74923914633126 -24.78277364974411 198.77462311153178 -24.926830098241318 78.21259517514679 287.3809891120647 5400.0 5400.0 2016.0 1 185 {-999.0 15.544512 15.064839 15.048782 -999.0} sdss_psfmag_ps1 15.428496 15.062792 14.519563 13.494 63050396450292204 1072782499 bright_1x1 mwm_halo_local_high_boss_single mwm_halo science 0 0 0.0 0.0 -999 ""
FIBERMAP 810 R+10C16 METROLOGY 0 0 0 1 0 0 142.3712199386782 188.12464720463313 143.1 -223.70658453986462 74.90706920656083 224.94037 93.61403 -999.0 -999.0 -999.0 -999.0 -999.0 198.74769424988116 -24.780998705068026 198.77306219694628 -24.925051752155127 78.21059659698275 287.38628835793907 -999.0 6231.0 -999.0 -1 -999 {-999.0 -999.0 -999.0 -999.0 -999.0} "" -999.0 -999.0 -999.0 -999.0 -999 -999 "" "" "" "" 0 0 0.0 0.0 -999 ""
FIBERMAP 811 R-13C1 APOGEE 0 0 0 1 0 0 -164.905298911205 -257.6509339086055 143.1 296.7856680694243 -74.08141417460847 245.71265 55.704388 -999.0 -999.0 -999.0 -999.0 -999.0 200.4840542267507 -25.231589933364145 200.51167622925664 -25.37406125285761 79.83404995787235 288.4755042139311 -999.0 16600.0 -999.0 2 154 {-999.0 -999.0 -999.0 -999.0 -999.0} "" -999.0 -999.0 -999.0 -999.0 -999 -999 "" ops_sky_apogee_best_unassigned ops_sky sky_apogee 0 0 0.0 0.0 -999 ""
FIBERMAP 811 R-13C1 BOSS 1 1 0 1 0 0 -165.29237109922485 -257.01703584185276 143.1 296.30841245817743 -74.65047631496424 245.71265 55.704388 200.48238168587164 -25.233288902128027 -0.4085939 -0.55242413 -0.22778581 200.48238036966848 -25.233290511848423 200.51004150491127 -25.375778390182525 79.83337505128729 288.463255057966 5400.0 5400.0 2016.0 1 435 {-999.0 17.787033 16.87222 16.411192 -999.0} sdss_psfmag_ps1 17.457037 16.825562 16.071928 14.425 63050396450256006 1061187041 bright_1x1 manual_mwm_halo_distant_kgiant_far_boss_single mwm_halo science 0 0 0.0 0.0 -999 ""
FIBERMAP 811 R-13C1 METROLOGY 0 0 0 1 0 0 -164.55548036549837 -256.9929354015424 143.1 296.0504801210582 -73.95981476154941 245.71265 55.704388 -999.0 -999.0 -999.0 -999.0 -999.0 200.48160255168025 -25.23123322707436 200.50924959377778 -25.373717749325895 79.83190101167983 288.4723639971302 -999.0 6231.0 -999.0 -1 -999 {-999.0 -999.0 -999.0 -999.0 -999.0} "" -999.0 -999.0 -999.0 -999.0 -999 -999 "" "" "" "" 0 0 0.0 0.0 -999 ""
FIBERMAP 812 R-8C7 APOGEE 0 0 0 1 0 0 -50.53980267140857 -146.97298550710758 143.1 155.40996590458485 -1.007288530061945 65.8375 70.23226 -999.0 -999.0 -999.0 -999.0 -999.0 200.01346231184095 -25.01287926540242 200.04035401472288 -25.155800216114923 79.35610682906416 288.64036080256136 -999.0 16600.0 -999.0 2 -999 {-999.0 -999.0 -999.0 -999.0 -999.0} "" -999.0 -999.0 -999.0 -999.0 -999 -999 "" "" "" "" 0 0 0.0 0.0 -999 ""
FIBERMAP 812 R-8C7 BOSS 1 1 0 1 0 0 -49.961033156729435 -147.59397426926049 143.1 155.8138296323487 -0.26067357620364007 65.8375 70.23226 200.01491016386953 -25.01060735927822 -23.192066 4.1419144 0.44953346 200.0148355913194 -25.010595290047473 200.0417668239512 -25.1535314954426 79.35636419518966 288.6543920624949 5400.0 5400.0 2016.0 1 373 {-999.0 16.905842 16.528921 16.27037 -999.0} sdss_psfmag_ps1 16.859491 16.487217 15.931724 14.781 63050396450246927 944648282 bright_1x1 openfibertargets_nov2020_6c open_fiber science 0 0 0.0 0.0 -999 ""
FIBERMAP 812 R-8C7 METROLOGY 0 0 0 1 0 0 -50.70553026403371 -147.7023911431146 143.1 156.15409522684217 -0.9316439643596163 65.8375 70.23226 -999.0 -999.0 -999.0 -999.0 -999.0 200.01600832522814 -25.012631934117774 200.0429316151259 -25.155562277219982 79.35814684956068 288.6466249512071 -999.0 6231.0 -999.0 -1 -999 {-999.0 -999.0 -999.0 -999.0 -999.0} "" -999.0 -999.0 -999.0 -999.0 -999 -999 "" "" "" "" 0 0 0.0 0.0 -999 ""
FIBERMAP 813 R+1C24 APOGEE 0 0 0 1 0 0 221.8988087510602 7.736021300002804 143.1 -78.1244358027875 207.82516619034678 254.1161 78.14284 -999.0 -999.0 -999.0 -999.0 -999.0 199.23432562618396 -24.380517304971487 199.2597526245952 -24.524195259789707 78.44898480181635 290.0912120464957 -999.0 16600.0 -999.0 2 112 {-999.0 -999.0 -999.0 -999.0 -999.0} "" -999.0 -999.0 -999.0 -999.0 -999 -999 "" ops_sky_apogee_best_unassigned ops_sky sky_apogee 0 0 0.0 0.0 -999 ""
FIBERMAP 813 R+1C24 BOSS 1 1 0 1 0 0 221.2118152655685 8.067915816419333 143.1 -78.2197982848838 207.0682180936547 254.1161 78.14284 199.23394423100692 -24.38270239588658 -2.3409832 -12.126728 0.2594654 199.2339367415691 -24.382737732216565 199.25940897218126 -24.526434577803723 78.44966591790602 290.0804446746512 5400.0 5400.0 2016.0 1 191 {-999.0 17.696054 17.256006 17.340803 -999.0} sdss_psfmag_ps1 17.525896 17.20006 16.710123 15.908 63050396450294287 944648760 bright_1x1 openfibertargets_nov2020_6c open_fiber science 0 0 0.0 0.0 -999 ""
FIBERMAP 813 R+1C24 METROLOGY 0 0 0 1 0 0 221.84961195506352 8.48290334216019 143.1 -78.816559543248 207.54026251368347 254.1161 78.14284 -999.0 -999.0 -999.0 -999.0 -999.0 199.2319610318541 -24.38128834625511 199.25741759718164 -24.524981742856095 78.4474054124835 290.08310287610675 -999.0 6231.0 -999.0 -1 -999 {-999.0 -999.0 -999.0 -999.0 -999.0} "" -999.0 -999.0 -999.0 -999.0 -999 -999 "" "" "" "" 0 0 0.0 0.0 -999 ""
FIBERMAP 815 R-12C7 APOGEE 0 0 0 1 0 0 -19.390414340583185 -246.45042534929902 143.1 239.74692638672448 60.24952137891015 288.40018 111.16334 -999.0 -999.0 -999.0 -999.0 -999.0 200.2929313083282 -24.826522949768954 200.31991045807888 -24.96921683027415 79.5096160961722 290.13752849952573 -999.0 16600.0 -999.0 2 -999 {-999.0 -999.0 -999.0 -999.0 -999.0} "" -999.0 -999.0 -999.0 -999.0 -999 -999 "" "" "" "" 0 0 0.0 0.0 -999 ""
FIBERMAP 815 R-12C7 BOSS 1 1 0 1 0 0 -19.914438744195337 -246.90836704594963 143.1 240.34809815549065 59.899002599052785 288.40018 111.16334 200.29496744821955 -24.827555876986484 -17.069536 0.22156984 0.10719196 200.29491264365984 -24.82755523133945 200.32193452193397 -24.970264025013453 79.511721933871 290.1365920125534 5400.0 5400.0 2016.0 1 366 {-999.0 18.339922 18.002903 17.894716 -999.0} sdss_psfmag_ps1 18.299164 18.013514 17.555222 -999.0 63050396450267802 977314256 "" ops_std_boss ops_std standard_boss 0 0 0.0 0.0 -999 ""
FIBERMAP 815 R-12C7 METROLOGY 0 0 0 1 0 0 -20.094394646434186 -246.19762118444007 143.1 239.73193708198284 59.50170731825954 288.40018 111.16334 -999.0 -999.0 -999.0 -999.0 -999.0 200.29293747561886 -24.828757243897417 200.3199474930675 -24.971462903479726 79.51059858061032 290.1264329794607 -999.0 6231.0 -999.0 -1 -999 {-999.0 -999.0 -999.0 -999.0 -999.0} "" -999.0 -999.0 -999.0 -999.0 -999 -999 "" "" "" "" 0 0 0.0 0.0 -999 ""
FIBERMAP 817 R+10C12 APOGEE 0 0 0 1 0 0 45.9599893807157 187.63134000368302 143.1 -192.48072431854703 -16.304346935208063 278.54712 9.000499 -999.0 -999.0 -999.0 -999.0 -999.0 198.84947818077893 -25.057739147347753 198.87520002782776 -25.201660556346553 78.4018783614337 286.2998471514468 -999.0 16600.0 -999.0 2 -999 {-999.0 -999.0 -999.0 -999.0 -999.0} "" -999.0 -999.0 -999.0 -999.0 -999 -999 "" "" "" "" 0 0 0.0 0.0 -999 ""
FIBERMAP 817 R+10C12 BOSS 1 1 0 1 0 0 45.751393450962155 188.41143129769026 143.1 -193.15346685714096 -16.75090780651869 278.54712 9.000499 198.84713446459702 -25.0590541296846 -4.433583 -4.802812 0.1941914 198.8471202030717 -25.059068124699994 198.87288593585413 -25.203007771117974 78.40043914972163 286.28974255144146 5400.0 5400.0 2016.0 1 147 {-999.0 17.207548 17.038363 16.651125 -999.0} sdss_psfmag_ps1 17.15085 16.864813 16.43432 15.587 63050396450289284 944648809 bright_1x1 openfibertargets_nov2020_6c open_fiber science 0 0 0.0 0.0 -999 ""
FIBERMAP 817 R+10C12 METROLOGY 0 0 0 1 0 0 46.4530512624934 188.19382395681762 143.1 -193.17109258447474 -16.016523715221656 278.54712 9.000499 -999.0 -999.0 -999.0 -999.0 -999.0 198.8470589679456 -25.05684904106135 198.8728097113916 -25.200784374043057 78.399544827608 286.29987182122034 -999.0 6231.0 -999.0 -1 -999 {-999.0 -999.0 -999.0 -999.0 -999.0} "" -999.0 -999.0 -999.0 -999.0 -999 -999 "" "" "" "" 0 0 0.0 0.0 -999 ""
FIBERMAP 822 R+8C14 APOGEE 0 0 0 1 0 0 95.43892469980976 147.35929568736933 143.1 -170.1003682721015 43.43488222056235 275.13504 144.78966 -999.0 -999.0 -999.0 -999.0 -999.0 198.92515039377327 -24.87703817898554 198.9507673535652 -25.020918007635718 78.39631273133581 287.26051091553 -999.0 16600.0 -999.0 2 -999 {-999.0 -999.0 -999.0 -999.0 -999.0} "" -999.0 -999.0 -999.0 -999.0 -999 -999 "" "" "" "" 0 0 0.0 0.0 -999 ""
FIBERMAP 822 R+8C14 BOSS 1 1 0 1 0 0 95.10848641392381 146.73254054100772 143.1 -169.4009725562167 43.32168179474438 275.13504 144.78966 198.92736851885797 -24.877358697467884 -1.4275959 0.61994326 0.30626047 198.92736393348048 -24.87735689100199 198.95302814332786 -25.0212518815912 78.39833036968135 287.26293505884195 5400.0 5400.0 2016.0 1 168 {-999.0 20.474188 20.21975 20.14276 -999.0} sdss_psfmag_ps1 20.292074 20.294472 19.911594 -999.0 63050396450289754 1117337503 bright_1x1 openfibertargets_bhm_quaia_boss open_fiber science 0 0 0.0 0.0 -999 ""
FIBERMAP 822 R+8C14 METROLOGY 0 0 0 1 0 0 94.6909288867851 147.35860251085737 143.1 -169.86107608277723 42.72622871094584 275.13504 144.78966 -999.0 -999.0 -999.0 -999.0 -999.0 198.9258095014234 -24.87915532904004 198.95146139644396 -25.023046586548567 78.39771842920369 287.2519707844796 -999.0 6231.0 -999.0 -1 -999 {-999.0 -999.0 -999.0 -999.0 -999.0} "" -999.0 -999.0 -999.0 -999.0 -999 -999 "" "" "" "" 0 0 0.0 0.0 -999 ""
FIBERMAP 823 R-1C16 APOGEE 1 1 0 1 0 0 45.60356882227348 -8.527427047797627 143.1 -6.467606928006676 45.938972357042566 148.02446 102.31796 199.47189331054685 -24.870763394735704 -999.0 -999.0 -999.0 199.47189331054682 -24.870763394735704 199.498071541794 -25.01417683797715 78.84943340309499 288.2833960387713 16000.0 16600.0 2015.5 2 219 {-999.0 -999.0 -999.0 -999.0 -999.0} "" -999.0 -999.0 -999.0 -999.0 27021603177279436 846326911 "" ops_sky_apogee_best ops_sky sky_apogee 0 0 0.0 0.0 -999 ""
FIBERMAP 823 R-1C16 BOSS 0 0 0 1 0 0 45.83479389378475 -7.830199256822196 143.1 -7.202137198582463 45.93566545752726 148.02446 102.31796 -999.0 -999.0 -999.0 -999.0 -999.0 199.46938720517318 -24.870724908989132 199.49560561893952 -25.014157459080437 78.84737800916497 288.2788602193937 -999.0 5400.0 -999.0 1 316 {-999.0 -999.0 -999.0 -999.0 -999.0} "" -999.0 -999.0 -999.0 -999.0 -999 -999 "" "" "" "" 0 0 0.0 0.0 -999 ""
FIBERMAP 823 R-1C16 METROLOGY 0 0 0 1 0 0 46.33084332367915 -8.384743996769815 143.1 -6.834851956129493 46.582688866492546 148.02446 102.31796 -999.0 -999.0 -999.0 -999.0 -999.0 199.47063070981196 -24.86876243109892 199.4968362399544 -25.012189351451035 78.84761147345453 288.290493002267 -999.0 6231.0 -999.0 -1 -999 {-999.0 -999.0 -999.0 -999.0 -999.0} "" -999.0 -999.0 -999.0 -999.0 -999 -999 "" "" "" "" 0 0 0.0 0.0 -999 ""
FIBERMAP 826 R+6C9 APOGEE 0 0 0 1 0 0 -60.642778833998356 108.08420331560181 143.1 -83.08421734832473 -91.9534982291658 241.3682 78.47962 -999.0 -999.0 -999.0 -999.0 -999.0 199.2142904025158 -25.288776726568766 199.24063502626836 -25.432360676914044 78.79398500212889 285.83076226463777 -999.0 16600.0 -999.0 2 -999 {-999.0 -999.0 -999.0 -999.0 -999.0} "" -999.0 -999.0 -999.0 -999.0 -999 -999 "" "" "" "" 0 0 0.0 0.0 -999 ""
FIBERMAP 826 R+6C9 BOSS 1 1 0 1 0 0 -61.20498170324289 108.55343961697501 143.1 -83.34955077186494 -92.63599896845638 241.3682 78.47962 199.21333923244578 -25.29086947322147 -10.615556 -1.5265061 0.24866909 199.21330502034337 -25.29087392133594 199.23969447613064 -25.43447387478472 78.79396168963883 285.8190436148724 5400.0 5400.0 2016.0 1 135 {-999.0 18.14364 17.663668 17.76818 -999.0} sdss_psfmag_ps1 18.047653 17.699993 17.191334 16.084 63050396450248062 944648300 bright_1x1 openfibertargets_nov2020_6c open_fiber science 0 0 0.0 0.0 -999 ""
FIBERMAP 826 R+6C9 METROLOGY 0 0 0 1 0 0 -60.519579393643696 108.82198384847891 143.1 -83.82271567003791 -92.07211853682945 241.3682 78.47962 -999.0 -999.0 -999.0 -999.0 -999.0 199.21172531485976 -25.289172345665285 199.23809904638074 -25.432769508159016 78.79199999928792 285.8245197030326 -999.0 6231.0 -999.0 -1 -999 {-999.0 -999.0 -999.0 -999.0 -999.0} "" -999.0 -999.0 -999.0 -999.0 -999 -999 "" "" "" "" 0 0 0.0 0.0 -999 ""
FIBERMAP 829 R-13C9 APOGEE 0 0 0 1 0 0 42.88424402657934 -270.7477922263969 143.1 242.90584495483432 127.01879303670839 353.72952 47.887016 -999.0 -999.0 -999.0 -999.0 -999.0 200.3016884713636 -24.62476245307018 200.32845742992401 -24.76747321909129 79.42949314934745 291.1515292477354 -999.0 16600.0 -999.0 2 157 {-999.0 -999.0 -999.0 -999.0 -999.0} "" -999.0 -999.0 -999.0 -999.0 -999 -999 "" ops_sky_apogee_best_unassigned ops_sky sky_apogee 0 0 0.0 0.0 -999 ""
FIBERMAP 829 R-13C9 BOSS 1 1 0 1 0 0 42.31498709827085 -271.2256716873192 143.1 243.5403423799091 126.63176825481361 353.72952 47.887016 200.30382099251003 -24.625818041503987 -23.73515 -33.408134 0.53222275 200.3037449103053 -24.625915390156656 200.33055657620335 -24.768641710367522 79.43171887352236 291.15037552425514 5400.0 5400.0 2016.0 1 438 {-999.0 16.451876 16.044933 15.886842 -999.0} sdss_psfmag_ps1 16.331043 16.01644 15.518498 14.673 63050396450270476 1072887873 bright_1x1 mwm_halo_local_high_boss_single mwm_halo science 0 0 0.0 0.0 -999 ""
FIBERMAP 829 R-13C9 METROLOGY 0 0 0 1 0 0 42.16773278673625 -270.4991561740532 143.1 242.8988035449844 126.26043319125546 353.72952 47.887016 -999.0 -999.0 -999.0 -999.0 -999.0 200.30169931920955 -24.627018760337577 200.32849910522134 -24.769741841182956 79.43052425214576 291.1405111858588 -999.0 6231.0 -999.0 -1 -999 {-999.0 -999.0 -999.0 -999.0 -999.0} "" -999.0 -999.0 -999.0 -999.0 -999 -999 "" "" "" "" 0 0 0.0 0.0 -999 ""
FIBERMAP 833 R0C10 APOGEE 0 0 0 1 0 0 -86.35226567425073 19.50215739967581 143.1 9.067043867764474 -88.05775913317828 129.23651 58.776665 -999.0 -999.0 -999.0 -999.0 -999.0 199.52355003935838 -25.277600542749877 199.550210345928 -25.420919367384858 79.04985403636061 286.4203375403872 -999.0 16600.0 -999.0 2 -999 {-999.0 -999.0 -999.0 -999.0 -999.0} "" -999.0 -999.0 -999.0 -999.0 -999 -999 "" "" "" "" 0 0 0.0 0.0 -999 ""
FIBERMAP 833 R0C10 BOSS 1 1 0 1 0 0 -85.629276975567 19.610426721541362 143.1 8.73377999788568 -87.40712516186181 129.23651 58.776665 199.52240261805323 -25.275657241900287 -2.0125284 -1.7609503 0.09919631 199.52239613283513 -25.275662373170665 199.54909574422874 -25.418997819871077 79.04820666235537 286.4277667243708 5400.0 5400.0 2016.0 1 448 {-999.0 15.598799 14.964557 14.67619 -999.0} sdss_psfmag_from_g3xp 15.432319 14.964012 14.325922 13.048 63050396450247560 1076139010 bright_1x1 mwm_halo_mp_xp_boss_single mwm_halo science 0 0 0.0 0.0 -999 ""
FIBERMAP 833 R0C10 METROLOGY 0 0 0 1 0 0 -85.89442377851098 18.91065168093631 143.1 9.481546441664916 -87.43515318653682 129.23651 58.776665 -999.0 -999.0 -999.0 -999.0 -999.0 199.52491966107172 -25.275760880069985 199.55161004289903 -25.41908976910232 79.05034964203395 286.4317507303586 -999.0 6231.0 -999.0 -1 -999 {-999.0 -999.0 -999.0 -999.0 -999.0} "" -999.0 -999.0 -999.0 -999.0 -999 -999 "" "" "" "" 0 0 0.0 0.0 -999 ""
FIBERMAP 834 R+2C24 APOGEE 0 0 0 1 0 0 254.76023069579247 34.55532638878938 143.1 -114.02493068359239 230.4116524338671 293.70926 149.33408 -999.0 -999.0 -999.0 -999.0 -999.0 199.11562485667343 -24.312458797021645 199.14086225555548 -24.45624636070386 78.32206633684905 290.16399479791903 -999.0 16600.0 -999.0 2 -999 {-999.0 -999.0 -999.0 -999.0 -999.0} "" -999.0 -999.0 -999.0 -999.0 -999 -999 "" "" "" "" 0 0 0.0 0.0 -999 ""
FIBERMAP 834 R+2C24 BOSS 1 1 0 1 0 0 254.65210013975693 33.79440224512238 143.1 -113.2693066618723 230.55193707659566 293.70926 149.33408 199.1180948820641 -24.312004763838583 -3.6302693 -1.5747665 0.047843244 199.11808327433738 -24.312009352583708 199.14336651995905 -24.455814032382776 78.32393521526461 290.1707890988701 5400.0 5400.0 2016.0 1 193 {-999.0 17.020445 16.299112 16.333818 -999.0} sdss_psfmag_ps1 16.850468 16.385746 15.745446 14.453 63050396450294505 1076076631 bright_1x1 mwm_halo_mp_xp_boss_single mwm_halo science 0 0 0.0 0.0 -999 ""
FIBERMAP 834 R+2C24 METROLOGY 0 0 0 1 0 0 254.07894478920682 34.246542110880284 143.1 -113.51494361391713 229.8645110103508 293.70926 149.33408 -999.0 -999.0 -999.0 -999.0 -999.0 199.117244121869 -24.31403981034527 199.14251623052076 -24.457839525497867 78.3241125206724 290.1601104981841 -999.0 6231.0 -999.0 -1 -999 {-999.0 -999.0 -999.0 -999.0 -999.0} "" -999.0 -999.0 -999.0 -999.0 -999 -999 "" "" "" "" 0 0 0.0 0.0 -999 ""
FIBERMAP 836 R+9C2 APOGEE 0 0 0 1 0 0 -181.10571107414415 188.49746275996068 143.1 -120.86012081154702 -231.77053653839883 177.36897 66.2393 -999.0 -999.0 -999.0 -999.0 -999.0 199.08692884129766 -25.7104065029851 199.11357635549814 -25.854047437810568 78.83242069314363 283.58704110640605 -999.0 16600.0 -999.0 2 -999 {-999.0 -999.0 -999.0 -999.0 -999.0} "" -999.0 -999.0 -999.0 -999.0 -999 -999 "" "" "" "" 0 0 0.0 0.0 -999 ""
FIBERMAP 836 R+9C2 BOSS 1 1 0 1 0 0 -180.775366206799 189.14817918585283 143.1 -121.58219479718167 -231.66506908149597 177.36897 66.2393 199.0844903311722 -25.71007234283786 -8.692831 2.6875732 0.3273112 199.08446221774108 -25.71006451145861 199.11115098977524 -25.853721463394734 78.8302521214685 283.5849309432611 5400.0 5400.0 2016.0 1 19 {-999.0 18.46015 17.781301 17.62626 -999.0} sdss_psfmag_ps1 18.255093 17.800823 17.212418 15.842 63050396450241331 944648097 bright_1x1 openfibertargets_nov2020_6c open_fiber science 0 0 0.0 0.0 -999 ""
FIBERMAP 836 R+9C2 METROLOGY 0 0 0 1 0 0 -180.35875325730746 188.53686119473494 143.1 -121.13576276868363 -231.07521498686364 177.36897 66.2393 -999.0 -999.0 -999.0 -999.0 -999.0 199.08594729736066 -25.70834759934082 199.11262344910688 -25.851999588609388 78.83093815323234 283.5955732769003 -999.0 6231.0 -999.0 -1 -999 {-999.0 -999.0 -999.0 -999.0 -999.0} "" -999.0 -999.0 -999.0 -999.0 -999 -999 "" "" "" "" 0 0 0.0 0.0 -999 ""
FIBERMAP 843 R+7C18 APOGEE 0 0 0 1 0 0 155.4600209475268 138.5940168338937 143.1 -180.9422288130712 103.11320905026331 167.55577 118.19484 -999.0 -999.0 -999.0 -999.0 -999.0 198.89044145938954 -24.69619596986194 198.91583875057302 -24.840127139038678 78.29592284910916 288.0212046128691 -999.0 16600.0 -999.0 2 119 {-999.0 -999.0 -999.0 -999.0 -999.0} "" -999.0 -999.0 -999.0 -999.0 -999 -999 "" ops_sky_apogee_best_unassigned ops_sky sky_apogee 0 0 0.0 0.0 -999 ""
FIBERMAP 843 R+7C18 BOSS 1 1 0 1 0 0 155.25861049559927 139.32647196721632 143.1 -181.57211902812438 102.68865534897975 167.55577 118.19484 198.88824462890628 -24.69743077911565 -999.0 -999.0 -999.0 198.88824462890628 -24.69743077911565 198.91368570744856 -24.84138142855622 78.29463449076634 288.0116837299442 5400.0 5400.0 2015.5 1 204 {-999.0 -999.0 -999.0 -999.0 -999.0} "" -999.0 -999.0 -999.0 -999.0 27021603177290956 814935675 "" ops_sky_boss_good ops_sky sky_boss 0 0 0.0 0.0 -999 ""
FIBERMAP 843 R+7C18 METROLOGY 0 0 0 1 0 0 155.97933693877116 139.1323560559777 143.1 -181.61809107334534 103.43361621887932 167.55577 118.19484 -999.0 -999.0 -999.0 -999.0 -999.0 198.88809543304555 -24.695166870282694 198.91352141734262 -24.839112888699187 78.29358972867816 288.02163580716143 -999.0 6231.0 -999.0 -1 -999 {-999.0 -999.0 -999.0 -999.0 -999.0} "" -999.0 -999.0 -999.0 -999.0 -999 -999 "" "" "" "" 0 0 0.0 0.0 -999 ""
FIBERMAP 844 R-3C20 APOGEE 0 0 0 1 0 0 180.57353819557036 -40.147346727980946 143.1 -19.561309874084714 183.9376305656828 129.32443 21.160845 -999.0 -999.0 -999.0 -999.0 -999.0 199.42884882395342 -24.452734523359634 199.4545475571773 -24.59623638024935 78.63991677322129 290.14737305400865 -999.0 16600.0 -999.0 2 214 {-999.0 -999.0 -999.0 -999.0 -999.0} "" -999.0 -999.0 -999.0 -999.0 -999 -999 "" ops_sky_apogee_best_unassigned ops_sky sky_apogee 0 0 0.0 0.0 -999 ""
FIBERMAP 844 R-3C20 BOSS 1 1 0 1 0 0 181.2564415614858 -40.49217832374325 143.1 -19.45238205610401 184.6948298152185 129.32443 21.160845 199.42917842321893 -24.450355470440343 -3.754344 -4.783933 0.06348709 199.42916640561975 -24.450369410444214 199.45490570613765 -24.593889807230013 78.63920197329813 290.1588394846117 5400.0 5400.0 2016.0 1 306 {-999.0 18.598923 18.13798 18.075544 -999.0} sdss_psfmag_ps1 18.561632 18.145582 17.640432 -999.0 63050396450291764 944648780 bright_1x1 openfibertargets_nov2020_6c open_fiber science 0 0 0.0 0.0 -999 ""
FIBERMAP 844 R-3C20 METROLOGY 0 0 0 1 0 0 180.63292404021004 -40.889086164262196 143.1 -18.87731041614827 184.23054973002533 129.32443 21.160845 -999.0 -999.0 -999.0 -999.0 -999.0 199.43108773978068 -24.451754122111446 199.4568183845065 -24.595267439051497 78.64136445321463 290.1563215022144 -999.0 6231.0 -999.0 -1 -999 {-999.0 -999.0 -999.0 -999.0 -999.0} "" -999.0 -999.0 -999.0 -999.0 -999 -999 "" "" "" "" 0 0 0.0 0.0 -999 ""
FIBERMAP 845 R+9C16 APOGEE 0 0 0 1 0 0 137.46173618565632 179.96765288508828 143.1 -214.40992487358156 72.85670734307169 115.34886 144.59259 -999.0 -999.0 -999.0 -999.0 -999.0 198.77856740814732 -24.78736019482154 198.80394122168423 -24.93137409724962 78.23883915708919 287.41149206872956 -999.0 16600.0 -999.0 2 76 {-999.0 -999.0 -999.0 -999.0 -999.0} "" -999.0 -999.0 -999.0 -999.0 -999 -999 "" ops_sky_apogee_best_unassigned ops_sky sky_apogee 0 0 0.0 0.0 -999 ""
FIBERMAP 845 R+9C16 BOSS 1 1 0 1 0 0 137.65503537938963 180.69045244738808 143.1 -215.15658987602583 72.80929990254772 115.34886 144.59259 198.77615985323885 -24.787459899264864 -48.40702 -1.3207699 4.11911 198.77600448477912 -24.787463747804132 198.80141983296406 -24.93149693574736 78.23678339157486 287.4065464850709 5400.0 5400.0 2016.0 1 235 {-999.0 20.475958 19.030607 17.82975 -999.0} sdss_psfmag_ps1 19.909853 18.18642 16.984488 14.556 63050396450292198 1096550218 bright_1x1 mwm_bin_vis_boss mwm_filler science 0 0 0.0 0.0 -999 ""
FIBERMAP 845 R+9C16 METROLOGY 0 0 0 1 0 0 138.1790783282281 180.14852083697318 143.1 -214.8101889332525 73.47882872969718 115.34886 144.59259 -999.0 -999.0 -999.0 -999.0 -999.0 198.77714659854473 -24.785435513246814 198.80254946867456 -24.92946337337926 78.23692965690528 287.4176923544127 -999.0 6231.0 -999.0 -1 -999 {-999.0 -999.0 -999.0 -999.0 -999.0} "" -999.0 -999.0 -999.0 -999.0 -999 -999 "" "" "" "" 0 0 0.0 0.0 -999 ""
FIBERMAP 850 R+3C23 APOGEE 0 0 0 1 0 0 249.24456537150567 63.547769351012 143.1 -139.74135238270497 215.93492070333298 34.599415 102.70256 -999.0 -999.0 -999.0 -999.0 -999.0 199.03005688818965 -24.355940078946837 199.05525191518666 -24.499794969560927 78.27042067715274 289.80510256141355 -999.0 16600.0 -999.0 2 -999 {-999.0 -999.0 -999.0 -999.0 -999.0} "" -999.0 -999.0 -999.0 -999.0 -999 -999 "" "" "" "" 0 0 0.0 0.0 -999 ""
FIBERMAP 850 R+3C23 BOSS 1 1 0 1 0 0 249.8401856202355 62.927281143779396 143.1 -139.34333896858917 216.69734538237424 34.599415 102.70256 199.03131768585104 -24.35357798436307 8.605767 -14.347689 0.28611445 199.03134521168943 -24.353619792395026 199.05658327880104 -24.497492881826606 78.27053246626429 289.8178873279033 5400.0 5400.0 2016.0 1 194 {-999.0 17.311766 17.025887 16.865986 -999.0} sdss_psfmag_ps1 17.256382 16.995243 16.5149 -999.0 63050396450294165 977314281 "" ops_std_boss ops_std standard_boss 0 0 0.0 0.0 -999 ""
FIBERMAP 850 R+3C23 METROLOGY 0 0 0 1 0 0 249.093371370282 62.81521314785071 143.1 -138.99887396575227 216.02534386918555 34.599415 102.70256 -999.0 -999.0 -999.0 -999.0 -999.0 199.03245414469876 -24.3556086172721 199.05768296283213 -24.499475148410024 78.27228417342059 289.81117427133705 -999.0 6231.0 -999.0 -1 -999 {-999.0 -999.0 -999.0 -999.0 -999.0} "" -999.0 -999.0 -999.0 -999.0 -999 -999 "" "" "" "" 0 0 0.0 0.0 -999 ""
FIBERMAP 853 R+1C21 APOGEE 0 0 0 1 0 0 179.1780245222535 32.730293642090956 143.1 -88.18213977135338 159.36473976645223 81.06882 82.70573 -999.0 -999.0 -999.0 -999.0 -999.0 199.20011475057612 -24.526707605397732 199.22565691280272 -24.670396925456785 78.48301742657827 289.36339241077684 -999.0 16600.0 -999.0 2 -999 {-999.0 -999.0 -999.0 -999.0 -999.0} "" -999.0 -999.0 -999.0 -999.0 -999 -999 "" "" "" "" 0 0 0.0 0.0 -999 ""
FIBERMAP 853 R+1C21 BOSS 1 1 0 1 0 0 179.90455569073254 32.50745011172745 143.1 -88.20273858772231 160.12436682233633 81.06882 82.70573 199.19998168945312 -24.524338984422897 -999.0 -999.0 -999.0 199.19998168945312 -24.524338984422897 199.22556487355192 -24.668047035823456 78.48195625302978 289.37390140128554 5400.0 5400.0 2015.5 1 243 {-999.0 -999.0 -999.0 -999.0 -999.0} "" -999.0 -999.0 -999.0 -999.0 27021603177290653 802553628 "" ops_sky_boss_best ops_sky sky_boss 0 0 0.0 0.0 -999 ""
FIBERMAP 853 R+1C21 METROLOGY 0 0 0 1 0 0 179.35893155983575 32.00450382365223 143.1 -87.55202500295772 159.76773595404347 81.06882 82.70573 -999.0 -999.0 -999.0 -999.0 -999.0 199.20214224769546 -24.525404248181427 199.22771642177008 -24.669105125916623 78.48417487957822 289.37319699643103 -999.0 6231.0 -999.0 -1 -999 {-999.0 -999.0 -999.0 -999.0 -999.0} "" -999.0 -999.0 -999.0 -999.0 -999 -999 "" "" "" "" 0 0 0.0 0.0 -999 ""
FIBERMAP 855 R+8C7 APOGEE 0 0 1 1 0 0 -66.7396983767239 162.86920506116758 143.1 -133.05877412825728 -115.20975842443713 9.988834 170.10426 -999.0 -999.0 -999.0 -999.0 -999.0 199.04666930908883 -25.358465225064 199.0729081749107 -25.502183417284577 78.67774099540695 285.21869437045433 -999.0 16600.0 -999.0 2 -999 {-999.0 -999.0 -999.0 -999.0 -999.0} "" -999.0 -999.0 -999.0 -999.0 -999 -999 "" "" "" "" 0 0 0.0 0.0 -999 ""
FIBERMAP 855 R+8C7 BOSS 1 0 1 1 0 0 -65.98778919255263 162.88402632297058 143.1 -133.31270397968322 -114.50190354199046 9.988834 170.10426 199.02349249947338 -25.30887669344859 -8.905937 -12.255622 0.20494951 199.04572727972078 -25.356343989761907 199.0720074307676 -25.50007848795666 78.67623376756517 285.22724723534157 5400.0 5400.0 2016.0 1 108 {-999.0 16.682507 16.323746 16.185589 16.137302} sdss_psfmag_from_gaia 16.6371 16.3347 15.8673 14.99 63050396450248162 973154278 "" ops_std_boss_gdr2 ops_std standard_boss 0 0 0.0 0.0 -999 ""
FIBERMAP 855 R+8C7 METROLOGY 0 0 1 1 0 0 -66.35139570391769 162.22989351654505 143.1 -132.5767807362178 -114.63780307775902 9.988834 170.10426 -999.0 -999.0 -999.0 -999.0 -999.0 199.04818368310228 -25.356787817953936 199.07445429591905 -25.500515855436586 78.6784536662556 285.2291584893891 -999.0 6231.0 -999.0 -1 -999 {-999.0 -999.0 -999.0 -999.0 -999.0} "" -999.0 -999.0 -999.0 -999.0 -999 -999 "" "" "" "" 0 0 0.0 0.0 -999 ""
FIBERMAP 861 R+12C6 APOGEE 0 0 0 1 0 0 -43.41802014621068 219.9921232727418 143.1 -194.63447159477985 -111.3319241565881 275.21188 118.257706 -999.0 -999.0 -999.0 -999.0 -999.0 198.84093288563886 -25.34539098495724 198.8669392110137 -25.489284401606785 78.49927012614427 284.94756585787013 -999.0 16600.0 -999.0 2 -999 {-999.0 -999.0 -999.0 -999.0 -999.0} "" -999.0 -999.0 -999.0 -999.0 -999 -999 "" "" "" "" 0 0 0.0 0.0 -999 ""
FIBERMAP 861 R+12C6 BOSS 1 1 0 1 0 0 -44.02891013548945 219.586271291371 143.1 -194.05495220225458 -111.7813836710737 275.21188 118.257706 198.84276357849473 -25.346748638083117 3.7241333 -7.2446465 0.10398791 198.84277558627366 -25.346769748411916 198.8688304258108 -25.490676794892494 78.50135815277194 284.94404252868054 5400.0 5400.0 2016.0 1 163 {-999.0 15.300304 14.617015 14.321897 -999.0} sdss_psfmag_from_g3xp 15.115171 14.626053 13.966763 12.584 63050396450283289 1076139017 bright_1x1 mwm_halo_mp_xp_boss_single mwm_halo science 0 0 0.0 0.0 -999 ""
FIBERMAP 861 R+12C6 METROLOGY 0 0 0 1 0 0 -44.09106931604988 220.3184712952191 143.1 -194.72902636714784 -112.07388772953882 275.21188 118.257706 -999.0 -999.0 -999.0 -999.0 -999.0 198.84050438941145 -25.34765811004604 198.86654500288728 -25.491562610104268 78.49973878735868 284.93624205104396 -999.0 6231.0 -999.0 -1 -999 {-999.0 -999.0 -999.0 -999.0 -999.0} "" -999.0 -999.0 -999.0 -999.0 -999 -999 "" "" "" "" 0 0 0.0 0.0 -999 ""
FIBERMAP 862 R+6C19 APOGEE 0 0 0 1 0 0 166.50053812223223 129.4132004227738 143.1 -175.7638691978001 116.50527517009209 171.28343 74.401924 -999.0 -999.0 -999.0 -999.0 -999.0 198.90797772297017 -24.655737194686946 198.93335207757218 -24.79965854750418 78.2942107642637 288.23535378812943 -999.0 16600.0 -999.0 2 118 {-999.0 -999.0 -999.0 -999.0 -999.0} "" -999.0 -999.0 -999.0 -999.0 -999 -999 "" ops_sky_apogee_best_unassigned ops_sky sky_apogee 0 0 0.0 0.0 -999 ""
FIBERMAP 862 R+6C19 BOSS 1 1 0 1 0 0 166.79714373988477 130.12643429880873 143.1 -176.53442695896064 116.5588228612269 171.28343 74.401924 198.90533241571345 -24.655522588934765 -0.7576536 -0.12440395 0.15245873 198.9053299865052 -24.655522951438066 198.9307460821051 -24.79946448277481 78.29196802681871 288.23152388409466 5400.0 5400.0 2016.0 1 203 {-999.0 18.49166 18.108072 17.880182 -999.0} sdss_psfmag_ps1 18.41553 18.043911 17.491888 16.37 63050396450292625 944648938 bright_1x1 openfibertargets_nov2020_6c open_fiber science 0 0 0.0 0.0 -999 ""
FIBERMAP 862 R+6C19 METROLOGY 0 0 0 1 0 0 167.24888236058203 129.5143691957933 143.1 -176.09849313793316 117.18220386188376 171.28343 74.401924 -999.0 -999.0 -999.0 -999.0 -999.0 198.90677838388243 -24.653629572517435 198.9321814647858 -24.797565050007513 78.29239348517478 288.24267967709386 -999.0 6231.0 -999.0 -1 -999 {-999.0 -999.0 -999.0 -999.0 -999.0} "" -999.0 -999.0 -999.0 -999.0 -999 -999 "" "" "" "" 0 0 0.0 0.0 -999 ""
FIBERMAP 863 R+9C12 APOGEE 0 0 0 1 0 0 42.66136111612491 178.65543720184255 143.1 -182.92190203623682 -16.566844414041082 169.28886 111.36258 -999.0 -999.0 -999.0 -999.0 -999.0 198.88131854636623 -25.05870652672048 198.90707481567506 -25.20260105476767 78.42898016962685 286.349184348696 -999.0 16600.0 -999.0 2 144 {-999.0 -999.0 -999.0 -999.0 -999.0} "" -999.0 -999.0 -999.0 -999.0 -999 -999 "" ops_sky_apogee_best_unassigned ops_sky sky_apogee 0 0 0.0 0.0 -999 ""
FIBERMAP 863 R+9C12 BOSS 1 1 0 1 0 0 42.52842025548904 179.43571041906696 143.1 -183.61895343866215 -16.941765114583433 169.28886 111.36258 198.87892987738522 -25.059781881076827 -16.673721 -12.871435 0.32078034 198.8788762426235 -25.05981938741521 198.9046759367973 -25.203732229430805 78.42739027338963 286.3399079023164 5400.0 5400.0 2016.0 1 146 {-999.0 16.841118 16.417387 16.277952 -999.0} sdss_psfmag_ps1 16.753395 16.43161 15.938972 14.894 63050396450288699 980436344 "" ops_std_boss_tic ops_std standard_boss 0 0 0.0 0.0 -999 ""
FIBERMAP 863 R+9C12 METROLOGY 0 0 0 1 0 0 43.2209811089825 179.15577866278215 143.1 -183.57461217003123 -16.196118660103078 169.28886 111.36258 -999.0 -999.0 -999.0 -999.0 -999.0 198.87902355231023 -25.057566717728186 198.90480850707434 -25.201475089108328 78.42665726631412 286.3505659148126 -999.0 6231.0 -999.0 -1 -999 {-999.0 -999.0 -999.0 -999.0 -999.0} "" -999.0 -999.0 -999.0 -999.0 -999 -999 "" "" "" "" 0 0 0.0 0.0 -999 ""
FIBERMAP 864 R-6C5 APOGEE 0 0 0 1 0 0 -116.49273291337028 -113.53639640541705 143.1 144.76330807359847 -74.17816613254622 43.945602 77.4195 -999.0 -999.0 -999.0 -999.0 -999.0 199.9784139952171 -25.234830802387965 200.0055084022233 -25.377755643049603 79.4144406137853 287.4652330911682 -999.0 16600.0 -999.0 2 294 {-999.0 -999.0 -999.0 -999.0 -999.0} "" -999.0 -999.0 -999.0 -999.0 -999 -999 "" ops_sky_apogee_best_unassigned ops_sky sky_apogee 0 0 0.0 0.0 -999 ""
FIBERMAP 864 R-6C5 BOSS 1 1 0 1 0 0 -116.16610098188443 -114.22025008757942 143.1 145.30718898615527 -73.65044566000472 43.945602 77.4195 199.9802830744523 -25.233181076275258 -8.850913 -20.084078 0.26545775 199.98025456302545 -25.233239599693036 200.00738999260636 -25.376178384746286 79.41540412431685 287.47671641890497 5400.0 5400.0 2016.0 1 485 {-999.0 18.25899 17.886206 17.872334 -999.0} sdss_psfmag_ps1 18.291061 17.96328 17.499409 16.823 63050396450246220 944648277 bright_1x1 openfibertargets_nov2020_6c open_fiber science 0 0 0.0 0.0 -999 ""
FIBERMAP 864 R-6C5 METROLOGY 0 0 0 1 0 0 -116.914421893199 -114.14669835501071 143.1 145.47622308909519 -74.38309383284852 43.945602 77.4195 -999.0 -999.0 -999.0 -999.0 -999.0 199.98085327619094 -25.235470788968893 200.00798028389033 -25.378404418365623 79.41675181573353 287.4666430895515 -999.0 6231.0 -999.0 -1 -999 {-999.0 -999.0 -999.0 -999.0 -999.0} "" -999.0 -999.0 -999.0 -999.0 -999 -999 "" "" "" "" 0 0 0.0 0.0 -999 ""
FIBERMAP 867 R-6C9 APOGEE 0 0 0 1 0 0 -42.08506235441408 -102.3895276152806 143.1 110.46094080276433 -7.218331638476485 87.08871 108.9483 -999.0 -999.0 -999.0 -999.0 -999.0 199.8633400421215 -25.032046685611643 199.89009596774304 -25.175098207207473 79.23917696094195 288.25224496929013 -999.0 16600.0 -999.0 2 -999 {-999.0 -999.0 -999.0 -999.0 -999.0} "" -999.0 -999.0 -999.0 -999.0 -999 -999 "" "" "" "" 0 0 0.0 0.0 -999 ""
FIBERMAP 867 R-6C9 BOSS 1 1 0 1 0 0 -41.3688471310957 -102.17214204224659 143.1 110.02642856550057 -6.6089285540122455 87.08871 108.9483 199.86190795898438 -25.030187027733078 -999.0 -999.0 -999.0 199.86190795898435 -25.030187027733078 199.88870166513414 -25.17325624500238 79.23728702313558 288.2586112349813 5400.0 5400.0 2015.5 1 371 {-999.0 -999.0 -999.0 -999.0 -999.0} "" -999.0 -999.0 -999.0 -999.0 27021603177279214 814933692 "" ops_sky_boss_good ops_sky sky_boss 0 0 0.0 0.0 -999 ""
FIBERMAP 867 R-6C9 METROLOGY 0 0 0 1 0 0 -41.5392860427451 -102.90102193041724 143.1 110.77156270294931 -6.537916630052306 87.08871 108.9483 -999.0 -999.0 -999.0 -999.0 -999.0 199.86442315980827 -25.029972486803178 199.89120760789808 -25.173034919169773 79.23928002126571 288.2645271068969 -999.0 6231.0 -999.0 -1 -999 {-999.0 -999.0 -999.0 -999.0 -999.0} "" -999.0 -999.0 -999.0 -999.0 -999 -999 "" "" "" "" 0 0 0.0 0.0 -999 ""
FIBERMAP 873 R+3C16 APOGEE 0 0 0 1 0 0 84.61731099645235 73.08213242869283 143.1 -96.25554689058725 56.87611118412748 89.134125 93.9078 -999.0 -999.0 -999.0 -999.0 -999.0 199.17169863968755 -24.837053308036868 199.19753070198374 -24.980728920930158 78.58627101059383 287.88547782227346 -999.0 16600.0 -999.0 2 71 {-999.0 -999.0 -999.0 -999.0 -999.0} "" -999.0 -999.0 -999.0 -999.0 -999 -999 "" ops_sky_apogee_best_unassigned ops_sky sky_apogee 0 0 0.0 0.0 -999 ""
FIBERMAP 873 R+3C16 BOSS 1 1 0 1 0 0 85.36919128624058 73.03759969142445 143.1 -96.45321781630325 57.60287456133418 89.134125 93.9078 199.17099869297803 -24.83479283819457 -16.014389 -2.0407245 0.32019755 199.1709472731343 -24.834798784696243 199.19681992873305 -24.97849245703289 78.58479304035075 287.89456242543434 5400.0 5400.0 2016.0 1 228 {-999.0 17.754795 17.382677 17.237738 17.1841} sdss_psfmag_from_gaia 17.6624 17.3945 16.8754 16.199 63050396450289243 968315054 "" ops_std_boss_gdr2 ops_std standard_boss 0 0 0.0 0.0 -999 ""
FIBERMAP 873 R+3C16 METROLOGY 0 0 0 1 0 0 84.96389599567321 72.41965519583235 143.1 -95.73829009602159 57.41592136249407 89.134125 93.9078 -999.0 -999.0 -999.0 -999.0 -999.0 199.17333541978445 -24.835371058625718 199.1991988662171 -24.9790577811114 78.586996813424 287.89625998705674 -999.0 6231.0 -999.0 -1 -999 {-999.0 -999.0 -999.0 -999.0 -999.0} "" -999.0 -999.0 -999.0 -999.0 -999 -999 "" "" "" "" 0 0 0.0 0.0 -999 ""
FIBERMAP 874 R+8C3 APOGEE 0 0 1 1 0 0 -153.96238786178492 162.87570226211747 143.1 -105.23802471084579 -197.87266022763495 10.0228405 169.732 -999.0 -999.0 -999.0 -999.0 -999.0 199.13940212950888 -25.6086941040967 199.1660002090738 -25.752302828380557 78.84306336502777 284.163795545786 -999.0 16600.0 -999.0 2 16 {-999.0 -999.0 -999.0 -999.0 -999.0} "" -999.0 -999.0 -999.0 -999.0 -999 -999 "" ops_sky_apogee_best_unassigned ops_sky sky_apogee 0 0 0.0 0.0 -999 ""
FIBERMAP 874 R+8C3 BOSS 1 0 1 1 0 0 -153.22065778768274 162.79432983305003 143.1 -105.39754445607 -197.14376312319968 10.0228405 169.732 199.15514839168836 -25.559553139822807 -78.25011 -25.967049 1.2251834 199.1388041741444 -25.606516224063416 199.16544354735163 -25.750139999292657 78.84186169994345 284.1734430999299 5400.0 5400.0 2016.0 1 25 {-999.0 16.383335 15.951674 15.817121 -999.0} sdss_psfmag_ps1 16.304077 16.121119 15.291416 14.141 63050396450241932 1073376766 bright_1x1 mwm_halo_local_high_boss_single mwm_halo science 0 0 0.0 0.0 -999 ""
FIBERMAP 874 R+8C3 METROLOGY 0 0 1 1 0 0 -153.66116306767188 162.18941798830124 143.1 -104.6837346172574 -197.36824262733768 10.0228405 169.732 -999.0 -999.0 -999.0 -999.0 -999.0 199.14119131799663 -25.607240750032005 199.16782148320965 -25.750858354278538 78.84412027241365 284.1736835248908 -999.0 6231.0 -999.0 -1 -999 {-999.0 -999.0 -999.0 -999.0 -999.0} "" -999.0 -999.0 -999.0 -999.0 -999 -999 "" "" "" "" 0 0 0.0 0.0 -999 ""
FIBERMAP 876 R+5C22 APOGEE 1 1 0 1 0 0 224.69685478824206 115.566870157054 143.1 -181.20825924135923 176.07528329438 184.96924 34.67598 198.89172662945532 -24.47581558675282 -45.634224 -6.0722423 3.5768409 198.89158052544636 -24.475833280718128 198.91675504599624 -24.61979014197974 78.20676453390051 289.01078887001086 16000.0 16600.0 2016.0 2 87 {-999.0 11.6246805 11.077082 10.905731 -999.0} sdss_psfmag_from_g3xp 11.503425 11.119279 10.57207 9.662 63050396450294052 1164931644 bright_1x1 openfibertargets_mwm_rvscnn24_apogee open_fiber science 0 0 0.0 0.0 -999 ""
FIBERMAP 876 R+5C22 BOSS 0 0 0 1 0 0 225.24676691561595 116.05817279666793 143.1 -181.8493061675879 176.43969259817047 184.96924 34.67598 -999.0 -999.0 -999.0 -999.0 -999.0 198.8894121307841 -24.474703025367344 198.91462917643582 -24.618680758204363 78.20454556266895 289.01179346380417 -999.0 5400.0 -999.0 1 260 {-999.0 -999.0 -999.0 -999.0 -999.0} "" -999.0 -999.0 -999.0 -999.0 -999 -999 "" "" "" "" 0 0 0.0 0.0 -999 ""
FIBERMAP 876 R+5C22 METROLOGY 0 0 0 1 0 0 225.40026760447654 115.30788434649038 143.1 -181.1872305511984 176.8245316941633 184.96924 34.67598 -999.0 -999.0 -999.0 -999.0 -999.0 198.89159340024258 -24.473519747043692 198.91679877346814 -24.61749051460499 78.20584430541001 289.0211018465777 -999.0 6231.0 -999.0 -1 -999 {-999.0 -999.0 -999.0 -999.0 -999.0} "" -999.0 -999.0 -999.0 -999.0 -999 -999 "" "" "" "" 0 0 0.0 0.0 -999 ""
FIBERMAP 878 R-3C23 APOGEE 0 0 0 1 0 0 243.75328919049605 -74.42081629239598 143.1 -7.2368061278172755 254.74736220891737 334.1679 75.48828 -999.0 -999.0 -999.0 -999.0 -999.0 199.47018722941937 -24.239572271921535 199.49570694719148 -24.383064481494827 78.58025562565673 291.2009019079313 -999.0 16600.0 -999.0 2 -999 {-999.0 -999.0 -999.0 -999.0 -999.0} "" -999.0 -999.0 -999.0 -999.0 -999 -999 "" "" "" "" 0 0 0.0 0.0 -999 ""
FIBERMAP 878 R-3C23 BOSS 1 1 0 1 0 0 243.26569148506937 -74.99708607635507 143.1 -6.535116299989798 254.46911551519284 334.1679 75.48828 199.4724746219409 -24.2403769814364 -1.0010811 0.13310333 0.947039 199.47247142280483 -24.240376593583758 199.4980364982384 -24.38388595949973 78.58252115801022 291.2019654045253 5400.0 5400.0 2016.0 1 279 {-999.0 20.846764 20.353386 20.164492 -999.0} sdss_psfmag_ps1 20.480389 20.284916 19.896788 -999.0 63050396450310498 1117337648 bright_1x1 openfibertargets_bhm_quaia_boss open_fiber science 0 0 0.0 0.0 -999 ""
FIBERMAP 878 R-3C23 METROLOGY 0 0 0 1 0 0 243.01787339653765 -74.2842079954568 143.1 -7.131647805531824 254.00682708090693 334.1679 75.48828 -999.0 -999.0 -999.0 -999.0 -999.0 199.47050067678018 -24.24172353794457 199.49605344412498 -24.385229045474016 78.58150291421428 291.1918254442547 -999.0 6231.0 -999.0 -1 -999 {-999.0 -999.0 -999.0 -999.0 -999.0} "" -999.0 -999.0 -999.0 -999.0 -999 -999 "" "" "" "" 0 0 0.0 0.0 -999 ""
FIBERMAP 879 R0C22 APOGEE 0 0 0 1 0 0 174.77845690566176 -12.282858792182168 143.1 -44.119627183491495 169.5559514424656 250.8596 117.84728 -999.0 -999.0 -999.0 -999.0 -999.0 199.34695828274002 -24.496086523318553 199.37261861077172 -24.639653680601118 78.5911315005529 289.7872658724011 -999.0 16600.0 -999.0 2 -999 {-999.0 -999.0 -999.0 -999.0 -999.0} "" -999.0 -999.0 -999.0 -999.0 -999 -999 "" "" "" "" 0 0 0.0 0.0 -999 ""
FIBERMAP 879 R0C22 BOSS 1 1 0 1 0 0 174.00918328602145 -12.374607767962571 143.1 -43.787253211882735 168.85618277819398 250.8596 117.84728 199.34801325135479 -24.49811828588329 -4.7945967 -0.93428487 0.095031664 199.34799789809892 -24.498121008315007 199.3737043895729 -24.64170539119733 78.59289649183421 289.77999464317287 5400.0 5400.0 2016.0 1 255 {-999.0 15.220871 14.3412285 13.967768 -999.0} sdss_psfmag_from_g3xp 14.950925 14.348683 13.605263 11.961 63050396450291666 1061626078 bright_1x1 manual_mwm_halo_distant_kgiant_near_boss_single mwm_halo science 0 0 0.0 0.0 -999 ""
FIBERMAP 879 R0C22 METROLOGY 0 0 0 1 0 0 174.3184541015183 -11.693032006611817 143.1 -44.5318492337632 168.93183324065353 250.8596 117.84728 -999.0 -999.0 -999.0 -999.0 -999.0 199.34552467748532 -24.49787451730457 199.3712162847196 -24.641455859562374 78.59074300621546 289.7762810899216 -999.0 6231.0 -999.0 -1 -999 {-999.0 -999.0 -999.0 -999.0 -999.0} "" -999.0 -999.0 -999.0 -999.0 -999 -999 "" "" "" "" 0 0 0.0 0.0 -999 ""
FIBERMAP 881 R+5C5 APOGEE 0 0 1 1 0 0 -144.37851166984086 104.71484435562654 143.1 -53.17662731470803 -170.2348066156991 9.981125 170.04675 -999.0 -999.0 -999.0 -999.0 -999.0 199.31422626215078 -25.526032655577755 199.34092559980013 -25.669501874705755 78.96282496721645 284.84822730260146 -999.0 16600.0 -999.0 2 27 {-999.0 -999.0 -999.0 -999.0 -999.0} "" -999.0 -999.0 -999.0 -999.0 -999 -999 "" ops_sky_apogee_best_unassigned ops_sky sky_apogee 0 0 0.0 0.0 -999 ""
FIBERMAP 881 R+5C5 BOSS 1 0 1 1 0 0 -143.63578765250216 104.68893262725088 143.1 -53.38902419417523 -169.5226613402466 9.981125 170.04675 199.31121826171875 -25.57301573831495 -999.0 -999.0 -999.0 199.31345138031534 -25.523924640020297 199.34019120098424 -25.66740930956271 78.96147779345078 284.85727712750383 5400.0 5400.0 2015.5 1 43 {-999.0 -999.0 -999.0 -999.0 -999.0} "" -999.0 -999.0 -999.0 -999.0 27021603177278560 814933651 "" ops_sky_boss_good ops_sky sky_boss 0 0 0.0 0.0 -999 ""
FIBERMAP 881 R+5C5 METROLOGY 0 0 1 1 0 0 -144.0388356658217 104.04883921886683 143.1 -52.65382293350706 -169.7004185656867 9.981125 170.04675 -999.0 -999.0 -999.0 -999.0 -999.0 199.31592448966018 -25.52449499801068 199.34265521771636 -25.6679733532533 78.96375633843202 284.8585420564271 -999.0 6231.0 -999.0 -1 -999 {-999.0 -999.0 -999.0 -999.0 -999.0} "" -999.0 -999.0 -999.0 -999.0 -999 -999 "" "" "" "" 0 0 0.0 0.0 -999 ""
FIBERMAP 882 R-1C8 APOGEE 0 0 0 1 0 0 -130.51116909307018 -24.416138483237706 143.1 64.77649818481541 -115.89571335430858 169.90193 153.37473 -999.0 -999.0 -999.0 -999.0 -999.0 199.71049895889362 -25.361905977047748 199.73744683724271 -25.50505142930939 79.23802489735398 286.33681138306133 -999.0 16600.0 -999.0 2 -999 {-999.0 -999.0 -999.0 -999.0 -999.0} "" -999.0 -999.0 -999.0 -999.0 -999 -999 "" "" "" "" 0 0 0.0 0.0 -999 ""
FIBERMAP 882 R-1C8 BOSS 1 1 0 1 0 0 -131.12167880399988 -23.968874498259225 143.1 64.5473993682128 -116.61698453278817 169.90193 153.37473 199.70975375986092 -25.364140932873404 -8.681248 2.2135153 11.076524 199.7097257647628 -25.36413448286162 199.736714004362 -25.50729448079443 79.23823540338141 286.3243385437632 5400.0 5400.0 2016.0 1 459 {-999.0 15.681154 14.922239 14.616047 -999.0} sdss_psfmag_from_g3xp 15.304248 15.298769 14.263359 13.063 63050396450244933 1150941778 bright_1x1 mwm_snc_100pc_boss_single mwm_snc science 0 0 0.0 0.0 -999 ""
FIBERMAP 882 R-1C8 METROLOGY 0 0 0 1 0 0 -130.4283824252673 -23.672737794221216 143.1 64.04556665213369 -116.05442580843527 169.90193 153.37473 -999.0 -999.0 -999.0 -999.0 -999.0 199.70805810341312 -25.362448131659544 199.7350340716282 -25.505606407235106 79.23620438266303 286.3297563203555 -999.0 6231.0 -999.0 -1 -999 {-999.0 -999.0 -999.0 -999.0 -999.0} "" -999.0 -999.0 -999.0 -999.0 -999 -999 "" "" "" "" 0 0 0.0 0.0 -999 ""
FIBERMAP 883 R+4C1 APOGEE 1 1 0 1 0 0 -244.4291884064156 64.06774061061401 143.1 17.264036519688922 -252.0849393459015 283.68637 112.71989 199.55059546133472 -25.772996058103587 -2.1142268 0.19612901 0.9917576 199.5505886201048 -25.772995486598948 199.57780394303074 -25.9162300299612 79.24719447020402 284.00334332064864 16000.0 16600.0 2016.0 2 2 {-999.0 12.96556 12.282145 12.017485 -999.0} sdss_psfmag_from_g3xp 12.7846775 12.307301 11.669544 10.379 63050396450243319 1109327754 bright_1x1 mwm_tess_rgb_apogee mwm_tessrgb science 0 0 0.0 0.0 -999 ""
FIBERMAP 883 R+4C1 BOSS 0 0 0 1 0 0 -245.01051866703375 63.60342584219697 143.1 17.889530493494355 -252.48773359213655 283.68637 112.71989 -999.0 -999.0 -999.0 -999.0 -999.0 199.55264674610459 -25.774205641956872 199.5799086508224 -25.91745182958139 79.24938555542042 284.0005308310423 -999.0 5400.0 -999.0 1 2 {-999.0 -999.0 -999.0 -999.0 -999.0} "" -999.0 -999.0 -999.0 -999.0 -999 -999 "" "" "" "" 0 0 0.0 0.0 -999 ""
FIBERMAP 883 R+4C1 METROLOGY 0 0 0 1 0 0 -245.10935990552537 64.35795187914327 143.1 17.20600075917137 -252.82212392791462 283.68637 112.71989 -999.0 -999.0 -999.0 -999.0 -999.0 199.55036466170122 -25.775258163653103 199.57761312212153 -25.91850237681089 79.24778613499394 283.9915476959741 -999.0 6231.0 -999.0 -1 -999 {-999.0 -999.0 -999.0 -999.0 -999.0} "" -999.0 -999.0 -999.0 -999.0 -999 -999 "" "" "" "" 0 0 0.0 0.0 -999 ""
FIBERMAP 884 R+2C18 APOGEE 0 0 0 1 0 0 110.93121330440987 52.79190645640173 143.1 -85.42152655189243 88.2870115120276 101.97206 109.56655 -999.0 -999.0 -999.0 -999.0 -999.0 199.20829032641498 -24.74187871780968 199.23406215413422 -24.88553472450271 78.57853461370591 288.3931420968056 -999.0 16600.0 -999.0 2 -999 {-999.0 -999.0 -999.0 -999.0 -999.0} "" -999.0 -999.0 -999.0 -999.0 -999 -999 "" "" "" "" 0 0 0.0 0.0 -999 ""
FIBERMAP 884 R+2C18 BOSS 1 1 0 1 0 0 111.69606131598559 53.18668704418561 143.1 -86.03967127214537 88.88590898200468 101.97206 109.56655 199.206258806889 -24.73996435424993 -36.03097 -10.890716 1.1147026 199.2061432051131 -24.739996088892845 199.23195419070544 -24.883671585920613 78.57603263295765 288.39784598352907 5400.0 5400.0 2016.0 1 208 {-999.0 17.35932 16.391489 15.848478 -999.0} sdss_psfmag_ps1 16.961668 16.405424 15.710319 14.252 63050396450291130 1072782498 bright_1x1 mwm_halo_local_high_boss_single mwm_halo science 0 0 0.0 0.0 -999 ""
FIBERMAP 884 R+2C18 METROLOGY 0 0 0 1 0 0 111.59387187485773 52.44494560009647 143.1 -85.30412208084412 89.02570409946925 101.97206 109.56655 -999.0 -999.0 -999.0 -999.0 -999.0 199.20860333687358 -24.739573019868075 199.2344044177895 -24.883241591639372 78.57789191706176 288.404367747189 -999.0 6231.0 -999.0 -1 -999 {-999.0 -999.0 -999.0 -999.0 -999.0} "" -999.0 -999.0 -999.0 -999.0 -999 -999 "" "" "" "" 0 0 0.0 0.0 -999 ""
FIBERMAP 888 R-5C14 APOGEE 1 1 0 1 0 0 71.34114661570875 -113.09148619364996 143.1 84.41648159165372 103.6898153461716 34.438946 12.076116 199.77557231789737 -24.695683171051883 7.949632 -3.699206 1.395453 199.77559781442204 -24.695693950244905 199.80190453675291 -24.838863843647783 79.02868117112531 289.70637408497805 16000.0 16600.0 2016.0 2 196 {-999.0 12.747845 12.212208 12.019341 -999.0} sdss_psfmag_from_g3xp 12.627618 12.238139 11.680806 10.636 63050396450271024 1113966742 bright_1x1 openfibertargets_mwm_subgiant_nataf24_apogee open_fiber science 0 0 0.0 0.0 -999 ""
FIBERMAP 888 R-5C14 BOSS 0 0 0 1 0 0 70.83030958550093 -113.6389086153389 143.1 85.09824692088412 103.38034151729468 34.438946 12.076116 -999.0 -999.0 -999.0 -999.0 -999.0 199.77787793772953 -24.69656375701563 199.8042299343731 -24.839749137282535 79.03096799558227 289.7068190101481 -999.0 5400.0 -999.0 1 271 {-999.0 -999.0 -999.0 -999.0 -999.0} "" -999.0 -999.0 -999.0 -999.0 -999 -999 "" "" "" "" 0 0 0.0 0.0 -999 ""
FIBERMAP 888 R-5C14 METROLOGY 0 0 0 1 0 0 70.60692133288583 -112.93062638322726 143.1 84.49827697405422 102.94267143354729 34.438946 12.076116 -999.0 -999.0 -999.0 -999.0 -999.0 199.7759009512252 -24.69788397797996 199.8022405476911 -24.841065974423792 79.02988406062093 289.6965500107292 -999.0 6231.0 -999.0 -1 -999 {-999.0 -999.0 -999.0 -999.0 -999.0} "" -999.0 -999.0 -999.0 -999.0 -999 -999 "" "" "" "" 0 0 0.0 0.0 -999 ""
FIBERMAP 889 R-7C3 APOGEE 0 0 0 1 0 0 -173.0962053503276 -116.67910566937489 143.1 165.80001900577219 -126.81857545975474 153.55861 57.9229 -999.0 -999.0 -999.0 -999.0 -999.0 200.04892882815696 -25.393871192498256 200.07626997613977 -25.536713853262125 79.53375722386878 286.792259044625 -999.0 16600.0 -999.0 2 245 {-999.0 -999.0 -999.0 -999.0 -999.0} "" -999.0 -999.0 -999.0 -999.0 -999 -999 "" ops_sky_apogee_best_unassigned ops_sky sky_apogee 0 0 0.0 0.0 -999 ""
FIBERMAP 889 R-7C3 BOSS 1 1 0 1 0 0 -172.4189883537908 -116.3923258426627 143.1 165.31218364191315 -126.26826999329602 153.55861 57.9229 200.04730224609372 -25.39223231377275 -999.0 -999.0 -999.0 200.0473022460937 -25.39223231377275 200.07468056329287 -25.53509140693562 79.53182142131428 286.79760033247214 5400.0 5400.0 2015.5 1 502 {-999.0 -999.0 -999.0 -999.0 -999.0} "" -999.0 -999.0 -999.0 -999.0 27021603177278141 814933506 "" ops_sky_boss_good ops_sky sky_boss 0 0 0.0 0.0 -999 ""
FIBERMAP 889 R-7C3 METROLOGY 0 0 0 1 0 0 -172.485428273524 -117.10943103949992 143.1 166.01297982067862 -126.10245487425534 153.55861 57.9229 -999.0 -999.0 -999.0 -999.0 -999.0 200.04968156944196 -25.391740824310794 200.07705039120458 -25.534593671163243 79.53361955919269 286.80453390609273 -999.0 6231.0 -999.0 -1 -999 {-999.0 -999.0 -999.0 -999.0 -999.0} "" -999.0 -999.0 -999.0 -999.0 -999 -999 "" "" "" "" 0 0 0.0 0.0 -999 ""
FIBERMAP 890 R+11C6 APOGEE 1 1 0 1 0 0 -39.518748990007225 211.43307603756256 143.1 -187.76706945183264 -104.90597238564757 18.371525 88.74903 198.86441524812506 -25.3258537585107 -154.63605 -94.31245 13.11062 198.86391673782876 -25.32612857671128 198.88992404048957 -25.470004006472497 78.51187931636636 285.0748433763836 16000.0 16600.0 2016.0 2 146 {-999.0 10.117047 9.574021 9.389528 -999.0} sdss_psfmag_from_g3xp 9.997384 9.612223 9.05614 8.031 63050396450283382 984792691 bright_1x1 mwm_snc_100pc_apogee mwm_snc science 0 0 0.0 0.0 -999 ""
FIBERMAP 890 R+11C6 BOSS 0 0 0 1 0 0 -39.30986966305538 210.7003199316747 143.1 -187.13927682226537 -104.47424442110412 18.371525 88.74903 -999.0 -999.0 -999.0 -999.0 -999.0 198.86592143718119 -25.32484419175699 198.89197848524543 -25.46873455557102 78.51316465763587 285.08410127233043 -999.0 5400.0 -999.0 1 149 {-999.0 -999.0 -999.0 -999.0 -999.0} "" -999.0 -999.0 -999.0 -999.0 -999 -999 "" "" "" "" 0 0 0.0 0.0 -999 ""
FIBERMAP 890 R+11C6 METROLOGY 0 0 0 1 0 0 -40.044357841175916 210.9030478227576 143.1 -187.09707589301365 -105.2349947740816 18.371525 88.74903 -999.0 -999.0 -999.0 -999.0 -999.0 198.8660357648099 -25.32716627496597 198.89208251823402 -25.471051880240964 78.51407266293151 285.07338447121083 -999.0 6231.0 -999.0 -1 -999 {-999.0 -999.0 -999.0 -999.0 -999.0} "" -999.0 -999.0 -999.0 -999.0 -999 -999 "" "" "" "" 0 0 0.0 0.0 -999 ""
FIBERMAP 892 R-3C17 APOGEE 0 0 0 1 0 0 82.27501568050559 -57.88931282244273 143.1 28.61319007740222 96.44051981589024 217.6919 71.34085 -999.0 -999.0 -999.0 -999.0 -999.0 199.58930285495248 -24.71762516285875 199.61544185201024 -24.860955414822666 78.88417216739022 289.2326744115716 -999.0 16600.0 -999.0 2 -999 {-999.0 -999.0 -999.0 -999.0 -999.0} "" -999.0 -999.0 -999.0 -999.0 -999 -999 "" "" "" "" 0 0 0.0 0.0 -999 ""
FIBERMAP 892 R-3C17 BOSS 1 1 0 1 0 0 82.0185369214239 -57.170130390914565 143.1 28.01344698576209 95.9680123802193 217.6919 71.34085 199.5872658421468 -24.71898914166704 2.780459 1.3449737 1.1896617 199.58727476146515 -24.718985222519425 199.61345496640396 -24.86233444532242 78.88310327451356 289.22228957529813 5400.0 5400.0 2016.0 1 298 {-999.0 13.938927 13.585708 13.457894 -999.0} sdss_psfmag_from_g3xp 13.880783 13.586722 13.126472 12.303 63050396450250471 978014381 "" ops_std_boss ops_std standard_boss 0 0 0.0 0.0 -999 ""
FIBERMAP 892 R-3C17 METROLOGY 0 0 0 1 0 0 82.75397002833465 -57.31476869925311 143.1 27.915893171397833 96.71112575344534 217.6919 71.34085 -999.0 -999.0 -999.0 -999.0 -999.0 199.58696304566868 -24.716727821436393 199.6131289861347 -24.860072742310624 78.88189653013727 289.2323279181543 -999.0 6231.0 -999.0 -1 -999 {-999.0 -999.0 -999.0 -999.0 -999.0} "" -999.0 -999.0 -999.0 -999.0 -999 -999 "" "" "" "" 0 0 0.0 0.0 -999 ""
FIBERMAP 893 R+11C7 APOGEE 0 0 0 1 1 0 -20.009127782434938 213.57974092609115 143.1 -196.02567182530476 -87.10158653695142 5.237269 112.65337 -999.0 -999.0 -999.0 -999.0 -999.0 198.83657991403288 -25.272067413399398 198.8625066685197 -25.415973449501944 78.46952388376569 285.2838022295401 -999.0 16600.0 -999.0 2 130 {-999.0 -999.0 -999.0 -999.0 -999.0} "" -999.0 -999.0 -999.0 -999.0 -999 -999 "" ops_sky_apogee_best_unassigned ops_sky sky_apogee 0 0 0.0 0.0 -999 ""
FIBERMAP 893 R+11C7 BOSS 0 0 0 1 1 0 -19.62108032698242 212.91289549832865 143.1 -195.5175031854204 -86.52108884508168 5.237269 112.65337 -999.0 -999.0 -999.0 -999.0 -999.0 198.8381879844921 -25.270326245242927 198.8641599003771 -25.414246787383526 78.4703011751886 285.29454042202906 -999.0 5400.0 -999.0 1 117 {-999.0 -999.0 -999.0 -999.0 -999.0} "" -999.0 -999.0 -999.0 -999.0 -999 -999 "" "" "" "" 0 0 0.0 0.0 -999 ""
FIBERMAP 893 R+11C7 METROLOGY 0 0 0 1 1 0 -20.389617636306475 212.93583753248163 143.1 -195.29405664144042 -87.25674991352348 5.237269 112.65337 -999.0 -999.0 -999.0 -999.0 -999.0 198.8389041619045 -25.272575041080533 198.86486631478647 -25.41649026774399 78.47169908834391 285.28519844991416 -999.0 6231.0 -999.0 -1 -999 {-999.0 -999.0 -999.0 -999.0 -999.0} "" -999.0 -999.0 -999.0 -999.0 -999 -999 "" "" "" "" 0 0 0.0 0.0 -999 ""
FIBERMAP 900 R-5C6 APOGEE 0 0 0 1 0 0 -121.17885100703585 -80.59530114107451 143.1 115.04010089013978 -89.12848699570314 108.14346 90.03277 -999.0 -999.0 -999.0 -999.0 -999.0 199.87899629542446 -25.28045033389024 199.90603510679045 -25.423457574149527 79.34879112719696 287.05003955501707 -999.0 16600.0 -999.0 2 -999 {-999.0 -999.0 -999.0 -999.0 -999.0} "" -999.0 -999.0 -999.0 -999.0 -999 -999 "" "" "" "" 0 0 0.0 0.0 -999 ""
FIBERMAP 900 R-5C6 BOSS 1 1 0 1 0 0 -120.35946174276027 -80.40501581044144 143.1 114.59835560464302 -88.4126601386001 108.14346 90.03277 199.87753239916088 -25.27831075752807 -0.10584385 0.10502791 -0.24462125 199.87753205807974 -25.278310451485027 199.90460829812744 -25.421334512635173 79.34679508866974 287.05803387209016 5400.0 5400.0 2016.0 1 484 {-999.0 19.328861 19.301588 19.24749 -999.0} sdss_psfmag_ps1 19.469814 19.51187 19.09568 -999.0 63050396450246188 1117337444 bright_1x1 openfibertargets_bhm_quaia_boss open_fiber science 0 0 0.0 0.0 -999 ""
FIBERMAP 900 R-5C6 METROLOGY 0 0 0 1 0 0 -120.62096215657823 -81.09355634408917 143.1 115.33431180277663 -88.44081666229566 108.14346 90.03277 -999.0 -999.0 -999.0 -999.0 -999.0 199.88002257568647 -25.278402602735053 199.90708988891572 -25.42142012648206 79.34890205200493 287.0621936321573 -999.0 6231.0 -999.0 -1 -999 {-999.0 -999.0 -999.0 -999.0 -999.0} "" -999.0 -999.0 -999.0 -999.0 -999 -999 "" "" "" "" 0 0 0.0 0.0 -999 ""
FIBERMAP 909 R+1C23 APOGEE 0 0 0 1 0 0 215.02482785730476 6.187670973712743 143.1 -74.4640402207457 201.80467815043409 280.73907 115.855125 -999.0 -999.0 -999.0 -999.0 -999.0 199.24639580880847 -24.39866972085249 199.27185365820696 -24.542335122230426 78.46672080333168 290.0329975782714 -999.0 16600.0 -999.0 2 -999 {-999.0 -999.0 -999.0 -999.0 -999.0} "" -999.0 -999.0 -999.0 -999.0 -999 -999 "" "" "" "" 0 0 0.0 0.0 -999 ""
FIBERMAP 909 R+1C23 BOSS 1 1 0 1 0 0 214.4350656790129 5.749698765387538 143.1 -73.86082099768319 201.38548884371676 280.73907 115.855125 199.24891069840248 -24.40008239416092 -179.52504 72.24615 12.154685 199.24833627139358 -24.399871873496625 199.27383728461183 -24.543553278217214 78.46887347150103 290.0313687774134 5400.0 5400.0 2016.0 1 190 {-999.0 20.142487 18.698551 16.642977 -999.0} sdss_psfmag_ps1 19.599604 17.500687 16.189093 13.794 63050396450291896 1157706570 bright_1x1 mwm_snc_100pc_bright_boss_single mwm_snc science 0 0 0.0 0.0 -999 ""
FIBERMAP 909 R+1C23 METROLOGY 0 0 0 1 0 0 214.3361636043253 6.479629469845859 143.1 -74.5210223587615 201.05888757358926 280.73907 115.855125 -999.0 -999.0 -999.0 -999.0 -999.0 199.2461340614021 -24.400829352374913 199.27162499941903 -24.544508170085784 78.46746561137002 290.0227340739864 -999.0 6231.0 -999.0 -1 -999 {-999.0 -999.0 -999.0 -999.0 -999.0} "" -999.0 -999.0 -999.0 -999.0 -999 -999 "" "" "" "" 0 0 0.0 0.0 -999 ""
FIBERMAP 911 R+5C9 APOGEE 0 0 0 1 0 0 -49.27135354180081 113.4549824602918 143.1 -91.80195642207941 -82.89026852030145 102.18328 78.168625 -999.0 -999.0 -999.0 -999.0 -999.0 199.1851334869561 -25.26119583428559 199.21141853377253 -25.404808078628367 78.75937345016655 285.91321250224996 -999.0 16600.0 -999.0 2 43 {-999.0 -999.0 -999.0 -999.0 -999.0} "" -999.0 -999.0 -999.0 -999.0 -999 -999 "" ops_sky_apogee_best_unassigned ops_sky sky_apogee 0 0 0.0 0.0 -999 ""
FIBERMAP 911 R+5C9 BOSS 1 1 0 1 0 0 -48.539745376137226 113.43287196785353 143.1 -92.01440940558489 -82.1898704422644 102.18328 78.168625 199.18432064044833 -25.25904579371031 3.1491687 -17.291298 0.18850034 199.18433078701764 -25.25909617918981 199.2106566109777 -25.402724917188866 78.75797222888728 285.92187209986304 5400.0 5400.0 2016.0 1 77 {-999.0 17.851723 17.390312 17.303246 -999.0} sdss_psfmag_ps1 17.723663 17.431723 16.973587 16.112 63050396450248226 976173554 "" ops_std_boss ops_std standard_boss 0 0 0.0 0.0 -999 ""
FIBERMAP 911 R+5C9 METROLOGY 0 0 0 1 0 0 -48.90039008996364 112.80325137617965 143.1 -91.30266126687833 -82.33078328911367 102.18328 78.168625 -999.0 -999.0 -999.0 -999.0 -999.0 199.1867178488777 -25.259544982233354 199.2130343328471 -25.403167228398218 78.76013319108817 285.9237831224974 -999.0 6231.0 -999.0 -1 -999 {-999.0 -999.0 -999.0 -999.0 -999.0} "" -999.0 -999.0 -999.0 -999.0 -999 -999 "" "" "" "" 0 0 0.0 0.0 -999 ""
FIBERMAP 913 R-2C5 APOGEE 1 1 0 1 0 0 -197.21499261394376 -26.137918908045236 143.1 87.68894091933889 -178.56153525658897 218.7247 21.89424 199.78734525166112 -25.551243448723476 -13.220135 -2.671879 0.61094713 199.78730255332556 -25.551251234362336 199.8145350356937 -25.6943060130108 79.37123311694451 285.5212840005385 16000.0 16600.0 2016.0 2 287 {-999.0 12.415614 11.565441 11.258104 -999.0} sdss_psfmag_from_g3xp 12.16198 11.606601 10.904043 9.45 63050396450243882 1106203196 bright_1x1 mwm_tess_rgb_apogee mwm_tessrgb science 0 0 0.0 0.0 -999 ""
FIBERMAP 913 R-2C5 BOSS 0 0 0 1 0 0 -196.8585151979327 -25.50596866488302 143.1 86.9763144780281 -178.42531498788998 218.7247 21.89424 -999.0 -999.0 -999.0 -999.0 -999.0 199.78489720418747 -25.550882605868264 199.8121687295153 -25.69395386164038 79.36911437510895 285.5189710171634 -999.0 5400.0 -999.0 1 471 {-999.0 -999.0 -999.0 -999.0 -999.0} "" -999.0 -999.0 -999.0 -999.0 -999 -999 "" "" "" "" 0 0 0.0 0.0 -999 ""
FIBERMAP 913 R-2C5 METROLOGY 0 0 0 1 0 0 -196.4654659834717 -26.126427578223762 143.1 87.43892695310073 -177.8548759593457 218.7247 21.89424 -999.0 -999.0 -999.0 -999.0 -999.0 199.78647616624366 -25.549185367066773 199.8137357124076 -25.692251402905747 79.36983102663307 285.5303141667548 -999.0 6231.0 -999.0 -1 -999 {-999.0 -999.0 -999.0 -999.0 -999.0} "" -999.0 -999.0 -999.0 -999.0 -999 -999 "" "" "" "" 0 0 0.0 0.0 -999 ""
FIBERMAP 915 R+5C16 APOGEE 0 0 0 1 0 0 94.82421199743972 81.99725470040414 143.1 -107.96073376824297 63.70496070685898 270.96698 92.39082 -999.0 -999.0 -999.0 -999.0 -999.0 199.13270767988615 -24.816243988945406 199.1584779136632 -24.959955386434498 78.5455328536023 287.91083611264924 -999.0 16600.0 -999.0 2 68 {-999.0 -999.0 -999.0 -999.0 -999.0} "" -999.0 -999.0 -999.0 -999.0 -999 -999 "" ops_sky_apogee_best_unassigned ops_sky sky_apogee 0 0 0.0 0.0 -999 ""
FIBERMAP 915 R+5C16 BOSS 1 1 0 1 0 0 94.08528808282281 81.96477157802153 143.1 -107.69420852268706 63.01504666186571 270.96698 92.39082 199.1334857110501 -24.81828896346884 -0.78059435 -0.00048608682 0.7880061 199.13348320501072 -24.818288964885237 199.159300043541 -24.962016632073876 78.54703516779229 287.9027985928281 5400.0 5400.0 2016.0 1 222 {-999.0 20.213726 19.7821 19.902737 -999.0} sdss_psfmag_ps1 20.298412 20.008335 19.268269 -999.0 63050396450289255 1117337625 bright_1x1 openfibertargets_bhm_quaia_boss open_fiber science 0 0 0.0 0.0 -999 ""
FIBERMAP 915 R+5C16 METROLOGY 0 0 0 1 0 0 94.42092127291737 82.61934634135245 143.1 -108.42162619857295 63.1242949187875 270.96698 92.39082 -999.0 -999.0 -999.0 -999.0 -999.0 199.1310566321494 -24.81794999776344 199.15685843949746 -24.961674950459937 78.54486774177617 287.8999543741988 -999.0 6231.0 -999.0 -1 -999 {-999.0 -999.0 -999.0 -999.0 -999.0} "" -999.0 -999.0 -999.0 -999.0 -999 -999 "" "" "" "" 0 0 0.0 0.0 -999 ""
FIBERMAP 922 R-1C18 APOGEE 1 1 0 1 0 0 85.81892021191263 -18.930716079145004 143.1 -9.438443316521303 87.36999975798952 193.68173 102.188866 199.46209831646405 -24.745028975009433 8.092929 -1.8887992 0.76815534 199.46212428287092 -24.745034478819235 199.48816079614207 -24.888471714016795 78.79029832887922 288.85737542360545 16000.0 16600.0 2016.0 2 212 {-999.0 13.2525215 12.258515 11.909161 -999.0} sdss_psfmag_from_g3xp 12.920966 12.297886 11.54753 9.972 63050396450290378 1108800116 bright_1x1 mwm_tess_rgb_apogee mwm_tessrgb science 0 0 0.0 0.0 -999 ""
FIBERMAP 922 R-1C18 BOSS 0 0 0 1 0 0 85.60012789146126 -18.205650964462304 143.1 -10.055784632784897 86.93133094160545 193.68173 102.188866 -999.0 -999.0 -999.0 -999.0 -999.0 199.4600097127263 -24.74629477705492 199.48608839901283 -24.889751152362813 78.78910716319652 288.8474113687146 -999.0 5400.0 -999.0 1 301 {-999.0 -999.0 -999.0 -999.0 -999.0} "" -999.0 -999.0 -999.0 -999.0 -999 -999 "" "" "" "" 0 0 0.0 0.0 -999 ""
FIBERMAP 922 R-1C18 METROLOGY 0 0 0 1 0 0 86.32535185960153 -18.38913630138754 143.1 -10.113266117801691 87.6771626071889 193.68173 102.188866 -999.0 -999.0 -999.0 -999.0 -999.0 199.45983188279803 -24.74402916552077 199.48589590628262 -24.88748104614175 78.78801819510974 288.85769529394776 -999.0 6231.0 -999.0 -1 -999 {-999.0 -999.0 -999.0 -999.0 -999.0} "" -999.0 -999.0 -999.0 -999.0 -999 -999 "" "" "" "" 0 0 0.0 0.0 -999 ""
FIBERMAP 923 R+4C16 APOGEE 0 0 0 1 0 0 75.01268567346831 79.97437126589558 143.1 -99.72312125502829 45.57496941824112 182.7158 103.94469 -999.0 -999.0 -999.0 -999.0 -999.0 199.15996528159533 -24.871308706147822 199.18582046735798 -25.014990137250013 78.59005181858238 287.70521078107754 -999.0 16600.0 -999.0 2 -999 {-999.0 -999.0 -999.0 -999.0 -999.0} "" -999.0 -999.0 -999.0 -999.0 -999 -999 "" "" "" "" 0 0 0.0 0.0 -999 ""
FIBERMAP 923 R+4C16 BOSS 1 1 0 1 0 0 74.79056433895953 80.70925869907965 143.1 -100.34870910473596 45.13001205690991 182.7158 103.94469 199.1578268718884 -24.87267306956298 -18.842274 21.056393 2.966105 199.1577663536263 -24.87261171288144 199.18366360827463 -25.016311655035828 78.5887750362502 287.6951825017503 5400.0 5400.0 2016.0 1 219 {-999.0 -999.0 -999.0 -999.0 -999.0} "" -999.0 17.357672 -999.0 13.083 63050396450289203 1095468997 bright_1x1 mwm_bin_vis_boss mwm_filler science 0 0 0.0 0.0 -999 ""
FIBERMAP 923 R+4C16 METROLOGY 0 0 0 1 0 0 75.51664098618912 80.52711646901956 143.1 -100.40773548305097 45.876223310087006 182.7158 103.94469 -999.0 -999.0 -999.0 -999.0 -999.0 199.1575802175072 -24.870347086093958 199.1834634053895 -25.014042878667855 78.58771541896597 287.70536312525076 -999.0 6231.0 -999.0 -1 -999 {-999.0 -999.0 -999.0 -999.0 -999.0} "" -999.0 -999.0 -999.0 -999.0 -999 -999 "" "" "" "" 0 0 0.0 0.0 -999 ""
FIBERMAP 924 R-11C4 APOGEE 0 0 1 1 0 0 -100.57461994766258 -205.81108593483162 143.1 227.13350930198996 -29.65393026432526 9.992495 171.84717 -999.0 -999.0 -999.0 -999.0 -999.0 200.25265585987657 -25.098785176271043 200.27988993225438 -25.24148185228789 79.58900726045641 288.68787861674616 -999.0 16600.0 -999.0 2 178 {-999.0 -999.0 -999.0 -999.0 -999.0} "" -999.0 -999.0 -999.0 -999.0 -999 -999 "" ops_sky_apogee_best_unassigned ops_sky sky_apogee 0 0 0.0 0.0 -999 ""
FIBERMAP 924 R-11C4 BOSS 1 0 1 1 0 0 -99.8325453287289 -205.76599622048786 143.1 226.854031627379 -28.965052218445024 9.992495 171.84717 200.3455521369781 -25.071103297406825 27.144348 -33.00585 4.948411 200.25171927539358 -25.096693106137856 200.2789899865685 -25.23940671229584 79.587428300989 288.69658508376267 5400.0 5400.0 2016.0 1 424 {-999.0 20.095982 18.578068 17.08799 -999.0} sdss_psfmag_ps1 19.472761 17.833015 16.60889 14.288 63050396450266555 1081798568 bright_flexible_2x1 mwm_snc_ext_filler_boss mwm_snc science 0 0 0.0 0.0 -999 ""
FIBERMAP 924 R-11C4 METROLOGY 0 0 1 1 0 0 -100.16580297612276 -206.43867326801495 143.1 227.59784693811457 -29.066273952585167 9.992495 171.84717 -999.0 -999.0 -999.0 -999.0 -999.0 200.25424298228617 -25.096996254072693 200.28150534352676 -25.239703067363145 79.58963090166303 288.7001412916217 -999.0 6231.0 -999.0 -1 -999 {-999.0 -999.0 -999.0 -999.0 -999.0} "" -999.0 -999.0 -999.0 -999.0 -999 -999 "" "" "" "" 0 0 0.0 0.0 -999 ""
FIBERMAP 926 R+12C11 APOGEE 0 0 0 1 0 0 72.73917341842669 225.36909217924153 143.1 -236.78818330822992 -2.9653333593756597 268.22665 149.36198 -999.0 -999.0 -999.0 -999.0 -999.0 198.70244897306594 -25.016476158758472 198.72797467268163 -25.160525639692658 78.2629230123967 286.24242891138033 -999.0 16600.0 -999.0 2 -999 {-999.0 -999.0 -999.0 -999.0 -999.0} "" -999.0 -999.0 -999.0 -999.0 -999 -999 "" "" "" "" 0 0 0.0 0.0 -999 ""
FIBERMAP 926 R+12C11 BOSS 1 1 0 1 0 0 72.33270211792467 224.72075213103975 143.1 -236.04407457656265 -3.1437038802666417 268.22665 149.36198 198.70484204688017 -25.01700058760268 -2.773755 -4.927159 0.045160983 198.70483312758847 -25.01701494495508 198.73040744402323 -25.16107901222698 78.26517231253246 286.24394989935695 5400.0 5400.0 2016.0 1 107 {-999.0 15.08547 14.163871 13.763128 -999.0} sdss_psfmag_from_g3xp 14.788652 14.161533 13.401122 11.775 63050396450289478 1061626074 bright_1x1 manual_mwm_halo_distant_kgiant_near_boss_single mwm_halo science 0 0 0.0 0.0 -999 ""
FIBERMAP 926 R+12C11 METROLOGY 0 0 0 1 0 0 71.99190379903374 225.40205174125958 143.1 -236.5810154549411 -3.684034986705864 268.22665 149.36198 -999.0 -999.0 -999.0 -999.0 -999.0 198.70301074530315 -25.018644420582834 198.7285719446993 -25.162705091168103 78.26423856173247 286.2334825521487 -999.0 6231.0 -999.0 -1 -999 {-999.0 -999.0 -999.0 -999.0 -999.0} "" -999.0 -999.0 -999.0 -999.0 -999 -999 "" "" "" "" 0 0 0.0 0.0 -999 ""
FIBERMAP 928 R-10C10 APOGEE 0 0 0 1 0 0 7.389831247411676 -207.89186840891733 143.1 194.66125312327253 73.3276772673136 276.2717 49.78715 -999.0 -999.0 -999.0 -999.0 -999.0 200.14312739560557 -24.787311082668825 200.16990996291918 -24.93014414942369 79.36986558849595 290.01636381042056 -999.0 16600.0 -999.0 2 -999 {-999.0 -999.0 -999.0 -999.0 -999.0} "" -999.0 -999.0 -999.0 -999.0 -999 -999 "" "" "" "" 0 0 0.0 0.0 -999 ""
FIBERMAP 928 R-10C10 BOSS 1 1 0 1 0 0 6.783236632096445 -207.45972576666088 143.1 194.44523573915805 72.61494062552562 276.2717 49.78715 200.1424665661933 -24.789422356377386 -9.336751 -4.1838427 0.14923841 200.14243659823313 -24.789434547762294 200.16926085870114 -24.93228498220862 79.37023785057718 290.0044979823976 5400.0 5400.0 2016.0 1 403 {-999.0 18.759966 18.370123 18.18639 -999.0} sdss_psfmag_ps1 18.67966 18.34399 17.875862 -999.0 63050396450270064 944648648 bright_1x1 openfibertargets_nov2020_6c open_fiber science 0 0 0.0 0.0 -999 ""
FIBERMAP 928 R-10C10 METROLOGY 0 0 0 1 0 0 7.425264526308327 -207.14471199989526 143.1 193.9418695882152 73.1228898701139 276.2717 49.78715 -999.0 -999.0 -999.0 -999.0 -999.0 200.14079678571844 -24.787894307149077 200.16760641434553 -24.93074158835883 79.3682255437376 290.00863933728056 -999.0 6231.0 -999.0 -1 -999 {-999.0 -999.0 -999.0 -999.0 -999.0} "" -999.0 -999.0 -999.0 -999.0 -999 -999 "" "" "" "" 0 0 0.0 0.0 -999 ""
FIBERMAP 929 R-3C18 APOGEE 0 0 0 1 0 0 109.1806715471995 -41.847710339484046 143.1 4.826795160436915 116.82117594371864 199.71614 29.317625 -999.0 -999.0 -999.0 -999.0 -999.0 199.50988045949114 -24.65580323924532 199.53587317648498 -24.79921008564982 78.79282068480262 289.36759746739915 -999.0 16600.0 -999.0 2 217 {-999.0 -999.0 -999.0 -999.0 -999.0} "" -999.0 -999.0 -999.0 -999.0 -999 -999 "" ops_sky_apogee_best_unassigned ops_sky sky_apogee 0 0 0.0 0.0 -999 ""
FIBERMAP 929 R-3C18 BOSS 1 1 0 1 0 0 109.66236905395306 -41.27642898650804 143.1 4.131715219582656 117.0954225004208 199.71614 29.317625 199.5075541620574 -24.65487682914048 -10.435573 -4.89126 1.1289794 199.50752070342793 -24.65489108188349 199.53355220980671 -24.798317730538663 78.79053363344455 289.3672472637225 5400.0 5400.0 2016.0 1 309 {-999.0 15.036809 14.540233 14.356303 -999.0} sdss_psfmag_from_g3xp 14.926639 14.579997 14.001167 12.943 63050396450290749 1095973674 bright_1x1 mwm_bin_vis_boss mwm_filler science 0 0 0.0 0.0 -999 ""
FIBERMAP 929 R-3C18 METROLOGY 0 0 0 1 0 0 109.91417166227417 -41.99170846211632 143.1 4.729251330888556 117.56225318280781 199.71614 29.317625 -999.0 -999.0 -999.0 -999.0 -999.0 199.50952953873272 -24.65347187799982 199.5355499457695 -24.796892025121505 78.79158669703581 289.3778055943926 -999.0 6231.0 -999.0 -1 -999 {-999.0 -999.0 -999.0 -999.0 -999.0} "" -999.0 -999.0 -999.0 -999.0 -999 -999 "" "" "" "" 0 0 0.0 0.0 -999 ""
FIBERMAP 931 R+4C2 APOGEE 0 0 0 1 0 0 -235.30949901702934 64.87265937385038 143.1 13.591735185435095 -243.69901717478234 255.41287 85.88315 -999.0 -999.0 -999.0 -999.0 -999.0 199.53827953199797 -25.74780335857505 199.56545498472644 -25.891051766164818 79.22834291143701 284.1107096203964 -999.0 16600.0 -999.0 2 -999 {-999.0 -999.0 -999.0 -999.0 -999.0} "" -999.0 -999.0 -999.0 -999.0 -999 -999 "" "" "" "" 0 0 0.0 0.0 -999 ""
FIBERMAP 931 R+4C2 BOSS 1 1 0 1 0 0 -236.02345937283118 65.10969597404383 143.1 13.594872745337538 -244.45125894400277 255.41287 85.88315 199.5382486906594 -25.75007423613433 -0.7379762 0.07294778 -0.27881342 199.53824630317186 -25.75007402357024 199.56546682912025 -25.893335783120783 79.22911469698626 284.0992070742591 5400.0 5400.0 2016.0 1 74 {-999.0 20.389809 20.357914 20.317455 -999.0} sdss_psfmag_ps1 20.18081 20.091526 19.695246 -999.0 63050396450244004 1117337414 bright_1x1 openfibertargets_bhm_quaia_boss open_fiber science 0 0 0.0 0.0 -999 ""
FIBERMAP 931 R+4C2 METROLOGY 0 0 0 1 0 0 -235.4776841789558 65.60150227057359 143.1 12.954668321961893 -244.09093088981132 255.41287 85.88315 -999.0 -999.0 -999.0 -999.0 -999.0 199.5361110534294 -25.749035760805317 199.563316120094 -25.892295651868015 79.22694374803079 284.1010021840832 -999.0 6231.0 -999.0 -1 -999 {-999.0 -999.0 -999.0 -999.0 -999.0} "" -999.0 -999.0 -999.0 -999.0 -999 -999 "" "" "" "" 0 0 0.0 0.0 -999 ""
FIBERMAP 933 R+1C7 APOGEE 0 0 0 1 0 0 -150.15223062108055 10.383389695693182 143.1 38.06317539568627 -145.6117158169568 216.26427 141.28716 -999.0 -999.0 -999.0 -999.0 -999.0 199.62077570579027 -25.451951545385025 199.6477242682397 -25.59516439364562 79.19537859001716 285.7308224175705 -999.0 16600.0 -999.0 2 14 {-999.0 -999.0 -999.0 -999.0 -999.0} "" -999.0 -999.0 -999.0 -999.0 -999 -999 "" ops_sky_apogee_best_unassigned ops_sky sky_apogee 0 0 0.0 0.0 -999 ""
FIBERMAP 933 R+1C7 BOSS 1 1 0 1 0 0 -150.91542049788998 10.379036293241413 143.1 38.31078378245498 -146.33360098852685 216.26427 141.28716 199.62158203125 -25.454184593739782 -999.0 -999.0 -999.0 199.62158203125 -25.454184593739782 199.64857611625342 -25.597411151426318 79.19690220503097 285.72110655668286 5400.0 5400.0 2015.5 1 21 {-999.0 -999.0 -999.0 -999.0 -999.0} "" -999.0 -999.0 -999.0 -999.0 27021603177277992 814933490 "" ops_sky_boss_good ops_sky sky_boss 0 0 0.0 0.0 -999 ""
FIBERMAP 933 R+1C7 METROLOGY 0 0 0 1 0 0 -150.51975502090218 11.029019519299746 143.1 37.56856522639544 -146.1659953602589 216.26427 141.28716 -999.0 -999.0 -999.0 -999.0 -999.0 199.61910609184886 -25.45369940286306 199.64608509433447 -25.596924019675384 79.194630442948 285.71923100596405 -999.0 6231.0 -999.0 -1 -999 {-999.0 -999.0 -999.0 -999.0 -999.0} "" -999.0 -999.0 -999.0 -999.0 -999 -999 "" "" "" "" 0 0 0.0 0.0 -999 ""
FIBERMAP 937 R+8C19 APOGEE 0 0 0 1 0 0 190.22440759196266 169.5876562974768 143.1 -221.40584326258448 126.17138249144908 165.51337 73.13352 -999.0 -999.0 -999.0 -999.0 -999.0 198.75695685964527 -24.626122493923432 198.7821459629214 -24.770174172751833 78.15669156300143 288.0964764546893 -999.0 16600.0 -999.0 2 101 {-999.0 -999.0 -999.0 -999.0 -999.0} "" -999.0 -999.0 -999.0 -999.0 -999 -999 "" ops_sky_apogee_best_unassigned ops_sky sky_apogee 0 0 0.0 0.0 -999 ""
FIBERMAP 937 R+8C19 BOSS 1 1 0 1 0 0 190.60435328695294 170.24120776107435 143.1 -222.14642830520273 126.32295211769664 165.51337 73.13352 198.7544958126815 -24.625631644637455 -12.967537 -0.69046986 0.39872903 198.75445424578174 -24.62563365660652 198.77968545258457 -24.769705555203434 78.1544577841589 288.09418651153993 5400.0 5400.0 2016.0 1 175 {-999.0 18.263996 17.62868 17.481766 -999.0} sdss_psfmag_ps1 18.11415 17.673487 17.097565 16.157 63050396450292748 944648943 bright_1x1 openfibertargets_nov2020_6c open_fiber science 0 0 0.0 0.0 -999 ""
FIBERMAP 937 R+8C19 METROLOGY 0 0 0 1 0 0 190.97558491168837 169.58501543438666 143.1 -221.64299079221064 126.88411477910738 165.51337 73.13352 -999.0 -999.0 -999.0 -999.0 -999.0 198.75610793153783 -24.623926450493514 198.7813264482304 -24.767992082324625 78.15513210426718 288.104749498249 -999.0 6231.0 -999.0 -1 -999 {-999.0 -999.0 -999.0 -999.0 -999.0} "" -999.0 -999.0 -999.0 -999.0 -999 -999 "" "" "" "" 0 0 0.0 0.0 -999 ""
FIBERMAP 939 R+2C6 APOGEE 0 0 0 1 0 0 -142.86570266273216 55.6397081438448 143.1 -7.150820610812983 -153.1445369015867 121.574455 25.045147 -999.0 -999.0 -999.0 -999.0 -999.0 199.4688827678497 -25.47469515928101 199.4956934234557 -25.618037237704602 79.0754489054236 285.3580746298284 -999.0 16600.0 -999.0 2 -999 {-999.0 -999.0 -999.0 -999.0 -999.0} "" -999.0 -999.0 -999.0 -999.0 -999 -999 "" "" "" "" 0 0 0.0 0.0 -999 ""
FIBERMAP 939 R+2C6 BOSS 1 1 0 1 0 0 -142.24190446093652 55.254744547579925 143.1 -6.985003256940994 -152.4305481107929 121.574455 25.045147 199.46939643842137 -25.472587126094208 -0.17747375 -0.38894224 -0.47081405 199.46939586559282 -25.472588259441256 199.49624769885867 -25.615944818958543 79.0751751325158 285.3693337082048 5400.0 5400.0 2016.0 1 49 {-999.0 19.967726 19.656197 19.239311 -999.0} sdss_psfmag_ps1 20.001514 19.654917 18.99028 -999.0 63050396450247070 1117337463 bright_1x1 openfibertargets_bhm_quaia_boss open_fiber science 0 0 0.0 0.0 -999 ""
FIBERMAP 939 R+2C6 METROLOGY 0 0 0 1 0 0 -142.8963616192341 54.892340600274494 143.1 -6.432760149697057 -152.9351575264196 121.574455 25.045147 -999.0 -999.0 -999.0 -999.0 -999.0 199.47126090839927 -25.47413771116975 199.498104272354 -25.617488304502174 79.07728740589036 285.36484674315113 -999.0 6231.0 -999.0 -1 -999 {-999.0 -999.0 -999.0 -999.0 -999.0} "" -999.0 -999.0 -999.0 -999.0 -999 -999 "" "" "" "" 0 0 0.0 0.0 -999 ""
FIBERMAP 947 R+11C15 APOGEE 0 0 0 1 0 0 142.8212539472392 199.0382278036559 143.1 -234.19294628010803 71.8517746770398 270.02292 105.81991 -999.0 -999.0 -999.0 -999.0 -999.0 198.71297143850242 -24.790130156787217 198.73828002735365 -24.93419852030925 78.18513511904742 287.2848759780164 -999.0 16600.0 -999.0 2 -999 {-999.0 -999.0 -999.0 -999.0 -999.0} "" -999.0 -999.0 -999.0 -999.0 -999 -999 "" "" "" "" 0 0 0.0 0.0 -999 ""
FIBERMAP 947 R+11C15 BOSS 1 1 0 1 0 0 142.13396259835503 198.81938205493265 143.1 -233.76627790353538 71.27024855469739 270.02292 105.81991 198.714341772862 -24.791859127295133 -13.919714 -3.7916498 1.4598082 198.71429709419115 -24.79187017585735 198.7396538772924 -24.93595459239974 78.18696711297626 287.2793505131513 5400.0 5400.0 2016.0 1 186 {-999.0 19.457 18.073462 16.855442 -999.0} sdss_psfmag_ps1 18.67413 17.838625 16.511213 14.202 63050396450292224 1094259993 bright_1x1 mwm_bin_vis_boss mwm_filler science 0 0 0.0 0.0 -999 ""
FIBERMAP 947 R+11C15 METROLOGY 0 0 0 1 0 0 142.2821299091513 199.5567289978222 143.1 -234.51233088447782 71.17542859473068 270.02292 105.81991 -999.0 -999.0 -999.0 -999.0 -999.0 198.711793607928 -24.792139253972763 198.73713564444677 -24.936220886410258 78.18496807231946 287.27380443445935 -999.0 6231.0 -999.0 -1 -999 {-999.0 -999.0 -999.0 -999.0 -999.0} "" -999.0 -999.0 -999.0 -999.0 -999 -999 "" "" "" "" 0 0 0.0 0.0 -999 ""
FIBERMAP 949 R+1C19 APOGEE 0 0 0 1 0 0 136.4780612129313 36.354605962173856 143.1 -77.99420307716596 117.74176543182162 117.74429 34.590935 -999.0 -999.0 -999.0 -999.0 -999.0 199.23345926230942 -24.65267718713382 199.25916508355112 -24.79632258133423 78.56298071911978 288.8511194844816 -999.0 16600.0 -999.0 2 -999 {-999.0 -999.0 -999.0 -999.0 -999.0} "" -999.0 -999.0 -999.0 -999.0 -999 -999 "" "" "" "" 0 0 0.0 0.0 -999 ""
FIBERMAP 949 R+1C19 BOSS 1 1 0 1 0 0 137.1496857321233 36.030930147461824 143.1 -77.90172624219441 118.48152634304417 117.74429 34.590935 199.23369369412163 -24.65036414701947 0.11891084 -0.026532698 -0.031957954 199.23369407536083 -24.650364224333664 199.25944125305512 -24.794027541975336 78.56226581785715 288.86218988214654 5400.0 5400.0 2016.0 1 241 {-999.0 19.172358 18.965448 18.786577 18.64942} sdss_psfmag_from_gaiadr2 19.048162 18.975712 18.352163 -999.0 63050396450291232 1057721682 bright_flexible_2x1 bhm_gua_bright bhm_filler science 0 0 0.0 0.0 -999 ""
FIBERMAP 949 R+1C19 METROLOGY 0 0 0 1 0 0 136.50802573144026 35.60721025411378 143.1 -77.29545680710828 118.00860658052974 117.74429 34.590935 -999.0 -999.0 -999.0 -999.0 -999.0 199.23571334257022 -24.651792120571194 199.261451782653 -24.795448474866554 78.56451376960652 288.8594420817417 -999.0 6231.0 -999.0 -1 -999 {-999.0 -999.0 -999.0 -999.0 -999.0} "" -999.0 -999.0 -999.0 -999.0 -999 -999 "" "" "" "" 0 0 0.0 0.0 -999 ""
FIBERMAP 952 R+4C8 APOGEE 0 0 0 1 0 0 -102.0793594488848 88.81431563160322 143.1 -51.602537825380715 -125.07516361380364 164.95139 88.01445 -999.0 -999.0 -999.0 -999.0 -999.0 199.31971571516814 -25.389457864965017 199.34627753271502 -25.53293909032476 78.91920780807254 285.5233460713779 -999.0 16600.0 -999.0 2 -999 {-999.0 -999.0 -999.0 -999.0 -999.0} "" -999.0 -999.0 -999.0 -999.0 -999 -999 "" "" "" "" 0 0 0.0 0.0 -999 ""
FIBERMAP 952 R+4C8 BOSS 1 1 0 1 0 0 -101.86621215717413 89.52290625112691 143.1 -52.342069227384385 -125.09922791768513 164.95139 88.01445 199.31718220161875 -25.389485801090746 -6.3677516 -28.637613 0.35304353 199.317161662708 -25.389569248838292 199.34376418254135 -25.533067658958142 78.91713613568334 285.51849969270614 5400.0 5400.0 2016.0 1 33 {-999.0 14.776738 14.235478 13.982511 -999.0} sdss_psfmag_from_g3xp 14.644234 14.230727 13.633559 12.429 63050396450247257 1071097255 bright_1x1 mwm_halo_vmp_xp_boss_single mwm_halo science 0 0 0.0 0.0 -999 ""
FIBERMAP 952 R+4C8 METROLOGY 0 0 0 1 0 0 -101.34975927894004 88.97918469726648 143.1 -51.99155047537452 -124.43632113970835 164.95139 88.01445 -999.0 -999.0 -999.0 -999.0 -999.0 199.31834789289155 -25.387582197596448 199.34493743762164 -25.531075604405842 78.91741172798667 285.5301472940429 -999.0 6231.0 -999.0 -1 -999 {-999.0 -999.0 -999.0 -999.0 -999.0} "" -999.0 -999.0 -999.0 -999.0 -999 -999 "" "" "" "" 0 0 0.0 0.0 -999 ""
FIBERMAP 953 R+4C11 APOGEE 0 0 0 1 0 0 -17.29789920933692 92.29429958414332 143.1 -81.94858845709446 -45.83811374287565 87.93082 97.922516 -999.0 -999.0 -999.0 -999.0 -999.0 199.2184575833796 -25.14892069765837 199.24466115788744 -25.292518201196398 78.74578412879791 286.50508551931864 -999.0 16600.0 -999.0 2 -999 {-999.0 -999.0 -999.0 -999.0 -999.0} "" -999.0 -999.0 -999.0 -999.0 -999 -999 "" "" "" "" 0 0 0.0 0.0 -999 ""
FIBERMAP 953 R+4C11 BOSS 1 1 0 1 0 0 -16.506687715806713 92.3590382151042 143.1 -82.26236366350584 -45.10893739575117 87.93082 97.922516 199.21734975073298 -25.14664594783295 -10.273519 -23.520948 0.5251018 199.21731668016844 -25.14671448601989 199.24356031837758 -25.29032917190042 78.7440419171785 286.5135774518873 5400.0 5400.0 2016.0 1 118 {-999.0 16.660223 16.235926 16.056198 -999.0} sdss_psfmag_ps1 16.502077 16.208113 15.741278 14.816 63050396450248574 1072887893 bright_1x1 mwm_halo_local_high_boss_single mwm_halo science 0 0 0.0 0.0 -999 ""
FIBERMAP 953 R+4C11 METROLOGY 0 0 0 1 0 0 -16.844343755584255 91.69950073817326 143.1 -81.52959747483561 -45.218519435809206 87.93082 97.922516 -999.0 -999.0 -999.0 -999.0 -999.0 199.21977541572554 -25.147063265616737 199.24600981029118 -25.29067131740285 78.7462236174136 286.51619972718817 -999.0 6231.0 -999.0 -1 -999 {-999.0 -999.0 -999.0 -999.0 -999.0} "" -999.0 -999.0 -999.0 -999.0 -999 -999 "" "" "" "" 0 0 0.0 0.0 -999 ""
FIBERMAP 955 R-1C19 APOGEE 0 0 0 1 0 0 124.4376130662606 -1.7558067116933493 143.1 -38.035715743854766 118.48952357922543 119.21012 79.60208 -999.0 -999.0 -999.0 -999.0 -999.0 199.36679314070682 -24.650602293477963 199.39263368044965 -24.794133460175512 78.67244632421527 289.11455447606807 -999.0 16600.0 -999.0 2 -999 {-999.0 -999.0 -999.0 -999.0 -999.0} "" -999.0 -999.0 -999.0 -999.0 -999 -999 "" "" "" "" 0 0 0.0 0.0 -999 ""
FIBERMAP 955 R-1C19 BOSS 1 1 0 1 0 0 125.12347020037859 -1.5235312914178696 143.1 -38.47465384094566 119.06540599116242 119.21012 79.60208 199.3652853505445 -24.64875578284225 -5.137779 -7.564735 2.058704 199.36526887855578 -24.64877782588298 199.3911483911817 -24.792328169226625 78.67047124850255 289.12007536254595 5400.0 5400.0 2016.0 1 302 {-999.0 20.935957 19.606695 18.33004 -999.0} sdss_psfmag_ps1 20.336332 19.00839 17.87245 15.977 63050396450290936 1096247186 bright_1x1 mwm_bin_vis_boss mwm_filler science 0 0 0.0 0.0 -999 ""
FIBERMAP 955 R-1C19 METROLOGY 0 0 0 1 0 0 125.00546207066745 -2.2426801295241496 143.1 -37.75546895089261 119.18300197369622 119.21012 79.60208 -999.0 -999.0 -999.0 -999.0 -999.0 199.3676781345775 -24.648417482580715 199.3935481791932 -24.79196091264331 78.67230177998535 289.1263724526832 -999.0 6231.0 -999.0 -1 -999 {-999.0 -999.0 -999.0 -999.0 -999.0} "" -999.0 -999.0 -999.0 -999.0 -999 -999 "" "" "" "" 0 0 0.0 0.0 -999 ""
FIBERMAP 960 R+13C6 APOGEE 1 1 0 1 0 0 -49.514419091193254 261.9558487131303 143.1 -232.45848764236183 -130.4972821333061 188.10454 70.95617 198.71473955218968 -25.402217955723287 -1.4817828 -1.9635875 0.8988405 198.7147347722614 -25.402223677462555 198.74066408494866 -25.54621569777484 78.41231904393683 284.48236830392824 16000.0 16600.0 2016.0 2 51 {-999.0 11.747408 10.868313 10.54514 -999.0} sdss_psfmag_from_g3xp 11.473316 10.905482 10.189868 8.676 63050396450282965 1107583330 bright_1x1 mwm_tess_rgb_apogee mwm_tessrgb science 0 0 0.0 0.0 -999 ""
FIBERMAP 960 R+13C6 BOSS 0 0 0 1 0 0 -49.38745061086688 262.70598685698377 143.1 -233.20989970358747 -130.6162730110662 188.10454 70.95617 -999.0 -999.0 -999.0 -999.0 -999.0 198.71219064960664 -25.402542892817166 198.73816363973674 -25.546552257542142 78.41031808712026 284.4769169399202 -999.0 5400.0 -999.0 1 88 {-999.0 -999.0 -999.0 -999.0 -999.0} "" -999.0 -999.0 -999.0 -999.0 -999 -999 "" "" "" "" 0 0 0.0 0.0 -999 ""
FIBERMAP 960 R+13C6 METROLOGY 0 0 0 1 0 0 -48.81316052307868 262.22295406645617 143.1 -232.93534758556154 -129.9179156967144 188.10454 70.95617 -999.0 -999.0 -999.0 -999.0 -999.0 198.71307477545128 -25.400472609613935 198.7390336372316 -25.54447719051741 78.4103378725125 284.4879595777442 -999.0 6231.0 -999.0 -1 -999 {-999.0 -999.0 -999.0 -999.0 -999.0} "" -999.0 -999.0 -999.0 -999.0 -999 -999 "" "" "" "" 0 0 0.0 0.0 -999 ""
FIBERMAP 961 R-2C8 APOGEE 0 0 0 1 0 0 -107.98963491268889 -17.56520508351574 143.1 51.09876737945828 -96.73775789660853 145.79593 32.08925 -999.0 -999.0 -999.0 -999.0 -999.0 199.6646151325994 -25.30390385495672 199.69145254156604 -25.447096568596688 79.17801054605253 286.54234831704184 -999.0 16600.0 -999.0 2 -999 {-999.0 -999.0 -999.0 -999.0 -999.0} "" -999.0 -999.0 -999.0 -999.0 -999 -999 "" "" "" "" 0 0 0.0 0.0 -999 ""
FIBERMAP 961 R-2C8 BOSS 1 1 0 1 0 0 -107.14885189459736 -17.636892064078083 143.1 50.8984676002226 -95.91807842307726 145.79593 32.08925 199.66400362990936 -25.301459245434295 -22.068502 0.8829942 0.57332385 199.66393250072952 -25.301456672441784 199.69080849986253 -25.444665485535573 79.1765668965045 286.55321600731406 5400.0 5400.0 2016.0 1 497 {-999.0 15.704154 15.301209 15.140037 -999.0} sdss_psfmag_ps1 15.631961 15.295808 14.778156 13.799 63050396450247515 1072830228 bright_1x1 mwm_halo_local_high_boss_single mwm_halo science 0 0 0.0 0.0 -999 ""
FIBERMAP 961 R-2C8 METROLOGY 0 0 0 1 0 0 -107.62644087096726 -18.21910744996963 143.1 51.602598953472906 -96.18494301476349 145.79593 32.08925 -999.0 -999.0 -999.0 -999.0 -999.0 199.66631267728312 -25.302277126572328 199.69318034809442 -25.44547947924007 79.17885771398522 286.55343331449757 -999.0 6231.0 -999.0 -1 -999 {-999.0 -999.0 -999.0 -999.0 -999.0} "" -999.0 -999.0 -999.0 -999.0 -999 -999 "" "" "" "" 0 0 0.0 0.0 -999 ""
FIBERMAP 966 R-8C2 APOGEE 0 0 0 1 0 0 -175.9525979507225 -135.49143447104458 143.1 184.53972164712042 -123.52382335085075 131.19662 54.261475 -999.0 -999.0 -999.0 -999.0 -999.0 200.11151354337093 -25.383572572126536 200.13890979304506 -25.526360703854696 79.58230221170268 286.96191105321674 -999.0 16600.0 -999.0 2 -999 {-999.0 -999.0 -999.0 -999.0 -999.0} "" -999.0 -999.0 -999.0 -999.0 -999 -999 "" "" "" "" 0 0 0.0 0.0 -999 ""
FIBERMAP 966 R-8C2 BOSS 1 1 0 1 0 0 -175.23502720681074 -135.38905393196097 143.1 184.21376707477344 -122.87644525280355 131.19662 54.261475 200.11045327473477 -25.381639913128026 -9.332944 2.9873936 -0.02612713 200.1104231737019 -25.381631208095325 200.13785658451175 -25.524435353932997 79.5806987209705 286.9698072244546 5400.0 5400.0 2016.0 1 456 {-999.0 18.435041 17.90635 17.839577 -999.0} sdss_psfmag_ps1 18.35907 17.996235 17.533466 16.175 63050396450245254 944648317 bright_1x1 openfibertargets_nov2020_6c open_fiber science 0 0 0.0 0.0 -999 ""
FIBERMAP 966 R-8C2 METROLOGY 0 0 0 1 0 0 -175.50323515032076 -136.08940712126466 143.1 184.963058033845 -122.9071898679467 131.19662 54.261475 -999.0 -999.0 -999.0 -999.0 -999.0 200.1129665312428 -25.381732203314442 200.14039133366202 -25.52452987122664 79.58285420678676 286.9740712310037 -999.0 6231.0 -999.0 -1 -999 {-999.0 -999.0 -999.0 -999.0 -999.0} "" -999.0 -999.0 -999.0 -999.0 -999 -999 "" "" "" "" 0 0 0.0 0.0 -999 ""
FIBERMAP 968 R0C21 APOGEE 0 0 0 1 0 0 160.19476339421234 21.454247675316797 143.1 -71.43956104364322 144.97175751855335 150.59918 29.084318 -999.0 -999.0 -999.0 -999.0 -999.0 199.25566611471936 -24.570296071575953 199.2813098376331 -24.71393253143683 78.54715666353557 289.2710221024142 -999.0 16600.0 -999.0 2 83 {-999.0 -999.0 -999.0 -999.0 -999.0} "" -999.0 -999.0 -999.0 -999.0 -999 -999 "" ops_sky_apogee_best_unassigned ops_sky sky_apogee 0 0 0.0 0.0 -999 ""
FIBERMAP 968 R0C21 BOSS 1 1 0 1 0 0 160.95313390436638 21.416216115010442 143.1 -71.64546372004878 145.7025975798472 150.59918 29.084318 199.25492619695697 -24.568003449936317 -3.7313383 -1.2246902 -0.102057315 199.25491424181305 -24.5680070185866 199.2805982328011 -24.711662546854946 78.54562163766569 289.28005071550945 5400.0 5400.0 2016.0 1 254 {-999.0 17.435923 17.013655 16.712667 -999.0} sdss_psfmag_ps1 17.232548 16.976421 16.535221 15.49 63050396450291330 1070885529 bright_1x1 mwm_halo_distant_rrl_boss_single mwm_halo science 0 0 0.0 0.0 -999 ""
FIBERMAP 968 R0C21 METROLOGY 0 0 0 1 0 0 160.56178802707365 20.799997681020383 143.1 -70.93662210774234 145.52831355133745 150.59918 29.084318 -999.0 -999.0 -999.0 -999.0 -999.0 199.2572773828978 -24.56852547009813 199.28295207135398 -24.712173766830734 78.54777798715688 289.2822077650468 -999.0 6231.0 -999.0 -1 -999 {-999.0 -999.0 -999.0 -999.0 -999.0} "" -999.0 -999.0 -999.0 -999.0 -999 -999 "" "" "" "" 0 0 0.0 0.0 -999 ""
FIBERMAP 970 R-3C14 APOGEE 1 1 0 1 0 0 46.14170192301914 -49.40539349444269 143.1 32.10070636077947 59.4903762168563 50.694935 98.95935 199.6010084939855 -24.829723871359548 -11.721759 3.0126305 0.62674576 199.60097085869015 -24.829715092787012 199.62723945694898 -24.97302140208068 78.93994129667631 288.724178843904 16000.0 16600.0 2016.0 2 231 {-999.0 13.672916 12.679798 12.317307 -999.0} sdss_psfmag_from_g3xp 13.3399 12.70938 11.952697 10.354 63050396450250386 1105323661 bright_1x1 mwm_tess_rgb_apogee mwm_tessrgb science 0 0 0.0 0.0 -999 ""
FIBERMAP 970 R-3C14 BOSS 0 0 0 1 0 0 46.79290611588179 -49.72742700370032 143.1 32.1981415407639 60.210260862011616 50.694935 98.95935 -999.0 -999.0 -999.0 -999.0 -999.0 199.6012758900614 -24.827476645180603 199.62758494065372 -24.97080006373154 78.93932403797449 288.7354208734703 -999.0 5400.0 -999.0 1 340 {-999.0 -999.0 -999.0 -999.0 -999.0} "" -999.0 -999.0 -999.0 -999.0 -999 -999 "" "" "" "" 0 0 0.0 0.0 -999 ""
FIBERMAP 970 R-3C14 METROLOGY 0 0 0 1 0 0 46.18273538396809 -50.14663526754615 143.1 32.79008919800149 59.76574408020607 50.694935 98.95935 -999.0 -999.0 -999.0 -999.0 -999.0 199.6032715231832 -24.828826218603457 199.6295720795506 -24.97214289660593 78.94151584661253 288.7328451470929 -999.0 6231.0 -999.0 -1 -999 {-999.0 -999.0 -999.0 -999.0 -999.0} "" -999.0 -999.0 -999.0 -999.0 -999 -999 "" "" "" "" 0 0 0.0 0.0 -999 ""
FIBERMAP 974 R+9C1 APOGEE 0 0 0 1 1 0 -196.38035266868462 182.76280410560662 143.1 -110.55227921942974 -244.41674971051276 98.059235 141.1433 -999.0 -999.0 -999.0 -999.0 -999.0 199.1214529712794 -25.748618686503693 199.1481777931698 -25.89222557040965 78.87433056130821 283.4531072255545 -999.0 16600.0 -999.0 2 47 {-999.0 -999.0 -999.0 -999.0 -999.0} "" -999.0 -999.0 -999.0 -999.0 -999 -999 "" ops_sky_apogee_best_unassigned ops_sky sky_apogee 0 0 0.0 0.0 -999 ""
FIBERMAP 974 R+9C1 BOSS 1 0 0 1 1 0 -196.034978775621 183.45059189257142 143.1 -111.31428043909473 -244.3088662490567 98.059235 141.1433 199.12156025257798 -25.70937074769657 -3.7145944 -1.5538262 0.01967548 199.11885632219884 -25.74826119964374 199.14562228480418 -25.891884087023612 78.8720458186197 283.45089729482527 5400.0 5400.0 2016.0 1 83 {-999.0 18.172768 17.82138 17.686928 17.641525} sdss_psfmag_from_gaia 18.1087 17.8318 17.3484 -999.0 63050396450241625 973154230 "" ops_std_boss_gdr2 ops_std standard_boss 0 0 0.0 0.0 -999 ""
FIBERMAP 974 R+9C1 METROLOGY 0 0 0 1 1 0 -195.6390076331356 182.80769579238577 143.1 -110.83133646247963 -243.72849991254745 98.059235 141.1433 -999.0 -999.0 -999.0 -999.0 -999.0 199.12046501261372 -25.746579375711836 199.14721839437811 -25.890197207177668 78.8728533457514 283.4615858892604 -999.0 6231.0 -999.0 -1 -999 {-999.0 -999.0 -999.0 -999.0 -999.0} "" -999.0 -999.0 -999.0 -999.0 -999 -999 "" "" "" "" 0 0 0.0 0.0 -999 ""
FIBERMAP 976 R-8C8 APOGEE 0 0 0 1 0 0 -22.764882033465614 -151.75232936089023 143.1 151.07823060235302 26.839735394634964 93.26119 5.6906776 -999.0 -999.0 -999.0 -999.0 -999.0 199.99872604773182 -24.92846649901182 200.0255116169618 -25.07141089345273 79.3095978880874 289.0276462032194 -999.0 16600.0 -999.0 2 -999 {-999.0 -999.0 -999.0 -999.0 -999.0} "" -999.0 -999.0 -999.0 -999.0 -999 -999 "" "" "" "" 0 0 0.0 0.0 -999 ""
FIBERMAP 976 R-8C8 BOSS 1 1 0 1 0 0 -22.596446159555967 -152.44770579059403 143.1 151.68350135334333 27.221209805351105 93.26119 5.6906776 200.00077477185715 -24.92727171909593 -0.83903056 -1.815282 -0.023893928 200.0007720758362 -24.927277008684598 200.02759920299664 -25.070236279616395 79.31084363818827 289.0375921072679 5400.0 5400.0 2016.0 1 382 {-999.0 17.865452 17.063185 16.845623 -999.0} sdss_psfmag_ps1 17.669186 17.14962 16.476555 14.891 63050396450249420 943892136 bright_1x1 openfibertargets_nov2020_6a open_fiber science 0 0 0.0 0.0 -999 ""
FIBERMAP 976 R-8C8 METROLOGY 0 0 0 1 0 0 -23.33667608229715 -152.23456351824217 143.1 151.7176643924462 26.451695478324222 93.26119 5.6906776 -999.0 -999.0 -999.0 -999.0 -999.0 200.00092475014176 -24.929612224625014 200.02774305761864 -25.07256637801513 79.31191478695767 289.02641306368116 -999.0 6231.0 -999.0 -1 -999 {-999.0 -999.0 -999.0 -999.0 -999.0} "" -999.0 -999.0 -999.0 -999.0 -999 -999 "" "" "" "" 0 0 0.0 0.0 -999 ""
FIBERMAP 977 R+4C7 APOGEE 0 0 0 1 0 0 -99.71241677153377 76.20696075501351 143.1 -40.409696629594045 -118.80985425090333 348.82877 122.342064 -999.0 -999.0 -999.0 -999.0 -999.0 199.35732132697575 -25.370577245043567 199.38390333912537 -25.51402842357258 78.94411062990443 285.6787707104283 -999.0 16600.0 -999.0 2 31 {-999.0 -999.0 -999.0 -999.0 -999.0} "" -999.0 -999.0 -999.0 -999.0 -999 -999 "" ops_sky_apogee_best_unassigned ops_sky sky_apogee 0 0 0.0 0.0 -999 ""
FIBERMAP 977 R+4C7 BOSS 1 1 0 1 0 0 -99.41204478992276 75.52245362198614 143.1 -39.85681865477355 -118.30681182626513 348.82877 122.342064 199.35912239048827 -25.369075741947206 -2.5902135 -9.2998905 0.15383779 199.3591140372808 -25.36910284109527 199.38573960431768 -25.51256773736637 78.94513062959544 285.6889894580668 5400.0 5400.0 2016.0 1 52 {-999.0 17.961248 17.58533 17.29957 -999.0} sdss_psfmag_ps1 17.911911 17.559566 17.050999 15.887 63050396450247282 944648286 bright_1x1 openfibertargets_nov2020_6c open_fiber science 0 0 0.0 0.0 -999 ""
FIBERMAP 977 R+4C7 METROLOGY 0 0 0 1 0 0 -100.15050715040543 75.58914858573705 143.1 -39.68443160294954 -119.0279295285725 348.82877 122.342064 -999.0 -999.0 -999.0 -999.0 -999.0 199.35969739273833 -25.371304807862384 199.38631373105432 -25.51476466060581 78.94640514163194 285.6792734612959 -999.0 6231.0 -999.0 -1 -999 {-999.0 -999.0 -999.0 -999.0 -999.0} "" -999.0 -999.0 -999.0 -999.0 -999 -999 "" "" "" "" 0 0 0.0 0.0 -999 ""
FIBERMAP 978 R-1C23 APOGEE 0 0 0 1 0 0 192.20382781759685 -16.195105638063087 143.1 -45.971262416483505 187.3180881346053 231.99196 41.572807 -999.0 -999.0 -999.0 -999.0 -999.0 199.3409702196683 -24.442448981658302 199.36656907774807 -24.586027856234598 78.56327826299193 290.0203105901305 -999.0 16600.0 -999.0 2 -999 {-999.0 -999.0 -999.0 -999.0 -999.0} "" -999.0 -999.0 -999.0 -999.0 -999 -999 "" "" "" "" 0 0 0.0 0.0 -999 ""
FIBERMAP 978 R-1C23 BOSS 1 1 0 1 0 0 192.1793994451003 -15.458441513699363 143.1 -46.66160459134751 187.05991731242142 231.99196 41.572807 199.33863344318988 -24.443143606339433 -6.7693963 -2.1599555 0.27508947 199.33861177569435 -24.443149900278055 199.3642519340918 -24.586749283137404 78.56168347962388 290.01247128489956 5400.0 5400.0 2016.0 1 288 {-999.0 18.675161 18.00302 17.79878 -999.0} sdss_psfmag_ps1 18.504343 18.072315 17.49662 15.906 63050396450291908 944648782 bright_1x1 openfibertargets_nov2020_6c open_fiber science 0 0 0.0 0.0 -999 ""
FIBERMAP 978 R-1C23 METROLOGY 0 0 0 1 0 0 192.82881677771968 -15.784146982574892 143.1 -46.5601194328362 187.7792800283497 231.99196 41.572807 -999.0 -999.0 -999.0 -999.0 -999.0 199.33896244652965 -24.44095998810606 199.36458862746872 -24.584554097623297 78.56101956692467 290.0231341999962 -999.0 6231.0 -999.0 -1 -999 {-999.0 -999.0 -999.0 -999.0 -999.0} "" -999.0 -999.0 -999.0 -999.0 -999 -999 "" "" "" "" 0 0 0.0 0.0 -999 ""
FIBERMAP 980 R+4C20 APOGEE 0 0 0 1 0 0 189.6545350248761 69.43356349823965 143.1 -126.3081321446421 157.58376479652136 322.43857 116.67884 -999.0 -999.0 -999.0 -999.0 -999.0 199.07326112113566 -24.531907757065575 199.09867906393504 -24.675704484588973 78.38038981994652 289.09907306534456 -999.0 16600.0 -999.0 2 -999 {-999.0 -999.0 -999.0 -999.0 -999.0} "" -999.0 -999.0 -999.0 -999.0 -999 -999 "" "" "" "" 0 0 0.0 0.0 -999 ""
FIBERMAP 980 R+4C20 BOSS 1 1 0 1 0 0 189.52618403739447 68.68350430307667 143.1 -125.5563538377325 157.70142028682594 322.43857 116.67884 199.075691338081 -24.531490368880387 -3.2946174 -1.3887799 0.02267451 199.07568078525543 -24.531494415675176 199.10114482617152 -24.67530748076739 78.38226226561233 289.1054938022936 5400.0 5400.0 2016.0 1 213 {-999.0 17.043835 16.22759 15.868642 -999.0} sdss_psfmag_ps1 16.744415 16.182503 15.485577 13.984 63050396450293940 1061718667 bright_1x1 manual_mwm_halo_distant_kgiant_near_boss_single mwm_halo science 0 0 0.0 0.0 -999 ""
FIBERMAP 980 R+4C20 METROLOGY 0 0 0 1 0 0 188.94998145944538 69.18236140781256 143.1 -125.84529249041435 156.9962020313314 322.43857 116.67884 -999.0 -999.0 -999.0 -999.0 -999.0 199.0746987813125 -24.533606756733874 199.1001515479619 -24.67741519533305 78.38231811463262 289.0941114758451 -999.0 6231.0 -999.0 -1 -999 {-999.0 -999.0 -999.0 -999.0 -999.0} "" -999.0 -999.0 -999.0 -999.0 -999 -999 "" "" "" "" 0 0 0.0 0.0 -999 ""
FIBERMAP 981 R-9C12 APOGEE 0 0 0 1 0 0 47.885439615551796 -169.8665935637756 143.1 145.70531876358228 99.57399908992036 114.651794 146.94608 -999.0 -999.0 -999.0 -999.0 -999.0 199.97990165584514 -24.70806942942507 200.00643150784128 -24.851057561616322 79.20202913852431 290.0634282232 -999.0 16600.0 -999.0 2 168 {-999.0 -999.0 -999.0 -999.0 -999.0} "" -999.0 -999.0 -999.0 -999.0 -999 -999 "" ops_sky_apogee_best_unassigned ops_sky sky_apogee 0 0 0.0 0.0 -999 ""
FIBERMAP 981 R-9C12 BOSS 1 1 0 1 0 0 47.95342724415835 -169.1350410055818 143.1 144.99033706927915 99.40504154909485 114.651794 146.94608 199.97758022798368 -24.708525452396174 -12.021883 -1.2631303 0.17473255 199.9775416667248 -24.708529133053446 200.0041102864208 -24.85153666732955 79.20032601898288 290.05633730943117 5400.0 5400.0 2016.0 1 401 {-999.0 17.152624 16.718899 16.541391 16.460928} sdss_psfmag_from_gaia 17.0782 16.7331 16.212 15.336 63050396450270298 968315228 "" ops_std_boss_gdr2 ops_std standard_boss 0 0 0.0 0.0 -999 ""
FIBERMAP 981 R-9C12 METROLOGY 0 0 0 1 0 0 48.56948001055484 -169.58183837774166 143.1 145.21722526051084 100.13141700916893 114.651794 146.94608 -999.0 -999.0 -999.0 -999.0 -999.0 199.97831736844233 -24.70632172069475 200.00487297223606 -24.84932393207116 79.20001224509858 290.06859639453944 -999.0 6231.0 -999.0 -1 -999 {-999.0 -999.0 -999.0 -999.0 -999.0} "" -999.0 -999.0 -999.0 -999.0 -999 -999 "" "" "" "" 0 0 0.0 0.0 -999 ""
FIBERMAP 982 R+12C10 APOGEE 0 0 0 1 0 0 38.26974371636102 251.3118656521678 143.1 -250.37723405164732 -43.90856492599782 156.74881 58.451134 -999.0 -999.0 -999.0 -999.0 -999.0 198.65650476428277 -25.14004861041292 198.68210685822305 -25.28412125093581 78.26991815817291 285.602247317513 -999.0 16600.0 -999.0 2 -999 {-999.0 -999.0 -999.0 -999.0 -999.0} "" -999.0 -999.0 -999.0 -999.0 -999 -999 "" "" "" "" 0 0 0.0 0.0 -999 ""
FIBERMAP 982 R+12C10 BOSS 1 1 0 1 0 0 38.912267267270956 251.77202633574302 143.1 -251.01831387699505 -43.44645258872495 156.74881 58.451134 198.65432686037238 -25.138620639199264 -999.0 -999.0 -999.0 198.65432686037235 -25.138620639199264 198.67997102592977 -25.282711469194005 78.26760645388224 285.6052508229976 5400.0 5400.0 2016.0 1 160 {-999.0 20.21982 18.975307 18.79766 -999.0} sdss_psfmag_ps1 19.745668 21.138496 18.06708 15.713 63050396450284217 1116287776 bright_1x1 openfibertargets_bhm_morexray_boss open_fiber science 0 0 0.0 0.0 -999 ""
FIBERMAP 982 R+12C10 METROLOGY 0 0 0 1 0 0 38.959082929635926 251.02150438436917 143.1 -250.32198093937396 -43.16264425853547 156.74881 58.451134 -999.0 -999.0 -999.0 -999.0 -999.0 198.6566060586207 -25.137791831598143 198.68223885437556 -25.281876276915117 78.26921254383444 285.61274639431053 -999.0 6231.0 -999.0 -1 -999 {-999.0 -999.0 -999.0 -999.0 -999.0} "" -999.0 -999.0 -999.0 -999.0 -999 -999 "" "" "" "" 0 0 0.0 0.0 -999 ""
FIBERMAP 987 R-13C12 APOGEE 1 1 0 1 0 0 112.8995617488804 -260.7809188873016 143.1 211.12306285755787 190.19245784072638 336.63837 104.59206 200.19488190202577 -24.434387436386068 -2.0027432 -3.261995 0.22384012 200.1948754920867 -24.434396941582595 200.22133040540868 -24.577226989688278 79.25761887128795 291.8383476330697 16000.0 16600.0 2016.0 2 160 {-999.0 13.171739 11.912787 11.387387 -999.0} sdss_psfmag_from_g3xp 12.693802 11.885139 11.006284 9.033 63050396450272682 1153097479 bright_1x1 mwm_galactic_core_dist_apogee_sparse mwm_galactic science 0 0 0.0 0.0 -999 ""
FIBERMAP 987 R-13C12 BOSS 0 0 0 1 0 0 112.81316611840724 -261.53042143666835 143.1 211.86092849312442 190.34969677979018 336.63837 104.59206 -999.0 -999.0 -999.0 -999.0 -999.0 200.19724544107274 -24.433924859750938 200.2237422978062 -24.576771204847915 79.25937105083479 291.8458366972246 -999.0 5400.0 -999.0 1 350 {-999.0 -999.0 -999.0 -999.0 -999.0} "" -999.0 -999.0 -999.0 -999.0 -999 -999 "" "" "" "" 0 0 0.0 0.0 -999 ""
FIBERMAP 987 R-13C12 METROLOGY 0 0 0 1 0 0 112.21405017965404 -261.08202777903205 143.1 211.62712409913905 189.63886306159702 336.63837 104.59206 -999.0 -999.0 -999.0 -999.0 -999.0 200.19655342598136 -24.43602951518037 200.22304053509708 -24.5788710177018 79.25974815500834 291.8342354558617 -999.0 6231.0 -999.0 -1 -999 {-999.0 -999.0 -999.0 -999.0 -999.0} "" -999.0 -999.0 -999.0 -999.0 -999 -999 "" "" "" "" 0 0 0.0 0.0 -999 ""
FIBERMAP 992 R-2C20 APOGEE 0 0 0 1 0 0 165.25610554039943 -30.25990486100359 143.1 -24.04486080035803 166.26690046503384 38.44499 125.792534 -999.0 -999.0 -999.0 -999.0 -999.0 199.41380341315488 -24.50609200350326 199.43954216082363 -24.649600321354455 78.65041475183675 289.8727441895412 -999.0 16600.0 -999.0 2 -999 {-999.0 -999.0 -999.0 -999.0 -999.0} "" -999.0 -999.0 -999.0 -999.0 -999 -999 "" "" "" "" 0 0 0.0 0.0 -999 ""
FIBERMAP 992 R-2C20 BOSS 1 1 0 1 0 0 165.97150067394776 -30.47422091854975 143.1 -24.069988330165295 167.0132533708411 38.44499 125.792534 199.41367775307847 -24.503744585915978 -1.880926 -3.0292327 0.0020922355 199.41367172970797 -24.50375341286141 199.4394507036961 -24.647280463859804 78.64935184382927 289.88323027514497 5400.0 5400.0 2016.0 1 304 {-999.0 16.364313 16.687271 16.448109 -999.0} sdss_psfmag_ps1 16.604113 16.424929 16.076838 15.731 63050396450291696 1070885530 bright_1x1 mwm_halo_distant_rrl_boss_single mwm_halo science 0 0 0.0 0.0 -999 ""
FIBERMAP 992 R-2C20 METROLOGY 0 0 0 1 0 0 165.43566450068417 -30.986029365876938 143.1 -23.413998769067287 166.6687258575106 38.44499 125.792534 -999.0 -999.0 -999.0 -999.0 -999.0 199.4158643404877 -24.504781930170893 199.4416345337704 -24.648301763823447 78.65158259485365 289.8828296823555 -999.0 6231.0 -999.0 -1 -999 {-999.0 -999.0 -999.0 -999.0 -999.0} "" -999.0 -999.0 -999.0 -999.0 -999 -999 "" "" "" "" 0 0 0.0 0.0 -999 ""
FIBERMAP 998 R+3C8 APOGEE 0 0 0 1 0 0 -121.40562855309874 59.55231319498029 143.1 -17.70526080002184 -134.05510237912347 234.57967 44.06547 -999.0 -999.0 -999.0 -999.0 -999.0 199.43349863431294 -25.41688752316437 199.46021046913597 -25.560267298648395 79.02497351218686 285.58228502722193 -999.0 16600.0 -999.0 2 -999 {-999.0 -999.0 -999.0 -999.0 -999.0} "" -999.0 -999.0 -999.0 -999.0 -999 -999 "" "" "" "" 0 0 0.0 0.0 -999 ""
FIBERMAP 998 R+3C8 BOSS 1 1 0 1 0 0 -121.5269306216035 60.302709317251974 143.1 -18.377710876059762 -134.4094612355701 234.57967 44.06547 199.43114796045023 -25.417981336526005 11.887491 -8.741353 1.4191898 199.4311863120843 -25.4180068081351 199.45793944911804 -25.561403220436873 79.023467120395 285.5728627759421 5400.0 5400.0 2016.0 1 53 {-999.0 19.65667 18.208868 17.442625 -999.0} sdss_psfmag_ps1 19.072454 18.043762 17.01944 15.087 63050396450247123 1094833139 bright_1x1 mwm_bin_vis_boss mwm_filler science 0 0 0.0 0.0 -999 ""
FIBERMAP 998 R+3C8 METROLOGY 0 0 0 1 0 0 -120.82762944723301 60.02709235460561 143.1 -18.339609115785517 -133.65880354888148 234.57967 44.06547 -999.0 -999.0 -999.0 -999.0 -999.0 199.4313267449939 -25.41575248495255 199.4580659217055 -25.559144949871765 79.0227652597889 285.58415119282495 -999.0 6231.0 -999.0 -1 -999 {-999.0 -999.0 -999.0 -999.0 -999.0} "" -999.0 -999.0 -999.0 -999.0 -999 -999 "" "" "" "" 0 0 0.0 0.0 -999 ""
FIBERMAP 1001 R+8C12 APOGEE 0 0 0 1 0 0 45.48787816648596 170.93925471166241 143.1 -176.51103786806917 -11.426441885557528 105.106895 96.04716 -999.0 -999.0 -999.0 -999.0 -999.0 198.90277379192918 -25.04323660092158 198.9285368014688 -25.18711496268554 78.44117967133022 286.457108575416 -999.0 16600.0 -999.0 2 -999 {-999.0 -999.0 -999.0 -999.0 -999.0} "" -999.0 -999.0 -999.0 -999.0 -999 -999 "" "" "" "" 0 0 0.0 0.0 -999 ""
FIBERMAP 1001 R+8C12 BOSS 1 1 0 1 0 0 46.14140594083512 171.22408782476148 143.1 -176.9894706929327 -10.897965598374634 105.106895 96.04716 198.90110214473043 -25.04162190500989 -9.114958 2.7991238 0.1332873 198.90107282877975 -25.041613748580893 198.92687721718804 -25.185510212397368 78.43918507739042 286.461714899062 5400.0 5400.0 2016.0 1 145 {-999.0 18.492163 17.915527 17.588507 -999.0} sdss_psfmag_ps1 18.337992 17.88893 17.306343 15.732 63050396450288702 944648773 bright_1x1 openfibertargets_nov2020_6c open_fiber science 0 0 0.0 0.0 -999 ""
FIBERMAP 1001 R+8C12 METROLOGY 0 0 0 1 0 0 46.08739764260136 170.49195770233368 143.1 -176.27840150794495 -10.71557560241313 105.106895 96.04716 -999.0 -999.0 -999.0 -999.0 -999.0 198.90343475153986 -25.041078640795046 198.92922844069233 -25.184968521743812 78.44095327436597 286.46820941613817 -999.0 6231.0 -999.0 -1 -999 {-999.0 -999.0 -999.0 -999.0 -999.0} "" -999.0 -999.0 -999.0 -999.0 -999 -999 "" "" "" "" 0 0 0.0 0.0 -999 ""
FIBERMAP 1002 R+12C5 APOGEE 0 0 0 1 0 0 -47.284576648764144 241.96907674919785 143.1 -214.22844302014317 -122.0076257152167 97.916954 23.086977 -999.0 -999.0 -999.0 -999.0 -999.0 198.7755072323888 -25.377130405701973 198.80147621856884 -25.521074783645865 78.45506167792746 284.6949166602425 -999.0 16600.0 -999.0 2 -999 {-999.0 -999.0 -999.0 -999.0 -999.0} "" -999.0 -999.0 -999.0 -999.0 -999 -999 "" "" "" "" 0 0 0.0 0.0 -999 ""
FIBERMAP 1002 R+12C5 BOSS 1 1 0 1 0 0 -46.90697118391355 241.3470357355327 143.1 -213.7594041265686 -121.45131796598041 97.916954 23.086977 198.77700805664062 -25.375459045515726 -999.0 -999.0 -999.0 198.7770080566406 -25.37545904551573 198.80302236583128 -25.519417640678988 78.45579205828035 284.70510768348277 5400.0 5400.0 2015.5 1 164 {-999.0 -999.0 -999.0 -999.0 -999.0} "" -999.0 -999.0 -999.0 -999.0 27021603177288391 814935243 "" ops_sky_boss_good ops_sky sky_boss 0 0 0.0 0.0 -999 ""
FIBERMAP 1002 R+12C5 METROLOGY 0 0 0 1 0 0 -47.645627954745265 241.3139888381161 143.1 -213.49242981980294 -122.14079897637804 97.916954 23.086977 -999.0 -999.0 -999.0 -999.0 -999.0 198.77786317012124 -25.377573926828074 198.80386772416637 -25.521527214793753 78.45724223496785 284.6965550340325 -999.0 6231.0 -999.0 -1 -999 {-999.0 -999.0 -999.0 -999.0 -999.0} "" -999.0 -999.0 -999.0 -999.0 -999 -999 "" "" "" "" 0 0 0.0 0.0 -999 ""
FIBERMAP 1003 R-2C13 APOGEE 0 0 0 1 0 0 -3.351723002733486 -30.791841039862703 143.1 30.250697444253497 6.647186557848358 64.43475 153.84413 -999.0 -999.0 -999.0 -999.0 -999.0 199.5947672456565 -24.990145998903905 199.62119871891548 -25.133438107723272 78.99917182419141 287.9444630467234 -999.0 16600.0 -999.0 2 -999 {-999.0 -999.0 -999.0 -999.0 -999.0} "" -999.0 -999.0 -999.0 -999.0 -999 -999 "" "" "" "" 0 0 0.0 0.0 -999 ""
FIBERMAP 1003 R-2C13 BOSS 1 1 0 1 0 0 -2.760543262800211 -30.316274769185757 143.1 29.611398128578863 7.055725543478357 64.43475 153.84413 199.59260817128063 -24.988886231352403 -1.0096283 0.80713165 0.44498065 199.59260492546142 -24.988883879434336 199.61907494425816 -25.132194438324106 78.99691453012399 287.9464782060322 5400.0 5400.0 2016.0 1 420 {-999.0 18.215431 17.506933 16.99889 -999.0} sdss_psfmag_ps1 17.715864 19.261724 16.370762 14.121 63050396450249821 1115943009 bright_1x1 openfibertargets_bhm_racsradio_boss open_fiber science 0 0 0.0 0.0 -999 ""
FIBERMAP 1003 R-2C13 METROLOGY 0 0 0 1 0 0 -2.648150473581616 -31.04577786865865 143.1 30.26689026730917 7.394975526104025 64.43475 153.84413 -999.0 -999.0 -999.0 -999.0 -999.0 199.59481595558142 -24.987857997724227 199.6212753898892 -25.13116213257931 78.9983378300236 287.95556612993994 -999.0 6231.0 -999.0 -1 -999 {-999.0 -999.0 -999.0 -999.0 -999.0} "" -999.0 -999.0 -999.0 -999.0 -999 -999 "" "" "" "" 0 0 0.0 0.0 -999 ""
FIBERMAP 1005 R+8C16 APOGEE 0 0 0 1 0 0 129.45727011181336 175.06189635848594 143.1 -207.20705786208987 66.83598298057393 159.75505 48.19581 -999.0 -999.0 -999.0 -999.0 -999.0 198.80230978288566 -24.80567511010174 198.82772671600424 -24.949666895011358 78.26584327378843 287.37023591306973 -999.0 16600.0 -999.0 2 -999 {-999.0 -999.0 -999.0 -999.0 -999.0} "" -999.0 -999.0 -999.0 -999.0 -999 -999 "" "" "" "" 0 0 0.0 0.0 -999 ""
FIBERMAP 1005 R+8C16 BOSS 1 1 0 1 0 0 130.10324139607633 175.43735691702753 143.1 -207.76896742983314 67.3283848560216 159.75505 48.19581 198.80036495442744 -24.804140497633163 -0.19266127 -1.7316014 -0.16509247 198.8003643359735 -24.804145543383093 198.8258228663368 -24.94815655632078 78.26366420620376 287.37375503978564 5400.0 5400.0 2016.0 1 210 {-999.0 16.259491 16.665379 17.076815 -999.0} sdss_psfmag_ps1 17.44832 17.18132 16.626328 15.983 63050396450289681 1070885528 bright_1x1 mwm_halo_distant_rrl_boss_single mwm_halo science 0 0 0.0 0.0 -999 ""
FIBERMAP 1005 R+8C16 METROLOGY 0 0 0 1 0 0 130.0964499180269 174.6733768710404 143.1 -207.04277783251612 67.56568334404285 159.75505 48.19581 -999.0 -999.0 -999.0 -999.0 -999.0 198.80275951461516 -24.80343148093031 198.82820705332915 -24.947435641836044 78.26537215665456 287.38117141578186 -999.0 6231.0 -999.0 -1 -999 {-999.0 -999.0 -999.0 -999.0 -999.0} "" -999.0 -999.0 -999.0 -999.0 -999 -999 "" "" "" "" 0 0 0.0 0.0 -999 ""
FIBERMAP 1007 R+12C9 APOGEE 0 0 0 1 0 0 15.368413307192231 247.34342539795094 143.1 -239.31007074912645 -64.3460628961397 138.4185 92.39834 -999.0 -999.0 -999.0 -999.0 -999.0 198.69286804580975 -25.202146422141976 198.71857135851712 -25.346181200074614 78.32310210211014 285.3758258219772 -999.0 16600.0 -999.0 2 -999 {-999.0 -999.0 -999.0 -999.0 -999.0} "" -999.0 -999.0 -999.0 -999.0 -999 -999 "" "" "" "" 0 0 0.0 0.0 -999 ""
FIBERMAP 1007 R+12C9 BOSS 1 1 0 1 0 0 15.858074540576338 247.94431389660085 143.1 -240.0357500340246 -64.07371477938909 138.4185 92.39834 198.69040215486436 -25.201279860713708 -2.2097847 -4.4583054 0.109231986 198.69039503835847 -25.201292851864114 198.71614053439248 -25.34534574103507 78.32075185165488 285.37577086175395 5400.0 5400.0 2016.0 1 161 {-999.0 15.996177 15.208462 15.08386 -999.0} sdss_psfmag_ps1 15.782177 15.331246 14.705556 13.394 63050396450284247 1076080679 bright_1x1 mwm_halo_mp_xp_boss_single mwm_halo science 0 0 0.0 0.0 -999 ""
FIBERMAP 1007 R+12C9 METROLOGY 0 0 0 1 0 0 16.10802812921211 247.23176460875166 143.1 -239.44021141999843 -63.609507430238885 138.4185 92.39834 -999.0 -999.0 -999.0 -999.0 -999.0 198.69234824210193 -25.199919687597696 198.71808154085545 -25.343966607440265 78.32189193649846 285.38524662894815 -999.0 6231.0 -999.0 -1 -999 {-999.0 -999.0 -999.0 -999.0 -999.0} "" -999.0 -999.0 -999.0 -999.0 -999 -999 "" "" "" "" 0 0 0.0 0.0 -999 ""
FIBERMAP 1008 R0C26 APOGEE 0 0 0 1 0 0 257.9801854500697 -6.095013014234649 143.1 -76.52792856280679 246.43199466058715 203.9476 122.26251 -999.0 -999.0 -999.0 -999.0 -999.0 199.24024767397742 -24.264388340742645 199.2655616970129 -24.40807543737979 78.40331080602486 290.6239887047512 -999.0 16600.0 -999.0 2 106 {-999.0 -999.0 -999.0 -999.0 -999.0} "" -999.0 -999.0 -999.0 -999.0 -999 -999 "" ops_sky_apogee_best_unassigned ops_sky sky_apogee 0 0 0.0 0.0 -999 ""
FIBERMAP 1008 R0C26 BOSS 1 1 0 1 0 0 257.3430303005357 -5.717054649983546 143.1 -76.6828457617877 245.7075824072781 203.9476 122.26251 199.23996882139167 -24.26638213550911 -91.748726 -52.292545 1.1494528 199.23967556140033 -24.26653451158519 199.26503425162426 -24.410241030300107 78.40382844058243 290.613258463286 5400.0 5400.0 2016.0 1 180 {-999.0 19.544266 18.22139 17.744362 -999.0} sdss_psfmag_ps1 19.041952 18.196571 17.284328 15.421 63050396450294460 1073785513 bright_1x1 mwm_halo_local_low_boss_single mwm_halo science 0 0 0.0 0.0 -999 ""
FIBERMAP 1008 R0C26 METROLOGY 0 0 0 1 0 0 258.01736947866914 -5.360886296958862 143.1 -77.23552242274194 246.2330233468252 203.9476 122.26251 -999.0 -999.0 -999.0 -999.0 -999.0 199.23784904006536 -24.264917861821054 199.26319232278172 -24.40862077257388 78.40161063117338 290.6168457500224 -999.0 6231.0 -999.0 -1 -999 {-999.0 -999.0 -999.0 -999.0 -999.0} "" -999.0 -999.0 -999.0 -999.0 -999 -999 "" "" "" "" 0 0 0.0 0.0 -999 ""
FIBERMAP 1015 R+8C1 APOGEE 0 0 0 1 0 0 -218.29453141861066 162.84904533106732 143.1 -84.68869221486503 -258.8316442726773 193.1838 73.7368 -999.0 -999.0 -999.0 -999.0 -999.0 199.20817242680613 -25.792374013541963 199.23503723154454 -25.93590153769315 78.96240917270976 283.3702896621509 -999.0 16600.0 -999.0 2 48 {-999.0 -999.0 -999.0 -999.0 -999.0} "" -999.0 -999.0 -999.0 -999.0 -999 -999 "" ops_sky_apogee_best_unassigned ops_sky sky_apogee 0 0 0.0 0.0 -999 ""
FIBERMAP 1015 R+8C1 BOSS 1 1 0 1 0 0 -218.28210949940149 163.61429827634495 143.1 -85.41788443310028 -259.0640128957012 193.1838 73.7368 199.20574471396515 -25.793003119085533 -18.515305 -11.503933 0.6839533 199.2056847918894 -25.793036640627562 199.23259134536667 -25.93657970889827 78.96054796007625 283.36321765614014 5400.0 5400.0 2016.0 1 84 {-999.0 15.173143 14.705931 14.529129 -999.0} sdss_psfmag_from_g3xp 15.077074 14.721813 14.191519 13.202 63050396450238916 1072474397 bright_1x1 mwm_halo_local_high_boss_single mwm_halo science 0 0 0.0 0.0 -999 ""
FIBERMAP 1015 R+8C1 METROLOGY 0 0 0 1 0 0 -217.64892738724637 163.21875994147547 143.1 -85.2450391893077 -258.33775729587654 193.1838 73.7368 -999.0 -999.0 -999.0 -999.0 -999.0 199.2062597931204 -25.790914437845807 199.2331525287841 -25.934453492653624 78.96033652835325 283.3745762575701 -999.0 6231.0 -999.0 -1 -999 {-999.0 -999.0 -999.0 -999.0 -999.0} "" -999.0 -999.0 -999.0 -999.0 -999 -999 "" "" "" "" 0 0 0.0 0.0 -999 ""
FIBERMAP 1020 R-3C9 APOGEE 0 0 0 1 0 0 -78.94161196366431 -39.20732618900581 143.1 62.34170255833954 -62.304435992760446 134.44032 65.78607 -999.0 -999.0 -999.0 -999.0 -999.0 199.7023384909393 -25.199438820715415 199.72910445806065 -25.342611335791 79.17021813191295 287.12590198791924 -999.0 16600.0 -999.0 2 291 {-999.0 -999.0 -999.0 -999.0 -999.0} "" -999.0 -999.0 -999.0 -999.0 -999 -999 "" ops_sky_apogee_best_unassigned ops_sky sky_apogee 0 0 0.0 0.0 -999 ""
FIBERMAP 1020 R-3C9 BOSS 1 1 0 1 0 0 -78.19625560270464 -39.03810677504452 143.1 61.943540345767666 -61.652049301200584 134.44032 65.78607 199.70117451588106 -25.197571574161366 -53.648994 31.016325 1.8078908 199.70100174727403 -25.197481194933555 199.72780562488498 -25.34067060660008 79.16839380930799 287.1330736494128 5400.0 5400.0 2016.0 1 478 {-999.0 19.637747 18.000433 17.291628 -999.0} sdss_psfmag_ps1 18.951624 17.897299 16.876438 14.861 63050396450248841 1073376772 bright_1x1 mwm_halo_local_high_boss_single mwm_halo science 0 0 0.0 0.0 -999 ""
FIBERMAP 1020 R-3C9 METROLOGY 0 0 0 1 0 0 -78.44493493326232 -39.760860712822435 143.1 62.707830195079225 -61.65714009978628 134.44032 65.78607 -999.0 -999.0 -999.0 -999.0 -999.0 199.7035824825112 -25.197503885062005 199.73037777494108 -25.340686745322014 79.17054935920541 287.1377057784657 -999.0 6231.0 -999.0 -1 -999 {-999.0 -999.0 -999.0 -999.0 -999.0} "" -999.0 -999.0 -999.0 -999.0 -999 -999 "" "" "" "" 0 0 0.0 0.0 -999 ""
FIBERMAP 1021 R+4C5 APOGEE 1 1 0 1 0 0 -144.4404151085269 73.64908561919096 143.1 -23.715899074033565 -160.38247359616477 341.02515 117.502625 199.41330530072565 -25.496487193061235 -28.820246 -3.795587 2.2255867 199.4132122596811 -25.496498253073554 199.43998576118395 -25.63988563240404 79.03615723784327 285.15707247056355 16000.0 16600.0 2016.0 2 25 {-999.0 9.992607 9.243644 8.941124 -999.0} sdss_psfmag_from_g3xp 9.785629 9.270956 8.592382 7.236 63050396450247061 996660653 bright_1x1 mwm_bin_gaia_sb_apogee mwm_bin science 0 0 0.0 0.0 -999 ""
FIBERMAP 1021 R+4C5 BOSS 0 0 0 1 0 0 -144.30172447828906 72.93579538440258 143.1 -23.084161722256997 -160.02347362102415 341.02515 117.502625 -999.0 -999.0 -999.0 -999.0 -999.0 199.4152814578706 -25.49546692990196 199.44209992117737 -25.638867420201816 79.03758384747653 285.1656065668835 -999.0 5400.0 -999.0 1 42 {-999.0 -999.0 -999.0 -999.0 -999.0} "" -999.0 -999.0 -999.0 -999.0 -999 -999 "" "" "" "" 0 0 0.0 0.0 -999 ""
FIBERMAP 1021 R+4C5 METROLOGY 0 0 0 1 0 0 -145.00936982946212 73.16083702380874 143.1 -23.07167124785698 -160.7659038815802 341.02515 117.502625 -999.0 -999.0 -999.0 -999.0 -999.0 199.41532985778954 -25.497734750615624 199.4421385424398 -25.641130777894166 79.03841168482023 285.15452725708906 -999.0 6231.0 -999.0 -1 -999 {-999.0 -999.0 -999.0 -999.0 -999.0} "" -999.0 -999.0 -999.0 -999.0 -999 -999 "" "" "" "" 0 0 0.0 0.0 -999 ""
FIBERMAP 1022 R-11C3 APOGEE 1 1 0 1 0 0 -107.65061612488462 -199.59496599555186 143.1 223.4999760674519 -38.34298932231469 99.60897 44.84799 200.24069155127054 -25.125154423298387 -1.2145343 2.117073 0.9256412 200.24068764236227 -25.125148254314233 200.26793765667836 -25.267852373929067 79.58965992935822 288.53020127432046 16000.0 16600.0 2016.0 2 152 {-999.0 12.857556 11.896036 11.568468 -999.0} sdss_psfmag_from_g3xp 12.543994 11.941881 11.207624 9.681 63050396450266450 1108719250 bright_1x1 mwm_tess_rgb_apogee mwm_tessrgb science 0 0 0.0 0.0 -999 ""
FIBERMAP 1022 R-11C3 BOSS 0 0 0 1 0 0 -107.04023386320846 -200.01567447773195 143.1 223.70394892921647 -37.63031100616186 99.60897 44.84799 -999.0 -999.0 -999.0 -999.0 -999.0 200.24135932795502 -25.122977902988797 200.26864795013012 -25.26569749273767 79.58938839794874 288.54255390318656 -999.0 5400.0 -999.0 1 433 {-999.0 -999.0 -999.0 -999.0 -999.0} "" -999.0 -999.0 -999.0 -999.0 -999 -999 "" "" "" "" 0 0 0.0 0.0 -999 ""
FIBERMAP 1022 R-11C3 METROLOGY 0 0 0 1 0 0 -107.70934256735285 -200.34075171917323 143.1 224.22549189106385 -38.160714119555976 99.60897 44.84799 -999.0 -999.0 -999.0 -999.0 -999.0 200.24314952319105 -25.124585065336657 200.2704304449934 -25.267298385783725 79.59150554453781 288.5379933911123 -999.0 6231.0 -999.0 -1 -999 {-999.0 -999.0 -999.0 -999.0 -999.0} "" -999.0 -999.0 -999.0 -999.0 -999 -999 "" "" "" "" 0 0 0.0 0.0 -999 ""
FIBERMAP 1024 R+6C15 APOGEE 0 0 0 1 0 0 97.525193304337 103.06509833752202 143.1 -128.7884035609667 59.54334209881007 318.96857 98.6047 -999.0 -999.0 -999.0 -999.0 -999.0 199.06314098852542 -24.82867359286774 199.08885187292844 -24.9724426154326 78.49250907267397 287.7277132333087 -999.0 16600.0 -999.0 2 113 {-999.0 -999.0 -999.0 -999.0 -999.0} "" -999.0 -999.0 -999.0 -999.0 -999 -999 "" ops_sky_apogee_best_unassigned ops_sky sky_apogee 0 0 0.0 0.0 -999 ""
FIBERMAP 1024 R+6C15 BOSS 1 1 0 1 0 0 97.08795268177626 102.447870640308 143.1 -128.06396353794565 59.32588566827576 318.96857 98.6047 199.06548597736915 -24.82928816708967 -13.12339 -2.2405145 0.27052343 199.06544384196985 -24.82929469576655 199.09120185305844 -24.973078890894477 78.49471762211144 287.72899628635923 5400.0 5400.0 2016.0 1 196 {-999.0 18.521154 17.81439 17.878891 -999.0} sdss_psfmag_ps1 18.353502 17.906082 17.298962 16.076 63050396450289809 944648821 bright_1x1 openfibertargets_nov2020_6c open_fiber science 0 0 0.0 0.0 -999 ""
FIBERMAP 1024 R+6C15 METROLOGY 0 0 0 1 0 0 96.74840394433473 103.11324716982344 143.1 -128.58621279110588 58.791818775019415 318.96857 98.6047 -999.0 -999.0 -999.0 -999.0 -999.0 199.0636900378001 -24.830907764462033 199.0894354944537 -24.97468838716392 78.49388118071259 287.71841468383275 -999.0 6231.0 -999.0 -1 -999 {-999.0 -999.0 -999.0 -999.0 -999.0} "" -999.0 -999.0 -999.0 -999.0 -999 -999 "" "" "" "" 0 0 0.0 0.0 -999 ""
FIBERMAP 1027 R+8C18 APOGEE 0 0 0 1 0 0 187.3024765501298 135.90485045848155 143.1 -188.55250002337382 134.14819518795886 353.30725 42.16053 -999.0 -999.0 -999.0 -999.0 -999.0 198.8660171880675 -24.602309033936656 198.89129435040024 -24.746272218559433 78.23767372341663 288.39932075224533 -999.0 16600.0 -999.0 2 -999 {-999.0 -999.0 -999.0 -999.0 -999.0} "" -999.0 -999.0 -999.0 -999.0 -999 -999 "" "" "" "" 0 0 0.0 0.0 -999 ""
FIBERMAP 1027 R+8C18 BOSS 1 1 0 1 0 0 186.71058950044193 135.48813385194728 143.1 -187.96874680252094 133.72021090729893 353.30725 42.16053 198.8678618042611 -24.60356644378733 0.44668493 -0.14842121 0.43158063 198.86786323583843 -24.603566876275046 198.89318829328815 -24.7475464648408 78.23976320420545 288.39703836081793 5400.0 5400.0 2016.0 1 250 {-999.0 20.399586 19.880648 19.929829 -999.0} sdss_psfmag_ps1 19.934555 19.81479 19.541471 -999.0 63050396450292692 1117337557 bright_1x1 openfibertargets_bhm_quaia_boss open_fiber science 0 0 0.0 0.0 -999 ""
FIBERMAP 1027 R+8C18 METROLOGY 0 0 0 1 0 0 186.6237344784038 136.21918692926596 143.1 -188.6338552409315 133.40466853938497 353.30725 42.16053 -999.0 -999.0 -999.0 -999.0 -999.0 198.86562931526242 -24.604499168166097 198.89094048852996 -24.748475411051174 78.23827534221428 288.38880461566725 -999.0 6231.0 -999.0 -1 -999 {-999.0 -999.0 -999.0 -999.0 -999.0} "" -999.0 -999.0 -999.0 -999.0 -999 -999 "" "" "" "" 0 0 0.0 0.0 -999 ""
FIBERMAP 1029 R+7C2 APOGEE 0 0 0 1 0 0 -188.44304076733218 124.39786966687291 143.1 -57.77217059384055 -218.27423580157222 268.57578 128.69157 -999.0 -999.0 -999.0 -999.0 -999.0 199.29862198409825 -25.670869351063168 199.32545691569328 -25.814334238230032 78.99914363041489 284.1110693420072 -999.0 16600.0 -999.0 2 -999 {-999.0 -999.0 -999.0 -999.0 -999.0} "" -999.0 -999.0 -999.0 -999.0 -999 -999 "" "" "" "" 0 0 0.0 0.0 -999 ""
FIBERMAP 1029 R+7C2 BOSS 1 1 0 1 0 0 -189.04025822627878 123.9319517434202 143.1 -57.14008877328416 -218.69157486574122 268.57578 128.69157 199.30068567601995 -25.672144768045772 0.80636376 -4.6009345 0.04702549 199.3006882830461 -25.672158174806416 199.327570342537 -25.815635098869855 79.00137223295687 284.107989282349 5400.0 5400.0 2016.0 1 72 {-999.0 16.808455 16.057701 15.847519 -999.0} sdss_psfmag_ps1 16.577438 16.116722 15.485288 14.199 63050396450239065 1076076608 bright_1x1 mwm_halo_mp_xp_boss_single mwm_halo science 0 0 0.0 0.0 -999 ""
FIBERMAP 1029 R+7C2 METROLOGY 0 0 0 1 0 0 -189.13459543696135 124.6829141471039 143.1 -57.82167819002945 -219.0205598240202 268.57578 128.69157 -999.0 -999.0 -999.0 -999.0 -999.0 199.29840087515157 -25.673177886495886 199.32526926631397 -25.816652691979375 78.99976164853749 284.0993254996218 -999.0 6231.0 -999.0 -1 -999 {-999.0 -999.0 -999.0 -999.0 -999.0} "" -999.0 -999.0 -999.0 -999.0 -999 -999 "" "" "" "" 0 0 0.0 0.0 -999 ""
FIBERMAP 1030 R-7C6 APOGEE 0 0 0 1 0 0 -101.02766419847796 -118.00169762151367 143.1 144.0612026230007 -58.09736273923688 124.22786 77.69647 -999.0 -999.0 -999.0 -999.0 -999.0 199.97598533600015 -25.186101500747778 200.0030245996004 -25.32903447391057 79.39356006894393 287.7049357685888 -999.0 16600.0 -999.0 2 -999 {-999.0 -999.0 -999.0 -999.0 -999.0} "" -999.0 -999.0 -999.0 -999.0 -999 -999 "" "" "" "" 0 0 0.0 0.0 -999 ""
FIBERMAP 1030 R-7C6 BOSS 1 1 0 1 0 0 -100.26172226383198 -117.73712041862952 143.1 143.5661024832366 -57.45588939746294 124.22786 77.69647 199.9743541798322 -25.18417128047367 -999.0 -999.0 -999.0 199.9743541798322 -25.18417128047367 200.00143053623665 -25.327121526258722 79.3914899019307 287.7114763588121 5400.0 5400.0 2016.0 1 504 {-999.0 -999.0 -999.0 -999.0 -999.0} "" -999.0 -999.0 -999.0 -999.0 63050399062551112 1115985872 bright_1x1 openfibertargets_bhm_racsradio_boss open_fiber science 0 0 0.0 0.0 -999 ""
FIBERMAP 1030 R-7C6 METROLOGY 0 0 0 1 0 0 -100.43355332281948 -118.45615387267587 143.1 144.3023493087075 -57.38933814606516 124.22786 77.69647 -999.0 -999.0 -999.0 -999.0 -999.0 199.97684464540146 -25.183972252608832 200.0039118573518 -25.32691589590456 79.39347702572255 287.71723465756844 -999.0 6231.0 -999.0 -1 -999 {-999.0 -999.0 -999.0 -999.0 -999.0} "" -999.0 -999.0 -999.0 -999.0 -999 -999 "" "" "" "" 0 0 0.0 0.0 -999 ""
FIBERMAP 1031 R+1C16 APOGEE 0 0 0 1 0 0 65.2542376638478 25.14510436618063 143.1 -44.64823069472642 53.8192405186054 12.34041 134.48819 -999.0 -999.0 -999.0 -999.0 -999.0 199.3441837789525 -24.846677544915007 199.37020458922518 -24.9902041758784 78.73363363036174 288.1579689555634 -999.0 16600.0 -999.0 2 114 {-999.0 -999.0 -999.0 -999.0 -999.0} "" -999.0 -999.0 -999.0 -999.0 -999 -999 "" ops_sky_apogee_best_unassigned ops_sky sky_apogee 0 0 0.0 0.0 -999 ""
FIBERMAP 1031 R+1C16 BOSS 1 1 0 1 0 0 65.90327391363581 24.759501921426423 143.1 -44.489859672394644 54.55735118822164 12.34041 134.48819 199.3446471854277 -24.844388102674415 -0.29810008 0.12336156 -0.2878929 199.3446462281981 -24.844387743208554 199.37070827692966 -24.98793132950873 78.7331441588012 288.16956715654675 5400.0 5400.0 2016.0 1 198 {-999.0 19.856443 19.513887 19.19221 18.92431} sdss_psfmag_from_gaiadr2 19.264843 19.601501 18.245453 -999.0 63050396450290256 1057721681 bright_flexible_2x1 bhm_gua_bright bhm_filler science 0 0 0.0 0.0 -999 ""
FIBERMAP 1031 R+1C16 METROLOGY 0 0 0 1 0 0 65.24672790329231 24.398116089890525 143.1 -43.93791501962911 54.0504373578198 12.34041 134.48819 -999.0 -999.0 -999.0 -999.0 -999.0 199.3464970173579 -24.8459297372436 199.37255040676393 -24.989466699130052 78.73528820086196 288.1657775641947 -999.0 6231.0 -999.0 -1 -999 {-999.0 -999.0 -999.0 -999.0 -999.0} "" -999.0 -999.0 -999.0 -999.0 -999 -999 "" "" "" "" 0 0 0.0 0.0 -999 ""
FIBERMAP 1033 R-9C16 APOGEE 0 0 0 1 0 0 145.69879273736515 -166.25198966577025 143.1 111.07408652097753 191.1184086457954 38.810448 157.42593 -999.0 -999.0 -999.0 -999.0 -999.0 199.8634232334275 -24.43140701456939 199.88954009694692 -24.574532101155597 78.98643316265525 291.1371313601949 -999.0 16600.0 -999.0 2 208 {-999.0 -999.0 -999.0 -999.0 -999.0} "" -999.0 -999.0 -999.0 -999.0 -999 -999 "" ops_sky_apogee_best_unassigned ops_sky sky_apogee 0 0 0.0 0.0 -999 ""
FIBERMAP 1033 R-9C16 BOSS 1 1 0 1 0 0 146.404390660393 -166.01620395742773 143.1 110.62552376750627 191.7118794802657 38.810448 157.42593 199.86190795898438 -24.429560290961206 -999.0 -999.0 -999.0 199.86190795898435 -24.42956029096121 199.88806243483214 -24.572705407406392 78.98442003433732 291.14259537250933 5400.0 5400.0 2015.5 1 294 {-999.0 -999.0 -999.0 -999.0 -999.0} "" -999.0 -999.0 -999.0 -999.0 27021603177296025 814936556 "" ops_sky_boss_good ops_sky sky_boss 0 0 0.0 0.0 -999 ""
FIBERMAP 1033 R-9C16 METROLOGY 0 0 0 1 0 0 146.2491693431853 -166.75554817389906 143.1 111.37572002207544 191.80065156352848 38.810448 157.42593 -999.0 -999.0 -999.0 -999.0 -999.0 199.86442808740512 -24.429271026351923 199.8905732022405 -24.572408722235483 78.98633650996243 291.14927495871643 -999.0 6231.0 -999.0 -1 -999 {-999.0 -999.0 -999.0 -999.0 -999.0} "" -999.0 -999.0 -999.0 -999.0 -999 -999 "" "" "" "" 0 0 0.0 0.0 -999 ""
FIBERMAP 1038 R+9C11 APOGEE 0 0 0 1 0 0 33.64976541249524 185.37183981745952 143.1 -186.41203259702235 -27.249875245531015 68.709076 136.07596 -999.0 -999.0 -999.0 -999.0 -999.0 198.86950731899867 -25.091017640257093 198.8952841190013 -25.234918150717665 78.43112838153239 286.17984120594326 -999.0 16600.0 -999.0 2 140 {-999.0 -999.0 -999.0 -999.0 -999.0} "" -999.0 -999.0 -999.0 -999.0 -999 -999 "" ops_sky_apogee_best_unassigned ops_sky sky_apogee 0 0 0.0 0.0 -999 ""
FIBERMAP 1038 R+9C11 BOSS 1 1 0 1 0 0 34.3246378961522 185.70185564125637 143.1 -186.94009468216456 -26.71558537602311 68.709076 136.07596 198.86764526367188 -25.0893806851783 -999.0 -999.0 -999.0 198.86764526367185 -25.089380685178295 198.8934634329119 -25.23329927484137 78.4289979569412 286.18428476426385 5400.0 5400.0 2015.5 1 139 {-999.0 -999.0 -999.0 -999.0 -999.0} "" -999.0 -999.0 -999.0 -999.0 27021603177289884 814935498 "" ops_sky_boss_good ops_sky sky_boss 0 0 0.0 0.0 -999 ""
FIBERMAP 1038 R+9C11 METROLOGY 0 0 0 1 0 0 34.25901412549565 184.9401671943789 143.1 -186.19730739392534 -26.534773270407477 68.709076 136.07596 -999.0 -999.0 -999.0 -999.0 -999.0 198.87010940558434 -25.088854543675424 198.89591692156785 -25.232766503778308 78.43086040872679 286.19086252073805 -999.0 6231.0 -999.0 -1 -999 {-999.0 -999.0 -999.0 -999.0 -999.0} "" -999.0 -999.0 -999.0 -999.0 -999 -999 "" "" "" "" 0 0 0.0 0.0 -999 ""
FIBERMAP 1045 R+11C11 APOGEE 0 0 0 1 0 0 67.30552616190411 199.15704235002687 143.1 -210.2135457028038 0.24771226936336752 344.51312 74.074066 -999.0 -999.0 -999.0 -999.0 -999.0 198.79078669267477 -25.007267979102583 198.816395693593 -25.151244777151742 78.3336451769525 286.43275607309533 -999.0 16600.0 -999.0 2 126 {-999.0 -999.0 -999.0 -999.0 -999.0} "" -999.0 -999.0 -999.0 -999.0 -999 -999 "" ops_sky_apogee_best_unassigned ops_sky sky_apogee 0 0 0.0 0.0 -999 ""
FIBERMAP 1045 R+11C11 BOSS 1 1 0 1 0 0 66.93698182731724 198.5191769880854 143.1 -209.49146376722499 0.10194331512583767 344.51312 74.074066 198.79308904130164 -25.007696341214338 -1.9094005 -3.2504141 0.06456792 198.79308290189556 -25.007705812664916 198.81873998594978 -25.15169727654334 78.33578167898263 286.4346287203224 5400.0 5400.0 2016.0 1 113 {-999.0 16.450256 15.870807 15.61015 -999.0} sdss_psfmag_ps1 16.253136 15.851713 15.266716 14.055 63050396450289337 1071076911 bright_1x1 mwm_halo_vmp_xp_boss_single mwm_halo science 0 0 0.0 0.0 -999 ""
FIBERMAP 1045 R+11C11 METROLOGY 0 0 0 1 0 0 66.56502466009194 199.15117743455366 143.1 -209.97174319498993 -0.45218893646517666 344.51312 74.074066 -999.0 -999.0 -999.0 -999.0 -999.0 198.79145463141728 -25.009380094415217 198.81709895584265 -25.15336800054481 78.33503325572748 286.4242092870323 -999.0 6231.0 -999.0 -1 -999 {-999.0 -999.0 -999.0 -999.0 -999.0} "" -999.0 -999.0 -999.0 -999.0 -999 -999 "" "" "" "" 0 0 0.0 0.0 -999 ""
FIBERMAP 1047 R+10C15 APOGEE 0 0 0 1 0 0 118.73589595764388 202.38856447361596 143.1 -229.68403457393433 47.957244752010986 185.77351 79.35108 -999.0 -999.0 -999.0 -999.0 -999.0 198.72725354435119 -24.862482566129344 198.75264982464887 -25.006530172822412 78.22517711354388 286.9833726296011 -999.0 16600.0 -999.0 2 77 {-999.0 -999.0 -999.0 -999.0 -999.0} "" -999.0 -999.0 -999.0 -999.0 -999 -999 "" ops_sky_apogee_best_unassigned ops_sky sky_apogee 0 0 0.0 0.0 -999 ""
FIBERMAP 1047 R+10C15 BOSS 1 1 0 1 0 0 118.77128054019609 203.1228406695134 143.1 -230.3911960120891 47.75652041698187 185.77351 79.35108 198.72482299804685 -24.863054573297703 -999.0 -999.0 -999.0 198.72482299804682 -24.8630545732977 198.75026278766876 -25.007121354846333 78.22340840539364 286.9766173010338 5400.0 5400.0 2015.5 1 236 {-999.0 -999.0 -999.0 -999.0 -999.0} "" -999.0 -999.0 -999.0 -999.0 27021603177290837 814935612 "" ops_sky_boss_good ops_sky sky_boss 0 0 0.0 0.0 -999 ""
FIBERMAP 1047 R+10C15 METROLOGY 0 0 0 1 0 0 119.4110625981778 202.70437210567246 143.1 -230.1987254200276 48.49634627409716 185.77351 79.35108 -999.0 -999.0 -999.0 -999.0 -999.0 198.7254529273868 -24.86081569405683 198.75087828028586 -25.004877350459683 78.22305886262845 286.98781629390385 -999.0 6231.0 -999.0 -1 -999 {-999.0 -999.0 -999.0 -999.0 -999.0} "" -999.0 -999.0 -999.0 -999.0 -999 -999 "" "" "" "" 0 0 0.0 0.0 -999 ""
FIBERMAP 1048 R-5C8 APOGEE 0 0 0 1 0 0 -62.96963937890193 -95.24185593016219 143.1 110.34996866587895 -29.290960389326717 25.098658 97.66439 -999.0 -999.0 -999.0 -999.0 -999.0 199.8630829487692 -25.099026663731394 199.8899103095298 -25.242070199144145 79.26546222385144 287.92193016979485 -999.0 16600.0 -999.0 2 -999 {-999.0 -999.0 -999.0 -999.0 -999.0} "" -999.0 -999.0 -999.0 -999.0 -999 -999 "" "" "" "" 0 0 0.0 0.0 -999 ""
FIBERMAP 1048 R-5C8 BOSS 1 1 0 1 0 0 -62.56582002870371 -95.88897353437493 143.1 110.83440951995314 -28.701809517976404 25.098658 97.66439 199.86473032899005 -25.09722833164078 -1.6093339 -2.3138163 -0.057472073 199.86472515062465 -25.09723507391912 199.8915935800165 -25.240293330649088 79.26616578991091 287.93391242490577 5400.0 5400.0 2016.0 1 481 {-999.0 17.727444 16.75266 16.51254 -999.0} sdss_psfmag_ps1 17.353905 16.87005 16.2316 14.946 63050396450249262 944139353 bright_1x1 openfibertargets_nov2020_6b open_fiber science 0 0 0.0 0.0 -999 ""
FIBERMAP 1048 R-5C8 METROLOGY 0 0 0 1 0 0 -63.307950505748124 -95.90897196073571 143.1 111.09012603426623 -29.398745446664858 25.098658 97.66439 -999.0 -999.0 -999.0 -999.0 -999.0 199.8656076408218 -25.099355736954763 199.892467618193 -25.242408429003092 79.26772267057224 287.925130720406 -999.0 6231.0 -999.0 -1 -999 {-999.0 -999.0 -999.0 -999.0 -999.0} "" -999.0 -999.0 -999.0 -999.0 -999 -999 "" "" "" "" 0 0 0.0 0.0 -999 ""
FIBERMAP 1050 R+12C14 APOGEE 0 0 0 1 0 0 142.33324451366855 223.2318921887889 143.1 -256.96555937992036 63.67071407583348 304.11356 121.59152 -999.0 -999.0 -999.0 -999.0 -999.0 198.63737501907403 -24.814522816965223 198.6626296321882 -24.958651130617614 78.13142301148399 287.04525720155675 -999.0 16600.0 -999.0 2 56 {-999.0 -999.0 -999.0 -999.0 -999.0} "" -999.0 -999.0 -999.0 -999.0 -999 -999 "" ops_sky_apogee_best_unassigned ops_sky sky_apogee 0 0 0.0 0.0 -999 ""
FIBERMAP 1050 R+12C14 BOSS 1 1 0 1 0 0 142.0267874192403 222.55249506953263 143.1 -256.2239257238769 63.59703511467186 304.11356 121.59152 198.63974070879118 -24.81467786936308 11.084842 -21.06963 0.4133201 198.639776294821 -24.81473926459979 198.66507926954304 -24.958882951936403 78.13356078058132 287.0483943717262 5400.0 5400.0 2016.0 1 93 {-999.0 18.612446 17.979774 17.779064 -999.0} sdss_psfmag_ps1 18.419218 18.016644 17.417133 16.03 63050396450292145 944648849 bright_1x1 openfibertargets_nov2020_6c open_fiber science 0 0 0.0 0.0 -999 ""
FIBERMAP 1050 R+12C14 METROLOGY 0 0 0 1 0 0 141.58569858228435 223.17394583510628 143.1 -256.67215195635845 62.980752565104645 304.11356 121.59152 -999.0 -999.0 -999.0 -999.0 -999.0 198.63823738722192 -24.816588201582064 198.66352781783814 -24.96072803120275 78.13297704187902 287.03747473805987 -999.0 6231.0 -999.0 -1 -999 {-999.0 -999.0 -999.0 -999.0 -999.0} "" -999.0 -999.0 -999.0 -999.0 -999 -999 "" "" "" "" 0 0 0.0 0.0 -999 ""
FIBERMAP 1052 R-8C18 APOGEE 0 0 0 1 0 0 196.9206752533434 -155.13714497411343 143.1 84.19909744100521 236.11531881423093 32.49324 80.0098 -999.0 -999.0 -999.0 -999.0 -999.0 199.77364647604875 -24.29585523464345 199.79952981467738 -24.43907595566782 78.85272076590856 291.57795328712007 -999.0 16600.0 -999.0 2 -999 {-999.0 -999.0 -999.0 -999.0 -999.0} "" -999.0 -999.0 -999.0 -999.0 -999 -999 "" "" "" "" 0 0 0.0 0.0 -999 ""
FIBERMAP 1052 R-8C18 BOSS 1 1 0 1 0 0 197.22471770134413 -155.82891693821944 143.1 84.7576892872525 236.62415745513925 32.49324 80.0098 199.77545286000486 -24.294267526042308 1.7323847 -8.653126 0.22364195 199.7754583985031 -24.294292740568956 199.80138323868115 -24.437531048927966 78.85353325869099 291.5890160088923 5400.0 5400.0 2016.0 1 275 {-999.0 17.271961 16.994864 16.775229 -999.0} sdss_psfmag_ps1 17.155392 16.879372 16.42509 15.556 63050396450309953 944649050 bright_1x1 openfibertargets_nov2020_6c open_fiber science 0 0 0.0 0.0 -999 ""
FIBERMAP 1052 R-8C18 METROLOGY 0 0 0 1 0 0 196.47670413797965 -155.73913157323236 143.1 84.91124074383245 235.88662149286117 32.49324 80.0098 -999.0 -999.0 -999.0 -999.0 -999.0 199.77600402792078 -24.296474400789414 199.80192009348173 -24.439706588294758 78.85494806052928 291.58010056325963 -999.0 6231.0 -999.0 -1 -999 {-999.0 -999.0 -999.0 -999.0 -999.0} "" -999.0 -999.0 -999.0 -999.0 -999 -999 "" "" "" "" 0 0 0.0 0.0 -999 ""
FIBERMAP 1055 R+1C11 APOGEE 1 1 0 1 0 0 -73.78360299210148 9.469961518797938 143.1 14.564726015866801 -72.94585345671159 264.18152 50.945282 199.5421144799648 -25.231748087396927 -22.383593 -7.4330716 1.5022843 199.54204237661858 -25.231769746764517 199.5686732722392 -25.37507800772464 79.04824530310883 286.6769836381968 16000.0 16600.0 2016.0 2 21 {-999.0 11.4832 11.141241 11.006056 -999.0} sdss_psfmag_from_g3xp 11.429374 11.165022 10.672321 9.876 63050396450247746 1103549016 bright_1x1 mwm_tess_2min_apogee mwm_planet science 0 0 0.0 0.0 -999 ""
FIBERMAP 1055 R+1C11 BOSS 0 0 0 1 0 0 -74.33455216850416 9.999409231717436 143.1 14.238740018027567 -73.63689850669414 264.18152 50.945282 -999.0 -999.0 -999.0 -999.0 -999.0 199.54091315590424 -25.23389443515724 199.56758818925198 -25.37721907535274 79.04813826481818 286.6646012604634 -999.0 5400.0 -999.0 1 31 {-999.0 -999.0 -999.0 -999.0 -999.0} "" -999.0 -999.0 -999.0 -999.0 -999 -999 "" "" "" "" 0 0 0.0 0.0 -999 ""
FIBERMAP 1055 R+1C11 METROLOGY 0 0 0 1 0 0 -73.60507104837603 10.189460347419844 143.1 13.825900352886338 -73.00620275818548 264.18152 50.945282 -999.0 -999.0 -999.0 -999.0 -999.0 199.5395423150958 -25.231990905960178 199.566201823877 -25.375312571570486 79.04626275746642 286.6714357267559 -999.0 6231.0 -999.0 -1 -999 {-999.0 -999.0 -999.0 -999.0 -999.0} "" -999.0 -999.0 -999.0 -999.0 -999 -999 "" "" "" "" 0 0 0.0 0.0 -999 ""
FIBERMAP 1059 R+3C13 APOGEE 0 0 0 1 0 0 13.324439462907694 46.60765439237119 143.1 -48.42094768130047 -2.241820845701427 271.01727 127.562996 -999.0 -999.0 -999.0 -999.0 -999.0 199.33113447455528 -25.016856753095553 199.35731883091444 -25.160373778093945 78.78977593567564 287.3315184597787 -999.0 16600.0 -999.0 2 125 {-999.0 -999.0 -999.0 -999.0 -999.0} "" -999.0 -999.0 -999.0 -999.0 -999 -999 "" ops_sky_apogee_best_unassigned ops_sky sky_apogee 0 0 0.0 0.0 -999 ""
FIBERMAP 1059 R+3C13 BOSS 1 1 0 1 0 0 12.74473564762256 46.1404295999222 143.1 -47.79321477107513 -2.642145318436805 271.01727 127.562996 199.3332105272796 -25.018048061158073 -16.29281 -4.6921787 1.680905 199.33315813564295 -25.018061733788038 199.35938862206515 -25.16159316171167 78.79197509868655 287.32945784353774 5400.0 5400.0 2016.0 1 111 {-999.0 21.19262 19.668795 18.356325 -999.0} sdss_psfmag_ps1 20.505468 19.116236 17.92324 15.646 63050396450248762 1094428925 bright_1x1 mwm_bin_vis_boss mwm_filler science 0 0 0.0 0.0 -999 ""
FIBERMAP 1059 R+3C13 METROLOGY 0 0 0 1 0 0 12.633393278852678 46.88072164309279 143.1 -48.45926669633881 -2.9838418468752987 271.01727 127.562996 -999.0 -999.0 -999.0 -999.0 -999.0 199.33093149901757 -25.019099892775625 199.357149018085 -25.162628584270546 78.7905054833259 287.3205152945168 -999.0 6231.0 -999.0 -1 -999 {-999.0 -999.0 -999.0 -999.0 -999.0} "" -999.0 -999.0 -999.0 -999.0 -999 -999 "" "" "" "" 0 0 0.0 0.0 -999 ""
FIBERMAP 1061 R+9C10 APOGEE 0 0 0 1 0 0 -5.932040322481651 187.24032595847513 143.1 -175.5548965508462 -65.35760941437256 207.7264 36.56783 -999.0 -999.0 -999.0 -999.0 -999.0 198.90514779339017 -25.206684883250354 198.93108034758905 -25.350541260546382 78.50372315888022 285.70148002825874 -999.0 16600.0 -999.0 2 136 {-999.0 -999.0 -999.0 -999.0 -999.0} "" -999.0 -999.0 -999.0 -999.0 -999 -999 "" ops_sky_apogee_best_unassigned ops_sky sky_apogee 0 0 0.0 0.0 -999 ""
FIBERMAP 1061 R+9C10 BOSS 1 1 0 1 0 0 -5.618020047484571 187.914360287659 143.1 -176.29386080110126 -65.27505193043551 207.7264 36.56783 198.90257473098706 -25.2064248199293 -999.0 -999.0 -999.0 198.90257473098703 -25.2064248199293 198.92854919947013 -25.350299257014296 78.50150435938313 285.69843877056877 5400.0 5400.0 2016.0 1 131 {-999.0 21.4387 20.609425 20.184256 -999.0} sdss_psfmag_ps1 -999.0 -999.0 -999.0 -999.0 63050398347905325 1116290297 bright_1x1 openfibertargets_bhm_morexray_boss open_fiber science 0 0 0.0 0.0 -999 ""
FIBERMAP 1061 R+9C10 METROLOGY 0 0 0 1 0 0 -5.186464640981086 187.32013981379316 143.1 -175.8683992026498 -64.67649155915737 207.7264 36.56783 -999.0 -999.0 -999.0 -999.0 -999.0 198.90398985686974 -25.20463302738856 198.92995130903262 -25.34850200145225 78.50203109475926 285.70914906211976 -999.0 6231.0 -999.0 -1 -999 {-999.0 -999.0 -999.0 -999.0 -999.0} "" -999.0 -999.0 -999.0 -999.0 -999 -999 "" "" "" "" 0 0 0.0 0.0 -999 ""
FIBERMAP 1062 R-12C6 APOGEE 0 0 0 1 0 0 -32.686063344037855 -241.023794229687 143.1 238.84586449967713 45.91797835608169 337.95612 105.59988 -999.0 -999.0 -999.0 -999.0 -999.0 200.2902531454375 -24.869885126912198 200.31727672797786 -25.012576094416122 79.52576100171939 289.915950354025 -999.0 16600.0 -999.0 2 -999 {-999.0 -999.0 -999.0 -999.0 -999.0} "" -999.0 -999.0 -999.0 -999.0 -999 -999 "" "" "" "" 0 0 0.0 0.0 -999 ""
FIBERMAP 1062 R-12C6 BOSS 1 1 0 1 0 0 -32.79956914634041 -241.7060564234741 143.1 239.5286555745228 46.028073135639715 337.95612 105.59988 200.29253854892247 -24.86941136833821 -11.854352 -38.374477 0.9792664 200.2925004756588 -24.869523188537208 200.31956532366272 -25.012228776827392 79.52749659138598 289.9224825287638 5400.0 5400.0 2016.0 1 365 {-999.0 14.756568 14.315136 14.144942 -999.0} sdss_psfmag_from_g3xp 14.667852 14.323983 13.80816 12.868 63050396450267463 1072509846 bright_1x1 mwm_halo_local_high_boss_single mwm_halo science 0 0 0.0 0.0 -999 ""
FIBERMAP 1062 R-12C6 METROLOGY 0 0 0 1 0 0 -33.372549215284586 -241.3208386125235 143.1 239.346384645875 45.36216352017547 337.95612 105.59988 -999.0 -999.0 -999.0 -999.0 -999.0 200.29196548785444 -24.871536751815924 200.3190210758229 -25.014237919032773 79.52789399564385 289.91131243268745 -999.0 6231.0 -999.0 -1 -999 {-999.0 -999.0 -999.0 -999.0 -999.0} "" -999.0 -999.0 -999.0 -999.0 -999 -999 "" "" "" "" 0 0 0.0 0.0 -999 ""
FIBERMAP 1065 R-10C5 APOGEE 0 0 0 1 0 0 -92.89776537894788 -209.02158082093416 143.1 227.72692200670727 -21.35433174358933 274.89786 99.11321 -999.0 -999.0 -999.0 -999.0 -999.0 200.2545168722303 -25.073651092543997 200.2817254626376 -25.21634918206771 79.58040871654505 288.818833958224 -999.0 16600.0 -999.0 2 -999 {-999.0 -999.0 -999.0 -999.0 -999.0} "" -999.0 -999.0 -999.0 -999.0 -999 -999 "" "" "" "" 0 0 0.0 0.0 -999 ""
FIBERMAP 1065 R-10C5 BOSS 1 1 0 1 0 0 -93.59414506741275 -209.19626769695196 143.1 228.11464055650572 -21.958559006322478 274.89786 99.11321 200.25563127602496 -25.075454695126723 -5.9111676 -2.375489 0.058992084 200.25581493894163 -25.0754616171133 200.28306664886912 -25.218174223727313 79.58225547533216 288.8123081894273 5400.0 5400.0 2016.0 1 423 {-999.0 14.461203 13.565188 13.172303 -999.0} sdss_psfmag_from_g3xp 14.178667 13.563013 12.81072 11.24 63050396450267101 1076139016 bright_1x1 mwm_halo_mp_xp_boss_single mwm_halo science 0 0 0.6608787775039673 0.0 -999 ""
FIBERMAP 1065 R-10C5 METROLOGY 0 0 0 1 0 0 -93.41884094226417 -208.4849445622722 143.1 227.38459276829627 -22.019358991972652 274.89786 99.11321 -999.0 -999.0 -999.0 -999.0 -999.0 200.2534413546808 -25.07566507238752 200.28067960438977 -25.21837528261936 79.58036058298438 288.80647257632364 -999.0 6231.0 -999.0 -1 -999 {-999.0 -999.0 -999.0 -999.0 -999.0} "" -999.0 -999.0 -999.0 -999.0 -999 -999 "" "" "" "" 0 0 0.0 0.0 -999 ""
FIBERMAP 1066 R-11C10 APOGEE 1 1 0 1 0 0 22.501137993205926 -222.217577469979 143.1 203.4167050213999 92.21901532760967 226.23772 108.98165 200.17187114832348 -24.730064825566107 -15.140945 -9.84584 0.85006213 200.171822573979 -24.730093515561677 200.19857251171342 -24.87290787129658 79.3690289173329 290.35710577308544 16000.0 16600.0 2016.0 2 175 {-999.0 13.073245 12.308073 12.001713 -999.0} sdss_psfmag_from_g3xp 12.854646 12.328978 11.647804 10.216 63050396450270392 1106446763 bright_1x1 mwm_tess_rgb_apogee mwm_tessrgb science 0 0 0.0 0.0 -999 ""
FIBERMAP 1066 R-11C10 BOSS 0 0 0 1 0 0 21.827801482802414 -221.91439569449827 143.1 203.34419654216507 91.48417023713917 226.23772 108.98165 -999.0 -999.0 -999.0 -999.0 -999.0 200.17159876844687 -24.732282131745585 200.19839124694215 -24.875113713513677 79.3698245649527 290.345917770443 -999.0 5400.0 -999.0 1 417 {-999.0 -999.0 -999.0 -999.0 -999.0} "" -999.0 -999.0 -999.0 -999.0 -999 -999 "" "" "" "" 0 0 0.0 0.0 -999 ""
FIBERMAP 1066 R-11C10 METROLOGY 0 0 0 1 0 0 22.402861816930834 -221.47838789830803 143.1 202.7475293617686 91.89005333741454 226.23772 108.98165 -999.0 -999.0 -999.0 -999.0 -999.0 200.16965703357445 -24.731047916307194 200.1964348302373 -24.873876508739276 79.3676908896615 290.34786048898394 -999.0 6231.0 -999.0 -1 -999 {-999.0 -999.0 -999.0 -999.0 -999.0} "" -999.0 -999.0 -999.0 -999.0 -999 -999 "" "" "" "" 0 0 0.0 0.0 -999 ""
FIBERMAP 1067 R+3C14 APOGEE 1 0 1 1 0 0 34.40171855107534 66.00527168276852 143.1 -73.52838955625847 11.54461110929533 10.005702 170.04305 199.29005540456745 -24.99704731835138 -5.1735 -0.74133146 0.13715336 199.2471773684483 -24.974813579848977 199.27323034356436 -25.11840780897448 78.7033415914003 287.3787660943766 16000.0 16600.0 2016.0 2 122 {-999.0 14.764369 13.51464 12.973925 -999.0} sdss_psfmag_from_g3xp 14.289725 13.475027 12.590958 10.585 63050396450248756 1153097400 bright_1x1 mwm_galactic_core_dist_apogee_sparse mwm_galactic science 0 0 0.0 0.0 -999 ""
FIBERMAP 1067 R+3C14 BOSS 0 0 1 1 0 0 35.13067294467236 65.91014942327979 143.1 -73.67080274284976 12.265787366143694 10.005702 170.04305 -999.0 -999.0 -999.0 -999.0 -999.0 199.24661529188563 -24.972598896220898 199.27270899676364 -25.116210500970283 78.70205415678151 287.3881696011302 -999.0 5400.0 -999.0 1 102 {-999.0 -999.0 -999.0 -999.0 -999.0} "" -999.0 -999.0 -999.0 -999.0 -999 -999 "" "" "" "" 0 0 0.0 0.0 -999 ""
FIBERMAP 1067 R+3C14 METROLOGY 0 0 1 1 0 0 34.690282956407216 65.30874488304961 143.1 -72.96035355380377 12.040298178321084 10.005702 170.04305 -999.0 -999.0 -999.0 -999.0 -999.0 199.2489965168081 -24.973292944913762 199.27508106024197 -25.116897711835755 78.7043003163879 287.3891901512419 -999.0 6231.0 -999.0 -1 -999 {-999.0 -999.0 -999.0 -999.0 -999.0} "" -999.0 -999.0 -999.0 -999.0 -999 -999 "" "" "" "" 0 0 0.0 0.0 -999 ""
FIBERMAP 1072 R-5C17 APOGEE 0 0 0 1 0 0 112.51124856611679 -103.24643400758771 143.1 61.951721827634515 139.56577176645507 203.8936 122.82977 -999.0 -999.0 -999.0 -999.0 -999.0 199.7004516867812 -24.58705057743115 199.72656725863317 -24.730299790594618 78.92072034568467 290.0689881819432 -999.0 16600.0 -999.0 2 -999 {-999.0 -999.0 -999.0 -999.0 -999.0} "" -999.0 -999.0 -999.0 -999.0 -999 -999 "" "" "" "" 0 0 0.0 0.0 -999 ""
FIBERMAP 1072 R-5C17 BOSS 1 1 0 1 0 0 111.891746073191 -102.85023901758976 143.1 61.773890024160266 138.8522708293354 203.8936 122.82977 199.69986821636923 -24.589120206282328 -5.495486 -3.5081599 0.07383521 199.69985060595755 -24.5891304287828 199.72600947841312 -24.73239782507919 78.92115759734622 290.0579893841587 5400.0 5400.0 2016.0 1 296 {-999.0 18.791388 18.211172 18.186779 -999.0} sdss_psfmag_ps1 18.656725 18.25559 17.703928 16.095 63050396450309250 944649020 bright_1x1 openfibertargets_nov2020_6c open_fiber science 0 0 0.0 0.0 -999 ""
FIBERMAP 1072 R-5C17 METROLOGY 0 0 0 1 0 0 112.54744443004294 -102.49931415359457 143.1 61.232129646023644 139.36171873234906 203.8936 122.82977 -999.0 -999.0 -999.0 -999.0 -999.0 199.69806086742736 -24.5875776421393 199.72420452295557 -24.73084172790068 78.91901088000895 290.06167207024265 -999.0 6231.0 -999.0 -1 -999 {-999.0 -999.0 -999.0 -999.0 -999.0} "" -999.0 -999.0 -999.0 -999.0 -999 -999 "" "" "" "" 0 0 0.0 0.0 -999 ""
FIBERMAP 1073 R+13C13 APOGEE 1 1 0 1 0 0 116.34801001896405 269.56545959275184 143.1 -292.58567624449006 24.262609291641205 151.91899 69.14211 198.51855209769406 -24.932956972460858 -0.14046045 3.6183016 1.2040861 198.51855164633776 -24.932946429014972 198.54380047555884 -25.077158613558748 78.07707597774821 286.3145681508551 16000.0 16600.0 2016.0 2 58 {-999.0 12.414467 11.703057 11.435997 -999.0} sdss_psfmag_from_g3xp 12.222482 11.737019 11.087188 9.801 63050396450287193 1109395507 bright_1x1 mwm_tess_rgb_apogee mwm_tessrgb science 0 0 0.0 0.0 -999 ""
FIBERMAP 1073 R+13C13 BOSS 0 0 0 1 0 0 116.90581964621668 270.08730659062826 143.1 -293.25818958139746 24.624758390832103 151.91899 69.14211 -999.0 -999.0 -999.0 -999.0 -999.0 198.5163441737595 -24.931824402179654 198.5416363188781 -25.07605567499738 78.07484487752691 286.3159470483263 -999.0 5400.0 -999.0 1 96 {-999.0 -999.0 -999.0 -999.0 -999.0} "" -999.0 -999.0 -999.0 -999.0 -999 -999 "" "" "" "" 0 0 0.0 0.0 -999 ""
FIBERMAP 1073 R+13C13 METROLOGY 0 0 0 1 0 0 117.06226984471017 269.33855702198775 143.1 -292.59851335161795 25.011901779428378 151.91899 69.14211 -999.0 -999.0 -999.0 -999.0 -999.0 198.51847535188017 -24.930668234040986 198.54375543436765 -25.07489306396943 78.076186078273 286.3246544278825 -999.0 6231.0 -999.0 -1 -999 {-999.0 -999.0 -999.0 -999.0 -999.0} "" -999.0 -999.0 -999.0 -999.0 -999 -999 "" "" "" "" 0 0 0.0 0.0 -999 ""
FIBERMAP 1075 R-7C7 APOGEE 1 1 0 1 0 0 -62.856179440854724 -143.77180429044876 143.1 156.30553993381497 -13.700784818060466 4.178622 81.13938 200.01653798841994 -25.050893950030908 9.749192 -161.27748 2.9807901 200.01656934671834 -25.051363899901467 200.04350485261986 -25.194277138939217 79.37414840769907 288.4555628803522 16000.0 16600.0 2016.0 2 267 {-999.0 12.160164 11.50283 11.264998 -999.0} sdss_psfmag_from_g3xp 11.99218 11.5394945 10.920374 9.732 63050396450246894 1072438075 bright_1x1 mwm_halo_local_high_apogee_single mwm_halo science 0 0 0.0 0.0 -999 ""
FIBERMAP 1075 R-7C7 BOSS 0 0 0 1 0 0 -62.91565730643203 -144.50623710890025 143.1 157.02053635270218 -13.52284368816156 4.178622 81.13938 -999.0 -999.0 -999.0 -999.0 -999.0 200.01898513896586 -25.050806587965507 200.0459642230296 -25.1937340547699 79.3759713662084 288.463085779405 -999.0 5400.0 -999.0 1 362 {-999.0 -999.0 -999.0 -999.0 -999.0} "" -999.0 -999.0 -999.0 -999.0 -999 -999 "" "" "" "" 0 0 0.0 0.0 -999 ""
FIBERMAP 1075 R-7C7 METROLOGY 0 0 0 1 0 0 -63.52648593626569 -144.10503622001931 143.1 156.83519321776984 -14.229721462943704 4.178622 81.13938 -999.0 -999.0 -999.0 -999.0 -999.0 200.01840473855165 -25.052958357701076 200.04537399074331 -25.195881514698918 79.37633978013476 288.4512502983225 -999.0 6231.0 -999.0 -1 -999 {-999.0 -999.0 -999.0 -999.0 -999.0} "" -999.0 -999.0 -999.0 -999.0 -999 -999 "" "" "" "" 0 0 0.0 0.0 -999 ""
FIBERMAP 1076 R-13C6 APOGEE 0 0 0 1 0 0 -42.55828293669152 -267.1486333306446 143.1 266.7539031770393 44.89677168428957 269.81055 83.29845 -999.0 -999.0 -999.0 -999.0 -999.0 200.382627972776 -24.872647490563264 200.40974981713555 -25.01525480128605 79.60287670253906 290.0976130716545 -999.0 16600.0 -999.0 2 263 {-999.0 -999.0 -999.0 -999.0 -999.0} "" -999.0 -999.0 -999.0 -999.0 -999 -999 "" ops_sky_apogee_best_unassigned ops_sky sky_apogee 0 0 0.0 0.0 -999 ""
FIBERMAP 1076 R-13C6 BOSS 1 1 0 1 0 0 -43.31663526665105 -267.05938300751757 143.1 266.9112600986902 44.14960838235502 269.81055 83.29845 200.3831595368376 -24.87486757082392 -12.33641 -7.1708784 0.12266508 200.3831199136035 -24.874888466193433 200.41028396242666 -25.017511674185165 79.60426934412972 290.0874126031404 5400.0 5400.0 2016.0 1 357 {-999.0 14.906404 14.204644 13.890896 -999.0} sdss_psfmag_from_g3xp 14.714611 14.208677 13.537556 12.105 63050396450267605 1076139013 bright_1x1 mwm_halo_mp_xp_boss_single mwm_halo science 0 0 0.0 0.0 -999 ""
FIBERMAP 1076 R-13C6 METROLOGY 0 0 0 1 0 0 -42.859435044789144 -266.4535244123163 143.1 266.19122679013503 44.389607616581564 269.81055 83.29845 -999.0 -999.0 -999.0 -999.0 -999.0 200.38080135897073 -24.874167991166484 200.40795118796132 -25.01678868329942 79.60204787040851 290.0860933756495 -999.0 6231.0 -999.0 -1 -999 {-999.0 -999.0 -999.0 -999.0 -999.0} "" -999.0 -999.0 -999.0 -999.0 -999 -999 "" "" "" "" 0 0 0.0 0.0 -999 ""
FIBERMAP 1077 R-13C11 APOGEE 0 0 0 1 0 0 90.16675608365568 -250.1060467389435 143.1 208.2590131722309 165.2429722576536 1.2042938 126.888336 -999.0 -999.0 -999.0 -999.0 -999.0 200.1861161309017 -24.509541357133752 200.21264316195288 -24.652370046959135 79.28422008728363 291.45847257750364 -999.0 16600.0 -999.0 2 159 {-999.0 -999.0 -999.0 -999.0 -999.0} "" -999.0 -999.0 -999.0 -999.0 -999 -999 "" ops_sky_apogee_best_unassigned ops_sky sky_apogee 0 0 0.0 0.0 -999 ""
FIBERMAP 1077 R-13C11 BOSS 1 1 0 1 0 0 90.61807309029139 -250.67881461775656 143.1 208.65783957392537 165.85341658816048 1.2042938 126.888336 200.18737792968747 -24.507683502152545 -999.0 -999.0 -999.0 200.18737792968744 -24.507683502152545 200.21394415189567 -24.650529359873065 79.28445950987646 291.47016828324183 5400.0 5400.0 2015.5 1 351 {-999.0 -999.0 -999.0 -999.0 -999.0} "" -999.0 -999.0 -999.0 -999.0 27021603177284911 814934681 "" ops_sky_boss_good ops_sky sky_boss 0 0 0.0 0.0 -999 ""
FIBERMAP 1077 R-13C11 METROLOGY 0 0 0 1 0 0 89.8879514961324 -250.7998300272917 143.1 209.0054585227187 165.20008920231288 1.2042938 126.888336 -999.0 -999.0 -999.0 -999.0 -999.0 200.18859868730544 -24.50962726527025 200.21515697546909 -24.65246666476488 79.2863089705498 291.46347711170586 -999.0 6231.0 -999.0 -1 -999 {-999.0 -999.0 -999.0 -999.0 -999.0} "" -999.0 -999.0 -999.0 -999.0 -999 -999 "" "" "" "" 0 0 0.0 0.0 -999 ""
FIBERMAP 1079 R+9C17 APOGEE 0 0 0 1 0 0 167.49692711581918 187.25058022334417 143.1 -230.8941594071572 98.9975252205549 89.330864 120.54755 -999.0 -999.0 -999.0 -999.0 -999.0 198.7247035780714 -24.708108571414176 198.74994184238187 -24.852177169018972 78.16262766324137 287.67317651908894 -999.0 16600.0 -999.0 2 -999 {-999.0 -999.0 -999.0 -999.0 -999.0} "" -999.0 -999.0 -999.0 -999.0 -999 -999 "" "" "" "" 0 0 0.0 0.0 -999 ""
FIBERMAP 1079 R+9C17 BOSS 1 1 0 1 0 0 168.09664929673804 187.63538259623974 143.1 -231.45016721501472 99.44311653508484 89.330864 120.54755 198.72284700117365 -24.70673267083548 -9.929499 0.5518625 0.1437656 198.72281515188345 -24.706731062748336 198.74809546423037 -24.85081919889418 78.1605515001562 287.6760204303989 5400.0 5400.0 2016.0 1 251 {-999.0 18.035416 17.607828 17.608994 -999.0} sdss_psfmag_ps1 17.982529 17.644949 17.184114 -999.0 63050396450292564 976173547 "" ops_std_boss ops_std standard_boss 0 0 0.0 0.0 -999 ""
FIBERMAP 1079 R+9C17 METROLOGY 0 0 0 1 0 0 168.1491019524945 186.88429317852328 143.1 -230.75509487658084 99.73244807698198 89.330864 120.54755 -999.0 -999.0 -999.0 -999.0 -999.0 198.72509312079572 -24.70585222345276 198.7503621140761 -24.849933533375058 78.16208913955396 287.68395545879997 -999.0 6231.0 -999.0 -1 -999 {-999.0 -999.0 -999.0 -999.0 -999.0} "" -999.0 -999.0 -999.0 -999.0 -999 -999 "" "" "" "" 0 0 0.0 0.0 -999 ""
FIBERMAP 1082 R-2C22 APOGEE 0 0 0 1 0 0 188.14420384011441 -45.24908563765696 143.1 -17.14168991717509 192.73996303041977 218.13805 102.45595 -999.0 -999.0 -999.0 -999.0 -999.0 199.43695520884532 -24.42617813845004 199.46263464187575 -24.56967624211667 78.63510872861758 290.28511251730947 -999.0 16600.0 -999.0 2 -999 {-999.0 -999.0 -999.0 -999.0 -999.0} "" -999.0 -999.0 -999.0 -999.0 -999 -999 "" "" "" "" 0 0 0.0 0.0 -999 ""
FIBERMAP 1082 R-2C22 BOSS 1 1 0 1 0 0 187.5645963776656 -44.804135195249 143.1 -17.378455026181257 192.04871596866732 218.13805 102.45595 199.43624021188583 -24.428133498872672 -39.04221 -17.871616 1.6737766 199.43611526034212 -24.428185575303463 199.46183813501108 -24.571702637475944 78.63533051156635 290.2742500666538 5400.0 5400.0 2016.0 1 311 {-999.0 16.483828 15.441404 15.258791 -999.0} sdss_psfmag_ps1 16.126263 15.481781 14.716884 13.207 63050396450291774 1075849355 bright_1x1 mwm_erosita_stars_boss mwm_erosita science 0 0 0.0 0.0 -999 ""
FIBERMAP 1082 R-2C22 METROLOGY 0 0 0 1 0 0 188.2518542682713 -44.50887647659927 143.1 -17.877529200328134 192.60583213192064 218.13805 102.45595 -999.0 -999.0 -999.0 -999.0 -999.0 199.43446656125624 -24.42648310055755 199.4601744270774 -24.569996659428057 78.6332290828777 290.2787427348183 -999.0 6231.0 -999.0 -1 -999 {-999.0 -999.0 -999.0 -999.0 -999.0} "" -999.0 -999.0 -999.0 -999.0 -999 -999 "" "" "" "" 0 0 0.0 0.0 -999 ""
FIBERMAP 1084 R-6C17 APOGEE 0 0 0 1 0 0 115.10495576869126 -114.94659392007254 143.1 72.21247019789729 145.7565605416405 222.42047 57.611027 -999.0 -999.0 -999.0 -999.0 -999.0 199.73461100809158 -24.568336262773684 199.76074170585264 -24.711557844440623 78.94075599588285 290.22640716989474 -999.0 16600.0 -999.0 2 209 {-999.0 -999.0 -999.0 -999.0 -999.0} "" -999.0 -999.0 -999.0 -999.0 -999 -999 "" ops_sky_apogee_best_unassigned ops_sky sky_apogee 0 0 0.0 0.0 -999 ""
FIBERMAP 1084 R-6C17 BOSS 1 1 0 1 0 0 114.93422732879345 -114.23396422169 143.1 71.59157995065455 145.3674091089401 222.42047 57.611027 199.73255606145554 -24.569402695060024 -6.4708076 -11.108182 0.021598414 199.7325353288627 -24.569435063425676 199.75870668075657 -24.71267630979902 78.93956595805092 290.21700659439375 5400.0 5400.0 2016.0 1 295 {-999.0 17.737494 17.422716 17.419607 -999.0} sdss_psfmag_ps1 17.707735 17.41553 16.989079 16.433 63050396450309268 944649021 bright_1x1 openfibertargets_nov2020_6c open_fiber science 0 0 0.0 0.0 -999 ""
FIBERMAP 1084 R-6C17 METROLOGY 0 0 0 1 0 0 115.65807003808467 -114.43992003167105 143.1 71.55583437062852 146.11910057730117 222.42047 57.611027 -999.0 -999.0 -999.0 -999.0 -999.0 199.7324318886915 -24.56714958960652 199.75858898718673 -24.710386118874045 78.93848681426802 290.22755024498787 -999.0 6231.0 -999.0 -1 -999 {-999.0 -999.0 -999.0 -999.0 -999.0} "" -999.0 -999.0 -999.0 -999.0 -999 -999 "" "" "" "" 0 0 0.0 0.0 -999 ""
FIBERMAP 1088 R+6C21 APOGEE 0 0 0 1 0 0 210.02928539185655 124.9664868326628 143.1 -185.43682662482644 159.1760600370953 172.46062 90.3396 -999.0 -999.0 -999.0 -999.0 -999.0 198.87706861472455 -24.526772710079495 198.9022808117919 -24.67073583786456 78.21587248180474 288.75713254474044 -999.0 16600.0 -999.0 2 88 {-999.0 -999.0 -999.0 -999.0 -999.0} "" -999.0 -999.0 -999.0 -999.0 -999 -999 "" ops_sky_apogee_best_unassigned ops_sky sky_apogee 0 0 0.0 0.0 -999 ""
FIBERMAP 1088 R+6C21 BOSS 1 1 0 1 0 0 210.12313122360842 125.69441564289292 143.1 -186.15662371522524 159.03276437643055 172.46062 90.3396 198.87461467063972 -24.52716731726583 0.21751155 0.2085075 0.79157144 198.87461536731615 -24.527166709691425 198.89987003394808 -24.671150217890435 78.21404695894742 288.75086587503984 5400.0 5400.0 2016.0 1 262 {-999.0 19.208235 19.014725 19.194971 -999.0} sdss_psfmag_ps1 19.265463 19.070904 18.638418 -999.0 63050396450292858 1117337558 bright_1x1 openfibertargets_bhm_quaia_boss open_fiber science 0 0 0.0 0.0 -999 ""
FIBERMAP 1088 R+6C21 METROLOGY 0 0 0 1 0 0 210.71520111114 125.25810853337185 143.1 -185.9320258050205 159.7330645546874 172.46062 90.3396 -999.0 -999.0 -999.0 -999.0 -999.0 198.8753589431464 -24.52503368659913 198.90059979019122 -24.669011676694723 78.21377023979419 288.76174335162494 -999.0 6231.0 -999.0 -1 -999 {-999.0 -999.0 -999.0 -999.0 -999.0} "" -999.0 -999.0 -999.0 -999.0 -999 -999 "" "" "" "" 0 0 0.0 0.0 -999 ""
FIBERMAP 1089 R+7C13 APOGEE 1 1 0 1 0 0 44.87993908731395 126.36638957018268 143.1 -134.07543918764648 2.2176250785681724 231.02713 105.4979 199.04459038394705 -25.00245274897519 2.5624406 -12.1087 0.1476723 199.0445986227611 -25.00248803277221 199.07046838888155 -25.14625151563538 78.54460914216159 286.89047602238315 16000.0 16600.0 2016.0 2 91 {-999.0 13.738034 12.970057 12.627858 -999.0} sdss_psfmag_from_g3xp 13.514484 12.97178 12.271369 10.821 63050396450289043 1153097517 bright_1x1 mwm_galactic_core_dist_apogee_sparse mwm_galactic science 0 0 0.0 0.0 -999 ""
FIBERMAP 1089 R+7C13 BOSS 0 0 0 1 0 0 44.19406952389322 126.61939052429796 143.1 -134.09639291182913 1.486911762635281 231.02713 105.4979 -999.0 -999.0 -999.0 -999.0 -999.0 199.04440231990253 -25.004686855696495 199.070318628505 -25.14846681902523 78.54532873200762 286.87990415144395 -999.0 5400.0 -999.0 1 156 {-999.0 -999.0 -999.0 -999.0 -999.0} "" -999.0 -999.0 -999.0 -999.0 -999 -999 "" "" "" "" 0 0 0.0 0.0 -999 ""
FIBERMAP 1089 R+7C13 METROLOGY 0 0 0 1 0 0 44.76981828812753 127.09859588687453 143.1 -134.73421800135577 1.8796658427256459 231.02713 105.4979 -999.0 -999.0 -999.0 -999.0 -999.0 199.04227393621443 -25.003491438718008 199.06817421937728 -25.14726866068096 78.54307735193649 286.88175364254295 -999.0 6231.0 -999.0 -1 -999 {-999.0 -999.0 -999.0 -999.0 -999.0} "" -999.0 -999.0 -999.0 -999.0 -999 -999 "" "" "" "" 0 0 0.0 0.0 -999 ""
FIBERMAP 1090 R+2C22 APOGEE 0 0 0 1 0 0 193.72309553163862 47.74378947756754 143.1 -107.05076623620063 168.359285594207 122.353226 126.22226 -999.0 -999.0 -999.0 -999.0 -999.0 199.1374981934011 -24.49945492512552 199.1629485625649 -24.64320099481971 78.4198750823252 289.3673034040288 -999.0 16600.0 -999.0 2 -999 {-999.0 -999.0 -999.0 -999.0 -999.0} "" -999.0 -999.0 -999.0 -999.0 -999 -999 "" "" "" "" 0 0 0.0 0.0 -999 ""
FIBERMAP 1090 R+2C22 BOSS 1 1 0 1 0 0 193.9613872186897 48.45553364182774 143.1 -107.8013081375785 168.35804451647644 122.353226 126.22226 199.13491485680095 -24.49937371809281 3.432563 -5.4574056 0.3035495 199.13492584866412 -24.499389620542285 199.1604172668371 -24.643156309001828 78.41776804009622 289.36269607072563 5400.0 5400.0 2016.0 1 232 {-999.0 16.268587 16.007666 16.058044 -999.0} sdss_psfmag_ps1 16.230495 15.999605 15.622442 14.955 63050396450291539 982191761 "" ops_std_boss_tic ops_std standard_boss 0 0 0.0 0.0 -999 ""
FIBERMAP 1090 R+2C22 METROLOGY 0 0 0 1 0 0 194.46110220322223 47.8656269492016 143.1 -107.40167985122045 169.01982339279016 122.353226 126.22226 -999.0 -999.0 -999.0 -999.0 -999.0 199.13626366016223 -24.49737517621614 199.1617420947099 -24.641135774145386 78.4180128967211 289.3743477723111 -999.0 6231.0 -999.0 -1 -999 {-999.0 -999.0 -999.0 -999.0 -999.0} "" -999.0 -999.0 -999.0 -999.0 -999 -999 "" "" "" "" 0 0 0.0 0.0 -999 ""
FIBERMAP 1097 R-1C6 APOGEE 0 0 0 1 0 0 -157.5577783478139 -26.44183728839071 143.1 75.32500824672508 -140.88148509739037 322.29367 120.39608 -999.0 -999.0 -999.0 -999.0 -999.0 199.74587359776532 -25.4374820281919 199.77293993139938 -25.58058719824598 79.29543951154676 286.02212069019913 -999.0 16600.0 -999.0 2 -999 {-999.0 -999.0 -999.0 -999.0 -999.0} "" -999.0 -999.0 -999.0 -999.0 -999 -999 "" "" "" "" 0 0 0.0 0.0 -999 ""
FIBERMAP 1097 R-1C6 BOSS 1 1 0 1 0 0 -157.74056889088578 -27.298505862953917 143.1 76.1951881321629 -140.78141000432342 322.29367 120.39608 199.74880833382187 -25.43720543063664 -6.649169 -3.9965987 0.10388693 199.74878687873584 -25.437217076408885 199.77589780219742 -25.580334423377764 79.29783394177124 286.0286016737603 5400.0 5400.0 2016.0 1 461 {-999.0 16.21324 15.432731 15.062625 -999.0} sdss_psfmag_ps1 15.961873 15.417449 14.718256 13.222 63050396450244696 1061718691 bright_1x1 manual_mwm_halo_distant_kgiant_near_boss_single mwm_halo science 0 0 0.0 0.0 -999 ""
FIBERMAP 1097 R-1C6 METROLOGY 0 0 0 1 0 0 -158.24161273475133 -26.744935866477082 143.1 75.83042003515412 -141.43285563766278 322.29367 120.39608 -999.0 -999.0 -999.0 -999.0 -999.0 199.74758341073064 -25.43921077719671 199.774683426695 -25.58232477037549 79.29753531355041 286.0164741717458 -999.0 6231.0 -999.0 -1 -999 {-999.0 -999.0 -999.0 -999.0 -999.0} "" -999.0 -999.0 -999.0 -999.0 -999 -999 "" "" "" "" 0 0 0.0 0.0 -999 ""
FIBERMAP 1102 R+4C17 APOGEE 1 1 0 1 0 0 123.08142985689548 85.08184687177635 143.1 -119.89897965455175 89.50020283242938 35.406914 116.33246 199.093339258259 -24.73794257155188 -14.144656 -3.1065671 0.71149004 199.09329387728755 -24.737951623836963 199.11894273138788 -24.88170607563288 78.4814110997699 288.19917267132064 16000.0 16600.0 2016.0 2 66 {-999.0 12.285551 11.776611 11.598208 -999.0} sdss_psfmag_from_g3xp 12.178261 11.804375 11.259306 10.257 63050396450289898 1105922993 bright_1x1 mwm_tess_rgb_apogee mwm_tessrgb science 0 0 0.0 0.0 -999 ""
FIBERMAP 1102 R+4C17 BOSS 0 0 0 1 0 0 123.74668720820038 84.74224043904418 143.1 -119.78937405769517 90.23901197808155 35.406914 116.33246 -999.0 -999.0 -999.0 -999.0 -999.0 199.09356981152573 -24.73565635306105 199.11926098385743 -24.879428475284058 78.48076015138159 288.21019768965806 -999.0 5400.0 -999.0 1 218 {-999.0 -999.0 -999.0 -999.0 -999.0} "" -999.0 -999.0 -999.0 -999.0 -999 -999 "" "" "" "" 0 0 0.0 0.0 -999 ""
FIBERMAP 1102 R+4C17 METROLOGY 0 0 0 1 0 0 123.11701580658166 84.33874884041843 143.1 -119.20609970853666 89.77100030390326 35.406914 116.33246 -999.0 -999.0 -999.0 -999.0 -999.0 199.09550381569613 -24.737073757481163 199.12118592965692 -24.88083907955645 78.48292613113225 288.20724391537794 -999.0 6231.0 -999.0 -1 -999 {-999.0 -999.0 -999.0 -999.0 -999.0} "" -999.0 -999.0 -999.0 -999.0 -999 -999 "" "" "" "" 0 0 0.0 0.0 -999 ""
FIBERMAP 1110 R-12C9 APOGEE 0 0 0 1 0 0 13.408996596795332 -240.72024544860403 143.1 223.85235147222147 89.50536445372326 212.39357 125.323326 -999.0 -999.0 -999.0 -999.0 -999.0 200.23962749865126 -24.738178069416996 200.26645598535765 -24.880930714656984 79.42810542008061 290.46123717083174 -999.0 16600.0 -999.0 2 -999 {-999.0 -999.0 -999.0 -999.0 -999.0} "" -999.0 -999.0 -999.0 -999.0 -999 -999 "" "" "" "" 0 0 0.0 0.0 -999 ""
FIBERMAP 1110 R-12C9 BOSS 1 1 0 1 0 0 12.714614649119216 -240.45852173931718 143.1 223.82584693490782 88.7638011165401 212.39357 125.323326 200.2395547546049 -24.740386213950362 -2.9528818 -2.269612 0.06776379 200.23954528054813 -24.74039282742084 200.2664158428922 -24.883162446386535 79.42903059072322 290.45016530797443 5400.0 5400.0 2016.0 1 367 {-999.0 17.051638 16.452465 16.282894 -999.0} sdss_psfmag_ps1 16.869778 16.38245 15.731457 14.313 63050396450270348 944139420 bright_1x1 openfibertargets_nov2020_6b open_fiber science 0 0 0.0 0.0 -999 ""
FIBERMAP 1110 R-12C9 METROLOGY 0 0 0 1 0 0 13.298892540404209 -239.9803972793407 143.1 223.18632514330196 89.16498308268585 212.39357 125.323326 -999.0 -999.0 -999.0 -999.0 -999.0 200.23746934344265 -24.739173865236946 200.26432525824794 -24.881940638826556 79.42679317942968 290.4517434113308 -999.0 6231.0 -999.0 -1 -999 {-999.0 -999.0 -999.0 -999.0 -999.0} "" -999.0 -999.0 -999.0 -999.0 -999 -999 "" "" "" "" 0 0 0.0 0.0 -999 ""
FIBERMAP 1117 R-12C14 APOGEE 1 1 0 1 0 0 132.07089716502358 -241.84431123237934 143.1 187.06057793261778 202.31970670225846 217.13869 148.36362 200.11503470640753 -24.39786998798368 -2.4940963 6.164292 0.96437943 200.115026726165 -24.397852025722642 200.1413616506413 -24.540757902225863 79.17625425282131 291.83694142464645 16000.0 16600.0 2016.0 2 233 {-999.0 12.380147 11.573316 11.250991 -999.0} sdss_psfmag_from_g3xp 12.144923 11.597665 10.896396 9.428 63050396450271511 1107921507 bright_1x1 mwm_tess_rgb_apogee mwm_tessrgb science 0 0 0.0 0.0 -999 ""
FIBERMAP 1117 R-12C14 BOSS 0 0 0 1 0 0 131.34820505358067 -241.95769421071677 143.1 187.3985933869757 201.67098523089192 217.13869 148.36362 -999.0 -999.0 -999.0 -999.0 -999.0 200.11611119682996 -24.399795842553296 200.14248985352242 -24.542719086788406 79.17805509652077 291.8300874887449 -999.0 5400.0 -999.0 1 342 {-999.0 -999.0 -999.0 -999.0 -999.0} "" -999.0 -999.0 -999.0 -999.0 -999 -999 "" "" "" "" 0 0 0.0 0.0 -999 ""
FIBERMAP 1117 R-12C14 METROLOGY 0 0 0 1 0 0 131.62009952624686 -241.25419485873266 143.1 186.64514468958302 201.7042198355286 217.13869 148.36362 -999.0 -999.0 -999.0 -999.0 -999.0 200.1136709868894 -24.399659182092297 200.14003564545703 -24.54257937959898 79.17599975942875 291.82538696200623 -999.0 6231.0 -999.0 -1 -999 {-999.0 -999.0 -999.0 -999.0 -999.0} "" -999.0 -999.0 -999.0 -999.0 -999 -999 "" "" "" "" 0 0 0.0 0.0 -999 ""
FIBERMAP 1119 R-13C14 APOGEE 0 0 0 1 0 0 151.98298815287015 -259.07985480451055 143.1 197.04206812212684 226.68907463982285 275.57104 148.83305 -999.0 -999.0 -999.0 -999.0 -999.0 200.14730604456844 -24.324644558713967 200.1735954054708 -24.46753066080743 79.16910339664578 292.25513870977653 -999.0 16600.0 -999.0 2 -999 {-999.0 -999.0 -999.0 -999.0 -999.0} "" -999.0 -999.0 -999.0 -999.0 -999 -999 "" "" "" "" 0 0 0.0 0.0 -999 ""
FIBERMAP 1119 R-13C14 BOSS 1 1 0 1 0 0 151.65619046959876 -259.7594449804927 143.1 197.79037405464518 226.59618052060847 275.57104 148.83305 200.14971801539562 -24.324943494112446 -5.450911 -1.3394607 0.04633568 200.14970058441796 -24.32494739719449 200.17603266699874 -24.467850088679555 79.17122215631711 292.2590293538166 5400.0 5400.0 2016.0 1 343 {-999.0 18.6341 17.469643 17.187696 -999.0} sdss_psfmag_ps1 18.106981 17.57214 16.887028 15.634 63050396450272906 944139435 bright_1x1 openfibertargets_nov2020_6b open_fiber science 0 0 0.0 0.0 -999 ""
FIBERMAP 1119 R-13C14 METROLOGY 0 0 0 1 0 0 151.23751133651268 -259.1411942948054 143.1 197.33803110107817 226.00215654888794 275.57104 148.83305 -999.0 -999.0 -999.0 -999.0 -999.0 200.14828393306829 -24.32668496647234 200.17460518336247 -24.4695833909451 79.17085973501293 292.2476617815208 -999.0 6231.0 -999.0 -1 -999 {-999.0 -999.0 -999.0 -999.0 -999.0} "" -999.0 -999.0 -999.0 -999.0 -999 -999 "" "" "" "" 0 0 0.0 0.0 -999 ""
FIBERMAP 1120 R-8C16 APOGEE 0 0 0 1 0 0 133.14519608100508 -137.92285608349394 143.1 88.23161383656064 170.18345608698328 125.01889 80.958046 -999.0 -999.0 -999.0 -999.0 -999.0 199.78774305817177 -24.494534566523825 199.81384994887082 -24.637718551539983 78.95234148154941 290.6825149543422 -999.0 16600.0 -999.0 2 -999 {-999.0 -999.0 -999.0 -999.0 -999.0} "" -999.0 -999.0 -999.0 -999.0 -999 -999 "" "" "" "" 0 0 0.0 0.0 -999 ""
FIBERMAP 1120 R-8C16 BOSS 1 1 0 1 0 0 133.82755153476478 -137.56406937249264 143.1 87.6738983055796 170.71565869816308 125.01889 80.958046 199.78586904016126 -24.49285467771972 0.5164724 -0.1879395 -1.1665078 199.78587069393973 -24.492855225360593 199.81201530956812 -24.636059314483926 78.95011751294048 290.6865155083047 5400.0 5400.0 2016.0 1 293 {-999.0 20.667538 20.651022 20.34391 -999.0} sdss_psfmag_ps1 20.389317 20.28662 20.015272 -999.0 63050396450309344 1117337645 bright_1x1 openfibertargets_bhm_quaia_boss open_fiber science 0 0 0.0 0.0 -999 ""
FIBERMAP 1120 R-8C16 METROLOGY 0 0 0 1 0 0 133.77800634852622 -138.3216660408871 143.1 88.40767822341745 170.91040304532626 125.01889 80.958046 -999.0 -999.0 -999.0 -999.0 -999.0 199.7883345803972 -24.492251251541127 199.81446937121325 -24.635448077638742 78.95185865510452 290.6944592124493 -999.0 6231.0 -999.0 -1 -999 {-999.0 -999.0 -999.0 -999.0 -999.0} "" -999.0 -999.0 -999.0 -999.0 -999 -999 "" "" "" "" 0 0 0.0 0.0 -999 ""
FIBERMAP 1122 R-6C16 APOGEE 0 0 0 1 0 0 129.81080104433187 -124.56198803868658 143.1 76.63331831804628 162.76089790123942 22.56927 61.283573 -999.0 -999.0 -999.0 -999.0 -999.0 199.7492093059756 -24.516936882983234 199.77530067719863 -24.660151960239197 78.9305304841546 290.4978160409122 -999.0 16600.0 -999.0 2 -999 {-999.0 -999.0 -999.0 -999.0 -999.0} "" -999.0 -999.0 -999.0 -999.0 -999 -999 "" "" "" "" 0 0 0.0 0.0 -999 ""
FIBERMAP 1122 R-6C16 BOSS 1 1 0 1 0 0 129.7189859585964 -125.31023009243145 143.1 77.37171836803834 162.912598690062 22.56927 61.283573 199.75165443534647 -24.5164045389871 -999.0 -999.0 -999.0 199.75165443534647 -24.5164045389871 199.77778926380094 -24.659635711118366 78.93234529203941 290.5053431080001 5400.0 5400.0 2016.0 1 291 {-999.0 19.943083 18.89166 18.293152 -999.0} sdss_psfmag_ps1 19.246685 21.20533 17.665375 15.598 63050396450309346 1115944140 bright_1x1 openfibertargets_bhm_racsradio_boss open_fiber science 0 0 0.0 0.0 -999 ""
FIBERMAP 1122 R-6C16 METROLOGY 0 0 0 1 0 0 129.12706579762005 -124.86531019283956 143.1 77.13891036022903 162.20969264414836 22.56927 61.283573 -999.0 -999.0 -999.0 -999.0 -999.0 199.75090748875203 -24.51851282230708 199.77703206287606 -24.66173923534527 78.9326361919395 290.49391375663765 -999.0 6231.0 -999.0 -1 -999 {-999.0 -999.0 -999.0 -999.0 -999.0} "" -999.0 -999.0 -999.0 -999.0 -999 -999 "" "" "" "" 0 0 0.0 0.0 -999 ""
FIBERMAP 1123 R-1C3 APOGEE 0 0 0 1 0 0 -219.78708610091397 -6.189511433422959 143.1 75.98510143819865 -206.31727690504545 94.57509 50.073723 -999.0 -999.0 -999.0 -999.0 -999.0 199.747955017387 -25.635061135622465 199.77523573160727 -25.778140248976847 79.36748089468242 285.02840349762704 -999.0 16600.0 -999.0 2 248 {-999.0 -999.0 -999.0 -999.0 -999.0} "" -999.0 -999.0 -999.0 -999.0 -999 -999 "" ops_sky_apogee_best_unassigned ops_sky sky_apogee 0 0 0.0 0.0 -999 ""
FIBERMAP 1123 R-1C3 BOSS 1 1 0 1 0 0 -219.13657266904488 -6.619965357698793 143.1 76.185506879463 -205.5634572147118 94.57509 50.073723 199.7486274095372 -25.632803411454606 -6.741319 -4.4596972 0.38254166 199.7486056216024 -25.632816406659416 199.77592637364475 -25.775909168773516 79.36729011026459 285.04091379373466 5400.0 5400.0 2016.0 1 511 {-999.0 17.78523 17.388086 17.23017 17.166054} sdss_psfmag_from_gaia 17.7219 17.4012 16.9027 15.782 63050396450243816 968316398 "" ops_std_boss_gdr2 ops_std standard_boss 0 0 0.0 0.0 -999 ""
FIBERMAP 1123 R-1C3 METROLOGY 0 0 0 1 0 0 -219.8260924567519 -6.940883418806795 143.1 76.70961999853901 -206.11453080068458 94.57509 50.073723 -999.0 -999.0 -999.0 -999.0 -999.0 199.75038753380412 -25.634506680220714 199.77770030921317 -25.777593735213326 79.36937278344912 285.03535499829536 -999.0 6231.0 -999.0 -1 -999 {-999.0 -999.0 -999.0 -999.0 -999.0} "" -999.0 -999.0 -999.0 -999.0 -999 -999 "" "" "" "" 0 0 0.0 0.0 -999 ""
FIBERMAP 1124 R-4C19 APOGEE 1 1 0 1 0 0 175.48524497870247 -84.59128223015566 143.1 24.181482689678745 193.29453896565772 29.243662 56.690125 199.5744895330066 -24.424609632645932 -3.1080983 -4.9166365 3.8614035 199.57447958606159 -24.424623959336927 199.60029564390356 -24.56800269709075 78.74719542078569 290.5696759172326 16000.0 16600.0 2016.0 2 215 {-999.0 11.956938 11.490574 11.339274 -999.0} sdss_psfmag_from_g3xp 11.862111 11.517245 11.005155 10.137 63050396450309545 1103549014 bright_1x1 mwm_tess_2min_apogee mwm_planet science 0 0 0.0 0.0 -999 ""
FIBERMAP 1124 R-4C19 BOSS 0 0 0 1 0 0 175.44570638683714 -85.32793034872633 143.1 24.892217261456402 193.49208327283074 29.243662 56.690125 -999.0 -999.0 -999.0 -999.0 -999.0 199.5768093443676 -24.423954075114292 199.60267044245336 -24.56734975361903 78.74885530513771 290.5775082407232 -999.0 5400.0 -999.0 1 307 {-999.0 -999.0 -999.0 -999.0 -999.0} "" -999.0 -999.0 -999.0 -999.0 -999 -999 "" "" "" "" 0 0 0.0 0.0 -999 ""
FIBERMAP 1124 R-4C19 METROLOGY 0 0 0 1 0 0 174.82230856439793 -84.93053084536807 143.1 24.714486680479634 192.7745064576355 29.243662 56.690125 -999.0 -999.0 -999.0 -999.0 -999.0 199.57623414380853 -24.426096865184743 199.60208493054404 -24.569487510516044 78.74930678499041 290.5664561837523 -999.0 6231.0 -999.0 -1 -999 {-999.0 -999.0 -999.0 -999.0 -999.0} "" -999.0 -999.0 -999.0 -999.0 -999 -999 "" "" "" "" 0 0 0.0 0.0 -999 ""
FIBERMAP 1128 R+2C19 APOGEE 1 1 0 1 0 0 145.28484607370024 48.983997201545364 143.1 -92.77271470737327 122.05875274837665 55.546986 103.60605 199.18433029392907 -24.639520176846688 -25.854021 -1.3290763 1.9167106 199.18424741072795 -24.63952404964757 199.20988856326397 -24.783212966461637 78.51680950195453 288.8187479396434 16000.0 16600.0 2016.0 2 72 {-999.0 11.822927 11.341377 11.202831 -999.0} sdss_psfmag_from_g3xp 11.727188 11.381385 10.870269 9.989 63050396450291279 975319320 "" ops_std_apogee ops_std standard_apogee 0 0 0.0 0.0 -999 ""
FIBERMAP 1128 R+2C19 BOSS 0 0 0 1 0 0 145.982478011125 48.73355486593582 143.1 -92.7579383667951 122.79979696734156 55.546986 103.60605 -999.0 -999.0 -999.0 -999.0 -999.0 199.18422007591508 -24.63720987875779 199.20990317982853 -24.780917161999437 78.5158781367839 288.82928818337984 -999.0 5400.0 -999.0 1 229 {-999.0 -999.0 -999.0 -999.0 -999.0} "" -999.0 -999.0 -999.0 -999.0 -999 -999 "" "" "" "" 0 0 0.0 0.0 -999 ""
FIBERMAP 1128 R+2C19 METROLOGY 0 0 0 1 0 0 145.4173492907388 48.25608372334651 143.1 -92.12514493858063 122.41655421572827 55.546986 103.60605 -999.0 -999.0 -999.0 -999.0 -999.0 199.18632421772318 -24.638364474686224 199.21199826444183 -24.78206474165151 78.51808386057033 288.8279600033083 -999.0 6231.0 -999.0 -1 -999 {-999.0 -999.0 -999.0 -999.0 -999.0} "" -999.0 -999.0 -999.0 -999.0 -999 -999 "" "" "" "" 0 0 0.0 0.0 -999 ""
FIBERMAP 1133 R0C15 APOGEE 0 0 0 1 0 0 31.359716161248812 -16.925101826687722 143.1 6.035115995883123 35.119226245413415 342.59396 64.39203 -999.0 -999.0 -999.0 -999.0 -999.0 199.5137110920328 -24.90364864999591 199.53996723829266 -25.047021820105808 78.89735962697443 288.20603061940204 -999.0 16600.0 -999.0 2 110 {-999.0 -999.0 -999.0 -999.0 -999.0} "" -999.0 -999.0 -999.0 -999.0 -999 -999 "" ops_sky_apogee_best_unassigned ops_sky sky_apogee 0 0 0.0 0.0 -999 ""
FIBERMAP 1133 R0C15 BOSS 1 1 0 1 0 0 30.840612689937508 -17.463852398064887 143.1 6.7113002904968315 34.799151715614904 342.59396 64.39203 199.51593651669242 -24.904570609016826 -0.029659243 -4.192843 0.023915695 199.5159364214072 -24.904582826630882 199.54223836928418 -25.047970738969596 78.89962497468105 288.2057758271822 5400.0 5400.0 2016.0 1 188 {-999.0 16.391897 16.232824 15.9790745 -999.0} sdss_psfmag_ps1 16.237217 16.016508 15.608385 14.826 63050396450250032 1070885509 bright_1x1 mwm_halo_distant_rrl_boss_single mwm_halo science 0 0 0.0 0.0 -999 ""
FIBERMAP 1133 R0C15 METROLOGY 0 0 0 1 0 0 30.641690499250814 -16.721321570719926 143.1 6.071067516191655 34.3737416584666 342.59396 64.39203 -999.0 -999.0 -999.0 -999.0 -999.0 199.51380392104036 -24.905875221721587 199.54009302464146 -25.049260067037928 78.89835707947253 288.19560811191616 -999.0 6231.0 -999.0 -1 -999 {-999.0 -999.0 -999.0 -999.0 -999.0} "" -999.0 -999.0 -999.0 -999.0 -999 -999 "" "" "" "" 0 0 0.0 0.0 -999 ""
FIBERMAP 1134 R-4C17 APOGEE 0 0 0 1 0 0 125.37630586400186 -66.63105065527395 143.1 23.146994389417934 140.07645816229322 68.91426 83.090775 -999.0 -999.0 -999.0 -999.0 -999.0 199.5710489124298 -24.585432982652357 199.59703066277416 -24.728795313518894 78.81359550926648 289.81686798892525 -999.0 16600.0 -999.0 2 210 {-999.0 -999.0 -999.0 -999.0 -999.0} "" -999.0 -999.0 -999.0 -999.0 -999 -999 "" ops_sky_apogee_best_unassigned ops_sky sky_apogee 0 0 0.0 0.0 -999 ""
FIBERMAP 1134 R-4C17 BOSS 1 1 0 1 0 0 126.03044127749489 -66.97894100006756 143.1 23.26799890289909 140.80736990241294 68.91426 83.090775 199.57143500277294 -24.583109100741073 -3.9977806 -9.927683 0.06280623 199.5714221924054 -24.583138029226298 199.59744412618645 -24.726518293690305 78.81297052170503 289.82831888225314 5400.0 5400.0 2016.0 1 297 {-999.0 18.367743 17.761396 17.659788 -999.0} sdss_psfmag_ps1 18.178888 17.804167 17.24903 16.036 63050396450290862 944290504 bright_1x1 openfibertargets_nov2020_6c open_fiber science 0 0 0.0 0.0 -999 ""
FIBERMAP 1134 R-4C17 METROLOGY 0 0 0 1 0 0 125.4003895716432 -67.37506679147172 143.1 23.8444140157265 140.33664787963536 68.91426 83.090775 -999.0 -999.0 -999.0 -999.0 -999.0 199.57335987189984 -24.584554067271853 199.59937336381233 -24.727927377237123 78.81515491432314 289.8255696867662 -999.0 6231.0 -999.0 -1 -999 {-999.0 -999.0 -999.0 -999.0 -999.0} "" -999.0 -999.0 -999.0 -999.0 -999 -999 "" "" "" "" 0 0 0.0 0.0 -999 ""
FIBERMAP 1138 R+7C7 APOGEE 0 0 0 1 0 0 -76.70640794177112 121.56321974277277 143.1 -90.73343758589864 -111.47722814997917 287.00616 107.513985 -999.0 -999.0 -999.0 -999.0 -999.0 199.188506485262 -25.347836113364153 199.2148852263732 -25.49143487275229 78.79362853787997 285.5041011206338 -999.0 16600.0 -999.0 2 44 {-999.0 -999.0 -999.0 -999.0 -999.0} "" -999.0 -999.0 -999.0 -999.0 -999 -999 "" ops_sky_apogee_best_unassigned ops_sky sky_apogee 0 0 0.0 0.0 -999 ""
FIBERMAP 1138 R+7C7 BOSS 1 1 0 1 0 0 -77.32558181524988 121.16246782404237 143.1 -90.15610868455427 -111.93616537843859 287.00616 107.513985 199.19046229342104 -25.34925571359807 -35.05038 -4.9303904 0.5023528 199.19034927761442 -25.349270080324008 199.2167751958665 -25.492882275395665 78.79574000503547 285.50029436622225 5400.0 5400.0 2016.0 1 78 {-999.0 17.181484 16.722359 16.623001 -999.0} sdss_psfmag_ps1 17.14765 16.818815 16.329147 15.379 63050396450247913 944648297 bright_1x1 openfibertargets_nov2020_6c open_fiber science 0 0 0.0 0.0 -999 ""
FIBERMAP 1138 R+7C7 METROLOGY 0 0 0 1 0 0 -77.37457254135339 121.89018706360775 143.1 -90.83013760508334 -112.21476019861831 287.00616 107.513985 -999.0 -999.0 -999.0 -999.0 -999.0 199.18808857572233 -25.35012110999741 199.21450074291295 -25.493730855043115 78.79412735155958 285.4924315509834 -999.0 6231.0 -999.0 -1 -999 {-999.0 -999.0 -999.0 -999.0 -999.0} "" -999.0 -999.0 -999.0 -999.0 -999 -999 "" "" "" "" 0 0 0.0 0.0 -999 ""
FIBERMAP 1139 R-5C16 APOGEE 0 0 0 1 0 0 82.27980704865577 -93.09613083067207 143.1 61.97711694801248 107.67719352900109 212.52742 65.15702 -999.0 -999.0 -999.0 -999.0 -999.0 199.7006926175398 -24.683607539021832 199.72691019797912 -24.82684470983893 78.96187171573115 289.6136715149122 -999.0 16600.0 -999.0 2 206 {-999.0 -999.0 -999.0 -999.0 -999.0} "" -999.0 -999.0 -999.0 -999.0 -999 -999 "" ops_sky_apogee_best_unassigned ops_sky sky_apogee 0 0 0.0 0.0 -999 ""
FIBERMAP 1139 R-5C16 BOSS 1 1 0 1 0 0 82.15658189036235 -92.35895515183283 143.1 61.317809397855605 107.32522991916322 212.52742 65.15702 199.69848632812497 -24.68460093785167 -999.0 -999.0 -999.0 199.69848632812494 -24.684600937851673 199.7247444692786 -24.82785747643079 78.96051278782231 289.60456220784846 5400.0 5400.0 2015.5 1 290 {-999.0 -999.0 -999.0 -999.0 -999.0} "" -999.0 -999.0 -999.0 -999.0 27021603177279557 824215441 "" ops_sky_boss_good ops_sky sky_boss 0 0 0.0 0.0 -999 ""
FIBERMAP 1139 R-5C16 METROLOGY 0 0 0 1 0 0 82.88141831307304 -92.66991386729111 143.1 61.38125790703585 108.11136250895566 212.52742 65.15702 -999.0 -999.0 -999.0 -999.0 -999.0 199.6987130880246 -24.682213013402006 199.72495715313448 -24.825464676676315 78.95968357355648 289.61632665839784 -999.0 6231.0 -999.0 -1 -999 {-999.0 -999.0 -999.0 -999.0 -999.0} "" -999.0 -999.0 -999.0 -999.0 -999 -999 "" "" "" "" 0 0 0.0 0.0 -999 ""
FIBERMAP 1141 R+13C2 APOGEE 0 0 0 1 0 0 -135.4784932695321 255.03715073276626 143.1 -198.47627947058308 -209.75803081211447 161.91553 122.22986 -999.0 -999.0 -999.0 -999.0 -999.0 198.8274130497336 -25.642104849067714 198.85370910858023 -25.785973328119432 78.58911995258296 283.52259025258434 -999.0 16600.0 -999.0 2 60 {-999.0 -999.0 -999.0 -999.0 -999.0} "" -999.0 -999.0 -999.0 -999.0 -999 -999 "" ops_sky_apogee_best_unassigned ops_sky sky_apogee 0 0 0.0 0.0 -999 ""
FIBERMAP 1141 R+13C2 BOSS 1 1 0 1 0 0 -135.50121091858836 255.77830092741922 143.1 -199.17141886545025 -210.01601158790143 161.91553 122.22986 198.82507324218747 -25.642819381382225 -999.0 -999.0 -999.0 198.82507324218744 -25.642819381382225 198.85141283824743 -25.786703982958013 78.58740808045647 283.5156638542647 5400.0 5400.0 2015.5 1 100 {-999.0 -999.0 -999.0 -999.0 -999.0} "" -999.0 -999.0 -999.0 -999.0 27021603177277304 814933389 "" ops_sky_boss_good ops_sky sky_boss 0 0 0.0 0.0 -999 ""
FIBERMAP 1141 R+13C2 METROLOGY 0 0 0 1 0 0 -134.8342666817025 255.43164020072638 143.1 -199.05566609539838 -209.2733532311881 161.91553 122.22986 -999.0 -999.0 -999.0 -999.0 -999.0 198.82542897118188 -25.64063754074267 198.85175391118355 -25.784518079166705 78.58697847886408 283.52660580943837 -999.0 6231.0 -999.0 -1 -999 {-999.0 -999.0 -999.0 -999.0 -999.0} "" -999.0 -999.0 -999.0 -999.0 -999 -999 "" "" "" "" 0 0 0.0 0.0 -999 ""
FIBERMAP 1146 R-1C11 APOGEE 1 1 0 1 0 0 -63.289187968040274 -37.53351851146478 143.1 55.76179912507734 -48.00465390427916 295.24805 60.700035 199.68027541988678 -25.1560453689326 -1.7883412 -5.7710733 0.53414553 199.68026966275673 -25.15606218538554 199.70696606706662 -25.299259289317 79.13515888476496 287.29814406714524 16000.0 16600.0 2016.0 2 247 {-999.0 12.902096 12.034269 11.708555 -999.0} sdss_psfmag_from_g3xp 12.637536 12.066732 11.351941 9.872 63050396450248895 1108827488 bright_1x1 mwm_tess_rgb_apogee mwm_tessrgb science 0 0 0.0 0.0 -999 ""
FIBERMAP 1146 R-1C11 BOSS 0 0 0 1 0 0 -64.02172045014649 -37.502919501732336 143.1 55.96650243916937 -48.708636072017015 295.24805 60.700035 -999.0 -999.0 -999.0 -999.0 -999.0 199.68095137537776 -25.158211808017494 199.70769304454006 -25.301423874230657 79.13659594761138 287.28887496396896 -999.0 5400.0 -999.0 1 508 {-999.0 -999.0 -999.0 -999.0 -999.0} "" -999.0 -999.0 -999.0 -999.0 -999 -999 "" "" "" "" 0 0 0.0 0.0 -999 ""
FIBERMAP 1146 R-1C11 METROLOGY 0 0 0 1 0 0 -63.640254148209884 -36.87734444741892 143.1 55.25194547948458 -48.546699973811286 295.24805 60.700035 -999.0 -999.0 -999.0 -999.0 -999.0 199.6785723805557 -25.157730663314656 199.70529913128246 -25.30094039912339 79.13441170657548 287.2868413822379 -999.0 6231.0 -999.0 -1 -999 {-999.0 -999.0 -999.0 -999.0 -999.0} "" -999.0 -999.0 -999.0 -999.0 -999 -999 "" "" "" "" 0 0 0.0 0.0 -999 ""
FIBERMAP 1147 R+8C8 APOGEE 0 0 0 1 0 0 -36.57579139173207 162.78070993538765 143.1 -142.59818586892655 -86.59523028869778 26.763187 131.41078 -999.0 -999.0 -999.0 -999.0 -999.0 199.01501264863103 -25.271647726018973 199.04112826703079 -25.415403370186894 78.61989037503677 285.5782245647574 -999.0 16600.0 -999.0 2 -999 {-999.0 -999.0 -999.0 -999.0 -999.0} "" -999.0 -999.0 -999.0 -999.0 -999 -999 "" "" "" "" 0 0 0.0 0.0 -999 ""
FIBERMAP 1147 R+8C8 BOSS 1 1 0 1 0 0 -35.87030480344135 162.51496218797 143.1 -142.5714105015297 -85.84185929757864 26.763187 131.41078 199.01517745196128 -25.269284194071865 -54.089546 -34.30246 0.6674679 199.0150031615734 -25.26938414863468 199.0411607481678 -25.413155610431097 78.61910647011472 285.5889016463161 5400.0 5400.0 2016.0 1 137 {-999.0 16.303204 15.948275 15.628878 -999.0} sdss_psfmag_ps1 16.17885 15.875749 15.319338 14.367 63050396450248185 1073376770 bright_1x1 mwm_halo_local_high_boss_single mwm_halo science 0 0 0.0 0.0 -999 ""
FIBERMAP 1147 R+8C8 METROLOGY 0 0 0 1 0 0 -36.46083181240136 162.04160066612076 143.1 -141.934408866091 -86.25048307831011 26.763187 131.41078 -999.0 -999.0 -999.0 -999.0 -999.0 199.01712359243973 -25.27064813493392 199.0432723522281 -25.41441327809539 78.62133908601032 285.58644693254115 -999.0 6231.0 -999.0 -1 -999 {-999.0 -999.0 -999.0 -999.0 -999.0} "" -999.0 -999.0 -999.0 -999.0 -999 -999 "" "" "" "" 0 0 0.0 0.0 -999 ""
FIBERMAP 1154 R+2C15 APOGEE 0 0 0 1 0 0 43.679580641594455 51.15704430964671 143.1 -62.416687021644414 25.07430181137977 89.49257 122.82481 -999.0 -999.0 -999.0 -999.0 -999.0 199.28449163785277 -24.93382316994223 199.31054097649496 -25.077390426971405 78.71847087945412 287.63899721056737 -999.0 16600.0 -999.0 2 120 {-999.0 -999.0 -999.0 -999.0 -999.0} "" -999.0 -999.0 -999.0 -999.0 -999 -999 "" ops_sky_apogee_best_unassigned ops_sky sky_apogee 0 0 0.0 0.0 -999 ""
FIBERMAP 1154 R+2C15 BOSS 1 1 0 1 0 0 44.28994750144955 51.591753053289914 143.1 -63.02338703461903 25.514059300494356 89.49257 122.82481 199.2823791503906 -24.932451295378982 -999.0 -999.0 -999.0 199.28237915039057 -24.932451295378982 199.30846826334593 -25.076037295107973 78.71621358430535 287.64160220813216 5400.0 5400.0 2015.5 1 206 {-999.0 -999.0 -999.0 -999.0 -999.0} "" -999.0 -999.0 -999.0 -999.0 27021603177289938 814935497 "" ops_sky_boss_good ops_sky sky_boss 0 0 0.0 0.0 -999 ""
FIBERMAP 1154 R+2C15 METROLOGY 0 0 0 1 0 0 44.35385853878139 50.84909345555799 143.1 -62.339959226184654 25.81156054581296 89.49257 122.82481 -999.0 -999.0 -999.0 -999.0 -999.0 199.284675962149 -24.931555330905933 199.31075428119652 -25.075134721221264 78.7177649342148 287.64999256218323 -999.0 6231.0 -999.0 -1 -999 {-999.0 -999.0 -999.0 -999.0 -999.0} "" -999.0 -999.0 -999.0 -999.0 -999 -999 "" "" "" "" 0 0 0.0 0.0 -999 ""
FIBERMAP 1157 R+10C1 APOGEE 0 0 0 1 0 0 -166.98810329778775 207.94355120183275 143.1 -143.79313467295583 -224.59523989347463 86.34335 71.38439 -999.0 -999.0 -999.0 -999.0 -999.0 199.0101345510518 -25.688296158322785 199.03667593447256 -25.83200495492788 78.75981097324222 283.5771581426253 -999.0 16600.0 -999.0 2 46 {-999.0 -999.0 -999.0 -999.0 -999.0} "" -999.0 -999.0 -999.0 -999.0 -999 -999 "" ops_sky_apogee_best_unassigned ops_sky sky_apogee 0 0 0.0 0.0 -999 ""
FIBERMAP 1157 R+10C1 BOSS 1 1 0 1 0 0 -166.30945444823655 207.6612642085938 143.1 -143.7421229624972 -223.86202642891752 86.34335 71.38439 199.0103126997208 -25.686039940906625 -15.51425 -13.4756 0.23384483 199.0102625352882 -25.686079207735496 199.03684633825478 -25.829802168783708 78.75923152217305 283.58808908077924 5400.0 5400.0 2016.0 1 81 {-999.0 18.239162 17.941662 17.749563 -999.0} sdss_psfmag_ps1 18.17617 17.801075 17.258806 16.197 63050396450241507 944648126 bright_1x1 openfibertargets_nov2020_6c open_fiber science 0 0 0.0 0.0 -999 ""
FIBERMAP 1157 R+10C1 METROLOGY 0 0 0 1 0 0 -166.8704800784934 207.20424492356062 143.1 -143.13002075370193 -224.24790550261744 86.34335 71.38439 -999.0 -999.0 -999.0 -999.0 -999.0 199.01229384410576 -25.68729973314047 199.0388685700848 -25.831016865915963 78.76134989344892 283.5852750728592 -999.0 6231.0 -999.0 -1 -999 {-999.0 -999.0 -999.0 -999.0 -999.0} "" -999.0 -999.0 -999.0 -999.0 -999 -999 "" "" "" "" 0 0 0.0 0.0 -999 ""
FIBERMAP 1160 R-9C13 APOGEE 0 0 0 1 0 0 78.5742184693727 -165.9223299550687 143.1 132.17661544394366 127.39936493203905 43.556446 153.35036 -999.0 -999.0 -999.0 -999.0 -999.0 199.93448128387868 -24.623881690088684 199.96087478437585 -24.766920391944904 79.12867923274416 290.37403267458296 -999.0 16600.0 -999.0 2 185 {-999.0 -999.0 -999.0 -999.0 -999.0} "" -999.0 -999.0 -999.0 -999.0 -999 -999 "" ops_sky_apogee_best_unassigned ops_sky sky_apogee 0 0 0.0 0.0 -999 ""
FIBERMAP 1160 R-9C13 BOSS 1 1 0 1 0 0 79.33315520675656 -165.80977361442024 143.1 131.82782016523956 128.08269911271543 43.556446 153.35036 199.93331909179688 -24.62175378105991 -999.0 -999.0 -999.0 199.9333190917969 -24.621753781059912 199.9597500234214 -24.764811492191956 79.12685025208906 290.381797849111 5400.0 5400.0 2015.5 1 379 {-999.0 -999.0 -999.0 -999.0 -999.0} "" -999.0 -999.0 -999.0 -999.0 27021603177284969 814934744 "" ops_sky_boss_good ops_sky sky_boss 0 0 0.0 0.0 -999 ""
FIBERMAP 1160 R-9C13 METROLOGY 0 0 0 1 0 0 79.02640744450642 -166.50998004407464 143.1 132.58926751018274 128.01538354049896 43.556446 153.35036 -999.0 -999.0 -999.0 -999.0 -999.0 199.9358836338504 -24.62194567348327 199.96230584483897 -24.764996068505695 79.1290246626755 290.38620725357686 -999.0 6231.0 -999.0 -1 -999 {-999.0 -999.0 -999.0 -999.0 -999.0} "" -999.0 -999.0 -999.0 -999.0 -999 -999 "" "" "" "" 0 0 0.0 0.0 -999 ""
FIBERMAP 1161 R-13C7 APOGEE 1 1 0 1 0 0 0.7883401669475288 -255.53278120535018 143.1 241.91657678553517 82.27047093632329 340.06546 122.97015 200.29964182016244 -24.759974222223917 -12.5 18.4 -999.0 200.29960170873017 -24.759920606069304 200.32651520298214 -24.90261665547431 79.48661944776623 290.48202325519406 16000.0 16600.0 2016.0 2 264 {-999.0 -999.0 -999.0 -999.0 -999.0} "" -999.0 -999.0 -999.0 -999.0 63050400609465981 1103483133 bright_1x1 mwm_tess_2min_apogee mwm_planet science 0 0 0.0 0.0 -999 ""
FIBERMAP 1161 R-13C7 BOSS 0 0 0 1 0 0 0.9305546740209003 -256.28367748626584 143.1 242.5828291055282 82.64480805056482 340.06546 122.97015 -999.0 -999.0 -999.0 -999.0 -999.0 200.30176845374106 -24.75876324435116 200.32872261381192 -24.90147457625934 79.48793729528767 290.49238786361525 -999.0 5400.0 -999.0 1 358 {-999.0 -999.0 -999.0 -999.0 -999.0} "" -999.0 -999.0 -999.0 -999.0 -999 -999 "" "" "" "" 0 0 0.0 0.0 -999 ""
FIBERMAP 1161 R-13C7 METROLOGY 0 0 0 1 0 0 0.23310456247902067 -256.0426171677443 143.1 242.57688608186183 81.90692931978884 340.06546 122.97015 -999.0 -999.0 -999.0 -999.0 -999.0 200.301826258827 -24.76098345647585 200.32877166349624 -24.90368961499756 79.48892847112381 290.48152695045235 -999.0 6231.0 -999.0 -1 -999 {-999.0 -999.0 -999.0 -999.0 -999.0} "" -999.0 -999.0 -999.0 -999.0 -999 -999 "" "" "" "" 0 0 0.0 0.0 -999 ""
FIBERMAP 1164 R+8C9 APOGEE 0 0 0 1 0 0 -15.119839326604984 144.48626459508176 143.1 -132.1057183189159 -60.42492273061691 304.85187 117.275566 -999.0 -999.0 -999.0 -999.0 -999.0 199.05038712828554 -25.192514027524297 199.07645861372544 -25.33624936825541 78.62079278173141 286.01076256345 -999.0 16600.0 -999.0 2 -999 {-999.0 -999.0 -999.0 -999.0 -999.0} "" -999.0 -999.0 -999.0 -999.0 -999 -999 "" "" "" "" 0 0 0.0 0.0 -999 ""
FIBERMAP 1164 R+8C9 BOSS 1 1 0 1 0 0 -15.448720606932408 143.8276364116077 143.1 -131.3766133033451 -60.52647903711737 304.85187 117.275566 199.05291356678268 -25.192773924142298 -61.174072 -24.633402 9.663942 199.05271657228002 -25.192845703804203 199.07883246338233 -25.33659412698756 78.62291490454673 286.01313432519385 5400.0 5400.0 2016.0 1 128 {-999.0 16.589746 15.253176 14.209975 -999.0} sdss_psfmag_ps1 16.01414 14.704792 13.578456 11.49 63050396450288407 1075879229 bright_1x1 mwm_erosita_stars_boss mwm_erosita science 0 0 0.0 0.0 -999 ""
FIBERMAP 1164 R+8C9 METROLOGY 0 0 0 1 0 0 -15.867004773831745 144.45102241486364 143.1 -131.83394899787376 -61.12176703510944 304.85187 117.275566 -999.0 -999.0 -999.0 -999.0 -999.0 199.0511742911927 -25.194653776108055 199.07728063897275 -25.338399548345038 78.62227381567703 286.00200999262034 -999.0 6231.0 -999.0 -1 -999 {-999.0 -999.0 -999.0 -999.0 -999.0} "" -999.0 -999.0 -999.0 -999.0 -999 -999 "" "" "" "" 0 0 0.0 0.0 -999 ""
FIBERMAP 1165 R+13C8 APOGEE 0 0 0 1 0 0 12.90164867323047 233.95882764856327 143.1 -225.83852587841045 -62.413685602353326 313.0204 72.814476 -999.0 -999.0 -999.0 -999.0 -999.0 198.73767133848838 -25.196643887098052 198.76341649300764 -25.34064195942999 78.35890898964304 285.4736942618553 -999.0 16600.0 -999.0 2 99 {-999.0 -999.0 -999.0 -999.0 -999.0} "" -999.0 -999.0 -999.0 -999.0 -999 -999 "" ops_sky_apogee_best_unassigned ops_sky sky_apogee 0 0 0.0 0.0 -999 ""
FIBERMAP 1165 R+13C8 BOSS 1 1 0 1 0 0 12.26542152766446 233.60396675874796 143.1 -225.29924729057348 -62.90342494214775 313.0204 72.814476 198.7393712949444 -25.198128677113342 1.1201375 -1.1021664 -0.020364812 198.73937490219973 -25.198131888739397 198.76516888016846 -25.34214430556573 78.36092844013629 285.4695851215848 5400.0 5400.0 2016.0 1 173 {-999.0 20.639677 20.539581 20.209526 -999.0} sdss_psfmag_ps1 20.439896 20.3757 19.92645 -999.0 63050396450283689 1117337569 bright_1x1 openfibertargets_bhm_quaia_boss open_fiber science 0 0 0.0 0.0 -999 ""
FIBERMAP 1165 R+13C8 METROLOGY 0 0 0 1 0 0 12.271305118433075 234.34546787214853 143.1 -226.00384398691344 -63.134412314905475 313.0204 72.814476 -999.0 -999.0 -999.0 -999.0 -999.0 198.73700179904193 -25.198827518768734 198.76278113118065 -25.342837311661878 78.3591661231837 285.46252064726855 -999.0 6231.0 -999.0 -1 -999 {-999.0 -999.0 -999.0 -999.0 -999.0} "" -999.0 -999.0 -999.0 -999.0 -999 -999 "" "" "" "" 0 0 0.0 0.0 -999 ""
FIBERMAP 1166 R0C7 APOGEE 1 1 0 1 0 0 -143.78984953421082 -15.584108159560605 143.1 60.642730387289944 -131.29760964660534 3.8353224 52.26772 199.69671195704194 -25.408558016071098 -31.474411 -1.2074558 1.3544295 199.6966104216944 -25.408561534467175 199.72359295351285 -25.551713325487448 79.2434741919049 286.07969478802136 16000.0 16600.0 2016.0 2 277 {-999.0 11.685766 11.430851 11.360286 -999.0} sdss_psfmag_from_g3xp 11.666548 11.429113 11.033717 10.386 63050396450244888 975319133 "" ops_std_apogee ops_std standard_apogee 0 0 0.0 0.0 -999 ""
FIBERMAP 1166 R0C7 BOSS 0 0 0 1 0 0 -144.27068573928813 -16.131460321610344 143.1 61.31485788157163 -131.57867414779878 3.8353224 52.26772 -999.0 -999.0 -999.0 -999.0 -999.0 199.69885451190595 -25.409453945121154 199.7258828859368 -25.55261859610509 79.24572789360832 286.07920722043434 -999.0 5400.0 -999.0 1 450 {-999.0 -999.0 -999.0 -999.0 -999.0} "" -999.0 -999.0 -999.0 -999.0 -999 -999 "" "" "" "" 0 0 0.0 0.0 -999 ""
FIBERMAP 1166 R0C7 METROLOGY 0 0 0 1 0 0 -144.51004185482716 -15.412467935322706 143.1 60.709832209083196 -132.03489384585018 3.8353224 52.26772 -999.0 -999.0 -999.0 -999.0 -999.0 199.6968422766371 -25.410856808784583 199.72385809954778 -25.554018843657314 79.24453614916885 286.06865508855304 -999.0 6231.0 -999.0 -1 -999 {-999.0 -999.0 -999.0 -999.0 -999.0} "" -999.0 -999.0 -999.0 -999.0 -999 -999 "" "" "" "" 0 0 0.0 0.0 -999 ""
FIBERMAP 1171 R+5C19 APOGEE 0 0 0 1 0 0 180.6386578367734 100.50285399931698 143.1 -152.8760968348463 139.12730417616635 14.5132885 119.09491 -999.0 -999.0 -999.0 -999.0 -999.0 198.98455694977503 -24.587519524147492 199.0099407256572 -24.731384602200077 78.32996526893646 288.6828857978998 -999.0 16600.0 -999.0 2 -999 {-999.0 -999.0 -999.0 -999.0 -999.0} "" -999.0 -999.0 -999.0 -999.0 -999 -999 "" "" "" "" 0 0 0.0 0.0 -999 ""
FIBERMAP 1171 R+5C19 BOSS 1 1 0 1 0 0 181.18152160770305 99.9553991204589 143.1 -152.53046595906522 139.81643157614718 14.5132885 119.09491 198.98566641710195 -24.58537378118884 -9.866792 -3.9194286 0.13477829 198.9856347996847 -24.58538520209165 199.01106187895118 -24.729267790439582 78.33002586317764 288.6944950827528 5400.0 5400.0 2016.0 1 212 {-999.0 16.271456 15.206135 14.8032055 -999.0} sdss_psfmag_ps1 15.893705 15.214121 14.430069 12.807 63050396450293819 1061718666 bright_1x1 manual_mwm_halo_distant_kgiant_near_boss_single mwm_halo science 0 0 0.0 0.0 -999 ""
FIBERMAP 1171 R+5C19 METROLOGY 0 0 0 1 0 0 180.4282390240345 99.78506423898207 143.1 -152.12871789363749 139.15688908449792 14.5132885 119.09491 -999.0 -999.0 -999.0 -999.0 -999.0 198.9869425619836 -24.587366388863554 199.01236049569513 -24.731242484845723 78.33191150616568 288.68798286222227 -999.0 6231.0 -999.0 -1 -999 {-999.0 -999.0 -999.0 -999.0 -999.0} "" -999.0 -999.0 -999.0 -999.0 -999 -999 "" "" "" "" 0 0 0.0 0.0 -999 ""
FIBERMAP 1173 R-8C17 APOGEE 0 0 0 1 0 0 144.45889962833897 -155.9792230270815 143.1 101.73416566882803 186.66601312311963 178.96547 121.43521 -999.0 -999.0 -999.0 -999.0 -999.0 199.83245479367184 -24.44481346101534 199.85855449459564 -24.587964200509955 78.96707743731011 291.00905187833644 -999.0 16600.0 -999.0 2 221 {-999.0 -999.0 -999.0 -999.0 -999.0} "" -999.0 -999.0 -999.0 -999.0 -999 -999 "" ops_sky_apogee_best_unassigned ops_sky sky_apogee 0 0 0.0 0.0 -999 ""
FIBERMAP 1173 R-8C17 BOSS 1 1 0 1 0 0 144.10889687929907 -155.30891576005752 143.1 101.21057873571156 186.12046590927284 178.96547 121.43521 199.83072762432943 -24.44640799464083 -6.5704665 4.2140856 0.30442727 199.83070659302714 -24.446395715126005 199.85684733114115 -24.589566189957814 78.96638932805419 290.9979644213257 5400.0 5400.0 2016.0 1 319 {-999.0 17.598732 17.15771 17.018011 -999.0} sdss_psfmag_ps1 17.49823 17.144438 16.62491 15.65 63050396450309388 944649025 bright_1x1 openfibertargets_nov2020_6c open_fiber science 0 0 0.0 0.0 -999 ""
FIBERMAP 1173 R-8C17 METROLOGY 0 0 0 1 0 0 144.86013825241085 -155.3540609648082 143.1 101.01369208006369 186.8468191832508 178.96547 121.43521 -999.0 -999.0 -999.0 -999.0 -999.0 199.83007063121894 -24.444182737397178 199.85619684123765 -24.58734885541761 78.96488170048568 291.0070042225257 -999.0 6231.0 -999.0 -1 -999 {-999.0 -999.0 -999.0 -999.0 -999.0} "" -999.0 -999.0 -999.0 -999.0 -999 -999 "" "" "" "" 0 0 0.0 0.0 -999 ""
FIBERMAP 1175 R-8C4 APOGEE 0 0 0 1 0 0 -141.3411542180301 -171.7322406676542 143.1 207.8428974150496 -79.16059411906028 281.06964 78.30163 -999.0 -999.0 -999.0 -999.0 -999.0 200.18898297074844 -25.248962756971157 200.21631420776907 -25.391698126718435 79.59551020089422 287.79829848330047 -999.0 16600.0 -999.0 2 -999 {-999.0 -999.0 -999.0 -999.0 -999.0} "" -999.0 -999.0 -999.0 -999.0 -999 -999 "" "" "" "" 0 0 0.0 0.0 -999 ""
FIBERMAP 1175 R-8C4 BOSS 1 1 0 1 0 0 -142.06880072016858 -171.73064082578856 143.1 208.0735244143639 -79.85069416159239 281.06964 78.30163 200.18976129833487 -25.2510380969604 -0.30905408 -2.8193223 0.07738682 200.18976030263374 -25.251046312243606 200.21713471116496 -25.393795993914562 79.5970072362697 287.7891833491194 5400.0 5400.0 2016.0 1 490 {-999.0 16.459541 15.725472 15.4191675 -999.0} sdss_psfmag_ps1 16.263866 15.720199 15.023952 13.574 63050396450245876 1061718696 bright_1x1 manual_mwm_halo_distant_kgiant_near_boss_single mwm_halo science 0 0 0.0 0.0 -999 ""
FIBERMAP 1175 R-8C4 METROLOGY 0 0 0 1 0 0 -141.71123532817728 -171.08221129238848 143.1 207.34493347108085 -79.71870025508679 281.06964 78.30163 -999.0 -999.0 -999.0 -999.0 -999.0 200.1873789906627 -25.25067688260664 200.2147392050349 -25.393424423182555 79.59486838683691 287.78643232571716 -999.0 6231.0 -999.0 -1 -999 {-999.0 -999.0 -999.0 -999.0 -999.0} "" -999.0 -999.0 -999.0 -999.0 -999 -999 "" "" "" "" 0 0 0.0 0.0 -999 ""
FIBERMAP 1180 R+3C19 APOGEE 0 0 0 1 0 0 138.03531147326837 46.83545177643535 143.1 -88.42370102870248 115.87383492848912 241.01627 112.709816 -999.0 -999.0 -999.0 -999.0 -999.0 199.19865384773064 -24.65827548742785 199.2243296802253 -24.801949958347365 78.53645347542736 288.75989104435877 -999.0 16600.0 -999.0 2 -999 {-999.0 -999.0 -999.0 -999.0 -999.0} "" -999.0 -999.0 -999.0 -999.0 -999 -999 "" "" "" "" 0 0 0.0 0.0 -999 ""
FIBERMAP 1180 R+3C19 BOSS 1 1 0 1 0 0 137.27250171669147 46.952708422662965 143.1 -88.29146359719925 115.11351239093595 241.01627 112.709816 199.19907104338958 -24.660498295468148 -23.364607 -3.3769724 0.65589833 199.1989961281996 -24.660508135681212 199.2247180549157 -24.80419980391999 78.53769700864433 288.750291182723 5400.0 5400.0 2016.0 1 225 {-999.0 15.634149 15.2715435 14.99794 -999.0} sdss_psfmag_ps1 15.567844 15.237137 14.72656 13.821 63050396450291266 1072887929 bright_1x1 mwm_halo_local_high_boss_single mwm_halo science 0 0 0.0 0.0 -999 ""
FIBERMAP 1180 R+3C19 METROLOGY 0 0 0 1 0 0 137.7355723787182 47.520765348455 143.1 -88.97754517649227 115.37113500952913 241.01627 112.709816 -999.0 -999.0 -999.0 -999.0 -999.0 199.19671361646064 -24.65971655032154 199.22242025939568 -24.803405271562525 78.53546869814676 288.74963832980893 -999.0 6231.0 -999.0 -1 -999 {-999.0 -999.0 -999.0 -999.0 -999.0} "" -999.0 -999.0 -999.0 -999.0 -999 -999 "" "" "" "" 0 0 0.0 0.0 -999 ""
FIBERMAP 1181 R-7C8 APOGEE 1 1 0 1 0 0 -60.30581730277839 -125.86710741778033 143.1 138.5236326701392 -16.995997158202915 95.19827 134.86835 199.95732306700054 -25.06151719434197 -33.58589 0.123726495 4.887992 199.95721502895552 -25.061516833773627 199.98409902638758 -25.204481353968944 79.32891250016588 288.28901162799207 16000.0 16600.0 2016.0 2 270 {-999.0 19.244549 17.868292 16.32958 -999.0} sdss_psfmag_ps1 18.697483 16.896494 15.597583 12.871 63050396450246840 1034959747 bright_1x1 mwm_yso_pms_apogee_sagitta_edr3_single mwm_yso science 0 0 0.0 0.0 -999 ""
FIBERMAP 1181 R-7C8 BOSS 0 0 0 1 0 0 -59.69861955184495 -125.41080496373164 143.1 137.89747937597912 -16.566132133339877 95.19827 134.86835 -999.0 -999.0 -999.0 -999.0 -999.0 199.95514916299175 -25.060209268826824 199.98207203709285 -25.20319221924371 79.32671718870255 288.29146441069065 -999.0 5400.0 -999.0 1 372 {-999.0 -999.0 -999.0 -999.0 -999.0} "" -999.0 -999.0 -999.0 -999.0 -999 -999 "" "" "" "" 0 0 0.0 0.0 -999 ""
FIBERMAP 1181 R-7C8 METROLOGY 0 0 0 1 0 0 -59.61608697369759 -126.1531465773223 143.1 138.57466494725256 -16.251084725495087 95.19827 134.86835 -999.0 -999.0 -999.0 -999.0 -999.0 199.95743785969125 -25.059254168961637 199.98435047126998 -25.202230658689615 79.3282267583086 288.3006530412388 -999.0 6231.0 -999.0 -1 -999 {-999.0 -999.0 -999.0 -999.0 -999.0} "" -999.0 -999.0 -999.0 -999.0 -999 -999 "" "" "" "" 0 0 0.0 0.0 -999 ""
FIBERMAP 1188 R+1C9 APOGEE 0 0 0 1 0 0 -98.04000903788862 5.935064436890041 143.1 25.65333471801884 -94.80586937076879 287.2288 112.49695 -999.0 -999.0 -999.0 -999.0 -999.0 199.57921278471102 -25.29808017416315 199.6059536511508 -25.441348098829785 79.1041820760548 286.41863988118195 -999.0 16600.0 -999.0 2 28 {-999.0 -999.0 -999.0 -999.0 -999.0} "" -999.0 -999.0 -999.0 -999.0 -999 -999 "" ops_sky_apogee_best_unassigned ops_sky sky_apogee 0 0 0.0 0.0 -999 ""
FIBERMAP 1188 R+1C9 BOSS 1 1 0 1 0 0 -98.59302424966272 5.456693839489393 143.1 26.28311595070873 -95.17734521041191 287.2288 112.49695 199.58133615976524 -25.29923398858532 -10.8870125 -3.8588083 3.2492344 199.58130107038195 -25.299245232844484 199.60808685304366 -25.442526227259854 79.10640778118419 286.41662380096346 5400.0 5400.0 2016.0 1 46 {-999.0 19.560688 18.08854 16.867725 -999.0} sdss_psfmag_ps1 18.932472 17.544567 16.375391 14.105 63050396450247550 1094303390 bright_1x1 mwm_bin_vis_boss mwm_filler science 0 0 0.0 0.0 -999 ""
FIBERMAP 1188 R+1C9 METROLOGY 0 0 0 1 0 0 -98.74110692413335 6.169777127892782 143.1 25.65457109277715 -95.5451799909099 287.2288 112.49695 -999.0 -999.0 -999.0 -999.0 -999.0 199.57920364246564 -25.300373388330712 199.6059773624536 -25.443651988968863 79.10505493168364 286.40735910581543 -999.0 6231.0 -999.0 -1 -999 {-999.0 -999.0 -999.0 -999.0 -999.0} "" -999.0 -999.0 -999.0 -999.0 -999 -999 "" "" "" "" 0 0 0.0 0.0 -999 ""
FIBERMAP 1191 R0C18 APOGEE 0 0 0 1 0 0 95.71082394372108 -8.757148351622275 143.1 -22.23576282062099 93.49884128764464 282.68726 138.36858 -999.0 -999.0 -999.0 -999.0 -999.0 199.4193871827429 -24.726403406948187 199.4453605434701 -24.869879931002792 78.7472612079081 288.8627584804938 -999.0 16600.0 -999.0 2 -999 {-999.0 -999.0 -999.0 -999.0 -999.0} "" -999.0 -999.0 -999.0 -999.0 -999 -999 "" "" "" "" 0 0 0.0 0.0 -999 ""
FIBERMAP 1191 R0C18 BOSS 1 1 0 1 0 0 95.33381482925385 -9.40674307317837 143.1 -21.49986444304572 93.3487923240727 282.68726 138.36858 199.4218055008127 -24.726767329787037 -5.0009413 -7.938612 1.4995521 199.4217894574952 -24.726790462276075 199.4478080914607 -24.870282236254614 78.7494515792094 288.8655437267725 5400.0 5400.0 2016.0 1 252 {-999.0 21.071081 19.671696 18.25814 -999.0} sdss_psfmag_ps1 20.51211 19.04069 17.905996 15.557 63050396450290393 1094720710 bright_1x1 mwm_bin_vis_boss mwm_filler science 0 0 0.0 0.0 -999 ""
FIBERMAP 1191 R0C18 METROLOGY 0 0 0 1 0 0 94.96283076980933 -8.75925277019438 143.1 -21.995134041002128 92.79064051174666 282.68726 138.36858 -999.0 -999.0 -999.0 -999.0 -999.0 199.42014052826656 -24.728477732308917 199.4461475631225 -24.871965881314104 78.74876750951479 288.85450735838936 -999.0 6231.0 -999.0 -1 -999 {-999.0 -999.0 -999.0 -999.0 -999.0} "" -999.0 -999.0 -999.0 -999.0 -999 -999 "" "" "" "" 0 0 0.0 0.0 -999 ""
FIBERMAP 1195 R-8C11 APOGEE 0 0 0 1 0 0 38.00657318754575 -157.50231781805232 143.1 137.13939409563645 86.26719963096312 11.451753 97.414276 -999.0 -999.0 -999.0 -999.0 -999.0 199.9515577595161 -24.748395632962794 199.97810164482723 -24.891403945128495 79.1958078157719 289.8103252319081 -999.0 16600.0 -999.0 2 -999 {-999.0 -999.0 -999.0 -999.0 -999.0} "" -999.0 -999.0 -999.0 -999.0 -999 -999 "" "" "" "" 0 0 0.0 0.0 -999 ""
FIBERMAP 1195 R-8C11 BOSS 1 1 0 1 0 0 38.24764693265871 -158.2077968302071 143.1 137.73106518076773 86.72073591350018 11.451753 97.414276 199.95401744890881 -24.7472168999886 -146.66907 85.39049 11.168483 199.95354684945445 -24.74696807810016 199.9801289616267 -24.88999117574159 79.19688063637697 289.8212938487163 5400.0 5400.0 2016.0 1 396 {-999.0 18.299883 16.916307 15.294238 -999.0} sdss_psfmag_ps1 17.772743 15.964366 14.690388 12.378 63050396450270229 1151076593 bright_1x1 mwm_snc_100pc_boss_single mwm_snc science 0 0 0.0 0.0 -999 ""
FIBERMAP 1195 R-8C11 METROLOGY 0 0 0 1 0 0 37.509703121530826 -158.06144066170515 143.1 137.82779197852264 85.97469509526984 11.451753 97.414276 -999.0 -999.0 -999.0 -999.0 -999.0 199.953904825461 -24.749222112800425 199.9804813239149 -24.892240593612232 79.1981180141818 289.8111271125874 -999.0 6231.0 -999.0 -1 -999 {-999.0 -999.0 -999.0 -999.0 -999.0} "" -999.0 -999.0 -999.0 -999.0 -999 -999 "" "" "" "" 0 0 0.0 0.0 -999 ""
FIBERMAP 1196 R-12C2 APOGEE 0 0 0 1 0 0 -136.49320536393543 -252.67817846316908 143.1 283.00860187424297 -48.74178275025715 314.666 56.001522 -999.0 -999.0 -999.0 -999.0 -999.0 200.43816516848747 -25.155415157707132 200.4656550467089 -25.297937470288897 79.76552604168945 288.77587724359654 -999.0 16600.0 -999.0 2 153 {-999.0 -999.0 -999.0 -999.0 -999.0} "" -999.0 -999.0 -999.0 -999.0 -999 -999 "" ops_sky_apogee_best_unassigned ops_sky sky_apogee 0 0 0.0 0.0 -999 ""
FIBERMAP 1196 R-12C2 BOSS 1 1 0 1 0 0 -137.20508708418367 -252.859293970796 143.1 283.4073584878464 -49.35865032334938 314.666 56.001522 200.43946844405815 -25.15724515926437 -14.836661 -1.3209789 0.25250667 200.43942068056566 -25.157249008485092 200.46695296792348 -25.299785485345044 79.76734296467859 288.76900411734965 5400.0 5400.0 2016.0 1 434 {-999.0 16.532969 16.212397 16.146982 -999.0} sdss_psfmag_ps1 16.503662 16.247105 15.830002 15.122 63050396450266289 944648442 bright_1x1 openfibertargets_nov2020_6c open_fiber science 0 0 0.0 0.0 -999 ""
FIBERMAP 1196 R-12C2 METROLOGY 0 0 0 1 0 0 -136.98544787471184 -252.12592112142872 143.1 282.6422698636727 -49.38446859167964 314.666 56.001522 -999.0 -999.0 -999.0 -999.0 -999.0 200.43696594262173 -25.15735879882148 200.4644848189073 -25.299893100593103 79.76534250122356 288.7634059186566 -999.0 6231.0 -999.0 -1 -999 {-999.0 -999.0 -999.0 -999.0 -999.0} "" -999.0 -999.0 -999.0 -999.0 -999 -999 "" "" "" "" 0 0 0.0 0.0 -999 ""
FIBERMAP 1197 R-12C11 APOGEE 0 0 0 1 0 0 85.6790698309288 -234.86105659597604 143.1 195.24307543151102 156.1263445713407 33.219765 71.46333 -999.0 -999.0 -999.0 -999.0 -999.0 200.14328194041755 -24.537038893523928 200.16979509438966 -24.67990253136155 79.2615310659086 291.23311727072337 -999.0 16600.0 -999.0 2 -999 {-999.0 -999.0 -999.0 -999.0 -999.0} "" -999.0 -999.0 -999.0 -999.0 -999 -999 "" "" "" "" 0 0 0.0 0.0 -999 ""
FIBERMAP 1197 R-12C11 BOSS 1 1 0 1 0 0 85.8554098977219 -235.59338549685413 143.1 195.88084429369468 156.5270988290524 33.219765 71.46333 200.1451174692081 -24.535808706790444 -0.06667542 2.8749661 0.4227799 200.14535906694246 -24.535800329365607 200.1719129555409 -24.67868020674914 79.26271713185153 291.24356742743475 5400.0 5400.0 2016.0 1 369 {-999.0 13.987857 13.129577 12.807111 -999.0} sdss_psfmag_from_g3xp 13.754881 13.175436 12.449655 10.919 63050396450270769 1075965234 bright_1x1 mwm_erosita_stars_boss mwm_erosita science 0 0 0.7919143438339233 0.0 -999 ""
FIBERMAP 1197 R-12C11 METROLOGY 0 0 0 1 0 0 85.14608760942589 -235.38586910378996 143.1 195.91047841927787 155.7886704673835 33.219765 71.46333 -999.0 -999.0 -999.0 -999.0 -999.0 200.1455237968163 -24.53800606228062 200.17206903456383 -24.68088045414661 79.26381674077983 291.23330941478105 -999.0 6231.0 -999.0 -1 -999 {-999.0 -999.0 -999.0 -999.0 -999.0} "" -999.0 -999.0 -999.0 -999.0 -999 -999 "" "" "" "" 0 0 0.0 0.0 -999 ""
FIBERMAP 1199 R+1C1 APOGEE 0 0 0 1 0 0 -299.29182641479446 27.26696702681322 143.1 69.64306763656613 -292.3375325844968 215.47812 43.965443 -999.0 -999.0 -999.0 -999.0 -999.0 199.72630371598 -25.893379180821224 199.75383944167424 -26.036445600514 79.43615003058639 283.6704230306458 -999.0 16600.0 -999.0 2 10 {-999.0 -999.0 -999.0 -999.0 -999.0} "" -999.0 -999.0 -999.0 -999.0 -999 -999 "" ops_sky_apogee_best_unassigned ops_sky sky_apogee 0 0 0.0 0.0 -999 ""
FIBERMAP 1199 R+1C1 BOSS 1 1 0 1 0 0 -299.19602081589545 28.02386314407382 143.1 68.89519303692344 -292.4882125001069 215.47812 43.965443 199.7237235089436 -25.893783599194194 4.5883985 3.3987553 1.6969078 199.72373837127546 -25.893773695488225 199.7513132853374 -26.0368551880105 79.43413669238863 283.6642865687228 5400.0 5400.0 2016.0 1 12 {-999.0 14.43395 13.772654 13.496189 -999.0} sdss_psfmag_from_g3xp 14.258027 13.8066 13.146811 11.857 63050396450243003 1075965218 bright_1x1 mwm_erosita_stars_boss mwm_erosita science 0 0 0.0 0.0 -999 ""
FIBERMAP 1199 R+1C1 METROLOGY 0 0 0 1 0 0 -298.60178972322893 27.54621215472806 143.1 69.15828299255352 -291.7726740930498 215.47812 43.965443 -999.0 -999.0 -999.0 -999.0 -999.0 199.72465316268975 -25.891698179971716 199.75221544680085 -26.034775575397532 79.43422712680747 283.6764489632852 -999.0 6231.0 -999.0 -1 -999 {-999.0 -999.0 -999.0 -999.0 -999.0} "" -999.0 -999.0 -999.0 -999.0 -999 -999 "" "" "" "" 0 0 0.0 0.0 -999 ""
FIBERMAP 1204 R+8C11 APOGEE 0 0 0 1 0 0 8.022427993811192 153.61558761576276 143.1 -148.14071028265414 -41.40558051438021 197.11983 106.70925 -999.0 -999.0 -999.0 -999.0 -999.0 198.99700910621752 -25.134593085507134 199.02296469958844 -25.278380733235313 78.55448661292998 286.19234798708646 -999.0 16600.0 -999.0 2 -999 {-999.0 -999.0 -999.0 -999.0 -999.0} "" -999.0 -999.0 -999.0 -999.0 -999 -999 "" "" "" "" 0 0 0.0 0.0 -999 ""
FIBERMAP 1204 R+8C11 BOSS 1 1 0 1 0 0 7.623056034241868 154.21642167584776 143.1 -148.58270714625823 -41.97575062653733 197.11983 106.70925 198.99543230606355 -25.136302221952633 -6.895045 -4.899386 2.2048473 198.99541011273195 -25.13631649837559 199.02140970116096 -25.28012120676956 78.5538259271765 286.18157568276456 5400.0 5400.0 2016.0 1 140 {-999.0 14.403671 13.722637 13.424289 -999.0} sdss_psfmag_from_g3xp 14.214152 13.72966 13.069067 11.77 63050396450288485 1075965243 bright_1x1 mwm_erosita_stars_boss mwm_erosita science 0 0 0.0 0.0 -999 ""
FIBERMAP 1204 R+8C11 METROLOGY 0 0 0 1 0 0 8.353760263958819 154.28619714712576 143.1 -148.88195195235 -41.305523852083866 197.11983 106.70925 -999.0 -999.0 -999.0 -999.0 -999.0 198.99441252942958 -25.134288184172206 199.02039703904723 -25.278089603832928 78.55222235240669 286.18937286227504 -999.0 6231.0 -999.0 -1 -999 {-999.0 -999.0 -999.0 -999.0 -999.0} "" -999.0 -999.0 -999.0 -999.0 -999 -999 "" "" "" "" 0 0 0.0 0.0 -999 ""
FIBERMAP 1205 R-2C3 APOGEE 0 0 1 1 0 0 -223.31442041269847 -30.990079467662234 143.1 100.61390305845823 -201.74793010464109 10.022803 170.08653 -999.0 -999.0 -999.0 -999.0 -999.0 199.83060486924552 -25.62104186620152 199.857959228367 -25.76405001448956 79.4324046696054 285.24125372174 -999.0 16600.0 -999.0 2 288 {-999.0 -999.0 -999.0 -999.0 -999.0} "" -999.0 -999.0 -999.0 -999.0 -999 -999 "" ops_sky_apogee_best_unassigned ops_sky sky_apogee 0 0 0.0 0.0 -999 ""
FIBERMAP 1205 R-2C3 BOSS 1 0 1 1 0 0 -222.56903151150243 -31.041067682190363 143.1 100.42442094658627 -201.02525909835637 10.022803 170.08653 199.896240234375 -25.583354448117902 -999.0 -999.0 -999.0 199.82994984064706 -25.618888467090915 199.85734279419648 -25.76191145676193 79.4311365317458 285.25111854306806 5400.0 5400.0 2015.5 1 473 {-999.0 -999.0 -999.0 -999.0 -999.0} "" -999.0 -999.0 -999.0 -999.0 27021603177277707 824215303 "" ops_sky_boss_good ops_sky sky_boss 0 0 0.0 0.0 -999 ""
FIBERMAP 1205 R-2C3 METROLOGY 0 0 1 1 0 0 -223.009235499213 -31.673863215470956 143.1 101.16455999848006 -201.24055725442503 10.022803 170.08653 -999.0 -999.0 -999.0 -999.0 -999.0 199.83246096518758 -25.61956358194599 199.85984554046638 -25.76258030618128 79.43348207282577 285.25200201896695 -999.0 6231.0 -999.0 -1 -999 {-999.0 -999.0 -999.0 -999.0 -999.0} "" -999.0 -999.0 -999.0 -999.0 -999 -999 "" "" "" "" 0 0 0.0 0.0 -999 ""
FIBERMAP 1206 R0C2 APOGEE 0 0 0 1 0 0 -277.81766068936656 14.467782867495554 143.1 74.92187258103498 -267.90313302689265 150.24356 85.47632 -999.0 -999.0 -999.0 -999.0 -999.0 199.7441443726679 -25.820172856548314 199.7716204424812 -25.963232607048294 79.42720893273032 284.0760862387793 -999.0 16600.0 -999.0 2 253 {-999.0 -999.0 -999.0 -999.0 -999.0} "" -999.0 -999.0 -999.0 -999.0 -999 -999 "" ops_sky_apogee_best_unassigned ops_sky sky_apogee 0 0 0.0 0.0 -999 ""
FIBERMAP 1206 R0C2 BOSS 1 1 0 1 0 0 -277.3913336273223 15.102296095592727 143.1 74.18453286772196 -267.7015340163094 150.24356 85.47632 199.74162880699419 -25.819517648501822 -1.4183455 -10.198111 0.22224796 199.7416242156994 -25.81954736499254 199.76913876011872 -25.962622661206005 79.42490173989641 284.0751911259947 5400.0 5400.0 2016.0 1 522 {-999.0 17.235773 16.927505 16.895338 -999.0} sdss_psfmag_ps1 17.214277 16.951368 16.524508 15.666 63050396450243118 981055925 "" ops_std_boss_tic ops_std standard_boss 0 0 0.0 0.0 -999 ""
FIBERMAP 1206 R0C2 METROLOGY 0 0 0 1 0 0 -277.07167838196386 14.421129989488264 143.1 74.72809256030285 -267.181282765265 150.24356 85.47632 -999.0 -999.0 -999.0 -999.0 -999.0 199.74347897127257 -25.818038339779097 199.77098211857276 -25.96110845224426 79.42596309998994 284.08597011150346 -999.0 6231.0 -999.0 -1 -999 {-999.0 -999.0 -999.0 -999.0 -999.0} "" -999.0 -999.0 -999.0 -999.0 -999 -999 "" "" "" "" 0 0 0.0 0.0 -999 ""
FIBERMAP 1209 R-2C21 APOGEE 0 0 0 1 0 0 169.86926434962334 -32.48986571231686 143.1 -23.40327920465843 171.35021590516308 132.84619 129.8029 -999.0 -999.0 -999.0 -999.0 -999.0 199.4159744597643 -24.490734867003507 199.44169949680804 -24.63424319059566 78.64564222721128 289.9475673012489 -999.0 16600.0 -999.0 2 218 {-999.0 -999.0 -999.0 -999.0 -999.0} "" -999.0 -999.0 -999.0 -999.0 -999 -999 "" ops_sky_apogee_best_unassigned ops_sky sky_apogee 0 0 0.0 0.0 -999 ""
FIBERMAP 1209 R-2C21 BOSS 1 1 0 1 0 0 169.9290121401328 -31.737749268636744 143.1 -24.13512048702579 171.1668889246862 132.84619 129.8029 199.41351298752542 -24.491169685230066 -9.383122 -11.734811 0.33720875 199.4134829425466 -24.49120387954134 199.43924861971536 -24.634732651036693 78.64383646952395 289.94049011956804 5400.0 5400.0 2016.0 1 310 {-999.0 18.377935 17.913618 17.668617 -999.0} sdss_psfmag_ps1 18.316296 17.923697 17.409773 16.427 63050396450291705 944648771 bright_1x1 openfibertargets_nov2020_6c open_fiber science 0 0 0.0 0.0 -999 ""
FIBERMAP 1209 R-2C21 METROLOGY 0 0 0 1 0 0 170.5417009318863 -32.17102674308606 143.1 -23.91997186665195 171.88576305832618 132.84619 129.8029 -999.0 -999.0 -999.0 -999.0 -999.0 199.41421342937323 -24.4890172381174 199.4399656009357 -24.632540470109696 78.64349008610976 289.9519705137318 -999.0 6231.0 -999.0 -1 -999 {-999.0 -999.0 -999.0 -999.0 -999.0} "" -999.0 -999.0 -999.0 -999.0 -999 -999 "" "" "" "" 0 0 0.0 0.0 -999 ""
FIBERMAP 1210 R-3C6 APOGEE 0 0 0 1 0 0 -146.4973806870646 -72.08387750495956 143.1 115.05127954448 -115.83824861886895 273.01816 110.91783 -999.0 -999.0 -999.0 -999.0 -999.0 199.87908052780045 -25.361349823281234 199.90620650449216 -25.504347066565494 79.37927199908297 286.6440805346788 -999.0 16600.0 -999.0 2 -999 {-999.0 -999.0 -999.0 -999.0 -999.0} "" -999.0 -999.0 -999.0 -999.0 -999 -999 "" "" "" "" 0 0 0.0 0.0 -999 ""
FIBERMAP 1210 R-3C6 BOSS 1 1 0 1 0 0 -147.18245156337792 -72.39159368817188 143.1 115.5614619120406 -116.38931781059522 273.01816 110.91783 199.88087033287937 -25.36304553632492 -21.563093 0.36921424 0.5246876 199.88080079731435 -25.363044460447384 199.90797156152814 -25.506054882117954 79.38138583118129 286.63869145339714 5400.0 5400.0 2016.0 1 475 {-999.0 16.253136 15.638675 15.491425 -999.0} sdss_psfmag_ps1 16.04695 15.696651 15.168335 14.064 63050396450246034 1072830227 bright_1x1 mwm_halo_local_high_boss_single mwm_halo science 0 0 0.0 0.0 -999 ""
FIBERMAP 1210 R-3C6 METROLOGY 0 0 0 1 0 0 -147.10648264040097 -71.64971966817907 143.1 114.8341522864434 -116.55400437496236 273.01816 110.91783 -999.0 -999.0 -999.0 -999.0 -999.0 199.8783905307855 -25.363568669433832 199.90554780989885 -25.50657695928571 79.37954898836105 286.63164949137587 -999.0 6231.0 -999.0 -1 -999 {-999.0 -999.0 -999.0 -999.0 -999.0} "" -999.0 -999.0 -999.0 -999.0 -999 -999 "" "" "" "" 0 0 0.0 0.0 -999 ""
FIBERMAP 1211 R-11C11 APOGEE 1 1 0 1 0 0 48.54930293123585 -233.77082628893953 143.1 206.05548247677308 120.59069361513149 316.8398 30.953749 200.180000039234 -24.644296663800187 -16.634579 -4.2660074 1.8967062 200.17994670981383 -24.644309094600324 200.20661207925463 -24.78712662352989 79.33859303978372 290.793016391546 16000.0 16600.0 2016.0 2 182 {-999.0 13.0878525 12.509567 12.302034 -999.0} sdss_psfmag_from_g3xp 12.94891 12.537804 11.960907 10.84 63050396450270593 1113966740 bright_1x1 openfibertargets_mwm_subgiant_nataf24_apogee open_fiber science 0 0 0.0 0.0 -999 ""
FIBERMAP 1211 R-11C11 BOSS 0 0 0 1 0 0 47.81635605382067 -233.6785459065806 143.1 206.20186264026668 119.86664033885683 316.8398 30.953749 -999.0 -999.0 -999.0 -999.0 -999.0 200.1804355673937 -24.64646385924687 200.20714440436188 -24.789298382213293 79.33997247737483 290.7835802509786 -999.0 5400.0 -999.0 1 375 {-999.0 -999.0 -999.0 -999.0 -999.0} "" -999.0 -999.0 -999.0 -999.0 -999 -999 "" "" "" "" 0 0 0.0 0.0 -999 ""
FIBERMAP 1211 R-11C11 METROLOGY 0 0 0 1 0 0 48.26701566822155 -233.07871892822948 143.1 205.48963215603663 120.10236533209175 316.8398 30.953749 -999.0 -999.0 -999.0 -999.0 -999.0 200.17811932493152 -24.64573869553944 200.20481367382524 -24.78857041050095 79.33775044229291 290.7821516838529 -999.0 6231.0 -999.0 -1 -999 {-999.0 -999.0 -999.0 -999.0 -999.0} "" -999.0 -999.0 -999.0 -999.0 -999 -999 "" "" "" "" 0 0 0.0 0.0 -999 ""
FIBERMAP 1214 R+5C1 APOGEE 0 0 0 1 0 0 -252.85111712235746 94.5335443955849 143.1 -8.921493695637174 -269.7859836625567 222.46098 78.241035 -999.0 -999.0 -999.0 -999.0 -999.0 199.46256123724774 -25.826047610146148 199.48973800808017 -25.969352104963214 79.18986979455877 283.5959676265494 -999.0 16600.0 -999.0 2 1 {-999.0 -999.0 -999.0 -999.0 -999.0} "" -999.0 -999.0 -999.0 -999.0 -999 -999 "" ops_sky_apogee_best_unassigned ops_sky sky_apogee 0 0 0.0 0.0 -999 ""
FIBERMAP 1214 R+5C1 BOSS 1 1 0 1 0 0 -253.2803628208812 95.18365426887313 143.1 -9.400658477789307 -270.40018568328327 222.46098 78.241035 199.46090698242188 -25.827867546302514 -999.0 -999.0 -999.0 199.46090698242185 -25.827867546302517 199.48812689466146 -25.971186584972195 79.18909789764412 283.5842051769316 5400.0 5400.0 2015.5 1 1 {-999.0 -999.0 -999.0 -999.0 -999.0} "" -999.0 -999.0 -999.0 -999.0 27021603177276246 814933210 "" ops_sky_boss_good ops_sky sky_boss 0 0 0.0 0.0 -999 ""
FIBERMAP 1214 R+5C1 METROLOGY 0 0 0 1 0 0 -252.4985823561469 95.19867908347409 143.1 -9.664311156938647 -269.66408676727247 222.46098 78.241035 -999.0 -999.0 -999.0 -999.0 -999.0 199.4600335747378 -25.825714742582417 199.48723811184664 -25.969031028401794 79.18764032365573 283.59368252851016 -999.0 6231.0 -999.0 -1 -999 {-999.0 -999.0 -999.0 -999.0 -999.0} "" -999.0 -999.0 -999.0 -999.0 -999 -999 "" "" "" "" 0 0 0.0 0.0 -999 ""
FIBERMAP 1216 R-2C17 APOGEE 0 0 0 1 0 0 101.6227648597145 -28.118898386655545 143.1 -5.772761186417164 105.27861507022357 63.36078 92.809326 -999.0 -999.0 -999.0 -999.0 -999.0 199.47444532449094 -24.690749303553382 199.50043815170625 -24.834182580454037 78.77809825634806 289.135315695838 -999.0 16600.0 -999.0 2 211 {-999.0 -999.0 -999.0 -999.0 -999.0} "" -999.0 -999.0 -999.0 -999.0 -999 -999 "" ops_sky_apogee_best_unassigned ops_sky sky_apogee 0 0 0.0 0.0 -999 ""
FIBERMAP 1216 R-2C17 BOSS 1 1 0 1 0 0 102.29543502379462 -28.420446033445344 143.1 -5.70158878241579 106.01230732435224 63.36078 92.809326 199.4746398925781 -24.688449751550152 -999.0 -999.0 -999.0 199.4746398925781 -24.688449751550152 199.50067313107732 -24.831900758710148 78.77734793278157 289.14644255875265 5400.0 5400.0 2015.5 1 300 {-999.0 -999.0 -999.0 -999.0 -999.0} "" -999.0 -999.0 -999.0 -999.0 27021603177290449 814935561 "" ops_sky_boss_good ops_sky sky_boss 0 0 0.0 0.0 -999 ""
FIBERMAP 1216 R-2C17 METROLOGY 0 0 0 1 0 0 101.69081261854816 -28.864273079216083 143.1 -5.088080036378344 105.58090288566335 63.36078 92.809326 -999.0 -999.0 -999.0 -999.0 -999.0 199.47669943306533 -24.689754500020108 199.50272411791434 -24.83319856739589 78.77957950772827 289.1443314984905 -999.0 6231.0 -999.0 -1 -999 {-999.0 -999.0 -999.0 -999.0 -999.0} "" -999.0 -999.0 -999.0 -999.0 -999 -999 "" "" "" "" 0 0 0.0 0.0 -999 ""
FIBERMAP 1217 R-3C13 APOGEE 0 0 0 1 0 0 20.04693202570085 -47.679682323416486 143.1 38.790342022409796 34.20983821962448 54.319565 111.30419 -999.0 -999.0 -999.0 -999.0 -999.0 199.623364764285 -24.90645885878081 199.6497376716137 -25.049736293642745 78.98958203761612 288.4005796893304 -999.0 16600.0 -999.0 2 169 {-999.0 -999.0 -999.0 -999.0 -999.0} "" -999.0 -999.0 -999.0 -999.0 -999 -999 "" ops_sky_apogee_best_unassigned ops_sky sky_apogee 0 0 0.0 0.0 -999 ""
FIBERMAP 1217 R-3C13 BOSS 1 1 0 1 0 0 20.785651496326825 -47.80418906359726 143.1 38.672661089060384 34.94964344305999 54.319565 111.30419 199.62295532226562 -24.90417384682746 -999.0 -999.0 -999.0 199.62295532226562 -24.904173846827465 199.64936751231886 -25.047468674528226 78.98836466966381 288.4107489063769 5400.0 5400.0 2015.5 1 407 {-999.0 -999.0 -999.0 -999.0 -999.0} "" -999.0 -999.0 -999.0 -999.0 27021603177279380 824215421 "" ops_sky_boss_good ops_sky sky_boss 0 0 0.0 0.0 -999 ""
FIBERMAP 1217 R-3C13 METROLOGY 0 0 0 1 0 0 20.291303476111253 -48.3813819758175 143.1 39.377379336779825 34.66529399309858 54.319565 111.30419 -999.0 -999.0 -999.0 -999.0 -999.0 199.625330186222 -24.905039617496683 199.65173386138986 -25.048327516347577 78.99067285873417 288.41113711954296 -999.0 6231.0 -999.0 -1 -999 {-999.0 -999.0 -999.0 -999.0 -999.0} "" -999.0 -999.0 -999.0 -999.0 -999 -999 "" "" "" "" 0 0 0.0 0.0 -999 ""
FIBERMAP 1218 R0C17 APOGEE 0 0 0 1 0 0 73.15796138019924 -6.633250640632169 143.1 -17.05347296033252 71.44792964468382 266.97165 152.8978 -999.0 -999.0 -999.0 -999.0 -999.0 199.43659084825669 -24.793306638452016 199.46265167934234 -24.936760107193507 78.7888495279002 288.58205902132283 -999.0 16600.0 -999.0 2 111 {-999.0 -999.0 -999.0 -999.0 -999.0} "" -999.0 -999.0 -999.0 -999.0 -999 -999 "" ops_sky_apogee_best_unassigned ops_sky sky_apogee 0 0 0.0 0.0 -999 ""
FIBERMAP 1218 R0C17 BOSS 1 1 0 1 0 0 72.78921351041238 -7.265733675928558 143.1 -16.336426914266923 71.30025066117186 266.97165 152.8978 199.43893432617188 -24.79369677982804 -999.0 -999.0 -999.0 199.43893432617185 -24.79369677982804 199.46504075827775 -24.937165407532152 78.79099420397316 288.5846716712515 5400.0 5400.0 2015.5 1 189 {-999.0 -999.0 -999.0 -999.0 -999.0} "" -999.0 -999.0 -999.0 -999.0 27021603177290318 824216267 "" ops_sky_boss_good ops_sky sky_boss 0 0 0.0 0.0 -999 ""
FIBERMAP 1218 R0C17 METROLOGY 0 0 0 1 0 0 72.41407150621254 -6.623208951807394 143.1 -16.825664118479263 70.73974255300932 266.97165 152.8978 -999.0 -999.0 -999.0 -999.0 -999.0 199.43730567918757 -24.795394852189773 199.46340013377392 -24.938859792145763 78.79032111423639 288.57360126189496 -999.0 6231.0 -999.0 -1 -999 {-999.0 -999.0 -999.0 -999.0 -999.0} "" -999.0 -999.0 -999.0 -999.0 -999 -999 "" "" "" "" 0 0 0.0 0.0 -999 ""
FIBERMAP 1219 R+1C17 APOGEE 0 0 0 1 0 0 98.19542010709404 14.107810982154493 143.1 -44.69752283552708 88.55881574494329 41.283325 48.926777 -999.0 -999.0 -999.0 -999.0 -999.0 199.34430010832835 -24.74128603140024 199.37021158306993 -24.884825462933787 78.69114061356495 288.65063654184553 -999.0 16600.0 -999.0 2 -999 {-999.0 -999.0 -999.0 -999.0 -999.0} "" -999.0 -999.0 -999.0 -999.0 -999 -999 "" "" "" "" 0 0 0.0 0.0 -999 ""
FIBERMAP 1219 R+1C17 BOSS 1 1 0 1 0 0 98.17564013762622 13.34533458682791 143.1 -43.968614490008754 88.78332534258224 41.283325 48.926777 199.34670269925275 -24.740416810512123 -11.04696 -42.664303 0.8260419 199.34666725602918 -24.74054113092515 199.37262326803867 -24.88409601505819 78.69284182311013 288.6585776823694 5400.0 5400.0 2016.0 1 199 {-999.0 15.302411 15.010029 14.854343 -999.0} sdss_psfmag_ps1 15.305055 15.021641 14.562885 13.715 63050396450290515 1072782496 bright_1x1 mwm_halo_local_high_boss_single mwm_halo science 0 0 0.0 0.0 -999 ""
FIBERMAP 1219 R+1C17 METROLOGY 0 0 0 1 0 0 97.54621326182345 13.736288857847036 143.1 -44.138313466384126 88.06209104249118 41.283325 48.926777 -999.0 -999.0 -999.0 -999.0 -999.0 199.34610169664168 -24.74272454509366 199.37204746062503 -24.88627475901985 78.69325179681637 288.647343301654 -999.0 6231.0 -999.0 -1 -999 {-999.0 -999.0 -999.0 -999.0 -999.0} "" -999.0 -999.0 -999.0 -999.0 -999 -999 "" "" "" "" 0 0 0.0 0.0 -999 ""
FIBERMAP 1220 R+1C3 APOGEE 0 0 0 1 0 0 -246.63738271141332 17.793059980204742 143.1 61.82297756915214 -239.41449705489245 173.92049 130.00113 -999.0 -999.0 -999.0 -999.0 -999.0 199.70029666275934 -25.734773223617005 199.72763328214933 -25.877881890604645 79.36136542469987 284.4411553139756 -999.0 16600.0 -999.0 2 38 {-999.0 -999.0 -999.0 -999.0 -999.0} "" -999.0 -999.0 -999.0 -999.0 -999 -999 "" ops_sky_apogee_best_unassigned ops_sky sky_apogee 0 0 0.0 0.0 -999 ""
FIBERMAP 1220 R+1C3 BOSS 1 1 0 1 0 0 -247.0452060081215 18.386599030869476 143.1 61.39059043097632 -239.99034914027862 173.92049 130.00113 199.69881985726173 -25.736511853179948 -4.148886 -0.61824024 0.24380898 199.69880643639007 -25.73651365468268 199.72618532864934 -25.87963699471157 79.36073188187055 284.4298244842166 5400.0 5400.0 2016.0 1 62 {-999.0 17.61097 17.215458 17.058397 16.994986} sdss_psfmag_from_gaia 17.5595 17.2285 16.7424 15.634 63050396450243371 968316395 "" ops_std_boss_gdr2 ops_std standard_boss 0 0 0.0 0.0 -999 ""
FIBERMAP 1220 R+1C3 METROLOGY 0 0 0 1 0 0 -246.30040568173064 18.462199993567886 143.1 61.081327695792055 -239.30862203677606 173.92049 130.00113 -999.0 -999.0 -999.0 -999.0 -999.0 199.69779419961498 -25.7345118418035 199.7251580422411 -25.877632483875423 79.35918500948442 284.4383529871526 -999.0 6231.0 -999.0 -1 -999 {-999.0 -999.0 -999.0 -999.0 -999.0} "" -999.0 -999.0 -999.0 -999.0 -999 -999 "" "" "" "" 0 0 0.0 0.0 -999 ""
FIBERMAP 1221 R-8C13 APOGEE 0 0 0 1 0 0 77.26516512026456 -159.4886619175452 143.1 126.49706771669773 124.10622506650775 319.27765 134.75603 -999.0 -999.0 -999.0 -999.0 -999.0 199.91562594581498 -24.63384966331438 199.94201080679943 -24.776903824520204 79.11749765354814 290.2872748336747 -999.0 16600.0 -999.0 2 -999 {-999.0 -999.0 -999.0 -999.0 -999.0} "" -999.0 -999.0 -999.0 -999.0 -999 -999 "" "" "" "" 0 0 0.0 0.0 -999 ""
FIBERMAP 1221 R-8C13 BOSS 1 1 0 1 0 0 77.3188899832507 -160.23457092063958 143.1 127.186824707005 124.39510955488142 319.27765 134.75603 199.9180635921066 -24.6328302374383 -42.443413 -28.344574 2.296761 199.91792753358948 -24.63291283123257 199.94435404987465 -24.775982575227665 79.11902457335427 290.29651663255885 5400.0 5400.0 2016.0 1 418 {-999.0 16.188173 15.162109 14.796685 -999.0} sdss_psfmag_ps1 15.816905 15.153069 14.36876 12.78 63050396450270991 1120677568 bright_1x1 openfibertargets_mwm_snc_further_ext_boss open_fiber science 0 0 0.0 0.0 -999 ""
FIBERMAP 1221 R-8C13 METROLOGY 0 0 0 1 0 0 76.64425407803041 -159.9057562646992 143.1 127.09043853009968 123.65085529767572 319.27765 134.75603 -999.0 -999.0 -999.0 -999.0 -999.0 199.9176451216027 -24.63515436316378 199.94406282809962 -24.778219244224104 79.11974483498201 290.2852115836061 -999.0 6231.0 -999.0 -1 -999 {-999.0 -999.0 -999.0 -999.0 -999.0} "" -999.0 -999.0 -999.0 -999.0 -999 -999 "" "" "" "" 0 0 0.0 0.0 -999 ""
FIBERMAP 1223 R+13C7 APOGEE 0 0 0 1 0 0 -8.121804196359435 265.7856545351258 143.1 -249.29359522621675 -92.49138904709329 82.67579 110.8662 -999.0 -999.0 -999.0 -999.0 -999.0 198.65926695802244 -25.286945289437277 198.6850204701683 -25.430997682154644 78.32501550227752 284.93086381370784 -999.0 16600.0 -999.0 2 100 {-999.0 -999.0 -999.0 -999.0 -999.0} "" -999.0 -999.0 -999.0 -999.0 -999 -999 "" ops_sky_apogee_best_unassigned ops_sky sky_apogee 0 0 0.0 0.0 -999 ""
FIBERMAP 1223 R+13C7 BOSS 1 1 0 1 0 0 -7.387144722864646 265.9181311651266 143.1 -249.65352369145086 -91.83741762522405 82.67579 110.8662 198.6580392743929 -25.284944051351207 -1.0940166 0.27933317 -0.06921576 198.65803574873897 -25.2849432373963 198.68383176920312 -25.42901255048783 78.32331027099004 284.93816841312207 5400.0 5400.0 2016.0 1 174 {-999.0 19.689457 19.19377 18.872314 -999.0} sdss_psfmag_ps1 19.964973 20.469717 18.867315 16.24 63050396450283570 1116287767 bright_1x1 openfibertargets_bhm_morexray_boss open_fiber science 0 0 0.0 0.0 -999 ""
FIBERMAP 1223 R+13C7 METROLOGY 0 0 0 1 0 0 -7.67024320885664 265.20784912101607 143.1 -248.89007259681804 -91.8791063567868 82.67579 110.8662 -999.0 -999.0 -999.0 -999.0 -999.0 198.66053140198167 -25.28511301194533 198.6863172993775 -25.42917579156916 78.32546794767887 284.94133089034705 -999.0 6231.0 -999.0 -1 -999 {-999.0 -999.0 -999.0 -999.0 -999.0} "" -999.0 -999.0 -999.0 -999.0 -999 -999 "" "" "" "" 0 0 0.0 0.0 -999 ""
FIBERMAP 1224 R+5C18 APOGEE 1 1 0 1 0 0 130.37193132465967 108.24175996924514 143.1 -144.17350883051887 89.02062752205067 186.20464 67.90801 199.01244178368702 -24.7391787996549 -11.145807 -6.8174305 1.7764915 199.01240602370618 -24.739198665106027 199.03797233974268 -24.883021494991457 78.41464354130989 288.04612497017126 16000.0 16600.0 2016.0 2 64 {-999.0 12.04603 11.120797 10.819957 -999.0} sdss_psfmag_from_g3xp 11.751283 11.177672 10.462451 9.007 63050396450290032 1108565747 bright_1x1 mwm_tess_rgb_apogee mwm_tessrgb science 0 0 0.0 0.0 -999 ""
FIBERMAP 1224 R+5C18 BOSS 0 0 0 1 0 0 130.7037529537349 108.90164081818871 143.1 -144.90473906348234 89.12457075173522 186.20464 67.90801 -999.0 -999.0 -999.0 -999.0 -999.0 199.00986794211727 -24.73882540115168 199.03547625476438 -24.88266815116159 78.41242675218486 288.04322874672977 -999.0 5400.0 -999.0 1 216 {-999.0 -999.0 -999.0 -999.0 -999.0} "" -999.0 -999.0 -999.0 -999.0 -999 -999 "" "" "" "" 0 0 0.0 0.0 -999 ""
FIBERMAP 1224 R+5C18 METROLOGY 0 0 0 1 0 0 131.111038226345 108.28215047819282 143.1 -144.4475862748953 89.70819226725199 186.20464 67.90801 -999.0 -999.0 -999.0 -999.0 -999.0 199.01139496188367 -24.73705541042696 199.03699045034284 -24.88089210534829 78.41297537345055 288.0540681569014 -999.0 6231.0 -999.0 -1 -999 {-999.0 -999.0 -999.0 -999.0 -999.0} "" -999.0 -999.0 -999.0 -999.0 -999 -999 "" "" "" "" 0 0 0.0 0.0 -999 ""
FIBERMAP 1227 R-4C8 APOGEE 0 0 0 1 0 0 -77.28066346947888 -78.70450774508859 143.1 99.24323276725931 -48.12945724586353 349.2057 122.227554 -999.0 -999.0 -999.0 -999.0 -999.0 199.82597681732685 -25.15625565940558 199.8528265863281 -25.29932488826199 79.25687796355345 287.5688237049185 -999.0 16600.0 -999.0 2 -999 {-999.0 -999.0 -999.0 -999.0 -999.0} "" -999.0 -999.0 -999.0 -999.0 -999 -999 "" "" "" "" 0 0 0.0 0.0 -999 ""
FIBERMAP 1227 R-4C8 BOSS 1 1 0 1 0 0 -76.9853113076833 -79.37917802346323 143.1 99.78838985539358 -47.63431037809291 349.2057 122.227554 199.82764318403005 -25.154798602590997 -14.701215 13.200268 2.4922667 199.82781984644544 -25.15476013804309 199.85471067155945 -25.297843480408154 79.25787551154113 287.57968836149837 5400.0 5400.0 2016.0 1 479 {-999.0 13.892466 13.2218895 12.973115 -999.0} sdss_psfmag_from_g3xp 13.717432 13.255586 12.628977 11.392 63050396450246472 1113587681 bright_2x1_long_v2 mwm_bin_gaia_astb_boss mwm_bin science 0 0 0.7298870086669922 0.0 -999 ""
FIBERMAP 1227 R-4C8 METROLOGY 0 0 0 1 0 0 -77.73716147020156 -79.29705123896251 143.1 99.95042334002497 -48.37303894130629 349.2057 122.227554 -999.0 -999.0 -999.0 -999.0 -999.0 199.82838634383378 -25.157009523470407 199.85526918240964 -25.300087815227375 79.25920948107486 287.5696326534047 -999.0 6231.0 -999.0 -1 -999 {-999.0 -999.0 -999.0 -999.0 -999.0} "" -999.0 -999.0 -999.0 -999.0 -999 -999 "" "" "" "" 0 0 0.0 0.0 -999 ""
FIBERMAP 1228 R-4C5 APOGEE 0 0 0 1 0 0 -172.93166186053972 -68.79995180851581 143.1 120.37251259817917 -141.93766269456884 188.25648 73.687935 -999.0 -999.0 -999.0 -999.0 -999.0 199.89692533662875 -25.440251830872533 199.9241553417496 -25.583223630152265 79.42341730189035 286.2779465197016 -999.0 16600.0 -999.0 2 296 {-999.0 -999.0 -999.0 -999.0 -999.0} "" -999.0 -999.0 -999.0 -999.0 -999 -999 "" ops_sky_apogee_best_unassigned ops_sky sky_apogee 0 0 0.0 0.0 -999 ""
FIBERMAP 1228 R-4C5 BOSS 1 1 0 1 0 0 -172.83470162205654 -68.06343151287696 143.1 119.64357977008815 -142.0807478024691 188.25648 73.687935 199.89448919140594 -25.440717354940073 -1.0357938 -2.8480687 -0.009394897 199.89448584907967 -25.440725653987894 199.921755029236 -25.58371420009082 79.42158188561534 286.27114509069065 5400.0 5400.0 2016.0 1 487 {-999.0 17.953127 17.874226 17.996902 -999.0} sdss_psfmag_ps1 18.057903 17.906397 17.715624 -999.0 63050396450245312 1061081440 bright_1x1 manual_mwm_halo_distant_bhb_boss_single mwm_halo science 0 0 0.0 0.0 -999 ""
FIBERMAP 1228 R-4C5 METROLOGY 0 0 0 1 0 0 -172.23501217473392 -68.51396206206411 143.1 119.87922632531013 -141.36868883226356 188.25648 73.687935 -999.0 -999.0 -999.0 -999.0 -999.0 199.89530428816252 -25.43859202848256 199.92256039140682 -25.581575967470382 79.42147559220408 286.2834324050512 -999.0 6231.0 -999.0 -1 -999 {-999.0 -999.0 -999.0 -999.0 -999.0} "" -999.0 -999.0 -999.0 -999.0 -999 -999 "" "" "" "" 0 0 0.0 0.0 -999 ""
FIBERMAP 1230 R+8C17 APOGEE 1 1 0 1 0 0 145.62758211299817 143.49384284915848 143.1 -182.4489161434017 92.23181393991082 249.58722 92.33682 198.88519314144767 -24.729111725991576 -8.561975 2.20401 0.16851765 198.88516567361233 -24.729105303677542 198.91059075621308 -24.87303687527209 78.30469198866108 287.86302812336794 16000.0 16600.0 2016.0 2 75 {-999.0 13.590297 12.367114 11.848789 -999.0} sdss_psfmag_from_g3xp 13.131925 12.335722 11.467575 9.518 63050396450290012 1153097529 bright_1x1 mwm_galactic_core_dist_apogee_sparse mwm_galactic science 0 0 0.0 0.0 -999 ""
FIBERMAP 1230 R+8C17 BOSS 0 0 0 1 0 0 144.92483521080874 143.73734575493918 143.1 -182.455484153391 91.48813618187613 249.58722 92.33682 -999.0 -999.0 -999.0 -999.0 -999.0 198.88502835452192 -24.731313959966112 198.91050054441575 -24.875263046777807 78.30550247051715 287.8527912788958 -999.0 5400.0 -999.0 1 234 {-999.0 -999.0 -999.0 -999.0 -999.0} "" -999.0 -999.0 -999.0 -999.0 -999 -999 "" "" "" "" 0 0 0.0 0.0 -999 ""
FIBERMAP 1230 R+8C17 METROLOGY 0 0 0 1 0 0 145.48516636622574 144.23081021580612 143.1 -183.10190384743984 91.86172989285961 249.58722 92.33682 -999.0 -999.0 -999.0 -999.0 -999.0 198.8828742327667 -24.73016845113828 198.90833031938837 -24.87411449003408 78.30323918089334 287.8541263405746 -999.0 6231.0 -999.0 -1 -999 {-999.0 -999.0 -999.0 -999.0 -999.0} "" -999.0 -999.0 -999.0 -999.0 -999 -999 "" "" "" "" 0 0 0.0 0.0 -999 ""
FIBERMAP 1233 R+11C16 APOGEE 0 0 0 1 0 0 161.99391273516662 227.07925822035895 143.1 -266.88410297246924 81.07566737971821 127.76514 102.20778 -999.0 -999.0 -999.0 -999.0 -999.0 198.60516394387776 -24.761779965373726 198.63033233447982 -24.905941462720396 78.08396804402278 287.225792496542 -999.0 16600.0 -999.0 2 104 {-999.0 -999.0 -999.0 -999.0 -999.0} "" -999.0 -999.0 -999.0 -999.0 -999 -999 "" ops_sky_apogee_best_unassigned ops_sky sky_apogee 0 0 0.0 0.0 -999 ""
FIBERMAP 1233 R+11C16 BOSS 1 1 0 1 0 0 162.44942938601338 227.65024733879423 143.1 -267.5705534088762 81.32519560587903 127.76514 102.20778 198.60290929303676 -24.76093739219864 -8.888154 -22.948872 3.4402065 198.60288077146086 -24.76100426339983 198.62809093875313 -24.905185117166308 78.08180113260893 287.2253281291288 5400.0 5400.0 2016.0 1 178 {-999.0 16.549871 15.723047 15.453801 -999.0} sdss_psfmag_ps1 16.234 16.017658 15.080336 13.756 63050396450292333 944648932 bright_1x1 openfibertargets_nov2020_6c open_fiber science 0 0 0.0 0.0 -999 ""
FIBERMAP 1233 R+11C16 METROLOGY 0 0 0 1 0 0 162.72473742072918 226.95069023653585 143.1 -266.99541637441524 81.80928639595453 127.76514 102.20778 -999.0 -999.0 -999.0 -999.0 -999.0 198.6047497373406 -24.759538893754236 198.62994838681516 -24.90371365583044 78.08277881163735 287.2350703019423 -999.0 6231.0 -999.0 -1 -999 {-999.0 -999.0 -999.0 -999.0 -999.0} "" -999.0 -999.0 -999.0 -999.0 -999 -999 "" "" "" "" 0 0 0.0 0.0 -999 ""
FIBERMAP 1234 R+5C14 APOGEE 1 1 0 1 0 0 42.7583031679029 84.68494131656763 143.1 -93.89711343862119 13.504706433415103 257.6716 76.00293 199.17913172037905 -24.968657841010803 -26.094227 -9.252828 3.6571517 199.1790478447247 -24.9686848029981 199.205022280243 -25.1123377497812 78.6440519784529 287.2854611141034 16000.0 16600.0 2016.0 2 93 {-999.0 10.872865 10.564017 10.477902 -999.0} sdss_psfmag_from_g3xp 10.834587 10.57293 10.150511 9.502 63050396450288982 1094100096 bright_1x1 mwm_bin_vis_apogee mwm_filler science 0 0 0.0 0.0 -999 ""
FIBERMAP 1234 R+5C14 BOSS 0 0 0 1 0 0 42.10562151678017 85.03881902825734 143.1 -94.02425596990723 12.773262255024616 257.6716 76.00293 -999.0 -999.0 -999.0 -999.0 -999.0 199.17851045250805 -24.97087925515535 199.20453156217945 -25.114549333321296 78.64449746319187 287.27423020355104 -999.0 5400.0 -999.0 1 166 {-999.0 -999.0 -999.0 -999.0 -999.0} "" -999.0 -999.0 -999.0 -999.0 -999 -999 "" "" "" "" 0 0 0.0 0.0 -999 ""
FIBERMAP 1234 R+5C14 METROLOGY 0 0 0 1 0 0 42.72471938193375 85.43124952570683 143.1 -94.59367442200902 13.23478225758375 257.6716 76.00293 -999.0 -999.0 -999.0 -999.0 -999.0 199.17661353631084 -24.969476234910644 199.20261878990914 -25.113143388960463 78.64235658276887 287.2774136615591 -999.0 6231.0 -999.0 -1 -999 {-999.0 -999.0 -999.0 -999.0 -999.0} "" -999.0 -999.0 -999.0 -999.0 -999 -999 "" "" "" "" 0 0 0.0 0.0 -999 ""
FIBERMAP 1236 R+13C5 APOGEE 0 0 0 1 0 0 -73.54681747878931 259.7351129334591 143.1 -222.6867737019508 -152.56426696184926 200.42458 65.85033 -999.0 -999.0 -999.0 -999.0 -999.0 198.74704606613753 -25.4691023909336 198.77307843580138 -25.61305932632382 78.46272193684158 284.2191977664846 -999.0 16600.0 -999.0 2 52 {-999.0 -999.0 -999.0 -999.0 -999.0} "" -999.0 -999.0 -999.0 -999.0 -999 -999 "" ops_sky_apogee_best_unassigned ops_sky sky_apogee 0 0 0.0 0.0 -999 ""
FIBERMAP 1236 R+13C5 BOSS 1 1 0 1 0 0 -73.50072993990999 260.4867295237174 143.1 -223.41378320431033 -152.76038027528443 200.42458 65.85033 198.74460714275986 -25.46964328222456 -7.2134523 -3.159749 0.60053957 198.74458386061002 -25.469652489482463 198.77065955950513 -25.613626293880984 78.46086480350242 284.21281532197 5400.0 5400.0 2016.0 1 89 {-999.0 16.316828 15.800064 15.753605 -999.0} sdss_psfmag_ps1 16.177927 15.8592615 15.372102 14.557 63050396450282897 981922370 "" ops_std_boss_tic ops_std standard_boss 0 0 0.0 0.0 -999 ""
FIBERMAP 1236 R+13C5 METROLOGY 0 0 0 1 0 0 -72.870524758996 260.0488981774727 143.1 -223.1999071898573 -152.02345304761423 200.42458 65.85033 -999.0 -999.0 -999.0 -999.0 -999.0 198.74526775033524 -25.46746985118321 198.77132925701005 -25.61143917411179 78.46068666989297 284.22412282995504 -999.0 6231.0 -999.0 -1 -999 {-999.0 -999.0 -999.0 -999.0 -999.0} "" -999.0 -999.0 -999.0 -999.0 -999 -999 "" "" "" "" 0 0 0.0 0.0 -999 ""
FIBERMAP 1237 R-2C7 APOGEE 1 1 0 1 0 0 -128.99641983245652 -28.98107476963252 143.1 68.61942750921615 -113.00382263539109 43.1111 133.36101 199.72330044234673 -25.353148084151986 -27.222902 6.9909525 2.058069 199.72339608778736 -25.35312771304118 199.75034760930342 -25.496262780821958 79.24560977969294 286.40357127399324 16000.0 16600.0 2016.0 2 286 {-999.0 9.851472 9.043584 8.727549 -999.0} sdss_psfmag_from_g3xp 9.615422 9.0734 8.375731 6.96 63050396450244936 1107396945 bright_1x1 mwm_tess_rgb_apogee mwm_tessrgb science 0 0 0.5967316627502441 0.0 -999 ""
FIBERMAP 1237 R-2C7 BOSS 0 0 0 1 0 0 -128.32399875893708 -29.288049416803602 143.1 68.69582254247733 -112.26863505243942 43.1111 133.36101 -999.0 -999.0 -999.0 -999.0 -999.0 199.72364756302747 -25.350939934442852 199.75063960381078 -25.494090250560312 79.24505265289213 286.41491265414857 -999.0 5400.0 -999.0 1 469 {-999.0 -999.0 -999.0 -999.0 -999.0} "" -999.0 -999.0 -999.0 -999.0 -999 -999 "" "" "" "" 0 0 0.0 0.0 -999 ""
FIBERMAP 1237 R-2C7 METROLOGY 0 0 0 1 0 0 -128.93122615434794 -29.711107026858123 143.1 69.29047919893843 -112.70913437003259 43.1111 133.36101 -999.0 -999.0 -999.0 -999.0 -999.0 199.72566278189268 -25.352287612655523 199.7526465085607 -25.49543173019316 79.24723143898507 286.4118156951488 -999.0 6231.0 -999.0 -1 -999 {-999.0 -999.0 -999.0 -999.0 -999.0} "" -999.0 -999.0 -999.0 -999.0 -999 -999 "" "" "" "" 0 0 0.0 0.0 -999 ""
FIBERMAP 1238 R-9C3 APOGEE 0 0 0 1 0 0 -151.9010145870585 -184.85313483943446 143.1 223.64649448071796 -84.98216320511905 229.0682 126.6394 -999.0 -999.0 -999.0 -999.0 -999.0 200.2416373243358 -25.26626367009726 200.269042843948 -25.40894968155579 79.64610406578905 287.81259882323275 -999.0 16600.0 -999.0 2 283 {-999.0 -999.0 -999.0 -999.0 -999.0} "" -999.0 -999.0 -999.0 -999.0 -999 -999 "" ops_sky_apogee_best_unassigned ops_sky sky_apogee 0 0 0.0 0.0 -999 ""
FIBERMAP 1238 R-9C3 BOSS 1 1 0 1 0 0 -152.64558501466877 -184.8171138531847 143.1 223.84989989529976 -85.6992835069437 229.0682 126.6394 200.2423095703125 -25.26842297412344 -999.0 -999.0 -999.0 200.24230957031247 -25.26842297412344 200.26975807115704 -25.41112330513319 79.64754247354179 287.80284441446554 5400.0 5400.0 2015.5 1 464 {-999.0 -999.0 -999.0 -999.0 -999.0} "" -999.0 -999.0 -999.0 -999.0 27021603177278233 814933527 "" ops_sky_boss_good ops_sky sky_boss 0 0 0.0 0.0 -999 ""
FIBERMAP 1238 R-9C3 METROLOGY 0 0 0 1 0 0 -152.22826827122358 -184.18971787097144 143.1 223.12217977461498 -85.50395292800468 229.0682 126.6394 -999.0 -999.0 -999.0 -999.0 -999.0 200.23993907371027 -25.267865609582945 200.2673732161884 -25.4105638358441 79.64533985729601 287.80106706922896 -999.0 6231.0 -999.0 -1 -999 {-999.0 -999.0 -999.0 -999.0 -999.0} "" -999.0 -999.0 -999.0 -999.0 -999 -999 "" "" "" "" 0 0 0.0 0.0 -999 ""
FIBERMAP 1239 R0C25 APOGEE 0 0 0 1 0 0 231.23472456913782 -6.816605918784898 143.1 -67.3113941971691 221.31556816238515 230.1196 88.38624 -999.0 -999.0 -999.0 -999.0 -999.0 199.27044381624071 -24.339923376113276 199.29586571706784 -24.48357536303899 78.4610674759217 290.34519356598895 -999.0 16600.0 -999.0 2 105 {-999.0 -999.0 -999.0 -999.0 -999.0} "" -999.0 -999.0 -999.0 -999.0 -999 -999 "" ops_sky_apogee_best_unassigned ops_sky sky_apogee 0 0 0.0 0.0 -999 ""
FIBERMAP 1239 R0C25 BOSS 1 1 0 1 0 0 230.71163377960013 -6.3012401537014044 143.1 -67.63292249313007 220.65541707380606 230.1196 88.38624 199.2692857456495 -24.34179397685102 8.141808 -21.14829 0.43040174 199.26931178507755 -24.341855601301567 199.29477768370592 -24.48552728048104 78.46102224502366 290.3342543560792 5400.0 5400.0 2016.0 1 179 {-999.0 14.4614525 13.882871 13.630328 -999.0} sdss_psfmag_from_g3xp 14.321503 13.889802 13.283923 12.058 63050396450294375 941533748 bright_1x1 openfibertargets_nov2020_34a open_fiber science 0 0 0.0 0.0 -999 ""
FIBERMAP 1239 R0C25 METROLOGY 0 0 0 1 0 0 231.38942337860036 -6.087312287610555 143.1 -68.05189882801369 221.22950736649992 230.1196 88.38624 -999.0 -999.0 -999.0 -999.0 -999.0 199.26792932084976 -24.340097651021704 199.29337992687385 -24.483765387396293 78.45911171642672 290.3394309855343 -999.0 6231.0 -999.0 -1 -999 {-999.0 -999.0 -999.0 -999.0 -999.0} "" -999.0 -999.0 -999.0 -999.0 -999 -999 "" "" "" "" 0 0 0.0 0.0 -999 ""
FIBERMAP 1244 R-7C12 APOGEE 1 1 0 1 0 0 48.440572332124766 -133.79592474955246 143.1 111.34408741201314 88.59236788087404 22.92159 102.2229 199.86559941103792 -24.741436998400197 -15.738931 7.888562 0.9176569 199.8655489136738 -24.741414011742968 199.8919966564966 -24.884499146333983 79.12203264062697 289.6690705028612 16000.0 16600.0 2016.0 2 163 {-999.0 13.053775 12.187283 11.868029 -999.0} sdss_psfmag_from_g3xp 12.789849 12.221599 11.510182 10.05 63050396450270829 1106365799 bright_1x1 mwm_tess_rgb_apogee mwm_tessrgb science 0 0 0.0 0.0 -999 ""
FIBERMAP 1244 R-7C12 BOSS 0 0 0 1 0 0 48.87988208768995 -134.39224344881518 143.1 111.76906360353391 89.1989464415518 22.92159 102.2229 -999.0 -999.0 -999.0 -999.0 -999.0 199.8669752405325 -24.739516552713106 199.8934639896455 -24.88261803018205 79.12245145811558 289.68107822559836 -999.0 5400.0 -999.0 1 394 {-999.0 -999.0 -999.0 -999.0 -999.0} "" -999.0 -999.0 -999.0 -999.0 -999 -999 "" "" "" "" 0 0 0.0 0.0 -999 ""
FIBERMAP 1244 R-7C12 METROLOGY 0 0 0 1 0 0 48.15185892724682 -134.49455223275064 143.1 112.09828483828686 88.54163970974784 22.92159 102.2229 -999.0 -999.0 -999.0 -999.0 -999.0 199.86810523029266 -24.74150315619727 199.89458556737554 -24.884598485589112 79.12420609722896 289.6738144505326 -999.0 6231.0 -999.0 -1 -999 {-999.0 -999.0 -999.0 -999.0 -999.0} "" -999.0 -999.0 -999.0 -999.0 -999 -999 "" "" "" "" 0 0 0.0 0.0 -999 ""
FIBERMAP 1245 R-13C10 APOGEE 0 0 0 1 0 0 57.27320063537412 -259.95859068754237 143.1 228.09038230995017 137.21307827359252 205.08768 169.44768 -999.0 -999.0 -999.0 -999.0 -999.0 200.2524491635435 -24.594050732716415 200.27913473309184 -24.736809553397716 79.3757777940408 291.1940611329123 -999.0 16600.0 -999.0 2 158 {-999.0 -999.0 -999.0 -999.0 -999.0} "" -999.0 -999.0 -999.0 -999.0 -999 -999 "" ops_sky_apogee_best_unassigned ops_sky sky_apogee 0 0 0.0 0.0 -999 ""
FIBERMAP 1245 R-13C10 BOSS 1 1 0 1 0 0 56.554725319556425 -260.1714864526284 143.1 228.52136060592625 136.6001009060059 205.08768 169.44768 200.2538883903962 -24.595805820505458 -11.667812 -25.991007 0.8354727 200.2538509986045 -24.595881556247143 200.28057942890982 -24.738656545183428 79.3777694548221 291.1882024769121 5400.0 5400.0 2016.0 1 439 {-999.0 15.623952 15.098596 14.866294 -999.0} sdss_psfmag_ps1 15.483304 15.090021 14.524824 13.39 63050396450270536 1072830220 bright_1x1 mwm_halo_local_high_boss_single mwm_halo science 0 0 0.0 0.0 -999 ""
FIBERMAP 1245 R-13C10 METROLOGY 0 0 0 1 0 0 56.72667541901463 -259.4448567602349 143.1 227.7778768574627 136.53123901922456 205.08768 169.44768 -999.0 -999.0 -999.0 -999.0 -999.0 200.2514527966824 -24.596070714121847 200.27816803403994 -24.7388428781384 79.37588525348927 291.1820623007323 -999.0 6231.0 -999.0 -1 -999 {-999.0 -999.0 -999.0 -999.0 -999.0} "" -999.0 -999.0 -999.0 -999.0 -999 -999 "" "" "" "" 0 0 0.0 0.0 -999 ""
FIBERMAP 1248 R-10C3 APOGEE 0 0 0 1 0 0 -127.10421393894727 -204.34678784436173 143.1 234.20960898673806 -55.263151116986684 303.1767 119.50033 -999.0 -999.0 -999.0 -999.0 -999.0 200.27647591096323 -25.17616045357381 200.30381942410872 -25.318826213484865 79.63969365785144 288.3422922772484 -999.0 16600.0 -999.0 2 284 {-999.0 -999.0 -999.0 -999.0 -999.0} "" -999.0 -999.0 -999.0 -999.0 -999 -999 "" ops_sky_apogee_best_unassigned ops_sky sky_apogee 0 0 0.0 0.0 -999 ""
FIBERMAP 1248 R-10C3 BOSS 1 1 0 1 0 0 -127.4174556767789 -205.03984725583632 143.1 234.96635490368578 -55.33890115525931 303.1767 119.50033 200.2790152494228 -25.176294894950082 -10.755926 -24.287533 0.30406222 200.27898061756528 -25.17636566690319 200.30636664221063 -25.319044648707266 79.64189452224957 288.3462476184072 5400.0 5400.0 2016.0 1 465 {-999.0 17.704128 17.30636 17.148117 17.083735} sdss_psfmag_from_gaia 17.6379 17.3195 16.8179 15.502 63050396450266406 968332997 "" ops_std_boss_gdr2 ops_std standard_boss 0 0 0.0 0.0 -999 ""
FIBERMAP 1248 R-10C3 METROLOGY 0 0 0 1 0 0 -127.84338292441979 -204.417412190241 143.1 234.51235880568368 -55.941129110503205 303.1767 119.50033 -999.0 -999.0 -999.0 -999.0 -999.0 200.27753303769555 -25.178209855295314 200.30490843905568 -25.320885532256327 79.6414129176442 288.333943365829 -999.0 6231.0 -999.0 -1 -999 {-999.0 -999.0 -999.0 -999.0 -999.0} "" -999.0 -999.0 -999.0 -999.0 -999 -999 "" "" "" "" 0 0 0.0 0.0 -999 ""
FIBERMAP 1250 R-9C17 APOGEE 0 0 0 1 0 0 155.0936922565666 -165.85822212965803 143.1 107.70363158462926 199.89631786245502 164.23662 96.67254 -999.0 -999.0 -999.0 -999.0 -999.0 199.8521081849782 -24.404940068940768 199.87818561006486 -24.548078378069324 78.96545435285984 291.23722473947055 -999.0 16600.0 -999.0 2 -999 {-999.0 -999.0 -999.0 -999.0 -999.0} "" -999.0 -999.0 -999.0 -999.0 -999 -999 "" "" "" "" 0 0 0.0 0.0 -999 ""
FIBERMAP 1250 R-9C17 BOSS 1 1 0 1 0 0 155.2270227924445 -165.09559463738478 143.1 106.93835367923049 199.77937178350157 164.23662 96.67254 199.84954833984375 -24.405236719417715 -999.0 -999.0 -999.0 199.84954833984375 -24.40523671941772 199.87566463131918 -24.548395811377244 78.96354040403766 291.23042197482556 5400.0 5400.0 2015.5 1 334 {-999.0 -999.0 -999.0 -999.0 -999.0} "" -999.0 -999.0 -999.0 -999.0 27021603177296029 814936557 "" ops_sky_boss_good ops_sky sky_boss 0 0 0.0 0.0 -999 ""
FIBERMAP 1250 R-9C17 METROLOGY 0 0 0 1 0 0 155.7880381238862 -165.58004586659393 143.1 107.21848513364107 200.4656011571835 164.23662 96.67254 -999.0 -999.0 -999.0 -999.0 -999.0 199.85049842757218 -24.403144377054847 199.87660185542995 -24.546297633003803 78.96337296790313 291.24221990883217 -999.0 6231.0 -999.0 -1 -999 {-999.0 -999.0 -999.0 -999.0 -999.0} "" -999.0 -999.0 -999.0 -999.0 -999 -999 "" "" "" "" 0 0 0.0 0.0 -999 ""
FIBERMAP 1255 R-8C3 APOGEE 1 1 0 1 0 0 -147.33655243958614 -143.79326918714847 143.1 183.2778998374031 -93.7558760375632 64.54936 103.30416 200.10722902477178 -25.29353289002785 -16.51337 -10.710262 1.9418476 200.10717580385054 -25.29356409887885 200.13446886825213 -25.436367002311396 79.54449735630861 287.41329290302855 16000.0 16600.0 2016.0 2 282 {-999.0 11.587441 11.215191 11.099416 -999.0} sdss_psfmag_from_g3xp 11.526587 11.230775 10.768292 9.989 63050396450245803 1109033686 bright_1x1 mwm_tess_rgb_apogee mwm_tessrgb science 0 0 0.0 0.0 -999 ""
FIBERMAP 1255 R-8C3 BOSS 0 0 0 1 0 0 -146.61758191152862 -143.95799317579232 143.1 183.20463330017688 -93.02195623616956 64.54936 103.30416 -999.0 -999.0 -999.0 -999.0 -999.0 200.10693838683085 -25.29135269012884 200.13426990470737 -25.434171369692262 79.54349137229808 287.42409226746906 -999.0 5400.0 -999.0 1 463 {-999.0 -999.0 -999.0 -999.0 -999.0} "" -999.0 -999.0 -999.0 -999.0 -999 -999 "" "" "" "" 0 0 0.0 0.0 -999 ""
FIBERMAP 1255 R-8C3 METROLOGY 0 0 0 1 0 0 -147.1337828874246 -144.5024893017566 143.1 183.88533665786963 -93.3374470539597 64.54936 103.30416 -999.0 -999.0 -999.0 -999.0 -999.0 200.1092521982498 -25.292313392011327 200.13657571930946 -25.43512559352362 79.54578034915762 287.4236244727649 -999.0 6231.0 -999.0 -1 -999 {-999.0 -999.0 -999.0 -999.0 -999.0} "" -999.0 -999.0 -999.0 -999.0 -999 -999 "" "" "" "" 0 0 0.0 0.0 -999 ""
FIBERMAP 1257 R0C5 APOGEE 1 1 0 1 0 0 -206.95992340903234 -8.896566229794121 143.1 74.4582869357649 -193.2973520455218 216.42215 139.48502 199.74280922455034 -25.595739022386702 -46.840515 -29.94345 12.509563 199.74287044719517 -25.595826275165777 199.77009990751174 -25.738913702924535 79.34947780194412 285.2187869412969 16000.0 16600.0 2016.0 2 278 {-999.0 8.327586 7.9993773 7.8580213 -999.0} sdss_psfmag_from_g3xp 8.276153 8.01323 7.53794 6.736 63050396450243841 984783967 bright_1x1 mwm_snc_100pc_apogee mwm_snc science 0 0 0.69013512134552 0.0 -999 ""
FIBERMAP 1257 R0C5 BOSS 0 0 0 1 0 0 -207.6802381930491 -8.721447482359482 143.1 74.52213123551745 -194.03586206648396 216.42215 139.48502 -999.0 -999.0 -999.0 -999.0 -999.0 199.7430578261066 -25.598085745382928 199.77033546493908 -25.741187797550484 79.35047218133272 285.207661213754 -999.0 5400.0 -999.0 1 452 {-999.0 -999.0 -999.0 -999.0 -999.0} "" -999.0 -999.0 -999.0 -999.0 -999 -999 "" "" "" "" 0 0 0.0 0.0 -999 ""
FIBERMAP 1257 R0C5 METROLOGY 0 0 0 1 0 0 -207.16796057891025 -8.179481906608439 143.1 73.8450777584036 -193.72328208475943 216.42215 139.48502 -999.0 -999.0 -999.0 -999.0 -999.0 199.74080980566134 -25.597180842479627 199.76807218071713 -25.740280983550058 79.34824507760095 285.208399096793 -999.0 6231.0 -999.0 -1 -999 {-999.0 -999.0 -999.0 -999.0 -999.0} "" -999.0 -999.0 -999.0 -999.0 -999 -999 "" "" "" "" 0 0 0.0 0.0 -999 ""
FIBERMAP 1258 R-12C12 APOGEE 0 0 0 1 0 0 79.56494221242829 -231.29743824943037 143.1 193.81644678711476 149.19508234311746 144.57947 140.9982 -999.0 -999.0 -999.0 -999.0 -999.0 200.13872478150094 -24.55795538251919 200.16525578727658 -24.70082052658002 79.26705587458406 291.1225709372011 -999.0 16600.0 -999.0 2 -999 {-999.0 -999.0 -999.0 -999.0 -999.0} "" -999.0 -999.0 -999.0 -999.0 -999 -999 "" "" "" "" 0 0 0.0 0.0 -999 ""
FIBERMAP 1258 R-12C12 BOSS 1 1 0 1 0 0 79.37216148134965 -230.54654785475893 143.1 193.16633233415013 148.77282556229042 144.57947 140.9982 200.1365764945029 -24.5591930469004 -4.2742085 -1.4792548 0.09337372 200.13656280097427 -24.55919735733185 200.16313303217473 -24.70208216518655 79.26587959535824 291.1119305931283 5400.0 5400.0 2016.0 1 428 {-999.0 16.106617 15.480974 15.34508 -999.0} sdss_psfmag_ps1 15.929523 15.440877 14.779573 13.458 63050396450270670 1076080678 bright_1x1 mwm_halo_mp_xp_boss_single mwm_halo science 0 0 0.0 0.0 -999 ""
FIBERMAP 1258 R-12C12 METROLOGY 0 0 0 1 0 0 80.08681720244168 -230.76157939525828 143.1 193.14211876349748 149.51870599047308 144.57947 140.9982 -999.0 -999.0 -999.0 -999.0 -999.0 200.1365111168268 -24.55692641036549 200.16306756245228 -24.699806486131063 79.26482445405644 291.1227603588939 -999.0 6231.0 -999.0 -1 -999 {-999.0 -999.0 -999.0 -999.0 -999.0} "" -999.0 -999.0 -999.0 -999.0 -999 -999 "" "" "" "" 0 0 0.0 0.0 -999 ""
FIBERMAP 1259 R+6C4 APOGEE 0 0 0 1 0 0 -135.2687803612393 111.33288697487451 143.1 -62.35484158474145 -163.71289941553698 66.786705 12.61171 -999.0 -999.0 -999.0 -999.0 -999.0 199.2834374947773 -25.506229385615697 199.31008305552677 -25.649727473400038 78.92988455834916 284.89454109708004 -999.0 16600.0 -999.0 2 -999 {-999.0 -999.0 -999.0 -999.0 -999.0} "" -999.0 -999.0 -999.0 -999.0 -999 -999 "" "" "" "" 0 0 0.0 0.0 -999 ""
FIBERMAP 1259 R+6C4 BOSS 1 1 0 1 0 0 -135.37004558146836 110.59237284875306 143.1 -61.62075037794176 -163.57261996993256 66.786705 12.61171 199.2858522497874 -25.505857321243216 -5.733955 -0.65734655 -0.10202191 199.28583373728972 -25.5058592366981 199.31252503048808 -25.6493699159331 78.93182385560708 284.9002778945397 5400.0 5400.0 2016.0 1 39 {-999.0 18.265907 17.683712 17.318525 -999.0} sdss_psfmag_ps1 18.13229 17.660286 17.067366 15.682 63050396450247015 944139340 bright_1x1 openfibertargets_nov2020_6b open_fiber science 0 0 0.0 0.0 -999 ""
FIBERMAP 1259 R+6C4 METROLOGY 0 0 0 1 0 0 -135.9725641673629 111.07953628702407 143.1 -61.89021128607722 -164.29904720758827 66.786705 12.61171 -999.0 -999.0 -999.0 -999.0 -999.0 199.28492985346605 -25.508075471613928 199.31161021548075 -25.65158251173094 78.93182067889633 284.88797797640575 -999.0 6231.0 -999.0 -1 -999 {-999.0 -999.0 -999.0 -999.0 -999.0} "" -999.0 -999.0 -999.0 -999.0 -999 -999 "" "" "" "" 0 0 0.0 0.0 -999 ""
FIBERMAP 1262 R-5C7 APOGEE 0 0 0 1 0 0 -110.13198050037064 -94.39368803976885 143.1 124.59249910779229 -74.25724296841238 131.67302 144.5066 -999.0 -999.0 -999.0 -999.0 -999.0 199.91093473136718 -25.235288106185248 199.93795861301294 -25.3782726616367 79.35827076929226 287.33560663743566 -999.0 16600.0 -999.0 2 293 {-999.0 -999.0 -999.0 -999.0 -999.0} "" -999.0 -999.0 -999.0 -999.0 -999 -999 "" ops_sky_apogee_best_unassigned ops_sky sky_apogee 0 0 0.0 0.0 -999 ""
FIBERMAP 1262 R-5C7 BOSS 1 1 0 1 0 0 -110.18492225942104 -93.63258474338657 143.1 123.88809266965491 -74.55023278952591 131.67302 144.5066 199.9085998535156 -25.236201701774277 -999.0 -999.0 -999.0 199.9085998535156 -25.236201701774284 199.93566340756325 -25.379203623955977 79.35671093995155 287.326654069942 5400.0 5400.0 2015.5 1 482 {-999.0 -999.0 -999.0 -999.0 -999.0} "" -999.0 -999.0 -999.0 -999.0 27021603177278397 814933581 "" ops_sky_boss_good ops_sky sky_boss 0 0 0.0 0.0 -999 ""
FIBERMAP 1262 R-5C7 METROLOGY 0 0 0 1 0 0 -109.52014950149857 -93.95855290718741 143.1 123.98492789807369 -73.81623394875812 131.67302 144.5066 -999.0 -999.0 -999.0 -999.0 -999.0 199.90894798682504 -25.23398789482923 199.93599791267422 -25.376985418422368 79.35614155303377 287.3383762447842 -999.0 6231.0 -999.0 -1 -999 {-999.0 -999.0 -999.0 -999.0 -999.0} "" -999.0 -999.0 -999.0 -999.0 -999 -999 "" "" "" "" 0 0 0.0 0.0 -999 ""
FIBERMAP 1263 R-7C13 APOGEE 0 0 0 1 0 0 68.51823741368194 -123.56395850867675 143.1 95.24183082035839 104.3556111007257 76.31347 81.2606 -999.0 -999.0 -999.0 -999.0 -999.0 199.81170214475026 -24.693671898312655 199.8380442135707 -24.836810403718577 79.05756110883418 289.7888577982949 -999.0 16600.0 -999.0 2 176 {-999.0 -999.0 -999.0 -999.0 -999.0} "" -999.0 -999.0 -999.0 -999.0 -999 -999 "" "" "" "" 0 0 0.0 0.0 -999 ""
FIBERMAP 1263 R-7C13 BOSS 1 1 0 1 0 0 69.227120654338 -123.8449405169773 143.1 95.28196003308574 105.11706132515326 76.31347 81.2606 199.8117757855598 -24.69107842620227 20.554483 -76.00253 17.024797 199.81184170677514 -24.691299891581167 199.8382179808475 -24.834454731028995 79.05671039974268 289.8004595300901 5400.0 5400.0 2016.0 1 419 {-999.0 19.312004 17.766788 15.941966 -999.0} sdss_psfmag_ps1 18.583363 16.6914 15.39296 13.119 63050396450270893 1157706540 bright_1x1 mwm_snc_100pc_bright_boss_single mwm_snc science 0 0 0.0 0.0 -999 ""
FIBERMAP 1263 R-7C13 METROLOGY 0 0 0 1 0 0 68.63527762899878 -124.30247091644958 143.1 95.90437838702078 104.70213970867368 76.31347 81.2606 -999.0 -999.0 -999.0 -999.0 -999.0 199.81393947750533 -24.692549124562778 199.84031232994448 -24.835698332901153 79.05895824891971 289.79874427393645 -999.0 6231.0 -999.0 -1 -999 {-999.0 -999.0 -999.0 -999.0 -999.0} "" -999.0 -999.0 -999.0 -999.0 -999 -999 "" "" "" "" 0 0 0.0 0.0 -999 ""
FIBERMAP 1268 R0C1 APOGEE 0 0 0 1 0 0 -293.99114090646924 15.367908008343942 143.1 79.22869731461888 -283.5178886452423 117.98265 97.40021 -999.0 -999.0 -999.0 -999.0 -999.0 199.75851643850928 -25.866895752491917 199.7860585760203 -26.00993715277044 79.45486107831992 283.8588196495289 -999.0 16600.0 -999.0 2 254 {-999.0 -999.0 -999.0 -999.0 -999.0} "" -999.0 -999.0 -999.0 -999.0 -999 -999 "" ops_sky_apogee_best_unassigned ops_sky sky_apogee 0 0 0.0 0.0 -999 ""
FIBERMAP 1268 R0C1 BOSS 1 1 0 1 0 0 -293.3892262940188 15.776352119882072 143.1 78.6495848041366 -283.077762058444 117.98265 97.40021 199.75655037634291 -25.86552401940553 -8.582994 -3.1377628 2.7941017 199.75652258171826 -25.865533162596435 199.78410219124646 -26.008589364796414 79.45275812412304 283.86262594338524 5400.0 5400.0 2016.0 1 524 {-999.0 22.297665 20.509296 18.905863 -999.0} sdss_psfmag_ps1 20.997515 19.572035 18.26979 15.415 63050396450243013 1096445839 bright_1x1 mwm_bin_vis_boss mwm_filler science 0 0 0.0 0.0 -999 ""
FIBERMAP 1268 R0C1 METROLOGY 0 0 0 1 0 0 -293.312982144188 15.073100161284342 143.1 79.29173137585987 -282.78114507155635 117.98265 97.40021 -999.0 -999.0 -999.0 -999.0 -999.0 199.75870812768042 -25.864700603795278 199.7862781724814 -26.0077514920597 79.45433061525773 283.87045520338626 -999.0 6231.0 -999.0 -1 -999 {-999.0 -999.0 -999.0 -999.0 -999.0} "" -999.0 -999.0 -999.0 -999.0 -999 -999 "" "" "" "" 0 0 0.0 0.0 -999 ""
FIBERMAP 1269 R+7C9 APOGEE 0 0 0 1 0 0 -42.766920285625815 122.23269004013676 143.1 -102.19570658633563 -79.52640304044509 260.82797 90.27099 -999.0 -999.0 -999.0 -999.0 -999.0 199.15033198748358 -25.25086237403409 199.17656946715817 -25.394505578391342 78.72630459569946 285.90347539123536 -999.0 16600.0 -999.0 2 139 {-999.0 -999.0 -999.0 -999.0 -999.0} "" -999.0 -999.0 -999.0 -999.0 -999 -999 "" ops_sky_apogee_best_unassigned ops_sky sky_apogee 0 0 0.0 0.0 -999 ""
FIBERMAP 1269 R+7C9 BOSS 1 1 0 1 0 0 -43.512980369824284 122.34797307374747 143.1 -102.06694246113715 -80.27022228800752 260.82797 90.27099 199.15067283704414 -25.253145635734978 -4.9393826 0.8381445 0.42360902 199.15065692321568 -25.253143193447137 199.17694097917732 -25.396801408209413 78.72745513402677 285.89316832456734 5400.0 5400.0 2016.0 1 136 {-999.0 18.898062 18.507816 18.314196 -999.0} sdss_psfmag_ps1 18.84333 18.474655 17.99283 -999.0 63050396450248221 944648345 bright_1x1 openfibertargets_nov2020_6c open_fiber science 0 0 0.0 0.0 -999 ""
FIBERMAP 1269 R+7C9 METROLOGY 0 0 0 1 0 0 -43.03722125307948 122.9243141324543 143.1 -102.76492293677491 -80.00321774831394 260.82797 90.27099 -999.0 -999.0 -999.0 -999.0 -999.0 199.14832124572078 -25.252336588545003 199.174589703097 -25.395992508357686 78.72518231550285 285.89305540448623 -999.0 6231.0 -999.0 -1 -999 {-999.0 -999.0 -999.0 -999.0 -999.0} "" -999.0 -999.0 -999.0 -999.0 -999 -999 "" "" "" "" 0 0 0.0 0.0 -999 ""
FIBERMAP 1273 R+2C9 APOGEE 1 1 0 1 0 0 -94.82434815217457 46.38369708252495 143.1 -13.705683236453034 -104.66283596521286 82.10721 150.96838 199.44704899553795 -25.32786908393565 -2.6063418 -1.295287 0.5435904 199.44704059318298 -25.327872858299724 199.47367272320372 -25.471251785042814 79.00411174953635 286.0408567584796 16000.0 16600.0 2016.0 2 32 {-999.0 12.534566 11.657353 11.317796 -999.0} sdss_psfmag_from_g3xp 12.264723 11.693313 10.959719 9.46 63050396450247613 1110127037 bright_1x1 mwm_tess_rgb_apogee mwm_tessrgb science 0 0 0.0 0.0 -999 ""
FIBERMAP 1273 R+2C9 BOSS 0 0 0 1 0 0 -94.41235408749193 47.00234813871807 143.1 -14.423417692567684 -104.46975976295829 82.10721 150.96838 -999.0 -999.0 -999.0 -999.0 -999.0 199.44457957707286 -25.32732637611165 199.47125172189487 -25.470722762592825 79.00188377745869 286.0392537095295 -999.0 5400.0 -999.0 1 54 {-999.0 -999.0 -999.0 -999.0 -999.0} "" -999.0 -999.0 -999.0 -999.0 -999 -999 "" "" "" "" 0 0 0.0 0.0 -999 ""
FIBERMAP 1273 R+2C9 METROLOGY 0 0 0 1 0 0 -94.07807561299646 46.32348371673779 143.1 -13.886704594097667 -103.9363844096877 82.10721 150.96838 -999.0 -999.0 -999.0 -999.0 -999.0 199.4463946195151 -25.325726358299296 199.473054818043 -25.469117061015318 79.00281258328447 286.0502061334392 -999.0 6231.0 -999.0 -1 -999 {-999.0 -999.0 -999.0 -999.0 -999.0} "" -999.0 -999.0 -999.0 -999.0 -999 -999 "" "" "" "" 0 0 0.0 0.0 -999 ""
FIBERMAP 1275 R-6C7 APOGEE 0 0 0 1 0 0 -74.44575367487616 -125.79095498243095 143.1 142.96256788898813 -30.42069153429177 2.8146098 76.69193 -999.0 -999.0 -999.0 -999.0 -999.0 199.972141325684 -25.102194433446225 199.9990861290487 -25.245141108910524 79.35746020363804 288.11613304645664 -999.0 16600.0 -999.0 2 246 {-999.0 -999.0 -999.0 -999.0 -999.0} "" -999.0 -999.0 -999.0 -999.0 -999 -999 "" ops_sky_apogee_best_unassigned ops_sky sky_apogee 0 0 0.0 0.0 -999 ""
FIBERMAP 1275 R-6C7 BOSS 1 1 0 1 0 0 -74.57394206411219 -126.52431564363314 143.1 143.69846914286958 -30.30820933141071 2.8146098 76.69193 199.97463272858815 -25.101838965727858 -0.6084615 -1.7679021 1.3925179 199.97463077066334 -25.101844117255386 200.001618270291 -25.244804419069812 79.35943193512037 288.122701819527 5400.0 5400.0 2016.0 1 505 {-999.0 20.517645 20.421106 20.236588 -999.0} sdss_psfmag_ps1 20.421333 20.464237 19.792307 -999.0 63050396450246772 1117337462 bright_1x1 openfibertargets_bhm_quaia_boss open_fiber science 0 0 0.0 0.0 -999 ""
FIBERMAP 1275 R-6C7 METROLOGY 0 0 0 1 0 0 -75.1445894720068 -126.04423996135122 143.1 143.42555733777024 -31.00217106798851 2.8146098 76.69193 -999.0 -999.0 -999.0 -999.0 -999.0 199.97375207828844 -25.103959314067396 200.0007298015812 -25.246915732135793 79.35952633257911 288.1104777776281 -999.0 6231.0 -999.0 -1 -999 {-999.0 -999.0 -999.0 -999.0 -999.0} "" -999.0 -999.0 -999.0 -999.0 -999 -999 "" "" "" "" 0 0 0.0 0.0 -999 ""
FIBERMAP 1278 R+2C4 APOGEE 0 0 0 1 0 0 -195.15800076456912 20.874580355176466 143.1 42.47900867113311 -191.61066032906433 332.84637 65.904144 -999.0 -999.0 -999.0 -999.0 -999.0 199.63549111365788 -25.590914586419387 199.6626037276627 -25.734097558225987 79.25705547895615 285.06098446869294 -999.0 16600.0 -999.0 2 -999 {-999.0 -999.0 -999.0 -999.0 -999.0} "" -999.0 -999.0 -999.0 -999.0 -999 -999 "" "" "" "" 0 0 0.0 0.0 -999 ""
FIBERMAP 1278 R+2C4 BOSS 1 1 0 1 0 0 -195.66867682476672 20.40997749822608 143.1 43.082234652228685 -191.94640377206065 332.84637 65.904144 199.63750015002284 -25.591961151960394 -3.766504 -2.141247 0.049232412 199.63748798084654 -25.59196739138505 199.66464611481652 -25.735162650352546 79.2591510715102 285.05906454367135 5400.0 5400.0 2016.0 1 35 {-999.0 16.356577 15.529952 15.289219 -999.0} sdss_psfmag_ps1 16.16905 15.587663 14.86286 13.276 63050396450244175 1061718689 bright_1x1 manual_mwm_halo_distant_kgiant_near_boss_single mwm_halo science 0 0 0.0 0.0 -999 ""
FIBERMAP 1278 R+2C4 METROLOGY 0 0 0 1 0 0 -195.85812823808396 21.137866772649623 143.1 42.452856169030795 -192.35816724889665 332.84637 65.904144 -999.0 -999.0 -999.0 -999.0 -999.0 199.6353908999529 -25.59324152900955 199.66253623784314 -25.73643444965421 79.2578119689106 285.04911785938725 -999.0 6231.0 -999.0 -1 -999 {-999.0 -999.0 -999.0 -999.0 -999.0} "" -999.0 -999.0 -999.0 -999.0 -999 -999 "" "" "" "" 0 0 0.0 0.0 -999 ""
FIBERMAP 1279 R-5C22 APOGEE 1 1 0 1 0 0 244.41112475544435 -106.61629535489134 143.1 23.064936176106787 265.6422088846876 314.05103 116.67597 199.57086004301524 -24.206972857483414 -48.081245 -0.20183195 2.1049716 199.5707064309814 -24.206973445528813 199.59629252076175 -24.350382263022524 78.64751613825204 291.5569025762774 16000.0 16600.0 2016.0 2 236 {-999.0 12.923343 12.409339 12.217801 -999.0} sdss_psfmag_from_g3xp 12.809198 12.428698 11.877504 10.818 63050396450310477 1118124926 bright_1x1 openfibertargets_mwm_snc_further_ext_apogee_bright open_fiber science 0 0 0.0 0.0 -999 ""
FIBERMAP 1279 R-5C22 BOSS 0 0 0 1 0 0 244.1921965915655 -107.32899629258878 143.1 23.810207209640534 265.66210599025123 314.05103 116.67597 -999.0 -999.0 -999.0 -999.0 -999.0 199.57313441158522 -24.2068984977018 199.59876569802498 -24.350324780122094 78.64950161864037 291.5623215644781 -999.0 5400.0 -999.0 1 346 {-999.0 -999.0 -999.0 -999.0 -999.0} "" -999.0 -999.0 -999.0 -999.0 -999 -999 "" "" "" "" 0 0 0.0 0.0 -999 ""
FIBERMAP 1279 R-5C22 METROLOGY 0 0 0 1 0 0 243.68620855736316 -106.76815294210773 143.1 23.440123523872977 265.003654315026 314.05103 116.67597 -999.0 -999.0 -999.0 -999.0 -999.0 199.57192507073725 -24.208826896743872 199.59754519903822 -24.35224849205111 78.64937573010525 291.5510499984272 -999.0 6231.0 -999.0 -1 -999 {-999.0 -999.0 -999.0 -999.0 -999.0} "" -999.0 -999.0 -999.0 -999.0 -999 -999 "" "" "" "" 0 0 0.0 0.0 -999 ""
FIBERMAP 1282 R+11C4 APOGEE 1 1 0 1 0 0 -112.74699675853996 224.3089064527117 143.1 -176.60725752634406 -178.41210062294385 161.17027 93.26593 198.9005781715038 -25.5483913746474 -2.6312773 -2.161205 0.1469005 198.90056967321772 -25.54839767222842 198.92684808078823 -25.692216102209102 78.61997129597164 284.0811469710869 16000.0 16600.0 2016.0 2 148 {-999.0 14.725385 13.491838 12.951851 -999.0} sdss_psfmag_from_g3xp 14.262815 13.449935 12.5692425 10.554 63050396450242272 1156283899 bright_1x1 mwm_galactic_core_dist_apogee_extra mwm_galactic science 0 0 0.0 0.0 -999 ""
FIBERMAP 1282 R+11C4 BOSS 0 0 0 1 0 0 -112.56495963871028 225.0037980409607 143.1 -177.3238812062071 -178.46127755455763 161.17027 93.26593 -999.0 -999.0 -999.0 -999.0 -999.0 198.89811753687778 -25.54852288714292 198.92443864347092 -25.69235795398759 78.61797540797545 284.07675521095837 -999.0 5400.0 -999.0 1 151 {-999.0 -999.0 -999.0 -999.0 -999.0} "" -999.0 -999.0 -999.0 -999.0 -999 -999 "" "" "" "" 0 0 0.0 0.0 -999 ""
FIBERMAP 1282 R+11C4 METROLOGY 0 0 0 1 0 0 -112.03392269170095 224.49109320493832 143.1 -177.00740975483657 -177.79444482680563 161.17027 93.26593 -999.0 -999.0 -999.0 -999.0 -999.0 198.8991560445459 -25.546557308119866 198.92546346083714 -25.690387615313213 78.61817928157632 284.08773305735843 -999.0 6231.0 -999.0 -1 -999 {-999.0 -999.0 -999.0 -999.0 -999.0} "" -999.0 -999.0 -999.0 -999.0 -999 -999 "" "" "" "" 0 0 0.0 0.0 -999 ""
FIBERMAP 1283 R+3C24 APOGEE 1 1 0 1 0 0 248.79541269708778 52.23645937555846 143.1 -128.87834420611227 219.11793922495642 192.2583 135.9956 199.0661780922017 -24.346422794539794 -14.157877 11.216427 2.344083 199.06613281033805 -24.346390110748906 199.0913539436884 -24.4902153911594 78.29601424634394 289.9169663610088 16000.0 16600.0 2016.0 2 85 {-999.0 11.837748 11.418515 11.282164 -999.0} sdss_psfmag_from_g3xp 11.764004 11.4383 10.950632 10.125 63050396450294483 933744454 bright_1x1 openfibertargets_nov2020_31 open_fiber science 0 0 0.0 0.0 -999 ""
FIBERMAP 1283 R+3C24 BOSS 0 0 0 1 0 0 248.1617218992516 52.61782687419593 143.1 -129.03759747943988 218.3957225072299 192.2583 135.9956 -999.0 -999.0 -999.0 -999.0 -999.0 199.06553506708565 -24.348531218945134 199.0908026078365 -24.492375969453615 78.29648687460123 289.9062829491306 -999.0 5400.0 -999.0 1 258 {-999.0 -999.0 -999.0 -999.0 -999.0} "" -999.0 -999.0 -999.0 -999.0 -999 -999 "" "" "" "" 0 0 0.0 0.0 -999 ""
FIBERMAP 1283 R+3C24 METROLOGY 0 0 0 1 0 0 248.7967709933093 53.00046601442489 143.1 -129.60282564175918 218.87548323360497 192.2583 135.9956 -999.0 -999.0 -999.0 -999.0 -999.0 199.06366126238072 -24.347053629811406 199.0889129096147 -24.490894760807866 78.29429836197647 289.90924731431994 -999.0 6231.0 -999.0 -1 -999 {-999.0 -999.0 -999.0 -999.0 -999.0} "" -999.0 -999.0 -999.0 -999.0 -999 -999 "" "" "" "" 0 0 0.0 0.0 -999 ""
FIBERMAP 1284 R+4C21 APOGEE 0 0 0 1 0 0 206.86870392372123 95.07968258318515 143.1 -156.10481180198633 165.71565467390977 110.774956 74.00163 -999.0 -999.0 -999.0 -999.0 -999.0 198.9744983127533 -24.507202857093958 198.9997902604747 -24.65108625654364 78.28842120528327 289.02504860862894 -999.0 16600.0 -999.0 2 116 {-999.0 -999.0 -999.0 -999.0 -999.0} "" -999.0 -999.0 -999.0 -999.0 -999 -999 "" ops_sky_apogee_best_unassigned ops_sky sky_apogee 0 0 0.0 0.0 -999 ""
FIBERMAP 1284 R+4C21 BOSS 1 1 0 1 0 0 207.608654910697 95.16575670440005 143.1 -156.4224528370531 166.3894447827363 110.774956 74.00163 198.973388671875 -24.50512131620519 -999.0 -999.0 -999.0 198.97338867187497 -24.50512131620519 198.99872180362453 -24.64902438577522 78.28668123831366 289.0322997319202 5400.0 5400.0 2015.5 1 201 {-999.0 -999.0 -999.0 -999.0 -999.0} "" -999.0 -999.0 -999.0 -999.0 27021603177291334 814935737 "" ops_sky_boss_good ops_sky sky_boss 0 0 0.0 0.0 -999 ""
FIBERMAP 1284 R+4C21 METROLOGY 0 0 0 1 0 0 207.30819408045 94.48208981848286 143.1 -155.67868573421617 166.3228106693156 110.774956 74.00163 -999.0 -999.0 -999.0 -999.0 -999.0 198.97584056095454 -24.50530519894199 199.0011638352462 -24.649200936792194 78.28877331199507 289.0360525221554 -999.0 6231.0 -999.0 -1 -999 {-999.0 -999.0 -999.0 -999.0 -999.0} "" -999.0 -999.0 -999.0 -999.0 -999 -999 "" "" "" "" 0 0 0.0 0.0 -999 ""
FIBERMAP 1288 R-12C5 APOGEE 0 0 0 1 0 0 -87.919587549233 -235.6797104854777 143.1 251.40259422972997 -8.131698930503505 246.63338 44.031868 -999.0 -999.0 -999.0 -999.0 -999.0 200.33287800173161 -25.033252115725553 200.3601240119258 -25.175884621513198 79.62879412468021 289.18345681835365 -999.0 16600.0 -999.0 2 -999 {-999.0 -999.0 -999.0 -999.0 -999.0} "" -999.0 -999.0 -999.0 -999.0 -999 -999 "" "" "" "" 0 0 0.0 0.0 -999 ""
FIBERMAP 1288 R-12C5 BOSS 1 1 0 1 0 0 -88.18644986877106 -235.00175651260028 143.1 250.84523599185553 -8.600893618502564 246.63338 44.031868 200.3310685911985 -25.03466175215305 -15.598766 -1.2099503 0.29772615 200.33101842456367 -25.03466527784456 200.35830348160462 -25.17731530522508 79.62787527551016 289.17246374192774 5400.0 5400.0 2016.0 1 427 {-999.0 16.535221 16.152735 16.081738 -999.0} sdss_psfmag_ps1 16.425245 16.136599 15.685115 14.742 63050396450266570 977314253 "" ops_std_boss ops_std standard_boss 0 0 0.0 0.0 -999 ""
FIBERMAP 1288 R-12C5 METROLOGY 0 0 0 1 0 0 -87.44857027056673 -235.09864169437466 143.1 250.7016460905828 -7.870696526703201 246.63338 44.031868 -999.0 -999.0 -999.0 -999.0 -999.0 200.3305891388077 -25.032464039011003 200.35786027681206 -25.175110206807563 79.62660785244461 289.18273036852906 -999.0 6231.0 -999.0 -1 -999 {-999.0 -999.0 -999.0 -999.0 -999.0} "" -999.0 -999.0 -999.0 -999.0 -999 -999 "" "" "" "" 0 0 0.0 0.0 -999 ""
FIBERMAP 1292 R-8C6 APOGEE 0 0 0 1 0 0 -76.7695577154339 -162.07526393933188 143.1 178.09053005103712 -21.047069598126427 342.52676 106.62886 -999.0 -999.0 -999.0 -999.0 -999.0 200.0893108366582 -25.073403402905036 200.1163469144243 -25.21624941185114 79.44334469603427 288.4892461240255 -999.0 16600.0 -999.0 2 -999 {-999.0 -999.0 -999.0 -999.0 -999.0} "" -999.0 -999.0 -999.0 -999.0 -999 -999 "" "" "" "" 0 0 0.0 0.0 -999 ""
FIBERMAP 1292 R-8C6 BOSS 1 1 0 1 0 0 -76.76021653797542 -162.84931049969876 143.1 178.82111282316336 -20.791270664349508 342.52676 106.62886 200.09178415088527 -25.072580572244323 -3.2788854 -10.373774 2.9742782 200.09177360251422 -25.072610800602863 200.11885097325472 -25.21547045358354 79.44511013607686 288.4980861154883 5400.0 5400.0 2016.0 1 363 {-999.0 15.784227 14.676617 14.209599 -999.0} sdss_psfmag_from_g3xp 15.386475 14.672993 13.830638 12.135 63050396450246714 1075965223 bright_1x1 mwm_erosita_stars_boss mwm_erosita science 0 0 0.0 0.0 -999 ""
FIBERMAP 1292 R-8C6 METROLOGY 0 0 0 1 0 0 -77.41780113875029 -162.44846453006448 143.1 178.65102273732893 -21.54234578085357 342.52676 106.62886 -999.0 -999.0 -999.0 -999.0 -999.0 200.09124943617752 -25.074896427453496 200.11831816809138 -25.21775196399407 79.44557988817414 288.48561659935734 -999.0 6231.0 -999.0 -1 -999 {-999.0 -999.0 -999.0 -999.0 -999.0} "" -999.0 -999.0 -999.0 -999.0 -999 -999 "" "" "" "" 0 0 0.0 0.0 -999 ""
FIBERMAP 1293 R+1C5 APOGEE 0 0 0 1 0 0 -180.66559675873964 4.735543940371404 143.1 53.150398866171706 -172.72734451925393 336.2521 78.899315 -999.0 -999.0 -999.0 -999.0 -999.0 199.67137976473347 -25.53387151908397 199.69846982479874 -25.677030127643615 79.26729463053967 285.40866556420184 -999.0 16600.0 -999.0 2 39 {-999.0 -999.0 -999.0 -999.0 -999.0} "" -999.0 -999.0 -999.0 -999.0 -999 -999 "" ops_sky_apogee_best_unassigned ops_sky sky_apogee 0 0 0.0 0.0 -999 ""
FIBERMAP 1293 R+1C5 BOSS 1 1 0 1 0 0 -181.06827750205792 4.123097726379404 143.1 53.85928174558917 -172.91357404775422 336.2521 78.899315 199.6737370143954 -25.534476115220528 0.42781717 -0.1203781 0.15785094 199.67373839596416 -25.534476465992817 199.70087369437792 -25.67764729326661 79.2695394552099 285.40967853605076 5400.0 5400.0 2016.0 1 65 {-999.0 19.572638 19.424416 19.28101 -999.0} sdss_psfmag_ps1 19.698956 19.417534 19.00255 -999.0 63050396450244558 1117337433 bright_1x1 openfibertargets_bhm_quaia_boss open_fiber science 0 0 0.0 0.0 -999 ""
FIBERMAP 1293 R+1C5 METROLOGY 0 0 0 1 0 0 -181.4227324430485 4.763855447614478 143.1 53.365119274119216 -173.45391332107442 336.2521 78.899315 -999.0 -999.0 -999.0 -999.0 -999.0 199.67209681156282 -25.536136531712607 199.69922029476902 -25.679304527455464 79.2687312049298 285.398523824284 -999.0 6231.0 -999.0 -1 -999 {-999.0 -999.0 -999.0 -999.0 -999.0} "" -999.0 -999.0 -999.0 -999.0 -999 -999 "" "" "" "" 0 0 0.0 0.0 -999 ""
FIBERMAP 1294 R+13C4 APOGEE 1 1 0 1 0 0 -81.8415413936228 236.68034527160958 143.1 -198.19151072736977 -153.0699368061763 278.20374 94.78763 198.82871153432214 -25.471354430900274 -10.133864 -3.697848 0.48482636 198.8286788257801 -25.47136520613463 198.85480081811866 -25.615253466196133 78.53272928465566 284.335104171357 16000.0 16600.0 2016.0 2 53 {-999.0 12.556189 11.505048 11.094054 -999.0} sdss_psfmag_from_g3xp 12.197209 11.519169 10.724152 8.938 63050396450242507 1153097369 bright_1x1 mwm_galactic_core_dist_apogee_sparse mwm_galactic science 0 0 0.0 0.0 -999 ""
FIBERMAP 1294 R+13C4 BOSS 0 0 0 1 0 0 -82.58773050643937 236.5903231112215 143.1 -197.8681379734088 -153.74837922436808 278.20374 94.78763 -999.0 -999.0 -999.0 -999.0 -999.0 198.82969188685297 -25.473416897453635 198.85586260360594 -25.61731897664236 78.53433565692751 284.326989216038 -999.0 5400.0 -999.0 1 90 {-999.0 -999.0 -999.0 -999.0 -999.0} "" -999.0 -999.0 -999.0 -999.0 -999 -999 "" "" "" "" 0 0 0.0 0.0 -999 ""
FIBERMAP 1294 R+13C4 METROLOGY 0 0 0 1 0 0 -82.28036006460741 237.2940272470005 143.1 -198.63309874514837 -153.68158942282219 278.20374 94.78763 -999.0 -999.0 -999.0 -999.0 -999.0 198.82711509450917 -25.473224161174702 198.85327001254439 -25.617124209924313 78.53207233995977 284.32388682437505 -999.0 6231.0 -999.0 -1 -999 {-999.0 -999.0 -999.0 -999.0 -999.0} "" -999.0 -999.0 -999.0 -999.0 -999 -999 "" "" "" "" 0 0 0.0 0.0 -999 ""
FIBERMAP 1295 R-12C3 APOGEE 0 0 0 1 0 0 -101.21817381322049 -240.59224008641027 143.1 260.30087854564425 -19.167493253857234 327.09836 115.68631 -999.0 -999.0 -999.0 -999.0 -999.0 200.3625441045267 -25.066480903691055 200.3898573644916 -25.20908255534001 79.66690006217893 289.07584659826597 -999.0 16600.0 -999.0 2 -999 {-999.0 -999.0 -999.0 -999.0 -999.0} "" -999.0 -999.0 -999.0 -999.0 -999 -999 "" "" "" "" 0 0 0.0 0.0 -999 ""
FIBERMAP 1295 R-12C3 BOSS 1 1 0 1 0 0 -101.28735883227955 -241.36800252838188 143.1 261.0581398960391 -18.98556607135867 327.09836 115.68631 200.365456241885 -25.06581849596586 -136.74002 -28.461174 1.530617 200.3650163651251 -25.06590142893667 200.39237053238105 -25.208516714899808 79.66874682690239 289.08388808822195 5400.0 5400.0 2016.0 1 425 {-999.0 17.759064 16.826626 16.50326 -999.0} sdss_psfmag_ps1 17.441124 16.818201 16.066677 14.576 63050396450266508 1073376791 bright_1x1 mwm_halo_local_high_boss_single mwm_halo science 0 0 0.0 0.0 -999 ""
FIBERMAP 1295 R-12C3 METROLOGY 0 0 0 1 0 0 -101.90905830819501 -240.87890510241309 143.1 260.7929654850862 -19.730788019139194 327.09836 115.68631 -999.0 -999.0 -999.0 -999.0 -999.0 200.36421306185426 -25.06816784779737 200.39155819496693 -25.21077918240057 79.66899607752039 289.0706962719428 -999.0 6231.0 -999.0 -1 -999 {-999.0 -999.0 -999.0 -999.0 -999.0} "" -999.0 -999.0 -999.0 -999.0 -999 -999 "" "" "" "" 0 0 0.0 0.0 -999 ""
FIBERMAP 1297 R+11C13 APOGEE 1 1 0 1 0 0 116.74949603196039 213.89211315700427 143.1 -239.95220573540286 42.404725739345515 22.368137 94.9926 198.69305527973916 -24.879122997912997 6.005463 2.9050741 1.8207396 198.69307456930702 -24.879114532754645 198.7184514261125 -25.023188465025285 78.20296545719002 286.8497828956076 16000.0 16600.0 2016.0 2 123 {-999.0 12.127038 11.773609 11.671071 -999.0} sdss_psfmag_from_g3xp 12.0739355 11.789061 11.341285 10.617 63050396450292066 975319326 "" ops_std_apogee ops_std standard_apogee 0 0 0.0 0.0 -999 ""
FIBERMAP 1297 R+11C13 BOSS 0 0 0 1 0 0 117.09505111643318 213.24462865109749 143.1 -239.44882895192296 42.93877669582232 22.368137 94.9926 -999.0 -999.0 -999.0 -999.0 -999.0 198.69468402383592 -24.877485450211164 198.72010715053943 -25.02157555851568 78.20373280963607 286.85988275844016 -999.0 5400.0 -999.0 1 104 {-999.0 -999.0 -999.0 -999.0 -999.0} "" -999.0 -999.0 -999.0 -999.0 -999 -999 "" "" "" "" 0 0 0.0 0.0 -999 ""
FIBERMAP 1297 R+11C13 METROLOGY 0 0 0 1 0 0 116.36180749663195 213.2470836723739 143.1 -239.21722674038963 42.243099441826615 22.368137 94.9926 -999.0 -999.0 -999.0 -999.0 -999.0 198.6954006061389 -24.87959158119564 198.72081366129578 -25.023675962636393 78.2051292871898 286.85159336311347 -999.0 6231.0 -999.0 -1 -999 {-999.0 -999.0 -999.0 -999.0 -999.0} "" -999.0 -999.0 -999.0 -999.0 -999 -999 "" "" "" "" 0 0 0.0 0.0 -999 ""
FIBERMAP 1298 R+9C18 APOGEE 1 1 0 1 0 0 181.40064355973976 162.84315984490036 143.1 -212.19902182672956 119.96082903792043 245.24876 103.977806 198.78735876258233 -24.644928579261506 -36.50214 -12.6488085 2.7498608 198.78724173838665 -24.644965436847606 198.81248011340227 -24.788989260499783 78.18947367886183 288.0664546709826 16000.0 16600.0 2016.0 2 102 {-999.0 12.224224 11.754666 11.596979 -999.0} sdss_psfmag_from_g3xp 12.128135 11.778806 11.261125 10.372 63050396450292599 1076910529 bright_1x1 mwm_snc_ext_filler_apogee mwm_snc science 0 0 0.0 0.0 -999 ""
FIBERMAP 1298 R+9C18 BOSS 0 0 0 1 0 0 180.6866025989557 163.01290968648667 143.1 -212.13209097787689 119.22997756860275 245.24876 103.977806 -999.0 -999.0 -999.0 -999.0 -999.0 198.7873719761726 -24.647143604769905 198.812658756357 -24.791185281270263 78.19050423154576 288.05694675456135 -999.0 5400.0 -999.0 1 176 {-999.0 -999.0 -999.0 -999.0 -999.0} "" -999.0 -999.0 -999.0 -999.0 -999 -999 "" "" "" "" 0 0 0.0 0.0 -999 ""
FIBERMAP 1298 R+9C18 METROLOGY 0 0 0 1 0 0 181.19378414247277 163.55507202410976 143.1 -212.80770511181578 119.5376652373415 245.24876 103.977806 -999.0 -999.0 -999.0 -999.0 -999.0 198.7851174116256 -24.64619253662533 198.8103881004845 -24.790231116492706 78.18823317276286 288.0571712717302 -999.0 6231.0 -999.0 -1 -999 {-999.0 -999.0 -999.0 -999.0 -999.0} "" -999.0 -999.0 -999.0 -999.0 -999 -999 "" "" "" "" 0 0 0.0 0.0 -999 ""
FIBERMAP 1299 R+7C16 APOGEE 1 1 0 1 0 0 118.59170148290676 126.16013805007384 143.1 -157.39645156511406 72.13996711144304 224.29927 136.33842 198.96809782460997 -24.79016245969189 -19.53309 -14.734177 1.7361993 198.9680351292978 -24.79020539390874 198.99360758268222 -24.93405951270782 78.39801658839565 287.7334938257697 16000.0 16600.0 2016.0 2 62 {-999.0 11.664367 10.711452 10.376158 -999.0} sdss_psfmag_from_g3xp 11.353882 10.754435 10.01979 8.525 63050396450289944 1109977739 bright_1x1 mwm_tess_rgb_apogee mwm_tessrgb science 0 0 0.0 0.0 -999 ""
FIBERMAP 1299 R+7C16 BOSS 0 0 0 1 0 0 117.85114465077258 126.18350085166635 143.1 -157.18233047442288 71.43068886606137 224.29927 136.33842 -999.0 -999.0 -999.0 -999.0 -999.0 198.9686243219552 -24.792312094134232 198.99424468996017 -24.93618299305749 78.39938650163693 287.7249296132052 -999.0 5400.0 -999.0 1 209 {-999.0 -999.0 -999.0 -999.0 -999.0} "" -999.0 -999.0 -999.0 -999.0 -999 -999 "" "" "" "" 0 0 0.0 0.0 -999 ""
FIBERMAP 1299 R+7C16 METROLOGY 0 0 0 1 0 0 118.22410324125869 126.80500881958729 143.1 -157.89031882186018 71.58585975156029 224.29927 136.33842 -999.0 -999.0 -999.0 -999.0 -999.0 198.96626116984535 -24.791830469143463 198.9918659668126 -24.935698494802278 78.3972136234867 287.72290432555224 -999.0 6231.0 -999.0 -1 -999 {-999.0 -999.0 -999.0 -999.0 -999.0} "" -999.0 -999.0 -999.0 -999.0 -999 -999 "" "" "" "" 0 0 0.0 0.0 -999 ""
FIBERMAP 1305 R+6C10 APOGEE 0 0 0 1 0 0 -29.57920783667954 95.24175643395728 143.1 -80.82374806733019 -58.41742958004632 334.4951 7.871595 -999.0 -999.0 -999.0 -999.0 -999.0 199.22212260253357 -25.1871010701574 199.24836971710238 -25.33069076559572 78.76312556867751 286.32986204439953 -999.0 16600.0 -999.0 2 -999 {-999.0 -999.0 -999.0 -999.0 -999.0} "" -999.0 -999.0 -999.0 -999.0 -999 -999 "" "" "" "" 0 0 0.0 0.0 -999 ""
FIBERMAP 1305 R+6C10 BOSS 1 1 0 1 0 0 -30.284351587775213 95.46806328115521 143.1 -80.81325472140847 -59.15789272037386 334.4951 7.871595 199.22205721597416 -25.18936438763497 0.24223557 -0.20736879 0.8296577 199.2220579960058 -25.18936499189129 199.24835086160655 -25.332970215979973 78.76395617263869 286.31896798724887 5400.0 5400.0 2016.0 1 133 {-999.0 20.250502 19.958912 20.043926 -999.0} sdss_psfmag_ps1 19.969574 19.793533 19.295115 -999.0 63050396450248261 1117337494 bright_1x1 openfibertargets_bhm_quaia_boss open_fiber science 0 0 0.0 0.0 -999 ""
FIBERMAP 1305 R+6C10 METROLOGY 0 0 0 1 0 0 -29.74570290743403 95.97098726724023 143.1 -81.46172177244775 -58.80786536239978 334.4951 7.871595 -999.0 -999.0 -999.0 -999.0 -999.0 199.21989108111782 -25.188305657611842 199.24616846548213 -25.33190845159232 78.76173037178208 286.32026931059727 -999.0 6231.0 -999.0 -1 -999 {-999.0 -999.0 -999.0 -999.0 -999.0} "" -999.0 -999.0 -999.0 -999.0 -999 -999 "" "" "" "" 0 0 0.0 0.0 -999 ""
FIBERMAP 1307 R+1C13 APOGEE 0 0 0 1 0 0 7.460904890455499 20.03287801933173 143.1 -21.36540641042119 0.6795428328158836 41.10748 70.247086 -999.0 -999.0 -999.0 -999.0 -999.0 199.42180037610083 -25.008135342995907 199.44807033489099 -25.151575287716767 78.86207862137327 287.5377594304452 -999.0 16600.0 -999.0 2 11 {-999.0 -999.0 -999.0 -999.0 -999.0} "" -999.0 -999.0 -999.0 -999.0 -999 -999 "" ops_sky_apogee_best_unassigned ops_sky sky_apogee 0 0 0.0 0.0 -999 ""
FIBERMAP 1307 R+1C13 BOSS 1 1 0 1 0 0 7.754222479977212 19.34185351568473 143.1 -20.804101348866855 1.17797907487035 41.10748 70.247086 199.42367708192378 -25.00659287685867 -15.829538 -4.866523 1.6197267 199.4236261847462 -25.006607057514017 199.44993888554004 -25.150061921028122 78.86304766702887 287.54838454949515 5400.0 5400.0 2016.0 1 13 {-999.0 21.452799 19.938807 18.747053 -999.0} sdss_psfmag_ps1 20.828335 19.44366 18.314457 16.041 63050396450249915 1096484678 bright_1x1 mwm_bin_vis_boss mwm_filler science 0 0 0.0 0.0 -999 ""
FIBERMAP 1307 R+1C13 METROLOGY 0 0 0 1 0 0 7.011176205737698 19.43274109777171 143.1 -20.653179190604927 0.44479896250460765 41.10748 70.247086 -999.0 -999.0 -999.0 -999.0 -999.0 199.42413835186068 -25.008839260244056 199.45044227408312 -25.152288870948365 78.86433411318055 287.53868185490506 -999.0 6231.0 -999.0 -1 -999 {-999.0 -999.0 -999.0 -999.0 -999.0} "" -999.0 -999.0 -999.0 -999.0 -999 -999 "" "" "" "" 0 0 0.0 0.0 -999 ""
FIBERMAP 1310 R+2C13 APOGEE 0 0 0 1 0 0 -18.20979040650613 51.18804949177759 143.1 -42.70132561111264 -33.58806602611955 219.25421 21.498434 -999.0 -999.0 -999.0 -999.0 -999.0 199.35009412331397 -25.11207138573878 199.3763976964724 -25.255560440377966 78.84219000864296 286.9123101973366 -999.0 16600.0 -999.0 2 -999 {-999.0 -999.0 -999.0 -999.0 -999.0} "" -999.0 -999.0 -999.0 -999.0 -999 -999 "" "" "" "" 0 0 0.0 0.0 -999 ""
FIBERMAP 1310 R+2C13 BOSS 1 1 0 1 0 0 -17.852418961092535 51.8521148713039 143.1 -43.44467275002428 -33.46124427172881 219.25421 21.498434 199.34748971325902 -25.111627422341346 13.049826 -20.448755 8.647331 199.34753170874123 -25.111687008397254 199.3738729575844 -25.25519370432272 78.83993843063921 286.90958297755293 5400.0 5400.0 2016.0 1 110 {-999.0 16.224615 14.797683 13.775344 -999.0} sdss_psfmag_from_g3xp 15.64986 14.442118 13.352754 11.29 63050396450248515 1075965226 bright_1x1 mwm_erosita_stars_boss mwm_erosita science 0 0 0.0 0.0 -999 ""
FIBERMAP 1310 R+2C13 METROLOGY 0 0 0 1 0 0 -17.462302411030887 51.21561601888022 143.1 -42.96592362921569 -32.888467257267486 219.25421 21.498434 -999.0 -999.0 -999.0 -999.0 -999.0 199.34914658343564 -25.109957463002658 199.37547796069305 -25.253459109197514 78.84062239279436 286.92072209947986 -999.0 6231.0 -999.0 -1 -999 {-999.0 -999.0 -999.0 -999.0 -999.0} "" -999.0 -999.0 -999.0 -999.0 -999 -999 "" "" "" "" 0 0 0.0 0.0 -999 ""
FIBERMAP 1311 R-8C9 APOGEE 0 0 0 1 1 0 -34.35537539819661 -142.5163921583431 143.1 146.02309357899495 12.908872211889738 165.38031 80.84281 -999.0 -999.0 -999.0 -999.0 -999.0 199.98200306580583 -24.97075042856139 200.00881673383367 -25.11370447921544 79.31299121937076 288.78617441692586 -999.0 16600.0 -999.0 2 -999 {-999.0 -999.0 -999.0 -999.0 -999.0} "" -999.0 -999.0 -999.0 -999.0 -999 -999 "" "" "" "" 0 0 0.0 0.0 -999 ""
FIBERMAP 1311 R-8C9 BOSS 0 0 0 1 1 0 -34.05143833533205 -141.83947924635186 143.1 145.28461817588988 12.98095548625371 165.38031 80.84281 -999.0 -999.0 -999.0 -999.0 -999.0 199.97956924947593 -24.970514737797284 200.00642101402923 -25.113487368048396 79.31091986802883 288.7825083757507 -999.0 5400.0 -999.0 1 387 {-999.0 -999.0 -999.0 -999.0 -999.0} "" -999.0 -999.0 -999.0 -999.0 -999 -999 "" "" "" "" 0 0 0.0 0.0 -999 ""
FIBERMAP 1311 R-8C9 METROLOGY 0 0 0 1 1 0 -33.61203019580653 -142.43310874535018 143.1 145.7070144281107 13.586769341946859 165.38031 80.84281 -999.0 -999.0 -999.0 -999.0 -999.0 199.98100282004543 -24.96867706973784 200.00784250998765 -25.111644013048824 79.3113501256439 288.79440591290154 -999.0 6231.0 -999.0 -1 -999 {-999.0 -999.0 -999.0 -999.0 -999.0} "" -999.0 -999.0 -999.0 -999.0 -999 -999 "" "" "" "" 0 0 0.0 0.0 -999 ""
FIBERMAP 1313 R+6C17 APOGEE 0 0 0 1 0 0 156.15818805391018 112.85257210619456 143.1 -156.76983351273293 111.98722864135758 65.9998 19.60262 -999.0 -999.0 -999.0 -999.0 -999.0 198.9709825186735 -24.669562860410295 198.99643575555956 -24.813429378515615 78.3521585141386 288.28734792471465 -999.0 16600.0 -999.0 2 63 {-999.0 -999.0 -999.0 -999.0 -999.0} "" -999.0 -999.0 -999.0 -999.0 -999 -999 "" ops_sky_apogee_best_unassigned ops_sky sky_apogee 0 0 0.0 0.0 -999 ""
FIBERMAP 1313 R+6C17 BOSS 1 1 0 1 0 0 156.01510308167082 112.10699937360995 143.1 -156.01760639479673 112.08948942441025 65.9998 19.60262 198.973388671875 -24.669206871056147 -999.0 -999.0 -999.0 198.973388671875 -24.66920687105615 198.99888849879528 -24.813089259333285 78.35405768265592 288.29334459205137 5400.0 5400.0 2015.5 1 215 {-999.0 -999.0 -999.0 -999.0 -999.0} "" -999.0 -999.0 -999.0 -999.0 27021603177290273 814935585 "" ops_sky_boss_good ops_sky sky_boss 0 0 0.0 0.0 -999 ""
FIBERMAP 1313 R+6C17 METROLOGY 0 0 0 1 0 0 155.45599534006755 112.61160901065367 143.1 -156.31745052990283 111.39863667599458 65.9998 19.60262 -999.0 -999.0 -999.0 -999.0 -999.0 198.9723657790273 -24.6712851887635 198.99785411605058 -24.815163120609835 78.35403652803289 288.28206758384977 -999.0 6231.0 -999.0 -1 -999 {-999.0 -999.0 -999.0 -999.0 -999.0} "" -999.0 -999.0 -999.0 -999.0 -999 -999 "" "" "" "" 0 0 0.0 0.0 -999 ""
FIBERMAP 1315 R+3C7 APOGEE 0 0 0 1 0 0 -139.07666966956546 60.89650274597998 143.1 -13.341504144847878 -151.2307656598496 190.94464 93.54671 -999.0 -999.0 -999.0 -999.0 -999.0 199.44809361740482 -25.468880795758263 199.47487592334176 -25.61224158031802 79.05584148852043 285.3515988332062 -999.0 16600.0 -999.0 2 26 {-999.0 -999.0 -999.0 -999.0 -999.0} "" -999.0 -999.0 -999.0 -999.0 -999 -999 "" ops_sky_apogee_best_unassigned ops_sky sky_apogee 0 0 0.0 0.0 -999 ""
FIBERMAP 1315 R+3C7 BOSS 1 1 0 1 0 0 -139.28400962917286 61.60760181951667 143.1 -13.949263541937128 -151.65412546232372 190.94464 93.54671 199.44602324444358 -25.47018184355354 -6.935959 -9.672452 0.30211148 199.44600085782835 -25.470210028314863 199.47282519439915 -25.613587121022128 79.05458864427395 285.3415222431035 5400.0 5400.0 2016.0 1 44 {-999.0 18.10204 17.75113 17.536589 -999.0} sdss_psfmag_ps1 17.921583 17.619421 17.169722 -999.0 63050396450247058 944648285 bright_1x1 openfibertargets_nov2020_6c open_fiber science 0 0 0.0 0.0 -999 ""
FIBERMAP 1315 R+3C7 METROLOGY 0 0 0 1 0 0 -138.55979688491357 61.43913306743237 143.1 -14.020653611129694 -150.91404291677043 190.94464 93.54671 -999.0 -999.0 -999.0 -999.0 -999.0 199.44577394136977 -25.467992119480083 199.47258365664595 -25.611365548296874 79.05359816754483 285.3520574710449 -999.0 6231.0 -999.0 -1 -999 {-999.0 -999.0 -999.0 -999.0 -999.0} "" -999.0 -999.0 -999.0 -999.0 -999 -999 "" "" "" "" 0 0 0.0 0.0 -999 ""
FIBERMAP 1319 R0C9 APOGEE 1 1 0 1 0 0 -114.73668276005299 9.614763654526328 143.1 27.49287666350299 -111.80323034506962 79.03085 142.16924 199.58538301923 -25.349590776619802 -9.156578 -2.9437048 0.1905371 199.58535349484671 -25.34959935434086 199.61215540687792 -25.49285560459836 79.12836111716787 286.1759542313432 16000.0 16600.0 2016.0 2 276 {-999.0 13.022226 11.866815 11.385765 -999.0} sdss_psfmag_from_g3xp 12.607208 11.854243 11.009421 9.094 63050396450247481 1156283910 bright_1x1 mwm_galactic_core_dist_apogee_extra mwm_galactic science 0 0 0.0 0.0 -999 ""
FIBERMAP 1319 R0C9 BOSS 0 0 0 1 0 0 -114.18227321276815 10.092968032605436 143.1 26.862808117757865 -111.43038006605215 79.03085 142.16924 -999.0 -999.0 -999.0 -999.0 -999.0 199.5832120501873 -25.34851353788206 199.61005312657312 -25.491786897117887 79.12620383142807 286.1775394441171 -999.0 5400.0 -999.0 1 449 {-999.0 -999.0 -999.0 -999.0 -999.0} "" -999.0 -999.0 -999.0 -999.0 -999 -999 "" "" "" "" 0 0 0.0 0.0 -999 ""
FIBERMAP 1319 R0C9 METROLOGY 0 0 0 1 0 0 -114.02964140996077 9.361902617689529 143.1 27.50694329194938 -111.05249719275535 79.03085 142.16924 -999.0 -999.0 -999.0 -999.0 -999.0 199.58539101582346 -25.347383621818494 199.61222116351166 -25.49065094650786 79.12760828693962 286.1869447633818 -999.0 6231.0 -999.0 -1 -999 {-999.0 -999.0 -999.0 -999.0 -999.0} "" -999.0 -999.0 -999.0 -999.0 -999 -999 "" "" "" "" 0 0 0.0 0.0 -999 ""
FIBERMAP 1320 R+5C8 APOGEE 0 0 0 1 0 0 -70.03674020315692 100.0952166301559 143.1 -72.51608243811384 -98.30739363760429 337.08362 151.77332 -999.0 -999.0 -999.0 -999.0 -999.0 199.2496890899252 -25.308155674359988 199.2760914481819 -25.451706951718556 78.8308423690121 285.7977774812245 -999.0 16600.0 -999.0 2 -999 {-999.0 -999.0 -999.0 -999.0 -999.0} "" -999.0 -999.0 -999.0 -999.0 -999 -999 "" "" "" "" 0 0 0.0 0.0 -999 ""
FIBERMAP 1320 R+5C8 BOSS 1 1 0 1 0 0 -69.55619596515501 99.54483051445015 143.1 -72.14779165222873 -97.6763912166736 337.08362 151.77332 199.2508636532229 -25.306280941175665 -6.2723103 -0.46381435 0.07464361 199.2508434360808 -25.306282292692753 199.277288670089 -25.449848170433565 78.83117542776131 285.80874457046076 5400.0 5400.0 2016.0 1 67 {-999.0 16.659939 15.911796 15.617602 -999.0} sdss_psfmag_ps1 16.389374 15.930611 15.300079 13.986 63050396450248010 1076076613 bright_1x1 mwm_halo_mp_xp_boss_single mwm_halo science 0 0 0.0 0.0 -999 ""
FIBERMAP 1320 R+5C8 METROLOGY 0 0 0 1 0 0 -70.29669774452354 99.39384633317812 143.1 -71.76845971707661 -98.3299948666026 337.08362 151.77332 -999.0 -999.0 -999.0 -999.0 -999.0 199.25211639843513 -25.30828166001065 199.27855277342474 -25.451841847899853 78.83296237572507 285.8012907062491 -999.0 6231.0 -999.0 -1 -999 {-999.0 -999.0 -999.0 -999.0 -999.0} "" -999.0 -999.0 -999.0 -999.0 -999 -999 "" "" "" "" 0 0 0.0 0.0 -999 ""
FIBERMAP 1321 R-6C21 APOGEE 0 0 0 1 0 0 213.72440929540628 -115.53557394203318 143.1 41.307796406960385 239.40599193058912 151.31876 138.26064 -999.0 -999.0 -999.0 -999.0 -999.0 199.63129455978535 -24.285809995702238 199.65702424251606 -24.429156547966915 78.73228904783956 291.32444610365815 -999.0 16600.0 -999.0 2 195 {-999.0 -999.0 -999.0 -999.0 -999.0} "" -999.0 -999.0 -999.0 -999.0 -999 -999 "" ops_sky_apogee_best_unassigned ops_sky sky_apogee 0 0 0.0 0.0 -999 ""
FIBERMAP 1321 R-6C21 BOSS 1 1 0 1 0 0 213.46329085434112 -114.82421965698622 143.1 40.71695225068074 238.93158491056295 151.31876 138.26064 199.62928031686917 -24.287170088702496 5.577963 -6.5096 0.30651063 199.62929814882614 -24.287189057163474 199.65506910363138 -24.430556236805238 78.73132141475656 291.3139688666266 5400.0 5400.0 2016.0 1 268 {-999.0 18.490677 18.160706 18.058287 -999.0} sdss_psfmag_ps1 18.478045 18.147318 17.695963 -999.0 63050396450310259 944649076 bright_1x1 openfibertargets_nov2020_6c open_fiber science 0 0 0.0 0.0 -999 ""
FIBERMAP 1321 R-6C21 METROLOGY 0 0 0 1 0 0 214.1948682635485 -114.94918492765358 143.1 40.601984418578624 239.66476789802064 151.31876 138.26064 -999.0 -999.0 -999.0 -999.0 -999.0 199.62893266996565 -24.28495109637656 199.65468917602323 -24.42831349250998 78.73001032316523 291.3234468463062 -999.0 6231.0 -999.0 -1 -999 {-999.0 -999.0 -999.0 -999.0 -999.0} "" -999.0 -999.0 -999.0 -999.0 -999 -999 "" "" "" "" 0 0 0.0 0.0 -999 ""
FIBERMAP 1322 R+4C3 APOGEE 0 0 0 1 0 0 -186.18705467094193 77.52840997216593 143.1 -14.073778581820628 -201.18334148627363 17.568056 98.51061 -999.0 -999.0 -999.0 -999.0 -999.0 199.4454639602434 -25.619738434638997 199.47240310187283 -25.763083010672045 79.10627353072003 284.60099304246694 -999.0 16600.0 -999.0 2 20 {-999.0 -999.0 -999.0 -999.0 -999.0} "" -999.0 -999.0 -999.0 -999.0 -999 -999 "" ops_sky_apogee_best_unassigned ops_sky sky_apogee 0 0 0.0 0.0 -999 ""
FIBERMAP 1322 R+4C3 BOSS 1 1 0 1 0 0 -185.87346892101482 76.87145673594793 143.1 -13.551229025752926 -200.67656699001225 17.568056 98.51061 199.44717407226562 -25.618254191642976 -999.0 -999.0 -999.0 199.4471740722656 -25.618254191642972 199.47415646745438 -25.761611597152264 79.10725376933902 284.611168721981 5400.0 5400.0 2015.5 1 29 {-999.0 -999.0 -999.0 -999.0 -999.0} "" -999.0 -999.0 -999.0 -999.0 27021603177277848 814933468 "" ops_sky_boss_good ops_sky sky_boss 0 0 0.0 0.0 -999 ""
FIBERMAP 1322 R+4C3 METROLOGY 0 0 0 1 0 0 -186.5951174768706 76.90419158742894 143.1 -13.352022176557805 -201.37091587881642 17.568056 98.51061 -999.0 -999.0 -999.0 -999.0 -999.0 199.4478513176356 -25.62038020142724 199.47482456096304 -25.763732751197452 79.10854497833431 284.6017107255018 -999.0 6231.0 -999.0 -1 -999 {-999.0 -999.0 -999.0 -999.0 -999.0} "" -999.0 -999.0 -999.0 -999.0 -999 -999 "" "" "" "" 0 0 0.0 0.0 -999 ""
FIBERMAP 1327 R+4C12 APOGEE 0 0 0 1 0 0 7.482524718514918 64.17457770478335 143.1 -63.205335025061444 -13.382622158298211 316.26404 98.331696 -999.0 -999.0 -999.0 -999.0 -999.0 199.2815230706822 -25.050576188584856 199.30769063252865 -25.194131702526363 78.76130639204074 287.0826727744137 -999.0 16600.0 -999.0 2 -999 {-999.0 -999.0 -999.0 -999.0 -999.0} "" -999.0 -999.0 -999.0 -999.0 -999 -999 "" "" "" "" 0 0 0.0 0.0 -999 ""
FIBERMAP 1327 R+4C12 BOSS 1 1 0 1 0 0 7.083685971169954 63.56641204508486 143.1 -62.50173454444441 -13.566576269841379 316.26404 98.331696 199.28376277918053 -25.051031259229266 10.09886 -34.928444 10.35431 199.28379526212424 -25.051133037959495 199.31000628991964 -25.194702035997626 78.76346050208872 287.0840865705348 5400.0 5400.0 2016.0 1 120 {-999.0 20.887707 19.29121 17.445608 -999.0} sdss_psfmag_ps1 20.171429 17.97058 16.604744 13.814 63050396450248729 1157819425 bright_1x1 mwm_snc_100pc_bright_boss_single mwm_snc science 0 0 0.0 0.0 -999 ""
FIBERMAP 1327 R+4C12 METROLOGY 0 0 0 1 0 0 6.7364631972678115 64.22834036199583 143.1 -63.018267660980655 -14.106815744198588 316.26404 98.331696 -999.0 -999.0 -999.0 -999.0 -999.0 199.28206391534158 -25.052774450222653 199.30826550548738 -25.1963409185068 78.76263271949168 287.0732222997857 -999.0 6231.0 -999.0 -1 -999 {-999.0 -999.0 -999.0 -999.0 -999.0} "" -999.0 -999.0 -999.0 -999.0 -999 -999 "" "" "" "" 0 0 0.0 0.0 -999 ""
FIBERMAP 1337 R-5C21 APOGEE 0 0 0 1 0 0 200.6964882967069 -82.20217400838139 143.1 13.874112099199067 216.424997249121 173.95944 63.674717 -999.0 -999.0 -999.0 -999.0 -999.0 199.5401986345524 -24.354871843265425 199.565908490948 -24.498289228915393 78.68856819879905 290.82015923241175 -999.0 16600.0 -999.0 2 -999 {-999.0 -999.0 -999.0 -999.0 -999.0} "" -999.0 -999.0 -999.0 -999.0 -999 -999 "" "" "" "" 0 0 0.0 0.0 -999 ""
FIBERMAP 1337 R-5C21 BOSS 1 1 0 1 0 0 201.06158298186415 -81.60326513006686 143.1 13.190049723938905 216.57992537469974 173.95944 63.674717 199.53790498874807 -24.35433694221219 -6.0287533 -0.30225226 0.09559033 199.53788570546686 -24.35433782295025 199.5636349277472 -24.497776131061602 78.68648437702699 290.8178737665921 5400.0 5400.0 2016.0 1 277 {-999.0 16.105825 15.349996 14.839806 -999.0} sdss_psfmag_ps1 15.786009 15.242218 14.542353 12.989 63050396450310133 1061718728 bright_1x1 manual_mwm_halo_distant_kgiant_near_boss_single mwm_halo science 0 0 0.0 0.0 -999 ""
FIBERMAP 1337 R-5C21 METROLOGY 0 0 0 1 0 0 201.44415503104742 -82.22437020527796 143.1 13.656617126103045 217.14064135427475 173.95944 63.674717 -999.0 -999.0 -999.0 -999.0 -999.0 199.53945141754582 -24.35262414159459 199.56518852717488 -24.49605596805954 78.68699807835023 290.8289174216212 -999.0 6231.0 -999.0 -1 -999 {-999.0 -999.0 -999.0 -999.0 -999.0} "" -999.0 -999.0 -999.0 -999.0 -999 -999 "" "" "" "" 0 0 0.0 0.0 -999 ""
FIBERMAP 1343 R+6C1 APOGEE 0 0 0 1 0 0 -231.69533612384575 108.5143374168239 143.1 -28.920462972147796 -254.19701044177512 207.79189 133.45813 -999.0 -999.0 -999.0 -999.0 -999.0 199.39542384457036 -25.779157696541468 199.42247792616752 -25.9225259736354 79.11739958811 283.7259948218909 -999.0 16600.0 -999.0 2 50 {-999.0 -999.0 -999.0 -999.0 -999.0} "" -999.0 -999.0 -999.0 -999.0 -999 -999 "" ops_sky_apogee_best_unassigned ops_sky sky_apogee 0 0 0.0 0.0 -999 ""
FIBERMAP 1343 R+6C1 BOSS 1 1 0 1 0 0 -232.41039267827028 108.76199038328092 143.1 -28.92703680528097 -254.95367804702278 207.79189 133.45813 199.39532472778276 -25.781414277330835 9.496996 -4.3870625 1.5544394 199.39535546041253 -25.781427060882248 199.422454665813 -25.924808530036145 79.11812922494138 283.7145382456603 5400.0 5400.0 2016.0 1 87 {-999.0 17.754297 16.41864 15.975004 -999.0} sdss_psfmag_ps1 17.189938 16.458096 15.578316 13.872 63050396450238798 1096678105 bright_1x1 mwm_bin_vis_boss mwm_filler science 0 0 0.0 0.0 -999 ""
FIBERMAP 1343 R+6C1 METROLOGY 0 0 0 1 0 0 -231.87478962331144 109.24825309103858 143.1 -29.55874232992432 -254.60122152845224 207.79189 133.45813 -999.0 -999.0 -999.0 -999.0 -999.0 199.39324032461695 -25.780412880421775 199.42032440535684 -25.92379258765067 79.11598595460028 283.7162903786673 -999.0 6231.0 -999.0 -1 -999 {-999.0 -999.0 -999.0 -999.0 -999.0} "" -999.0 -999.0 -999.0 -999.0 -999 -999 "" "" "" "" 0 0 0.0 0.0 -999 ""
FIBERMAP 1344 R-6C18 APOGEE 0 0 0 1 0 0 138.561805409943 -112.2811349457737 143.1 62.202911646971465 167.13621724790244 208.7265 68.4669 -999.0 -999.0 -999.0 -999.0 -999.0 199.7011337389722 -24.503690636625006 199.72716229207992 -24.64694946704432 78.88537770070843 290.46119746981424 -999.0 16600.0 -999.0 2 -999 {-999.0 -999.0 -999.0 -999.0 -999.0} "" -999.0 -999.0 -999.0 -999.0 -999 -999 "" "" "" "" 0 0 0.0 0.0 -999 ""
FIBERMAP 1344 R-6C18 BOSS 1 1 0 1 0 0 138.48772252628498 -111.60858105231688 143.1 61.58916807651949 166.85144218262255 208.7265 68.4669 199.69909910433512 -24.50447100707859 -7.7475486 -0.2596014 0.038262952 199.6990742938844 -24.504471763534628 199.7251432891018 -24.647750534825885 78.88407026561521 290.4533315695784 5400.0 5400.0 2016.0 1 314 {-999.0 18.038883 17.625961 17.43463 -999.0} sdss_psfmag_ps1 18.010904 17.643118 17.116789 16.088 63050396450309313 944649023 bright_1x1 openfibertargets_nov2020_6c open_fiber science 0 0 0.0 0.0 -999 ""
FIBERMAP 1344 R-6C18 METROLOGY 0 0 0 1 0 0 139.15878636043706 -111.8304555014418 143.1 61.58534676716409 167.5581937493713 208.7265 68.4669 -999.0 -999.0 -999.0 -999.0 -999.0 199.6990774862225 -24.50232097000033 199.72513245915218 -24.645594842658934 78.88312818606835 290.46338830359844 -999.0 6231.0 -999.0 -1 -999 {-999.0 -999.0 -999.0 -999.0 -999.0} "" -999.0 -999.0 -999.0 -999.0 -999 -999 "" "" "" "" 0 0 0.0 0.0 -999 ""
FIBERMAP 1352 R+7C11 APOGEE 0 0 0 1 0 0 21.069044917581834 133.2425282205918 143.1 -132.99548840247186 -22.541642642291578 319.8649 140.01811 -999.0 -999.0 -999.0 -999.0 -999.0 199.04786764653403 -25.077611484182583 199.07381816064822 -25.221363017471784 78.57586444577579 286.54577558058054 -999.0 16600.0 -999.0 2 141 {-999.0 -999.0 -999.0 -999.0 -999.0} "" -999.0 -999.0 -999.0 -999.0 -999 -999 "" ops_sky_apogee_best_unassigned ops_sky sky_apogee 0 0 0.0 0.0 -999 ""
FIBERMAP 1352 R+7C11 BOSS 1 1 0 1 0 0 21.216419730827237 132.5097262909292 143.1 -132.34803038294234 -22.168187805820995 319.8649 140.01811 199.05044466368983 -25.07644925171106 -162.50775 -11.240996 2.5573773 199.04992184996976 -25.076482006173187 199.0759169468177 -25.220248032444076 78.57720449066164 286.55459737196026 5400.0 5400.0 2016.0 1 141 {-999.0 20.184855 18.781496 17.528643 -999.0} sdss_psfmag_ps1 19.593767 18.364876 17.251678 15.251 63050396450288581 1072830252 bright_1x1 mwm_halo_local_high_boss_single mwm_halo science 0 0 0.0 0.0 -999 ""
FIBERMAP 1352 R+7C11 METROLOGY 0 0 0 1 0 0 20.502433277978923 132.7648357659867 143.1 -132.36201213714375 -22.926220148698786 319.8649 140.01811 -999.0 -999.0 -999.0 -999.0 -999.0 199.04986203256507 -25.078788365828288 199.075847654903 -25.222549737353997 78.57801193599478 286.54370897399286 -999.0 6231.0 -999.0 -1 -999 {-999.0 -999.0 -999.0 -999.0 -999.0} "" -999.0 -999.0 -999.0 -999.0 -999 -999 "" "" "" "" 0 0 0.0 0.0 -999 ""
FIBERMAP 1360 R-3C11 APOGEE 1 1 0 1 0 0 -50.011400411028674 -71.91489256767208 143.1 84.10893149045701 -24.452522797381995 284.35977 35.633373 199.7749072773856 -25.084428951698698 -10.154901 -18.609207 1.8043606 199.77522089523833 -25.084483177458665 199.80194024263977 -25.227605716159285 79.1865807638655 287.8263715416371 16000.0 16600.0 2016.0 2 151 {-999.0 9.366895 8.149155 7.6367207 -999.0} sdss_psfmag_from_g3xp 8.914243 8.126331 7.261554 5.38 63050396450248992 1156283912 bright_1x1 mwm_galactic_core_dist_apogee_extra mwm_galactic science 0 0 1.1290653944015503 0.0 -999 ""
FIBERMAP 1360 R-3C11 BOSS 0 0 0 1 0 0 -50.60536621262844 -71.44158874658116 143.1 83.8498767039321 -25.166422898784422 284.35977 35.633373 -999.0 -999.0 -999.0 -999.0 -999.0 199.77436717289658 -25.086649526028943 199.80113019004466 -25.22978870886733 79.18676026295375 287.8141349015494 -999.0 5400.0 -999.0 1 432 {-999.0 -999.0 -999.0 -999.0 -999.0} "" -999.0 -999.0 -999.0 -999.0 -999 -999 "" "" "" "" 0 0 0.0 0.0 -999 ""
FIBERMAP 1360 R-3C11 METROLOGY 0 0 0 1 0 0 -49.894806544895594 -71.16751351015101 143.1 83.36344405490875 -24.580465444182476 284.35977 35.633373 -999.0 -999.0 -999.0 -999.0 -999.0 199.77275646162187 -25.084879453347924 199.79950410045637 -25.228015733599953 79.1847129938422 287.8197650867656 -999.0 6231.0 -999.0 -1 -999 {-999.0 -999.0 -999.0 -999.0 -999.0} "" -999.0 -999.0 -999.0 -999.0 -999 -999 "" "" "" "" 0 0 0.0 0.0 -999 ""
FIBERMAP 1361 R+12C3 APOGEE 0 0 0 1 1 0 -126.72439778126213 230.8465775474861 143.1 -178.34374922992828 -193.7441974401483 202.10748 104.14976 -999.0 -999.0 -999.0 -999.0 -999.0 198.89469129055138 -25.59453988692237 198.92101101464675 -25.738357633975514 78.63051395081476 283.8518266647822 -999.0 16600.0 -999.0 2 -999 {-999.0 -999.0 -999.0 -999.0 -999.0} "" -999.0 -999.0 -999.0 -999.0 -999 -999 "" "" "" "" 0 0 0.0 0.0 -999 ""
FIBERMAP 1361 R+12C3 BOSS 1 0 0 1 1 0 -127.16968796386843 231.4355974516761 143.1 -178.75990040995532 -194.35411508803284 202.10748 104.14976 198.860637245486 -25.605466433915264 -8.27197 -4.171214 2.178377 198.89325214839732 -25.596351038916698 198.91961731728554 -25.74018417358569 78.62994053786801 283.8409668115528 5400.0 5400.0 2016.0 1 99 {-999.0 16.155682 15.278492 14.955175 -999.0} sdss_psfmag_ps1 15.805146 15.181215 14.415592 12.836 63050396450242224 1096588736 bright_1x1 mwm_bin_vis_boss mwm_filler science 0 0 0.0 0.0 -999 ""
FIBERMAP 1361 R+12C3 METROLOGY 0 0 0 1 1 0 -126.4103133246162 231.52543627423972 143.1 -179.08730603152034 -193.66311827285145 202.10748 104.14976 -999.0 -999.0 -999.0 -999.0 -999.0 198.8921368245911 -25.594301213780664 198.91848589229164 -25.73813146383252 78.62829443480484 283.8490545528396 -999.0 6231.0 -999.0 -1 -999 {-999.0 -999.0 -999.0 -999.0 -999.0} "" -999.0 -999.0 -999.0 -999.0 -999 -999 "" "" "" "" 0 0 0.0 0.0 -999 ""
FIBERMAP 1366 R+3C11 APOGEE 0 0 0 1 0 0 -32.22051986458638 49.407333952127324 143.1 -36.54386029127529 -46.29790921975903 237.27481 151.48872 -999.0 -999.0 -999.0 -999.0 -999.0 199.3706668141072 -25.150695024310245 199.3970323989737 -25.29416163065289 78.87407174571433 286.763961763605 -999.0 16600.0 -999.0 2 12 {-999.0 -999.0 -999.0 -999.0 -999.0} "" -999.0 -999.0 -999.0 -999.0 -999 -999 "" ops_sky_apogee_best_unassigned ops_sky sky_apogee 0 0 0.0 0.0 -999 ""
FIBERMAP 1366 R+3C11 BOSS 1 1 0 1 0 0 -32.8708213704186 49.025327410226 143.1 -35.97436562053896 -46.792326456538945 237.27481 151.48872 199.37250869099162 -25.15213228694098 -0.76661533 -27.606106 0.8233498 199.37250622313758 -25.152212728958368 199.39891822471407 -25.295693404735363 78.8762286697426 286.75994288560724 5400.0 5400.0 2016.0 1 14 {-999.0 17.720963 16.817665 16.51378 -999.0} sdss_psfmag_ps1 17.428793 16.86455 16.160961 14.582 63050396450248422 1072830234 bright_1x1 mwm_halo_local_high_boss_single mwm_halo science 0 0 0.0 0.0 -999 ""
FIBERMAP 1366 R+3C11 METROLOGY 0 0 0 1 0 0 -32.87607992043691 49.76570364266811 143.1 -36.674341559273195 -47.03351434755332 237.27481 151.48872 -999.0 -999.0 -999.0 -999.0 -999.0 199.37016550565662 -25.15294887894578 199.3965638827849 -25.296427037388554 78.87453386382782 286.75226069021744 -999.0 6231.0 -999.0 -1 -999 {-999.0 -999.0 -999.0 -999.0 -999.0} "" -999.0 -999.0 -999.0 -999.0 -999 -999 "" "" "" "" 0 0 0.0 0.0 -999 ""
FIBERMAP 1367 R-10C9 APOGEE 0 0 0 1 0 0 11.208859714547273 -187.2682576535889 143.1 173.89788843476074 70.36735539440484 32.35904 116.955925 -999.0 -999.0 -999.0 -999.0 -999.0 200.07415844181074 -24.796400325143573 200.10087986853307 -24.939293826843976 79.31697231030488 289.8287046723685 -999.0 16600.0 -999.0 2 -999 {-999.0 -999.0 -999.0 -999.0 -999.0} "" -999.0 -999.0 -999.0 -999.0 -999 -999 "" "" "" "" 0 0 0.0 0.0 -999 ""
FIBERMAP 1367 R-10C9 BOSS 1 1 0 1 0 0 11.854013566540207 -187.6526079907358 143.1 174.05631144894076 71.1013872571879 32.35904 116.955925 200.07471966051637 -24.794121239918546 -7.595084 -5.0754795 0.15775086 200.0746952818211 -24.794136029463992 200.10145518595735 -24.937046344161303 79.31650005804975 289.84088724127207 5400.0 5400.0 2016.0 1 404 {-999.0 14.995247 14.01873 13.624259 -999.0} sdss_psfmag_from_g3xp 14.674569 14.030599 13.259847 11.57 63050396450270075 1061626059 bright_1x1 manual_mwm_halo_distant_kgiant_near_boss_single mwm_halo science 0 0 0.0 0.0 -999 ""
FIBERMAP 1367 R-10C9 METROLOGY 0 0 0 1 0 0 11.202961915249213 -188.016230535958 143.1 174.6086229510935 70.60039400892309 32.35904 116.955925 -999.0 -999.0 -999.0 -999.0 -999.0 200.07657676727223 -24.795646103544748 200.10332887110508 -24.93854973924482 79.31867386562332 289.8373863596797 -999.0 6231.0 -999.0 -1 -999 {-999.0 -999.0 -999.0 -999.0 -999.0} "" -999.0 -999.0 -999.0 -999.0 -999 -999 "" "" "" "" 0 0 0.0 0.0 -999 ""
FIBERMAP 1371 R-4C4 APOGEE 0 0 0 1 0 0 -191.4878816699493 -76.0245155054366 143.1 133.13926664016995 -157.2184945444444 165.16147 123.02026 -999.0 -999.0 -999.0 -999.0 -999.0 199.93968762512185 -25.486258998394224 199.96701289175758 -25.629187318974576 79.47615895946062 286.1211052555407 -999.0 16600.0 -999.0 2 -999 {-999.0 -999.0 -999.0 -999.0 -999.0} "" -999.0 -999.0 -999.0 -999.0 -999 -999 "" "" "" "" 0 0 0.0 0.0 -999 ""
FIBERMAP 1371 R-4C4 BOSS 1 1 0 1 0 0 -191.7414141167897 -75.29856837317729 143.1 132.53217267996342 -157.69036792588233 165.16147 123.02026 199.9377489903102 -25.48770497138598 -30.224667 -4.8888497 0.75382566 199.9376514224707 -25.48771921707668 199.96501699901663 -25.630663562977016 79.47501804772811 286.109998483137 5400.0 5400.0 2016.0 1 493 {-999.0 15.043861 14.4358425 14.206757 -999.0} sdss_psfmag_from_g3xp 14.891865 14.463551 13.863229 12.713 63050396450245268 1072580419 bright_1x1 mwm_halo_local_high_boss_single mwm_halo science 0 0 0.0 0.0 -999 ""
FIBERMAP 1371 R-4C4 METROLOGY 0 0 0 1 0 0 -191.0102471439695 -75.44887371023043 143.1 132.44135053840864 -156.94948959381028 165.16147 123.02026 -999.0 -999.0 -999.0 -999.0 -999.0 199.93737987270234 -25.48550888376109 199.96473137921112 -25.628449707534102 79.47397447641757 286.120779382922 -999.0 6231.0 -999.0 -1 -999 {-999.0 -999.0 -999.0 -999.0 -999.0} "" -999.0 -999.0 -999.0 -999.0 -999 -999 "" "" "" "" 0 0 0.0 0.0 -999 ""
FIBERMAP 1375 R+7C1 APOGEE 0 0 0 1 0 0 -223.85159263435415 144.69612715953255 143.1 -65.71231005045865 -258.3066859654727 146.17221 110.65478 -999.0 -999.0 -999.0 -999.0 -999.0 199.2718605558041 -25.79109388368152 199.29879318051928 -25.93456701541412 79.01620673027512 283.4743377374166 -999.0 16600.0 -999.0 2 49 {-999.0 -999.0 -999.0 -999.0 -999.0} "" -999.0 -999.0 -999.0 -999.0 -999 -999 "" ops_sky_apogee_best_unassigned ops_sky sky_apogee 0 0 0.0 0.0 -999 ""
FIBERMAP 1375 R+7C1 BOSS 1 1 0 1 0 0 -223.6900329354536 145.42922101121465 143.1 -66.45860499471216 -258.3874571007282 146.17221 110.65478 199.26936031341148 -25.791292865584172 -14.98583 -6.345292 0.486196 199.2693118146688 -25.79131135525739 199.29628547245065 -25.934800145048236 79.01414998340731 283.4693324913924 5400.0 5400.0 2016.0 1 36 {-999.0 16.505335 15.800155 15.517023 -999.0} sdss_psfmag_ps1 16.275501 15.949441 15.456413 14.639 63050396450238898 981922357 "" ops_std_boss_tic ops_std standard_boss 0 0 0.0 0.0 -999 ""
FIBERMAP 1375 R+7C1 METROLOGY 0 0 0 1 0 0 -223.13797392283166 144.92232201798075 143.1 -66.1543424633463 -257.7025540436438 146.17221 110.65478 -999.0 -999.0 -999.0 -999.0 -999.0 199.2703329262539 -25.789312614366985 199.29729338398772 -25.932796979875956 79.01435558534027 283.48081957986767 -999.0 6231.0 -999.0 -1 -999 {-999.0 -999.0 -999.0 -999.0 -999.0} "" -999.0 -999.0 -999.0 -999.0 -999 -999 "" "" "" "" 0 0 0.0 0.0 -999 ""
FIBERMAP 1377 R-3C22 APOGEE 0 0 0 1 0 0 204.6078192047796 -60.07055733099029 143.1 -8.34783534800874 213.0710467897254 143.30498 156.1342 -999.0 -999.0 -999.0 -999.0 -999.0 199.46631180650795 -24.364910224765186 199.4919574453387 -24.508390440971155 78.63250926858582 290.62400554139924 -999.0 16600.0 -999.0 2 202 {-999.0 -999.0 -999.0 -999.0 -999.0} "" -999.0 -999.0 -999.0 -999.0 -999 -999 "" ops_sky_apogee_best_unassigned ops_sky sky_apogee 0 0 0.0 0.0 -999 ""
FIBERMAP 1377 R-3C22 BOSS 1 1 0 1 0 0 204.2553601780799 -59.434961820594914 143.1 -8.837742361310468 212.5342459568229 143.30498 156.1342 199.46467438597512 -24.366468562429997 -12.040941 3.6566467 0.39572638 199.4646358687087 -24.366457907244648 199.49032386668304 -24.509958187309397 78.63185720856363 290.61355656752727 5400.0 5400.0 2016.0 1 285 {-999.0 17.059668 16.576187 16.478596 -999.0} sdss_psfmag_ps1 16.947468 16.617628 16.115452 15.2 63050396450310163 980435825 "" ops_std_boss_tic ops_std standard_boss 0 0 0.0 0.0 -999 ""
FIBERMAP 1377 R-3C22 METROLOGY 0 0 0 1 0 0 204.98123929813957 -59.43191944739735 143.1 -9.072204928766666 213.2211900343724 143.30498 156.1342 -999.0 -999.0 -999.0 -999.0 -999.0 199.46386998341123 -24.364362554406867 199.4895431363169 -24.507858453580067 78.63030083570983 290.6215636042968 -999.0 6231.0 -999.0 -1 -999 {-999.0 -999.0 -999.0 -999.0 -999.0} "" -999.0 -999.0 -999.0 -999.0 -999 -999 "" "" "" "" 0 0 0.0 0.0 -999 ""
FIBERMAP 1379 R-4C9 APOGEE 0 0 0 1 0 0 -67.37781717633591 -67.76415925297704 143.1 85.71574509637716 -42.23487374937133 59.561447 143.54568 -999.0 -999.0 -999.0 -999.0 -999.0 199.78065109450225 -25.138445032845897 199.80743428382584 -25.281556324365496 79.21215786058839 287.5714960263313 -999.0 16600.0 -999.0 2 292 {-999.0 -999.0 -999.0 -999.0 -999.0} "" -999.0 -999.0 -999.0 -999.0 -999 -999 "" ops_sky_apogee_best_unassigned ops_sky sky_apogee 0 0 0.0 0.0 -999 ""
FIBERMAP 1379 R-4C9 BOSS 1 1 0 1 0 0 -66.67495453200772 -67.52288475233601 143.1 85.26285326548039 -41.64574624023096 59.561447 143.54568 199.77920156314323 -25.136651819697256 -17.588415 -5.339512 0.577472 199.7791449505088 -25.136667378603427 199.80596610199473 -25.27979599698384 79.21025222809587 287.5774198127546 5400.0 5400.0 2016.0 1 480 {-999.0 17.113375 16.162933 15.927668 -999.0} sdss_psfmag_ps1 16.733356 16.266092 15.647807 14.602 63050396450248929 1072947513 bright_1x1 mwm_halo_local_high_boss_single mwm_halo science 0 0 0.0 0.0 -999 ""
FIBERMAP 1379 R-4C9 METROLOGY 0 0 0 1 0 0 -66.82972871977049 -68.26689502980078 143.1 86.01732889096336 -41.55506178604742 59.561447 143.54568 -999.0 -999.0 -999.0 -999.0 -999.0 199.78169269822658 -25.13639663550927 199.8085046478593 -25.279518606728516 79.2122609559445 287.58353592257157 -999.0 6231.0 -999.0 -1 -999 {-999.0 -999.0 -999.0 -999.0 -999.0} "" -999.0 -999.0 -999.0 -999.0 -999 -999 "" "" "" "" 0 0 0.0 0.0 -999 ""
FIBERMAP 1385 R-13C3 APOGEE 1 1 0 1 0 0 -95.6059464995272 -265.80765797523185 143.1 282.4070120617859 -5.804245081366696 302.69727 106.69082 200.4354774472365 -25.025648571476978 -10.448755 -7.7446985 1.3155953 200.43544384583126 -25.025671138914547 200.46278765950777 -25.168211755749486 79.71037262430622 289.4351352976182 16000.0 16600.0 2016.0 2 156 {-999.0 12.599781 12.307902 12.22332 -999.0} sdss_psfmag_from_g3xp 12.568467 12.308971 11.894754 11.221 63050396450266542 1164931611 bright_1x1 openfibertargets_mwm_rvscnn24_apogee open_fiber science 0 0 0.0 0.0 -999 ""
FIBERMAP 1385 R-13C3 BOSS 0 0 0 1 0 0 -96.09672640355122 -266.3940166311577 143.1 283.11927832642726 -6.082288858555886 302.69727 106.69082 -999.0 -999.0 -999.0 -999.0 -999.0 200.4377360278211 -25.026481712241935 200.46512273934627 -25.169036292157273 79.71263795339985 289.4358044962769 -999.0 5400.0 -999.0 1 437 {-999.0 -999.0 -999.0 -999.0 -999.0} "" -999.0 -999.0 -999.0 -999.0 -999 -999 "" "" "" "" 0 0 0.0 0.0 -999 ""
FIBERMAP 1385 R-13C3 METROLOGY 0 0 0 1 0 0 -96.34369454382868 -265.6714230377248 143.1 282.51326828088787 -6.54687136604416 302.69727 106.69082 -999.0 -999.0 -999.0 -999.0 -999.0 200.43581751954756 -25.02790267199282 200.463192700818 -25.170454267091166 79.71163045218523 289.4245405093069 -999.0 6231.0 -999.0 -1 -999 {-999.0 -999.0 -999.0 -999.0 -999.0} "" -999.0 -999.0 -999.0 -999.0 -999 -999 "" "" "" "" 0 0 0.0 0.0 -999 ""
FIBERMAP 1386 R-3C2 APOGEE 0 0 0 1 0 0 -245.78891593915827 -75.50101048119926 143.1 149.96695757103626 -208.84652916939754 293.04102 52.07529 -999.0 -999.0 -999.0 -999.0 -999.0 199.99594055106434 -25.641642531364553 200.02349468694229 -25.784501894091584 79.57918093104107 285.4230210311795 -999.0 16600.0 -999.0 2 -999 {-999.0 -999.0 -999.0 -999.0 -999.0} "" -999.0 -999.0 -999.0 -999.0 -999 -999 "" "" "" "" 0 0 0.0 0.0 -999 ""
FIBERMAP 1386 R-3C2 BOSS 1 1 0 1 0 0 -246.50531754262545 -75.31502431414982 143.1 150.0192543980994 -209.58479773856018 293.04102 52.07529 199.99611843706035 -25.64386580523745 -12.20444 2.8256838 0.26236555 199.99607898867754 -25.643857571412084 200.0236765496359 -25.786730372806943 79.58011730890134 285.41180387724233 5400.0 5400.0 2016.0 1 514 {-999.0 18.216925 17.701426 17.553188 -999.0} sdss_psfmag_ps1 18.068584 17.754189 17.284393 15.841 63050396450243653 976173797 "" ops_std_boss ops_std standard_boss 0 0 0.0 0.0 -999 ""
FIBERMAP 1386 R-3C2 METROLOGY 0 0 0 1 0 0 -245.9760239637377 -74.7767944886017 143.1 149.34031263414627 -209.2548999220641 293.04102 52.07529 -999.0 -999.0 -999.0 -999.0 -999.0 199.99384920339205 -25.642919453934912 200.02143187782121 -25.785790447650783 79.57789472478255 285.41274368191273 -999.0 6231.0 -999.0 -1 -999 {-999.0 -999.0 -999.0 -999.0 -999.0} "" -999.0 -999.0 -999.0 -999.0 -999 -999 "" "" "" "" 0 0 0.0 0.0 -999 ""
FIBERMAP 1389 R+2C3 APOGEE 0 0 0 1 0 0 -230.9356355775182 43.88423148330372 143.1 32.08703460441771 -232.85791366984947 92.51268 157.45312 -999.0 -999.0 -999.0 -999.0 -999.0 199.6004519949082 -25.715197033989014 199.62765980175584 -25.85839533200646 79.27011172724639 284.376292927697 -999.0 16600.0 -999.0 2 37 {-999.0 -999.0 -999.0 -999.0 -999.0} "" -999.0 -999.0 -999.0 -999.0 -999 -999 "" ops_sky_apogee_best_unassigned ops_sky sky_apogee 0 0 0.0 0.0 -999 ""
FIBERMAP 1389 R+2C3 BOSS 1 1 0 1 0 0 -230.71696388191765 44.5783500915846 143.1 31.3594558420348 -232.87212545578637 92.51268 157.45312 199.59796066448655 -25.715238789257143 2.9749584 -7.3850217 0.26005647 199.5979702862013 -25.7152603086282 199.62521785919816 -25.858474454592866 79.26806988947997 284.3719111958479 5400.0 5400.0 2016.0 1 61 {-999.0 18.368141 17.98209 17.832872 17.778315} sdss_psfmag_from_lsdr8 18.304472 17.976673 17.5109 16.628 63050396450243344 908992406 "" ops_std_boss_lsdr10 ops_std standard_boss 0 0 0.0 0.0 -999 ""
FIBERMAP 1389 R+2C3 METROLOGY 0 0 0 1 0 0 -230.2086340877401 44.01977020771371 143.1 31.726647344994742 -232.21217661798588 92.51268 157.45312 -999.0 -999.0 -999.0 -999.0 -999.0 199.59922379015507 -25.713315984485455 199.62645872611267 -25.856525415239265 79.26846324390064 284.38378755020153 -999.0 6231.0 -999.0 -1 -999 {-999.0 -999.0 -999.0 -999.0 -999.0} "" -999.0 -999.0 -999.0 -999.0 -999 -999 "" "" "" "" 0 0 0.0 0.0 -999 ""
FIBERMAP 1390 R+5C10 APOGEE 0 0 0 1 0 0 -40.8826069897809 81.69505242159013 143.1 -64.37939824348656 -64.80780205675639 272.70963 85.606094 -999.0 -999.0 -999.0 -999.0 -999.0 199.27720194594707 -25.206652784223742 199.3035275265329 -25.35019290047479 78.81665363987443 286.33190246919054 -999.0 16600.0 -999.0 2 138 {-999.0 -999.0 -999.0 -999.0 -999.0} "" -999.0 -999.0 -999.0 -999.0 -999 -999 "" ops_sky_apogee_best_unassigned ops_sky sky_apogee 0 0 0.0 0.0 -999 ""
FIBERMAP 1390 R+5C10 BOSS 1 1 0 1 0 0 -41.62610246800208 81.70109011302543 143.1 -64.14792064375466 -65.51433797321509 272.70963 85.606094 199.2779040616793 -25.20881031619642 -4.7742987 -3.486921 0.019700617 199.27788868532843 -25.208820476808917 199.30426074242553 -25.352375460504675 78.8180786796681 286.32271907531424 5400.0 5400.0 2016.0 1 134 {-999.0 17.939701 17.541546 17.383095 17.318546} sdss_psfmag_from_gaia 17.8581 17.5547 17.0376 15.796 63050396450248404 968938218 "" ops_std_boss_gdr2 ops_std standard_boss 0 0 0.0 0.0 -999 ""
FIBERMAP 1390 R+5C10 METROLOGY 0 0 0 1 0 0 -41.23273536453196 82.3576541350587 143.1 -64.89564255482196 -65.35101000089645 272.70963 85.606094 -999.0 -999.0 -999.0 -999.0 -999.0 199.27538800516336 -25.208328150999822 199.30174464505876 -25.35188088769238 78.8157835789699 286.3207389773811 -999.0 6231.0 -999.0 -1 -999 {-999.0 -999.0 -999.0 -999.0 -999.0} "" -999.0 -999.0 -999.0 -999.0 -999 -999 "" "" "" "" 0 0 0.0 0.0 -999 ""
FIBERMAP 1394 R+6C7 APOGEE 1 1 0 1 0 0 -92.12443375085846 125.11887567921384 143.1 -89.1842707252859 -127.22324227930555 64.27831 151.74431 199.19382776140773 -25.395538294688052 -70.35116 1.9119968 4.617494 199.1936008355416 -25.39553272310579 199.22003330523324 -25.53912093146671 78.8149776360527 285.28318877045535 16000.0 16600.0 2016.0 2 41 {-999.0 13.233502 12.488199 12.239221 -999.0} sdss_psfmag_from_g3xp 13.024384 12.536749 11.883659 10.624 63050396450247888 1094044982 bright_1x1 mwm_bin_vis_apogee mwm_filler science 0 0 0.0 0.0 -999 ""
FIBERMAP 1394 R+6C7 BOSS 0 0 0 1 0 0 -91.51885522250801 125.5590810622582 143.1 -89.79465226100272 -126.78977629446833 64.27831 151.74431 -999.0 -999.0 -999.0 -999.0 -999.0 199.1914688599745 -25.39425061528428 199.21794304389505 -25.53785621788349 78.8127654573612 285.28583293414 -999.0 5400.0 -999.0 1 68 {-999.0 -999.0 -999.0 -999.0 -999.0} "" -999.0 -999.0 -999.0 -999.0 -999 -999 "" "" "" "" 0 0 0.0 0.0 -999 ""
FIBERMAP 1394 R+6C7 METROLOGY 0 0 0 1 0 0 -91.45221335239582 124.80269668228057 143.1 -89.09908871982496 -126.48530838552686 64.27831 151.74431 -999.0 -999.0 -999.0 -999.0 -999.0 199.19380453532935 -25.39335764743009 199.22026781704494 -25.53695709918282 78.81440728225678 285.29400417563613 -999.0 6231.0 -999.0 -1 -999 {-999.0 -999.0 -999.0 -999.0 -999.0} "" -999.0 -999.0 -999.0 -999.0 -999 -999 "" "" "" "" 0 0 0.0 0.0 -999 ""
FIBERMAP 1397 R-3C19 APOGEE 0 0 0 1 0 0 152.9101162877157 -38.93238044081848 143.1 -11.887190366401168 157.3334275224362 126.48 47.405582 -999.0 -999.0 -999.0 -999.0 -999.0 199.45426803397305 -24.533134480835763 199.48007608118178 -24.67660451973312 78.69523765001463 289.8280538738777 -999.0 16600.0 -999.0 2 -999 {-999.0 -999.0 -999.0 -999.0 -999.0} "" -999.0 -999.0 -999.0 -999.0 -999 -999 "" "" "" "" 0 0 0.0 0.0 -999 ""
FIBERMAP 1397 R-3C19 BOSS 1 1 0 1 0 0 153.6452553222232 -39.01118247640897 143.1 -12.047043311750555 158.05525826718767 126.48 47.405582 199.45372897997456 -24.5308245771374 -11.554722 -14.699241 4.892648 199.45369196980332 -24.530867409562173 199.4795383453843 -24.674356055468643 78.69384017630502 289.83737820723553 5400.0 5400.0 2016.0 1 305 {-999.0 16.217175 14.809037 14.161331 -999.0} sdss_psfmag_from_g3xp 15.641813 14.731793 13.767483 11.844 63050396450291071 1096089078 bright_1x1 mwm_bin_vis_boss mwm_filler science 0 0 0.0 0.0 -999 ""
FIBERMAP 1397 R-3C19 METROLOGY 0 0 0 1 0 0 153.2112232361922 -39.61709411993937 143.1 -11.334351126721446 157.83723236921094 126.48 47.405582 -999.0 -999.0 -999.0 -999.0 -999.0 199.4560761165495 -24.531515575547083 199.48191492758497 -24.674997301497157 78.69606752838997 289.8390977376803 -999.0 6231.0 -999.0 -1 -999 {-999.0 -999.0 -999.0 -999.0 -999.0} "" -999.0 -999.0 -999.0 -999.0 -999 -999 "" "" "" "" 0 0 0.0 0.0 -999 ""
FIBERMAP 1399 R+5C21 APOGEE 0 0 1 1 0 0 213.74986809322223 104.76710048201521 143.1 -167.48088280068535 169.14632003538088 10.015881 170.06752 -999.0 -999.0 -999.0 -999.0 -999.0 198.93686139464688 -24.496794111818733 198.96210437529373 -24.640710554005278 78.2529534377681 289.00148488193804 -999.0 16600.0 -999.0 2 -999 {-999.0 -999.0 -999.0 -999.0 -999.0} "" -999.0 -999.0 -999.0 -999.0 -999 -999 "" "" "" "" 0 0 0.0 0.0 -999 ""
FIBERMAP 1399 R+5C21 BOSS 1 0 1 1 0 0 214.47286720694308 104.7861070182375 143.1 -167.72955576785478 169.82544164159643 10.015881 170.06752 198.95319327126737 -24.527380094123032 0.4490565 -0.17948468 0.15785022 198.93598921824255 -24.49470526712759 198.96127382886402 -24.63864123058276 78.25140713657417 289.00918974656884 5400.0 5400.0 2016.0 1 247 {-999.0 20.014378 19.828352 19.532778 -999.0} sdss_psfmag_ps1 19.90002 19.644459 19.187717 -999.0 63050396450293902 1117337578 bright_1x1 openfibertargets_bhm_quaia_boss open_fiber science 0 0 0.0 0.0 -999 ""
FIBERMAP 1399 R+5C21 METROLOGY 0 0 1 1 0 0 214.12398509052224 104.11938550679284 143.1 -166.98639979136394 169.70751260665725 10.015881 170.06752 -999.0 -999.0 -999.0 -999.0 -999.0 198.9384314892868 -24.495041213202548 198.96370627711462 -24.638969823068663 78.25355477834364 289.01223357899096 -999.0 6231.0 -999.0 -1 -999 {-999.0 -999.0 -999.0 -999.0 -999.0} "" -999.0 -999.0 -999.0 -999.0 -999 -999 "" "" "" "" 0 0 0.0 0.0 -999 ""
FIBERMAP 1401 R-2C6 APOGEE 0 0 0 1 0 0 -143.9184504938362 -26.551114283819665 143.1 71.07717571313394 -127.92064893635973 76.691 78.319214 -999.0 -999.0 -999.0 -999.0 -999.0 199.73163209776922 -25.398285717814137 199.75864130960838 -25.541408187024125 79.2691558205312 286.19305775049907 -999.0 16600.0 -999.0 2 -999 {-999.0 -999.0 -999.0 -999.0 -999.0} "" -999.0 -999.0 -999.0 -999.0 -999 -999 "" "" "" "" 0 0 0.0 0.0 -999 ""
FIBERMAP 1401 R-2C6 BOSS 1 1 0 1 0 0 -143.2347361294135 -26.846995265768527 143.1 71.1394543630952 -127.17829796044909 76.691 78.319214 199.73187149627898 -25.396087586531475 -11.047233 2.2131357 0.2923721 199.73183586197968 -25.39608113762405 199.75888470229478 -25.5392185451883 79.26855941970479 286.2044340570877 5400.0 5400.0 2016.0 1 470 {-999.0 18.383574 17.945604 17.786013 -999.0} sdss_psfmag_ps1 18.271519 17.938248 17.480125 16.367 63050396450244911 944648312 bright_1x1 openfibertargets_nov2020_6c open_fiber science 0 0 0.0 0.0 -999 ""
FIBERMAP 1401 R-2C6 METROLOGY 0 0 0 1 0 0 -143.84052930197444 -27.295040694598946 143.1 71.75733437853376 -127.60946613084998 76.691 78.319214 -999.0 -999.0 -999.0 -999.0 -999.0 199.73392939933578 -25.397400850865772 199.76097014192294 -25.54053206530673 79.27079110062235 286.2015649884699 -999.0 6231.0 -999.0 -1 -999 {-999.0 -999.0 -999.0 -999.0 -999.0} "" -999.0 -999.0 -999.0 -999.0 -999 -999 "" "" "" "" 0 0 0.0 0.0 -999 ""
