#%yanny
#
# confSummaryF-10022613.par
#
# Created by pydl.pydlutils.yanny.yanny
#
# 2026-06-26 07:21:54 UTC
#
configuration_id 10022613
robostrategy_run iota-1
fps_calibrations_version 2025.12.04+ccda1c9
jaeger_version 1.11.1
coordio_version 1.18.1
kaiju_version 1.4.1
design_id 743273
field_id 109910
focal_scale 0.9999692
instruments BOSS APOGEE
epoch 2461217.809919402
obstime Fri Jun 26 07:21:54 2026
MJD 61217
observatory LCO
temperature 13.214209418012025
raCen 269.429778491949
decCen -29.5042126170315
pa 269.9052
is_dithered 0
parent_configuration -999
dither_radius -999.0
cloned_from -999
rotator_angle 180.16
fvc_centroid_method flex
fvc_rms 0.01461
fvc_90_perc 0.0125
fvc_percent_reached 38.2
fvc_image_path /data/fcam/61217/proc-fimg-fvc1s-0047.fits

typedef enum {
    BOSS,
    APOGEE,
    METROLOGY,
    NONE
} FIBERTYPE;

typedef struct {
    short positionerId;
    char holeId[28];
    FIBERTYPE fiberType;
    short assigned;
    short on_target;
    short disabled;
    short valid;
    short decollided;
    short too;
    double xwok;
    double ywok;
    double zwok;
    double xFocal;
    double yFocal;
    float alpha;
    float beta;
    double racat;
    double deccat;
    float pmra;
    float pmdec;
    float parallax;
    double ra;
    double dec;
    double ra_observed;
    double dec_observed;
    double alt_observed;
    double az_observed;
    float lambda_design;
    float lambda_eff;
    float coord_epoch;
    short spectrographId;
    short fiberId;
    float mag[5];
    char optical_prov[120];
    float bp_mag;
    float gaia_g_mag;
    float rp_mag;
    float h_mag;
    long catalogid;
    long carton_to_target_pk;
    char cadence[400];
    char firstcarton[400];
    char program[400];
    char category[400];
    long sdssv_boss_target0;
    long sdssv_apogee_target0;
    double delta_ra;
    double delta_dec;
    long too_id;
    char too_program[80];
} FIBERMAP;

FIBERMAP 4 R+1C12 APOGEE 0 0 0 1 0 0 -33.19658514601142 5.440778898377037 143.1 -5.385679447417778 -33.20451913272651 278.7295 110.92124 -999.0 -999.0 -999.0 -999.0 -999.0 269.4107464418033 -29.605023844641153 269.5125340689116 -29.609995671076753 50.74339435329169 257.6339996679857 -999.0 16600.0 -999.0 2 -999 {-999.0 -999.0 -999.0 -999.0 -999.0} "" -999.0 -999.0 -999.0 -999.0 -999 -999 "" "" "" "" 0 0 0.0 0.0 -999 ""
FIBERMAP 4 R+1C12 BOSS 1 1 0 1 0 0 -33.8367493831262 5.0741089562640855 143.1 -5.017962135823562 -33.84405611364545 278.7295 110.92124 269.41158518727303 -29.60695892295867 -0.16805245 -1.5834006 0.2193669 269.41182215958884 -29.606958148593087 269.5138142739155 -29.611959227860204 50.744853560915594 257.6312784658062 5400.0 5400.0 2016.0 1 22 {-999.0 13.62199 13.129961 12.888278 -999.0} sdss_psfmag_from_g3xp 13.510196 13.148315 12.498279 11.365 63050395285224948 1068453686 bright_3x1 mwm_ob_core_boss mwm_ob science 0 0 0.7755115628242493 0.0 -999 ""
FIBERMAP 4 R+1C12 METROLOGY 0 0 0 1 0 0 -33.843922664489675 5.8155486329695165 143.1 -5.759366092992039 -33.852455891335076 278.7295 110.92124 -999.0 -999.0 -999.0 -999.0 -999.0 269.409286969698 -29.606988328503732 269.51122385411367 -29.611987112765846 50.742646052919106 257.63057245217556 -999.0 6231.0 -999.0 -1 -999 {-999.0 -999.0 -999.0 -999.0 -999.0} "" -999.0 -999.0 -999.0 -999.0 -999 -999 "" "" "" "" 0 0 0.0 0.0 -999 ""
FIBERMAP 6 R+3C2 APOGEE 0 0 0 1 0 0 -222.44450135301366 74.4077522307368 143.1 -74.03731965673508 -222.56045473390438 108.21607 46.75543 -999.0 -999.0 -999.0 -999.0 -999.0 269.16820551904897 -30.177029991030203 269.2721161743655 -30.18254693106483 50.64202901818593 256.6855535859225 -999.0 16600.0 -999.0 2 -999 {-999.0 -999.0 -999.0 -999.0 -999.0} "" -999.0 -999.0 -999.0 -999.0 -999 -999 "" "" "" "" 0 0 0.0 0.0 -999 ""
FIBERMAP 6 R+3C2 BOSS 1 1 0 1 0 0 -221.79373624574183 74.10965838051982 143.1 -73.74031209998367 -221.90921735857955 108.21607 46.75543 269.1690809561308 -30.17506236833067 -6.6803603 -5.1907496 0.46426827 269.1690404709556 -30.1750764175183 269.27314397884305 -30.18062236410597 50.64256546494597 256.6887873876655 5400.0 5400.0 2016.0 1 75 {-999.0 19.128475 18.07812 17.652895 -999.0} sdss_psfmag_gaia 18.654615 18.093233 17.171001 -999.0 63050395284530319 978638377 "" ops_std_boss ops_std standard_boss 0 0 0.0 0.0 -999 ""
FIBERMAP 6 R+3C2 METROLOGY 0 0 0 1 0 0 -222.37293850770916 73.66318727321595 143.1 -73.29289705313566 -222.48766229276535 108.21607 46.75543 -999.0 -999.0 -999.0 -999.0 -999.0 269.17064234814444 -30.176872199720506 269.2746951639121 -30.18240461794448 50.64419868316527 256.686392201528 -999.0 6231.0 -999.0 -1 -999 {-999.0 -999.0 -999.0 -999.0 -999.0} "" -999.0 -999.0 -999.0 -999.0 -999 -999 "" "" "" "" 0 0 0.0 0.0 -999 ""
FIBERMAP 13 R-1C1 APOGEE 1 1 0 1 0 0 -287.43670526416355 -30.526719764636855 143.1 31.00130765478119 -287.3769517001442 239.45891 115.66313 269.53539765578637 -30.372961876524442 -3.7348652 -5.4360414 0.24827643 269.53540466819715 -30.373001851418834 269.63991916173467 -30.37747106814001 50.988540502038454 256.46848165088846 16000.0 16600.0 2016.0 2 255 {-999.0 22.83108 26.487486 15.748265 -999.0} sdss_psfmag_gaia 20.035536 15.627965 13.93811 8.503 63050395284377102 1154457533 bright_1x1 mwm_galactic_core_dist_apogee_sparse mwm_galactic science 0 0 0.0 0.0 -999 ""
FIBERMAP 13 R-1C1 BOSS 0 0 0 1 0 0 -288.1734594862398 -30.470764185517368 143.1 30.94657285058479 -288.11377480139726 239.45891 115.66313 -999.0 -999.0 -999.0 -999.0 -999.0 269.5350021340394 -30.375141914036906 269.639722829227 -30.379641226712124 50.988741654624235 256.4650383908879 -999.0 5400.0 -999.0 1 525 {-999.0 -999.0 -999.0 -999.0 -999.0} "" -999.0 -999.0 -999.0 -999.0 -999 -999 "" "" "" "" 0 0 0.0 0.0 -999 ""
FIBERMAP 13 R-1C1 METROLOGY 0 0 0 1 0 0 -287.7701411198369 -29.854465111111118 143.1 30.329626303285764 -287.71148908864734 239.45891 115.66313 -999.0 -999.0 -999.0 -999.0 -999.0 269.53290903295624 -30.374004696715208 269.637570018435 -30.378501647653284 50.98671805842734 256.466322099315 -999.0 6231.0 -999.0 -1 -999 {-999.0 -999.0 -999.0 -999.0 -999.0} "" -999.0 -999.0 -999.0 -999.0 -999 -999 "" "" "" "" 0 0 0.0 0.0 -999 ""
FIBERMAP 15 R-1C25 APOGEE 0 0 0 1 0 0 269.2841473288732 -33.4617742714193 143.1 33.01516172833117 269.3308479798879 346.3107 75.31776 -999.0 -999.0 -999.0 -999.0 -999.0 269.5466139392141 -28.69005027472037 269.64513108387035 -28.694842303391148 50.678202831431136 259.08710793586874 -999.0 16600.0 -999.0 2 -999 {-999.0 -999.0 -999.0 -999.0 -999.0} "" -999.0 -999.0 -999.0 -999.0 -999 -999 "" "" "" "" 0 0 0.0 0.0 -999 ""
FIBERMAP 15 R-1C25 BOSS 1 1 0 1 0 0 268.9724356672701 -34.09429782650663 143.1 33.64818066922657 269.020192868798 346.3107 75.31776 269.54861748263556 -28.69095829629059 -0.21156351 -3.4065886 0.12788524 269.5485980212334 -28.6909589772546 269.64731363048037 -28.695781248834066 50.68026881992804 259.0862749383937 5400.0 5400.0 2016.0 1 336 {-999.0 16.846476 15.825246 15.416135 -999.0} sdss_psfmag_gaia 16.258148 15.84528 14.806552 13.21 63050395309596437 1093413842 bright_3x1 mwm_astar_core_boss mwm_ob science 0 0 0.0 0.0 -999 ""
FIBERMAP 15 R-1C25 METROLOGY 0 0 0 1 0 0 268.5363714929041 -33.479926845252734 143.1 33.034550928605356 268.5831262327457 346.3107 75.31776 -999.0 -999.0 -999.0 -999.0 -999.0 269.5465441241011 -28.692221704475273 269.64520925209575 -28.697039170450676 50.67871893215668 259.08373634064833 -999.0 6231.0 -999.0 -1 -999 {-999.0 -999.0 -999.0 -999.0 -999.0} "" -999.0 -999.0 -999.0 -999.0 -999 -999 "" "" "" "" 0 0 0.0 0.0 -999 ""
FIBERMAP 24 R+3C10 APOGEE 0 0 0 1 0 0 -49.410751082931554 67.59500314264088 143.1 -67.51107759867733 -49.52099891290244 41.709885 130.19196 -999.0 -999.0 -999.0 -999.0 -999.0 269.19350955533633 -29.653721842171205 269.29553342140736 -29.65927894703367 50.56726142894904 257.50219991410074 -999.0 16600.0 -999.0 2 -999 {-999.0 -999.0 -999.0 -999.0 -999.0} "" -999.0 -999.0 -999.0 -999.0 -999 -999 "" "" "" "" 0 0 0.0 0.0 -999 ""
FIBERMAP 24 R+3C10 BOSS 1 1 0 1 0 0 -48.674725622881745 67.47925854456312 143.1 -67.39655449310973 -48.78480562808002 41.709885 130.19196 269.1937025914476 -29.651447313739702 -4.4103594 -7.320364 0.15346514 269.1936766985972 -29.65148452233851 269.295891763731 -29.65707448372227 50.567156537308044 257.50570112900823 5400.0 5400.0 2016.0 1 24 {-999.0 18.743254 16.764326 14.940504 -999.0} sdss_psfmag_gaia 17.403873 15.675572 14.3135805 11.047 63050395285272826 1093413787 bright_3x1 mwm_astar_core_boss mwm_ob science 0 0 0.0 0.0 -999 ""
FIBERMAP 24 R+3C10 METROLOGY 0 0 0 1 0 0 -49.133284203308115 66.90037349490898 143.1 -66.8169293709381 -49.24239168011187 41.709885 130.19196 -999.0 -999.0 -999.0 -999.0 -999.0 269.1957429403328 -29.6528972914675 269.2979059919921 -29.658471977138294 50.569136674637384 257.5040530373813 -999.0 6231.0 -999.0 -1 -999 {-999.0 -999.0 -999.0 -999.0 -999.0} "" -999.0 -999.0 -999.0 -999.0 -999 -999 "" "" "" "" 0 0 0.0 0.0 -999 ""
FIBERMAP 27 R-2C1 APOGEE 1 1 0 1 0 0 -277.32472133875007 -44.80757601200566 143.1 45.26497402084186 -277.24166509652764 191.83391 138.88663 269.58547341025326 -30.342638874571342 -2.8252506 -7.8957734 0.34132263 269.58547950549195 -30.342687210637045 269.68986935785875 -30.34702551503393 51.025844016592146 256.52779617455747 16000.0 16600.0 2016.0 2 256 {-999.0 20.43505 19.578068 14.664497 -999.0} sdss_psfmag_gaia 18.29879 15.20054 13.702822 9.574 63050395284380869 1154457445 bright_1x1 mwm_galactic_core_dist_apogee_sparse mwm_galactic science 0 0 0.0 0.0 -999 ""
FIBERMAP 27 R-2C1 BOSS 0 0 0 1 0 0 -277.9898736229251 -44.46799547938642 143.1 44.926504920141305 -277.9073578265009 191.83391 138.88663 -999.0 -999.0 -999.0 -999.0 -999.0 269.58408456650466 -30.34462893644223 269.688679855171 -30.34900012384382 51.02516807137854 256.5244250467444 -999.0 5400.0 -999.0 1 526 {-999.0 -999.0 -999.0 -999.0 -999.0} "" -999.0 -999.0 -999.0 -999.0 -999 -999 "" "" "" "" 0 0 0.0 0.0 -999 ""
FIBERMAP 27 R-2C1 METROLOGY 0 0 0 1 0 0 -277.35685320846045 -44.061908577605294 143.1 44.51938373647413 -277.27502965458865 191.83391 138.88663 -999.0 -999.0 -999.0 -999.0 -999.0 269.58273229441824 -30.342799341667124 269.687265240358 -30.347166274996056 51.02365335153547 256.5269682696244 -999.0 6231.0 -999.0 -1 -999 {-999.0 -999.0 -999.0 -999.0 -999.0} "" -999.0 -999.0 -999.0 -999.0 -999 -999 "" "" "" "" 0 0 0.0 0.0 -999 ""
FIBERMAP 34 R-11C16 APOGEE 1 1 0 1 0 0 171.681210323623 -234.2348206985757 143.1 233.94323558699682 172.0632338444168 340.53745 41.037933 270.2400739140112 -28.98398833802353 -3.4827783 -7.662225 -0.035526022 270.24007498733107 -28.984021981791393 270.33941522032814 -28.986852994778225 51.33245086829239 258.82551122846684 16000.0 16600.0 2016.0 2 235 {-999.0 20.55749 20.27213 14.4652405 -999.0} sdss_psfmag_gaia 18.193169 14.908766 13.303205 8.519 63050395308095648 1154571039 bright_1x1 mwm_galactic_core_dist_apogee_sparse mwm_galactic science 0 0 0.0 0.0 -999 ""
FIBERMAP 34 R-11C16 BOSS 0 0 0 1 0 0 170.9774891714327 -234.5115374545131 143.1 234.22110776231165 171.35999316358667 340.53745 41.037933 -999.0 -999.0 -999.0 -999.0 -999.0 270.24082457019944 -28.986127748360893 270.34036425276526 -28.988989727419153 51.33368206302463 258.8224163943836 -999.0 5400.0 -999.0 1 345 {-999.0 -999.0 -999.0 -999.0 -999.0} "" -999.0 -999.0 -999.0 -999.0 -999 -999 "" "" "" "" 0 0 0.0 0.0 -999 ""
FIBERMAP 34 R-11C16 METROLOGY 0 0 0 1 0 0 171.08140333711398 -233.77751251842645 143.1 233.48693451078992 171.4626895272359 340.53745 41.037933 -999.0 -999.0 -999.0 -999.0 -999.0 270.23841170784436 -28.985789685732136 270.33789646334026 -28.98864886178947 51.331498435245386 258.8222772395932 -999.0 6231.0 -999.0 -1 -999 {-999.0 -999.0 -999.0 -999.0 -999.0} "" -999.0 -999.0 -999.0 -999.0 -999 -999 "" "" "" "" 0 0 0.0 0.0 -999 ""
FIBERMAP 38 R+13C14 APOGEE 1 1 0 1 0 0 154.9679532384368 236.5823890262713 143.1 -236.83117610603523 154.57153771871975 336.11584 75.88522 268.61270572318665 -29.032250577500093 -9.229294 -1.9383817 0.1621764 268.6126831498157 -29.03223866407197 268.7126657364927 -29.03951882594835 49.948591398833535 258.298955811335 16000.0 16600.0 2016.0 2 57 {-999.0 16.902641 14.993448 14.04217 -999.0} sdss_psfmag_from_g3xp 15.955466 14.716891 13.51772 10.727 63050395287195817 1152063523 bright_1x1 mwm_galactic_core_dist_apogee_sparse mwm_galactic science 0 0 0.0 0.0 -999 ""
FIBERMAP 38 R+13C14 BOSS 0 0 0 1 0 0 154.42340036233023 236.08163097500673 143.1 -236.32953318968657 154.02783087462393 336.11584 75.88522 -999.0 -999.0 -999.0 -999.0 -999.0 268.6141996450863 -29.033862096730786 268.71438932021385 -29.0411740855145 49.95040118970986 258.2969086155781 -999.0 5400.0 -999.0 1 95 {-999.0 -999.0 -999.0 -999.0 -999.0} "" -999.0 -999.0 -999.0 -999.0 -999 -999 "" "" "" "" 0 0 0.0 0.0 -999 ""
FIBERMAP 38 R+13C14 METROLOGY 0 0 0 1 0 0 154.26373828456036 236.82225854748768 143.1 -237.06987277292825 153.86694854954672 336.11584 75.88522 -999.0 -999.0 -999.0 -999.0 -999.0 268.6116522936066 -29.034313444302523 268.71178708293417 -29.04162203303244 49.94826322880141 258.29551369030094 -999.0 6231.0 -999.0 -1 -999 {-999.0 -999.0 -999.0 -999.0 -999.0} "" -999.0 -999.0 -999.0 -999.0 -999 -999 "" "" "" "" 0 0 0.0 0.0 -999 ""
FIBERMAP 41 R+10C10 APOGEE 0 0 0 1 0 0 32.26756412178761 198.5000473471621 143.1 -198.54704918996975 31.938103733450298 4.3323216 135.42567 -999.0 -999.0 -999.0 -999.0 -999.0 268.73963918844964 -29.403789949210736 268.840900541339 -29.410644021169205 50.13166795564405 257.7669591967089 -999.0 16600.0 -999.0 2 -999 {-999.0 -999.0 -999.0 -999.0 -999.0} "" -999.0 -999.0 -999.0 -999.0 -999 -999 "" "" "" "" 0 0 0.0 0.0 -999 ""
FIBERMAP 41 R+10C10 BOSS 1 1 0 1 0 0 32.82966963825433 198.0194595650756 143.1 -198.0674068828497 32.50098630997518 4.3323216 135.42567 268.74106046845856 -29.40202595899576 -1.1677313 -1.3497978 0.20477569 268.74105533446027 -29.40205220367554 268.8425116686079 -29.40893742054087 50.132714328680606 257.7699951863692 5400.0 5400.0 2016.0 1 127 {-999.0 17.295029 15.863992 15.011913 -999.0} sdss_psfmag_ps1 16.454897 15.56119 14.49437 12.138 63050395286746814 1093354763 bright_3x1 mwm_astar_core_boss mwm_ob science 0 0 0.0 0.0 -999 ""
FIBERMAP 41 R+10C10 METROLOGY 0 0 0 1 0 0 32.14529375946492 197.76211227190578 143.1 -197.8089355543606 31.817058233060877 4.3323216 135.42567 -999.0 -999.0 -999.0 -999.0 -999.0 268.7419519400403 -29.40413595381953 268.84335830784886 -29.411008444368715 50.13383900946146 257.7670483026774 -999.0 6231.0 -999.0 -1 -999 {-999.0 -999.0 -999.0 -999.0 -999.0} "" -999.0 -999.0 -999.0 -999.0 -999 -999 "" "" "" "" 0 0 0.0 0.0 -999 ""
FIBERMAP 47 R-6C12 APOGEE 0 0 0 1 0 0 20.450337520246666 -97.903870246474 143.1 97.86688529924923 20.611663610252567 135.06139 71.38545 -999.0 -999.0 -999.0 -999.0 -999.0 269.7713007782447 -29.442172836670004 269.8724027471571 -29.446190916544584 51.0203575253105 257.98187458559084 -999.0 16600.0 -999.0 2 -999 {-999.0 -999.0 -999.0 -999.0 -999.0} "" -999.0 -999.0 -999.0 -999.0 -999 -999 "" "" "" "" 0 0 0.0 0.0 -999 ""
FIBERMAP 47 R-6C12 BOSS 1 1 0 1 0 0 21.08390687211925 -97.54327898716194 143.1 97.50525738628448 21.244615975383397 135.06139 71.38545 269.7698902722617 -29.440149685191447 2.1438458 -18.886747 0.9490743 269.7699085136701 -29.44020620487251 269.8711994963588 -29.44426109417477 51.01896582222622 257.9845748631137 5400.0 5400.0 2016.0 1 391 {-999.0 16.264114 15.773166 16.542805 -999.0} sdss_psfmag_ps1 16.017126 15.644474 15.048965 -999.0 63050395307770305 981873142 "" ops_std_boss_tic ops_std standard_boss 0 0 0.0 0.0 -999 ""
FIBERMAP 47 R-6C12 METROLOGY 0 0 0 1 0 0 21.077426881280054 -98.31161667512154 143.1 98.27358107904901 21.239407423387956 135.06139 71.38545 -999.0 -999.0 -999.0 -999.0 -999.0 269.77265031712403 -29.440230482403972 269.8738851316257 -29.444268618698505 51.02126433244779 257.9852616222632 -999.0 6231.0 -999.0 -1 -999 {-999.0 -999.0 -999.0 -999.0 -999.0} "" -999.0 -999.0 -999.0 -999.0 -999 -999 "" "" "" "" 0 0 0.0 0.0 -999 ""
FIBERMAP 48 R-6C4 APOGEE 0 0 0 1 0 0 -170.40848038223407 -123.69648664488048 143.1 123.97445179175122 -170.19834018994842 224.24573 100.19555 -999.0 -999.0 -999.0 -999.0 -999.0 269.861853536674 -30.020286839701978 269.96499649329104 -30.023935377278562 51.20432153766671 257.1001415252119 -999.0 16600.0 -999.0 2 -999 {-999.0 -999.0 -999.0 -999.0 -999.0} "" -999.0 -999.0 -999.0 -999.0 -999 -999 "" "" "" "" 0 0 0.0 0.0 -999 ""
FIBERMAP 48 R-6C4 BOSS 1 1 0 1 0 0 -170.99658783707523 -123.26217942994745 143.1 123.54113158373397 -170.7871472962544 224.24573 100.19555 269.86018552647175 -30.022071884866183 -4.1653256 -5.896639 0.13923159 269.86017403413297 -30.0220777663949 269.96351984307836 -30.025760719172563 51.203382726821765 257.09691568757927 5400.0 5400.0 2016.0 1 491 {-999.0 15.948327 15.162347 14.871219 -999.0} sdss_psfmag_gaia 15.71392 15.204529 14.515493 13.247 63050395284654662 1093494480 bright_3x1 mwm_astar_core_boss mwm_ob science 0 0 0.0 0.0 -999 ""
FIBERMAP 48 R-6C4 METROLOGY 0 0 0 1 0 0 -170.34405655010886 -122.95127004103271 143.1 123.22915257005354 -170.13515140634294 224.24573 100.19555 -999.0 -999.0 -999.0 -999.0 -999.0 269.85916536145254 -30.020146404071173 269.96244900385847 -30.023823976748616 51.20213049774771 257.09969954678627 -999.0 6231.0 -999.0 -1 -999 {-999.0 -999.0 -999.0 -999.0 -999.0} "" -999.0 -999.0 -999.0 -999.0 -999 -999 "" "" "" "" 0 0 0.0 0.0 -999 ""
FIBERMAP 50 R-4C21 APOGEE 1 1 0 1 0 0 211.64902536927906 -94.71893681415644 143.1 94.36571218989849 211.79893129681673 347.80908 58.485546 269.7584147385189 -28.86348317404627 5.435757 -7.65013 0.12144264 269.7584417259652 -28.863507263294483 269.8575039263552 -28.86768246039364 50.89543620133317 258.8788766892957 16000.0 16600.0 2016.0 2 225 {-999.0 16.309214 14.39769 13.470702 -999.0} sdss_psfmag_from_g3xp 15.391241 14.113316 12.989939 10.208 63050395309469578 1152073166 bright_1x1 mwm_galactic_core_dist_apogee_sparse mwm_galactic science 0 0 0.0 0.0 -999 ""
FIBERMAP 50 R-4C21 BOSS 0 0 0 1 0 0 211.16990640484832 -95.26134918860168 143.1 94.9088998277171 211.3207251773969 347.80908 58.485546 -999.0 -999.0 -999.0 -999.0 -999.0 269.76014268236827 -28.864884692294503 269.85940408206886 -28.869089747913314 50.89734792660261 258.8772178027775 -999.0 5400.0 -999.0 1 323 {-999.0 -999.0 -999.0 -999.0 -999.0} "" -999.0 -999.0 -999.0 -999.0 -999 -999 "" "" "" "" 0 0 0.0 0.0 -999 ""
FIBERMAP 50 R-4C21 METROLOGY 0 0 0 1 0 0 210.92338941282844 -94.55398489447133 143.1 94.20196615601634 211.07304576685786 347.80908 58.485546 -999.0 -999.0 -999.0 -999.0 -999.0 269.7577754928702 -28.865600418702687 269.85698489367064 -28.869801943857233 50.89541446114504 258.8754401349412 -999.0 6231.0 -999.0 -1 -999 {-999.0 -999.0 -999.0 -999.0 -999.0} "" -999.0 -999.0 -999.0 -999.0 -999 -999 "" "" "" "" 0 0 0.0 0.0 -999 ""
FIBERMAP 51 R+5C4 APOGEE 0 0 0 1 0 0 -185.89546600258691 100.33936024668259 143.1 -100.02856461009624 -186.05549949555743 205.00795 75.402115 -999.0 -999.0 -999.0 -999.0 -999.0 269.0777500229777 -30.06640781502661 269.181287132732 -30.072195936213937 50.545169236361644 256.8347219743327 -999.0 16600.0 -999.0 2 -999 {-999.0 -999.0 -999.0 -999.0 -999.0} "" -999.0 -999.0 -999.0 -999.0 -999 -999 "" "" "" "" 0 0 0.0 0.0 -999 ""
FIBERMAP 51 R+5C4 BOSS 1 1 0 1 0 0 -186.06395667161397 101.02827651101411 143.1 -100.71717994159275 -186.2251245704719 205.00795 75.402115 269.07511806232446 -30.0669315764425 -0.40192196 0.5006522 0.8207409 269.07511238298787 -30.066912936498166 269.178852594413 -30.07273966396242 50.54319327311761 256.8332883984898 5400.0 5400.0 2016.0 1 38 {-999.0 16.52876 15.812046 15.552433 -999.0} sdss_psfmag_gaia 16.344791 15.855515 15.219794 -999.0 63050395284916086 982148279 "" ops_std_boss_tic ops_std standard_boss 0 0 0.0 0.0 -999 ""
FIBERMAP 51 R+5C4 METROLOGY 0 0 0 1 0 0 -185.3340858791075 100.83367853863459 143.1 -100.52379581531571 -185.49495529068722 205.00795 75.402115 -999.0 -999.0 -999.0 -999.0 -999.0 269.0758377846252 -30.064751824967612 269.17951316751464 -30.070568099253457 50.54336813708716 256.8368112100132 -999.0 6231.0 -999.0 -1 -999 {-999.0 -999.0 -999.0 -999.0 -999.0} "" -999.0 -999.0 -999.0 -999.0 -999 -999 "" "" "" "" 0 0 0.0 0.0 -999 ""
FIBERMAP 60 R-3C7 APOGEE 1 1 0 1 0 0 -114.39610068952132 -75.74627030690426 143.1 75.93310432716858 -114.2670969579896 344.09048 61.002583 269.69433269016866 -29.851354804795086 -3.1961982 -2.6309574 0.20650499 269.69431742838367 -29.85136040741106 269.796903162219 -29.855503424317927 51.03107892936357 257.32301995373007 16000.0 16600.0 2016.0 2 290 {-999.0 16.922653 14.946614 13.9587345 -999.0} sdss_psfmag_from_g3xp 15.961792 14.609482 13.471819 10.743 63050395284794244 1152061792 bright_1x1 mwm_galactic_core_dist_apogee_sparse mwm_galactic science 0 0 0.0 0.0 -999 ""
FIBERMAP 60 R-3C7 BOSS 0 0 0 1 0 0 -114.99367003949575 -76.17684259139973 143.1 76.3646514513757 -114.86393469426294 344.09048 61.002583 -999.0 -999.0 -999.0 -999.0 -999.0 269.6956672759895 -29.8531906787028 269.79845578088424 -29.857360750370958 51.03273726570666 257.32049935541676 -999.0 5400.0 -999.0 1 476 {-999.0 -999.0 -999.0 -999.0 -999.0} "" -999.0 -999.0 -999.0 -999.0 -999 -999 "" "" "" "" 0 0 0.0 0.0 -999 ""
FIBERMAP 60 R-3C7 METROLOGY 0 0 0 1 0 0 -115.07807171217941 -75.4413646582437 143.1 75.62933682192478 -114.94955051510458 344.09048 61.002583 -999.0 -999.0 -999.0 -999.0 -999.0 269.6931609423407 -29.853472013410453 269.79589549196373 -29.857640072062164 51.030603117104306 257.31942814342733 -999.0 6231.0 -999.0 -1 -999 {-999.0 -999.0 -999.0 -999.0 -999.0} "" -999.0 -999.0 -999.0 -999.0 -999 -999 "" "" "" "" 0 0 0.0 0.0 -999 ""
FIBERMAP 73 R-11C14 APOGEE 1 1 0 1 0 0 124.95587358582058 -221.4084642456035 143.1 221.19459976557076 125.31817873424752 219.95345 163.38469 270.19745400384824 -29.12498453131571 0.852959 0.075739995 0.17044753 270.19746958863976 -29.124980645814112 270.29731959826023 -29.12789851747192 51.32368737705162 258.5926545337973 16000.0 16600.0 2016.0 2 232 {-999.0 17.408007 15.525384 14.202016 -999.0} sdss_psfmag_gaia 16.368853 14.911262 13.692093 10.738 63050395307719820 1154570183 bright_1x1 mwm_galactic_core_dist_apogee_sparse mwm_galactic science 0 0 0.0 0.0 -999 ""
FIBERMAP 73 R-11C14 BOSS 0 0 0 1 0 0 124.25708564301915 -221.57675426542602 143.1 221.3640405306289 124.61969170986258 219.95345 163.38469 -999.0 -999.0 -999.0 -999.0 -999.0 270.1978898918238 -29.127049881026977 270.29793977884776 -29.12999916533439 51.32462317393194 258.5895226377711 -999.0 5400.0 -999.0 1 341 {-999.0 -999.0 -999.0 -999.0 -999.0} "" -999.0 -999.0 -999.0 -999.0 -999 -999 "" "" "" "" 0 0 0.0 0.0 -999 ""
FIBERMAP 73 R-11C14 METROLOGY 0 0 0 1 0 0 124.45797545211977 -220.85306438878894 143.1 220.64004155790886 124.8193776969116 219.95345 163.38469 -999.0 -999.0 -999.0 -999.0 -999.0 270.1954917260159 -29.126434015498383 270.29548557241884 -29.12938064775041 51.322400427252774 258.58983389088706 -999.0 6231.0 -999.0 -1 -999 {-999.0 -999.0 -999.0 -999.0 -999.0} "" -999.0 -999.0 -999.0 -999.0 -999 -999 "" "" "" "" 0 0 0.0 0.0 -999 ""
FIBERMAP 85 R+2C11 APOGEE 1 1 0 1 0 0 -34.23235410438362 34.29012354189665 143.1 -34.232382342348764 -34.287986601370406 324.80167 129.48438 269.30997466151575 -29.60794278302355 -0.31735831 -8.90439 -0.018172571 269.3099671099638 -29.60797836493716 269.4117943692839 -29.613225806998095 50.65795030246896 257.6032037700088 16000.0 16600.0 2016.0 2 15 {-999.0 20.839226 17.830025 15.001361 -999.0} sdss_psfmag_ps1 18.606632 15.225669 13.510031 8.426 63050395285315874 1153387019 bright_1x1 mwm_galactic_core_dist_apogee_sparse mwm_galactic science 0 0 0.0 0.0 -999 ""
FIBERMAP 85 R+2C11 BOSS 0 0 0 1 0 0 -34.15944862628095 33.569016410767034 143.1 -33.51141903194473 -34.213890382076734 324.80167 129.48438 -999.0 -999.0 -999.0 -999.0 -999.0 269.3122633777555 -29.607751036121563 269.41428764606394 -29.613025021882248 50.66004231756003 257.6041532819343 -999.0 5400.0 -999.0 1 23 {-999.0 -999.0 -999.0 -999.0 -999.0} "" -999.0 -999.0 -999.0 -999.0 -999 -999 "" "" "" "" 0 0 0.0 0.0 -999 ""
FIBERMAP 85 R+2C11 METROLOGY 0 0 0 1 0 0 -34.84547248183575 33.87395471818508 143.1 -33.815212489400636 -34.900396695748384 324.80167 129.48438 -999.0 -999.0 -999.0 -999.0 -999.0 269.3112454872574 -29.60984428835182 269.41322127431863 -29.61511132840506 50.65952098410182 257.60064703936115 -999.0 6231.0 -999.0 -1 -999 {-999.0 -999.0 -999.0 -999.0 -999.0} "" -999.0 -999.0 -999.0 -999.0 -999 -999 "" "" "" "" 0 0 0.0 0.0 -999 ""
FIBERMAP 89 R-9C1 APOGEE 1 1 0 1 0 0 -179.11214034291459 -193.38094632691713 143.1 193.67107019408107 -178.78642580349958 14.1723175 23.835077 270.10481156695374 -30.045142241110906 -1.9203694 -2.5502255 0.15097016 270.1047941096333 -30.045156120025528 270.20795331129017 -30.048133973477082 51.415649223897695 257.120691243877 16000.0 16600.0 2016.0 2 258 {-999.0 16.2918 14.44467 13.607796 -999.0} sdss_psfmag_from_g3xp 15.423977 14.229052 13.1483965 10.488 63050395257698744 1152028436 bright_1x1 mwm_galactic_core_dist_apogee_sparse mwm_galactic science 0 0 0.0 0.0 -999 ""
FIBERMAP 89 R-9C1 BOSS 0 0 0 1 0 0 -179.6838677242276 -193.84045425128477 143.1 194.13150927127194 -179.35737452780876 14.1723175 23.835077 -999.0 -999.0 -999.0 -999.0 -999.0 270.10619983630056 -30.046837663846443 270.2095591895143 -30.049840961506373 51.41731425034648 257.1183822082315 -999.0 5400.0 -999.0 1 352 {-999.0 -999.0 -999.0 -999.0 -999.0} "" -999.0 -999.0 -999.0 -999.0 -999 -999 "" "" "" "" 0 0 0.0 0.0 -999 ""
FIBERMAP 89 R-9C1 METROLOGY 0 0 0 1 0 0 -179.80348151939734 -193.10777071825547 143.1 193.3990472112309 -179.47819671501404 14.1723175 23.835077 -999.0 -999.0 -999.0 -999.0 -999.0 270.10374819442177 -30.047258955842434 270.2070546966624 -30.050260479698945 51.415251984852674 257.1171169370116 -999.0 6231.0 -999.0 -1 -999 {-999.0 -999.0 -999.0 -999.0 -999.0} "" -999.0 -999.0 -999.0 -999.0 -999 -999 "" "" "" "" 0 0 0.0 0.0 -999 ""
FIBERMAP 92 R-1C26 APOGEE 1 1 0 1 0 0 298.58124702412397 -28.29654243821597 143.1 27.801623404690456 298.6184592421943 29.330242 49.38862 269.52876739843884 -28.602279646992123 1.9680259 -7.122049 0.14319508 269.52877352414947 -28.602318800492835 269.6269894752584 -28.607178213487334 50.64462167715651 259.2172973401102 16000.0 16600.0 2016.0 2 229 {-999.0 20.4252 20.961044 14.001706 -999.0} sdss_psfmag_gaia 17.988878 14.318803 12.764787 8.317 63050395309608222 1154576786 bright_1x1 mwm_galactic_core_dist_apogee_sparse mwm_galactic science 0 0 0.0 0.0 -999 ""
FIBERMAP 92 R-1C26 BOSS 0 0 0 1 0 0 298.4474864166684 -29.078576306976768 143.1 28.58385342604564 298.4859968286532 29.330242 49.38862 -999.0 -999.0 -999.0 -999.0 -999.0 269.5312630612904 -28.602737286567855 269.62967560104715 -28.60762603333913 50.64702154337283 259.2173733481677 -999.0 5400.0 -999.0 1 338 {-999.0 -999.0 -999.0 -999.0 -999.0} "" -999.0 -999.0 -999.0 -999.0 -999 -999 "" "" "" "" 0 0 0.0 0.0 -999 ""
FIBERMAP 92 R-1C26 METROLOGY 0 0 0 1 0 0 297.86983496270534 -28.5536161372098 143.1 28.05986587972086 297.9074953997042 29.330242 49.38862 -999.0 -999.0 -999.0 -999.0 -999.0 269.5295203205268 -28.604406418520217 269.62788369957053 -28.609289314368066 50.64582524658506 259.2142950628172 -999.0 6231.0 -999.0 -1 -999 {-999.0 -999.0 -999.0 -999.0 -999.0} "" -999.0 -999.0 -999.0 -999.0 -999 -999 "" "" "" "" 0 0 0.0 0.0 -999 ""
FIBERMAP 101 R-9C6 APOGEE 1 1 0 1 0 0 -60.87858492836466 -161.08322923183766 143.1 161.1787722453851 -60.61011104835082 118.39926 10.8878565 269.9917556343197 -29.688300374557553 1.9413327 -4.943059 0.30671585 269.99184218892367 -29.688354105074374 270.0937554433438 -29.6917163148251 51.25492121262075 257.6539786734386 16000.0 16600.0 2016.0 2 181 {-999.0 20.382347 21.249384 13.853038 -999.0} sdss_psfmag_gaia 17.901356 14.12085 12.561042 7.937 63050395307310110 1154568315 bright_1x1 mwm_galactic_core_dist_apogee_sparse mwm_galactic science 0 0 0.0 0.0 -999 ""
FIBERMAP 101 R-9C6 BOSS 0 0 0 1 0 0 -60.40529881282333 -161.67162846939158 143.1 161.76636949332362 -60.13586663928709 118.39926 10.8878565 -999.0 -999.0 -999.0 -999.0 -999.0 269.99376038705185 -29.686902301483016 270.0958625205907 -29.690290790066978 51.25646235075815 257.6567496731931 -999.0 5400.0 -999.0 1 374 {-999.0 -999.0 -999.0 -999.0 -999.0} "" -999.0 -999.0 -999.0 -999.0 -999 -999 "" "" "" "" 0 0 0.0 0.0 -999 ""
FIBERMAP 101 R-9C6 METROLOGY 0 0 0 1 0 0 -61.11491519075459 -161.78619263921414 143.1 161.88210405254287 -60.84527064098016 118.39926 10.8878565 -999.0 -999.0 -999.0 -999.0 -999.0 269.99424296786304 -29.689067917153103 270.0962975341054 -29.692445772566447 51.25722526782812 257.6534731618779 -999.0 6231.0 -999.0 -1 -999 {-999.0 -999.0 -999.0 -999.0 -999.0} "" -999.0 -999.0 -999.0 -999.0 -999 -999 "" "" "" "" 0 0 0.0 0.0 -999 ""
FIBERMAP 105 R-2C23 APOGEE 1 1 0 1 0 0 217.19128367360995 -32.72501490321251 143.1 32.364614767163125 217.2384411041416 100.78971 148.98672 269.5438618087902 -28.846613566468747 -0.796369 -3.0302641 0.43327266 269.54415904560386 -28.846588590491866 269.6432250944197 -28.851354336992653 50.70830766151933 258.8446368992512 16000.0 16600.0 2016.0 2 203 {-999.0 12.531075 10.728411 9.317361 -999.0} sdss_psfmag_from_g3xp 11.7112465 10.03254 8.796021 5.838 63050395309487469 1152073197 bright_1x1 mwm_galactic_core_dist_apogee_sparse mwm_galactic science 0 0 0.98565274477005 0.0 -999 ""
FIBERMAP 105 R-2C23 BOSS 0 0 0 1 0 0 217.45229861672863 -32.0419429819565 143.1 31.681132964933127 217.49831749429393 100.78971 148.98672 -999.0 -999.0 -999.0 -999.0 -999.0 269.54160837983426 -28.84572051324866 269.64086824000924 -28.850528718145693 50.70611943747132 258.84525803159744 -999.0 5400.0 -999.0 1 286 {-999.0 -999.0 -999.0 -999.0 -999.0} "" -999.0 -999.0 -999.0 -999.0 -999 -999 "" "" "" "" 0 0 0.0 0.0 -999 ""
FIBERMAP 105 R-2C23 METROLOGY 0 0 0 1 0 0 217.9226716637575 -32.61732018689077 143.1 32.255713418885975 217.96962738333622 100.78971 148.98672 -999.0 -999.0 -999.0 -999.0 -999.0 269.54365841639685 -28.844283403035426 269.642857049926 -28.84907629555741 50.707533483435796 258.8480581255564 -999.0 6231.0 -999.0 -1 -999 {-999.0 -999.0 -999.0 -999.0 -999.0} "" -999.0 -999.0 -999.0 -999.0 -999 -999 "" "" "" "" 0 0 0.0 0.0 -999 ""
FIBERMAP 109 R-5C5 APOGEE 1 0 1 1 0 0 -148.22884032161735 -89.78357444616427 143.1 90.02593386215486 -148.0755232264644 24.275026 163.65173 269.82821089484787 -29.94941512695862 -3.333435 -4.61379 0.06777939 269.74336469791245 -29.953658220613782 269.84630324410585 -29.957645378376217 51.09144479206919 257.17527146214684 16000.0 16600.0 2016.0 2 295 {-999.0 19.378115 17.530518 14.74048 -999.0} sdss_psfmag_gaia 17.75506 15.451313 14.064453 10.54 63050395284684379 1154458939 bright_1x1 mwm_galactic_core_dist_apogee_sparse mwm_galactic science 0 0 0.0 0.0 -999 ""
FIBERMAP 109 R-5C5 BOSS 0 0 1 1 0 0 -147.5270694205477 -89.51146875299739 143.1 89.75267582800868 -147.37422510492027 24.275026 163.65173 -999.0 -999.0 -999.0 -999.0 -999.0 269.74225614436125 -29.951561965460844 269.8453839628077 -29.95558327617801 51.09029529707541 257.1782777290685 -999.0 5400.0 -999.0 1 486 {-999.0 -999.0 -999.0 -999.0 -999.0} "" -999.0 -999.0 -999.0 -999.0 -999 -999 "" "" "" "" 0 0 0.0 0.0 -999 ""
FIBERMAP 109 R-5C5 METROLOGY 0 0 1 1 0 0 -147.64226680133757 -90.24903102951268 143.1 90.49040497447693 -147.48819846810912 24.275026 163.65173 -999.0 -999.0 -999.0 -999.0 -999.0 269.7449035262077 -29.951931267445996 269.8479761960351 -29.955936549218386 51.09256828795919 257.1783582939603 -999.0 6231.0 -999.0 -1 -999 {-999.0 -999.0 -999.0 -999.0 -999.0} "" -999.0 -999.0 -999.0 -999.0 -999 -999 "" "" "" "" 0 0 0.0 0.0 -999 ""
FIBERMAP 111 R+1C26 APOGEE 1 0 1 1 0 0 281.0042567968609 27.068622351138163 143.1 -27.532678866686513 280.9504316495136 8.313692 170.43979 269.3159400716397 -28.608164722843473 0.64306253 -7.7951617 0.04747292 269.3380622126881 -28.654659650698683 269.4365163542559 -28.660030544838026 50.49192925242019 259.0816135460745 16000.0 16600.0 2016.0 2 107 {-999.0 19.209848 17.249052 15.002922 -999.0} sdss_psfmag_gaia 17.430109 15.735549 14.0535 10.351 63050395309984573 1154578507 bright_1x1 mwm_galactic_core_dist_apogee_sparse mwm_galactic science 0 0 0.0 0.0 -999 ""
FIBERMAP 111 R+1C26 BOSS 0 0 1 1 0 0 281.7488666748758 27.04992923490162 143.1 -27.515218324028883 281.69504850249297 8.313692 170.43979 -999.0 -999.0 -999.0 -999.0 -999.0 269.3379401719072 -28.652417465216203 269.43658355947144 -28.657825580026145 50.49153261398655 259.0850241622883 -999.0 5400.0 -999.0 1 183 {-999.0 -999.0 -999.0 -999.0 -999.0} "" -999.0 -999.0 -999.0 -999.0 -999 -999 "" "" "" "" 0 0 0.0 0.0 -999 ""
FIBERMAP 111 R+1C26 METROLOGY 0 0 1 1 0 0 281.37180740857565 26.407132196941014 143.1 -26.871818111799385 281.3190648865448 8.313692 170.43979 -999.0 -999.0 -999.0 -999.0 -999.0 269.3402001496027 -28.653502343450107 269.4387908253635 -28.658893711510316 50.49364801266289 259.0840085748199 -999.0 6231.0 -999.0 -1 -999 {-999.0 -999.0 -999.0 -999.0 -999.0} "" -999.0 -999.0 -999.0 -999.0 -999 -999 "" "" "" "" 0 0 0.0 0.0 -999 ""
FIBERMAP 112 R-4C23 APOGEE 1 1 0 1 0 0 237.77229418225627 -96.16771047363804 143.1 95.77121776256317 237.9237567821735 299.53018 49.24508 269.76312593165795 -28.78490753311083 -4.7451053 -8.882815 0.21198626 269.7630907073994 -28.784925254705612 269.8618759977473 -28.789104299141286 50.883418669882204 259.0021262652938 16000.0 16600.0 2016.0 2 237 {-999.0 17.317345 15.415885 14.037251 -999.0} sdss_psfmag_gaia 16.265665 14.751553 13.537953 10.514 63050395309475633 1154576337 bright_1x1 mwm_galactic_core_dist_apogee_sparse mwm_galactic science 0 0 0.0 0.0 -999 ""
FIBERMAP 112 R-4C23 BOSS 0 0 0 1 0 0 237.06260455172946 -96.01130865416923 143.1 95.61599517032938 237.21383121148025 299.53018 49.24508 -999.0 -999.0 -999.0 -999.0 -999.0 269.76237143697733 -28.7870112625578 269.8613590060422 -28.79122693986421 50.88340251970383 258.9986861053894 -999.0 5400.0 -999.0 1 347 {-999.0 -999.0 -999.0 -999.0 -999.0} "" -999.0 -999.0 -999.0 -999.0 -999 -999 "" "" "" "" 0 0 0.0 0.0 -999 ""
FIBERMAP 112 R-4C23 METROLOGY 0 0 0 1 0 0 237.53513716164275 -95.46074358649084 143.1 95.0646659987977 237.6854376994601 299.53018 49.24508 -999.0 -999.0 -999.0 -999.0 -999.0 269.7605407248638 -28.785556558620215 269.85946855570387 -28.789767615511746 50.88148572002617 259.00042266264796 -999.0 6231.0 -999.0 -1 -999 {-999.0 -999.0 -999.0 -999.0 -999.0} "" -999.0 -999.0 -999.0 -999.0 -999 -999 "" "" "" "" 0 0 0.0 0.0 -999 ""
FIBERMAP 113 R-7C11 APOGEE 1 1 0 1 0 0 6.764486319980239 -118.35616187784159 143.1 118.34116252592479 6.960091400917104 138.96576 76.10852 269.8425826605418 -29.48358895239654 -0.9940127 -1.4432415 0.7969966 269.84259554190976 -29.483609535049823 269.9438236024762 -29.487423600723265 51.08915981132655 257.93595944221863 16000.0 16600.0 2016.0 2 167 {-999.0 8.8279085 9.002069 9.153661 -999.0} sdss_psfmag_from_g3xp 8.925134 8.907046 8.827244 8.77 63050395307483503 975030715 "" ops_std_apogee ops_std standard_apogee 0 0 0.0 0.0 -999 ""
FIBERMAP 113 R-7C11 BOSS 0 0 0 1 0 0 7.37129087543086 -117.9095030430465 143.1 117.89351408906644 7.566137430055621 138.96576 76.10852 -999.0 -999.0 -999.0 -999.0 -999.0 269.8409116042886 -29.481734018033425 269.94232873359925 -29.485585382957183 51.087538341805754 257.93844788652655 -999.0 5400.0 -999.0 1 400 {-999.0 -999.0 -999.0 -999.0 -999.0} "" -999.0 -999.0 -999.0 -999.0 -999 -999 "" "" "" "" 0 0 0.0 0.0 -999 ""
FIBERMAP 113 R-7C11 METROLOGY 0 0 0 1 0 0 7.442779809010915 -118.66316811367619 143.1 118.64703663532379 7.638871018170739 138.96576 76.10852 -999.0 -999.0 -999.0 -999.0 -999.0 269.8436036579978 -29.481521141163572 269.94496388612504 -29.48535602267315 51.08974906032992 257.9394883103136 -999.0 6231.0 -999.0 -1 -999 {-999.0 -999.0 -999.0 -999.0 -999.0} "" -999.0 -999.0 -999.0 -999.0 -999 -999 "" "" "" "" 0 0 0.0 0.0 -999 ""
FIBERMAP 116 R+4C14 APOGEE 0 0 0 1 0 0 36.30085033065123 86.22202160617135 143.1 -86.2793084484393 36.157026482252554 126.86935 125.475784 -999.0 -999.0 -999.0 -999.0 -999.0 269.12966771369577 -29.393317149703208 269.23078264085166 -29.399103889272027 50.462722569838505 257.8872127418791 -999.0 16600.0 -999.0 2 -999 {-999.0 -999.0 -999.0 -999.0 -999.0} "" -999.0 -999.0 -999.0 -999.0 -999 -999 "" "" "" "" 0 0 0.0 0.0 -999 ""
FIBERMAP 116 R+4C14 BOSS 1 1 0 1 0 0 36.51933267107527 86.95601149033422 143.1 -87.01363620454886 36.37428739312232 126.86935 125.475784 269.1268337192418 -29.392552936260667 2.350379 -0.8778312 0.6656836 269.1268599113643 -29.39259029282833 269.22817231714333 -29.398418847929563 50.460359176449536 257.88758293692734 5400.0 5400.0 2016.0 1 165 {-999.0 16.932693 16.951138 16.70034 -999.0} sdss_psfmag_ps1 16.827835 16.681112 16.292175 -999.0 63050395286681351 976411371 "" ops_std_boss ops_std standard_boss 0 0 0.0 0.0 -999 ""
FIBERMAP 116 R+4C14 METROLOGY 0 0 0 1 0 0 37.029494756610106 86.39106455135145 143.1 -86.44955151279527 36.88536778361848 126.86935 125.475784 -999.0 -999.0 -999.0 -999.0 -999.0 269.1288819502936 -29.39105429948461 269.23013185053304 -29.396868009400624 50.46173682721774 257.890488670566 -999.0 6231.0 -999.0 -1 -999 {-999.0 -999.0 -999.0 -999.0 -999.0} "" -999.0 -999.0 -999.0 -999.0 -999 -999 "" "" "" "" 0 0 0.0 0.0 -999 ""
FIBERMAP 121 R+6C3 APOGEE 1 1 0 1 0 0 -181.24840958963983 137.5234888265117 143.1 -137.21918567224867 -181.47011447251748 158.22566 39.210377 268.9478908533905 -30.05151588968191 1.2720695 -4.6348352 -0.030587588 268.9478878149146 -30.051526899153075 269.05140780450154 -30.057674284040164 50.4319800167547 256.82555848238263 16000.0 16600.0 2016.0 2 18 {-999.0 19.66556 18.618004 14.030034 -999.0} sdss_psfmag_gaia 17.599783 14.597995 13.120724 9.14 63050395284901411 1154459709 bright_1x1 mwm_galactic_core_dist_apogee_sparse mwm_galactic science 0 0 0.0 0.0 -999 ""
FIBERMAP 121 R+6C3 BOSS 0 0 0 1 0 0 -180.55622928472607 137.74449473887438 143.1 -137.4413297015702 -180.77832209298106 158.22566 39.210377 -999.0 -999.0 -999.0 -999.0 -999.0 268.9468944972874 -30.049431607285978 269.0506084799648 -30.055613942931988 50.43092959713088 256.82854544807566 -999.0 5400.0 -999.0 1 26 {-999.0 -999.0 -999.0 -999.0 -999.0} "" -999.0 -999.0 -999.0 -999.0 -999 -999 "" "" "" "" 0 0 0.0 0.0 -999 ""
FIBERMAP 121 R+6C3 METROLOGY 0 0 0 1 0 0 -180.7063782334217 137.01384097130145 143.1 -136.71045101372349 -180.92725732999602 158.22566 39.210377 -999.0 -999.0 -999.0 -999.0 -999.0 268.9494751789847 -30.049941347920804 269.0531332297345 -30.05610748549067 50.433167960882365 256.8283990374084 -999.0 6231.0 -999.0 -1 -999 {-999.0 -999.0 -999.0 -999.0 -999.0} "" -999.0 -999.0 -999.0 -999.0 -999 -999 "" "" "" "" 0 0 0.0 0.0 -999 ""
FIBERMAP 127 R-1C2 APOGEE 0 0 0 1 0 0 -254.6115677206401 -34.91481687170311 143.1 35.33495374199966 -254.54560990441053 301.21808 96.37011 -999.0 -999.0 -999.0 -999.0 -999.0 269.5509481501364 -30.27460214220818 269.65510136970033 -30.279049348567483 50.984660421730396 256.62608948854006 -999.0 16600.0 -999.0 2 -999 {-999.0 -999.0 -999.0 -999.0 -999.0} "" -999.0 -999.0 -999.0 -999.0 -999 -999 "" "" "" "" 0 0 0.0 0.0 -999 ""
FIBERMAP 127 R-1C2 BOSS 1 1 0 1 0 0 -255.19699898932294 -35.35934607206312 143.1 35.78043725039134 -255.13028685785707 301.21808 96.37011 269.5523071289062 -30.276319410435846 -999.0 -999.0 -999.0 269.5523057407693 -30.276337526513267 269.65666291295685 -30.280810433911125 50.98629109780099 256.6237010074473 5400.0 5400.0 2015.5 1 512 {-999.0 -999.0 -999.0 -999.0 -999.0} "" -999.0 -999.0 -999.0 -999.0 27021603147179939 852480288 "" ops_sky_boss_fallback ops_sky sky_boss 0 0 0.0 0.0 -999 ""
FIBERMAP 127 R-1C2 METROLOGY 0 0 0 1 0 0 -255.302634095918 -34.62859059450909 143.1 35.04988005577677 -255.23712761615766 301.21808 96.37011 -999.0 -999.0 -999.0 -999.0 -999.0 269.54980880981384 -30.276710795643403 269.6541119451269 -30.281182030366466 50.984184590272704 256.62251911832624 -999.0 6231.0 -999.0 -1 -999 {-999.0 -999.0 -999.0 -999.0 -999.0} "" -999.0 -999.0 -999.0 -999.0 -999 -999 "" "" "" "" 0 0 0.0 0.0 -999 ""
FIBERMAP 133 R-7C18 APOGEE 1 1 0 1 0 0 176.37102173037042 -135.74511459963034 143.1 135.44893839125038 176.58994115631307 306.0591 159.70297 269.9007438452892 -28.969928296297446 -1.080386 -4.8043447 0.11942632 269.9007077237588 -28.969936472343228 270.000101372392 -28.973699594065593 51.038808320509155 258.753216028879 16000.0 16600.0 2016.0 2 222 {-999.0 17.452602 15.521056 14.035029 -999.0} sdss_psfmag_gaia 16.243706 14.757333 13.421222 10.48 63050395308155537 1154571228 bright_1x1 mwm_galactic_core_dist_apogee_sparse mwm_galactic science 0 0 0.0 0.0 -999 ""
FIBERMAP 133 R-7C18 BOSS 0 0 0 1 0 0 176.5718557279758 -136.4768052984395 143.1 136.18027326852646 176.79197929053618 306.0591 159.70297 -999.0 -999.0 -999.0 -999.0 -999.0 269.9030660711799 -28.969263658432087 270.0026508302104 -28.97305460723517 51.040867885191965 258.75492063081106 -999.0 5400.0 -999.0 1 320 {-999.0 -999.0 -999.0 -999.0 -999.0} "" -999.0 -999.0 -999.0 -999.0 -999 -999 "" "" "" "" 0 0 0.0 0.0 -999 ""
FIBERMAP 133 R-7C18 METROLOGY 0 0 0 1 0 0 175.8539074855733 -136.28709879386702 143.1 135.99176072660148 176.0737402703551 306.0591 159.70297 -999.0 -999.0 -999.0 -999.0 -999.0 269.90250374665874 -28.971411690110862 270.002041204383 -28.97519404461701 51.04076652975995 258.7514176155888 -999.0 6231.0 -999.0 -1 -999 {-999.0 -999.0 -999.0 -999.0 -999.0} "" -999.0 -999.0 -999.0 -999.0 -999 -999 "" "" "" "" 0 0 0.0 0.0 -999 ""
FIBERMAP 135 R-9C8 APOGEE 1 1 0 1 0 0 -19.72863036015786 -170.6457099362969 143.1 170.6728618967623 -19.445658903693555 26.181467 106.91831 270.0247192382812 -29.563499949267566 -999.0 -999.0 -999.0 270.02469430359764 -29.563499605505722 270.1261520668668 -29.566798112614983 51.25977026321591 257.8584471948224 16000.0 16600.0 2015.5 2 189 {-999.0 -999.0 -999.0 -999.0 -999.0} "" -999.0 -999.0 -999.0 -999.0 27021603147275821 848878927 "" ops_sky_apogee_good ops_sky sky_apogee 0 0 0.0 0.0 -999 ""
FIBERMAP 135 R-9C8 BOSS 0 0 0 1 0 0 -19.20994429953059 -171.1600164018189 143.1 171.18629364100565 -18.926138598007864 26.181467 106.91831 -999.0 -999.0 -999.0 -999.0 -999.0 270.0263541045316 -29.561895658365383 270.1279999320344 -29.56522160355435 51.26105988637363 257.8613961492141 -999.0 5400.0 -999.0 1 386 {-999.0 -999.0 -999.0 -999.0 -999.0} "" -999.0 -999.0 -999.0 -999.0 -999 -999 "" "" "" "" 0 0 0.0 0.0 -999 ""
FIBERMAP 135 R-9C8 METROLOGY 0 0 0 1 0 0 -19.942927257206854 -171.3596670624015 143.1 171.38715061434112 -19.65876765043598 26.181467 106.91831 -999.0 -999.0 -999.0 -999.0 -999.0 270.0271357043825 -29.564127094746702 270.1287341887761 -29.567441454529853 51.26209617329484 257.85809716393544 -999.0 6231.0 -999.0 -1 -999 {-999.0 -999.0 -999.0 -999.0 -999.0} "" -999.0 -999.0 -999.0 -999.0 -999 -999 "" "" "" "" 0 0 0.0 0.0 -999 ""
FIBERMAP 137 R-11C13 APOGEE 1 1 0 1 0 0 111.01082739238899 -199.7010562583753 143.1 199.51096244240108 111.3376657860128 82.77794 86.01267 270.12301038140436 -29.167222174988147 -1.4645971 -5.4713597 0.15861714 270.12300174508044 -29.167234417345295 270.2230236842409 -29.170347240159458 51.26816684935978 258.5060938309971 16000.0 16600.0 2016.0 2 184 {-999.0 16.734535 14.828927 13.986201 -999.0} sdss_psfmag_from_g3xp 15.8319025 14.599259 13.5147505 10.861 63050395308031334 1152070108 bright_1x1 mwm_galactic_core_dist_apogee_sparse mwm_galactic science 0 0 0.0 0.0 -999 ""
FIBERMAP 137 R-11C13 BOSS 0 0 0 1 0 0 111.69259484954686 -199.96520908086075 143.1 199.77397876924098 112.01984835779314 82.77794 86.01267 -999.0 -999.0 -999.0 -999.0 -999.0 270.1237404452833 -29.165120183372515 270.22394786929556 -29.168264418437584 51.26855911630368 258.50960840498476 -999.0 5400.0 -999.0 1 377 {-999.0 -999.0 -999.0 -999.0 -999.0} "" -999.0 -999.0 -999.0 -999.0 -999 -999 "" "" "" "" 0 0 0.0 0.0 -999 ""
FIBERMAP 137 R-11C13 METROLOGY 0 0 0 1 0 0 111.1050574201722 -200.43500352172993 143.1 200.24473019007618 111.43310711326355 82.77794 86.01267 -999.0 -999.0 -999.0 -999.0 -999.0 270.12546764611625 -29.16688556643239 270.2256260301221 -29.170015344567346 51.27033324114182 258.50731135408944 -999.0 6231.0 -999.0 -1 -999 {-999.0 -999.0 -999.0 -999.0 -999.0} "" -999.0 -999.0 -999.0 -999.0 -999 -999 "" "" "" "" 0 0 0.0 0.0 -999 ""
FIBERMAP 139 R+9C14 APOGEE 1 1 0 1 0 0 84.2778248679619 175.44139874325484 143.1 -175.57519439244393 83.98484237878651 201.59853 90.27463 268.82096008373196 -29.24665431699959 -2.4640324 -6.367419 0.13907845 268.8209543092855 -29.24666963000136 268.92163626649943 -29.253333614850746 50.17001606098111 258.0291725277186 16000.0 16600.0 2016.0 2 95 {-999.0 18.800825 16.359102 13.753944 -999.0} sdss_psfmag_ps1 17.218204 14.199286 12.693102 8.624 63050395286791380 1153393404 bright_1x1 mwm_galactic_core_dist_apogee_sparse mwm_galactic science 0 0 0.0 0.0 -999 ""
FIBERMAP 139 R+9C14 BOSS 0 0 0 1 0 0 84.0995350812359 176.14102369714155 143.1 -176.27450185617008 83.80540078365307 201.59853 90.27463 -999.0 -999.0 -999.0 -999.0 -999.0 268.81826797013633 -29.2471381839467 268.9191532041613 -29.253844549930783 50.16799225880317 258.02772596981436 -999.0 5400.0 -999.0 1 169 {-999.0 -999.0 -999.0 -999.0 -999.0} "" -999.0 -999.0 -999.0 -999.0 -999 -999 "" "" "" "" 0 0 0.0 0.0 -999 ""
FIBERMAP 139 R+9C14 METROLOGY 0 0 0 1 0 0 84.82116075956907 175.94405151007714 143.1 -176.07872994987397 84.52732914268626 201.59853 90.27463 -999.0 -999.0 -999.0 -999.0 -999.0 268.81900006550904 -29.244954469866933 268.9198204395094 -29.251649340592884 50.168131771017315 258.0312648674042 -999.0 6231.0 -999.0 -1 -999 {-999.0 -999.0 -999.0 -999.0 -999.0} "" -999.0 -999.0 -999.0 -999.0 -999 -999 "" "" "" "" 0 0 0.0 0.0 -999 ""
FIBERMAP 141 R-12C15 APOGEE 1 1 0 1 0 0 145.1857817819571 -224.42664863633203 143.1 224.17921626893656 145.55242980697327 153.47115 106.630035 270.20724592957464 -29.06388095188506 -1.2896821 -6.6828275 0.10040437 270.20724954344774 -29.063908212074438 270.3068811595704 -29.06681220514452 51.32009253055916 258.6911434969953 16000.0 16600.0 2016.0 2 234 {-999.0 19.091112 17.265127 14.400825 -999.0} sdss_psfmag_gaia 17.415375 15.107533 13.685573 10.145 63050395308078390 1154570906 bright_1x1 mwm_galactic_core_dist_apogee_sparse mwm_galactic science 0 0 0.0 0.0 -999 ""
FIBERMAP 141 R-12C15 BOSS 0 0 0 1 0 0 145.30539733935385 -223.71374835168083 143.1 223.46614101102327 145.6708620084107 153.47115 106.630035 -999.0 -999.0 -999.0 -999.0 -999.0 270.20459911329993 -29.063517441319167 270.3044227434607 -29.066462003679415 51.31791659951157 258.6910273397605 -999.0 5400.0 -999.0 1 344 {-999.0 -999.0 -999.0 -999.0 -999.0} "" -999.0 -999.0 -999.0 -999.0 -999 -999 "" "" "" "" 0 0 0.0 0.0 -999 ""
FIBERMAP 141 R-12C15 METROLOGY 0 0 0 1 0 0 145.8840018396779 -224.14041050775361 143.1 223.8918321289446 146.25015381699185 153.47115 106.630035 -999.0 -999.0 -999.0 -999.0 -999.0 270.20615079469485 -29.061752669916764 270.3059131465949 -29.064683942729573 51.31885022597312 258.69422213157657 -999.0 6231.0 -999.0 -1 -999 {-999.0 -999.0 -999.0 -999.0 -999.0} "" -999.0 -999.0 -999.0 -999.0 -999 -999 "" "" "" "" 0 0 0.0 0.0 -999 ""
FIBERMAP 143 R-8C14 APOGEE 0 0 0 1 0 0 107.67287495924896 -150.95130446433873 143.1 150.76830157797286 107.91916327109274 52.50791 72.139366 -999.0 -999.0 -999.0 -999.0 -999.0 269.9545328574964 -29.17754535410765 270.05464223593526 -29.18111729609213 51.125958469278146 258.4441392818644 -999.0 16600.0 -999.0 2 -999 {-999.0 -999.0 -999.0 -999.0 -999.0} "" -999.0 -999.0 -999.0 -999.0 -999 -999 "" "" "" "" 0 0 0.0 0.0 -999 ""
FIBERMAP 143 R-8C14 BOSS 1 1 0 1 0 0 108.11061900730303 -151.57745744586902 143.1 151.39371016047278 108.35792922035367 52.50791 72.139366 269.95658732756726 -29.176131868109053 -3.3393736 -3.4849536 0.11808218 269.9565556161132 -29.1761492621954 270.0568536052608 -29.179749210537693 51.12758976025547 258.4468705268384 5400.0 5400.0 2016.0 1 273 {-999.0 18.274044 16.056229 15.309144 -999.0} sdss_psfmag_ps1 16.95951 15.688822 14.570715 11.853 63050395308045766 1093355458 bright_3x1 mwm_astar_core_boss mwm_ob science 0 0 0.0 0.0 -999 ""
FIBERMAP 143 R-8C14 METROLOGY 0 0 0 1 0 0 107.35658220870855 -151.6291371227078 143.1 151.4466357441174 107.60400218326988 52.50791 72.139366 -999.0 -999.0 -999.0 -999.0 -999.0 269.9568257851713 -29.17842671038131 270.0570767202836 -29.18201600910919 51.12821719376339 258.44338585066174 -999.0 6231.0 -999.0 -1 -999 {-999.0 -999.0 -999.0 -999.0 -999.0} "" -999.0 -999.0 -999.0 -999.0 -999 -999 "" "" "" "" 0 0 0.0 0.0 -999 ""
FIBERMAP 145 R-10C1 APOGEE 1 1 0 1 0 0 -182.1665368507614 -179.08449099571416 143.1 179.3801283235253 -181.86437783240206 115.79864 101.81796 270.05503870246173 -30.054700416965996 -6.9730544 -8.695363 0.09989244 270.0550341726255 -30.054709273384425 270.15824291321877 -30.05782140499253 51.37495484073979 257.0934368773152 16000.0 16600.0 2016.0 2 259 {-999.0 16.65067 14.548023 12.980203 -999.0} sdss_psfmag_from_g3xp 15.518787 13.7021055 12.387319 9.076 63050395230408139 1151995487 bright_1x1 mwm_galactic_core_dist_apogee_sparse mwm_galactic science 0 0 0.0 0.0 -999 ""
FIBERMAP 145 R-10C1 BOSS 0 0 0 1 0 0 -181.58066246998968 -178.64888322646317 143.1 178.94356522611326 -181.27924302043107 115.79864 101.81796 -999.0 -999.0 -999.0 -999.0 -999.0 270.0533322719482 -30.052932446935205 270.1567299613264 -30.056079333214836 51.37336288982229 257.0958212298852 -999.0 5400.0 -999.0 1 353 {-999.0 -999.0 -999.0 -999.0 -999.0} "" -999.0 -999.0 -999.0 -999.0 -999 -999 "" "" "" "" 0 0 0.0 0.0 -999 ""
FIBERMAP 145 R-10C1 METROLOGY 0 0 0 1 0 0 -181.4909595280076 -179.39539902627286 143.1 179.68990859608505 -181.18830783845056 115.79864 101.81796 -999.0 -999.0 -999.0 -999.0 -999.0 270.05602400498606 -30.05268524073761 270.1593647616311 -30.055816381269466 51.375563159337766 257.09687014497035 -999.0 6231.0 -999.0 -1 -999 {-999.0 -999.0 -999.0 -999.0 -999.0} "" -999.0 -999.0 -999.0 -999.0 -999 -999 "" "" "" "" 0 0 0.0 0.0 -999 ""
FIBERMAP 149 R-10C17 APOGEE 1 1 0 1 0 0 167.36916019495197 -185.92581537116192 143.1 185.64291867544682 167.67139419350963 157.10995 106.264565 270.07405154259374 -28.997080163033182 -0.6859711 -1.0547836 0.70861655 270.0740484987832 -28.99708926771929 270.1734853818635 -29.000372022900958 51.192757172663086 258.7589948677617 16000.0 16600.0 2016.0 2 191 {-999.0 10.463024 10.544325 10.657465 -999.0} sdss_psfmag_from_g3xp 10.533518 10.471428 10.326586 10.129 63050395308104858 975030858 "" ops_std_apogee ops_std standard_apogee 0 0 0.0 0.0 -999 ""
FIBERMAP 149 R-10C17 BOSS 0 0 0 1 0 0 167.4213963646753 -185.15354282620186 143.1 184.87058454772924 167.72235094216833 157.10995 106.264565 -999.0 -999.0 -999.0 -999.0 -999.0 270.07120792847724 -28.996886104962503 270.1708382137807 -29.000210409759855 51.1904550506828 258.7585248335064 -999.0 5400.0 -999.0 1 264 {-999.0 -999.0 -999.0 -999.0 -999.0} "" -999.0 -999.0 -999.0 -999.0 -999 -999 "" "" "" "" 0 0 0.0 0.0 -999 ""
FIBERMAP 149 R-10C17 METROLOGY 0 0 0 1 0 0 168.02420437984222 -185.569182892776 143.1 185.2852138855095 168.3258272507232 157.10995 106.264565 -999.0 -999.0 -999.0 -999.0 -999.0 270.0727153681621 -28.995048410265387 270.1722839539125 -28.998359420305757 51.19133281935072 258.7618160040482 -999.0 6231.0 -999.0 -1 -999 {-999.0 -999.0 -999.0 -999.0 -999.0} "" -999.0 -999.0 -999.0 -999.0 -999 -999 "" "" "" "" 0 0 0.0 0.0 -999 ""
FIBERMAP 152 R+6C16 APOGEE 0 0 0 1 0 0 103.43418498053104 103.0922868814164 143.1 -103.26010450085214 103.26028933756086 257.7703 95.55439 -999.0 -999.0 -999.0 -999.0 -999.0 269.0722036438371 -29.18955016357361 269.17261313980936 -29.195537212702032 50.37342780449724 258.18515070256 -999.0 16600.0 -999.0 2 -999 {-999.0 -999.0 -999.0 -999.0 -999.0} "" -999.0 -999.0 -999.0 -999.0 -999 -999 "" "" "" "" 0 0 0.0 0.0 -999 ""
FIBERMAP 152 R+6C16 BOSS 1 1 0 1 0 0 102.71327605428702 103.18028609797338 143.1 -103.34690812804732 102.5392580055642 257.7703 95.55439 269.0716552734375 -29.191616851396475 -999.0 -999.0 -999.0 269.0716313980906 -29.19165114388617 269.17224778944507 -29.197674162701972 50.37353473634995 258.18176713891813 5400.0 5400.0 2015.5 1 223 {-999.0 -999.0 -999.0 -999.0 -999.0} "" -999.0 -999.0 -999.0 -999.0 27021603147184574 852481448 "" ops_sky_boss_fallback ops_sky sky_boss 0 0 0.0 0.0 -999 ""
FIBERMAP 152 R+6C16 METROLOGY 0 0 0 1 0 0 103.14046099618395 103.78019998480619 143.1 -103.9475095026005 102.96543663567728 257.7703 95.55439 -999.0 -999.0 -999.0 -999.0 -999.0 269.06960098252284 -29.190349389562755 269.17015687338915 -29.196368380735084 50.37148859103165 258.18321261614074 -999.0 6231.0 -999.0 -1 -999 {-999.0 -999.0 -999.0 -999.0 -999.0} "" -999.0 -999.0 -999.0 -999.0 -999 -999 "" "" "" "" 0 0 0.0 0.0 -999 ""
FIBERMAP 154 R-11C7 APOGEE 1 1 0 1 0 0 -38.233166704330124 -192.49740226188078 143.1 192.55446741361112 -37.91344590878175 166.82664 33.951874 270.1007837869313 -29.619255684327808 0.9863558 0.09725433 0.0951432 270.1007911494427 -29.619277851310212 270.20242472635545 -29.622356229233663 51.33515124815413 257.79053750815353 16000.0 16600.0 2016.0 2 172 {-999.0 17.41917 15.573885 14.3434515 -999.0} sdss_psfmag_gaia 16.443022 15.042556 13.855662 10.822 63050395307355965 1154568017 bright_1x1 mwm_galactic_core_dist_apogee_sparse mwm_galactic science 0 0 0.0 0.0 -999 ""
FIBERMAP 154 R-11C7 BOSS 0 0 0 1 0 0 -37.53815783660474 -192.229838085712 143.1 192.28576193829028 -37.218902089023054 166.82664 33.951874 -999.0 -999.0 -999.0 -999.0 -999.0 270.0997246738983 -29.617155259110667 270.2015449406446 -29.620268305337166 51.33401821110644 257.7935998522826 -999.0 5400.0 -999.0 1 414 {-999.0 -999.0 -999.0 -999.0 -999.0} "" -999.0 -999.0 -999.0 -999.0 -999 -999 "" "" "" "" 0 0 0.0 0.0 -999 ""
FIBERMAP 154 R-11C7 METROLOGY 0 0 0 1 0 0 -37.648610770294574 -192.9601144925287 143.1 193.0161975996527 -37.328143212354966 166.82664 33.951874 -999.0 -999.0 -999.0 -999.0 -999.0 270.10234599919477 -29.617492625805077 270.20411170150277 -29.62058954819488 51.33627069529308 257.79374620511925 -999.0 6231.0 -999.0 -1 -999 {-999.0 -999.0 -999.0 -999.0 -999.0} "" -999.0 -999.0 -999.0 -999.0 -999 -999 "" "" "" "" 0 0 0.0 0.0 -999 ""
FIBERMAP 156 R-6C19 APOGEE 1 1 0 1 0 0 183.27856159147134 -136.41278078829666 143.1 136.10515443620324 183.4983634777479 335.61606 50.55893 269.9028865206995 -28.94908136115487 -0.8393555 -4.6158447 0.21620567 269.90288330583235 -28.94910157777881 270.00220303359083 -28.95286313742208 51.03650096808913 258.78627816780744 16000.0 16600.0 2016.0 2 223 {-999.0 15.835782 14.081925 13.180696 -999.0} sdss_psfmag_from_g3xp 15.008112 13.877939 12.727524 10.131 63050395308158691 1152070471 bright_1x1 mwm_galactic_core_dist_apogee_sparse mwm_galactic science 0 0 0.0 0.0 -999 ""
FIBERMAP 156 R-6C19 BOSS 0 0 0 1 0 0 182.6466303451535 -136.76574723050558 143.1 136.45915506706666 182.86703655006045 335.61606 50.55893 -999.0 -999.0 -999.0 -999.0 -999.0 269.90394576226936 -28.950942766414475 270.0034657999099 -28.95473524026865 51.03795378042572 258.7837065206681 -999.0 5400.0 -999.0 1 321 {-999.0 -999.0 -999.0 -999.0 -999.0} "" -999.0 -999.0 -999.0 -999.0 -999 -999 "" "" "" "" 0 0 0.0 0.0 -999 ""
FIBERMAP 156 R-6C19 METROLOGY 0 0 0 1 0 0 182.65430522229053 -136.00398752091718 143.1 135.69740716410416 182.8734508333152 335.61606 50.55893 -999.0 -999.0 -999.0 -999.0 -999.0 269.9013950257298 -28.950899144614418 270.00086066406004 -28.954688920878084 51.035710000232676 258.78306305781973 -999.0 6231.0 -999.0 -1 -999 {-999.0 -999.0 -999.0 -999.0 -999.0} "" -999.0 -999.0 -999.0 -999.0 -999 -999 "" "" "" "" 0 0 0.0 0.0 -999 ""
FIBERMAP 161 R-11C9 APOGEE 1 1 0 1 0 0 26.442538749133778 -221.5273904365709 143.1 221.47651445448298 26.808209715393442 1.6500574 84.2278 270.2003043855214 -29.422938560260825 -4.420173 -4.665726 0.13055697 270.200310386867 -29.422947484533257 270.3012145957602 -29.425794728073747 51.383411254687026 258.12530113201376 16000.0 16600.0 2016.0 2 174 {-999.0 19.62858 18.348291 14.187556 -999.0} sdss_psfmag_gaia 17.541441 14.795403 13.225428 8.894 63050395307625041 1154569773 bright_1x1 mwm_galactic_core_dist_apogee_sparse mwm_galactic science 0 0 0.0 0.0 -999 ""
FIBERMAP 161 R-11C9 BOSS 0 0 0 1 0 0 26.38797254588556 -222.24670519689914 143.1 222.19589635624314 26.75483538842832 1.6500574 84.2278 -999.0 -999.0 -999.0 -999.0 -999.0 270.2026516868884 -29.423065650276104 270.30374867674004 -29.42593831627776 51.385606574658695 258.1257333545995 -999.0 5400.0 -999.0 1 416 {-999.0 -999.0 -999.0 -999.0 -999.0} "" -999.0 -999.0 -999.0 -999.0 -999 -999 "" "" "" "" 0 0 0.0 0.0 -999 ""
FIBERMAP 161 R-11C9 METROLOGY 0 0 0 1 0 0 25.77854845343134 -221.86256552736944 143.1 221.81277734861354 26.144795333467176 1.6500574 84.2278 -999.0 -999.0 -999.0 -999.0 -999.0 270.20143100039667 -29.424921036745783 270.30248024597495 -29.42778762209304 51.384865265044596 258.1224924189067 -999.0 6231.0 -999.0 -1 -999 {-999.0 -999.0 -999.0 -999.0 -999.0} "" -999.0 -999.0 -999.0 -999.0 -999 -999 "" "" "" "" 0 0 0.0 0.0 -999 ""
FIBERMAP 163 R+5C6 APOGEE 0 0 0 1 0 0 -125.27995150410626 86.6288473132652 143.1 -86.41878233311965 -125.41925059958527 236.3392 136.87057 -999.0 -999.0 -999.0 -999.0 -999.0 269.12622248846054 -29.883459979969253 269.229087913931 -29.88915345323633 50.552907307179325 257.12981535591683 -999.0 16600.0 -999.0 2 -999 {-999.0 -999.0 -999.0 -999.0 -999.0} "" -999.0 -999.0 -999.0 -999.0 -999 -999 "" "" "" "" 0 0 0.0 0.0 -999 ""
FIBERMAP 163 R+5C6 BOSS 1 1 0 1 0 0 -125.99637884829963 86.45378434789065 143.1 -86.24253965563702 -126.13536525194776 236.3392 136.87057 269.1265869140625 -29.88565428602645 -999.0 -999.0 -999.0 269.1265841913862 -29.885653243826617 269.22965735276597 -29.891377341395653 50.553797397354096 257.12651495881846 5400.0 5400.0 2015.5 1 51 {-999.0 -999.0 -999.0 -999.0 -999.0} "" -999.0 -999.0 -999.0 -999.0 27021603147181023 852480559 "" ops_sky_boss_fallback ops_sky sky_boss 0 0 0.0 0.0 -999 ""
FIBERMAP 163 R+5C6 METROLOGY 0 0 0 1 0 0 -125.80444454013266 87.16214392112606 143.1 -86.95119400105314 -125.94460911344508 236.3392 136.87057 -999.0 -999.0 -999.0 -999.0 -999.0 269.1241548064382 -29.885084171614462 269.22716995530794 -29.890805964831557 50.551572924699826 257.1267817131484 -999.0 6231.0 -999.0 -1 -999 {-999.0 -999.0 -999.0 -999.0 -999.0} "" -999.0 -999.0 -999.0 -999.0 -999 -999 "" "" "" "" 0 0 0.0 0.0 -999 ""
FIBERMAP 165 R-3C3 APOGEE 1 1 0 1 0 0 -221.85437406765962 -60.36886035690764 143.1 60.73398095649514 -221.7473557752016 153.82567 150.35843 269.6402416486193 -30.175990466385098 0.73806477 -6.1155076 0.23147611 269.64024253248925 -30.176030276910133 269.7440129952983 -30.180253391835834 51.043299503147615 256.80182436934456 16000.0 16600.0 2016.0 2 241 {-999.0 23.698385 29.719511 16.405401 -999.0} sdss_psfmag_gaia 20.879593 15.982313 14.307251 8.609 63050395284596996 1154458650 bright_1x1 mwm_galactic_core_dist_apogee_sparse mwm_galactic science 0 0 0.0 0.0 -999 ""
FIBERMAP 165 R-3C3 BOSS 0 0 0 1 0 0 -222.20991244768962 -59.70463177335911 143.1 60.07036198586596 -222.10398169775388 153.82567 150.35843 -999.0 -999.0 -999.0 -999.0 -999.0 269.63772901574936 -30.177108591828375 269.74170153414684 -30.181368375823062 51.041524656531855 256.7995274641009 -999.0 5400.0 -999.0 1 498 {-999.0 -999.0 -999.0 -999.0 -999.0} "" -999.0 -999.0 -999.0 -999.0 -999 -999 "" "" "" "" 0 0 0.0 0.0 -999 ""
FIBERMAP 165 R-3C3 METROLOGY 0 0 0 1 0 0 -221.4684902510927 -59.73589154987966 143.1 60.10039405863767 -221.36253163185273 153.82567 150.35843 -999.0 -999.0 -999.0 -999.0 -999.0 269.6379087937096 -30.17492132819864 269.74181740648345 -30.179172580023206 51.04124300836912 256.8029945485725 -999.0 6231.0 -999.0 -1 -999 {-999.0 -999.0 -999.0 -999.0 -999.0} "" -999.0 -999.0 -999.0 -999.0 -999 -999 "" "" "" "" 0 0 0.0 0.0 -999 ""
FIBERMAP 166 R-4C1 APOGEE 1 1 0 1 0 0 -250.91046131199553 -56.923268555218755 143.1 57.336573884759396 -250.80820912316062 163.68852 39.455868 269.627710849076 -30.26337408276217 -0.14548786 -1.3029798 0.46798417 269.6280456343477 -30.263406249460573 269.7321357023896 -30.267644487846304 51.04824773179901 256.6620876136137 16000.0 16600.0 2016.0 2 272 {-999.0 19.515808 22.404316 12.54177 -999.0} sdss_psfmag_gaia 16.793577 12.524326 10.876242 5.748 63050395284565382 1154458552 bright_1x1 mwm_galactic_core_dist_apogee_sparse mwm_galactic science 0 0 1.013529896736145 0.0 -999 ""
FIBERMAP 166 R-4C1 BOSS 0 0 0 1 0 0 -250.25015138795834 -56.594958704578275 143.1 57.00718209919071 -250.14846363582663 163.68852 39.455868 -999.0 -999.0 -999.0 -999.0 -999.0 269.6267043753005 -30.261405184597773 269.73098520409667 -30.26567722306211 51.04693150112454 256.6648995320676 -999.0 5400.0 -999.0 1 444 {-999.0 -999.0 -999.0 -999.0 -999.0} "" -999.0 -999.0 -999.0 -999.0 -999 -999 "" "" "" "" 0 0 0.0 0.0 -999 ""
FIBERMAP 166 R-4C1 METROLOGY 0 0 0 1 0 0 -250.2930318345224 -57.34251654501303 143.1 57.75478683818946 -250.19010585327126 163.68852 39.455868 -999.0 -999.0 -999.0 -999.0 -999.0 269.62938974052764 -30.26158312844823 269.7336144117733 -30.26583934775007 51.04919650988956 256.6652647878287 -999.0 6231.0 -999.0 -1 -999 {-999.0 -999.0 -999.0 -999.0 -999.0} "" -999.0 -999.0 -999.0 -999.0 -999 -999 "" "" "" "" 0 0 0.0 0.0 -999 ""
FIBERMAP 168 R+5C2 APOGEE 0 0 0 1 0 0 -215.87509639146072 75.07466025127633 143.1 -74.71507543829358 -215.99236451491112 341.93317 13.036798 -999.0 -999.0 -999.0 -999.0 -999.0 269.16591258451774 -30.157242553381572 269.2697524149379 -30.16276991815778 50.636538196097064 256.7156845630062 -999.0 16600.0 -999.0 2 -999 {-999.0 -999.0 -999.0 -999.0 -999.0} "" -999.0 -999.0 -999.0 -999.0 -999 -999 "" "" "" "" 0 0 0.0 0.0 -999 ""
FIBERMAP 168 R+5C2 BOSS 1 1 0 1 0 0 -216.64306704970167 75.14176701436574 143.1 -74.7809094195092 -216.76042149799628 341.93317 13.036798 269.165579898761 -30.1594704382076 -6.4746795 -6.664408 0.04412925 269.16545867616486 -30.15955693317087 269.26950713970473 -30.1651160124989 50.63674261258651 256.71198440706473 5400.0 5400.0 2016.0 1 73 {-999.0 18.80497 16.833614 15.111734 -999.0} sdss_psfmag_gaia 17.589855 15.844639 14.576117 11.371 63050395284531679 1093494317 bright_3x1 mwm_astar_core_boss mwm_ob science 0 0 0.0 0.0 -999 ""
FIBERMAP 168 R+5C2 METROLOGY 0 0 0 1 0 0 -216.1998503068842 75.74848004262503 143.1 -75.38833624171083 -216.31822283200412 341.93317 13.036798 -999.0 -999.0 -999.0 -999.0 -999.0 269.1633805644206 -30.158255487811367 269.267368206373 -30.163811772179944 50.6346925397359 256.7134951561434 -999.0 6231.0 -999.0 -1 -999 {-999.0 -999.0 -999.0 -999.0 -999.0} "" -999.0 -999.0 -999.0 -999.0 -999 -999 "" "" "" "" 0 0 0.0 0.0 -999 ""
FIBERMAP 172 R-5C1 APOGEE 1 1 0 1 0 0 -227.06975419944618 -109.52620198406854 143.1 109.89837020573371 -226.88123630938867 317.60138 102.879295 269.8122208511869 -30.191197934645693 -3.3495452 -7.731592 0.10468969 269.81221073631275 -30.191228134176928 269.9159851708034 -30.194976822284676 51.192260201163364 256.81958416562037 16000.0 16600.0 2016.0 2 273 {-999.0 18.0882 16.145012 13.777559 -999.0} sdss_psfmag_gaia 16.591667 14.506817 13.140415 9.621 63050395230347110 1154350947 bright_1x1 mwm_galactic_core_dist_apogee_sparse mwm_galactic science 0 0 0.0 0.0 -999 ""
FIBERMAP 172 R-5C1 BOSS 0 0 0 1 0 0 -227.4379910163996 -110.17105262266386 143.1 110.54380935561359 -227.24839436207327 317.60138 102.879295 -999.0 -999.0 -999.0 -999.0 -999.0 269.8142747451672 -30.192309240870543 269.9182488920118 -30.1960816708113 51.194377578172364 256.81838416456947 -999.0 5400.0 -999.0 1 445 {-999.0 -999.0 -999.0 -999.0 -999.0} "" -999.0 -999.0 -999.0 -999.0 -999 -999 "" "" "" "" 0 0 0.0 0.0 -999 ""
FIBERMAP 172 R-5C1 METROLOGY 0 0 0 1 0 0 -227.82355597813176 -109.54687275456237 143.1 109.92028749170629 -227.6349796389925 317.60138 102.879295 -999.0 -999.0 -999.0 -999.0 -999.0 269.81216935961845 -30.193526539602072 269.91609288067576 -30.197296087364684 51.19275061243822 256.8159640711918 -999.0 6231.0 -999.0 -1 -999 {-999.0 -999.0 -999.0 -999.0 -999.0} "" -999.0 -999.0 -999.0 -999.0 -999 -999 "" "" "" "" 0 0 0.0 0.0 -999 ""
FIBERMAP 173 R-1C17 APOGEE 0 0 0 1 0 0 61.86881448700113 -18.42758537584118 143.1 18.32462936660232 61.89731306003939 202.36687 89.106026 -999.0 -999.0 -999.0 -999.0 -999.0 269.49440935557294 -29.316451665911764 269.5951466479183 -29.32125482109481 50.75944701250761 258.1036351051575 -999.0 16600.0 -999.0 2 -999 {-999.0 -999.0 -999.0 -999.0 -999.0} "" -999.0 -999.0 -999.0 -999.0 -999 -999 "" "" "" "" 0 0 0.0 0.0 -999 ""
FIBERMAP 173 R-1C17 BOSS 1 1 0 1 0 0 61.59572586936734 -17.754116201279704 143.1 17.651633687403457 61.62311895883004 202.36687 89.106026 269.49188232421875 -29.31720962930065 -999.0 -999.0 -999.0 269.49187878729634 -29.317206264568988 269.5928165212387 -29.322049764339152 50.757605582153815 258.1017858561564 5400.0 5400.0 2015.5 1 315 {-999.0 -999.0 -999.0 -999.0 -999.0} "" -999.0 -999.0 -999.0 -999.0 27021603147277010 852502628 "" ops_sky_boss_fallback ops_sky sky_boss 0 0 0.0 0.0 -999 ""
FIBERMAP 173 R-1C17 METROLOGY 0 0 0 1 0 0 62.335789323580755 -17.843262931639742 143.1 17.739553099930035 62.363306101203655 202.36687 89.106026 -999.0 -999.0 -999.0 -999.0 -999.0 269.4922489063488 -29.314964355644268 269.59312274689046 -29.31979780512889 50.757435684037276 258.10536054025397 -999.0 6231.0 -999.0 -1 -999 {-999.0 -999.0 -999.0 -999.0 -999.0} "" -999.0 -999.0 -999.0 -999.0 -999 -999 "" "" "" "" 0 0 0.0 0.0 -999 ""
FIBERMAP 174 R-8C12 APOGEE 0 0 0 1 0 0 30.89185916370247 -147.13755685187786 143.1 147.081712407182 31.13430750248616 171.73935 92.00412 -999.0 -999.0 -999.0 -999.0 -999.0 269.94243194870813 -29.410226096105706 270.0433692386061 -29.41378215819169 51.16052913621318 258.07706665987797 -999.0 16600.0 -999.0 2 -999 {-999.0 -999.0 -999.0 -999.0 -999.0} "" -999.0 -999.0 -999.0 -999.0 -999 -999 "" "" "" "" 0 0 0.0 0.0 -999 ""
FIBERMAP 174 R-8C12 BOSS 1 1 0 1 0 0 30.909645892016464 -146.42253745987182 143.1 146.36668658795946 31.150910644441808 171.73935 92.00412 269.93979303084063 -29.41009931367657 3.428346 -5.179137 0.0998308 269.9398277991024 -29.410130523845975 270.0409601012042 -29.41372612320648 51.15845731889433 258.0765264264907 5400.0 5400.0 2016.0 1 395 {-999.0 17.740036 16.016565 15.006815 -999.0} sdss_psfmag_gaia 16.329487 15.671631 13.976527 10.909 63050395307499223 1093414045 bright_3x1 mwm_astar_core_boss mwm_ob science 0 0 0.0 0.0 -999 ""
FIBERMAP 174 R-8C12 METROLOGY 0 0 0 1 0 0 31.568523512507404 -146.81877232299905 143.1 146.76181857822752 31.81042264832563 171.73935 92.00412 -999.0 -999.0 -999.0 -999.0 -999.0 269.94127038464103 -29.40813499684498 270.0423400190476 -29.411717891501663 51.159261067885296 258.08003135353283 -999.0 6231.0 -999.0 -1 -999 {-999.0 -999.0 -999.0 -999.0 -999.0} "" -999.0 -999.0 -999.0 -999.0 -999 -999 "" "" "" "" 0 0 0.0 0.0 -999 ""
FIBERMAP 175 R-9C10 APOGEE 1 1 0 1 0 0 -3.4883401293816316 -165.1290727201799 143.1 165.1295322522999 -3.2150184918456373 179.35574 80.48398 270.005343610661 -29.514321938286052 0.51541597 -4.183321 0.15613216 270.0053407437494 -29.51432395292535 270.1066292077276 -29.517685812698325 51.23401081381783 257.9305479196471 16000.0 16600.0 2016.0 2 165 {-999.0 17.629631 15.698734 14.215382 -999.0} sdss_psfmag_gaia 16.553247 14.937512 13.733059 10.657 63050395307455942 1154568854 bright_1x1 mwm_galactic_core_dist_apogee_sparse mwm_galactic science 0 0 0.0 0.0 -999 ""
FIBERMAP 175 R-9C10 BOSS 0 0 0 1 0 0 -3.3537005527444776 -164.38913298978693 143.1 164.3893935609238 -3.081607491786906 179.35574 80.48398 -999.0 -999.0 -999.0 -999.0 -999.0 270.00264961624856 -29.5138922492226 270.10413170779856 -29.51729344274976 51.231802405771454 257.9305209496046 -999.0 5400.0 -999.0 1 398 {-999.0 -999.0 -999.0 -999.0 -999.0} "" -999.0 -999.0 -999.0 -999.0 -999 -999 "" "" "" "" 0 0 0.0 0.0 -999 ""
FIBERMAP 175 R-9C10 METROLOGY 0 0 0 1 0 0 -2.7879149939507926 -164.88272758570167 143.1 164.8820361747538 -2.515023471278447 179.35574 80.48398 -999.0 -999.0 -999.0 -999.0 -999.0 270.00443538931967 -29.512180709358 270.1058557625169 -29.515568342558367 51.23295724112929 257.9336720828411 -999.0 6231.0 -999.0 -1 -999 {-999.0 -999.0 -999.0 -999.0 -999.0} "" -999.0 -999.0 -999.0 -999.0 -999 -999 "" "" "" "" 0 0 0.0 0.0 -999 ""
FIBERMAP 176 R-7C19 APOGEE 0 0 0 1 0 0 193.22499024041005 -123.34673125100859 143.1 123.02306864829531 193.42285411668573 76.01432 119.5458 -999.0 -999.0 -999.0 -999.0 -999.0 269.85758488616807 -28.91909213225342 269.956812710421 -28.92298407431763 50.99165093608779 258.8203378477191 -999.0 16600.0 -999.0 2 -999 {-999.0 -999.0 -999.0 -999.0 -999.0} "" -999.0 -999.0 -999.0 -999.0 -999 -999 "" "" "" "" 0 0 0.0 0.0 -999 ""
FIBERMAP 176 R-7C19 BOSS 1 1 0 1 0 0 193.94449768528412 -123.1181219017382 143.1 122.79327621334826 194.14196017706055 76.01432 119.5458 269.85661337172866 -28.916832069766553 -1.5335598 -4.2278795 -0.18064176 269.8566109692634 -28.91685714293006 269.95602561523754 -28.920786653844793 50.99053990644444 258.823542515129 5400.0 5400.0 2016.0 1 276 {-999.0 17.516245 15.84954 14.918415 -999.0} sdss_psfmag_gaia 16.187849 15.566616 13.927477 11.378 63050395308183119 1093413980 bright_3x1 mwm_astar_core_boss mwm_ob science 0 0 0.0 0.0 -999 ""
FIBERMAP 176 R-7C19 METROLOGY 0 0 0 1 0 0 193.76100213967538 -123.86844904890518 143.1 123.54388282054613 193.9597119658594 76.01432 119.5458 -999.0 -999.0 -999.0 -999.0 -999.0 269.8592827412797 -28.917390752176004 269.9586433661617 -28.921303071489735 50.99288809512713 258.823460330122 -999.0 6231.0 -999.0 -1 -999 {-999.0 -999.0 -999.0 -999.0 -999.0} "" -999.0 -999.0 -999.0 -999.0 -999 -999 "" "" "" "" 0 0 0.0 0.0 -999 ""
FIBERMAP 180 R-4C11 APOGEE 0 0 0 1 0 0 -32.478975517716776 -93.89223842819361 143.1 93.94295515917993 -32.32258408397858 282.63184 65.6358 -999.0 -999.0 -999.0 -999.0 -999.0 269.75757284729883 -29.602844304805558 269.85925095911944 -29.60686620830024 51.039031208209856 257.7274750355307 -999.0 16600.0 -999.0 2 -999 {-999.0 -999.0 -999.0 -999.0 -999.0} "" -999.0 -999.0 -999.0 -999.0 -999 -999 "" "" "" "" 0 0 0.0 0.0 -999 ""
FIBERMAP 180 R-4C11 BOSS 1 1 0 1 0 0 -33.208051279706744 -93.74728402359625 143.1 93.79921168831874 -33.05187622252554 282.63184 65.6358 269.7569274902344 -29.605053525436105 -999.0 -999.0 -999.0 269.75693439200256 -29.605043709539043 269.858816433879 -29.609098874140397 51.03907191213905 257.72387441376844 5400.0 5400.0 2015.5 1 422 {-999.0 -999.0 -999.0 -999.0 -999.0} "" -999.0 -999.0 -999.0 -999.0 27021603147275777 852502379 "" ops_sky_boss_fallback ops_sky sky_boss 0 0 0.0 0.0 -999 ""
FIBERMAP 180 R-4C11 METROLOGY 0 0 0 1 0 0 -32.70622903931649 -93.17959963208676 143.1 93.23071528337182 -32.55100937055064 282.63184 65.6358 -999.0 -999.0 -999.0 -999.0 -999.0 269.7550181095004 -29.60353568836544 269.85683983298276 -29.607587365305104 51.03710399974587 257.7257325940179 -999.0 6231.0 -999.0 -1 -999 {-999.0 -999.0 -999.0 -999.0 -999.0} "" -999.0 -999.0 -999.0 -999.0 -999 -999 "" "" "" "" 0 0 0.0 0.0 -999 ""
FIBERMAP 182 R+7C8 APOGEE 1 1 0 1 0 0 -42.46347794257306 119.48074814143915 143.1 -119.40664790253415 -42.65979528207663 12.868025 37.76557 269.0126037597656 -29.631871372685083 -999.0 -999.0 -999.0 269.012581101834 -29.63188441116236 269.1145782750811 -29.637942174191963 50.40878211252931 257.48891638202724 16000.0 16600.0 2015.5 2 124 {-999.0 -999.0 -999.0 -999.0 -999.0} "" -999.0 -999.0 -999.0 -999.0 27021603147181629 848859618 "" ops_sky_apogee_good ops_sky sky_apogee 0 0 0.0 0.0 -999 ""
FIBERMAP 182 R+7C8 BOSS 0 0 0 1 0 0 -42.9366669130117 118.90049112525939 143.1 -118.82562665169242 -43.13200898353259 12.868025 37.76557 -999.0 -999.0 -999.0 -999.0 -999.0 269.0143271970438 -29.63331723169293 269.1165292521699 -29.639403161391186 50.410721894047214 257.4871640154328 -999.0 5400.0 -999.0 1 109 {-999.0 -999.0 -999.0 -999.0 -999.0} "" -999.0 -999.0 -999.0 -999.0 -999 -999 "" "" "" "" 0 0 0.0 0.0 -999 ""
FIBERMAP 182 R+7C8 METROLOGY 0 0 0 1 0 0 -43.19455624793883 119.6091590963436 143.1 -119.53384514263584 -43.39106252810481 12.868025 37.76557 -999.0 -999.0 -999.0 -999.0 -999.0 269.0118954226764 -29.634101403870684 269.11404422024805 -29.64018441471175 50.40874700694987 257.48532389595266 -999.0 6231.0 -999.0 -1 -999 {-999.0 -999.0 -999.0 -999.0 -999.0} "" -999.0 -999.0 -999.0 -999.0 -999 -999 "" "" "" "" 0 0 0.0 0.0 -999 ""
FIBERMAP 183 R+12C1 APOGEE 1 1 0 1 0 0 -166.64143139326353 212.90990571157653 143.1 -212.62734501324067 -166.98833453030863 324.17636 13.332856 268.6855067671692 -30.00509139210618 -1.425995 -3.2219934 -0.0979261 268.6855086209689 -30.005121229408676 268.78893419051076 -30.011998044628548 50.20023822842692 256.8316328421341 16000.0 16600.0 2016.0 2 8 {-999.0 16.95715 14.544724 12.281952 -999.0} sdss_psfmag_from_g3xp 15.682307 12.940158 11.496567 7.684 63050395285010114 1152062002 bright_1x1 mwm_galactic_core_dist_apogee_sparse mwm_galactic science 0 0 0.0 0.0 -999 ""
FIBERMAP 183 R+12C1 BOSS 0 0 0 1 0 0 -167.33965300242193 213.1826413622101 143.1 -212.89891666839935 -167.6869849252442 324.17636 13.332856 -999.0 -999.0 -999.0 -999.0 -999.0 268.68435645490433 -30.007178059814365 268.7879924912062 -30.01409005858739 50.19981668558657 256.8281875080089 -999.0 5400.0 -999.0 1 8 {-999.0 -999.0 -999.0 -999.0 -999.0} "" -999.0 -999.0 -999.0 -999.0 -999 -999 "" "" "" "" 0 0 0.0 0.0 -999 ""
FIBERMAP 183 R+12C1 METROLOGY 0 0 0 1 0 0 -166.7470333279045 213.6523362775214 143.1 -213.36957697555664 -167.0951614343943 324.17636 13.332856 -999.0 -999.0 -999.0 -999.0 -999.0 268.6827424993989 -30.005415780359506 268.786315184358 -30.012323385454593 50.1980673262508 256.8304889452864 -999.0 6231.0 -999.0 -1 -999 {-999.0 -999.0 -999.0 -999.0 -999.0} "" -999.0 -999.0 -999.0 -999.0 -999 -999 "" "" "" "" 0 0 0.0 0.0 -999 ""
FIBERMAP 186 R+12C12 APOGEE 0 0 0 1 0 0 97.23266434373159 244.52989706752967 143.1 -244.68290427164732 96.82495678247787 63.660717 111.63248 -999.0 -999.0 -999.0 -999.0 -999.0 268.58294211698563 -29.206350206655916 268.68354708702054 -29.21367544767995 49.958510471202665 258.0258404008416 -999.0 16600.0 -999.0 2 -999 {-999.0 -999.0 -999.0 -999.0 -999.0} "" -999.0 -999.0 -999.0 -999.0 -999 -999 "" "" "" "" 0 0 0.0 0.0 -999 ""
FIBERMAP 186 R+12C12 BOSS 1 1 0 1 0 0 97.9727287941207 244.44906501039043 143.1 -244.60329926651696 97.56513116419855 63.660717 111.63248 268.58302747777174 -29.20403433595147 2.097182 -7.26928 0.2985626 268.58304511822683 -29.20407873539517 268.6838442338636 -29.21143990154987 49.95832110935111 258.0293261900036 5400.0 5400.0 2016.0 1 106 {-999.0 18.10271 15.509014 16.383352 -999.0} sdss_psfmag_ps1 16.515966 14.725015 13.396347 10.002 63050395287144153 1093354978 bright_3x1 mwm_astar_core_boss mwm_ob science 0 0 0.0 0.0 -999 ""
FIBERMAP 186 R+12C12 METROLOGY 0 0 0 1 0 0 97.54679670178368 243.851060505152 143.1 -244.00460928500087 97.1402021842319 63.660717 111.63248 -999.0 -999.0 -999.0 -999.0 -999.0 268.5850909027563 -29.20536761321438 268.6858367053354 -29.212712765207318 49.9602781572964 258.02792334127594 -999.0 6231.0 -999.0 -1 -999 {-999.0 -999.0 -999.0 -999.0 -999.0} "" -999.0 -999.0 -999.0 -999.0 -999 -999 "" "" "" "" 0 0 0.0 0.0 -999 ""
FIBERMAP 193 R+4C23 APOGEE 1 1 0 1 0 0 265.5405563469645 82.98007405042466 143.1 -83.41674695570208 265.3947220094387 63.59533 59.36074 269.14519462137866 -28.700804436310015 -3.9100604 -5.6698956 -0.078987874 269.1452042379445 -28.700770495791733 269.2438748730307 -28.706660211304037 50.3361573531875 258.95537671420414 16000.0 16600.0 2016.0 2 86 {-999.0 18.77215 17.263056 13.570899 -999.0} sdss_psfmag_gaia 16.913713 14.219128 12.791427 8.939 63050395309787041 1154577938 bright_1x1 mwm_galactic_core_dist_apogee_sparse mwm_galactic science 0 0 0.0 0.0 -999 ""
FIBERMAP 193 R+4C23 BOSS 0 0 0 1 0 0 265.85204013446116 82.31677791456927 143.1 -82.75398751354761 265.7072932138856 63.59533 59.36074 -999.0 -999.0 -999.0 -999.0 -999.0 269.14730336970354 -28.699819009889175 269.2461682948689 -28.705739763797858 50.337936204908814 258.9574369740097 -999.0 5400.0 -999.0 1 259 {-999.0 -999.0 -999.0 -999.0 -999.0} "" -999.0 -999.0 -999.0 -999.0 -999 -999 "" "" "" "" 0 0 0.0 0.0 -999 ""
FIBERMAP 193 R+4C23 METROLOGY 0 0 0 1 0 0 265.12364723198635 82.35640689746728 143.1 -82.79241008070291 264.97885817594744 63.59533 59.36074 -999.0 -999.0 -999.0 -999.0 -999.0 269.147188414268 -28.70195981762943 269.24600468775543 -28.70787006040886 50.338234491642744 258.95412453402537 -999.0 6231.0 -999.0 -1 -999 {-999.0 -999.0 -999.0 -999.0 -999.0} "" -999.0 -999.0 -999.0 -999.0 -999 -999 "" "" "" "" 0 0 0.0 0.0 -999 ""
FIBERMAP 197 R0C13 APOGEE 1 1 0 1 0 0 -16.91430104212115 21.462854582957675 143.1 -21.43417909311441 -16.94926766107178 152.12662 17.693537 269.3548876033631 -29.555459660580556 -1.1974294 -4.669904 0.0481744 269.3548938622175 -29.555485583625554 269.45652104058877 -29.560620891637726 50.6863143677837 257.6962264796221 16000.0 16600.0 2016.0 2 250 {-999.0 19.160568 16.582027 15.176213 -999.0} sdss_psfmag_ps1 17.655968 15.647242 14.314975 10.826 63050395285322062 1153387051 bright_1x1 mwm_galactic_core_dist_apogee_sparse mwm_galactic science 0 0 0.0 0.0 -999 ""
FIBERMAP 197 R0C13 BOSS 0 0 0 1 0 0 -16.20332637861757 21.274954873642095 143.1 -21.24746175039529 -16.238004984837872 152.12662 17.693537 -999.0 -999.0 -999.0 -999.0 -999.0 269.3553410141759 -29.553304720449532 269.4571584456885 -29.55847217890598 50.68645593369686 257.69972189618875 -999.0 5400.0 -999.0 1 518 {-999.0 -999.0 -999.0 -999.0 -999.0} "" -999.0 -999.0 -999.0 -999.0 -999 -999 "" "" "" "" 0 0 0.0 0.0 -999 ""
FIBERMAP 197 R0C13 METROLOGY 0 0 0 1 0 0 -16.725964761255003 20.743502790957546 143.1 -20.71516204799248 -16.75974725652508 152.12662 17.693537 -999.0 -999.0 -999.0 -999.0 -999.0 269.3572474116682 -29.554906582431517 269.45901383936626 -29.560059143699686 50.68833886288005 257.6977392984186 -999.0 6231.0 -999.0 -1 -999 {-999.0 -999.0 -999.0 -999.0 -999.0} "" -999.0 -999.0 -999.0 -999.0 -999 -999 "" "" "" "" 0 0 0.0 0.0 -999 ""
FIBERMAP 213 R+3C1 APOGEE 1 1 0 1 0 0 -238.52792964074536 59.18313948084094 143.1 -58.78658630333539 -238.6181762050517 46.23563 64.85883 269.221417377692 -30.225657619086157 -1.5223094 -6.069532 0.10974674 269.22140700042587 -30.22565155435416 269.32547827200415 -30.23101244492216 50.6959177632586 256.62300427284856 16000.0 16600.0 2016.0 2 3 {-999.0 17.227783 14.606565 13.127339 -999.0} sdss_psfmag_from_g3xp 15.794965 13.815518 12.512962 8.938 63050395284521451 1152061547 bright_1x1 mwm_galactic_core_dist_apogee_sparse mwm_galactic science 0 0 0.0 0.0 -999 ""
FIBERMAP 213 R+3C1 BOSS 0 0 0 1 0 0 -238.27592435158851 58.46720759578258 143.1 -58.071094396815084 -238.36499449867333 46.23563 64.85883 -999.0 -999.0 -999.0 -999.0 -999.0 269.2237089953879 -30.22489531308219 269.32797677801375 -30.23028064411286 50.69791575727458 256.6247362992717 -999.0 5400.0 -999.0 1 3 {-999.0 -999.0 -999.0 -999.0 -999.0} "" -999.0 -999.0 -999.0 -999.0 -999 -999 "" "" "" "" 0 0 0.0 0.0 -999 ""
FIBERMAP 213 R+3C1 METROLOGY 0 0 0 1 0 0 -239.00861212354613 58.60944800777643 143.1 -58.21211798623433 -239.0978940406379 46.23563 64.85883 -999.0 -999.0 -999.0 -999.0 -999.0 269.22325192228504 -30.227144818016452 269.3274713258055 -30.23252225634211 50.697876670654836 256.62113132934394 -999.0 6231.0 -999.0 -1 -999 {-999.0 -999.0 -999.0 -999.0 -999.0} "" -999.0 -999.0 -999.0 -999.0 -999 -999 "" "" "" "" 0 0 0.0 0.0 -999 ""
FIBERMAP 216 R-9C18 APOGEE 1 1 0 1 0 0 177.51318045405313 -179.63914689458625 143.1 179.3396689446026 177.80468671069954 206.87521 111.52304 270.05213424543274 -28.9665271874287 -9.3973875 -6.1736045 0.021408927 270.0521182797846 -28.966508218494287 270.1514542196637 -28.96985747179392 51.16787713979133 258.80070069307493 16000.0 16600.0 2016.0 2 192 {-999.0 17.641428 15.738047 14.353358 -999.0} sdss_psfmag_gaia 16.548996 15.068172 13.815795 10.806 63050395308110300 1154571115 bright_1x1 mwm_galactic_core_dist_apogee_sparse mwm_galactic science 0 0 0.0 0.0 -999 ""
FIBERMAP 216 R-9C18 BOSS 0 0 0 1 0 0 177.05085017025553 -179.02418692110214 143.1 178.72549368851264 177.34135383566414 206.87521 111.52304 -999.0 -999.0 -999.0 -999.0 -999.0 270.0498308972586 -28.96785645927096 270.1493656118334 -28.971245570682896 51.166358108313986 258.79795777188554 -999.0 5400.0 -999.0 1 265 {-999.0 -999.0 -999.0 -999.0 -999.0} "" -999.0 -999.0 -999.0 -999.0 -999 -999 "" "" "" "" 0 0 0.0 0.0 -999 ""
FIBERMAP 216 R-9C18 METROLOGY 0 0 0 1 0 0 177.7813707670406 -178.9440304495946 143.1 178.64413113429845 178.0717183119875 206.87521 111.52304 -999.0 -999.0 -999.0 -999.0 -999.0 270.04962598082346 -28.96563292983046 270.14909814521184 -28.969013476828827 51.16569023257165 258.8013747145535 -999.0 6231.0 -999.0 -1 -999 {-999.0 -999.0 -999.0 -999.0 -999.0} "" -999.0 -999.0 -999.0 -999.0 -999 -999 "" "" "" "" 0 0 0.0 0.0 -999 ""
FIBERMAP 223 R-7C9 APOGEE 1 1 0 1 0 0 -13.432788942695879 -139.86160478741039 143.1 139.8793304362718 -13.200952946087085 43.660866 49.752476 269.9176025390625 -29.544739421686984 -999.0 -999.0 -999.0 269.91760220028203 -29.54473001018317 270.0190253703277 -29.54832576813231 51.16477658110501 257.8599823030418 16000.0 16600.0 2015.5 2 186 {-999.0 -999.0 -999.0 -999.0 -999.0} "" -999.0 -999.0 -999.0 -999.0 27021603147275872 848879006 "" ops_sky_apogee_good ops_sky sky_apogee 0 0 0.0 0.0 -999 ""
FIBERMAP 223 R-7C9 BOSS 0 0 0 1 0 0 -13.37746209141428 -140.61649042767036 143.1 140.6341002533903 -13.144378900898873 43.660866 49.752476 -999.0 -999.0 -999.0 -999.0 -999.0 269.92010832413405 -29.544529061544875 270.0217248946586 -29.548149904015382 51.16705195530121 257.8609506399498 -999.0 5400.0 -999.0 1 380 {-999.0 -999.0 -999.0 -999.0 -999.0} "" -999.0 -999.0 -999.0 -999.0 -999 -999 "" "" "" "" 0 0 0.0 0.0 -999 ""
FIBERMAP 223 R-7C9 METROLOGY 0 0 0 1 0 0 -14.054076439892647 -140.28280305763533 143.1 140.3015430899176 -13.821523576097306 43.660866 49.752476 -999.0 -999.0 -999.0 -999.0 -999.0 269.91902627551417 -29.546595501476922 270.0205953148929 -29.550209826687304 51.1664672190059 257.8574324144831 -999.0 6231.0 -999.0 -1 -999 {-999.0 -999.0 -999.0 -999.0 -999.0} "" -999.0 -999.0 -999.0 -999.0 -999 -999 "" "" "" "" 0 0 0.0 0.0 -999 ""
FIBERMAP 224 R+2C5 APOGEE 1 1 0 1 0 0 -181.9459609946915 58.12522818235094 143.1 -57.82232505879722 -182.03627739503975 145.0612 61.45725 269.2254638671875 -30.055202091955124 -999.0 -999.0 -999.0 269.2254621958258 -30.05520808519572 269.3289169962441 -30.060593506299355 50.668822448467786 256.8885858981699 16000.0 16600.0 2015.5 2 23 {-999.0 -999.0 -999.0 -999.0 -999.0} "" -999.0 -999.0 -999.0 -999.0 27021603147180957 848859408 "" ops_sky_apogee_good ops_sky sky_apogee 0 0 0.0 0.0 -999 ""
FIBERMAP 224 R+2C5 BOSS 0 0 0 1 0 0 -181.253292466327 58.46159470943161 143.1 -58.159826799604254 -181.34418767425032 145.0612 61.45725 -999.0 -999.0 -999.0 -999.0 -999.0 269.22406881666245 -30.0531369475489 269.327716195948 -30.058557873039426 50.66743751091503 256.8914545936467 -999.0 5400.0 -999.0 1 34 {-999.0 -999.0 -999.0 -999.0 -999.0} "" -999.0 -999.0 -999.0 -999.0 -999 -999 "" "" "" "" 0 0 0.0 0.0 -999 ""
FIBERMAP 224 R+2C5 METROLOGY 0 0 0 1 0 0 -181.32292390735114 57.7083956133591 143.1 -57.40653672637349 -181.41257069203607 145.0612 61.45725 -999.0 -999.0 -999.0 -999.0 -999.0 269.2267524424497 -30.0533910197759 269.33034338285944 -30.0587956735974 50.66971739854363 256.89172383253236 -999.0 6231.0 -999.0 -1 -999 {-999.0 -999.0 -999.0 -999.0 -999.0} "" -999.0 -999.0 -999.0 -999.0 -999 -999 "" "" "" "" 0 0 0.0 0.0 -999 ""
FIBERMAP 226 R-2C25 APOGEE 1 1 0 1 0 0 290.6739037024077 -39.99319078788114 143.1 39.5109783486142 290.73072263340697 67.46088 27.494646 269.5690803700375 -28.625995761302274 -2.9804482 -8.233453 0.20614779 269.56904832776405 -28.62602361131434 269.66733521217833 -28.630767691499308 50.68413691480111 259.1923859532943 16000.0 16600.0 2016.0 2 239 {-999.0 19.670994 18.009182 14.675406 -999.0} sdss_psfmag_gaia 17.879065 15.351386 13.917669 10.199 63050395309603064 1154576884 bright_1x1 mwm_galactic_core_dist_apogee_sparse mwm_galactic science 0 0 0.0 0.0 -999 ""
FIBERMAP 226 R-2C25 BOSS 0 0 0 1 0 0 290.7716858234216 -40.768537171697744 143.1 40.28613800798207 290.8297844353119 67.46088 27.494646 -999.0 -999.0 -999.0 -999.0 -999.0 269.57151464400255 -28.625739216757882 269.6699954648639 -28.63051267918295 50.68636957406401 259.19353756649144 -999.0 5400.0 -999.0 1 349 {-999.0 -999.0 -999.0 -999.0 -999.0} "" -999.0 -999.0 -999.0 -999.0 -999 -999 "" "" "" "" 0 0 0.0 0.0 -999 ""
FIBERMAP 226 R-2C25 METROLOGY 0 0 0 1 0 0 290.08029057227407 -40.428834607484035 143.1 39.94759029913726 290.13784938066607 67.46088 27.494646 -999.0 -999.0 -999.0 -999.0 -999.0 269.57041343688314 -28.62775400352886 269.6688461752768 -28.63251982905455 50.68579499780878 259.1901099077831 -999.0 6231.0 -999.0 -1 -999 {-999.0 -999.0 -999.0 -999.0 -999.0} "" -999.0 -999.0 -999.0 -999.0 -999 -999 "" "" "" "" 0 0 0.0 0.0 -999 ""
FIBERMAP 229 R+9C7 APOGEE 1 1 0 1 0 0 -49.05533936323197 187.6744191259968 143.1 -187.58721881182578 -49.364272471543295 73.982956 103.906784 268.7751708432908 -29.650418269790322 -999.0 -999.0 -999.0 268.7751837042617 -29.65043546492385 268.8773133240242 -29.657140413279087 50.20987139363098 257.39865489997476 16000.0 16600.0 2016.0 2 133 {-999.0 -999.0 -999.0 -999.0 -999.0} "" -999.0 17.780077 -999.0 10.118 63050395286450997 1151488374 bright_1x1 mwm_galactic_core_dist_apogee_sparse mwm_galactic science 0 0 0.0 0.0 -999 ""
FIBERMAP 229 R+9C7 BOSS 0 0 0 1 0 0 -48.31355034033555 187.66812180734445 143.1 -187.58214900083252 -48.62249689203914 73.982956 103.906784 -999.0 -999.0 -999.0 -999.0 -999.0 268.7749548433379 -29.64816828374269 268.877278122505 -29.6549079889378 50.20942043811354 257.40207159375234 -999.0 5400.0 -999.0 1 123 {-999.0 -999.0 -999.0 -999.0 -999.0} "" -999.0 -999.0 -999.0 -999.0 -999 -999 "" "" "" "" 0 0 0.0 0.0 -999 ""
FIBERMAP 229 R+9C7 METROLOGY 0 0 0 1 0 0 -48.69191128326804 187.0251749712094 143.1 -186.93859684159682 -48.99978189490225 73.982956 103.906784 -999.0 -999.0 -999.0 -999.0 -999.0 268.77720722355866 -29.649346784590556 268.87947692173117 -29.656070521451827 50.211516153573534 257.40085059887565 -999.0 6231.0 -999.0 -1 -999 {-999.0 -999.0 -999.0 -999.0 -999.0} "" -999.0 -999.0 -999.0 -999.0 -999 -999 "" "" "" "" 0 0 0.0 0.0 -999 ""
FIBERMAP 230 R+10C2 APOGEE 0 0 0 1 0 0 -156.38355483040436 203.2871086772175 143.1 -203.02182939853867 -156.7148668364949 47.835968 148.27255 -999.0 -999.0 -999.0 -999.0 -999.0 268.719078940598 -29.974531694630823 268.8223852537837 -29.981322799701843 50.22314098509619 256.88700590855865 -999.0 16600.0 -999.0 2 -999 {-999.0 -999.0 -999.0 -999.0 -999.0} "" -999.0 -999.0 -999.0 -999.0 -999 -999 "" "" "" "" 0 0 0.0 0.0 -999 ""
FIBERMAP 230 R+10C2 BOSS 1 1 0 1 0 0 -155.69600709446024 203.51761318417869 143.1 -203.25346405222075 -156.0277225925228 47.835968 148.27255 268.7180617920134 -29.972418773406794 -0.51138157 -1.6414016 0.3065015 268.7180747125252 -29.97242313688304 268.82157621773416 -29.97924995770731 50.22207412039614 256.88999178880516 5400.0 5400.0 2016.0 1 18 {-999.0 14.449444 13.870061 13.634431 -999.0} sdss_psfmag_from_g3xp 14.304148 13.904858 13.232255 11.966 63050395285014162 1093285872 bright_3x1 mwm_astar_core_boss mwm_ob science 0 0 0.0 0.0 -999 ""
FIBERMAP 230 R+10C2 METROLOGY 0 0 0 1 0 0 -155.82600744901555 202.7884713999281 143.1 -202.5241306353181 -156.15651238516006 47.835968 148.27255 -999.0 -999.0 -999.0 -999.0 -999.0 268.72062177553886 -29.97287772819105 268.82406681879104 -29.979688245885292 50.22427523842111 256.88993287506435 -999.0 6231.0 -999.0 -1 -999 {-999.0 -999.0 -999.0 -999.0 -999.0} "" -999.0 -999.0 -999.0 -999.0 -999 -999 "" "" "" "" 0 0 0.0 0.0 -999 ""
FIBERMAP 231 R+2C20 APOGEE 0 0 0 1 0 0 164.26525564238054 57.22317413885705 143.1 -57.4931135591499 164.16529452263424 116.92157 56.789272 -999.0 -999.0 -999.0 -999.0 -999.0 269.2323573807719 -29.00583852318778 269.3320733333837 -29.011425162014167 50.47356603271084 258.5116929086032 -999.0 16600.0 -999.0 2 -999 {-999.0 -999.0 -999.0 -999.0 -999.0} "" -999.0 -999.0 -999.0 -999.0 -999 -999 "" "" "" "" 0 0 0.0 0.0 -999 ""
FIBERMAP 231 R+2C20 BOSS 1 1 0 1 0 0 165.00539579994853 57.16689804518039 143.1 -57.43806385280628 164.9055039807555 116.92157 56.789272 269.2323303222656 -29.00351535792508 -999.0 -999.0 -999.0 269.2323415620446 -29.00350620856489 269.3322474258495 -29.009128642379117 50.47325729213413 258.51527654967066 5400.0 5400.0 2015.5 1 230 {-999.0 -999.0 -999.0 -999.0 -999.0} "" -999.0 -999.0 -999.0 -999.0 27021603147280794 852503392 "" ops_sky_boss_fallback ops_sky sky_boss 0 0 0.0 0.0 -999 ""
FIBERMAP 231 R+2C20 METROLOGY 0 0 0 1 0 0 164.58578275413325 56.54733348646363 143.1 -56.81782496636358 164.48692951558334 116.92157 56.789272 -999.0 -999.0 -999.0 -999.0 -999.0 269.23453069860636 -29.00476734322376 269.3343842220248 -29.010373512615704 50.47533670695931 258.5139453098465 -999.0 6231.0 -999.0 -1 -999 {-999.0 -999.0 -999.0 -999.0 -999.0} "" -999.0 -999.0 -999.0 -999.0 -999 -999 "" "" "" "" 0 0 0.0 0.0 -999 ""
FIBERMAP 232 R+13C3 APOGEE 1 1 0 1 0 0 -83.28273309874317 256.77088397729386 143.1 -256.624830993697 -83.70488666588376 49.71428 76.51795 268.53500041824253 -29.751882896150097 -4.076599 -8.223761 0.10037807 268.53499947741375 -29.75192792784471 268.6375576233012 -29.75927055537563 50.02455808451778 257.18113280123356 16000.0 16600.0 2016.0 2 54 {-999.0 19.270159 16.946617 10.286082 -999.0} sdss_psfmag_ps1 17.575367 15.076197 13.582176 9.758 63050395286394714 1153390821 bright_1x1 mwm_galactic_core_dist_apogee_sparse mwm_galactic science 0 0 0.0 0.0 -999 ""
FIBERMAP 232 R+13C3 BOSS 0 0 0 1 0 0 -82.93814567346891 256.1231846719658 143.1 -255.97772265098368 -83.35923869383683 49.71428 76.51795 -999.0 -999.0 -999.0 -999.0 -999.0 268.5370486270806 -29.750873760239944 268.63980569012773 -29.758244704830307 50.02628243984307 257.18327139963236 -999.0 5400.0 -999.0 1 91 {-999.0 -999.0 -999.0 -999.0 -999.0} "" -999.0 -999.0 -999.0 -999.0 -999 -999 "" "" "" "" 0 0 0.0 0.0 -999 ""
FIBERMAP 232 R+13C3 METROLOGY 0 0 0 1 0 0 -83.66231636551501 256.1410639505449 143.1 -255.99440319921447 -84.0834156718397 49.71428 76.51795 -999.0 -999.0 -999.0 -999.0 -999.0 268.5369716251371 -29.75308629007366 268.63967903006346 -29.76044742214018 50.026587856241434 257.179871501814 -999.0 6231.0 -999.0 -1 -999 {-999.0 -999.0 -999.0 -999.0 -999.0} "" -999.0 -999.0 -999.0 -999.0 -999 -999 "" "" "" "" 0 0 0.0 0.0 -999 ""
FIBERMAP 234 R+3C20 APOGEE 1 1 0 1 0 0 152.06302238161888 65.54397908287972 143.1 -65.79346198913818 151.9496868509597 187.89899 80.42714 269.20333439461734 -29.042669019417023 -5.014537 -5.341069 0.12844104 269.2033303898481 -29.042670250644175 269.3031843441267 -29.048328705537696 50.4561585362739 258.4469794981772 16000.0 16600.0 2016.0 2 69 {-999.0 20.757723 19.374758 15.4167385 -999.0} sdss_psfmag_gaia 18.812654 16.042547 14.578359 10.596 63050395309328661 1154575600 bright_1x1 mwm_galactic_core_dist_apogee_sparse mwm_galactic science 0 0 0.0 0.0 -999 ""
FIBERMAP 234 R+3C20 BOSS 0 0 0 1 0 0 152.10775760224146 66.29161193654697 143.1 -66.5411448077179 151.99318365868615 187.89899 80.42714 -999.0 -999.0 -999.0 -999.0 -999.0 269.2005113393689 -29.04243435407667 269.30056362208467 -29.04813575712052 50.45387483581863 258.44656122715946 -999.0 5400.0 -999.0 1 224 {-999.0 -999.0 -999.0 -999.0 -999.0} "" -999.0 -999.0 -999.0 -999.0 -999 -999 "" "" "" "" 0 0 0.0 0.0 -999 ""
FIBERMAP 234 R+3C20 METROLOGY 0 0 0 1 0 0 152.73213675947542 65.88935535838999 143.1 -66.1399342177195 152.61820827213631 187.89899 80.42714 -999.0 -999.0 -999.0 -999.0 -999.0 269.20196312203086 -29.040540546936292 269.3019520993565 -29.046228404830835 50.454685264369594 258.44987615018795 -999.0 6231.0 -999.0 -1 -999 {-999.0 -999.0 -999.0 -999.0 -999.0} "" -999.0 -999.0 -999.0 -999.0 -999 -999 "" "" "" "" 0 0 0.0 0.0 -999 ""
FIBERMAP 243 R-11C12 APOGEE 1 1 0 1 0 0 80.43863192171392 -195.29881114972264 143.1 195.1594412700662 80.75917018061273 121.1664 72.978676 270.1084899902344 -29.259738476001914 -999.0 -999.0 -999.0 270.10850029725896 -29.25974419900941 270.2088537831029 -29.262877213702037 51.27369629028866 258.3571437530914 16000.0 16600.0 2015.5 2 183 {-999.0 -999.0 -999.0 -999.0 -999.0} "" -999.0 -999.0 -999.0 -999.0 27021603147276391 848879078 "" ops_sky_apogee_good ops_sky sky_apogee 0 0 0.0 0.0 -999 ""
FIBERMAP 243 R-11C12 BOSS 0 0 0 1 0 0 81.16558621448594 -195.07937381822111 143.1 194.93880823687365 81.4857380246203 121.1664 72.978676 -999.0 -999.0 -999.0 -999.0 -999.0 270.1075847713707 -29.257493271277145 270.20812396389977 -29.260661931213136 51.272650201368094 258.36042681678816 -999.0 5400.0 -999.0 1 376 {-999.0 -999.0 -999.0 -999.0 -999.0} "" -999.0 -999.0 -999.0 -999.0 -999 -999 "" "" "" "" 0 0 0.0 0.0 -999 ""
FIBERMAP 243 R-11C12 METROLOGY 0 0 0 1 0 0 80.99882208454727 -195.801542065084 143.1 195.6612291671356 81.32017410138485 121.1664 72.978676 -999.0 -999.0 -999.0 -999.0 -999.0 270.1101723972812 -29.257990174312333 270.210657744808 -29.261142383298687 51.274911702546866 258.36034437411854 -999.0 6231.0 -999.0 -1 -999 {-999.0 -999.0 -999.0 -999.0 -999.0} "" -999.0 -999.0 -999.0 -999.0 -999 -999 "" "" "" "" 0 0 0.0 0.0 -999 ""
FIBERMAP 244 R-4C15 APOGEE 1 1 0 1 0 0 63.40959098943393 -63.25584311645543 143.1 63.14889579148411 63.51220926520765 118.88322 103.683624 269.6504597118674 -29.311801547508274 -2.638214 -7.8501434 0.026812743 269.65048189931207 -29.311854285770014 269.7511571374704 -29.316230770370627 50.89199568810857 258.1526702817795 16000.0 16600.0 2016.0 2 199 {-999.0 18.210371 16.257393 14.666989 -999.0} sdss_psfmag_ps1 17.010527 15.337739 13.933893 10.725 63050395307850916 1153483864 bright_1x1 mwm_galactic_core_dist_apogee_sparse mwm_galactic science 0 0 0.0 0.0 -999 ""
FIBERMAP 244 R-4C15 BOSS 0 0 0 1 0 0 63.97501581059538 -62.76527014504488 143.1 62.65740309428886 64.07680423435627 118.88322 103.683624 -999.0 -999.0 -999.0 -999.0 -999.0 269.64861835257494 -29.310067763089762 269.7494839199346 -29.314483033909813 50.89022956520107 258.1549477679919 -999.0 5400.0 -999.0 1 280 {-999.0 -999.0 -999.0 -999.0 -999.0} "" -999.0 -999.0 -999.0 -999.0 -999 -999 "" "" "" "" 0 0 0.0 0.0 -999 ""
FIBERMAP 244 R-4C15 METROLOGY 0 0 0 1 0 0 64.1139672194894 -63.505118698344404 143.1 63.396997949633636 64.21697526789107 118.88322 103.683624 -999.0 -999.0 -999.0 -999.0 -999.0 269.6512553654458 -29.309649985668496 269.7520630877292 -29.314048679149355 50.89235394976479 258.1563052174397 -999.0 6231.0 -999.0 -1 -999 {-999.0 -999.0 -999.0 -999.0 -999.0} "" -999.0 -999.0 -999.0 -999.0 -999 -999 "" "" "" "" 0 0 0.0 0.0 -999 ""
FIBERMAP 249 R+8C6 APOGEE 0 0 0 1 0 0 -78.38141443593733 158.71116995799977 143.1 -158.57638076579352 -78.64148387368142 8.157529 127.22858 -999.0 -999.0 -999.0 -999.0 -999.0 268.87534365685957 -29.739975128539875 268.97776546066564 -29.746386626035967 50.312301880663604 257.28709732304156 -999.0 16600.0 -999.0 2 -999 {-999.0 -999.0 -999.0 -999.0 -999.0} "" -999.0 -999.0 -999.0 -999.0 -999 -999 "" "" "" "" 0 0 0.0 0.0 -999 ""
FIBERMAP 249 R+8C6 BOSS 1 1 0 1 0 0 -77.86403056608691 158.2102499702324 143.1 -158.07633291417716 -78.12328786508346 8.157529 127.22858 268.8768466275268 -29.73839928028601 -1.0006119 -0.101084925 -0.24170221 268.87682933523575 -29.73841349561189 268.97944635810694 -29.744854358687533 50.31345044866352 257.2898803488566 5400.0 5400.0 2016.0 1 79 {-999.0 17.413013 15.925017 15.255487 -999.0} sdss_psfmag_ps1 16.6137 15.941816 14.267516 11.702 63050395285100802 1093354482 bright_3x1 mwm_astar_core_boss mwm_ob science 0 0 0.0 0.0 -999 ""
FIBERMAP 249 R+8C6 METROLOGY 0 0 0 1 0 0 -78.58567985514428 157.99160491207806 143.1 -157.85650090608232 -78.84455218686419 8.157529 127.22858 -999.0 -999.0 -999.0 -999.0 -999.0 268.87761249126106 -29.740624289748162 268.9801801799895 -29.74705315116672 50.31448584456905 257.28668308520696 -999.0 6231.0 -999.0 -1 -999 {-999.0 -999.0 -999.0 -999.0 -999.0} "" -999.0 -999.0 -999.0 -999.0 -999 -999 "" "" "" "" 0 0 0.0 0.0 -999 ""
FIBERMAP 253 R+5C3 APOGEE 1 1 0 1 0 0 -202.8897903154081 83.4482020481435 143.1 -83.10983232268761 -203.02133035592925 265.16266 71.68888 269.1367163717595 -30.11798254886096 -6.8960185 -7.5416164 0.09551236 269.136698724986 -30.117976815032904 269.24040510949595 -30.123592499684772 50.604639087328785 256.7693990416249 16000.0 16600.0 2016.0 2 19 {-999.0 20.124641 19.044958 14.513787 -999.0} sdss_psfmag_gaia 18.04063 15.087192 13.582585 9.526 63050395284906418 1154459564 bright_1x1 mwm_galactic_core_dist_apogee_sparse mwm_galactic science 0 0 0.0 0.0 -999 ""
FIBERMAP 253 R+5C3 BOSS 0 0 0 1 0 0 -203.58444581394568 83.70806402285199 143.1 -83.36853661625425 -203.7163934552017 265.16266 71.68888 -999.0 -999.0 -999.0 -999.0 -999.0 269.13556518913595 -30.120074076511084 269.23947972408655 -30.125723592102496 50.60422870722065 256.7658709957117 -999.0 5400.0 -999.0 1 28 {-999.0 -999.0 -999.0 -999.0 -999.0} "" -999.0 -999.0 -999.0 -999.0 -999 -999 "" "" "" "" 0 0 0.0 0.0 -999 ""
FIBERMAP 253 R+5C3 METROLOGY 0 0 0 1 0 0 -202.9948289969335 84.18642736927897 143.1 -83.84786010738546 -203.12758706735508 265.16266 71.68888 -999.0 -999.0 -999.0 -999.0 -999.0 269.1339371161401 -30.118328656117804 269.23778906773356 -30.123974177475723 50.60247972277325 256.7681757921695 -999.0 6231.0 -999.0 -1 -999 {-999.0 -999.0 -999.0 -999.0 -999.0} "" -999.0 -999.0 -999.0 -999.0 -999 -999 "" "" "" "" 0 0 0.0 0.0 -999 ""
FIBERMAP 255 R-5C11 APOGEE 1 1 0 1 0 0 -5.545030079659095 -87.05099468169324 143.1 87.05736872443325 -5.400824055045019 48.536316 130.39137 269.73358603129225 -29.521115629116448 5.2061315 -4.6125283 2.0158222 269.7336179754248 -29.52111980884151 269.8350119634609 -29.52522451873905 51.003172283697246 257.84879605482445 16000.0 16600.0 2016.0 2 170 {-999.0 11.288563 11.121066 11.120576 -999.0} sdss_psfmag_from_g3xp 11.299978 11.1140785 10.793104 10.324 63050395307760053 975030834 "" ops_std_apogee ops_std standard_apogee 0 0 0.0 0.0 -999 ""
FIBERMAP 255 R-5C11 BOSS 0 0 0 1 0 0 -4.778157208600928 -87.0858643854733 143.1 87.09096849967709 -4.633918160700948 48.536316 130.39137 -999.0 -999.0 -999.0 -999.0 -999.0 269.73359890500154 -29.51876153766622 269.83518041142173 -29.522899143328463 51.00288283290485 257.8524700058749 -999.0 5400.0 -999.0 1 409 {-999.0 -999.0 -999.0 -999.0 -999.0} "" -999.0 -999.0 -999.0 -999.0 -999 -999 "" "" "" "" 0 0 0.0 0.0 -999 ""
FIBERMAP 255 R-5C11 METROLOGY 0 0 0 1 0 0 -5.175361670338844 -87.71024096399582 143.1 87.715982175669 -5.030076801067155 48.536316 130.39137 -999.0 -999.0 -999.0 -999.0 -999.0 269.7358420462269 -29.519975106870852 269.8373716814383 -29.524097138776206 51.00497947048383 257.85116441688433 -999.0 6231.0 -999.0 -1 -999 {-999.0 -999.0 -999.0 -999.0 -999.0} "" -999.0 -999.0 -999.0 -999.0 -999 -999 "" "" "" "" 0 0 0.0 0.0 -999 ""
FIBERMAP 266 R-11C1 APOGEE 1 1 0 1 0 0 -180.26584618249657 -208.70327142259126 143.1 208.99481121939064 -179.91474343011444 157.6348 118.29379 270.1580669055993 -30.048207853091295 -3.6692834 -1.9100493 0.07232525 270.1580733798323 -30.048223512255255 270.26122738194067 -30.051054807768764 51.46157138715594 257.1288951942048 16000.0 16600.0 2016.0 2 260 {-999.0 17.98496 16.074406 13.536173 -999.0} sdss_psfmag_gaia 16.450748 14.259122 12.89917 9.49 63050395257679132 1154363879 bright_1x1 mwm_galactic_core_dist_apogee_sparse mwm_galactic science 0 0 0.0 0.0 -999 ""
FIBERMAP 266 R-11C1 BOSS 0 0 0 1 0 0 -180.22972155163484 -207.9470870940168 143.1 208.23859144739063 -179.87987108374662 157.6348 118.29379 -999.0 -999.0 -999.0 -999.0 -999.0 270.1552395998229 -30.04809704694292 270.25858825438746 -30.050965683418493 51.45930607287366 257.12840136892794 -999.0 5400.0 -999.0 1 354 {-999.0 -999.0 -999.0 -999.0 -999.0} "" -999.0 -999.0 -999.0 -999.0 -999 -999 "" "" "" "" 0 0 0.0 0.0 -999 ""
FIBERMAP 266 R-11C1 METROLOGY 0 0 0 1 0 0 -179.60133179278228 -208.37184051175203 143.1 208.66229151764955 -179.25079877621357 157.6348 118.29379 -999.0 -999.0 -999.0 -999.0 -999.0 270.1568171408399 -30.04623608092213 270.2601035545208 -30.049092416094314 51.46027355558488 257.1317269827979 -999.0 6231.0 -999.0 -1 -999 {-999.0 -999.0 -999.0 -999.0 -999.0} "" -999.0 -999.0 -999.0 -999.0 -999 -999 "" "" "" "" 0 0 0.0 0.0 -999 ""
FIBERMAP 267 R-9C2 APOGEE 0 0 0 1 0 0 -157.8337330220242 -184.22484540369445 143.1 184.4800582519752 -157.52385193853075 322.68802 110.69048 -999.0 -999.0 -999.0 -999.0 -999.0 270.0728955812656 -29.981212359118853 270.17583429906716 -29.984291011461046 51.37714062685236 257.213684875837 -999.0 16600.0 -999.0 2 -999 {-999.0 -999.0 -999.0 -999.0 -999.0} "" -999.0 -999.0 -999.0 -999.0 -999 -999 "" "" "" "" 0 0 0.0 0.0 -999 ""
FIBERMAP 267 R-9C2 BOSS 1 1 0 1 0 0 -158.00005492365048 -184.9206823526218 143.1 185.17614799967112 -157.68901721334973 322.68802 110.69048 270.0751339811774 -29.98168250506519 -1.955251 2.843542 0.7142927 270.0751447265298 -29.98168379774184 270.1782790614716 -29.984786143537324 51.379312150124015 257.2134974464312 5400.0 5400.0 2016.0 1 457 {-999.0 16.17324 15.560666 15.34648 -999.0} sdss_psfmag_gaia 16.001265 15.602171 14.986409 -999.0 63050395257709840 982148069 "" ops_std_boss_tic ops_std standard_boss 0 0 0.0 0.0 -999 ""
FIBERMAP 267 R-9C2 METROLOGY 0 0 0 1 0 0 -158.55722031365852 -184.4147515795807 143.1 184.671155343309 -158.2470017528296 322.68802 110.69048 -999.0 -999.0 -999.0 -999.0 -999.0 270.07347667427115 -29.983412076939885 270.1765625927123 -29.98651013727109 51.37814995734021 257.21036128242844 -999.0 6231.0 -999.0 -1 -999 {-999.0 -999.0 -999.0 -999.0 -999.0} "" -999.0 -999.0 -999.0 -999.0 -999 -999 "" "" "" "" 0 0 0.0 0.0 -999 ""
FIBERMAP 274 R+2C17 APOGEE 1 1 0 1 0 0 109.84517323845003 31.07436670643382 143.1 -31.255108164157264 109.79022648111155 45.438175 32.328938 269.3224922013975 -29.17069365587541 -3.1105664 -4.3731856 0.13375655 269.32245778589487 -29.170702825972757 269.4227292047626 -29.176007852657996 50.583726849580934 258.2824993360459 16000.0 16600.0 2016.0 2 61 {-999.0 19.039204 17.095297 14.732211 -999.0} sdss_psfmag_gaia 17.366241 15.461607 13.917624 10.403 63050395309190977 1154574780 bright_1x1 mwm_galactic_core_dist_apogee_sparse mwm_galactic science 0 0 0.0 0.0 -999 ""
FIBERMAP 274 R+2C17 BOSS 0 0 0 1 0 0 109.60935120198786 30.35699852787006 143.1 -30.53737289006603 109.55559893104898 45.438175 32.328938 -999.0 -999.0 -999.0 -999.0 -999.0 269.3247327801591 -29.17132864478988 269.4252035566237 -29.176661746654975 50.585973431823035 258.28215486283517 -999.0 5400.0 -999.0 1 207 {-999.0 -999.0 -999.0 -999.0 -999.0} "" -999.0 -999.0 -999.0 -999.0 -999 -999 "" "" "" "" 0 0 0.0 0.0 -999 ""
FIBERMAP 274 R+2C17 METROLOGY 0 0 0 1 0 0 109.11477585490978 30.928583729735724 143.1 -31.108121419734797 109.06009379446202 45.438175 32.328938 -999.0 -999.0 -999.0 -999.0 -999.0 269.32279360016605 -29.17282315673321 269.42321416963193 -29.178151497218614 50.584561348283856 258.27931884457814 -999.0 6231.0 -999.0 -1 -999 {-999.0 -999.0 -999.0 -999.0 -999.0} "" -999.0 -999.0 -999.0 -999.0 -999 -999 "" "" "" "" 0 0 0.0 0.0 -999 ""
FIBERMAP 280 R-3C15 APOGEE 0 0 0 1 0 0 58.642553122815144 -50.43266990644147 143.1 50.334022248547356 58.72410854643228 18.67193 158.97375 -999.0 -999.0 -999.0 -999.0 -999.0 269.6058565932779 -29.32631175791943 269.70659620994604 -29.3308074658742 50.85664576788136 258.11823085530017 -999.0 16600.0 -999.0 2 -999 {-999.0 -999.0 -999.0 -999.0 -999.0} "" -999.0 -999.0 -999.0 -999.0 -999 -999 "" "" "" "" 0 0 0.0 0.0 -999 ""
FIBERMAP 280 R-3C15 BOSS 1 1 0 1 0 0 59.412683486791146 -50.48494531857339 143.1 50.38502178263445 59.49430062700448 18.67193 158.97375 269.6058654785156 -29.323894421569335 -999.0 -999.0 -999.0 269.6058756861654 -29.32390537600657 269.70680314427045 -29.328434868733364 50.85636952103113 258.1219746985457 5400.0 5400.0 2015.5 1 328 {-999.0 -999.0 -999.0 -999.0 -999.0} "" -999.0 -999.0 -999.0 -999.0 27021603147276995 852502625 "" ops_sky_boss_fallback ops_sky sky_boss 0 0 0.0 0.0 -999 ""
FIBERMAP 280 R-3C15 METROLOGY 0 0 0 1 0 0 58.987873631554955 -51.09618476161788 143.1 50.99694441944083 59.070515745512495 18.67193 158.97375 -999.0 -999.0 -999.0 -999.0 -999.0 269.6080657034514 -29.325199734518762 269.70894144697144 -29.32971350252561 50.858443705820314 258.1205507527293 -999.0 6231.0 -999.0 -1 -999 {-999.0 -999.0 -999.0 -999.0 -999.0} "" -999.0 -999.0 -999.0 -999.0 -999 -999 "" "" "" "" 0 0 0.0 0.0 -999 ""
FIBERMAP 284 R-1C5 APOGEE 1 1 0 1 0 0 -181.6138936880086 -38.287737265636224 143.1 38.586989491312934 -181.54470355093082 353.73843 44.941208 269.56312599986796 -30.05478606865423 -1.1985824 -6.257767 0.21910328 269.56308817316193 -30.054795066710376 269.66644385143775 -30.05925503946057 50.95610185269098 256.9725149930367 16000.0 16600.0 2016.0 2 281 {-999.0 20.033735 19.570873 14.030821 -999.0} sdss_psfmag_gaia 17.711819 14.502614 12.905993 8.555 63050395284715730 1154459191 bright_1x1 mwm_galactic_core_dist_apogee_sparse mwm_galactic science 0 0 0.0 0.0 -999 ""
FIBERMAP 284 R-1C5 BOSS 0 0 0 1 0 0 -182.28076144320815 -38.626217944726235 143.1 38.92656262821373 -182.21098983062657 353.73843 44.941208 -999.0 -999.0 -999.0 -999.0 -999.0 269.564087652926 -30.056835986897905 269.6676480598142 -30.06132339479802 50.95749205519563 256.9695741044402 -999.0 5400.0 -999.0 1 462 {-999.0 -999.0 -999.0 -999.0 -999.0} "" -999.0 -999.0 -999.0 -999.0 -999 -999 "" "" "" "" 0 0 0.0 0.0 -999 ""
FIBERMAP 284 R-1C5 METROLOGY 0 0 0 1 0 0 -182.2492377162648 -37.903281108430576 143.1 38.20359689125131 -182.180663231517 353.73843 44.941208 -999.0 -999.0 -999.0 -999.0 -999.0 269.5616179440743 -30.056774954236523 269.66512284740435 -30.061260474867527 50.95532958032693 256.96906147046604 -999.0 6231.0 -999.0 -1 -999 {-999.0 -999.0 -999.0 -999.0 -999.0} "" -999.0 -999.0 -999.0 -999.0 -999 -999 "" "" "" "" 0 0 0.0 0.0 -999 ""
FIBERMAP 286 R-5C13 APOGEE 1 0 1 1 0 0 34.42568705648266 -89.34759003978603 143.1 89.28775783638606 34.57240703651568 9.437534 170.29074 269.8200988769531 -29.390766470689243 -999.0 -999.0 -999.0 269.7414304191898 -29.399782913727318 269.842390671011 -29.403891738791913 50.986717803057026 258.0400664083693 16000.0 16600.0 2015.5 2 162 {-999.0 -999.0 -999.0 -999.0 -999.0} "" -999.0 -999.0 -999.0 -999.0 27021603147276804 848879170 "" ops_sky_apogee_good ops_sky sky_apogee 0 0 0.0 0.0 -999 ""
FIBERMAP 286 R-5C13 BOSS 0 0 1 1 0 0 35.164938607967386 -89.33297928486779 143.1 89.27192444469385 35.311610633400896 9.437534 170.29074 -999.0 -999.0 -999.0 -999.0 -999.0 269.7412378363659 -29.397486037990973 269.84238568560477 -29.401628672169714 50.98628607079148 258.04359539254676 -999.0 5400.0 -999.0 1 392 {-999.0 -999.0 -999.0 -999.0 -999.0} "" -999.0 -999.0 -999.0 -999.0 -999 -999 "" "" "" "" 0 0 0.0 0.0 -999 ""
FIBERMAP 286 R-5C13 METROLOGY 0 0 1 1 0 0 34.80601571360775 -89.98701473427032 143.1 89.92653269984186 34.953781400149694 9.437534 170.29074 -999.0 -999.0 -999.0 -999.0 -999.0 269.7435821985098 -29.398580114833678 269.84467777003715 -29.40270679575266 50.988450627324035 258.0425127435609 -999.0 6231.0 -999.0 -1 -999 {-999.0 -999.0 -999.0 -999.0 -999.0} "" -999.0 -999.0 -999.0 -999.0 -999 -999 "" "" "" "" 0 0 0.0 0.0 -999 ""
FIBERMAP 290 R+8C13 APOGEE 0 0 0 1 0 0 63.54725151829322 146.14995524536985 143.1 -146.2503940072083 63.30339919725484 217.49951 143.84613 -999.0 -999.0 -999.0 -999.0 -999.0 268.9219051487019 -29.30990102633412 269.0227828252822 -29.316274917269403 50.26884163608795 257.9596666866114 -999.0 16600.0 -999.0 2 -999 {-999.0 -999.0 -999.0 -999.0 -999.0} "" -999.0 -999.0 -999.0 -999.0 -999 -999 "" "" "" "" 0 0 0.0 0.0 -999 ""
FIBERMAP 290 R+8C13 BOSS 1 1 0 1 0 0 62.78907911081084 146.13296325976353 143.1 -146.23214815648672 62.54527929282727 217.49951 143.84613 268.9217012809807 -29.31209629714873 -8.202353 -9.82523 -0.044586487 268.9216765591706 -29.312137750376174 269.02276257836934 -29.318546463556295 50.269266501428184 257.9561754666513 5400.0 5400.0 2016.0 1 157 {-999.0 18.616373 16.181469 15.172193 -999.0} sdss_psfmag_ps1 16.982405 15.40475 14.098278 10.779 63050395286759657 1093354766 bright_3x1 mwm_astar_core_boss mwm_ob science 0 0 0.0 0.0 -999 ""
FIBERMAP 290 R+8C13 METROLOGY 0 0 0 1 0 0 63.15817046777666 146.78879337269555 143.1 -146.8885678413611 62.913273692270344 217.49951 143.84613 -999.0 -999.0 -999.0 -999.0 -999.0 268.91944695129416 -29.31101193270039 269.02047283560285 -29.317417178503973 50.26708840667507 257.95730041640917 -999.0 6231.0 -999.0 -1 -999 {-999.0 -999.0 -999.0 -999.0 -999.0} "" -999.0 -999.0 -999.0 -999.0 -999 -999 "" "" "" "" 0 0 0.0 0.0 -999 ""
FIBERMAP 294 R+11C8 APOGEE 1 1 0 1 0 0 -26.622814674063733 203.20978127186908 143.1 -203.15919627439257 -26.958172982750078 252.96835 71.59296 268.7217755149683 -29.58205507712747 -1.0130684 -5.3165064 -0.13844095 268.7217810129024 -29.58209457459162 268.8236815874984 -29.588960302703594 50.15118316842225 257.4894132711851 16000.0 16600.0 2016.0 2 129 {-999.0 22.468018 17.043886 15.063213 -999.0} sdss_psfmag_ps1 17.471745 15.378561 13.70045 9.826 63050395286460587 1153391068 bright_1x1 mwm_galactic_core_dist_apogee_sparse mwm_galactic science 0 0 0.0 0.0 -999 ""
FIBERMAP 294 R+11C8 BOSS 0 0 0 1 0 0 -27.225979432752936 203.61854898479126 143.1 -203.56695288935654 -27.561994652901806 252.96835 71.59296 -999.0 -999.0 -999.0 -999.0 -999.0 268.7200875204205 -29.583883478379505 268.8221968598645 -29.59078748435449 50.150263085112435 257.4862306126231 -999.0 5400.0 -999.0 1 116 {-999.0 -999.0 -999.0 -999.0 -999.0} "" -999.0 -999.0 -999.0 -999.0 -999 -999 "" "" "" "" 0 0 0.0 0.0 -999 ""
FIBERMAP 294 R+11C8 METROLOGY 0 0 0 1 0 0 -26.566844468515445 203.95467989317967 143.1 -203.90416353708443 -26.9034370276702 252.96835 71.59296 -999.0 -999.0 -999.0 -999.0 -999.0 268.7189615201461 -29.58189172719642 268.82100685030724 -29.588789608389146 50.148867228896066 257.48898447077727 -999.0 6231.0 -999.0 -1 -999 {-999.0 -999.0 -999.0 -999.0 -999.0} "" -999.0 -999.0 -999.0 -999.0 -999 -999 "" "" "" "" 0 0 0.0 0.0 -999 ""
FIBERMAP 300 R-4C2 APOGEE 0 0 0 1 0 0 -224.8948121202018 -65.67745861279612 143.1 66.04743890817875 -224.77891283642546 84.20309 125.79975 -999.0 -999.0 -999.0 -999.0 -999.0 269.65881451345575 -30.185147602837247 269.76261245022806 -30.189317909926366 51.060702999703516 256.79204767145586 -999.0 16600.0 -999.0 2 -999 {-999.0 -999.0 -999.0 -999.0 -999.0} "" -999.0 -999.0 -999.0 -999.0 -999 -999 "" "" "" "" 0 0 0.0 0.0 -999 ""
FIBERMAP 300 R-4C2 BOSS 1 1 0 1 0 0 -224.23894860418872 -65.28768006191132 143.1 65.65658775641059 -224.12371531529953 84.20309 125.79975 269.65724615548515 -30.183141019659086 2.102442 -7.1873693 0.9772115 269.65726628728504 -30.18317800314191 269.76125487801306 -30.187382913176176 51.05921263114418 256.7947571747991 5400.0 5400.0 2016.0 1 453 {-999.0 15.906254 15.318643 15.115061 -999.0} sdss_psfmag_gaia 15.752202 15.35902 14.76376 -999.0 63050395284572798 981937101 "" ops_std_boss_tic ops_std standard_boss 0 0 0.0 0.0 -999 ""
FIBERMAP 300 R-4C2 METROLOGY 0 0 0 1 0 0 -224.23860634829984 -66.0364742137366 143.1 66.40535725418565 -224.12213417520968 84.20309 125.79975 -999.0 -999.0 -999.0 -999.0 -999.0 269.65995602852075 -30.183216950383414 269.76388803869844 -30.18740599057431 51.061458396102495 256.79534726762904 -999.0 6231.0 -999.0 -1 -999 {-999.0 -999.0 -999.0 -999.0 -999.0} "" -999.0 -999.0 -999.0 -999.0 -999 -999 "" "" "" "" 0 0 0.0 0.0 -999 ""
FIBERMAP 303 R-1C21 APOGEE 0 0 0 1 0 0 170.32750176611697 -11.881062022621734 143.1 11.598869494629367 170.3416800009214 5.8970733 166.64836 -999.0 -999.0 -999.0 -999.0 -999.0 269.47195625422603 -28.98787883644387 269.5715397806196 -28.992812643573647 50.67511045877222 258.6060444298401 -999.0 16600.0 -999.0 2 -999 {-999.0 -999.0 -999.0 -999.0 -999.0} "" -999.0 -999.0 -999.0 -999.0 -999 -999 "" "" "" "" 0 0 0.0 0.0 -999 ""
FIBERMAP 303 R-1C21 BOSS 1 1 0 1 0 0 171.07683309412081 -11.966060681821478 143.1 11.68262563554757 171.091127855881 5.8970733 166.64836 269.4720683680572 -28.985527568650106 -8.196191 -6.838242 0.058518644 269.4720616385327 -28.985515629893104 269.5718335158607 -28.990484525615816 50.674899752200986 258.609725489749 5400.0 5400.0 2016.0 1 324 {-999.0 18.848763 16.878149 15.163507 -999.0} sdss_psfmag_gaia 17.603739 15.896208 14.595565 11.456 63050395309261455 1093413856 bright_3x1 mwm_astar_core_boss mwm_ob science 0 0 0.0 0.0 -999 ""
FIBERMAP 303 R-1C21 METROLOGY 0 0 0 1 0 0 170.6250406654112 -12.567333703665657 143.1 12.28462681497973 170.64034477926424 5.8970733 166.64836 -999.0 -999.0 -999.0 -999.0 -999.0 269.4742023682425 -28.98687192381141 269.57392264453176 -28.991824777130784 50.676956942259096 258.60822558356995 -999.0 6231.0 -999.0 -1 -999 {-999.0 -999.0 -999.0 -999.0 -999.0} "" -999.0 -999.0 -999.0 -999.0 -999 -999 "" "" "" "" 0 0 0.0 0.0 -999 ""
FIBERMAP 306 R+4C10 APOGEE 0 0 0 1 0 0 -57.082769365328694 61.19978954516212 143.1 -61.10337621642896 -57.182189384513066 287.99283 49.799976 -999.0 -999.0 -999.0 -999.0 -999.0 269.21576455208543 -29.677079182152735 269.3178654890478 -29.682570377832334 50.590659899218274 257.47184667118705 -999.0 16600.0 -999.0 2 -999 {-999.0 -999.0 -999.0 -999.0 -999.0} "" -999.0 -999.0 -999.0 -999.0 -999 -999 "" "" "" "" 0 0 0.0 0.0 -999 ""
FIBERMAP 306 R+4C10 BOSS 1 1 0 1 0 0 -57.763563196274404 61.47985667922299 143.1 -61.382307953785045 -57.863424691954975 287.99283 49.799976 269.2145315975567 -29.679174364686226 5.540754 11.450275 0.0875166 269.2145387125879 -29.679142407972716 269.31684652355204 -29.68466923239528 50.590179876790074 257.4683391960588 5400.0 5400.0 2016.0 1 76 {-999.0 15.993952 15.173464 14.866172 -999.0} sdss_psfmag_gaia 15.14321 15.21418 13.908083 12.646 63050395285266243 1093413788 bright_3x1 mwm_astar_core_boss mwm_ob science 0 0 0.0 0.0 -999 ""
FIBERMAP 306 R+4C10 METROLOGY 0 0 0 1 0 0 -57.19207544155225 61.9397560298739 143.1 -61.8431380482004 -57.292716234150966 287.99283 49.799976 -999.0 -999.0 -999.0 -999.0 -999.0 269.21298762023434 -29.677417198525223 269.31523327747254 -29.682939376804338 50.58848142687057 257.4706064799633 -999.0 6231.0 -999.0 -1 -999 {-999.0 -999.0 -999.0 -999.0 -999.0} "" -999.0 -999.0 -999.0 -999.0 -999 -999 "" "" "" "" 0 0 0.0 0.0 -999 ""
FIBERMAP 313 R-10C2 APOGEE 0 0 0 1 0 0 -146.04297548368606 -186.9744362863002 143.1 187.21005263458886 -145.728924440017 32.94768 118.69315 -999.0 -999.0 -999.0 -999.0 -999.0 270.0824292943868 -29.945560428823185 270.18523692102525 -29.94862046285393 51.378905891077416 257.2722356566162 -999.0 16600.0 -999.0 2 -999 {-999.0 -999.0 -999.0 -999.0 -999.0} "" -999.0 -999.0 -999.0 -999.0 -999 -999 "" "" "" "" 0 0 0.0 0.0 -999 ""
FIBERMAP 313 R-10C2 BOSS 1 1 0 1 0 0 -145.36288167286537 -187.41038424255902 143.1 187.6448613378474 -145.04813122217865 32.94768 118.69315 270.0837707519531 -29.943483335870724 -999.0 -999.0 -999.0 270.08377679500904 -29.943485007953694 270.1867710515848 -29.946571870456715 51.37985456475345 257.2758409524338 5400.0 5400.0 2015.5 1 515 {-999.0 -999.0 -999.0 -999.0 -999.0} "" -999.0 -999.0 -999.0 -999.0 27021603147095675 852458584 "" ops_sky_boss_fallback ops_sky sky_boss 0 0 0.0 0.0 -999 ""
FIBERMAP 313 R-10C2 METROLOGY 0 0 0 1 0 0 -146.03102747598913 -187.72233698954108 143.1 187.95790951056736 -145.71573939969065 32.94768 118.69315 -999.0 -999.0 -999.0 -999.0 -999.0 270.08495507254077 -29.945527899965196 270.1879011917827 -29.948602573882162 51.38117536535229 257.27291364563126 -999.0 6231.0 -999.0 -1 -999 {-999.0 -999.0 -999.0 -999.0 -999.0} "" -999.0 -999.0 -999.0 -999.0 -999 -999 "" "" "" "" 0 0 0.0 0.0 -999 ""
FIBERMAP 316 R-2C11 APOGEE 1 1 0 1 0 0 -35.244000105922495 -43.73728446045943 143.1 43.79418940385252 -35.170502120027614 310.49582 136.28621 269.58251850385466 -29.61134886085118 -2.7580774 -2.2776432 0.16227458 269.5825206889094 -29.61136634662022 269.684280865072 -29.615866089015924 50.891200004900945 257.6687694151549 16000.0 16600.0 2016.0 2 299 {-999.0 17.472494 15.234873 14.122373 -999.0} sdss_psfmag_ps1 16.151312 14.626956 13.431734 10.371 63050395285207678 1153386938 bright_1x1 mwm_galactic_core_dist_apogee_sparse mwm_galactic science 0 0 0.0 0.0 -999 ""
FIBERMAP 316 R-2C11 BOSS 0 0 0 1 0 0 -35.26782956677642 -44.49035755853443 143.1 44.54727770282772 -35.19308483950241 310.49582 136.28621 -999.0 -999.0 -999.0 -999.0 -999.0 269.58498568510834 -29.611427850087157 269.68694225730184 -29.615953092521487 50.89348977750554 257.66931336859733 -999.0 5400.0 -999.0 1 495 {-999.0 -999.0 -999.0 -999.0 -999.0} "" -999.0 -999.0 -999.0 -999.0 -999 -999 "" "" "" "" 0 0 0.0 0.0 -999 ""
FIBERMAP 316 R-2C11 METROLOGY 0 0 0 1 0 0 -35.90859154718136 -44.08558076062246 143.1 44.14357407986208 -35.83449591886343 310.49582 136.28621 -999.0 -999.0 -999.0 -999.0 -999.0 269.5836312305275 -29.613386018892044 269.6855393941252 -29.61790541375019 50.89265292248382 257.66591365683666 -999.0 6231.0 -999.0 -1 -999 {-999.0 -999.0 -999.0 -999.0 -999.0} "" -999.0 -999.0 -999.0 -999.0 -999 -999 "" "" "" "" 0 0 0.0 0.0 -999 ""
FIBERMAP 318 R-5C18 APOGEE 1 1 0 1 0 0 162.8820785297033 -86.08077791737226 143.1 85.80851708112324 163.01926121930302 87.315834 48.59976 269.7290941574006 -29.010575243872704 -1.414959 -12.69868 0.08659234 269.72911075743923 -29.010599572982954 269.828698673386 -29.01482409335246 50.899928232426646 258.64228867642055 16000.0 16600.0 2016.0 2 216 {-999.0 16.390955 14.28647 12.543881 -999.0} sdss_psfmag_from_g3xp 15.360377 13.284539 11.9183235 8.54 63050395308164137 1152070430 bright_1x1 mwm_galactic_core_dist_apogee_sparse mwm_galactic science 0 0 0.0 0.0 -999 ""
FIBERMAP 318 R-5C18 BOSS 0 0 0 1 0 0 163.43382715885505 -86.57961917834677 143.1 86.30642941562098 163.57181744243465 87.315834 48.59976 -999.0 -999.0 -999.0 -999.0 -999.0 269.73067044914745 -29.008844592806373 269.83044695468953 -29.013099519992412 50.90108740226162 258.64544717667593 -999.0 5400.0 -999.0 1 308 {-999.0 -999.0 -999.0 -999.0 -999.0} "" -999.0 -999.0 -999.0 -999.0 -999 -999 "" "" "" "" 0 0 0.0 0.0 -999 ""
FIBERMAP 318 R-5C18 METROLOGY 0 0 0 1 0 0 162.73807756537366 -86.83006272948832 143.1 86.55801604220979 162.87650459432453 87.315834 48.59976 -999.0 -999.0 -999.0 -999.0 -999.0 269.7316131050583 -29.010935595061348 269.83134136409274 -29.01517776962051 50.902263635121095 258.64246067386637 -999.0 6231.0 -999.0 -1 -999 {-999.0 -999.0 -999.0 -999.0 -999.0} "" -999.0 -999.0 -999.0 -999.0 -999 -999 "" "" "" "" 0 0 0.0 0.0 -999 ""
FIBERMAP 342 R+6C13 APOGEE 0 0 0 1 0 0 29.42984028076029 109.20608791463249 143.1 -109.25126716154129 29.24820985731776 232.28125 86.0129 -999.0 -999.0 -999.0 -999.0 -999.0 269.049560150081 -29.413887165394883 269.150770806258 -29.419889220797607 50.39830815112924 257.83418541833726 -999.0 16600.0 -999.0 2 -999 {-999.0 -999.0 -999.0 -999.0 -999.0} "" -999.0 -999.0 -999.0 -999.0 -999 -999 "" "" "" "" 0 0 0.0 0.0 -999 ""
FIBERMAP 342 R+6C13 BOSS 1 1 0 1 0 0 28.85560486628022 109.69614639052372 143.1 -109.74035978864168 28.673182103527086 232.28125 86.0129 269.04758359473794 -29.4155253522959 -0.06901885 -6.2037706 0.09033388 269.04757835680556 -29.41557291172692 269.148995317377 -29.42161407469961 50.39712146349696 257.83106421886407 5400.0 5400.0 2016.0 1 155 {-999.0 18.811659 16.411367 15.257651 -999.0} sdss_psfmag_ps1 17.446012 15.831453 14.534773 11.226 63050395286633406 1093354751 bright_3x1 mwm_astar_core_boss mwm_ob science 0 0 0.0 0.0 -999 ""
FIBERMAP 342 R+6C13 METROLOGY 0 0 0 1 0 0 29.56783043437243 109.94124567613828 143.1 -109.98662958145827 29.384979238432717 232.28125 86.0129 -999.0 -999.0 -999.0 -999.0 -999.0 269.046782202742 -29.41341491161891 269.1481351157677 -29.41944907412259 50.39597055065022 257.8341716828469 -999.0 6231.0 -999.0 -1 -999 {-999.0 -999.0 -999.0 -999.0 -999.0} "" -999.0 -999.0 -999.0 -999.0 -999 -999 "" "" "" "" 0 0 0.0 0.0 -999 ""
FIBERMAP 351 R0C11 APOGEE 1 1 0 1 0 0 -51.33566489709291 -4.782900199643467 143.1 4.867682245263539 -51.326100086282885 8.904109 89.098434 269.44637738862565 -29.6601332995378 -0.7093529 -2.0712314 0.20087922 269.44637671587645 -29.660142361994744 269.5483507304029 -29.66500496730903 50.784193612602664 257.5576762625405 16000.0 16600.0 2016.0 2 251 {-999.0 16.707907 14.596955 13.527011 -999.0} sdss_psfmag_from_g3xp 15.654749 14.179908 13.017093 10.126 63050395285216106 1152062231 bright_1x1 mwm_galactic_core_dist_apogee_sparse mwm_galactic science 0 0 0.0 0.0 -999 ""
FIBERMAP 351 R0C11 BOSS 0 0 0 1 0 0 -51.226126303472924 -5.53126085565687 143.1 5.615837593601719 -51.21532683840058 8.904109 89.098434 -999.0 -999.0 -999.0 -999.0 -999.0 269.4487989029193 -29.659812172273003 269.55096879400867 -29.664700543832986 50.78637300527288 257.55881489158986 -999.0 5400.0 -999.0 1 519 {-999.0 -999.0 -999.0 -999.0 -999.0} "" -999.0 -999.0 -999.0 -999.0 -999 -999 "" "" "" "" 0 0 0.0 0.0 -999 ""
FIBERMAP 351 R0C11 METROLOGY 0 0 0 1 0 0 -51.9143109076437 -5.24721704659214 143.1 5.332941537351681 -51.90395926080551 8.904109 89.098434 -999.0 -999.0 -999.0 -999.0 -999.0 269.4478593485917 -29.66191424385912 269.5499809829124 -29.666795581358958 50.78591685641904 257.5553071970903 -999.0 6231.0 -999.0 -1 -999 {-999.0 -999.0 -999.0 -999.0 -999.0} "" -999.0 -999.0 -999.0 -999.0 -999 -999 "" "" "" "" 0 0 0.0 0.0 -999 ""
FIBERMAP 357 R-9C9 APOGEE 1 1 0 1 0 0 -3.8464990672022923 -179.40824193940833 143.1 179.40883470960674 -3.549540731151878 281.58612 154.6074 270.054931640625 -29.51526562440965 -999.0 -999.0 -999.0 270.054923191672 -29.51524840546233 270.15619993951043 -29.518474288368214 51.276548232754486 257.9420637994077 16000.0 16600.0 2015.5 2 166 {-999.0 -999.0 -999.0 -999.0 -999.0} "" -999.0 -999.0 -999.0 -999.0 27021603147275858 848878989 "" ops_sky_apogee_good ops_sky sky_apogee 0 0 0.0 0.0 -999 ""
FIBERMAP 357 R-9C9 BOSS 0 0 0 1 0 0 -4.007721138523617 -180.12358087432966 143.1 180.1244173781685 -3.7095740732871727 281.58612 154.6074 -999.0 -999.0 -999.0 -999.0 -999.0 270.05728560520157 -29.51569735856803 270.1587572749301 -29.518948444156912 51.27882291270776 257.94197666006687 -999.0 5400.0 -999.0 1 399 {-999.0 -999.0 -999.0 -999.0 -999.0} "" -999.0 -999.0 -999.0 -999.0 -999 -999 "" "" "" "" 0 0 0.0 0.0 -999 ""
FIBERMAP 357 R-9C9 METROLOGY 0 0 0 1 0 0 -4.5576645892046725 -179.62739469904605 143.1 179.6291570572462 -4.260320783124981 281.58612 154.6074 -999.0 -999.0 -999.0 -999.0 -999.0 270.0556527246781 -29.51738016461321 270.1570758996601 -29.520626362625244 51.27769522869193 257.9389081278636 -999.0 6231.0 -999.0 -1 -999 {-999.0 -999.0 -999.0 -999.0 -999.0} "" -999.0 -999.0 -999.0 -999.0 -999 -999 "" "" "" "" 0 0 0.0 0.0 -999 ""
FIBERMAP 374 R+10C5 APOGEE 0 0 0 1 0 0 -109.74352924035523 202.11402673002885 143.1 -201.92595206244647 -110.07440071029822 226.64641 29.642447 -999.0 -999.0 -999.0 -999.0 -999.0 268.72386956126803 -29.833714621062594 268.82666897807513 -29.84052200286931 50.20093111437006 257.1043480000011 -999.0 16600.0 -999.0 2 -999 {-999.0 -999.0 -999.0 -999.0 -999.0} "" -999.0 -999.0 -999.0 -999.0 -999 -999 "" "" "" "" 0 0 0.0 0.0 -999 ""
FIBERMAP 374 R+10C5 BOSS 1 1 0 1 0 0 -109.56366588291027 202.85882548971296 143.1 -202.67102445047337 -109.89577542358788 226.64641 29.642447 268.721029284482 -29.833121285702383 0.09722106 -1.4103272 0.23725146 268.7210469568513 -29.833131053957075 268.82404733413335 -29.83997934941708 50.198595910688006 257.1045235547397 5400.0 5400.0 2016.0 1 152 {-999.0 16.903696 15.3835 14.802875 -999.0} sdss_psfmag_ps1 16.1206 15.271125 14.277912 12.118 63050395286356069 1093354806 bright_3x1 mwm_astar_core_boss mwm_ob science 0 0 0.0 0.0 -999 ""
FIBERMAP 374 R+10C5 METROLOGY 0 0 0 1 0 0 -109.02793461538543 202.33179392110785 143.1 -202.14489621414052 -109.359189405385 226.64641 29.642447 -999.0 -999.0 -999.0 -999.0 -999.0 268.72290598101625 -29.83155465122987 268.8258428636867 -29.838388812565853 50.199832052562826 257.10741575944377 -999.0 6231.0 -999.0 -1 -999 {-999.0 -999.0 -999.0 -999.0 -999.0} "" -999.0 -999.0 -999.0 -999.0 -999 -999 "" "" "" "" 0 0 0.0 0.0 -999 ""
FIBERMAP 391 R+1C10 APOGEE 0 0 0 1 0 0 -74.94310101080045 34.093113632720176 143.1 -33.96802200886394 -74.99709793654256 90.92871 101.38857 -999.0 -999.0 -999.0 -999.0 -999.0 269.3103345875427 -29.73154381282949 269.4126031174833 -29.736764336766683 50.681547701532374 257.41186896229885 -999.0 16600.0 -999.0 2 -999 {-999.0 -999.0 -999.0 -999.0 -999.0} "" -999.0 -999.0 -999.0 -999.0 -999 -999 "" "" "" "" 0 0 0.0 0.0 -999 ""
FIBERMAP 391 R+1C10 BOSS 1 1 0 1 0 0 -74.20966426976526 34.26307247398499 143.1 -34.13918886882452 -74.26396598963194 90.92871 101.38857 269.30951826073266 -29.72931188826457 2.4764986 -1.4600735 1.1171193 269.309523961371 -29.7293280991722 269.41198346929326 -29.734583639460517 50.680617222714076 257.4150952570872 5400.0 5400.0 2016.0 1 30 {-999.0 15.842698 15.057853 14.923215 -999.0} sdss_psfmag_ps1 15.523517 15.156076 14.47474 13.377 63050395285170587 980697604 "" ops_std_boss_tic ops_std standard_boss 0 0 0.0 0.0 -999 ""
FIBERMAP 391 R+1C10 METROLOGY 0 0 0 1 0 0 -74.42760523603073 33.55111517977897 143.1 -33.42689388962526 -74.48072199712837 90.92871 101.38857 -999.0 -999.0 -999.0 -999.0 -999.0 269.3120645511364 -29.730011597523436 269.41446946211164 -29.73525086289602 50.68286184470281 257.41468773791473 -999.0 6231.0 -999.0 -1 -999 {-999.0 -999.0 -999.0 -999.0 -999.0} "" -999.0 -999.0 -999.0 -999.0 -999 -999 "" "" "" "" 0 0 0.0 0.0 -999 ""
FIBERMAP 398 R-5C4 APOGEE 0 0 0 1 0 0 -168.2761222093831 -113.10020842445545 143.1 113.37498641034888 -168.0835823710605 291.18527 94.21465 -999.0 -999.0 -999.0 -999.0 -999.0 269.8248397806751 -30.0139913989144 269.92797113200083 -30.01774266419879 51.17167414146497 257.1008955482115 -999.0 16600.0 -999.0 2 -999 {-999.0 -999.0 -999.0 -999.0 -999.0} "" -999.0 -999.0 -999.0 -999.0 -999 -999 "" "" "" "" 0 0 0.0 0.0 -999 ""
FIBERMAP 398 R-5C4 BOSS 1 1 0 1 0 0 -168.95440602673588 -113.40635454931098 143.1 113.68224492128567 -168.76133784384896 291.18527 94.21465 269.8257573052528 -30.016061425736176 -3.331734 -1.6435496 0.62336576 269.82574732597334 -30.01604918325291 269.9290819060175 -30.019827806178586 51.172987072180646 257.09789084262366 5400.0 5400.0 2016.0 1 492 {-999.0 18.669569 16.701832 15.012972 -999.0} sdss_psfmag_gaia 17.345259 15.74489 14.357052 11.151 63050395284644713 1114378618 bright_1x1 openfibertargets_mwm_vmr_boss open_fiber science 0 0 0.0 0.0 -999 ""
FIBERMAP 398 R-5C4 METROLOGY 0 0 0 1 0 0 -168.89094264926388 -112.6741872471639 143.1 112.94999617060064 -168.69908789366397 291.18527 94.21465 -999.0 -999.0 -999.0 -999.0 -999.0 269.8232633408438 -30.015899851564658 269.92654256419974 -30.01967673516492 51.17079600111392 257.09751241288126 -999.0 6231.0 -999.0 -1 -999 {-999.0 -999.0 -999.0 -999.0 -999.0} "" -999.0 -999.0 -999.0 -999.0 -999 -999 "" "" "" "" 0 0 0.0 0.0 -999 ""
FIBERMAP 400 R-2C24 APOGEE 0 0 0 1 0 0 240.33069000888213 -21.611723553271812 143.1 21.213396297870386 240.3587159059405 147.4374 73.910736 -999.0 -999.0 -999.0 -999.0 -999.0 269.50575065620006 -28.776917846569386 269.6045837279485 -28.78180350651254 50.66109978253977 258.94135271969833 -999.0 16600.0 -999.0 2 -999 {-999.0 -999.0 -999.0 -999.0 -999.0} "" -999.0 -999.0 -999.0 -999.0 -999 -999 "" "" "" "" 0 0 0.0 0.0 -999 ""
FIBERMAP 400 R-2C24 BOSS 1 1 0 1 0 0 240.98754093064227 -21.11638963494506 143.1 20.71699154056279 241.01472615753949 147.4374 73.910736 269.50385331147703 -28.774905732265946 -3.2736707 -0.7612095 0.4522775 269.5038470220989 -28.774879387470396 269.60286974673136 -28.779806323181834 50.659223675804284 258.9439571151469 5400.0 5400.0 2016.0 1 335 {-999.0 17.47397 17.300898 17.266323 -999.0} sdss_psfmag_gaia 17.268387 17.289467 16.728493 -999.0 63050395309496989 979955765 "" ops_std_boss ops_std standard_boss 0 0 0.0 0.0 -999 ""
FIBERMAP 400 R-2C24 METROLOGY 0 0 0 1 0 0 241.03958646747566 -21.850394933603948 143.1 21.45088711677671 241.06798444688383 147.4374 73.910736 -999.0 -999.0 -999.0 -999.0 -999.0 269.5064415999689 -28.774695805633304 269.6054073013301 -28.779605571305208 50.66136082449901 258.9449789087438 -999.0 6231.0 -999.0 -1 -999 {-999.0 -999.0 -999.0 -999.0 -999.0} "" -999.0 -999.0 -999.0 -999.0 -999 -999 "" "" "" "" 0 0 0.0 0.0 -999 ""
FIBERMAP 401 R+11C3 APOGEE 1 1 0 1 0 0 -117.1608158948039 223.39941725502752 143.1 -223.1983858105884 -117.52666587298619 45.87613 128.26636 268.649838519878 -29.85539279689207 1.1140194 -3.306948 0.12549177 268.649857250161 -29.85543922503882 268.7527548719867 -29.862445108348712 50.141988041713404 257.05218906700634 16000.0 16600.0 2016.0 2 5 {-999.0 17.77094 15.555606 14.218628 -999.0} sdss_psfmag_ps1 16.4145 14.768461 13.442038 10.244 63050395286359910 1153390636 bright_1x1 mwm_galactic_core_dist_apogee_sparse mwm_galactic science 0 0 0.0 0.0 -999 ""
FIBERMAP 401 R+11C3 BOSS 0 0 0 1 0 0 -116.44015484564909 223.29221062923702 143.1 -223.0923749819206 -116.80585063105413 45.87613 128.26636 -999.0 -999.0 -999.0 -999.0 -999.0 268.65002320185596 -29.85323939958346 268.7531156141888 -29.86027839531437 50.141894554754806 257.0556018093124 -999.0 5400.0 -999.0 1 5 {-999.0 -999.0 -999.0 -999.0 -999.0} "" -999.0 -999.0 -999.0 -999.0 -999 -999 "" "" "" "" 0 0 0.0 0.0 -999 ""
FIBERMAP 401 R+11C3 METROLOGY 0 0 0 1 0 0 -116.87923359449668 222.71746458497967 143.1 -222.5169209617781 -117.24396432621819 45.87613 128.26636 -999.0 -999.0 -999.0 -999.0 -999.0 268.6520205243896 -29.854615312624283 268.75505986707975 -29.861639152344445 50.14380336172811 257.05400204463035 -999.0 6231.0 -999.0 -1 -999 {-999.0 -999.0 -999.0 -999.0 -999.0} "" -999.0 -999.0 -999.0 -999.0 -999 -999 "" "" "" "" 0 0 0.0 0.0 -999 ""
FIBERMAP 403 R-11C5 APOGEE 1 1 0 1 0 0 -74.33033331559824 -226.80493041714024 143.1 226.92061543725055 -73.9526888131617 294.0288 110.17481 270.2202404733001 -29.727931730479018 -4.9374075 -3.4917154 0.02029933 270.2202024764737 -29.727914776727907 270.32218767286037 -29.730643317417314 51.457090314134035 257.65004181842164 16000.0 16600.0 2016.0 2 188 {-999.0 18.706324 16.748362 14.480181 -999.0} sdss_psfmag_gaia 17.294632 15.21227 13.904233 10.597 63050395307318235 1154567965 bright_1x1 mwm_galactic_core_dist_apogee_sparse mwm_galactic science 0 0 0.0 0.0 -999 ""
FIBERMAP 403 R-11C5 BOSS 0 0 0 1 0 0 -74.85868384756384 -227.35688826793 143.1 227.47342969898108 -74.48010912321234 294.0288 110.17481 -999.0 -999.0 -999.0 -999.0 -999.0 270.2219585771531 -29.729478206768324 270.3241422246168 -29.732232260497643 51.45904530027732 257.6480222812487 -999.0 5400.0 -999.0 1 385 {-999.0 -999.0 -999.0 -999.0 -999.0} "" -999.0 -999.0 -999.0 -999.0 -999 -999 "" "" "" "" 0 0 0.0 0.0 -999 ""
FIBERMAP 403 R-11C5 METROLOGY 0 0 0 1 0 0 -75.04812055582741 -226.61635464458678 143.1 226.73323332458895 -74.67076496552947 294.0288 110.17481 -999.0 -999.0 -999.0 -999.0 -999.0 270.21949400107343 -29.73008892964546 270.32162579277576 -29.73284091834734 51.45700494607531 257.64643166070573 -999.0 6231.0 -999.0 -1 -999 {-999.0 -999.0 -999.0 -999.0 -999.0} "" -999.0 -999.0 -999.0 -999.0 -999 -999 "" "" "" "" 0 0 0.0 0.0 -999 ""
FIBERMAP 405 R+10C6 APOGEE 0 0 0 1 0 0 -59.090745929081386 181.77975464112907 143.1 -181.67614016597926 -59.389603368056605 316.19705 105.11557 -999.0 -999.0 -999.0 -999.0 -999.0 268.7954570679373 -29.68098189613058 268.8976901649174 -29.687624846345752 50.232996007826806 257.3570675190182 -999.0 16600.0 -999.0 2 -999 {-999.0 -999.0 -999.0 -999.0 -999.0} "" -999.0 -999.0 -999.0 -999.0 -999 -999 "" "" "" "" 0 0 0.0 0.0 -999 ""
FIBERMAP 405 R+10C6 BOSS 1 1 0 1 0 0 -59.453821518123775 181.13856443202155 143.1 -181.03436986719265 -59.75160641511581 316.19705 105.11557 268.797426325082 -29.682031045445008 -4.0825586 -8.858818 0.040630516 268.7974117408812 -29.68208163963105 268.89984983122497 -29.68875247993794 50.23505055853691 257.3558867930587 5400.0 5400.0 2016.0 1 124 {-999.0 19.046549 17.758366 16.601347 -999.0} sdss_psfmag_ps1 17.444286 17.002863 15.692954 -999.0 63050395286426724 1070830557 bright_1x1 mwm_halo_distant_rrl_boss_single mwm_halo science 0 0 0.0 0.0 -999 ""
FIBERMAP 405 R+10C6 METROLOGY 0 0 0 1 0 0 -59.838674983777665 181.76973735920063 143.1 -181.6648857424043 -60.13749178900367 316.19705 105.11557 -999.0 -999.0 -999.0 -999.0 -999.0 268.7952398121399 -29.683249289951007 268.8976255527408 -29.68991635474694 50.233371173258696 257.3535324079179 -999.0 6231.0 -999.0 -1 -999 {-999.0 -999.0 -999.0 -999.0 -999.0} "" -999.0 -999.0 -999.0 -999.0 -999 -999 "" "" "" "" 0 0 0.0 0.0 -999 ""
FIBERMAP 406 R-1C24 APOGEE 1 1 0 1 0 0 224.14165367295115 -12.431830067709246 143.1 12.060583209236137 224.15501203008546 148.56897 116.85918 269.47401608681804 -28.825592181758733 -0.2777101 -6.9410014 0.12552913 269.47400904511056 -28.825575686463008 269.57302189456226 -28.83053805668105 50.643878560964424 258.8572498608819 16000.0 16600.0 2016.0 2 204 {-999.0 18.119375 16.177824 14.647884 -999.0} sdss_psfmag_gaia 16.915434 15.372835 14.055683 10.995 63050395309313429 1154575516 bright_1x1 mwm_galactic_core_dist_apogee_sparse mwm_galactic science 0 0 0.0 0.0 -999 ""
FIBERMAP 406 R-1C24 BOSS 0 0 0 1 0 0 224.17235878128594 -11.690474280086011 143.1 11.3192004678822 224.18448956238942 148.56897 116.85918 -999.0 -999.0 -999.0 -999.0 -999.0 269.4712525830946 -28.825403521457872 269.5704621233534 -28.83040897748502 50.64165621218176 258.85673505122577 -999.0 5400.0 -999.0 1 287 {-999.0 -999.0 -999.0 -999.0 -999.0} "" -999.0 -999.0 -999.0 -999.0 -999 -999 "" "" "" "" 0 0 0.0 0.0 -999 ""
FIBERMAP 406 R-1C24 METROLOGY 0 0 0 1 0 0 224.80566596628955 -12.094051101565665 143.1 11.721716487128479 224.81844410077514 148.56897 116.85918 -999.0 -999.0 -999.0 -999.0 -999.0 269.4727071555196 -28.82347442348394 269.5718538167198 -28.82846624452732 50.64245789299439 258.8601236886485 -999.0 6231.0 -999.0 -1 -999 {-999.0 -999.0 -999.0 -999.0 -999.0} "" -999.0 -999.0 -999.0 -999.0 -999 -999 "" "" "" "" 0 0 0.0 0.0 -999 ""
FIBERMAP 407 R-6C15 APOGEE 1 1 0 1 0 0 73.8636401009737 -106.29927864231706 143.1 106.1736502256366 74.03713832574599 189.34308 68.38202 269.80010344897687 -29.28008937935593 -3.6207447 -6.155554 0.09358408 269.8000961448528 -29.280099906822684 269.90061455123396 -29.284073216588016 51.01378542451079 258.2423145442021 16000.0 16600.0 2016.0 2 200 {-999.0 18.080257 16.16172 14.643926 -999.0} sdss_psfmag_ps1 16.94942 15.143986 13.832657 10.708 63050395307858808 1153484312 bright_1x1 mwm_galactic_core_dist_apogee_sparse mwm_galactic science 0 0 0.0 0.0 -999 ""
FIBERMAP 407 R-6C15 BOSS 0 0 0 1 0 0 74.02442648925015 -105.57887756927728 143.1 105.45300630264562 74.1967276234409 189.34308 68.38202 -999.0 -999.0 -999.0 -999.0 -999.0 269.7974565402564 -29.279543560744536 269.89816897176286 -29.283557364832976 51.01159310542807 258.2424715211762 -999.0 5400.0 -999.0 1 282 {-999.0 -999.0 -999.0 -999.0 -999.0} "" -999.0 -999.0 -999.0 -999.0 -999 -999 "" "" "" "" 0 0 0.0 0.0 -999 ""
FIBERMAP 407 R-6C15 METROLOGY 0 0 0 1 0 0 74.5769770834827 -106.07305670782857 143.1 105.94625533782724 74.75007807227841 189.34308 68.38202 -999.0 -999.0 -999.0 -999.0 -999.0 269.7992365876108 -29.277868593518917 269.8998872280616 -29.281868483228084 51.012741421781996 258.2455616368003 -999.0 6231.0 -999.0 -1 -999 {-999.0 -999.0 -999.0 -999.0 -999.0} "" -999.0 -999.0 -999.0 -999.0 -999 -999 "" "" "" "" 0 0 0.0 0.0 -999 ""
FIBERMAP 408 R+13C11 APOGEE 1 1 0 1 0 0 84.61464801497071 236.73571564478738 143.1 -236.86809681245734 84.22024199196457 317.44455 88.637924 268.60929331258234 -29.244599172577292 -1.1769259 -5.2182803 0.18048215 268.60929189854687 -29.244623493346115 268.7100250019701 -29.25186843686821 49.98871917202528 257.9747417750778 16000.0 16600.0 2016.0 2 96 {-999.0 16.982597 14.713693 13.355024 -999.0} sdss_psfmag_from_g3xp 15.752382 14.052074 12.759404 9.49 63050395287133702 1152063466 bright_1x1 mwm_galactic_core_dist_apogee_sparse mwm_galactic science 0 0 0.0 0.0 -999 ""
FIBERMAP 408 R+13C11 BOSS 0 0 0 1 0 0 84.07966123440205 236.23319583205384 143.1 -236.36470801861375 83.68610385054751 317.44455 88.637924 -999.0 -999.0 -999.0 -999.0 -999.0 268.6107831082097 -29.246208211084 268.7117235055932 -29.253484248034734 49.990490977856076 257.9727332318414 -999.0 5400.0 -999.0 1 170 {-999.0 -999.0 -999.0 -999.0 -999.0} "" -999.0 -999.0 -999.0 -999.0 -999 -999 "" "" "" "" 0 0 0.0 0.0 -999 ""
FIBERMAP 408 R+13C11 METROLOGY 0 0 0 1 0 0 83.90108645768302 236.95052828370837 143.1 -237.08172193895768 83.50634797717227 317.44455 88.637924 -999.0 -999.0 -999.0 -999.0 -999.0 268.608315202163 -29.24673008109879 268.70920086034846 -29.25400271543666 49.988435771508094 257.97126673369746 -999.0 6231.0 -999.0 -1 -999 {-999.0 -999.0 -999.0 -999.0 -999.0} "" -999.0 -999.0 -999.0 -999.0 -999 -999 "" "" "" "" 0 0 0.0 0.0 -999 ""
FIBERMAP 418 R-5C2 APOGEE 0 0 0 1 0 0 -215.30848399258812 -105.17085196181267 143.1 105.52370102803063 -215.1275504635597 203.55194 156.61311 -999.0 -999.0 -999.0 -999.0 -999.0 269.7970248572784 -30.15590103962379 269.90067618192785 -30.1596987447622 51.17314394853308 256.8713826480752 -999.0 16600.0 -999.0 2 -999 {-999.0 -999.0 -999.0 -999.0 -999.0} "" -999.0 -999.0 -999.0 -999.0 -999 -999 "" "" "" "" 0 0 0.0 0.0 -999 ""
FIBERMAP 418 R-5C2 BOSS 1 1 0 1 0 0 -216.0350746210836 -105.17027982773337 143.1 105.52433107138448 -215.85411866514167 203.55194 156.61311 269.79681170281566 -30.158095815954564 1.780791 0.7172506 1.0526378 269.7968379186893 -30.158082369518873 269.9006936466903 -30.161909915927243 51.17354077207558 256.86791304462884 5400.0 5400.0 2016.0 1 454 {-999.0 14.1848345 13.82977 13.712853 -999.0} sdss_psfmag_from_g3xp 14.1267395 13.84022 13.361847 12.425 63050395284579380 977824093 "" ops_std_boss ops_std standard_boss 0 0 0.0 0.0 -999 ""
FIBERMAP 418 R-5C2 METROLOGY 0 0 0 1 0 0 -215.6912350139178 -104.52820130051433 143.1 104.88170430938717 -215.5113524509018 203.55194 156.61311 -999.0 -999.0 -999.0 -999.0 -999.0 269.79467029312843 -30.157100981911118 269.898467452578 -30.160926237797693 51.171474995663374 256.86892810963417 -999.0 6231.0 -999.0 -1 -999 {-999.0 -999.0 -999.0 -999.0 -999.0} "" -999.0 -999.0 -999.0 -999.0 -999 -999 "" "" "" "" 0 0 0.0 0.0 -999 ""
FIBERMAP 420 R+1C6 APOGEE 0 0 0 1 0 0 -182.33310372589506 17.281500012680194 143.1 -16.97927024574466 -182.35583089025278 197.51479 106.685425 -999.0 -999.0 -999.0 -999.0 -999.0 269.3684710476148 -30.056804625230534 269.4718905425767 -30.061797634852695 50.790813100920175 256.9214178042134 -999.0 16600.0 -999.0 2 -999 {-999.0 -999.0 -999.0 -999.0 -999.0} "" -999.0 -999.0 -999.0 -999.0 -999 -999 "" "" "" "" 0 0 0.0 0.0 -999 ""
FIBERMAP 420 R+1C6 BOSS 1 1 0 1 0 0 -182.7706264797848 17.89892652717533 143.1 -17.595953008064797 -182.7943611143503 197.51479 106.685425 269.36612513877446 -30.058142581917828 -10.79957 -10.8019 1.1375401 269.3661003968586 -30.058150630725226 269.4697242474349 -30.06318082278272 50.789212843264664 256.91873908386754 5400.0 5400.0 2016.0 1 20 {-999.0 16.160915 15.504327 15.271194 -999.0} sdss_psfmag_gaia 15.983965 15.547212 14.922566 -999.0 63050395284735504 981937099 "" ops_std_boss_tic ops_std standard_boss 0 0 0.0 0.0 -999 ""
FIBERMAP 420 R+1C6 METROLOGY 0 0 0 1 0 0 -182.0288066906784 17.964801945323774 143.1 -17.66305366306804 -182.05267418089235 197.51479 106.685425 -999.0 -999.0 -999.0 -999.0 -999.0 269.36592734630045 -30.055943416423066 269.4694869479138 -30.060965776050992 50.78861835866683 256.9221299607656 -999.0 6231.0 -999.0 -1 -999 {-999.0 -999.0 -999.0 -999.0 -999.0} "" -999.0 -999.0 -999.0 -999.0 -999 -999 "" "" "" "" 0 0 0.0 0.0 -999 ""
FIBERMAP 426 R+3C15 APOGEE 0 0 0 1 0 0 63.24281853964537 70.04432324008387 143.1 -70.14670653530668 63.12489433370071 63.75395 111.98164 -999.0 -999.0 -999.0 -999.0 -999.0 269.18637098154085 -29.311725642767783 269.2871803799789 -29.317374058482073 50.49520881925278 258.02812219830156 -999.0 16600.0 -999.0 2 -999 {-999.0 -999.0 -999.0 -999.0 -999.0} "" -999.0 -999.0 -999.0 -999.0 -999 -999 "" "" "" "" 0 0 0.0 0.0 -999 ""
FIBERMAP 426 R+3C15 BOSS 1 1 0 1 0 0 63.98911283736271 70.0026243712054 143.1 -70.1062437669805 63.87123361568426 63.75395 111.98164 269.1860321680921 -29.309363957658434 1.0501913 -0.66551995 0.417877 269.1862823896264 -29.309390564644325 269.2872823377659 -29.315073885849227 50.49485120300668 258.03169676154164 5400.0 5400.0 2016.0 1 205 {-999.0 13.918135 13.248466 12.939655 -999.0} sdss_psfmag_from_g3xp 13.733661 13.24413 12.558774 11.335 63050395286696761 1093142301 bright_3x1 mwm_astar_core_boss mwm_ob science 0 0 0.7546446919441223 0.0 -999 ""
FIBERMAP 426 R+3C15 METROLOGY 0 0 0 1 0 0 63.57917850785802 69.37622131030064 143.1 -69.47918261196968 63.462348869911835 63.75395 111.98164 -999.0 -999.0 -999.0 -999.0 -999.0 269.18850539982816 -29.31064409385307 269.289452809833 -29.31631136741544 50.49694731112403 258.03036353617915 -999.0 6231.0 -999.0 -1 -999 {-999.0 -999.0 -999.0 -999.0 -999.0} "" -999.0 -999.0 -999.0 -999.0 -999 -999 "" "" "" "" 0 0 0.0 0.0 -999 ""
FIBERMAP 427 R+3C22 APOGEE 1 1 0 1 0 0 220.7938401505285 38.93728370333188 143.1 -39.30133905519109 220.72231495523613 349.85745 46.049774 269.29642473451065 -28.83543503727082 -3.5199544 -7.9579806 -0.45145106 269.29641247842005 -28.83541610729872 269.3955112803932 -28.840863054414662 50.49367995603172 258.79181412834 16000.0 16600.0 2016.0 2 115 {-999.0 18.926638 16.947912 14.907433 -999.0} sdss_psfmag_gaia 17.485346 15.64327 14.242541 10.875 63050395309397246 1154575896 bright_1x1 mwm_galactic_core_dist_apogee_sparse mwm_galactic science 0 0 0.0 0.0 -999 ""
FIBERMAP 427 R+3C22 BOSS 0 0 0 1 0 0 220.16838726273804 38.53814583054852 143.1 -38.9011791976074 220.09754256924978 349.85745 46.049774 -999.0 -999.0 -999.0 -999.0 -999.0 269.297578961406 -28.83722418729196 269.3968812847848 -28.842703334830624 50.49522785751189 258.78936330757153 -999.0 5400.0 -999.0 1 200 {-999.0 -999.0 -999.0 -999.0 -999.0} "" -999.0 -999.0 -999.0 -999.0 -999 -999 "" "" "" "" 0 0 0.0 0.0 -999 ""
FIBERMAP 427 R+3C22 METROLOGY 0 0 0 1 0 0 220.12641411954053 39.273881299588666 143.1 -39.63682155352603 220.05435348692262 349.85745 46.049774 -999.0 -999.0 -999.0 -999.0 -999.0 269.2950842599203 -28.837322967349362 269.3943316842856 -28.842798794869356 50.49306014881949 258.7885054164965 -999.0 6231.0 -999.0 -1 -999 {-999.0 -999.0 -999.0 -999.0 -999.0} "" -999.0 -999.0 -999.0 -999.0 -999 -999 "" "" "" "" 0 0 0.0 0.0 -999 ""
FIBERMAP 429 R-3C5 APOGEE 1 1 0 1 0 0 -150.87711392027492 -67.1828562451134 143.1 67.43032432096268 -150.76110498309993 19.237617 62.34724 269.66435047031314 -29.961817506024065 -1.7193812 -6.8077984 0.1539102 269.6643181396666 -29.961820872506955 269.76730941553734 -29.966022916481133 51.02557982827752 257.1428361718745 16000.0 16600.0 2016.0 2 289 {-999.0 16.990557 14.6714525 14.364205 -999.0} sdss_psfmag_ps1 16.200298 13.59122 12.17136 8.546 63050395284769214 1153385992 bright_1x1 mwm_galactic_core_dist_apogee_sparse mwm_galactic science 0 0 0.0 0.0 -999 ""
FIBERMAP 429 R-3C5 BOSS 0 0 0 1 0 0 -150.98044307385612 -67.90803043106405 143.1 68.15564613915161 -150.86323099721497 19.237617 62.34724 -999.0 -999.0 -999.0 -999.0 -999.0 269.66668890166784 -29.962157597921067 269.769877621224 -29.966383849088853 51.02783345168365 257.142899418126 -999.0 5400.0 -999.0 1 474 {-999.0 -999.0 -999.0 -999.0 -999.0} "" -999.0 -999.0 -999.0 -999.0 -999 -999 "" "" "" "" 0 0 0.0 0.0 -999 ""
FIBERMAP 429 R-3C5 METROLOGY 0 0 0 1 0 0 -151.5729074922483 -67.47396494062102 143.1 67.72257485653353 -151.45639452697574 19.237617 62.34724 -999.0 -999.0 -999.0 -999.0 -999.0 269.6652340936645 -29.96397887776088 269.7683739905739 -29.96820000931229 51.02687389706145 257.13969003959994 -999.0 6231.0 -999.0 -1 -999 {-999.0 -999.0 -999.0 -999.0 -999.0} "" -999.0 -999.0 -999.0 -999.0 -999 -999 "" "" "" "" 0 0 0.0 0.0 -999 ""
FIBERMAP 434 R+1C15 APOGEE 0 0 0 1 0 0 16.24458804601395 18.606990058847746 143.1 -18.633268497571123 16.213279832810247 213.44278 81.114204 -999.0 -999.0 -999.0 -999.0 -999.0 269.3650966403188 -29.454802384531508 269.4663625472996 -29.459930861617025 50.67573929768057 257.85483272538585 -999.0 16600.0 -999.0 2 -999 {-999.0 -999.0 -999.0 -999.0 -999.0} "" -999.0 -999.0 -999.0 -999.0 -999 -999 "" "" "" "" 0 0 0.0 0.0 -999 ""
FIBERMAP 434 R+1C15 BOSS 1 1 0 1 0 0 15.91915216982255 19.34539430303115 143.1 -19.371110547903154 15.88663272059145 213.44278 81.114204 269.36196978357935 -29.45573042223704 -0.5200299 -0.116321154 0.42303246 269.3623064012567 -29.45574195693933 269.4637744290751 -29.460911163856668 50.673712527414814 257.85263979413895 5400.0 5400.0 2016.0 1 197 {-999.0 12.556169 12.163547 11.999695 -999.0} sdss_psfmag_from_g3xp 12.482265 12.149489 11.631728 10.795 63050395285346796 1068453703 bright_3x1 mwm_ob_core_boss mwm_ob science 0 0 1.0496877431869507 0.0 -999 ""
FIBERMAP 434 R+1C15 METROLOGY 0 0 0 1 0 0 16.662678678563918 19.227230689385653 143.1 -19.254180915222747 16.630330815116626 213.44278 81.114204 -999.0 -999.0 -999.0 -999.0 -999.0 269.3627782773832 -29.453492447174032 269.4641820637492 -29.458651407559127 50.673632601686506 257.8562470717107 -999.0 6231.0 -999.0 -1 -999 {-999.0 -999.0 -999.0 -999.0 -999.0} "" -999.0 -999.0 -999.0 -999.0 -999 -999 "" "" "" "" 0 0 0.0 0.0 -999 ""
FIBERMAP 435 R-5C3 APOGEE 1 1 0 1 0 0 -205.17754573572253 -107.24072564671818 143.1 107.57674628349145 -204.9935134581672 248.2409 78.69801 269.804264390271 -30.12535260175427 0.8579144 -6.5734763 0.041821297 269.80429192252046 -30.125366099717144 269.9078308439683 -30.12915029704856 51.17395090453991 256.92107971445677 16000.0 16600.0 2016.0 2 243 {-999.0 16.986574 14.860386 13.533212 -999.0} sdss_psfmag_from_g3xp 15.921329 14.219887 12.991227 9.754 63050395284630445 1152061619 bright_1x1 mwm_galactic_core_dist_apogee_sparse mwm_galactic science 0 0 0.0 0.0 -999 ""
FIBERMAP 435 R-5C3 BOSS 0 0 0 1 0 0 -205.8031309296525 -106.84074086651994 143.1 107.1778094137832 -205.61974031078054 248.2409 78.69801 -999.0 -999.0 -999.0 -999.0 -999.0 269.80271407449254 -30.127256151207277 269.90645667696157 -30.131074168764055 51.17311389502796 256.9177290120994 -999.0 5400.0 -999.0 1 500 {-999.0 -999.0 -999.0 -999.0 -999.0} "" -999.0 -999.0 -999.0 -999.0 -999 -999 "" "" "" "" 0 0 0.0 0.0 -999 ""
FIBERMAP 435 R-5C3 METROLOGY 0 0 0 1 0 0 -205.1404959836213 -106.4945880178376 143.1 106.83057135736345 -204.95769939785015 248.2409 78.69801 -999.0 -999.0 -999.0 -999.0 -999.0 269.80158169120955 -30.125306762391226 269.9052619433109 -30.129119826835904 51.171757435358565 256.920513194877 -999.0 6231.0 -999.0 -1 -999 {-999.0 -999.0 -999.0 -999.0 -999.0} "" -999.0 -999.0 -999.0 -999.0 -999 -999 "" "" "" "" 0 0 0.0 0.0 -999 ""
FIBERMAP 438 R+12C2 APOGEE 1 1 0 1 0 0 -130.23713800228978 224.50678267908137 143.1 -224.2840805701854 -130.60439949007954 258.93182 148.65991 268.6458060052924 -29.894884359156425 -4.5382123 -5.989177 -0.7574617 268.6457910132473 -29.89488858200308 268.7488312869077 -29.90189738091009 50.145928750520646 256.9907059762087 16000.0 16600.0 2016.0 2 6 {-999.0 18.636833 16.98611 14.045934 -999.0} sdss_psfmag_ps1 17.042751 14.556759 12.866525 7.828 63050395286342019 1153390842 bright_1x1 mwm_galactic_core_dist_apogee_sparse mwm_galactic science 0 0 0.0 0.0 -999 ""
FIBERMAP 438 R+12C2 BOSS 0 0 0 1 0 0 -130.70202287231913 223.94451194569223 143.1 -223.7210587628415 -131.06833911693093 258.93182 148.65991 -999.0 -999.0 -999.0 -999.0 -999.0 268.6475237671298 -29.896281906179148 268.75077137111487 -29.90331860819723 50.14784359911756 256.9890096063653 -999.0 5400.0 -999.0 1 6 {-999.0 -999.0 -999.0 -999.0 -999.0} "" -999.0 -999.0 -999.0 -999.0 -999 -999 "" "" "" "" 0 0 0.0 0.0 -999 ""
FIBERMAP 438 R+12C2 METROLOGY 0 0 0 1 0 0 -130.9704059830012 224.65382143506213 143.1 -224.42990138926757 -131.33788716109143 258.93182 148.65991 -999.0 -999.0 -999.0 -999.0 -999.0 268.64506950436436 -29.89709973119159 268.74826325429507 -29.90413365974269 50.14585674255173 256.9871345149817 -999.0 6231.0 -999.0 -1 -999 {-999.0 -999.0 -999.0 -999.0 -999.0} "" -999.0 -999.0 -999.0 -999.0 -999 -999 "" "" "" "" 0 0 0.0 0.0 -999 ""
FIBERMAP 439 R-6C3 APOGEE 1 1 0 1 0 0 -188.46951425048266 -129.95248690978383 143.1 130.26013315812497 -188.24844237694154 258.57715 92.19383 269.88367968314657 -30.074628698009338 -0.8774369 -2.7862527 0.44818324 269.8836828617955 -30.074680061561196 269.98701524034004 -30.07825737936033 51.232574321272864 257.0200607899392 16000.0 16600.0 2016.0 2 244 {-999.0 14.306559 12.49346 11.61984 -999.0} sdss_psfmag_from_g3xp 13.448161 12.249314 11.150845 8.59 63050395284633594 1152061645 bright_1x1 mwm_galactic_core_dist_apogee_sparse mwm_galactic science 0 0 0.0 0.0 -999 ""
FIBERMAP 439 R-6C3 BOSS 0 0 0 1 0 0 -189.2039441286356 -129.79033933629466 143.1 130.09920592994942 -188.98311690586516 258.57715 92.19383 -999.0 -999.0 -999.0 -999.0 -999.0 269.88294384169535 -30.07689662508737 269.986480283625 -30.08050544120326 51.23250959482315 257.01639669224824 -999.0 5400.0 -999.0 1 501 {-999.0 -999.0 -999.0 -999.0 -999.0} "" -999.0 -999.0 -999.0 -999.0 -999 -999 "" "" "" "" 0 0 0.0 0.0 -999 ""
FIBERMAP 439 R-6C3 METROLOGY 0 0 0 1 0 0 -188.68622870942025 -129.23350015534052 143.1 129.54152809109203 -188.46633944270673 258.57715 92.19383 -999.0 -999.0 -999.0 -999.0 -999.0 269.88107976669596 -30.07538386845464 269.98455581749914 -30.07898963111825 51.23060597120947 257.01831781431224 -999.0 6231.0 -999.0 -1 -999 {-999.0 -999.0 -999.0 -999.0 -999.0} "" -999.0 -999.0 -999.0 -999.0 -999 -999 "" "" "" "" 0 0 0.0 0.0 -999 ""
FIBERMAP 441 R-2C4 APOGEE 0 0 0 1 0 0 -183.42594042250735 -43.80211001438088 143.1 44.10418291782853 -183.34756835183984 26.606316 67.327385 -999.0 -999.0 -999.0 -999.0 -999.0 269.5823892029199 -30.060255006226004 269.68575890071116 -30.064660936433437 50.973509268519635 256.9687376881001 -999.0 16600.0 -999.0 2 -999 {-999.0 -999.0 -999.0 -999.0 -999.0} "" -999.0 -999.0 -999.0 -999.0 -999 -999 "" "" "" "" 0 0 0.0 0.0 -999 ""
FIBERMAP 441 R-2C4 BOSS 1 1 0 1 0 0 -183.35495090990048 -44.516623891867894 143.1 44.81855635669081 -183.27539894508047 26.606316 67.327385 269.5847412935983 -30.06005915786153 -0.42664537 -7.6501107 0.021660857 269.58470995825337 -30.060066025411416 269.68827584683385 -30.06449618644842 50.97562463891624 256.9696038118392 5400.0 5400.0 2016.0 1 472 {-999.0 18.168896 16.397629 15.311831 -999.0} sdss_psfmag_gaia 17.122128 15.990322 14.684474 11.519 63050395284716014 1093494321 bright_3x1 mwm_astar_core_boss mwm_ob science 0 0 0.0 0.0 -999 ""
FIBERMAP 441 R-2C4 METROLOGY 0 0 0 1 0 0 -184.04160098554289 -44.226916191264955 143.1 44.52999405219416 -183.9625062593451 26.606316 67.327385 -999.0 -999.0 -999.0 -999.0 -999.0 269.58375566887565 -30.062172823355905 269.6872734514632 -30.06659649573569 50.9751400505667 256.9660778260606 -999.0 6231.0 -999.0 -1 -999 {-999.0 -999.0 -999.0 -999.0 -999.0} "" -999.0 -999.0 -999.0 -999.0 -999 -999 "" "" "" "" 0 0 0.0 0.0 -999 ""
FIBERMAP 442 R+13C12 APOGEE 1 1 0 1 0 0 120.80199704621698 260.36402197404885 143.1 -260.555515756099 120.36733340579504 90.240295 32.420643 268.5295315735789 -29.13489182282502 -4.120007 -4.895822 -1.5019661 268.5295097918868 -29.134923851512006 268.6298770732284 -29.142410630315062 49.898392029000874 258.1198223740169 16000.0 16600.0 2016.0 2 59 {-999.0 -999.0 -999.0 -999.0 -999.0} "" -999.0 15.604659 -999.0 10.453 63050395287172046 1151488846 bright_1x1 mwm_galactic_core_dist_apogee_sparse mwm_galactic science 0 0 0.0 0.0 -999 ""
FIBERMAP 442 R+13C12 BOSS 0 0 0 1 0 0 121.2173954036579 259.7403129766103 143.1 -259.93251410766953 120.78375033965445 90.240295 32.420643 -999.0 -999.0 -999.0 -999.0 -999.0 268.5314980380411 -29.133657159134152 268.63206271967476 -29.14117485226423 49.90001516297189 258.1222950438207 -999.0 5400.0 -999.0 1 97 {-999.0 -999.0 -999.0 -999.0 -999.0} "" -999.0 -999.0 -999.0 -999.0 -999 -999 "" "" "" "" 0 0 0.0 0.0 -999 ""
FIBERMAP 442 R+13C12 METROLOGY 0 0 0 1 0 0 120.46252076741666 259.6967433485519 143.1 -259.88769692569554 120.02897207363483 90.240295 32.420643 -999.0 -999.0 -999.0 -999.0 -999.0 268.53161038844786 -29.13592016965961 268.63212566581853 -29.143426842777167 49.90051956239582 258.1188865726452 -999.0 6231.0 -999.0 -1 -999 {-999.0 -999.0 -999.0 -999.0 -999.0} "" -999.0 -999.0 -999.0 -999.0 -999 -999 "" "" "" "" 0 0 0.0 0.0 -999 ""
FIBERMAP 445 R-4C10 APOGEE 0 0 0 1 0 0 -52.836726821928416 -76.41679052863496 143.1 76.50175173828521 -52.70859398984767 111.169945 162.3855 -999.0 -999.0 -999.0 -999.0 -999.0 269.6966391981188 -29.664703907077403 269.79855616088736 -29.668879755103625 50.99859306710319 257.61514304082687 -999.0 16600.0 -999.0 2 -999 {-999.0 -999.0 -999.0 -999.0 -999.0} "" -999.0 -999.0 -999.0 -999.0 -999 -999 "" "" "" "" 0 0 0.0 0.0 -999 ""
FIBERMAP 445 R-4C10 BOSS 1 1 0 1 0 0 -52.882547897261546 -75.65518344094642 143.1 75.74024496245838 -52.755673685648446 111.169945 162.3855 269.6938213844786 -29.66484411351871 0.8697652 -0.04980317 -0.15993375 269.6938337778467 -29.66484372557253 269.7959484145289 -29.669059092425762 50.9963986276358 257.6142019910626 5400.0 5400.0 2016.0 1 360 {-999.0 16.27863 15.410616 15.034858 -999.0} sdss_psfmag_ps1 15.8320675 15.3522005 14.546175 13.083 63050395307416946 1093355469 bright_3x1 mwm_astar_core_boss mwm_ob science 0 0 0.0 0.0 -999 ""
FIBERMAP 445 R-4C10 METROLOGY 0 0 0 1 0 0 -52.2190974621323 -75.9948519185103 143.1 76.0788048210185 -52.09168260446783 111.169945 162.3855 -999.0 -999.0 -999.0 -999.0 -999.0 269.69508289466484 -29.662842843107356 269.7971343660954 -29.66704618241945 50.99704202064746 257.6176465585267 -999.0 6231.0 -999.0 -1 -999 {-999.0 -999.0 -999.0 -999.0 -999.0} "" -999.0 -999.0 -999.0 -999.0 -999 -999 "" "" "" "" 0 0 0.0 0.0 -999 ""
FIBERMAP 449 R-10C16 APOGEE 0 0 0 1 0 0 143.1537008452252 -199.9730080677951 143.1 199.72972446313813 143.47995519222363 217.17082 101.74357 -999.0 -999.0 -999.0 -999.0 -999.0 270.1231092930102 -29.070126628148277 270.22278852089033 -29.07325964803571 51.24923622833979 258.65825680953975 -999.0 16600.0 -999.0 2 -999 {-999.0 -999.0 -999.0 -999.0 -999.0} "" -999.0 -999.0 -999.0 -999.0 -999 -999 "" "" "" "" 0 0 0.0 0.0 -999 ""
FIBERMAP 449 R-10C16 BOSS 1 1 0 1 0 0 142.52303224696027 -199.3489114593599 143.1 199.1066913851892 142.84827430120708 217.17082 101.74357 270.1208073910352 -29.07196597244135 1.051744 -4.096625 0.21189782 270.12080333679194 -29.071985359700715 270.22068288974015 -29.07515765153867 51.24779889943038 258.65471202973345 5400.0 5400.0 2016.0 1 333 {-999.0 15.949788 15.057135 14.714891 -999.0} sdss_psfmag_gaia 15.441286 15.092902 14.129023 12.759 63050395308080693 1093444059 bright_3x1 mwm_astar_core_boss mwm_ob science 0 0 0.0 0.0 -999 ""
FIBERMAP 449 R-10C16 METROLOGY 0 0 0 1 0 0 143.28010759679788 -199.23577028393365 143.1 198.99230125275238 143.60513810248338 217.17082 101.74357 -999.0 -999.0 -999.0 -999.0 -999.0 270.1204862803829 -29.06968519705264 270.22030310625274 -29.072849397774778 51.24702565357761 258.6582267484688 -999.0 6231.0 -999.0 -1 -999 {-999.0 -999.0 -999.0 -999.0 -999.0} "" -999.0 -999.0 -999.0 -999.0 -999 -999 "" "" "" "" 0 0 0.0 0.0 -999 ""
FIBERMAP 453 R+7C19 APOGEE 0 0 0 1 0 0 172.37896054125844 128.9647292324811 143.1 -129.24578510616067 172.16004054615235 247.0294 63.384502 -999.0 -999.0 -999.0 -999.0 -999.0 268.9842119015535 -28.9808148289197 269.0839102811262 -28.98708696087242 50.25603799422779 258.48095235081604 -999.0 16600.0 -999.0 2 -999 {-999.0 -999.0 -999.0 -999.0 -999.0} "" -999.0 -999.0 -999.0 -999.0 -999 -999 "" "" "" "" 0 0 0.0 0.0 -999 ""
FIBERMAP 453 R+7C19 BOSS 1 1 0 1 0 0 171.90263936026034 129.53515652743997 143.1 -129.81540596806153 171.68279090421206 247.0294 63.384502 268.9816937075727 -28.98218600339738 -0.54213613 -2.954757 0.34539536 268.9819961201599 -28.98217382737368 269.0818994564669 -28.988487567241286 50.2545965392508 258.4782534381992 5400.0 5400.0 2016.0 1 249 {-999.0 13.258186 12.806128 12.617311 -999.0} sdss_psfmag_from_g3xp 13.16091 12.805716 12.246759 11.153 63050395309355206 1093142243 bright_3x1 mwm_astar_core_boss mwm_ob science 0 0 0.8580437898635864 0.0 -999 ""
FIBERMAP 453 R+7C19 METROLOGY 0 0 0 1 0 0 172.6437465737766 129.66429093367648 143.1 -129.94576239721866 172.42366062171536 247.0294 63.384502 -999.0 -999.0 -999.0 -999.0 -999.0 268.98160471756097 -28.979920550033594 269.0814436860574 -28.986225692617435 50.25375128277516 258.481593449936 -999.0 6231.0 -999.0 -1 -999 {-999.0 -999.0 -999.0 -999.0 -999.0} "" -999.0 -999.0 -999.0 -999.0 -999 -999 "" "" "" "" 0 0 0.0 0.0 -999 ""
FIBERMAP 454 R+10C8 APOGEE 0 0 0 1 0 0 -15.026453983505329 207.03096653462586 143.1 -206.99944502985423 -15.368507561786116 73.333954 103.25579 -999.0 -999.0 -999.0 -999.0 -999.0 268.7088231874112 -29.546873571844383 268.81060183728533 -29.553782213412386 50.133312110488504 257.53991489704373 -999.0 16600.0 -999.0 2 -999 {-999.0 -999.0 -999.0 -999.0 -999.0} "" -999.0 -999.0 -999.0 -999.0 -999 -999 "" "" "" "" 0 0 0.0 0.0 -999 ""
FIBERMAP 454 R+10C8 BOSS 1 1 0 1 0 0 -14.307367295219311 207.0103528524887 143.1 -206.98002175443972 -14.6494098998707 73.333954 103.25579 268.7086647411236 -29.5446188589301 -7.128751 -6.4833155 0.020743854 268.7086519865532 -29.544664276366706 268.81062474866536 -29.55160802941296 50.132916473751145 257.5432502423505 5400.0 5400.0 2016.0 1 125 {-999.0 20.221035 17.017767 15.09338 -999.0} sdss_psfmag_ps1 17.333668 15.616824 14.1744175 10.71 63050395286463420 1093354849 bright_3x1 mwm_astar_core_boss mwm_ob science 0 0 0.0 0.0 -999 ""
FIBERMAP 454 R+10C8 METROLOGY 0 0 0 1 0 0 -14.678983644723006 206.3685749733401 143.1 -206.3376496736541 -15.019952460333442 73.333954 103.25579 -999.0 -999.0 -999.0 -999.0 -999.0 268.71088873282326 -29.545817393851895 268.8128077516752 -29.552745077828384 50.134997678252915 257.54207478658117 -999.0 6231.0 -999.0 -1 -999 {-999.0 -999.0 -999.0 -999.0 -999.0} "" -999.0 -999.0 -999.0 -999.0 -999 -999 "" "" "" "" 0 0 0.0 0.0 -999 ""
FIBERMAP 458 R-13C8 APOGEE 1 1 0 1 0 0 14.410690802281556 -263.5692457098104 143.1 263.5369242313465 14.84630792603514 275.4403 128.00002 270.34568278425337 -29.458696512200433 -2.9725964 -5.298542 0.13036938 270.3456809290325 -29.458704881490345 270.446667482771 -29.4611466333564 51.51443591552551 258.1072426981168 16000.0 16600.0 2016.0 2 265 {-999.0 18.533665 16.615726 14.11245 -999.0} sdss_psfmag_gaia 16.976698 14.836827 13.445231 9.909 63050395307550355 1154569342 bright_1x1 mwm_galactic_core_dist_apogee_sparse mwm_galactic science 0 0 0.0 0.0 -999 ""
FIBERMAP 458 R-13C8 BOSS 0 0 0 1 0 0 13.817211155991576 -264.02398021879935 143.1 263.99262603628006 14.25359973877925 275.4403 128.00002 -999.0 -999.0 -999.0 -999.0 -999.0 270.3470708528442 -29.4604596200052 270.44825552003977 -29.462928650948992 51.51612386263458 258.1048386306167 -999.0 5400.0 -999.0 1 359 {-999.0 -999.0 -999.0 -999.0 -999.0} "" -999.0 -999.0 -999.0 -999.0 -999 -999 "" "" "" "" 0 0 0.0 0.0 -999 ""
FIBERMAP 458 R-13C8 METROLOGY 0 0 0 1 0 0 13.707723958534874 -263.29870572561225 143.1 263.2675560230789 14.142916081934573 275.4403 128.00002 -999.0 -999.0 -999.0 -999.0 -999.0 270.34468610376206 -29.46080983760291 270.4458182665289 -29.463276410794254 51.51410250058186 258.1036598380972 -999.0 6231.0 -999.0 -1 -999 {-999.0 -999.0 -999.0 -999.0 -999.0} "" -999.0 -999.0 -999.0 -999.0 -999 -999 "" "" "" "" 0 0 0.0 0.0 -999 ""
FIBERMAP 461 R+11C5 APOGEE 1 1 0 1 0 0 -73.24419918219677 234.08625549539335 143.1 -233.95754120751434 -73.62914349561201 139.56473 37.71768 268.6136922074329 -29.72230170316149 0.9852641 -1.4727938 0.37219828 268.61370572888933 -29.722342926417546 268.7161366311469 -29.729475799834702 50.08597496148278 257.2466685924451 16000.0 16600.0 2016.0 2 147 {-999.0 11.06745 11.005367 11.033202 -999.0} sdss_psfmag_from_g3xp 11.094276 10.964872 10.697021 10.324 63050395286397262 975030045 "" ops_std_apogee ops_std standard_apogee 0 0 0.0 0.0 -999 ""
FIBERMAP 461 R+11C5 BOSS 0 0 0 1 0 0 -72.52658671796482 234.06547631720846 143.1 -233.93795000224216 -72.91151973651012 139.56473 37.71768 -999.0 -999.0 -999.0 -999.0 -999.0 268.6135661723443 -29.72014560371365 268.71619200338876 -29.72731300831572 50.08561577267483 257.2499933527296 -999.0 5400.0 -999.0 1 150 {-999.0 -999.0 -999.0 -999.0 -999.0} "" -999.0 -999.0 -999.0 -999.0 -999 -999 "" "" "" "" 0 0 0.0 0.0 -999 ""
FIBERMAP 461 R+11C5 METROLOGY 0 0 0 1 0 0 -72.89282420621001 233.40863342159147 143.1 -233.28052228904684 -73.27665868336835 139.56473 37.71768 -999.0 -999.0 -999.0 -999.0 -999.0 268.61584309965923 -29.721296063891078 268.7184149572051 -29.728447428011844 50.08772495128103 257.2488221829183 -999.0 6231.0 -999.0 -1 -999 {-999.0 -999.0 -999.0 -999.0 -999.0} "" -999.0 -999.0 -999.0 -999.0 -999 -999 "" "" "" "" 0 0 0.0 0.0 -999 ""
FIBERMAP 462 R+11C9 APOGEE 1 1 0 1 0 0 17.579946699723266 207.18514055544054 143.1 -207.2075620466769 17.236589129834403 272.59763 152.43806 268.7091351992594 -29.448078994137163 4.8778906 -3.2394574 0.07577935 268.70915968702565 -29.448099332665553 268.8105868351276 -29.455027726536883 50.11434431239472 257.6910788343041 16000.0 16600.0 2016.0 2 128 {-999.0 19.263449 16.624199 14.070152 -999.0} sdss_psfmag_ps1 17.40995 14.358653 12.804471 8.597 63050395286564272 1153391682 bright_1x1 mwm_galactic_core_dist_apogee_sparse mwm_galactic science 0 0 0.0 0.0 -999 ""
FIBERMAP 462 R+11C9 BOSS 0 0 0 1 0 0 17.23768712890213 206.5161420112908 143.1 -206.53801874793493 16.895447440828956 272.59763 152.43806 -999.0 -999.0 -999.0 -999.0 -999.0 268.71120523459797 -29.449110900855146 268.8128371979703 -29.456068013893958 50.11646766869282 257.69007651922533 -999.0 5400.0 -999.0 1 115 {-999.0 -999.0 -999.0 -999.0 -999.0} "" -999.0 -999.0 -999.0 -999.0 -999 -999 "" "" "" "" 0 0 0.0 0.0 -999 ""
FIBERMAP 462 R+11C9 METROLOGY 0 0 0 1 0 0 16.837906661604197 207.13654888668756 143.1 -207.15774422066585 16.494653358132677 272.59763 152.43806 -999.0 -999.0 -999.0 -999.0 -999.0 268.7090693015746 -29.450315696323404 268.8106489617865 -29.457268626676406 50.11482968661017 257.6876661914149 -999.0 6231.0 -999.0 -1 -999 {-999.0 -999.0 -999.0 -999.0 -999.0} "" -999.0 -999.0 -999.0 -999.0 -999 -999 "" "" "" "" 0 0 0.0 0.0 -999 ""
FIBERMAP 465 R+5C7 APOGEE 1 1 0 1 0 0 -103.9764316898398 114.90397781391204 143.1 -114.72825036627054 -104.16319787383215 136.37119 75.76384 269.02770996093744 -29.818453350884255 -999.0 -999.0 -999.0 269.0276918232993 -29.818444913968793 269.1303519236899 -29.824422180394663 50.456881580839756 257.2052506632396 16000.0 16600.0 2015.5 2 33 {-999.0 -999.0 -999.0 -999.0 -999.0} "" -999.0 -999.0 -999.0 -999.0 27021603147181214 848859505 "" ops_sky_apogee_good ops_sky sky_apogee 0 0 0.0 0.0 -999 ""
FIBERMAP 465 R+5C7 BOSS 0 0 0 1 0 0 -103.34495013791137 115.2933028121248 143.1 -115.11860763949956 -103.53238078204114 136.37119 75.76384 -999.0 -999.0 -999.0 -999.0 -999.0 269.0260834278682 -29.81653539365251 269.1289375930761 -29.822550000476856 50.45533129306563 257.2077868240292 -999.0 5400.0 -999.0 1 55 {-999.0 -999.0 -999.0 -999.0 -999.0} "" -999.0 -999.0 -999.0 -999.0 -999 -999 "" "" "" "" 0 0 0.0 0.0 -999 ""
FIBERMAP 465 R+5C7 METROLOGY 0 0 0 1 0 0 -103.32933544318436 114.53915463906836 143.1 -114.3645095612874 -103.51551883607115 136.37119 75.76384 -999.0 -999.0 -999.0 -999.0 -999.0 269.0287574728444 -29.81652412641755 269.13155402650165 -29.822522180359154 50.457557421667 257.20848529030127 -999.0 6231.0 -999.0 -1 -999 {-999.0 -999.0 -999.0 -999.0 -999.0} "" -999.0 -999.0 -999.0 -999.0 -999 -999 "" "" "" "" 0 0 0.0 0.0 -999 ""
FIBERMAP 468 R-2C9 APOGEE 1 1 0 1 0 0 -103.18965804467929 -54.34129556741948 143.1 54.51027687108447 -103.09642977822637 285.8058 49.0707 269.6194977386204 -29.81750507379843 -2.9040499 -5.132303 0.09162151 269.6194896629958 -29.81749021557325 269.72197602125425 -29.82184538265204 50.961082861726034 257.35701009203075 16000.0 16600.0 2016.0 2 300 {-999.0 17.59302 15.761142 14.199158 -999.0} sdss_psfmag_ps1 16.579203 14.744614 13.407026 10.242 63050395284810048 1153386017 bright_1x1 mwm_galactic_core_dist_apogee_sparse mwm_galactic science 0 0 0.0 0.0 -999 ""
FIBERMAP 468 R-2C9 BOSS 0 0 0 1 0 0 -103.84725529128639 -54.005460986504474 143.1 54.17554110162163 -103.7545615159144 285.8058 49.0707 -999.0 -999.0 -999.0 -999.0 -999.0 269.6181498303345 -29.819506433768446 269.72084081428727 -29.823896258930365 50.960484945415985 257.3535249556554 -999.0 5400.0 -999.0 1 496 {-999.0 -999.0 -999.0 -999.0 -999.0} "" -999.0 -999.0 -999.0 -999.0 -999 -999 "" "" "" "" 0 0 0.0 0.0 -999 ""
FIBERMAP 468 R-2C9 METROLOGY 0 0 0 1 0 0 -103.23331667946444 -53.6024522101335 143.1 53.77152951557716 -103.14130943998553 285.8058 49.0707 -999.0 -999.0 -999.0 -999.0 -999.0 269.61680346287085 -29.817665979413018 269.71943242062065 -29.82205098593156 50.95894963097321 257.35605564199693 -999.0 6231.0 -999.0 -1 -999 {-999.0 -999.0 -999.0 -999.0 -999.0} "" -999.0 -999.0 -999.0 -999.0 -999 -999 "" "" "" "" 0 0 0.0 0.0 -999 ""
FIBERMAP 470 R+2C23 APOGEE 1 1 0 1 0 0 228.28199319726363 49.94128682492338 143.1 -50.317377493712854 228.19202076954494 60.94123 126.15618 269.2584794153395 -28.812819450775212 3.011494 -4.3437586 -0.06417032 269.2584898629768 -28.81282541729452 269.35752036694714 -28.818381050174654 50.45652897154366 258.8157965628199 16000.0 16600.0 2016.0 2 74 {-999.0 -999.0 -999.0 -999.0 -999.0} "" -999.0 16.412928 -999.0 10.61 63050395309421967 1151502899 bright_1x1 mwm_galactic_core_dist_apogee_sparse mwm_galactic science 0 0 0.0 0.0 -999 ""
FIBERMAP 470 R+2C23 BOSS 0 0 0 1 0 0 229.02596258916452 50.06499327093071 143.1 -50.44231087278413 228.93576155403113 60.94123 126.15618 -999.0 -999.0 -999.0 -999.0 -999.0 269.2578679337651 -28.810518234266684 269.3570882427324 -28.816112013044354 50.45569718433498 258.81916528675856 -999.0 5400.0 -999.0 1 233 {-999.0 -999.0 -999.0 -999.0 -999.0} "" -999.0 -999.0 -999.0 -999.0 -999 -999 "" "" "" "" 0 0 0.0 0.0 -999 ""
FIBERMAP 470 R+2C23 METROLOGY 0 0 0 1 0 0 228.76173017051826 49.36801727096058 143.1 -49.744920115738054 228.6726907964355 60.94123 126.15618 -999.0 -999.0 -999.0 -999.0 -999.0 269.2603185905471 -28.811289188824478 269.3594848584223 -28.8168658941001 50.457906407044014 258.8186761179559 -999.0 6231.0 -999.0 -1 -999 {-999.0 -999.0 -999.0 -999.0 -999.0} "" -999.0 -999.0 -999.0 -999.0 -999 -999 "" "" "" "" 0 0 0.0 0.0 -999 ""
FIBERMAP 472 R-1C15 APOGEE 0 0 0 1 0 0 51.76057354174631 -30.866361739681267 143.1 30.77972988141135 51.80997749381536 34.3567 34.616615 -999.0 -999.0 -999.0 -999.0 -999.0 269.5377155068711 -29.347167042848145 269.6385490493881 -29.351845073083783 50.80243802641205 258.06760033325537 -999.0 16600.0 -999.0 2 -999 {-999.0 -999.0 -999.0 -999.0 -999.0} "" -999.0 -999.0 -999.0 -999.0 -999 -999 "" "" "" "" 0 0 0.0 0.0 -999 ""
FIBERMAP 472 R-1C15 BOSS 1 1 0 1 0 0 51.47703214730688 -31.55842072399207 143.1 31.472235728067044 51.527590246269604 34.3567 34.616615 269.5399475097656 -29.347963302727678 -999.0 -999.0 -999.0 269.53995171251756 -29.347963503246973 269.6409842183129 -29.352668599734464 50.804678763479416 258.0669624688665 5400.0 5400.0 2015.5 1 326 {-999.0 -999.0 -999.0 -999.0 -999.0} "" -999.0 -999.0 -999.0 -999.0 27021603147276984 852502619 "" ops_sky_boss_fallback ops_sky sky_boss 0 0 0.0 0.0 -999 ""
FIBERMAP 472 R-1C15 METROLOGY 0 0 0 1 0 0 51.019931622689434 -30.970993305338297 143.1 30.885583488375854 51.06953251535356 34.3567 34.616615 -999.0 -999.0 -999.0 -999.0 -999.0 269.537963285429 -29.34935514988569 269.6389455491645 -29.354055946999804 50.80319936705303 258.06427081777974 -999.0 6231.0 -999.0 -1 -999 {-999.0 -999.0 -999.0 -999.0 -999.0} "" -999.0 -999.0 -999.0 -999.0 -999 -999 "" "" "" "" 0 0 0.0 0.0 -999 ""
FIBERMAP 474 R-3C8 APOGEE 0 0 0 1 0 0 -89.53722174267692 -67.77127524431177 143.1 67.91723628757853 -89.42221248264742 332.27695 102.55026 -999.0 -999.0 -999.0 -999.0 -999.0 269.6664542598607 -29.776062287879785 269.7687783774838 -29.780297457631715 50.993500283650675 257.433588221474 -999.0 16600.0 -999.0 2 -999 {-999.0 -999.0 -999.0 -999.0 -999.0} "" -999.0 -999.0 -999.0 -999.0 -999 -999 "" "" "" "" 0 0 0.0 0.0 -999 ""
FIBERMAP 474 R-3C8 BOSS 1 1 0 1 0 0 -89.77348567990391 -68.55320659854033 143.1 68.69953339155096 -89.65717509816723 332.27695 102.55026 269.6690368652344 -29.776811453651916 -999.0 -999.0 -999.0 269.6690324487375 -29.776791323870444 269.77155506507785 -29.781050755092156 50.99600692478784 257.43310576568274 5400.0 5400.0 2015.5 1 477 {-999.0 -999.0 -999.0 -999.0 -999.0} "" -999.0 -999.0 -999.0 -999.0 27021603147180737 852480487 "" ops_sky_boss_fallback ops_sky sky_boss 0 0 0.0 0.0 -999 ""
FIBERMAP 474 R-3C8 METROLOGY 0 0 0 1 0 0 -90.2538112912604 -67.98574583823324 143.1 68.13288559428393 -90.13842413345617 332.27695 102.55026 -999.0 -999.0 -999.0 -999.0 -999.0 269.66711217448795 -29.77826813128852 269.769584926684 -29.782523591909833 50.994592474925554 257.4303117124111 -999.0 6231.0 -999.0 -1 -999 {-999.0 -999.0 -999.0 -999.0 -999.0} "" -999.0 -999.0 -999.0 -999.0 -999 -999 "" "" "" "" 0 0 0.0 0.0 -999 ""
FIBERMAP 477 R-7C14 APOGEE 1 1 0 1 0 0 87.70554814708981 -154.7059437292907 143.1 154.5558564106749 87.95869091043298 355.1554 43.138935 269.9678941045856 -29.23794019635124 -9.28874 -7.3919683 0.024560668 269.9678738575559 -29.237985274559662 270.06819291951143 -29.241507943385823 51.149149652672406 258.35329458367084 16000.0 16600.0 2016.0 2 197 {-999.0 17.154116 15.366736 14.252695 -999.0} sdss_psfmag_gaia 16.265978 14.935731 13.797978 10.953 63050395308020071 1154570804 bright_1x1 mwm_galactic_core_dist_apogee_sparse mwm_galactic science 0 0 0.0 0.0 -999 ""
FIBERMAP 477 R-7C14 BOSS 0 0 0 1 0 0 87.12608881401832 -155.18009726841404 143.1 155.03095342416222 87.38003471456125 355.1554 43.138935 -999.0 -999.0 -999.0 -999.0 -999.0 269.9693948665889 -29.23967353822876 270.06991360833547 -29.24322467023663 51.15095148829478 258.3510657215859 -999.0 5400.0 -999.0 1 272 {-999.0 -999.0 -999.0 -999.0 -999.0} "" -999.0 -999.0 -999.0 -999.0 -999 -999 "" "" "" "" 0 0 0.0 0.0 -999 ""
FIBERMAP 477 R-7C14 METROLOGY 0 0 0 1 0 0 86.99626902797291 -154.44369547443168 143.1 154.2947901088002 87.24900071285573 355.1554 43.138935 -999.0 -999.0 -999.0 -999.0 -999.0 269.9669232930997 -29.240068285531887 270.067389162573 -29.24361675749606 51.14886430294939 258.3497811284192 -999.0 6231.0 -999.0 -1 -999 {-999.0 -999.0 -999.0 -999.0 -999.0} "" -999.0 -999.0 -999.0 -999.0 -999 -999 "" "" "" "" 0 0 0.0 0.0 -999 ""
FIBERMAP 479 R-1C14 APOGEE 1 1 0 1 0 0 -1.4847124815164818 -28.610329961606297 143.1 28.61186608982243 -1.4373283451479797 234.87125 97.837006 269.5297538609142 -29.5088274389001 -2.4762769 -5.9961524 0.085215084 269.5297635848879 -29.508838225501805 269.63117385974823 -29.513504071423608 50.82673206970609 257.8144440669812 16000.0 16600.0 2016.0 2 230 {-999.0 17.473948 15.562157 14.197258 -999.0} sdss_psfmag_ps1 16.319014 14.692148 13.409009 10.263 63050395307782072 1153483682 bright_1x1 mwm_galactic_core_dist_apogee_sparse mwm_galactic science 0 0 0.0 0.0 -999 ""
FIBERMAP 479 R-1C14 BOSS 0 0 0 1 0 0 -2.0648502999778646 -28.161925513249372 143.1 28.164435915945738 -2.0181893956080117 234.87125 97.837006 -999.0 -999.0 -999.0 -999.0 -999.0 269.52802147632815 -29.510567228277747 269.6296355024257 -29.51527024484989 50.82574850414786 257.811300056342 -999.0 5400.0 -999.0 1 339 {-999.0 -999.0 -999.0 -999.0 -999.0} "" -999.0 -999.0 -999.0 -999.0 -999 -999 "" "" "" "" 0 0 0.0 0.0 -999 ""
FIBERMAP 479 R-1C14 METROLOGY 0 0 0 1 0 0 -1.382056601114522 -27.87427216885974 143.1 27.875662128893964 -1.3358935897034436 234.87125 97.837006 -999.0 -999.0 -999.0 -999.0 -999.0 269.52707734254466 -29.508502176495284 269.62862844333165 -29.51319893722047 50.82449903572737 257.814260490124 -999.0 6231.0 -999.0 -1 -999 {-999.0 -999.0 -999.0 -999.0 -999.0} "" -999.0 -999.0 -999.0 -999.0 -999 -999 "" "" "" "" 0 0 0.0 0.0 -999 ""
FIBERMAP 480 R+9C15 APOGEE 0 0 0 1 0 0 126.16486929796088 195.3990433837003 143.1 -195.60149999030926 125.83751902392626 143.3564 40.809875 -999.0 -999.0 -999.0 -999.0 -999.0 268.7533298618152 -29.119691225298887 268.8535819471808 -29.12656729704929 50.086694167557845 258.20466530020053 -999.0 16600.0 -999.0 2 -999 {-999.0 -999.0 -999.0 -999.0 -999.0} "" -999.0 -999.0 -999.0 -999.0 -999 -999 "" "" "" "" 0 0 0.0 0.0 -999 ""
FIBERMAP 480 R+9C15 BOSS 1 1 0 1 0 0 126.90778080494339 195.47717220503588 143.1 -195.68085546059234 126.58027736663541 143.3564 40.809875 268.752845721002 -29.11738662117483 -0.6694246 -1.8285161 0.18816805 268.7528531326219 -29.117390681073463 268.8532983148099 -29.124304280176855 50.08600026071601 258.2080445067802 5400.0 5400.0 2016.0 1 237 {-999.0 17.643404 16.148521 15.2976675 -999.0} sdss_psfmag_ps1 16.906267 15.814297 14.581643 12.04 63050395287199681 1093355014 bright_3x1 mwm_astar_core_boss mwm_ob science 0 0 0.0 0.0 -999 ""
FIBERMAP 480 R+9C15 METROLOGY 0 0 0 1 0 0 126.58871431655558 194.78272072712457 143.1 -194.9858984203065 126.26237012636908 143.3564 40.809875 -999.0 -999.0 -999.0 -999.0 -999.0 268.7552583505773 -29.1183530148402 268.85564926844614 -29.125249682247254 50.08820120806629 258.2072387001408 -999.0 6231.0 -999.0 -1 -999 {-999.0 -999.0 -999.0 -999.0 -999.0} "" -999.0 -999.0 -999.0 -999.0 -999 -999 "" "" "" "" 0 0 0.0 0.0 -999 ""
FIBERMAP 482 R+7C10 APOGEE 1 1 0 1 0 0 -10.99790788863969 151.24988701826373 143.1 -151.22682523352037 -11.247800125421296 105.52344 99.3678 268.90254367623953 -29.535820769882584 0.62745774 -2.2803288 0.22045319 268.90254530918475 -29.535866005150066 269.0042310404927 -29.54224562836435 50.29647265972521 257.6077788833062 16000.0 16600.0 2016.0 2 137 {-999.0 16.500664 14.496396 13.594645 -999.0} sdss_psfmag_from_g3xp 15.521256 14.252045 13.098534 10.331 63050395286613379 1152063148 bright_1x1 mwm_galactic_core_dist_apogee_sparse mwm_galactic science 0 0 0.0 0.0 -999 ""
FIBERMAP 482 R+7C10 BOSS 0 0 0 1 0 0 -10.331692063515831 151.60780767449538 143.1 -151.58583664357118 -10.5821979186685 105.52344 99.3678 -999.0 -999.0 -999.0 -999.0 -999.0 268.90103790526325 -29.533808438290425 269.0029175149651 -29.540226478802047 50.29496665960161 257.6105416001386 -999.0 5400.0 -999.0 1 132 {-999.0 -999.0 -999.0 -999.0 -999.0} "" -999.0 -999.0 -999.0 -999.0 -999 -999 "" "" "" "" 0 0 0.0 0.0 -999 ""
FIBERMAP 482 R+7C10 METROLOGY 0 0 0 1 0 0 -10.370815199172599 150.8406547942786 143.1 -150.81864371168618 -10.620050525680558 105.52344 99.3678 -999.0 -999.0 -999.0 -999.0 -999.0 268.9037413990245 -29.533952397705352 269.0055638548089 -29.540353396491142 50.29725109707016 257.6110322012735 -999.0 6231.0 -999.0 -1 -999 {-999.0 -999.0 -999.0 -999.0 -999.0} "" -999.0 -999.0 -999.0 -999.0 -999 -999 "" "" "" "" 0 0 0.0 0.0 -999 ""
FIBERMAP 486 R-1C9 APOGEE 1 1 0 1 0 0 -105.17675051703459 -26.781532902690557 143.1 26.954688454863728 -105.12905651824273 188.27733 157.22453 269.5230825375349 -29.82352398150397 -0.367858 -8.098507 -0.053449843 269.52308859149986 -29.823531514780644 269.62562485002536 -29.828149599091173 50.880014582931395 257.32317866044826 16000.0 16600.0 2016.0 2 279 {-999.0 19.626463 17.294756 14.598481 -999.0} sdss_psfmag_ps1 17.670473 14.9425125 13.313707 8.893 63050395284814313 1153386118 bright_1x1 mwm_galactic_core_dist_apogee_sparse mwm_galactic science 0 0 0.0 0.0 -999 ""
FIBERMAP 486 R-1C9 BOSS 0 0 0 1 0 0 -105.87539829672703 -26.51361555674493 143.1 26.687935654501945 -105.82812509801947 188.27733 157.22453 -999.0 -999.0 -999.0 -999.0 -999.0 269.52196787961276 -29.825673885561017 269.6247097173666 -29.830326156334763 50.87962807827753 257.3195581555528 -999.0 5400.0 -999.0 1 458 {-999.0 -999.0 -999.0 -999.0 -999.0} "" -999.0 -999.0 -999.0 -999.0 -999 -999 "" "" "" "" 0 0 0.0 0.0 -999 ""
FIBERMAP 486 R-1C9 METROLOGY 0 0 0 1 0 0 -105.2777881094582 -26.03918931956523 143.1 26.212535920771813 -105.23131908302544 188.27733 157.22453 -999.0 -999.0 -999.0 -999.0 -999.0 269.5203688404076 -29.823881275642744 269.62304873401604 -29.8285293668702 50.877885527654804 257.3219450780504 -999.0 6231.0 -999.0 -1 -999 {-999.0 -999.0 -999.0 -999.0 -999.0} "" -999.0 -999.0 -999.0 -999.0 -999 -999 "" "" "" "" 0 0 0.0 0.0 -999 ""
FIBERMAP 491 R+1C18 APOGEE 1 1 0 1 0 0 94.3446047186613 25.271585826831714 143.1 -25.42686794576956 94.29975741485237 91.28274 154.57771 269.34245842128234 -29.217707315747983 -999.0 -999.0 -999.0 269.34249208786935 -29.217724576914023 269.4429239287644 -29.222964811373394 50.6101766164422 258.21536325152965 16000.0 16600.0 2016.0 2 79 {-999.0 -999.0 -999.0 -999.0 -999.0} "" -999.0 17.685932 -999.0 10.253 63050395309184011 1151502777 bright_1x1 mwm_galactic_core_dist_apogee_sparse mwm_galactic science 0 0 0.0 0.0 -999 ""
FIBERMAP 491 R+1C18 BOSS 0 0 0 1 0 0 94.6437300077768 25.957467030101565 143.1 -26.113221993987754 94.59773827702445 91.28274 154.57771 -999.0 -999.0 -999.0 -999.0 -999.0 269.339894901119 -29.21672546672504 269.44052173395096 -29.222007268258917 50.6079339115951 258.2162005578923 -999.0 5400.0 -999.0 1 240 {-999.0 -999.0 -999.0 -999.0 -999.0} "" -999.0 -999.0 -999.0 -999.0 -999 -999 "" "" "" "" 0 0 0.0 0.0 -999 ""
FIBERMAP 491 R+1C18 METROLOGY 0 0 0 1 0 0 95.08591348869702 25.345951706885767 143.1 -25.502457944059277 95.04091929803594 91.28274 154.57771 -999.0 -999.0 -999.0 -999.0 -999.0 269.34207922915857 -29.215388992042158 269.4426446475838 -29.220655385690723 50.60948819924242 258.21885816974833 -999.0 6231.0 -999.0 -1 -999 {-999.0 -999.0 -999.0 -999.0 -999.0} "" -999.0 -999.0 -999.0 -999.0 -999 -999 "" "" "" "" 0 0 0.0 0.0 -999 ""
FIBERMAP 492 R-4C12 APOGEE 0 0 0 1 0 0 14.727767923396705 -73.24685653907139 143.1 73.22013288567732 14.848482568826103 32.198547 100.159775 -999.0 -999.0 -999.0 -999.0 -999.0 269.6854320385869 -29.45961058769663 269.7866214450451 -29.463860243409925 50.95031356426287 257.932015751732 -999.0 16600.0 -999.0 2 -999 {-999.0 -999.0 -999.0 -999.0 -999.0} "" -999.0 -999.0 -999.0 -999.0 -999 -999 "" "" "" "" 0 0 0.0 0.0 -999 ""
FIBERMAP 492 R-4C12 BOSS 1 1 0 1 0 0 15.250025363861553 -73.79680933093209 143.1 73.76920390064032 15.37163311703716 32.198547 100.159775 269.6872084993218 -29.457970248174217 -5.166721 -6.1969194 0.048223473 269.6872018758774 -29.457981674577724 269.78858105998523 -29.462259490179672 50.95168856130169 257.9350203381563 5400.0 5400.0 2016.0 1 408 {-999.0 18.483772 16.403866 15.138293 -999.0} sdss_psfmag_ps1 17.247719 15.588059 14.2901945 11.139 63050395307768512 1093355534 bright_3x1 mwm_astar_core_boss mwm_ob science 0 0 0.0 0.0 -999 ""
FIBERMAP 492 R-4C12 METROLOGY 0 0 0 1 0 0 14.517206496301139 -73.96460447687099 143.1 73.9382061125941 14.639115443847 32.198547 100.159775 -999.0 -999.0 -999.0 -999.0 -999.0 269.6878521952944 -29.46021474007689 269.7891835557076 -29.464481040208426 50.95262121134744 257.93171316457426 -999.0 6231.0 -999.0 -1 -999 {-999.0 -999.0 -999.0 -999.0 -999.0} "" -999.0 -999.0 -999.0 -999.0 -999 -999 "" "" "" "" 0 0 0.0 0.0 -999 ""
FIBERMAP 494 R+10C13 APOGEE 0 0 0 1 0 0 74.08547148336703 186.2597800878227 143.1 -186.37636426632375 73.77491763678825 236.76236 81.82029 -999.0 -999.0 -999.0 -999.0 -999.0 268.7832187761542 -29.277359499142676 268.8840198277574 -29.28412053829139 50.14388104677151 257.9720035643155 -999.0 16600.0 -999.0 2 -999 {-999.0 -999.0 -999.0 -999.0 -999.0} "" -999.0 -999.0 -999.0 -999.0 -999 -999 "" "" "" "" 0 0 0.0 0.0 -999 ""
FIBERMAP 494 R+10C13 BOSS 1 1 0 1 0 0 73.50340652907859 186.73888697521488 143.1 -186.85449270309067 73.19207871468255 236.76236 81.82029 268.7812898807689 -29.279030256235494 3.5662427 -2.6785407 1.2556113 268.7812843209687 -29.279057924588635 268.8822930561277 -29.285858973673268 50.142744896730974 257.9688829543306 5400.0 5400.0 2016.0 1 103 {-999.0 15.047451 14.566976 14.374952 -999.0} sdss_psfmag_from_g3xp 14.938479 14.585415 14.027094 -999.0 63050395286788911 981640992 "" ops_std_boss_tic ops_std standard_boss 0 0 0.0 0.0 -999 ""
FIBERMAP 494 R+10C13 METROLOGY 0 0 0 1 0 0 74.21485376038241 186.99650150273501 143.1 -187.1132760474389 73.90307683111469 236.76236 81.82029 -999.0 -999.0 -999.0 -999.0 -999.0 268.78044141356276 -29.276898991273953 268.88138574063254 -29.283692875931848 50.14154431906383 257.9719552209556 -999.0 6231.0 -999.0 -1 -999 {-999.0 -999.0 -999.0 -999.0 -999.0} "" -999.0 -999.0 -999.0 -999.0 -999 -999 "" "" "" "" 0 0 0.0 0.0 -999 ""
FIBERMAP 496 R-9C5 APOGEE 1 0 1 1 0 0 -99.31712431440391 -167.09241908813962 143.1 167.25136614163205 -99.0374715868692 13.378376 167.92024 269.9888401568196 -29.854637554244988 2.3021483 -0.65421236 0.15203628 270.01301736512085 -29.804681782731677 270.11534047470747 -29.807961535507715 51.29431376989793 257.47660778473846 16000.0 16600.0 2016.0 2 268 {-999.0 16.872385 15.127601 14.085233 -999.0} sdss_psfmag_gaia 16.050318 14.756182 13.66048 10.916 63050395307261523 1154567899 bright_1x1 mwm_galactic_core_dist_apogee_sparse mwm_galactic science 0 0 0.0 0.0 -999 ""
FIBERMAP 496 R-9C5 BOSS 0 0 1 1 0 0 -98.56380864946244 -167.12112870744397 143.1 167.27882846123677 -98.28413265450882 13.378376 167.92024 -999.0 -999.0 -999.0 -999.0 -999.0 270.0129758500764 -29.80239909394382 270.1154854949156 -29.80571019077375 51.29403447295921 257.48018593211856 -999.0 5400.0 -999.0 1 364 {-999.0 -999.0 -999.0 -999.0 -999.0} "" -999.0 -999.0 -999.0 -999.0 -999 -999 "" "" "" "" 0 0 0.0 0.0 -999 ""
FIBERMAP 496 R-9C5 METROLOGY 0 0 1 1 0 0 -98.96681677607641 -167.76335822837407 143.1 167.92170410761125 -98.68606523499669 13.378376 167.92024 -999.0 -999.0 -999.0 -999.0 -999.0 270.01529529073025 -29.8036304927824 270.11775346137034 -29.80692625737563 51.29618834850648 257.4788361198218 -999.0 6231.0 -999.0 -1 -999 {-999.0 -999.0 -999.0 -999.0 -999.0} "" -999.0 -999.0 -999.0 -999.0 -999 -999 "" "" "" "" 0 0 0.0 0.0 -999 ""
FIBERMAP 499 R+7C3 APOGEE 1 1 0 1 0 0 -166.6763133341037 124.19300238102792 143.1 -123.91323788275714 -166.87643142130943 265.81302 128.3444 268.9945923776881 -30.007865331218248 -2.8824368 -8.477802 0.09204766 268.9945685867144 -30.007880751902004 269.09791833456023 -30.013909230935873 50.463720047621756 256.9045357597082 16000.0 16600.0 2016.0 2 17 {-999.0 21.719774 21.654732 15.526815 -999.0} sdss_psfmag_gaia 19.342459 15.93576 14.354916 9.817 63050395284948318 1156964302 bright_1x1 mwm_galactic_core_dist_apogee_extra mwm_galactic science 0 0 0.0 0.0 -999 ""
FIBERMAP 499 R+7C3 BOSS 0 0 0 1 0 0 -167.2833452319117 123.79442935600137 143.1 -123.5136733326638 -167.482784344446 265.81302 128.3444 -999.0 -999.0 -999.0 -999.0 -999.0 268.99571842652193 -30.009731364556078 269.0992754295315 -30.015788150934846 50.46521431602602 256.9019647829287 -999.0 5400.0 -999.0 1 27 {-999.0 -999.0 -999.0 -999.0 -999.0} "" -999.0 -999.0 -999.0 -999.0 -999 -999 "" "" "" "" 0 0 0.0 0.0 -999 ""
FIBERMAP 499 R+7C3 METROLOGY 0 0 0 1 0 0 -167.3295087629527 124.5596153107743 143.1 -124.27875829384733 -167.5302124062469 265.81302 128.3444 -999.0 -999.0 -999.0 -999.0 -999.0 268.99308158260976 -30.00988611786082 269.09658295610274 -30.015941081443188 50.462948588732814 256.9010689496249 -999.0 6231.0 -999.0 -1 -999 {-999.0 -999.0 -999.0 -999.0 -999.0} "" -999.0 -999.0 -999.0 -999.0 -999 -999 "" "" "" "" 0 0 0.0 0.0 -999 ""
FIBERMAP 500 R-7C10 APOGEE 1 1 0 1 0 0 5.290532065105339 -134.174047175161 143.1 134.16097766886247 5.512355575474957 30.692179 89.82983 269.8976886191874 -29.487953597720125 -6.8552017 -3.804959 0.09561315 269.8976466862277 -29.487976396749684 269.9988738039258 -29.491638753933227 51.13702370651335 257.94359370182536 16000.0 16600.0 2016.0 2 190 {-999.0 18.207333 16.23027 14.439311 -999.0} sdss_psfmag_gaia 16.849928 15.1738205 13.783951 10.42 63050395307482365 1154568946 bright_1x1 mwm_galactic_core_dist_apogee_sparse mwm_galactic science 0 0 0.0 0.0 -999 ""
FIBERMAP 500 R-7C10 BOSS 0 0 0 1 0 0 5.6610916344314965 -134.7819818792959 143.1 134.7682797181181 5.883909064737602 30.692179 89.82983 -999.0 -999.0 -999.0 -999.0 -999.0 269.89963735138633 -29.486812109932583 270.0010546360316 -29.49050142462652 51.138676906691394 257.94593812905265 -999.0 5400.0 -999.0 1 388 {-999.0 -999.0 -999.0 -999.0 -999.0} "" -999.0 -999.0 -999.0 -999.0 -999 -999 "" "" "" "" 0 0 0.0 0.0 -999 ""
FIBERMAP 500 R-7C10 METROLOGY 0 0 0 1 0 0 4.929825961280702 -134.82813445747462 143.1 134.81564070561066 5.152743275881012 30.692179 89.82983 -999.0 -999.0 -999.0 -999.0 -999.0 269.8998766352485 -29.489039304646226 270.0012465386447 -29.492718373667582 51.13925392561807 257.94251617730913 -999.0 6231.0 -999.0 -1 -999 {-999.0 -999.0 -999.0 -999.0 -999.0} "" -999.0 -999.0 -999.0 -999.0 -999 -999 "" "" "" "" 0 0 0.0 0.0 -999 ""
FIBERMAP 502 R+1C22 APOGEE 1 1 0 1 0 0 186.26422571684984 31.939682706632727 143.1 -32.246833210644695 186.20538897021228 110.58443 116.23123 269.3202209472656 -28.9395589711188 -999.0 -999.0 -999.0 269.3202270414131 -28.939542954958064 269.41968455535823 -28.94490271786098 50.53536791603116 258.6382579026465 16000.0 16600.0 2015.5 2 81 {-999.0 -999.0 -999.0 -999.0 -999.0} "" -999.0 -999.0 -999.0 -999.0 27021603147280896 848879836 "" ops_sky_apogee_good ops_sky sky_apogee 0 0 0.0 0.0 -999 ""
FIBERMAP 502 R+1C22 BOSS 0 0 0 1 0 0 186.78860310587285 32.49773460676551 143.1 -32.80573475203411 186.72882618240237 110.58443 116.23123 -999.0 -999.0 -999.0 -999.0 -999.0 269.31809113747767 -28.937862825806604 269.41774089092144 -28.943264147746625 50.53337323481548 258.6402474456063 -999.0 5400.0 -999.0 1 245 {-999.0 -999.0 -999.0 -999.0 -999.0} "" -999.0 -999.0 -999.0 -999.0 -999 -999 "" "" "" "" 0 0 0.0 0.0 -999 ""
FIBERMAP 502 R+1C22 METROLOGY 0 0 0 1 0 0 186.99598791483817 31.767847976434513 143.1 -32.07621472365264 186.93741193238574 110.58443 116.23123 -999.0 -999.0 -999.0 -999.0 -999.0 269.32067233167703 -28.937225725805085 269.42026311264937 -28.942610087943656 50.535404623830786 258.6419513818261 -999.0 6231.0 -999.0 -1 -999 {-999.0 -999.0 -999.0 -999.0 -999.0} "" -999.0 -999.0 -999.0 -999.0 -999 -999 "" "" "" "" 0 0 0.0 0.0 -999 ""
FIBERMAP 504 R+7C15 APOGEE 0 0 0 1 0 0 111.00810987792948 141.16003386916702 143.1 -141.33915810967582 110.77098672662136 15.809401 129.16011 -999.0 -999.0 -999.0 -999.0 -999.0 268.940386775643 -29.16620367971408 269.0407509339017 -29.172557039880214 50.25603338843088 258.18492609633375 -999.0 16600.0 -999.0 2 -999 {-999.0 -999.0 -999.0 -999.0 -999.0} "" -999.0 -999.0 -999.0 -999.0 -999 -999 "" "" "" "" 0 0 0.0 0.0 -999 ""
FIBERMAP 504 R+7C15 BOSS 1 1 0 1 0 0 111.60849874119333 140.73088155344158 143.1 -140.91101295488036 111.37206631738633 15.809401 129.16011 268.94164325040424 -29.16431393079353 1.6487615 -0.9202912 1.1053586 268.94163293847515 -29.164316545193284 269.0421901158473 -29.170702079225304 50.25689889437796 258.18815846448 5400.0 5400.0 2016.0 1 195 {-999.0 13.877683 13.521625 13.404807 -999.0} sdss_psfmag_from_g3xp 13.819627 13.531104 13.071288 12.416 63050395286820022 979142765 "" ops_std_boss ops_std standard_boss 0 0 0.0 0.0 -999 ""
FIBERMAP 504 R+7C15 METROLOGY 0 0 0 1 0 0 110.94106974590864 140.4150480723261 143.1 -140.5940853588386 110.70518134540843 15.809401 129.16011 -999.0 -999.0 -999.0 -999.0 -999.0 268.9427455204342 -29.166336104380903 269.0432528283146 -29.17270818301278 50.2582047543637 258.18536914492154 -999.0 6231.0 -999.0 -1 -999 {-999.0 -999.0 -999.0 -999.0 -999.0} "" -999.0 -999.0 -999.0 -999.0 -999 -999 "" "" "" "" 0 0 0.0 0.0 -999 ""
FIBERMAP 508 R-3C10 APOGEE 0 0 0 1 0 0 -55.037859756637694 -66.21744824151008 143.1 66.30637937075186 -54.92653113687074 213.81227 164.40381 -999.0 -999.0 -999.0 -999.0 -999.0 269.6610255394505 -29.67141753748199 269.7629770005348 -29.67568955500402 50.96945506161685 257.59549431192505 -999.0 16600.0 -999.0 2 -999 {-999.0 -999.0 -999.0 -999.0 -999.0} "" -999.0 -999.0 -999.0 -999.0 -999 -999 "" "" "" "" 0 0 0.0 0.0 -999 ""
FIBERMAP 508 R-3C10 BOSS 1 1 0 1 0 0 -55.76616070204427 -66.47554865237043 143.1 66.56567646762407 -55.65438162133861 213.81227 164.40381 269.6617795481548 -29.673615537797346 -4.8018284 -4.616963 0.16611107 269.661775345595 -29.673626940019748 269.76393102146494 -29.677928326285915 50.970680868523246 257.59224123749857 5400.0 5400.0 2016.0 1 494 {-999.0 18.095049 16.293192 15.152423 -999.0} sdss_psfmag_gaia 17.07091 15.839516 14.574712 11.379 63050395284838464 1093414049 bright_3x1 mwm_astar_core_boss mwm_ob science 0 0 0.0 0.0 -999 ""
FIBERMAP 508 R-3C10 METROLOGY 0 0 0 1 0 0 -55.60029107381238 -65.72432631920563 143.1 65.81420386566555 -55.489760241613865 213.81227 164.40381 -999.0 -999.0 -999.0 -999.0 -999.0 269.6592138007829 -29.673139953107018 269.761312804157 -29.677439428567638 50.968355006173965 257.5923412807646 -999.0 6231.0 -999.0 -1 -999 {-999.0 -999.0 -999.0 -999.0 -999.0} "" -999.0 -999.0 -999.0 -999.0 -999 -999 "" "" "" "" 0 0 0.0 0.0 -999 ""
FIBERMAP 510 R-3C24 APOGEE 1 1 0 1 0 0 263.43963761421935 -73.14791906815987 143.1 72.70969973156473 263.5521878126414 311.84055 93.07366 269.6834511721292 -28.707744131127146 -4.0905404 -7.3878713 0.13497086 269.6834265234551 -28.70776586734122 269.78196534726237 -28.71217939050655 50.7992359764689 259.0989600455121 16000.0 16600.0 2016.0 2 238 {-999.0 18.493519 16.576353 14.069343 -999.0} sdss_psfmag_gaia 16.919865 14.7935705 13.38624 9.976 63050395309508245 1154576380 bright_1x1 mwm_galactic_core_dist_apogee_sparse mwm_galactic science 0 0 0.0 0.0 -999 ""
FIBERMAP 510 R-3C24 BOSS 0 0 0 1 0 0 262.9646414032247 -73.7126860871577 143.1 73.27523447363497 263.07814130024957 311.84055 93.07366 -999.0 -999.0 -999.0 -999.0 -999.0 269.6851791960645 -28.709166970331076 269.78391750417165 -28.71361094279541 50.8012034908384 259.0972934040131 -999.0 5400.0 -999.0 1 348 {-999.0 -999.0 -999.0 -999.0 -999.0} "" -999.0 -999.0 -999.0 -999.0 -999 -999 "" "" "" "" 0 0 0.0 0.0 -999 ""
FIBERMAP 510 R-3C24 METROLOGY 0 0 0 1 0 0 262.7200684131299 -72.99985182605919 143.1 72.56282779453724 262.83239677892755 311.84055 93.07366 -999.0 -999.0 -999.0 -999.0 -999.0 269.6827969886241 -28.70985592204111 269.781483131197 -28.714296202082068 50.79925247591897 259.09554477961046 -999.0 6231.0 -999.0 -1 -999 {-999.0 -999.0 -999.0 -999.0 -999.0} "" -999.0 -999.0 -999.0 -999.0 -999 -999 "" "" "" "" 0 0 0.0 0.0 -999 ""
FIBERMAP 511 R-1C13 APOGEE 1 1 0 1 0 0 -22.488758708254068 -4.115562705148674 143.1 4.152638422986029 -22.481225990212025 168.42044 67.822876 269.4441785248999 -29.57252802045183 -0.43390408 -0.82105327 0.87877125 269.4441794648695 -29.57255218443712 269.5458416120962 -29.57743919457804 50.76577689931438 257.69309588293004 16000.0 16600.0 2016.0 2 180 {-999.0 9.015626 9.231267 9.397539 -999.0} sdss_psfmag_from_g3xp 9.121873 9.121659 9.076239 9.098 63050395285238210 975029796 "" ops_std_apogee ops_std standard_apogee 0 0 0.0 0.0 -999 ""
FIBERMAP 511 R-1C13 BOSS 0 0 0 1 0 0 -22.071540226706958 -3.500889848559881 143.1 3.5372950431667616 -22.06503791885682 168.42044 67.822876 -999.0 -999.0 -999.0 -999.0 -999.0 269.4418397963861 -29.571263729927526 269.54369570481754 -29.576190110658796 50.76371016208988 257.6944848588014 -999.0 5400.0 -999.0 1 431 {-999.0 -999.0 -999.0 -999.0 -999.0} "" -999.0 -999.0 -999.0 -999.0 -999 -999 "" "" "" "" 0 0 0.0 0.0 -999 ""
FIBERMAP 511 R-1C13 METROLOGY 0 0 0 1 0 0 -21.744667592185024 -4.170515077146099 143.1 4.2063579132913995 -21.737067890811666 168.42044 67.822876 -999.0 -999.0 -999.0 -999.0 -999.0 269.4442367150428 -29.570284855537903 269.54603240861053 -29.57519560867086 50.765520867215244 257.69662966822807 -999.0 6231.0 -999.0 -1 -999 {-999.0 -999.0 -999.0 -999.0 -999.0} "" -999.0 -999.0 -999.0 -999.0 -999 -999 "" "" "" "" 0 0 0.0 0.0 -999 ""
FIBERMAP 512 R+9C8 APOGEE 1 1 0 1 0 0 -20.527196502853172 170.9763473596114 143.1 -170.93688459650605 -20.80942002557103 348.15073 113.02287 268.83380977609266 -29.564313643005978 -8.833355 -7.100544 0.12640414 268.8337882564907 -29.564365058709022 268.9355946566712 -29.570927281924863 50.24330857962713 257.5459680171151 16000.0 16600.0 2016.0 2 134 {-999.0 16.77921 14.539229 12.695505 -999.0} sdss_psfmag_from_g3xp 15.541909 13.354099 11.98838 8.589 63050395286457077 1152063032 bright_1x1 mwm_galactic_core_dist_apogee_sparse mwm_galactic science 0 0 0.0 0.0 -999 ""
FIBERMAP 512 R+9C8 BOSS 0 0 0 1 0 0 -20.35842077799403 170.25002282026355 143.1 -170.21086266500183 -20.639448011239626 348.15073 113.02287 -999.0 -999.0 -999.0 -999.0 -999.0 268.8360405267147 -29.563841621535897 268.938045645336 -29.570431638559754 50.245307345834846 257.54736216900216 -999.0 5400.0 -999.0 1 129 {-999.0 -999.0 -999.0 -999.0 -999.0} "" -999.0 -999.0 -999.0 -999.0 -999 -999 "" "" "" "" 0 0 0.0 0.0 -999 ""
FIBERMAP 512 R+9C8 METROLOGY 0 0 0 1 0 0 -21.07938349264515 170.4738828007784 143.1 -170.43352259668828 -21.36075791432067 348.15073 113.02287 -999.0 -999.0 -999.0 -999.0 -999.0 268.8352800119389 -29.566034988974454 268.9372361420519 -29.57261703167047 50.2450312155692 257.54379793648695 -999.0 6231.0 -999.0 -1 -999 {-999.0 -999.0 -999.0 -999.0 -999.0} "" -999.0 -999.0 -999.0 -999.0 -999 -999 "" "" "" "" 0 0 0.0 0.0 -999 ""
FIBERMAP 513 R+2C25 APOGEE 1 1 0 1 0 0 281.91754760351284 48.59154355320958 143.1 -49.05641876131289 281.8280829642082 61.28578 91.8475 269.2639291405127 -28.65189241412558 1.2578793 0.053377576 0.06261998 269.2639452767543 -28.651838029076874 269.36241091939564 -28.657412622617187 50.427760225832685 259.06457275236687 16000.0 16600.0 2016.0 2 108 {-999.0 19.680374 17.770433 15.229363 -999.0} sdss_psfmag_gaia 18.089048 15.952194 14.535848 10.879 63050395309802196 1154577794 bright_1x1 mwm_galactic_core_dist_apogee_sparse mwm_galactic science 0 0 0.0 0.0 -999 ""
FIBERMAP 513 R+2C25 BOSS 0 0 0 1 0 0 282.57277037136856 48.28298628643334 143.1 -48.74895549988783 282.4837951686557 61.28578 91.8475 -999.0 -999.0 -999.0 -999.0 -999.0 269.2648260490503 -28.6498700819364 269.36348203027364 -28.65547923788138 50.428280778241025 259.06784687411005 -999.0 5400.0 -999.0 1 184 {-999.0 -999.0 -999.0 -999.0 -999.0} "" -999.0 -999.0 -999.0 -999.0 -999 -999 "" "" "" "" 0 0 0.0 0.0 -999 ""
FIBERMAP 513 R+2C25 METROLOGY 0 0 0 1 0 0 281.9561097117499 47.8465343135845 143.1 -48.311497289508054 281.8678764649464 61.28578 91.8475 -999.0 -999.0 -999.0 -999.0 -999.0 269.2663643723074 -28.65166984968733 269.3649702330782 -28.65726404249853 50.42992700103274 259.06552864939994 -999.0 6231.0 -999.0 -1 -999 {-999.0 -999.0 -999.0 -999.0 -999.0} "" -999.0 -999.0 -999.0 -999.0 -999 -999 "" "" "" "" 0 0 0.0 0.0 -999 ""
FIBERMAP 516 R+10C9 APOGEE 0 0 0 1 0 0 -3.2715540318082095 182.93019588209378 143.1 -182.91889839122553 -3.574110533602041 241.22989 129.61145 -999.0 -999.0 -999.0 -999.0 -999.0 268.7926780466486 -29.51180447599818 268.8943086817114 -29.518490456025766 50.1980548005744 257.6157198672149 -999.0 16600.0 -999.0 2 -999 {-999.0 -999.0 -999.0 -999.0 -999.0} "" -999.0 -999.0 -999.0 -999.0 -999 -999 "" "" "" "" 0 0 0.0 0.0 -999 ""
FIBERMAP 516 R+10C9 BOSS 1 1 0 1 0 0 -3.9892256128346633 182.78967235483236 143.1 -182.7771919821498 -4.291526528977548 241.22989 129.61145 268.7928771972656 -29.51392611035328 -999.0 -999.0 -999.0 268.79287633816125 -29.51394891028224 268.89471594350465 -29.520668033127002 50.19881903862295 257.61248672698 5400.0 5400.0 2015.5 1 126 {-999.0 -999.0 -999.0 -999.0 -999.0} "" -999.0 -999.0 -999.0 -999.0 27021603147184076 852481322 "" ops_sky_boss_fallback ops_sky sky_boss 0 0 0.0 0.0 -999 ""
FIBERMAP 516 R+10C9 METROLOGY 0 0 0 1 0 0 -3.7613547817006934 183.49552184311173 143.1 -183.4833957810671 -4.064830870554502 241.22989 129.61145 -999.0 -999.0 -999.0 -999.0 -999.0 268.79046237826367 -29.513253260121395 268.89224311318355 -29.519969481003642 50.196573362814775 257.6129151155244 -999.0 6231.0 -999.0 -1 -999 {-999.0 -999.0 -999.0 -999.0 -999.0} "" -999.0 -999.0 -999.0 -999.0 -999 -999 "" "" "" "" 0 0 0.0 0.0 -999 ""
FIBERMAP 517 R+13C10 APOGEE 1 1 0 1 0 0 52.6471047124954 231.75066645610045 143.1 -231.83031703361473 52.26197491143464 317.39957 45.34049 268.62533329610375 -29.341375769516667 2.63241 -0.34145772 0.07870409 268.6253392837934 -29.341405716072057 268.7264107429852 -29.34858636918502 50.02173448986127 257.83156123643545 16000.0 16600.0 2016.0 2 97 {-999.0 17.121508 14.678348 13.478143 -999.0} sdss_psfmag_from_g3xp 15.806034 14.171958 12.906635 9.662 63050395286779607 1152063281 bright_1x1 mwm_galactic_core_dist_apogee_sparse mwm_galactic science 0 0 0.0 0.0 -999 ""
FIBERMAP 517 R+13C10 BOSS 0 0 0 1 0 0 51.89463360205193 231.75518896610086 143.1 -231.83359441931754 51.50952052447012 317.39957 45.34049 -999.0 -999.0 -999.0 -999.0 -999.0 268.62506276737184 -29.34363998709129 268.72634436938426 -29.350856044230976 50.02212138942546 257.82807917681805 -999.0 5400.0 -999.0 1 171 {-999.0 -999.0 -999.0 -999.0 -999.0} "" -999.0 -999.0 -999.0 -999.0 -999 -999 "" "" "" "" 0 0 0.0 0.0 -999 ""
FIBERMAP 517 R+13C10 METROLOGY 0 0 0 1 0 0 52.27776527917034 232.39753234911893 143.1 -232.4765510381257 51.89157710647604 317.39957 45.34049 -999.0 -999.0 -999.0 -999.0 -999.0 268.62287290356977 -29.342468448435934 268.7240936737549 -29.349680813370274 50.01996772483815 257.82927623108856 -999.0 6231.0 -999.0 -1 -999 {-999.0 -999.0 -999.0 -999.0 -999.0} "" -999.0 -999.0 -999.0 -999.0 -999 -999 "" "" "" "" 0 0 0.0 0.0 -999 ""
FIBERMAP 519 R-5C15 APOGEE 0 0 0 1 0 0 65.21548883089515 -92.84699325576508 143.1 92.73610612528132 65.3670081751847 169.43509 110.91001 -999.0 -999.0 -999.0 -999.0 -999.0 269.7534109028077 -29.306353720624745 269.8540361957963 -29.31044938586706 50.97894732262362 258.1888548876898 -999.0 16600.0 -999.0 2 -999 {-999.0 -999.0 -999.0 -999.0 -999.0} "" -999.0 -999.0 -999.0 -999.0 -999 -999 "" "" "" "" 0 0 0.0 0.0 -999 ""
FIBERMAP 519 R-5C15 BOSS 1 1 0 1 0 0 65.07303021217501 -92.14449050462285 143.1 92.03386167347588 65.22339183403847 169.43509 110.91001 269.7508337262213 -29.30668854786512 -2.8237684 -10.35204 -2.900972 269.7508300137658 -29.306718627595334 269.8516528814562 -29.31085441462921 50.97698454181008 258.18759379592103 5400.0 5400.0 2016.0 1 281 {-999.0 16.581442 14.990572 13.913294 -999.0} sdss_psfmag_ps1 -999.0 15.269719 -999.0 10.288 63050395307846494 1093355539 bright_3x1 mwm_astar_core_boss mwm_ob science 0 0 0.0 0.0 -999 ""
FIBERMAP 519 R-5C15 METROLOGY 0 0 0 1 0 0 65.7853550565091 -92.36248246981641 143.1 92.25066807014062 65.93605443592094 169.43509 110.91001 -999.0 -999.0 -999.0 -999.0 -999.0 269.75164893008576 -29.304560294447757 269.85240849421666 -29.30868490900969 50.977217443764346 258.19117582738124 -999.0 6231.0 -999.0 -1 -999 {-999.0 -999.0 -999.0 -999.0 -999.0} "" -999.0 -999.0 -999.0 -999.0 -999 -999 "" "" "" "" 0 0 0.0 0.0 -999 ""
FIBERMAP 520 R+1C14 APOGEE 1 1 0 1 0 0 -7.293284277498383 23.60725065163261 143.1 -23.594424347874288 -7.332108339721302 209.41469 68.0895 269.3474897257857 -29.526221769786385 -5.2793555 -2.5662198 0.045712482 269.3474780188616 -29.52625333370698 269.4490032185623 -29.531415102959755 50.67440374033424 257.7395583097601 16000.0 16600.0 2016.0 2 121 {-999.0 18.284147 15.688725 14.355314 -999.0} sdss_psfmag_ps1 16.755962 14.890722 13.547296 10.084 63050395285334070 1153387146 bright_1x1 mwm_galactic_core_dist_apogee_sparse mwm_galactic science 0 0 0.0 0.0 -999 ""
FIBERMAP 520 R+1C14 BOSS 0 0 0 1 0 0 -7.343850506240983 24.354414553490717 143.1 -24.341480551536886 -7.383909139740021 209.41469 68.0895 -999.0 -999.0 -999.0 -999.0 -999.0 269.34465343296364 -29.526372960584524 269.4463780498938 -29.53157548853182 50.67219061704619 257.7386314705805 -999.0 5400.0 -999.0 1 101 {-999.0 -999.0 -999.0 -999.0 -999.0} "" -999.0 -999.0 -999.0 -999.0 -999 -999 "" "" "" "" 0 0 0.0 0.0 -999 ""
FIBERMAP 520 R+1C14 METROLOGY 0 0 0 1 0 0 -6.669222631725042 24.02703716123572 143.1 -24.015229876198333 -6.708761314588663 209.41469 68.0895 -999.0 -999.0 -999.0 -999.0 -999.0 269.3458553026905 -29.524336017079346 269.4475161520428 -29.529526318559036 50.6727774854305 257.7421011672691 -999.0 6231.0 -999.0 -1 -999 {-999.0 -999.0 -999.0 -999.0 -999.0} "" -999.0 -999.0 -999.0 -999.0 -999 -999 "" "" "" "" 0 0 0.0 0.0 -999 ""
FIBERMAP 521 R+12C7 APOGEE 0 0 0 1 0 0 -21.637378142800536 254.7053965962855 143.1 -254.66140355513522 -22.058097373653776 159.99332 25.095999 -999.0 -999.0 -999.0 -999.0 -999.0 268.54375128827905 -29.565607229645153 268.6456418349985 -29.57296478658854 49.99614159104649 257.467852136906 -999.0 16600.0 -999.0 2 -999 {-999.0 -999.0 -999.0 -999.0 -999.0} "" -999.0 -999.0 -999.0 -999.0 -999 -999 "" "" "" "" 0 0 0.0 0.0 -999 ""
FIBERMAP 521 R+12C7 BOSS 1 1 0 1 0 0 -20.909626170087456 254.76209880598225 143.1 -254.71930802128813 -21.330462626784232 159.99332 25.095999 268.54334101821524 -29.563315996594056 -2.5332136 -2.8541725 0.31798458 268.5433608936011 -29.56336995161843 268.64544651373774 -29.57076347432696 49.995553485746726 257.47116257108235 5400.0 5400.0 2016.0 1 162 {-999.0 15.020875 14.176267 13.784274 -999.0} sdss_psfmag_from_g3xp 14.746357 14.184383 13.379148 11.826 63050395286544776 1093141935 bright_3x1 mwm_astar_core_boss mwm_ob science 0 0 0.0 0.0 -999 ""
FIBERMAP 521 R+12C7 METROLOGY 0 0 0 1 0 0 -21.20506245934428 254.09498577836544 143.1 -254.05172764849956 -21.624785660097963 159.99332 25.095999 -999.0 -999.0 -999.0 -999.0 -999.0 268.54565945601104 -29.564296555163537 268.64769023289904 -29.571673816065836 49.99764311877408 257.4703537300967 -999.0 6231.0 -999.0 -1 -999 {-999.0 -999.0 -999.0 -999.0 -999.0} "" -999.0 -999.0 -999.0 -999.0 -999 -999 "" "" "" "" 0 0 0.0 0.0 -999 ""
FIBERMAP 522 R-4C13 APOGEE 0 0 0 1 0 0 16.07016278236602 -94.60086746623028 143.1 94.57123586104164 16.226164891639307 285.17715 75.73368 -999.0 -999.0 -999.0 -999.0 -999.0 269.75982376047585 -29.45547938890965 269.86097643974875 -29.45952611033732 51.013088209335585 257.95808493962636 -999.0 16600.0 -999.0 2 -999 {-999.0 -999.0 -999.0 -999.0 -999.0} "" -999.0 -999.0 -999.0 -999.0 -999 -999 "" "" "" "" 0 0 0.0 0.0 -999 ""
FIBERMAP 522 R-4C13 BOSS 1 1 0 1 0 0 15.329629863968966 -94.59909495627593 143.1 94.57068863493835 15.485652862615554 285.17715 75.73368 269.7596740722656 -29.457682510472253 -999.0 -999.0 -999.0 269.7596875482746 -29.457685310640315 269.86104378331527 -29.46176447486148 51.013565705205465 257.95460776716527 5400.0 5400.0 2015.5 1 406 {-999.0 -999.0 -999.0 -999.0 -999.0} "" -999.0 -999.0 -999.0 -999.0 27021603147276675 852502558 "" ops_sky_boss_fallback ops_sky sky_boss 0 0 0.0 0.0 -999 ""
FIBERMAP 522 R-4C13 METROLOGY 0 0 0 1 0 0 15.684711124967961 -93.95983296122671 143.1 93.93085971496072 15.839665029068525 285.17715 75.73368 -999.0 -999.0 -999.0 -999.0 -999.0 269.7575244421214 -29.456617429876633 269.8588220791905 -29.460693530570328 51.0114647376361 257.95570299643526 -999.0 6231.0 -999.0 -1 -999 {-999.0 -999.0 -999.0 -999.0 -999.0} "" -999.0 -999.0 -999.0 -999.0 -999 -999 "" "" "" "" 0 0 0.0 0.0 -999 ""
FIBERMAP 525 R+2C1 APOGEE 1 1 0 1 0 0 -261.55762166469447 56.39823710716175 143.1 -55.96367042090928 -261.6425197144877 110.5056 66.17077 269.23104757826576 -30.294853701693313 -1.7100488 -2.9946601 1.1584964 269.23103721512166 -30.294850247185366 269.33535623258837 -30.300170265111444 50.716330696314984 256.51780088964654 16000.0 16600.0 2016.0 2 4 {-999.0 10.183078 10.341458 10.508118 -999.0} sdss_psfmag_from_g3xp 10.283394 10.259239 10.185557 10.123 63050395284453084 975030263 "" ops_std_apogee ops_std standard_apogee 0 0 0.0 0.0 -999 ""
FIBERMAP 525 R+2C1 BOSS 0 0 0 1 0 0 -260.7982393391464 56.389506547772655 143.1 -55.95619655593201 -260.8831473724402 110.5056 66.17077 -999.0 -999.0 -999.0 -999.0 -999.0 269.2308721670472 -30.2925394013753 269.3353828245149 -30.297890677470285 50.71595904102635 256.5213532211646 -999.0 5400.0 -999.0 1 4 {-999.0 -999.0 -999.0 -999.0 -999.0} "" -999.0 -999.0 -999.0 -999.0 -999 -999 "" "" "" "" 0 0 0.0 0.0 -999 ""
FIBERMAP 525 R+2C1 METROLOGY 0 0 0 1 0 0 -261.2137685410414 55.74161715553787 143.1 -55.30764050394925 -261.29759126104904 110.5056 66.17077 -999.0 -999.0 -999.0 -999.0 -999.0 269.23318311339636 -30.293853314928473 269.3376411946158 -30.299189379817875 50.718104173184905 256.51986562085847 -999.0 6231.0 -999.0 -1 -999 {-999.0 -999.0 -999.0 -999.0 -999.0} "" -999.0 -999.0 -999.0 -999.0 -999 -999 "" "" "" "" 0 0 0.0 0.0 -999 ""
FIBERMAP 526 R+6C6 APOGEE 0 0 0 1 0 0 -118.75531163697993 129.92123426513552 143.1 -129.7205717723596 -118.96644876007898 130.05176 102.80067 -999.0 -999.0 -999.0 -999.0 -999.0 268.97510198793213 -29.862880970662207 269.0779361921538 -29.868993160680454 50.42036899302401 257.1233598002287 -999.0 16600.0 -999.0 2 -999 {-999.0 -999.0 -999.0 -999.0 -999.0} "" -999.0 -999.0 -999.0 -999.0 -999 -999 "" "" "" "" 0 0 0.0 0.0 -999 ""
FIBERMAP 526 R+6C6 BOSS 1 1 0 1 0 0 -118.28557856612625 130.5200075931347 143.1 -130.3201030215175 -118.4977214826519 130.05176 102.80067 268.9727783203125 -29.861456737326037 -999.0 -999.0 -999.0 268.972763550819 -29.86145547699429 269.07579413094817 -29.86760683754453 50.418288918232484 257.1249646564888 5400.0 5400.0 2015.5 1 56 {-999.0 -999.0 -999.0 -999.0 -999.0} "" -999.0 -999.0 -999.0 -999.0 27021603147181166 852480594 "" ops_sky_boss_fallback ops_sky sky_boss 0 0 0.0 0.0 -999 ""
FIBERMAP 526 R+6C6 METROLOGY 0 0 0 1 0 0 -118.01253782506869 129.83300002498484 143.1 -129.63356930503085 -118.22355285693007 130.05176 102.80067 -999.0 -999.0 -999.0 -999.0 -999.0 268.9752017008174 -29.86066857727985 269.07817184917326 -29.86680421611584 50.42016886815777 257.1267959310311 -999.0 6231.0 -999.0 -1 -999 {-999.0 -999.0 -999.0 -999.0 -999.0} "" -999.0 -999.0 -999.0 -999.0 -999 -999 "" "" "" "" 0 0 0.0 0.0 -999 ""
FIBERMAP 527 R0C23 APOGEE 1 1 0 1 0 0 181.80656958614313 -2.335888313009256 143.1 2.0350104893828886 181.8045858687781 239.20833 50.496387 269.4389342255676 -28.953158724138508 -7.6324253 -9.041307 0.08860414 269.4389204925457 -28.953166252905966 269.5383915373414 -28.958197889683778 50.63980108047088 258.650446709722 16000.0 16600.0 2016.0 2 84 {-999.0 17.302729 15.401511 14.023633 -999.0} sdss_psfmag_gaia 16.233517 14.737869 13.506491 10.474 63050395309287352 1154575285 bright_1x1 mwm_galactic_core_dist_apogee_sparse mwm_galactic science 0 0 0.0 0.0 -999 ""
FIBERMAP 527 R0C23 BOSS 0 0 0 1 0 0 181.5148086376692 -1.6633713676786823 143.1 1.362997902535466 181.51172161287707 239.20833 50.496387 -999.0 -999.0 -999.0 -999.0 -999.0 269.4363931641098 -28.953946550132432 269.5360645490942 -28.959020015733145 50.63796997890535 258.64853599002754 -999.0 5400.0 -999.0 1 257 {-999.0 -999.0 -999.0 -999.0 -999.0} "" -999.0 -999.0 -999.0 -999.0 -999 -999 "" "" "" "" 0 0 0.0 0.0 -999 ""
FIBERMAP 527 R0C23 METROLOGY 0 0 0 1 0 0 182.25537092994412 -1.7468266361952458 143.1 1.4452252109680896 182.2523981606254 239.20833 50.496387 -999.0 -999.0 -999.0 -999.0 -999.0 269.43674182646384 -28.951697468719665 269.5363494101516 -28.956760520364277 50.63776340157867 258.6521054082294 -999.0 6231.0 -999.0 -1 -999 {-999.0 -999.0 -999.0 -999.0 -999.0} "" -999.0 -999.0 -999.0 -999.0 -999 -999 "" "" "" "" 0 0 0.0 0.0 -999 ""
FIBERMAP 529 R-10C15 APOGEE 1 1 0 1 0 0 125.33734853275038 -204.72507853564122 143.1 204.5111195813851 125.67203840734936 236.90463 109.995735 270.13997439322907 -29.123893454056603 -1.3098829 -4.197196 0.18117967 270.1399683594938 -29.123912367582943 270.23983216230056 -29.126987880550313 51.27423443541774 258.5786170870647 16000.0 16600.0 2016.0 2 228 {-999.0 16.484766 14.64266 13.884291 -999.0} sdss_psfmag_from_g3xp 15.610493 14.489205 13.378714 10.724 63050395308033928 1152070131 bright_1x1 mwm_galactic_core_dist_apogee_sparse mwm_galactic science 0 0 0.0 0.0 -999 ""
FIBERMAP 529 R-10C15 BOSS 0 0 0 1 0 0 124.61538959895742 -204.56445441539208 143.1 204.35169512400992 124.94983694219539 236.90463 109.995735 -999.0 -999.0 -999.0 -999.0 -999.0 270.13926785272537 -29.12604590276421 270.2393324360557 -29.129155993537903 51.27422388114323 258.5750818903781 -999.0 5400.0 -999.0 1 330 {-999.0 -999.0 -999.0 -999.0 -999.0} "" -999.0 -999.0 -999.0 -999.0 -999 -999 "" "" "" "" 0 0 0.0 0.0 -999 ""
FIBERMAP 529 R-10C15 METROLOGY 0 0 0 1 0 0 125.12476909049441 -204.0144589819084 143.1 203.80087460443062 125.4582900689518 236.90463 109.995735 -999.0 -999.0 -999.0 -999.0 -999.0 270.137451635222 -29.12449787064919 270.2374566098253 -29.12760388394042 51.272316910673354 258.577011644751 -999.0 6231.0 -999.0 -1 -999 {-999.0 -999.0 -999.0 -999.0 -999.0} "" -999.0 -999.0 -999.0 -999.0 -999 -999 "" "" "" "" 0 0 0.0 0.0 -999 ""
FIBERMAP 530 R+6C5 APOGEE 1 1 0 1 0 0 -155.93854199127384 114.92439014332301 143.1 -114.66268966673343 -156.1236703911228 249.63339 32.87713 269.0270721420939 -29.97563787629159 -4.4993806 -6.822614 0.17776859 269.0270459897226 -29.975654598592 269.13027066713875 -29.981600747096103 50.485452005389895 256.9624095512334 16000.0 16600.0 2016.0 2 30 {-999.0 20.051054 18.88749 14.507669 -999.0} sdss_psfmag_gaia 17.972647 15.095377 13.571559 9.524 63050395284952188 1154459936 bright_1x1 mwm_galactic_core_dist_apogee_sparse mwm_galactic science 0 0 0.0 0.0 -999 ""
FIBERMAP 530 R+6C5 BOSS 0 0 0 1 0 0 -156.11680363133394 115.64659144396134 143.1 -115.38457279752728 -156.30312119352237 249.63339 32.87713 -999.0 -999.0 -999.0 -999.0 -999.0 269.0242809349341 -29.976191406420323 269.12770902093587 -29.982176947624374 50.48337370177644 256.9608890750675 -999.0 5400.0 -999.0 1 50 {-999.0 -999.0 -999.0 -999.0 -999.0} "" -999.0 -999.0 -999.0 -999.0 -999 -999 "" "" "" "" 0 0 0.0 0.0 -999 ""
FIBERMAP 530 R+6C5 METROLOGY 0 0 0 1 0 0 -155.3933752683103 115.44144959549301 143.1 -115.18063447521378 -155.5793766909173 249.63339 32.87713 -999.0 -999.0 -999.0 -999.0 -999.0 269.0250428927034 -29.974040462473592 269.12840614680044 -29.980015322405265 50.48357716805345 256.96440178563296 -999.0 6231.0 -999.0 -1 -999 {-999.0 -999.0 -999.0 -999.0 -999.0} "" -999.0 -999.0 -999.0 -999.0 -999 -999 "" "" "" "" 0 0 0.0 0.0 -999 ""
FIBERMAP 531 R-4C14 APOGEE 0 0 0 1 0 0 30.392655618236148 -84.74204551017074 143.1 84.6890341942862 30.531885368450435 227.47504 92.64373 -999.0 -999.0 -999.0 -999.0 -999.0 269.72541603047 -29.412034529748524 269.82642453902207 -29.416184649126492 50.97537995182732 258.0167213949764 -999.0 16600.0 -999.0 2 -999 {-999.0 -999.0 -999.0 -999.0 -999.0} "" -999.0 -999.0 -999.0 -999.0 -999 -999 "" "" "" "" 0 0 0.0 0.0 -999 ""
FIBERMAP 531 R-4C14 BOSS 1 1 0 1 0 0 29.818900067945563 -84.31266767045737 143.1 84.26061945739762 29.957437860763967 227.47504 92.64373 269.72376888955495 -29.413698310344742 -0.94960403 -3.2916477 1.1823744 269.7237837341945 -29.41372640639433 269.8249945547123 -29.41791340995614 50.9744828825011 258.01365191990965 5400.0 5400.0 2016.0 1 270 {-999.0 15.594866 14.982986 14.786244 -999.0} sdss_psfmag_from_g3xp 15.423182 15.026791 14.403858 13.366 63050395307772656 981656918 "" ops_std_boss_tic ops_std standard_boss 0 0 0.0 0.0 -999 ""
FIBERMAP 531 R-4C14 METROLOGY 0 0 0 1 0 0 30.50481541143168 -84.00250619574153 143.1 83.94933309925358 30.64281797071073 227.47504 92.64373 -999.0 -999.0 -999.0 -999.0 -999.0 269.7227645646027 -29.411651338487133 269.82391282587804 -29.415832291449203 50.973164873235284 258.01661526869697 -999.0 6231.0 -999.0 -1 -999 {-999.0 -999.0 -999.0 -999.0 -999.0} "" -999.0 -999.0 -999.0 -999.0 -999 -999 "" "" "" "" 0 0 0.0 0.0 -999 ""
FIBERMAP 534 R-5C9 APOGEE 1 1 0 1 0 0 -64.58336589534375 -108.01871318216006 143.1 108.12209285123835 -64.40256916223771 239.05078 109.90955 269.80697181756705 -29.7001304711896 1.3165901 -7.2380304 0.15977296 269.8069633279877 -29.700155052040103 269.90897421466144 -29.70402119650162 51.09932826468384 257.5880989592114 16000.0 16600.0 2016.0 2 266 {-999.0 16.922215 14.907955 13.815819 -999.0} sdss_psfmag_from_g3xp 15.922769 14.491707 13.309339 10.445 63050395307388933 1152069143 bright_1x1 mwm_galactic_core_dist_apogee_sparse mwm_galactic science 0 0 0.0 0.0 -999 ""
FIBERMAP 534 R-5C9 BOSS 0 0 0 1 0 0 -65.3103947051082 -107.87174063172881 143.1 107.97632791274026 -65.12981775347056 239.05078 109.90955 -999.0 -999.0 -999.0 -999.0 -999.0 269.8063198259809 -29.702361711298938 269.9085345409406 -29.706260665883708 51.09936091328403 257.5844816583109 -999.0 5400.0 -999.0 1 361 {-999.0 -999.0 -999.0 -999.0 -999.0} "" -999.0 -999.0 -999.0 -999.0 -999 -999 "" "" "" "" 0 0 0.0 0.0 -999 ""
FIBERMAP 534 R-5C9 METROLOGY 0 0 0 1 0 0 -64.82043386872104 -107.30013743992104 143.1 107.40393245849309 -64.64081840766717 239.05078 109.90955 -999.0 -999.0 -999.0 -999.0 -999.0 269.80439215481505 -29.700895928281884 269.9065467377392 -29.704791548488814 51.09739550933943 257.58628081700317 -999.0 6231.0 -999.0 -1 -999 {-999.0 -999.0 -999.0 -999.0 -999.0} "" -999.0 -999.0 -999.0 -999.0 -999 -999 "" "" "" "" 0 0 0.0 0.0 -999 ""
FIBERMAP 536 R+4C9 APOGEE 1 1 0 1 0 0 -69.78787436957603 87.02055230748752 143.1 -86.90228750117616 -69.92960666038675 73.19603 144.9779 269.12543362200245 -29.71524622617925 1.3248914 -3.180792 0.71906936 269.1254497506713 -29.715288893183686 269.227712960345 -29.721019699004362 50.520848116032624 257.38950417380556 16000.0 16600.0 2016.0 2 40 {-999.0 11.034079 10.987797 11.024843 -999.0} sdss_psfmag_from_g3xp 11.06858 10.946368 10.691998 10.3 63050395285259422 975029842 "" ops_std_apogee ops_std standard_apogee 0 0 0.0 0.0 -999 ""
FIBERMAP 536 R+4C9 BOSS 0 0 0 1 0 0 -69.19911586390933 87.4865956862009 143.1 -87.36929000081824 -69.3416381726367 73.19603 144.9779 -999.0 -999.0 -999.0 -999.0 -999.0 269.1235756686753 -29.713499855476595 269.2260327477226 -29.719268914952043 50.51908955381315 257.3917844323397 -999.0 5400.0 -999.0 1 66 {-999.0 -999.0 -999.0 -999.0 -999.0} "" -999.0 -999.0 -999.0 -999.0 -999 -999 "" "" "" "" 0 0 0.0 0.0 -999 ""
FIBERMAP 536 R+4C9 METROLOGY 0 0 0 1 0 0 -69.09648809041943 86.74252966043001 143.1 -86.62541771047664 -69.23778262812539 73.19603 144.9779 -999.0 -999.0 -999.0 -999.0 -999.0 269.1262218309755 -29.71321576405043 269.22862052944674 -29.718968346534098 50.52124221756207 257.39290454199124 -999.0 6231.0 -999.0 -1 -999 {-999.0 -999.0 -999.0 -999.0 -999.0} "" -999.0 -999.0 -999.0 -999.0 -999 -999 "" "" "" "" 0 0 0.0 0.0 -999 ""
FIBERMAP 537 R-10C13 APOGEE 0 0 0 1 0 0 74.52265520437695 -190.1307489150785 143.1 190.00133338984054 74.83483310844869 184.06024 96.680084 -999.0 -999.0 -999.0 -999.0 -999.0 270.09075397754543 -29.277691058575638 270.19117640012547 -29.280868878961993 51.26197278904365 258.3242320074002 -999.0 16600.0 -999.0 2 -999 {-999.0 -999.0 -999.0 -999.0 -999.0} "" -999.0 -999.0 -999.0 -999.0 -999 -999 "" "" "" "" 0 0 0.0 0.0 -999 ""
FIBERMAP 537 R-10C13 BOSS 1 1 0 1 0 0 74.40718038151796 -189.30837338167964 143.1 189.17917536669634 74.71800136316287 184.06024 96.680084 270.0877655685946 -29.27796933867356 -4.2377086 -4.148524 0.022947602 270.08777534544396 -29.277993873982712 270.18839328263044 -29.281212407601398 51.259654537958525 258.322957009587 5400.0 5400.0 2016.0 1 378 {-999.0 17.025879 15.590291 14.900676 -999.0} sdss_psfmag_gaia 16.354006 15.477005 14.417811 11.934 63050395307664842 1093443995 bright_3x1 mwm_astar_core_boss mwm_ob science 0 0 0.0 0.0 -999 ""
FIBERMAP 537 R-10C13 METROLOGY 0 0 0 1 0 0 75.08367225127877 -189.63601859472038 143.1 189.505690770187 75.39501356671163 184.06024 96.680084 -999.0 -999.0 -999.0 -999.0 -999.0 270.08898045790517 -29.275941829067445 270.18953590888617 -29.2791482551463 51.260241395792015 258.32649777096435 -999.0 6231.0 -999.0 -1 -999 {-999.0 -999.0 -999.0 -999.0 -999.0} "" -999.0 -999.0 -999.0 -999.0 -999 -999 "" "" "" "" 0 0 0.0 0.0 -999 ""
FIBERMAP 538 R+13C9 APOGEE 1 1 0 1 0 0 21.856786011014442 252.17588281368526 143.1 -252.2039331263948 21.438852758940044 170.39645 127.544 268.5538018823851 -29.4340578408106 -0.71104485 -5.9138074 0.07836964 268.5538420843204 -29.434094477092795 268.65526200822796 -29.441451859700827 49.97901624968124 257.6710731610947 16000.0 16600.0 2016.0 2 98 {-999.0 17.393929 15.450662 14.643728 -999.0} sdss_psfmag_ps1 16.361546 15.013631 13.73822 10.743 63050395286592422 1153392050 bright_1x1 mwm_galactic_core_dist_apogee_sparse mwm_galactic science 0 0 0.0 0.0 -999 ""
FIBERMAP 538 R+13C9 BOSS 0 0 0 1 0 0 21.526167646250983 252.8319870483752 143.1 -252.85946924018964 21.1071594919093 170.39645 127.544 -999.0 -999.0 -999.0 -999.0 -999.0 268.55135051300715 -29.435041402313384 268.65297718893885 -29.442440326700964 49.977256034905494 257.66896509860106 -999.0 5400.0 -999.0 1 172 {-999.0 -999.0 -999.0 -999.0 -999.0} "" -999.0 -999.0 -999.0 -999.0 -999 -999 "" "" "" "" 0 0 0.0 0.0 -999 ""
FIBERMAP 538 R+13C9 METROLOGY 0 0 0 1 0 0 22.239147655493092 252.80657800826256 143.1 -252.83524065743526 21.820158605242774 170.39645 127.544 -999.0 -999.0 -999.0 -999.0 -999.0 268.5514678235858 -29.432890823950675 268.65302937921786 -29.4402799906827 49.976881534139835 257.67227427720434 -999.0 6231.0 -999.0 -1 -999 {-999.0 -999.0 -999.0 -999.0 -999.0} "" -999.0 -999.0 -999.0 -999.0 -999 -999 "" "" "" "" 0 0 0.0 0.0 -999 ""
FIBERMAP 539 R-12C10 APOGEE 0 0 0 1 0 0 50.94688913715628 -220.55645523631839 143.1 220.46506754003653 51.310165396689804 68.41179 111.677475 -999.0 -999.0 -999.0 -999.0 -999.0 270.1964312440192 -29.348775791139456 270.2970733584796 -29.351649291686464 51.36600638844295 258.2409069142078 -999.0 16600.0 -999.0 2 -999 {-999.0 -999.0 -999.0 -999.0 -999.0} "" -999.0 -999.0 -999.0 -999.0 -999 -999 "" "" "" "" 0 0 0.0 0.0 -999 ""
FIBERMAP 539 R-12C10 BOSS 1 1 0 1 0 0 51.63393823722858 -220.54730735676884 143.1 220.45478321800067 51.997177259889654 68.41179 111.677475 270.196236414854 -29.346636850274667 -1.8302351 -3.8396745 0.42918712 270.19623476584695 -29.34665454712116 270.29706242688115 -29.349561194342456 51.3656049981782 258.24418903265143 5400.0 5400.0 2016.0 1 368 {-999.0 19.012367 18.366255 18.137663 -999.0} sdss_psfmag_gaia 18.98389 18.408882 17.933569 -999.0 63050395307636162 979955847 "" ops_std_boss ops_std standard_boss 0 0 0.0 0.0 -999 ""
FIBERMAP 539 R-12C10 METROLOGY 0 0 0 1 0 0 51.34226893143867 -221.19141431773176 143.1 221.09935203166094 51.706583024856684 68.41179 111.677475 -999.0 -999.0 -999.0 -999.0 -999.0 270.1985604830886 -29.34753123742265 270.2993358357576 -29.350422213005587 51.367713015394756 258.2434303761377 -999.0 6231.0 -999.0 -1 -999 {-999.0 -999.0 -999.0 -999.0 -999.0} "" -999.0 -999.0 -999.0 -999.0 -999 -999 "" "" "" "" 0 0 0.0 0.0 -999 ""
FIBERMAP 540 R-12C4 APOGEE 0 0 0 1 0 0 -90.35695894560631 -222.8028812311343 143.1 222.9452113715034 -89.98542035854501 65.982704 142.07713 -999.0 -999.0 -999.0 -999.0 -999.0 270.20650686544985 -29.7764738036836 270.3086700372509 -29.779229622737827 51.45424683213471 257.5699568490311 -999.0 16600.0 -999.0 2 -999 {-999.0 -999.0 -999.0 -999.0 -999.0} "" -999.0 -999.0 -999.0 -999.0 -999 -999 "" "" "" "" 0 0 0.0 0.0 -999 ""
FIBERMAP 540 R-12C4 BOSS 1 0 0 1 0 0 -89.71403912063172 -222.43316774048824 143.1 222.57444605010693 -89.3431329140233 65.982704 142.07713 270.2641452133614 -29.785314898291595 -3.4607134 -8.029155 0.14275798 270.2050546932048 -29.774517354678483 270.30740486384934 -29.777308070404246 51.452823098755 257.57267603881417 5400.0 5400.0 2016.0 1 426 {-999.0 16.998264 15.492947 14.740255 -999.0} sdss_psfmag_gaia 16.256426 15.338993 14.228886 11.838 63050395257773315 1093444090 bright_3x1 mwm_astar_core_boss mwm_ob science 0 0 0.0 0.0 -999 ""
FIBERMAP 540 R-12C4 METROLOGY 0 0 0 1 0 0 -89.71999824877467 -223.19502825393042 143.1 223.33629191493873 -89.34783133669546 65.982704 142.07713 -999.0 -999.0 -999.0 -999.0 -999.0 270.20779357503017 -29.774541423790428 270.31008812856777 -29.777315985683284 51.455116010931576 257.5733313036146 -999.0 6231.0 -999.0 -1 -999 {-999.0 -999.0 -999.0 -999.0 -999.0} "" -999.0 -999.0 -999.0 -999.0 -999 -999 "" "" "" "" 0 0 0.0 0.0 -999 ""
FIBERMAP 541 R-13C2 APOGEE 1 1 0 1 0 0 -104.26651127402408 -246.5735410763753 143.1 246.73812018233852 -103.85519619188857 66.55429 57.589733 270.28898414043147 -29.817913617405708 -1.2234564 -0.6103711 0.2203771 270.28899226815207 -29.81791807968256 270.3912785504058 -29.820439334450306 51.53212161085456 257.5253160891076 16000.0 16600.0 2016.0 2 155 {-999.0 16.321959 14.513266 13.728619 -999.0} sdss_psfmag_from_g3xp 15.48148 14.329475 13.270105 10.694 63050395257766605 1152028586 bright_1x1 mwm_galactic_core_dist_apogee_sparse mwm_galactic science 0 0 0.0 0.0 -999 ""
FIBERMAP 541 R-13C2 BOSS 0 0 0 1 0 0 -103.83259131803395 -247.20378005268714 143.1 247.36762095521698 -103.4202474513135 66.55429 57.589733 -999.0 -999.0 -999.0 -999.0 -999.0 270.2909719608561 -29.816558391221818 270.39344588755705 -29.81910470542253 51.533735507216434 257.5279636013395 -999.0 5400.0 -999.0 1 436 {-999.0 -999.0 -999.0 -999.0 -999.0} "" -999.0 -999.0 -999.0 -999.0 -999 -999 "" "" "" "" 0 0 0.0 0.0 -999 ""
FIBERMAP 541 R-13C2 METROLOGY 0 0 0 1 0 0 -104.57504341052652 -247.24998774240999 143.1 247.41505556063996 -104.16259920847544 66.55429 57.589733 -999.0 -999.0 -999.0 -999.0 -999.0 270.291248003131 -29.818827624282978 270.3936752481262 -29.821364142061526 51.53433197619476 257.5244456344788 -999.0 6231.0 -999.0 -1 -999 {-999.0 -999.0 -999.0 -999.0 -999.0} "" -999.0 -999.0 -999.0 -999.0 -999 -999 "" "" "" "" 0 0 0.0 0.0 -999 ""
FIBERMAP 542 R+1C25 APOGEE 0 0 0 1 0 0 264.64610523951546 32.3369826559766 143.1 -32.773804799190216 264.5840897039735 74.58637 104.686874 -999.0 -999.0 -999.0 -999.0 -999.0 269.31972368528454 -28.70366302095351 269.4183543886797 -28.709073839087868 50.48641867219781 259.00102676538387 -999.0 16600.0 -999.0 2 -999 {-999.0 -999.0 -999.0 -999.0 -999.0} "" -999.0 -999.0 -999.0 -999.0 -999 -999 "" "" "" "" 0 0 0.0 0.0 -999 ""
FIBERMAP 542 R+1C25 BOSS 1 1 0 1 0 0 265.41183039682244 32.339672646858425 143.1 -32.77776161144353 265.34978577820533 74.58637 104.686874 269.31953085835005 -28.701357664751367 -1.7570044 -1.2933234 -0.0412079 269.3195265116306 -28.701332327418672 269.4183463347138 -28.706780436853762 50.48594128216275 259.0045523078241 5400.0 5400.0 2016.0 1 192 {-999.0 17.788105 15.9894495 14.8547125 -999.0} sdss_psfmag_gaia 16.807402 15.54091 14.317524 11.406 63050395309441548 1093413800 bright_3x1 mwm_astar_core_boss mwm_ob science 0 0 0.0 0.0 -999 ""
FIBERMAP 542 R+1C25 METROLOGY 0 0 0 1 0 0 265.0135908277083 31.68548241862696 143.1 -32.1229335322046 264.9526413910532 74.58637 104.686874 -999.0 -999.0 -999.0 -999.0 -999.0 269.321826600371 -28.70248941685526 269.42059390926096 -28.707920697565786 50.48810459084354 259.0034338957399 -999.0 6231.0 -999.0 -1 -999 {-999.0 -999.0 -999.0 -999.0 -999.0} "" -999.0 -999.0 -999.0 -999.0 -999 -999 "" "" "" "" 0 0 0.0 0.0 -999 ""
FIBERMAP 545 R-11C6 APOGEE 1 1 0 1 0 0 -38.517744231043736 -222.97183512880093 143.1 223.028390795081 -38.14759370966977 22.575617 55.10497 270.2064808083145 -29.61961442625793 -3.3891025 -4.9109087 0.14444439 270.2064491900193 -29.619618105821143 270.3080517244987 -29.62240710510913 51.425444949519886 257.8172648789522 16000.0 16600.0 2016.0 2 171 {-999.0 19.681574 18.451172 14.1954775 -999.0} sdss_psfmag_gaia 17.686972 14.794682 13.333688 9.453 63050395307359761 1154568036 bright_1x1 mwm_galactic_core_dist_apogee_sparse mwm_galactic science 0 0 0.0 0.0 -999 ""
FIBERMAP 545 R-11C6 BOSS 0 0 0 1 0 0 -38.65143387361664 -223.68805464575595 143.1 223.7448084643838 -38.28009405179984 22.575617 55.10497 -999.0 -999.0 -999.0 -999.0 -999.0 270.20878187851196 -29.619984147589847 270.3105783221479 -29.62279777580167 51.427675741232285 257.8172896765137 -999.0 5400.0 -999.0 1 413 {-999.0 -999.0 -999.0 -999.0 -999.0} "" -999.0 -999.0 -999.0 -999.0 -999 -999 "" "" "" "" 0 0 0.0 0.0 -999 ""
FIBERMAP 545 R-11C6 METROLOGY 0 0 0 1 0 0 -39.22367152053963 -223.22566272963593 143.1 223.28337820170844 -38.8530783274112 22.575617 55.10497 -999.0 -999.0 -999.0 -999.0 -999.0 270.2072847938466 -29.621740252899237 270.3090331859049 -29.624548795971386 51.42667352058453 257.81413631624423 -999.0 6231.0 -999.0 -1 -999 {-999.0 -999.0 -999.0 -999.0 -999.0} "" -999.0 -999.0 -999.0 -999.0 -999 -999 "" "" "" "" 0 0 0.0 0.0 -999 ""
FIBERMAP 549 R+8C4 APOGEE 0 0 0 1 0 0 -147.0339312185682 155.00370612470357 143.1 -154.75544920644973 -147.28565811523873 177.21822 121.96266 -999.0 -999.0 -999.0 -999.0 -999.0 268.8872760096724 -29.947781448531796 268.99043960818165 -29.954116761717003 50.36134043745435 256.9703705640548 -999.0 16600.0 -999.0 2 -999 {-999.0 -999.0 -999.0 -999.0 -999.0} "" -999.0 -999.0 -999.0 -999.0 -999 -999 "" "" "" "" 0 0 0.0 0.0 -999 ""
FIBERMAP 549 R+8C4 BOSS 1 1 0 1 0 0 -147.41517635824118 155.5884095606603 143.1 -155.33950305535402 -147.6678583944992 177.21822 121.96266 268.884995338945 -29.948898502712883 -3.089239 -7.564398 -0.38722792 268.8849917644813 -29.9489170645773 268.98836155928757 -29.95529069689555 50.35978355155029 256.96804773717054 5400.0 5400.0 2016.0 1 58 {-999.0 16.402534 14.765638 13.97325 -999.0} sdss_psfmag_from_g3xp 15.581001 14.790141 13.525163 11.038 63050395285004060 1093142144 bright_3x1 mwm_astar_core_boss mwm_ob science 0 0 0.0 0.0 -999 ""
FIBERMAP 549 R+8C4 METROLOGY 0 0 0 1 0 0 -146.65588544287144 155.6491359104076 143.1 -155.40148371393033 -146.9086923775636 177.21822 121.96266 -999.0 -999.0 -999.0 -999.0 -999.0 268.8848189745972 -29.946652729952056 268.98812358068443 -29.95301816498462 50.35916738522247 256.97149163829994 -999.0 6231.0 -999.0 -1 -999 {-999.0 -999.0 -999.0 -999.0 -999.0} "" -999.0 -999.0 -999.0 -999.0 -999 -999 "" "" "" "" 0 0 0.0 0.0 -999 ""
FIBERMAP 551 R-1C12 APOGEE 0 0 0 1 0 0 -27.162586049114783 -38.7740933197486 143.1 38.817787058315865 -27.097559733371963 343.07474 49.732315 -999.0 -999.0 -999.0 -999.0 -999.0 269.5651990029096 -29.586827760976767 269.6668767400251 -29.591380122578848 50.87178704294544 257.70245459938167 -999.0 16600.0 -999.0 2 -999 {-999.0 -999.0 -999.0 -999.0 -999.0} "" -999.0 -999.0 -999.0 -999.0 -999 -999 "" "" "" "" 0 0 0.0 0.0 -999 ""
FIBERMAP 551 R-1C12 BOSS 1 1 0 1 0 0 -27.79981322486547 -39.1851781592352 143.1 39.22991297908347 -27.734086262054 343.07474 49.732315 269.5660400390625 -29.587625749070085 -999.0 -999.0 -999.0 269.5664651363379 -29.588747529807282 269.6683463226179 -29.593328407544714 50.87340472405104 257.6997972998554 5400.0 5400.0 2015.5 1 507 {-999.0 -999.0 -999.0 -999.0 -999.0} "" -999.0 -999.0 -999.0 -999.0 27021603147181490 852480676 "" ops_sky_boss_fallback ops_sky sky_boss 0 0 0.0 0.0 -999 ""
FIBERMAP 551 R-1C12 METROLOGY 0 0 0 1 0 0 -27.83159565013294 -38.4395423213319 143.1 38.48435371203343 -27.767101334636287 343.07474 49.732315 -999.0 -999.0 -999.0 -999.0 -999.0 269.5639204201782 -29.588855283243195 269.6657469261 -29.593433936013597 50.8712033839427 257.69896744546577 -999.0 6231.0 -999.0 -1 -999 {-999.0 -999.0 -999.0 -999.0 -999.0} "" -999.0 -999.0 -999.0 -999.0 -999 -999 "" "" "" "" 0 0 0.0 0.0 -999 ""
FIBERMAP 553 R+3C6 APOGEE 0 0 0 1 0 0 -134.31828022735314 69.37694179657049 143.1 -69.15247768947592 -134.4287449411088 65.84495 94.50537 -999.0 -999.0 -999.0 -999.0 -999.0 269.1864592147048 -29.91108220101357 269.28940668860173 -29.916604726859873 50.609310498523655 257.10225097573306 -999.0 16600.0 -999.0 2 -999 {-999.0 -999.0 -999.0 -999.0 -999.0} "" -999.0 -999.0 -999.0 -999.0 -999 -999 "" "" "" "" 0 0 0.0 0.0 -999 ""
FIBERMAP 553 R+3C6 BOSS 1 1 0 1 0 0 -133.62355645338005 69.12531257721234 143.1 -68.90200599938518 -133.7336271898589 65.84495 94.50537 269.1871238671287 -29.908990710005078 2.4472454 -4.111117 1.6518391 269.18711042268524 -29.909009232616608 269.2902499129474 -29.914562278530845 50.609659373304765 257.10562480607706 5400.0 5400.0 2016.0 1 40 {-999.0 14.272742 13.765763 13.590378 -999.0} sdss_psfmag_from_g3xp 14.159636 13.789677 13.24618 12.162 63050395284961802 981656617 "" ops_std_boss_tic ops_std standard_boss 0 0 0.0 0.0 -999 ""
FIBERMAP 553 R+3C6 METROLOGY 0 0 0 1 0 0 -134.18375756109688 68.6411416409172 143.1 -68.41692377410034 -134.29300920590111 65.84495 94.50537 -999.0 -999.0 -999.0 -999.0 -999.0 269.1888467395713 -29.910736249464982 269.29193535405363 -29.916275133974843 50.61140630558204 257.103387210929 -999.0 6231.0 -999.0 -1 -999 {-999.0 -999.0 -999.0 -999.0 -999.0} "" -999.0 -999.0 -999.0 -999.0 -999 -999 "" "" "" "" 0 0 0.0 0.0 -999 ""
FIBERMAP 555 R-12C1 APOGEE 1 1 0 1 0 0 -153.91573906693174 -213.49216707523397 143.1 213.73995602902443 -153.5575606392506 128.27902 61.11612 270.1746164211336 -29.968639453380273 2.4193795 -7.9425726 -0.18937929 270.17463963508925 -29.968671984519027 270.27750223832874 -29.97147463546031 51.46160979548671 257.25861158789445 16000.0 16600.0 2016.0 2 249 {-999.0 17.33046 15.498903 14.298579 -999.0} sdss_psfmag_gaia 16.29372 14.993911 13.736404 10.868 63050395257714111 1154363968 bright_1x1 mwm_galactic_core_dist_apogee_sparse mwm_galactic science 0 0 0.0 0.0 -999 ""
FIBERMAP 555 R-12C1 BOSS 0 0 0 1 0 0 -153.18282030221275 -213.37963115038932 143.1 213.62621109526228 -152.824851644606 128.27902 61.11612 -999.0 -999.0 -999.0 -999.0 -999.0 270.17405490742885 -29.966435770059004 270.2771036624365 -29.969270324033957 51.460884657080186 257.26199829456243 -999.0 5400.0 -999.0 1 517 {-999.0 -999.0 -999.0 -999.0 -999.0} "" -999.0 -999.0 -999.0 -999.0 -999 -999 "" "" "" "" 0 0 0.0 0.0 -999 ""
FIBERMAP 555 R-12C1 METROLOGY 0 0 0 1 0 0 -153.44362689440294 -214.0718990933232 143.1 214.31888827862466 -153.08450447552667 128.27902 61.11612 -999.0 -999.0 -999.0 -999.0 -999.0 270.17656032408837 -29.96724042648128 270.27955621501087 -29.97005949102723 51.46311449168488 257.26134703199097 -999.0 6231.0 -999.0 -1 -999 {-999.0 -999.0 -999.0 -999.0 -999.0} "" -999.0 -999.0 -999.0 -999.0 -999 -999 "" "" "" "" 0 0 0.0 0.0 -999 ""
FIBERMAP 557 R+4C13 APOGEE 0 0 0 1 0 0 2.727587885975403 72.06502119771366 143.1 -72.06721580503996 2.608267094059044 250.35262 48.90973 -999.0 -999.0 -999.0 -999.0 -999.0 269.17852262263335 -29.495391675214098 269.27998642021856 -29.501023064927203 50.524229483788616 257.7427999330084 -999.0 16600.0 -999.0 2 -999 {-999.0 -999.0 -999.0 -999.0 -999.0} "" -999.0 -999.0 -999.0 -999.0 -999 -999 "" "" "" "" 0 0 0.0 0.0 -999 ""
FIBERMAP 557 R+4C13 BOSS 1 1 0 1 0 0 2.343421894069202 72.70733682950903 143.1 -72.70887516386023 2.223050735971419 250.35262 48.90973 269.17602539062494 -29.496514040326645 -999.0 -999.0 -999.0 269.17602882586993 -29.496515332023176 269.27769645107674 -29.50218679622893 50.52249330374844 257.74040816451054 5400.0 5400.0 2015.5 1 112 {-999.0 -999.0 -999.0 -999.0 -999.0} "" -999.0 -999.0 -999.0 -999.0 27021603147181743 852480738 "" ops_sky_boss_fallback ops_sky sky_boss 0 0 0.0 0.0 -999 ""
FIBERMAP 557 R+4C13 METROLOGY 0 0 0 1 0 0 3.0960328367482575 72.71597936460773 143.1 -72.7187626311086 2.9756231688374237 250.35262 48.90973 -999.0 -999.0 -999.0 -999.0 -999.0 269.1760572793923 -29.494239132026024 269.2776603669705 -29.49990151586108 50.52202901940535 257.74392800913364 -999.0 6231.0 -999.0 -1 -999 {-999.0 -999.0 -999.0 -999.0 -999.0} "" -999.0 -999.0 -999.0 -999.0 -999 -999 "" "" "" "" 0 0 0.0 0.0 -999 ""
FIBERMAP 558 R+4C15 APOGEE 1 1 0 1 0 0 53.49272949474163 72.1883660491456 143.1 -72.27454865179112 53.371571574492336 213.79045 105.25783 269.1787719726562 -29.34127693236026 -999.0 -999.0 -999.0 269.1787720183468 -29.341289853042383 269.27968838155346 -29.346952893693445 50.494511539568016 257.9805178960151 16000.0 16600.0 2015.5 2 67 {-999.0 -999.0 -999.0 -999.0 -999.0} "" -999.0 -999.0 -999.0 -999.0 27021603147184517 848860203 "" ops_sky_apogee_good ops_sky sky_apogee 0 0 0.0 0.0 -999 ""
FIBERMAP 558 R+4C15 BOSS 0 0 0 1 0 0 52.92590717402183 72.64573939445171 143.1 -72.73096946486154 52.804010754207695 213.79045 105.25783 -999.0 -999.0 -999.0 -999.0 -999.0 269.17692525914157 -29.34294016287693 269.2780469005171 -29.348641980971568 50.49343320779335 257.9774789599948 -999.0 5400.0 -999.0 1 220 {-999.0 -999.0 -999.0 -999.0 -999.0} "" -999.0 -999.0 -999.0 -999.0 -999 -999 "" "" "" "" 0 0 0.0 0.0 -999 ""
FIBERMAP 558 R+4C15 METROLOGY 0 0 0 1 0 0 53.613220798962494 72.92111067181406 143.1 -73.00746905829489 53.4908466617198 213.79045 105.25783 -999.0 -999.0 -999.0 -999.0 -999.0 269.1760250472705 -29.340856251681174 269.2770831913722 -29.346551329374197 50.492205859185695 257.9804490043673 -999.0 6231.0 -999.0 -1 -999 {-999.0 -999.0 -999.0 -999.0 -999.0} "" -999.0 -999.0 -999.0 -999.0 -999 -999 "" "" "" "" 0 0 0.0 0.0 -999 ""
FIBERMAP 560 R+6C18 APOGEE 0 0 0 1 0 0 147.219809791125 123.77660551469897 143.1 -124.01620195535136 147.01028299135885 135.75604 124.521065 -999.0 -999.0 -999.0 -999.0 -999.0 269.00149869536 -29.056849572009458 269.1014598955723 -29.063058335478093 50.28628418059178 258.3693043421042 -999.0 16600.0 -999.0 2 -999 {-999.0 -999.0 -999.0 -999.0 -999.0} "" -999.0 -999.0 -999.0 -999.0 -999 -999 "" "" "" "" 0 0 0.0 0.0 -999 ""
FIBERMAP 560 R+6C18 BOSS 1 1 0 1 0 0 147.34123881501898 124.50619228328918 143.1 -124.74596616083748 147.13050099282822 135.75604 124.521065 268.9987415081005 -29.056379437057736 -3.2163825 -4.4554443 0.15758976 268.9987345123469 -29.056395154167568 269.09889444348937 -29.062647092506726 50.28400478288122 258.36923513246506 5400.0 5400.0 2016.0 1 211 {-999.0 17.871939 16.09281 14.993419 -999.0} sdss_psfmag_gaia 16.884756 15.674131 14.4324255 11.718 63050395286861030 1093413889 bright_3x1 mwm_astar_core_boss mwm_ob science 0 0 0.0 0.0 -999 ""
FIBERMAP 560 R+6C18 METROLOGY 0 0 0 1 0 0 147.92058944854938 124.03815109110248 143.1 -124.2788985724072 147.71060737307357 135.75604 124.521065 -999.0 -999.0 -999.0 -999.0 -999.0 269.0004063822488 -29.05463815358234 269.1005030914578 -29.06087581924834 50.28502935839203 258.37239039692855 -999.0 6231.0 -999.0 -1 -999 {-999.0 -999.0 -999.0 -999.0 -999.0} "" -999.0 -999.0 -999.0 -999.0 -999 -999 "" "" "" "" 0 0 0.0 0.0 -999 ""
FIBERMAP 562 R+5C17 APOGEE 0 0 0 1 0 0 118.39971267878417 107.06321627103902 143.1 -107.25566692169276 118.21876562957299 99.5461 132.3817 -999.0 -999.0 -999.0 -999.0 -999.0 269.0587356354331 -29.14418965870818 269.158988721836 -29.15022315645721 50.35284247401084 258.2511225997495 -999.0 16600.0 -999.0 2 -999 {-999.0 -999.0 -999.0 -999.0 -999.0} "" -999.0 -999.0 -999.0 -999.0 -999 -999 "" "" "" "" 0 0 0.0 0.0 -999 ""
FIBERMAP 562 R+5C17 BOSS 1 1 0 1 0 0 118.90793156160517 107.68367624948871 143.1 -107.8769477992301 118.72594159992057 99.5461 132.3817 269.05636763020374 -29.142562515345368 -1.6060436 -2.8578835 0.21462238 269.0563453701535 -29.142560634954076 269.1567927131079 -29.1486360876639 50.350649029297756 258.25296758876135 5400.0 5400.0 2016.0 1 214 {-999.0 16.20936 14.952797 14.400164 -999.0} sdss_psfmag_gaia 15.722418 14.915963 14.004931 12.448 63050395286826979 1093413773 bright_3x1 mwm_astar_core_boss mwm_ob science 0 0 0.0 0.0 -999 ""
FIBERMAP 562 R+5C17 METROLOGY 0 0 0 1 0 0 119.14205214353183 106.97139941052716 143.1 -107.16508123061504 118.96123312704927 99.5461 132.3817 -999.0 -999.0 -999.0 -999.0 -999.0 269.0588624879711 -29.141854384186676 269.15925012590407 -29.147913147334524 50.35261026897107 258.25474235572676 -999.0 6231.0 -999.0 -1 -999 {-999.0 -999.0 -999.0 -999.0 -999.0} "" -999.0 -999.0 -999.0 -999.0 -999 -999 "" "" "" "" 0 0 0.0 0.0 -999 ""
FIBERMAP 563 R-1C20 APOGEE 1 1 0 1 0 0 128.99521553156524 -15.92500521218371 143.1 15.71106770692581 129.01741416141323 192.63933 88.54606 269.48584742423253 -29.112932286161982 1.792191 -1.0678204 0.12899525 269.485876649955 -29.112921729179902 269.58589670475027 -29.117791073117854 50.712075454638736 258.4165403939503 16000.0 16600.0 2016.0 2 226 {-999.0 18.221006 16.291832 13.845337 -999.0} sdss_psfmag_gaia 16.718307 14.571888 13.219965 9.773 63050395309245693 1154574962 bright_1x1 mwm_galactic_core_dist_apogee_sparse mwm_galactic science 0 0 0.0 0.0 -999 ""
FIBERMAP 563 R-1C20 BOSS 0 0 0 1 0 0 128.88318022243405 -15.201946731018335 143.1 14.988217850362805 128.90418614130078 192.63933 88.54606 -999.0 -999.0 -999.0 -999.0 -999.0 269.4831770276264 -29.11315971202354 269.5833955115698 -29.118070771602508 50.70998757662501 258.4154308720483 -999.0 5400.0 -999.0 1 325 {-999.0 -999.0 -999.0 -999.0 -999.0} "" -999.0 -999.0 -999.0 -999.0 -999 -999 "" "" "" "" 0 0 0.0 0.0 -999 ""
FIBERMAP 563 R-1C20 METROLOGY 0 0 0 1 0 0 129.5873547598499 -15.460196904872012 143.1 15.24529464548011 129.60876530647838 192.63933 88.54606 -999.0 -999.0 -999.0 -999.0 -999.0 269.4841335322458 -29.11102447867428 269.58428842586204 -29.11592363158738 50.710331592907124 258.4189972750585 -999.0 6231.0 -999.0 -1 -999 {-999.0 -999.0 -999.0 -999.0 -999.0} "" -999.0 -999.0 -999.0 -999.0 -999 -999 "" "" "" "" 0 0 0.0 0.0 -999 ""
FIBERMAP 564 R+1C4 APOGEE 0 0 0 1 0 0 -214.9871063797689 -0.6475086305465609 143.1 1.0031883574978573 -214.97911919446315 310.06458 59.18532 -999.0 -999.0 -999.0 -999.0 -999.0 269.43109954381816 -30.155388918746045 269.53485654961236 -30.16018960307285 50.8617430193428 256.7832541739607 -999.0 16600.0 -999.0 2 -999 {-999.0 -999.0 -999.0 -999.0 -999.0} "" -999.0 -999.0 -999.0 -999.0 -999 -999 "" "" "" "" 0 0 0.0 0.0 -999 ""
FIBERMAP 564 R+1C4 BOSS 1 1 0 1 0 0 -215.71697247710011 -0.8021557969263391 143.1 1.159038127428117 -215.70870594601166 310.06458 59.18532 269.43145751953125 -30.15760943844778 -999.0 -999.0 -999.0 269.4314391968769 -30.15760363856659 269.53540269184225 -30.162433391539743 50.86259998582338 256.7798846953495 5400.0 5400.0 2015.5 1 63 {-999.0 -999.0 -999.0 -999.0 -999.0} "" -999.0 -999.0 -999.0 -999.0 27021603147180180 852480351 "" ops_sky_boss_fallback ops_sky sky_boss 0 0 0.0 0.0 -999 ""
FIBERMAP 564 R+1C4 METROLOGY 0 0 0 1 0 0 -215.48642865263045 -0.09057462671805183 143.1 0.4470984084409606 -215.47934686342458 310.06458 59.18532 -999.0 -999.0 -999.0 -999.0 -999.0 269.4290035748329 -30.156947389261813 269.53290913707804 -30.161775328408254 50.86036222976924 256.78031449297794 -999.0 6231.0 -999.0 -1 -999 {-999.0 -999.0 -999.0 -999.0 -999.0} "" -999.0 -999.0 -999.0 -999.0 -999 -999 "" "" "" "" 0 0 0.0 0.0 -999 ""
FIBERMAP 568 R-13C13 APOGEE 1 1 0 1 0 0 108.07944584427852 -262.6187971128724 143.1 262.4315293416833 108.51047722353744 252.99881 73.39963 270.3396958472327 -29.17563572886332 0.62063235 -1.295537 0.18051068 270.33972480397836 -29.175641684860462 270.43970996591787 -29.178159473826735 51.45536508914471 258.55177612344215 16000.0 16600.0 2016.0 2 179 {-999.0 20.483019 19.874699 14.559763 -999.0} sdss_psfmag_gaia 18.221134 15.0550165 13.488622 9.225 63050395307694463 1154570014 bright_1x1 mwm_galactic_core_dist_apogee_sparse mwm_galactic science 0 0 0.0 0.0 -999 ""
FIBERMAP 568 R-13C13 BOSS 0 0 0 1 0 0 107.46835472347037 -262.1966870063528 143.1 262.01044387665814 107.89870737098542 252.99881 73.39963 -999.0 -999.0 -999.0 -999.0 -999.0 270.3380772238801 -29.177466417031724 270.4382613119244 -29.180020883512277 51.45447840275783 258.5484567046692 -999.0 5400.0 -999.0 1 430 {-999.0 -999.0 -999.0 -999.0 -999.0} "" -999.0 -999.0 -999.0 -999.0 -999 -999 "" "" "" "" 0 0 0.0 0.0 -999 ""
FIBERMAP 568 R-13C13 METROLOGY 0 0 0 1 0 0 108.14424006994051 -261.8729866385312 143.1 261.68563565577256 108.57403540619376 252.99881 73.39963 -999.0 -999.0 -999.0 -999.0 -999.0 270.3370579625497 -29.175416405138925 270.4371807221532 -29.177964875879137 51.45316020057474 258.5514068648662 -999.0 6231.0 -999.0 -1 -999 {-999.0 -999.0 -999.0 -999.0 -999.0} "" -999.0 -999.0 -999.0 -999.0 -999 -999 "" "" "" "" 0 0 0.0 0.0 -999 ""
FIBERMAP 569 R+13C1 APOGEE 1 1 0 1 0 0 -145.95190420335004 265.84389313907525 143.1 -265.59386086501206 -146.38705325972595 95.74007 112.96264 268.5023343881999 -29.94065954261762 -0.20611683 -8.405166 -0.027402025 268.5023747888809 -29.940681293330133 268.6056185231424 -29.94807402774644 50.03243579317869 256.88433912672235 16000.0 16600.0 2016.0 2 7 {-999.0 18.043364 15.535868 14.36505 -999.0} sdss_psfmag_ps1 16.644451 14.912894 13.624412 10.312 63050395285721486 1153387361 bright_1x1 mwm_galactic_core_dist_apogee_sparse mwm_galactic science 0 0 0.0 0.0 -999 ""
FIBERMAP 569 R+13C1 BOSS 0 0 0 1 0 0 -145.30988460973276 266.2176639273204 143.1 -265.96868186403833 -145.74567273048396 95.74007 112.96264 -999.0 -999.0 -999.0 -999.0 -999.0 268.5009489190773 -29.93867024855128 268.6043895478668 -29.94610038366477 50.031025767523815 256.8870539028086 -999.0 5400.0 -999.0 1 7 {-999.0 -999.0 -999.0 -999.0 -999.0} "" -999.0 -999.0 -999.0 -999.0 -999 -999 "" "" "" "" 0 0 0.0 0.0 -999 ""
FIBERMAP 569 R+13C1 METROLOGY 0 0 0 1 0 0 -145.30373088483645 265.46494068857464 143.1 -265.2159930209307 -145.7382738075799 95.74007 112.96264 -999.0 -999.0 -999.0 -999.0 -999.0 268.5035400379054 -29.93872484803812 268.60692241479705 -29.94613848684688 50.033189982669484 256.8876246382232 -999.0 6231.0 -999.0 -1 -999 {-999.0 -999.0 -999.0 -999.0 -999.0} "" -999.0 -999.0 -999.0 -999.0 -999 -999 "" "" "" "" 0 0 0.0 0.0 -999 ""
FIBERMAP 570 R+1C20 APOGEE 1 1 0 1 0 0 141.1242580097861 38.611976467289026 143.1 -38.84422733375986 141.05583391378326 151.20996 57.848217 269.29658419473753 -29.0759163310424 0.8699578 -4.8963146 0.6307251 269.2966034355704 -29.075933866534697 269.3965478596529 -29.081329678602078 50.542686864387164 258.4215568473426 16000.0 16600.0 2016.0 2 80 {-999.0 19.239256 17.278086 15.034955 -999.0} sdss_psfmag_gaia 17.498869 15.767652 14.124143 10.598 63050395309230947 1154575111 bright_1x1 mwm_galactic_core_dist_apogee_sparse mwm_galactic science 0 0 0.0 0.0 -999 ""
FIBERMAP 570 R+1C20 BOSS 0 0 0 1 0 0 141.7665515845877 39.00039431699028 143.1 -39.23369537637179 141.69746418153377 151.20996 57.848217 -999.0 -999.0 -999.0 -999.0 -999.0 269.29504509055977 -29.07388892520186 269.3951805982484 -29.079324310496464 50.541119122506814 258.42427840883977 -999.0 5400.0 -999.0 1 242 {-999.0 -999.0 -999.0 -999.0 -999.0} "" -999.0 -999.0 -999.0 -999.0 -999 -999 "" "" "" "" 0 0 0.0 0.0 -999 ""
FIBERMAP 570 R+1C20 METROLOGY 0 0 0 1 0 0 141.7899982140614 38.263914764637434 143.1 -38.497278308581514 141.72212857721314 151.20996 57.848217 -999.0 -999.0 -999.0 -999.0 -999.0 269.2976526789889 -29.073816381064773 269.3977311026538 -29.079234749230643 50.5432864314114 258.42510996413796 -999.0 6231.0 -999.0 -1 -999 {-999.0 -999.0 -999.0 -999.0 -999.0} "" -999.0 -999.0 -999.0 -999.0 -999 -999 "" "" "" "" 0 0 0.0 0.0 -999 ""
FIBERMAP 571 R+11C2 APOGEE 0 0 0 1 0 0 -142.572482872096 225.65800889282028 143.1 -225.41486067048706 -142.94125227438556 72.4299 120.74779 -999.0 -999.0 -999.0 -999.0 -999.0 268.641598601525 -29.932074644722857 268.7447735558491 -29.939087179889913 50.14931025133642 256.9326509339265 -999.0 16600.0 -999.0 2 -999 {-999.0 -999.0 -999.0 -999.0 -999.0} "" -999.0 -999.0 -999.0 -999.0 -999 -999 "" "" "" "" 0 0 0.0 0.0 -999 ""
FIBERMAP 571 R+11C2 BOSS 1 1 0 1 0 0 -141.76862870764037 225.78771173632745 143.1 -225.54588933474025 -142.13763856492574 72.4299 120.74779 268.640924379988 -29.929584742948986 1.0537171 -5.589696 -0.97797364 268.6409601213253 -29.92961034370313 268.7443292884206 -29.93665797794753 50.14848594745525 256.93626718493397 5400.0 5400.0 2016.0 1 17 {-999.0 13.8692465 13.597437 13.490793 -999.0} sdss_psfmag_from_g3xp 13.81357 13.702745 13.151105 12.451 63050395286339661 1093285903 bright_3x1 mwm_astar_core_boss mwm_ob science 0 0 0.0 0.0 -999 ""
FIBERMAP 571 R+11C2 METROLOGY 0 0 0 1 0 0 -142.05739335032874 225.11562434163756 143.1 -224.8733457932733 -142.42528193609775 72.4299 120.74779 -999.0 -999.0 -999.0 -999.0 -999.0 268.64329502845084 -29.930542093541654 268.7466093981442 -29.937573817062614 50.15059636361885 256.9354282084209 -999.0 6231.0 -999.0 -1 -999 {-999.0 -999.0 -999.0 -999.0 -999.0} "" -999.0 -999.0 -999.0 -999.0 -999 -999 "" "" "" "" 0 0 0.0 0.0 -999 ""
FIBERMAP 573 R-6C13 APOGEE 0 0 0 1 0 0 36.32385438854051 -131.74656566834764 143.1 131.6822289857895 36.54066327763989 272.49094 81.777534 -999.0 -999.0 -999.0 -999.0 -999.0 269.8888975389258 -29.39385015837346 269.98979275336274 -29.39755629003737 51.11163717476405 258.08848294791756 -999.0 16600.0 -999.0 2 -999 {-999.0 -999.0 -999.0 -999.0 -999.0} "" -999.0 -999.0 -999.0 -999.0 -999 -999 "" "" "" "" 0 0 0.0 0.0 -999 ""
FIBERMAP 573 R-6C13 BOSS 1 1 0 1 0 0 35.597931491786 -131.68815642528716 143.1 131.62502267593456 35.81466709364119 272.49094 81.777534 269.8885717090169 -29.395989167835253 -2.8466177 -5.0094204 -0.1349716 269.8885794794823 -29.39600218227904 269.9896772735834 -29.399741265091038 51.111949680716386 258.08503465106287 5400.0 5400.0 2016.0 1 393 {-999.0 18.269697 16.29585 14.54738 -999.0} sdss_psfmag_gaia 16.935923 15.280974 13.901892 10.078 63050395307813242 1093414026 bright_3x1 mwm_astar_core_boss mwm_ob science 0 0 0.0 0.0 -999 ""
FIBERMAP 573 R-6C13 METROLOGY 0 0 0 1 0 0 36.01277449122216 -131.06632489165125 143.1 131.0025247796376 36.22846791512444 272.49094 81.777534 -999.0 -999.0 -999.0 -999.0 -999.0 269.8864852983231 -29.394752595559584 269.9875240740647 -29.398488463922288 51.109871472506995 258.08643199901803 -999.0 6231.0 -999.0 -1 -999 {-999.0 -999.0 -999.0 -999.0 -999.0} "" -999.0 -999.0 -999.0 -999.0 -999 -999 "" "" "" "" 0 0 0.0 0.0 -999 ""
FIBERMAP 574 R-2C2 APOGEE 0 0 1 1 0 0 -244.87365219099996 -31.0319377785819 143.1 31.436087976246935 -244.8144319341866 9.985354 169.73479 -999.0 -999.0 -999.0 -999.0 -999.0 269.53739527033673 -30.24536031220656 269.6414465951869 -30.249850788993324 50.968021736054595 256.66855143037884 -999.0 16600.0 -999.0 2 -999 {-999.0 -999.0 -999.0 -999.0 -999.0} "" -999.0 -999.0 -999.0 -999.0 -999 -999 "" "" "" "" 0 0 0.0 0.0 -999 ""
FIBERMAP 574 R-2C2 BOSS 1 0 1 1 0 0 -244.056779692144 -31.117853109641175 143.1 31.52064901129043 -243.9974435644384 9.985354 169.73479 269.6209716796875 -30.246628480143144 -999.0 -999.0 -999.0 269.53750535590837 -30.242896664084018 269.64174583395413 -30.247417295511905 50.96785704126596 256.67242854999785 5400.0 5400.0 2015.5 1 513 {-999.0 -999.0 -999.0 -999.0 -999.0} "" -999.0 -999.0 -999.0 -999.0 27021603147180280 852480371 "" ops_sky_boss_fallback ops_sky sky_boss 0 0 0.0 0.0 -999 ""
FIBERMAP 574 R-2C2 METROLOGY 0 0 1 1 0 0 -244.53594864858107 -31.69936158264783 143.1 32.102931572710155 -244.4756349889632 9.985354 169.73479 -999.0 -999.0 -999.0 -999.0 -999.0 269.5396024024632 -30.244386185055426 269.64379151097637 -30.248892264935545 50.969851931798495 256.6706049591089 -999.0 6231.0 -999.0 -1 -999 {-999.0 -999.0 -999.0 -999.0 -999.0} "" -999.0 -999.0 -999.0 -999.0 -999 -999 "" "" "" "" 0 0 0.0 0.0 -999 ""
FIBERMAP 576 R+4C19 APOGEE 1 1 0 1 0 0 155.43048544169858 95.29155782987837 143.1 -95.54565532973635 155.26782360758307 128.20612 79.546036 269.1003255632493 -29.032256691694442 -5.556342 -5.4711394 0.34305808 269.10030909368606 -29.03227242358209 269.20015577045024 -29.038215462503118 50.36587534668124 258.43438874397543 16000.0 16600.0 2016.0 2 65 {-999.0 22.132128 21.511917 16.21567 -999.0} sdss_psfmag_gaia 19.424341 16.712854 14.698016 8.405 63050395309326879 1154575538 bright_1x1 mwm_galactic_core_dist_apogee_sparse mwm_galactic science 0 0 0.0 0.0 -999 ""
FIBERMAP 576 R+4C19 BOSS 0 0 0 1 0 0 156.1033280116712 95.60306738049022 143.1 -95.85826809123982 155.9401291341322 128.20612 79.546036 -999.0 -999.0 -999.0 -999.0 -999.0 269.099008810225 -29.030147818882387 269.19904730438014 -29.03613027995992 50.36450973617461 258.43728884597607 -999.0 5400.0 -999.0 1 217 {-999.0 -999.0 -999.0 -999.0 -999.0} "" -999.0 -999.0 -999.0 -999.0 -999 -999 "" "" "" "" 0 0 0.0 0.0 -999 ""
FIBERMAP 576 R+4C19 METROLOGY 0 0 0 1 0 0 156.0505966117358 94.86244782894441 143.1 -95.11758511933039 155.88862480066857 128.20612 79.546036 -999.0 -999.0 -999.0 -999.0 -999.0 269.1016151289711 -29.030302476956347 269.2015970423058 -29.036267721659705 50.36672161362211 258.4377749053529 -999.0 6231.0 -999.0 -1 -999 {-999.0 -999.0 -999.0 -999.0 -999.0} "" -999.0 -999.0 -999.0 -999.0 -999 -999 "" "" "" "" 0 0 0.0 0.0 -999 ""
FIBERMAP 578 R+9C13 APOGEE 1 1 0 1 0 0 60.87286274223244 175.8864716522387 143.1 -175.98152899633016 60.57989677949907 207.86584 80.428795 268.818745469477 -29.317502887515058 -0.27347094 -4.894378 0.021374255 268.8187496484389 -29.317545490270813 268.919683181138 -29.324200662353025 50.18221687296227 257.92013692774987 16000.0 16600.0 2016.0 2 92 {-999.0 19.938093 17.440908 14.792994 -999.0} sdss_psfmag_ps1 18.370337 14.997069 13.352677 8.419 63050395286763936 1153392916 bright_1x1 mwm_galactic_core_dist_apogee_sparse mwm_galactic science 0 0 0.0 0.0 -999 ""
FIBERMAP 578 R+9C13 BOSS 0 0 0 1 0 0 60.627863920328565 176.57850499842127 143.1 -176.67313472510418 60.333760855604744 207.86584 80.428795 -999.0 -999.0 -999.0 -999.0 -999.0 268.81607949636 -29.318220801698022 268.91721714699315 -29.324917998282764 50.18024802277962 257.91838342379634 -999.0 5400.0 -999.0 1 159 {-999.0 -999.0 -999.0 -999.0 -999.0} "" -999.0 -999.0 -999.0 -999.0 -999 -999 "" "" "" "" 0 0 0.0 0.0 -999 ""
FIBERMAP 578 R+9C13 METROLOGY 0 0 0 1 0 0 61.359680902919436 176.45836762020016 143.1 -176.55421201769167 61.06575306629417 207.86584 80.428795 -999.0 -999.0 -999.0 -999.0 -999.0 268.81654608993773 -29.316007367340106 268.917618806643 -29.322693879517434 50.18015768246064 257.9218965307021 -999.0 6231.0 -999.0 -1 -999 {-999.0 -999.0 -999.0 -999.0 -999.0} "" -999.0 -999.0 -999.0 -999.0 -999 -999 "" "" "" "" 0 0 0.0 0.0 -999 ""
FIBERMAP 579 R+10C17 APOGEE 1 1 0 1 0 0 189.74891155017374 189.3012737047702 143.1 -189.6091275650656 189.4296047406379 321.97433 130.46527 268.77669645901733 -28.927968323651715 0.809771 -1.8471763 0.77998173 268.77668644139334 -28.927943875571135 268.8762569620633 -28.9347961393145 50.06753377201719 258.50359346427297 16000.0 16600.0 2016.0 2 103 {-999.0 11.074613 11.048597 11.098546 -999.0} sdss_psfmag_from_g3xp 11.133116 11.007291 10.759287 10.371 63050395287249804 975030211 "" ops_std_apogee ops_std standard_apogee 0 0 0.0 0.0 -999 ""
FIBERMAP 579 R+10C17 BOSS 0 0 0 1 0 0 189.81078175094586 188.56309187555482 143.1 -188.87107184775604 189.49269428802882 321.97433 130.46527 -999.0 -999.0 -999.0 -999.0 -999.0 268.77903086320663 -28.927728987408905 268.8788006516483 -28.934611284702594 50.06967603136951 258.5045796672046 -999.0 5400.0 -999.0 1 177 {-999.0 -999.0 -999.0 -999.0 -999.0} "" -999.0 -999.0 -999.0 -999.0 -999 -999 "" "" "" "" 0 0 0.0 0.0 -999 ""
FIBERMAP 579 R+10C17 METROLOGY 0 0 0 1 0 0 189.13073327966697 188.87683704748528 143.1 -189.1836817728137 188.81214859527518 321.97433 130.46527 -999.0 -999.0 -999.0 -999.0 -999.0 268.7779410595032 -28.929748400931242 268.87766138315584 -28.936622938287492 50.069108160517054 258.501195464706 -999.0 6231.0 -999.0 -1 -999 {-999.0 -999.0 -999.0 -999.0 -999.0} "" -999.0 -999.0 -999.0 -999.0 -999 -999 "" "" "" "" 0 0 0.0 0.0 -999 ""
FIBERMAP 583 R+3C18 APOGEE 1 1 0 1 0 0 124.38356700634489 77.06268780311717 143.1 -77.26600394277729 124.25206395076391 127.85384 68.66839 269.16291997567055 -29.126323167686653 -5.374501 -5.637286 0.24659744 269.1629251720969 -29.126337650224244 269.2630856619207 -29.132089274387813 50.43839736839652 258.30715196769785 16000.0 16600.0 2016.0 2 70 {-999.0 21.990265 21.650446 15.92458 -999.0} sdss_psfmag_gaia 19.72901 16.376738 14.86429 10.435 63050395309221943 1154574839 bright_1x1 mwm_galactic_core_dist_apogee_sparse mwm_galactic science 0 0 0.0 0.0 -999 ""
FIBERMAP 583 R+3C18 BOSS 0 0 0 1 0 0 125.10036045385391 77.27268276034205 143.1 -77.47717809411674 124.9684868989713 127.85384 68.66839 -999.0 -999.0 -999.0 -999.0 -999.0 269.1619704918177 -29.124074137273787 269.2623219540745 -29.129863784519987 50.43730432931576 258.31037083848406 -999.0 5400.0 -999.0 1 226 {-999.0 -999.0 -999.0 -999.0 -999.0} "" -999.0 -999.0 -999.0 -999.0 -999 -999 "" "" "" "" 0 0 0.0 0.0 -999 ""
FIBERMAP 583 R+3C18 METROLOGY 0 0 0 1 0 0 124.93267777764304 76.55464631002425 143.1 -76.75888730773156 124.8019976228704 127.85384 68.66839 -999.0 -999.0 -999.0 -999.0 -999.0 269.16450613046976 -29.12458340643429 269.26480235082386 -29.130356092202057 50.43952553894259 258.31028422839626 -999.0 6231.0 -999.0 -1 -999 {-999.0 -999.0 -999.0 -999.0 -999.0} "" -999.0 -999.0 -999.0 -999.0 -999 -999 "" "" "" "" 0 0 0.0 0.0 -999 ""
FIBERMAP 584 R+9C4 APOGEE 0 0 0 1 0 0 -109.1681751966683 184.54976981580103 143.1 -184.36321210363022 -109.47000475339681 64.043526 84.367905 -999.0 -999.0 -999.0 -999.0 -999.0 268.7849276935685 -29.83249539234762 268.8877058958593 -29.83913553882474 50.25270612863069 257.1217823913921 -999.0 16600.0 -999.0 2 -999 {-999.0 -999.0 -999.0 -999.0 -999.0} "" -999.0 -999.0 -999.0 -999.0 -999 -999 "" "" "" "" 0 0 0.0 0.0 -999 ""
FIBERMAP 584 R+9C4 BOSS 1 1 0 1 0 0 -108.51777507051231 184.15350813911786 143.1 -183.96803927448136 -108.81896992677386 64.043526 84.367905 268.7860551378468 -29.83051361206824 3.9654777 -1.240283 0.51492053 268.7860668778343 -29.83052997544198 268.88903960789304 -29.837200341891045 50.25348548186519 257.12509123021687 5400.0 5400.0 2016.0 1 15 {-999.0 17.364378 16.378914 16.221449 -999.0} sdss_psfmag_ps1 16.773647 16.285713 15.306105 -999.0 63050395285083639 1055523820 bright_1x1 bhm_csc_boss bhm_csc science 0 0 0.0 0.0 -999 ""
FIBERMAP 584 R+9C4 METROLOGY 0 0 0 1 0 0 -109.18154313213319 183.80189314475325 143.1 -183.61533737332692 -109.48213488161147 64.043526 84.367905 -999.0 -999.0 -999.0 -999.0 -999.0 268.78730453350437 -29.832573330668396 268.8902270296592 -29.839230534610145 50.25487291953293 257.12226837155697 -999.0 6231.0 -999.0 -1 -999 {-999.0 -999.0 -999.0 -999.0 -999.0} "" -999.0 -999.0 -999.0 -999.0 -999 -999 "" "" "" "" 0 0 0.0 0.0 -999 ""
FIBERMAP 585 R+12C4 APOGEE 0 0 0 1 0 0 -104.56987955566171 238.488569076554 143.1 -238.30788419400037 -104.96109987841461 180.65895 94.87022 -999.0 -999.0 -999.0 -999.0 -999.0 268.5977967864359 -29.816883200849496 268.7005704172138 -29.82403996685621 50.090383875251135 257.09794426422536 -999.0 16600.0 -999.0 2 -999 {-999.0 -999.0 -999.0 -999.0 -999.0} "" -999.0 -999.0 -999.0 -999.0 -999 -999 "" "" "" "" 0 0 0.0 0.0 -999 ""
FIBERMAP 585 R+12C4 BOSS 1 1 0 1 0 0 -104.66390178845236 239.1901880597675 143.1 -239.00932504529615 -105.05627992955785 180.65895 94.87022 268.5951229958649 -29.81707683245506 -3.565626 -6.8270187 -1.332809 268.59515674522305 -29.817110748733143 268.698134907934 -29.82430806290711 50.08835772042208 257.09692091533907 5400.0 5400.0 2016.0 1 98 {-999.0 -999.0 -999.0 -999.0 -999.0} "" -999.0 17.285194 -999.0 -999.0 63050395286384275 1055444753 bright_1x1 bhm_csc_boss bhm_csc science 0 0 0.0 0.0 -999 ""
FIBERMAP 585 R+12C4 METROLOGY 0 0 0 1 0 0 -103.95984655596004 238.92141772916952 143.1 -238.74172823446253 -104.35180265965175 180.65895 94.87022 -999.0 -999.0 -999.0 -999.0 -999.0 268.5961076988793 -29.81502180669586 268.69902058412043 -29.822207500892933 50.08872177633207 257.100360519147 -999.0 6231.0 -999.0 -1 -999 {-999.0 -999.0 -999.0 -999.0 -999.0} "" -999.0 -999.0 -999.0 -999.0 -999 -999 "" "" "" "" 0 0 0.0 0.0 -999 ""
FIBERMAP 586 R-5C20 APOGEE 1 1 0 1 0 0 182.36446681054665 -95.52153892034114 143.1 95.21674037735154 182.51664270764874 113.663124 160.3033 269.7615892858023 -28.95178533294266 -6.0824966 -5.2475886 -0.85128003 269.76157709060715 -28.951789885083397 269.86094846251996 -28.955937875642952 50.91595149976272 258.74267147049704 16000.0 16600.0 2016.0 2 224 {-999.0 17.998323 16.1173 14.798323 -999.0} sdss_psfmag_gaia 16.75252 15.507137 14.079876 10.921 63050395308169785 1154571381 bright_1x1 mwm_galactic_core_dist_apogee_sparse mwm_galactic science 0 0 0.0 0.0 -999 ""
FIBERMAP 586 R-5C20 BOSS 0 0 0 1 0 0 182.3435366689931 -94.80266972833478 143.1 94.49792893982361 182.4945238556379 113.663124 160.3033 -999.0 -999.0 -999.0 -999.0 -999.0 269.7589235481392 -28.951769857120695 269.85849062994043 -28.95595959610201 50.913847820243944 258.74196211092124 -999.0 5400.0 -999.0 1 322 {-999.0 -999.0 -999.0 -999.0 -999.0} "" -999.0 -999.0 -999.0 -999.0 -999 -999 "" "" "" "" 0 0 0.0 0.0 -999 ""
FIBERMAP 586 R-5C20 METROLOGY 0 0 0 1 0 0 183.00070201775492 -95.11581697932776 143.1 94.80997882377154 183.15218617272376 113.663124 160.3033 -999.0 -999.0 -999.0 -999.0 -999.0 269.760069640517 -28.94977130896859 269.8595740896895 -28.953948564030018 50.914378712593084 258.7453864164994 -999.0 6231.0 -999.0 -1 -999 {-999.0 -999.0 -999.0 -999.0 -999.0} "" -999.0 -999.0 -999.0 -999.0 -999 -999 "" "" "" "" 0 0 0.0 0.0 -999 ""
FIBERMAP 590 R+11C14 APOGEE 1 1 0 1 0 0 112.76833609553569 199.51617221561938 143.1 -199.696331541615 112.43460489768496 262.91028 82.464455 268.7386560315422 -29.160101419931284 -2.4456975 -9.324038 0.06581642 268.7386564146647 -29.160122033123077 268.8390552670329 -29.167029867433055 50.08231042728555 258.13893265500394 16000.0 16600.0 2016.0 2 55 {-999.0 18.389948 15.673153 14.3161745 -999.0} sdss_psfmag_ps1 16.843674 14.843831 13.478545 9.83 63050395287152545 1153394949 bright_1x1 mwm_galactic_core_dist_apogee_sparse mwm_galactic science 0 0 0.0 0.0 -999 ""
FIBERMAP 590 R+11C14 BOSS 0 0 0 1 0 0 112.02696488820098 199.65033739378583 143.1 -199.82926579005598 111.69303556031791 262.91028 82.464455 -999.0 -999.0 -999.0 -999.0 -999.0 268.73792969191055 -29.16230670917305 268.83853769015025 -29.16925167164138 50.082308630626436 258.1353993042175 -999.0 5400.0 -999.0 1 92 {-999.0 -999.0 -999.0 -999.0 -999.0} "" -999.0 -999.0 -999.0 -999.0 -999 -999 "" "" "" "" 0 0 0.0 0.0 -999 ""
FIBERMAP 590 R+11C14 METROLOGY 0 0 0 1 0 0 112.51998254800648 200.22136945180495 143.1 -200.40109518646395 112.18509257615796 262.91028 82.464455 -999.0 -999.0 -999.0 -999.0 -999.0 268.73599705044114 -29.160800378318527 268.83654324354484 -29.16774087718656 50.08030179957787 258.13716793046694 -999.0 6231.0 -999.0 -1 -999 {-999.0 -999.0 -999.0 -999.0 -999.0} "" -999.0 -999.0 -999.0 -999.0 -999 -999 "" "" "" "" 0 0 0.0 0.0 -999 ""
FIBERMAP 591 R+11C1 APOGEE 1 1 0 1 0 0 -181.61087398624025 208.3527842856841 143.1 -208.04560293592908 -181.94975572441584 211.11812 106.873474 268.7011440424164 -30.050382548986917 -2.892709 -9.8140745 -0.053355716 268.70115915135153 -30.050388941081057 268.8047434065418 -30.057213368862918 50.221895540949546 256.7660279806363 16000.0 16600.0 2016.0 2 9 {-999.0 18.660944 16.682789 14.873765 -999.0} sdss_psfmag_gaia 17.195883 15.608598 14.116498 10.786 63050395285007380 1154460098 bright_1x1 mwm_galactic_core_dist_apogee_sparse mwm_galactic science 0 0 0.0 0.0 -999 ""
FIBERMAP 591 R+11C1 BOSS 0 0 0 1 0 0 -182.14719321515838 208.8694356121696 143.1 -208.56135029126776 -182.48691251077557 211.11812 106.873474 -999.0 -999.0 -999.0 -999.0 -999.0 268.6991688736361 -30.0519417595393 268.8029619971347 -30.05880357555086 50.220666602374855 256.76314788447513 -999.0 5400.0 -999.0 1 9 {-999.0 -999.0 -999.0 -999.0 -999.0} "" -999.0 -999.0 -999.0 -999.0 -999 -999 "" "" "" "" 0 0 0.0 0.0 -999 ""
FIBERMAP 591 R+11C1 METROLOGY 0 0 0 1 0 0 -181.44753650668608 209.0804781954046 143.1 -208.77354368183188 -181.7876274836558 211.11812 106.873474 -999.0 -999.0 -999.0 -999.0 -999.0 268.6984527821668 -30.04987187969236 268.8021811955901 -30.05672695916534 50.21962647938598 256.766148956613 -999.0 6231.0 -999.0 -1 -999 {-999.0 -999.0 -999.0 -999.0 -999.0} "" -999.0 -999.0 -999.0 -999.0 -999 -999 "" "" "" "" 0 0 0.0 0.0 -999 ""
FIBERMAP 593 R-1C22 APOGEE 1 1 0 1 0 0 195.6667056016571 -26.38068257173585 143.1 26.056099378851098 195.7040586238548 260.7527 155.98372 269.52224687285167 -28.911440155657054 -7.093936 -9.355443 0.10806617 269.5222228243683 -28.911438743402027 269.6215229380404 -28.916250923628137 50.70270908323943 258.7382282486019 16000.0 16600.0 2016.0 2 205 {-999.0 17.340738 15.373095 13.685028 -999.0} sdss_psfmag_gaia 16.149696 14.416921 13.162107 9.936 63050395309301496 1154575385 bright_1x1 mwm_galactic_core_dist_apogee_sparse mwm_galactic science 0 0 0.0 0.0 -999 ""
FIBERMAP 593 R-1C22 BOSS 0 0 0 1 0 0 195.2433941824038 -26.99851817878031 143.1 26.67461548827409 195.28178304363087 260.7527 155.98372 -999.0 -999.0 -999.0 -999.0 -999.0 269.5241741517459 -28.912626498531957 269.62367416548886 -28.917468144951783 50.70479746565784 258.73693964231035 -999.0 5400.0 -999.0 1 289 {-999.0 -999.0 -999.0 -999.0 -999.0} "" -999.0 -999.0 -999.0 -999.0 -999 -999 "" "" "" "" 0 0 0.0 0.0 -999 ""
FIBERMAP 593 R-1C22 METROLOGY 0 0 0 1 0 0 194.92672937288305 -26.31831303230259 143.1 25.994956151545953 194.9640030075237 260.7527 155.98372 -999.0 -999.0 -999.0 -999.0 -999.0 269.5218790745028 -28.913561876666023 269.6213274266826 -28.91839967817912 50.702971057665785 258.7348500133514 -999.0 6231.0 -999.0 -1 -999 {-999.0 -999.0 -999.0 -999.0 -999.0} "" -999.0 -999.0 -999.0 -999.0 -999 -999 "" "" "" "" 0 0 0.0 0.0 -999 ""
FIBERMAP 595 R-3C1 APOGEE 1 1 0 1 0 0 -264.8396393786956 -38.43419993906347 143.1 38.87114614852977 -264.76752964692946 171.29268 40.61484 269.56322069673905 -30.305248300728362 -5.706379 -4.429795 0.14299397 269.5632233495789 -30.3052855530515 269.6674841286359 -30.309692689905916 51.00044195917966 256.5810327069616 16000.0 16600.0 2016.0 2 271 {-999.0 18.424845 16.45009 14.690794 -999.0} sdss_psfmag_gaia 17.18897 15.424643 14.146744 10.788 63050395284388223 1154457645 bright_1x1 mwm_galactic_core_dist_apogee_sparse mwm_galactic science 0 0 0.0 0.0 -999 ""
FIBERMAP 595 R-3C1 BOSS 0 0 0 1 0 0 -264.20515275711614 -38.02887915820368 143.1 38.46478863526916 -264.13373404750575 171.29268 40.61484 -999.0 -999.0 -999.0 -999.0 -999.0 269.56160858105494 -30.303351202055993 269.66606087558847 -30.307792835017718 50.998906598948196 256.5836734548568 -999.0 5400.0 -999.0 1 443 {-999.0 -999.0 -999.0 -999.0 -999.0} "" -999.0 -999.0 -999.0 -999.0 -999 -999 "" "" "" "" 0 0 0.0 0.0 -999 ""
FIBERMAP 595 R-3C1 METROLOGY 0 0 0 1 0 0 -264.18786305215514 -38.78832641872184 143.1 39.22418285913932 -264.1151883777364 171.29268 40.61484 -999.0 -999.0 -999.0 -999.0 -999.0 269.56433330899506 -30.303355644497543 269.6687286846202 -30.307781397731073 51.0011739378389 256.58431695032186 -999.0 6231.0 -999.0 -1 -999 {-999.0 -999.0 -999.0 -999.0 -999.0} "" -999.0 -999.0 -999.0 -999.0 -999 -999 "" "" "" "" 0 0 0.0 0.0 -999 ""
FIBERMAP 596 R-5C10 APOGEE 1 1 0 1 0 0 -28.02665108416395 -117.9882660105313 143.1 118.03084114047103 -27.830535506631453 353.84268 27.52237 269.841573876783 -29.589152124436158 -0.993945 -8.941968 0.0674878 269.8415513043883 -29.589182870814085 269.9431556826342 -29.592977591807415 51.10817140593237 257.7706210273153 16000.0 16600.0 2016.0 2 269 {-999.0 20.251364 19.328262 14.525632 -999.0} sdss_psfmag_gaia 18.03175 15.0726795 13.474959 9.058 63050395307427770 1154568450 bright_1x1 mwm_galactic_core_dist_apogee_sparse mwm_galactic science 0 0 0.0 0.0 -999 ""
FIBERMAP 596 R-5C10 BOSS 0 0 0 1 0 0 -28.713978158392223 -118.28350997472432 143.1 118.32721280370744 -28.51735198323245 353.84268 27.52237 -999.0 -999.0 -999.0 -999.0 -999.0 269.84245854432527 -29.591248287415443 269.9442653986465 -29.595071958759963 51.10950600270349 257.7676258213049 -999.0 5400.0 -999.0 1 370 {-999.0 -999.0 -999.0 -999.0 -999.0} "" -999.0 -999.0 -999.0 -999.0 -999 -999 "" "" "" "" 0 0 0.0 0.0 -999 ""
FIBERMAP 596 R-5C10 METROLOGY 0 0 0 1 0 0 -28.632246139932445 -117.54903324132432 143.1 117.59262447022155 -28.436837800740395 353.84268 27.52237 -999.0 -999.0 -999.0 -999.0 -999.0 269.8399679474382 -29.59101784126591 269.94171936470633 -29.59483935587777 51.107287198022455 257.7673397954342 -999.0 6231.0 -999.0 -1 -999 {-999.0 -999.0 -999.0 -999.0 -999.0} "" -999.0 -999.0 -999.0 -999.0 -999 -999 "" "" "" "" 0 0 0.0 0.0 -999 ""
FIBERMAP 601 R+5C20 APOGEE 1 1 0 1 0 0 188.24813459248182 87.62452707839188 143.1 -87.93316868763497 188.0971023141235 223.86818 145.5345 269.1274987298612 -28.933273387943498 -999.0 -999.0 -999.0 269.1275231351825 -28.933230305161544 269.22701365094906 -28.93911956599026 50.369033463183285 258.59397455513005 16000.0 16600.0 2016.0 2 117 {-999.0 -999.0 -999.0 -999.0 -999.0} "" -999.0 18.153976 -999.0 10.53 63050395309364869 1151502857 bright_1x1 mwm_galactic_core_dist_apogee_sparse mwm_galactic science 0 0 0.0 0.0 -999 ""
FIBERMAP 601 R+5C20 BOSS 0 0 0 1 0 0 187.51383967058118 87.49434643826051 143.1 -87.80177732931462 187.36304640010817 223.86818 145.5345 -999.0 -999.0 -999.0 -999.0 -999.0 269.12773496760536 -28.935363041177133 269.22743155476184 -28.941286994194165 50.36982802284215 258.5907614489444 -999.0 5400.0 -999.0 1 202 {-999.0 -999.0 -999.0 -999.0 -999.0} "" -999.0 -999.0 -999.0 -999.0 -999 -999 "" "" "" "" 0 0 0.0 0.0 -999 ""
FIBERMAP 601 R+5C20 METROLOGY 0 0 0 1 0 0 187.76003299525797 88.19780436638672 143.1 -88.5056199599519 187.60806791954724 223.86818 145.5345 -999.0 -999.0 -999.0 -999.0 -999.0 269.12534870374657 -28.93459902833724 269.22498700231756 -28.940519565452544 50.36757805542012 258.5912648282627 -999.0 6231.0 -999.0 -1 -999 {-999.0 -999.0 -999.0 -999.0 -999.0} "" -999.0 -999.0 -999.0 -999.0 -999 -999 "" "" "" "" 0 0 0.0 0.0 -999 ""
FIBERMAP 602 R+3C5 APOGEE 1 1 0 1 0 0 -163.9045377220902 74.15681240750689 143.1 -73.88324347085893 -164.0219590760777 99.30031 90.654144 269.16950937206184 -30.000467850651788 -2.6120183 -5.358414 0.13248527 269.16949547111943 -30.000483741894815 269.272769168655 -30.006034070245597 50.611249168963056 256.95954068688195 16000.0 16600.0 2016.0 2 24 {-999.0 21.676058 22.137554 15.278168 -999.0} sdss_psfmag_gaia 19.271383 15.606451 14.07461 9.941 63050395284931985 1154459919 bright_1x1 mwm_galactic_core_dist_apogee_sparse mwm_galactic science 0 0 0.0 0.0 -999 ""
FIBERMAP 602 R+3C5 BOSS 0 0 0 1 0 0 -163.17097445281044 74.26599971905212 143.1 -73.99364096538837 -163.28860005725622 99.30031 90.654144 -999.0 -999.0 -999.0 -999.0 -999.0 269.1688892978464 -29.998290186917348 269.27235515899076 -30.003874200574273 50.61050905121462 256.9627877516232 -999.0 5400.0 -999.0 1 41 {-999.0 -999.0 -999.0 -999.0 -999.0} "" -999.0 -999.0 -999.0 -999.0 -999 -999 "" "" "" "" 0 0 0.0 0.0 -999 ""
FIBERMAP 602 R+3C5 METROLOGY 0 0 0 1 0 0 -163.42326143588375 73.57036194183146 143.1 -73.29760815200981 -163.53972797766562 99.30031 90.654144 -999.0 -999.0 -999.0 -999.0 -999.0 269.1713667352103 -29.999093649782473 269.27477812800964 -30.004661751719492 50.61271454837743 256.9621599249658 -999.0 6231.0 -999.0 -1 -999 {-999.0 -999.0 -999.0 -999.0 -999.0} "" -999.0 -999.0 -999.0 -999.0 -999 -999 "" "" "" "" 0 0 0.0 0.0 -999 ""
FIBERMAP 603 R-11C2 APOGEE 0 0 0 1 0 0 -142.4793682944155 -234.49839453824745 143.1 234.7265860387877 -142.08680252844073 342.79633 36.50395 -999.0 -999.0 -999.0 -999.0 -999.0 270.24747270144354 -29.93359665068592 270.35018688500486 -29.93620724267922 51.51744718994807 257.3320674740888 -999.0 16600.0 -999.0 2 -999 {-999.0 -999.0 -999.0 -999.0 -999.0} "" -999.0 -999.0 -999.0 -999.0 -999 -999 "" "" "" "" 0 0 0.0 0.0 -999 ""
FIBERMAP 603 R-11C2 BOSS 1 1 0 1 0 0 -143.18332404968314 -234.74252880051003 143.1 234.97187715672177 -142.79033171320225 342.79633 36.50395 270.24761580950747 -29.93567497381407 0.82948565 -0.5881474 0.5407548 270.2481169099618 -29.935675946211234 270.35103191227256 -29.93831415241689 51.518536975156984 257.32893989841364 5400.0 5400.0 2016.0 1 516 {-999.0 10.277611 10.351182 10.447981 -999.0} sdss_psfmag_from_g3xp 10.343819 10.2883215 10.105901 9.859 63050395257696815 1068452567 bright_3x1 mwm_ob_core_boss mwm_ob science 0 0 1.5846916437149048 0.0 -999 ""
FIBERMAP 603 R-11C2 METROLOGY 0 0 0 1 0 0 -143.04977391959778 -234.01451889352404 143.1 234.2436697074965 -142.65799038651278 342.79633 36.50395 -999.0 -999.0 -999.0 -999.0 -999.0 270.2457008257563 -29.935330656049192 270.34856049082737 -29.937967105037313 51.51636764538481 257.32888658651825 -999.0 6231.0 -999.0 -1 -999 {-999.0 -999.0 -999.0 -999.0 -999.0} "" -999.0 -999.0 -999.0 -999.0 -999 -999 "" "" "" "" 0 0 0.0 0.0 -999 ""
FIBERMAP 606 R-1C4 APOGEE 0 0 0 1 0 0 -204.33649591818914 -11.623065091258042 143.1 11.96077009570313 -204.31069206760444 29.773869 128.87216 -999.0 -999.0 -999.0 -999.0 -999.0 269.46960059456 -30.12333251201226 269.5732306953546 -30.128034369262103 50.888789465798595 256.8426280540016 -999.0 16600.0 -999.0 2 -999 {-999.0 -999.0 -999.0 -999.0 -999.0} "" -999.0 -999.0 -999.0 -999.0 -999 -999 "" "" "" "" 0 0 0.0 0.0 -999 ""
FIBERMAP 606 R-1C4 BOSS 1 1 0 1 0 0 -203.61135969416742 -11.884525618185279 143.1 12.221022459082487 -203.58514657853775 29.773869 128.87216 269.47031973555806 -30.121183497475453 6.26502 0.685752 1.1578759 269.4703252328782 -30.121169248651153 269.57414562461105 -30.1259001028641 50.88919458990863 256.84617881176854 5400.0 5400.0 2016.0 1 510 {-999.0 13.941052 13.583201 13.459341 -999.0} sdss_psfmag_from_g3xp 13.88533 13.589097 13.12863 12.36 63050395284701491 979142717 "" ops_std_boss ops_std standard_boss 0 0 0.0 0.0 -999 ""
FIBERMAP 606 R-1C4 METROLOGY 0 0 0 1 0 0 -204.21069974003797 -12.36040730377449 143.1 12.697880456488534 -204.183679988417 29.773869 128.87216 -999.0 -999.0 -999.0 -999.0 -999.0 269.4720476316311 -30.12301511960048 269.5758179798883 -30.1277322066891 50.89093967776407 256.8437211515824 -999.0 6231.0 -999.0 -1 -999 {-999.0 -999.0 -999.0 -999.0 -999.0} "" -999.0 -999.0 -999.0 -999.0 -999 -999 "" "" "" "" 0 0 0.0 0.0 -999 ""
FIBERMAP 609 R+3C17 APOGEE 0 0 0 1 0 0 98.43359737196882 42.47342712422253 143.1 -42.63492120304413 98.36015773272348 280.1574 95.59133 -999.0 -999.0 -999.0 -999.0 -999.0 269.282714991921 -29.205217044502373 269.3831198211825 -29.21062374403122 50.55657669702742 258.21841268859265 -999.0 16600.0 -999.0 2 -999 {-999.0 -999.0 -999.0 -999.0 -999.0} "" -999.0 -999.0 -999.0 -999.0 -999 -999 "" "" "" "" 0 0 0.0 0.0 -999 ""
FIBERMAP 609 R+3C17 BOSS 1 1 0 1 0 0 97.60528785086548 42.2799965968543 143.1 -42.440126443083756 97.53219489206842 280.1574 95.59133 269.28314208984375 -29.207641393822314 -999.0 -999.0 -999.0 269.2831540172708 -29.20764114571808 269.38376538467105 -29.213080513071567 50.557608541780326 258.21479291665673 5400.0 5400.0 2015.5 1 227 {-999.0 -999.0 -999.0 -999.0 -999.0} "" -999.0 -999.0 -999.0 -999.0 27021603147280449 852503321 "" ops_sky_boss_fallback ops_sky sky_boss 0 0 0.0 0.0 -999 ""
FIBERMAP 609 R+3C17 METROLOGY 0 0 0 1 0 0 97.88220734877228 42.97886481485851 143.1 -43.139430348325234 97.80794919008362 280.1574 95.59133 -999.0 -999.0 -999.0 -999.0 -999.0 269.2807782263375 -29.206797107863935 269.38133116352594 -29.21223342681738 50.55535950445664 258.21544837529495 -999.0 6231.0 -999.0 -1 -999 {-999.0 -999.0 -999.0 -999.0 -999.0} "" -999.0 -999.0 -999.0 -999.0 -999 -999 "" "" "" "" 0 0 0.0 0.0 -999 ""
FIBERMAP 616 R+10C3 APOGEE 1 1 0 1 0 0 -122.18617431749561 175.31888540109276 143.1 -175.1110860897357 -122.47231241459457 31.041304 1.4116166 268.81693362575373 -29.872393698862147 -8.671374 -8.869024 0.090771735 268.81684263339025 -29.87212341881502 268.9197541159106 -29.87866773865729 50.28730977399063 257.06900684486067 16000.0 16600.0 2016.0 2 13 {-999.0 18.263744 16.521437 14.321848 -999.0} sdss_psfmag_ps1 16.905376 15.00248 13.670655 10.331 63050395285075112 1153386405 bright_1x1 mwm_galactic_core_dist_apogee_sparse mwm_galactic science 0 0 0.0 0.0 -999 ""
FIBERMAP 616 R+10C3 BOSS 0 0 0 1 0 0 -122.79835205419283 174.9142116073236 143.1 -174.70541245325845 -123.0838009172386 31.041304 1.4116166 -999.0 -999.0 -999.0 -999.0 -999.0 268.8179951235917 -29.873979636951642 268.92111470978665 -29.88055311379036 50.2888159312241 257.066445631957 -999.0 5400.0 -999.0 1 16 {-999.0 -999.0 -999.0 -999.0 -999.0} "" -999.0 -999.0 -999.0 -999.0 -999 -999 "" "" "" "" 0 0 0.0 0.0 -999 ""
FIBERMAP 616 R+10C3 METROLOGY 0 0 0 1 0 0 -122.8561546433341 175.6642464429919 143.1 -175.4553275256708 -123.14284259488983 31.041304 1.4116166 -999.0 -999.0 -999.0 -999.0 -999.0 268.81541065101294 -29.874160616901943 268.9184744362324 -29.88073187950997 50.28659848531382 257.0655121449345 -999.0 6231.0 -999.0 -1 -999 {-999.0 -999.0 -999.0 -999.0 -999.0} "" -999.0 -999.0 -999.0 -999.0 -999 -999 "" "" "" "" 0 0 0.0 0.0 -999 ""
FIBERMAP 617 R-4C3 APOGEE 1 1 0 1 0 0 -208.21010001301067 -98.19584701437773 143.1 98.5371760366609 -208.04093511828844 320.70044 30.92653 269.77266059803134 -30.134610842225445 -999.0 -999.0 -999.0 269.77265782100574 -30.1346134432376 269.8762395343567 -30.138482378886756 51.148660374258455 256.89887206453045 16000.0 16600.0 2016.0 2 242 {-999.0 -999.0 -999.0 -999.0 -999.0} "" -999.0 19.549992 -999.0 10.665 63050395284587514 1151486930 bright_1x1 mwm_galactic_core_dist_apogee_sparse mwm_galactic science 0 0 0.0 0.0 -999 ""
FIBERMAP 617 R-4C3 BOSS 0 0 0 1 0 0 -208.95718250805407 -98.06681691435944 143.1 98.40938615062103 -208.78820706354753 320.70044 30.92653 -999.0 -999.0 -999.0 -999.0 -999.0 269.77202526290176 -30.13686688564633 269.8758118802357 -30.140766995021675 51.14869209488537 256.89518302593535 -999.0 5400.0 -999.0 1 499 {-999.0 -999.0 -999.0 -999.0 -999.0} "" -999.0 -999.0 -999.0 -999.0 -999 -999 "" "" "" "" 0 0 0.0 0.0 -999 ""
FIBERMAP 617 R-4C3 METROLOGY 0 0 0 1 0 0 -208.48258738730885 -97.49001321855073 143.1 97.83181578255692 -208.31458154343005 320.70044 30.92653 -999.0 -999.0 -999.0 -999.0 -999.0 269.77008364335546 -30.13548674058204 269.8738101530335 -30.139383988862388 51.146747504164566 256.8968760442386 -999.0 6231.0 -999.0 -1 -999 {-999.0 -999.0 -999.0 -999.0 -999.0} "" -999.0 -999.0 -999.0 -999.0 -999 -999 "" "" "" "" 0 0 0.0 0.0 -999 ""
FIBERMAP 618 R+8C5 APOGEE 1 1 0 1 0 0 -126.49819101691504 145.96901425533645 143.1 -145.7550247733392 -126.735630440782 242.04834 84.445305 268.9190742029734 -29.885925258995556 -8.323861 -2.335145 0.155515 268.91903070760185 -29.885935309187012 269.02196332608236 -29.892196457228657 50.37690559174661 257.0736346407859 16000.0 16600.0 2016.0 2 42 {-999.0 -999.0 -999.0 -999.0 -999.0} "" -999.0 15.522977 -999.0 10.985 63050395285054361 1151487092 bright_1x1 mwm_galactic_core_dist_apogee_sparse mwm_galactic science 0 0 0.0 0.0 -999 ""
FIBERMAP 618 R+8C5 BOSS 0 0 0 1 0 0 -127.11723141911342 146.3748552359629 143.1 -146.1598284835805 -127.35532240140476 242.04834 84.445305 -999.0 -999.0 -999.0 -999.0 -999.0 268.9173559044528 -29.887802356930838 269.0204968898183 -29.894100171661123 50.376004077226014 257.07033516570255 -999.0 5400.0 -999.0 1 70 {-999.0 -999.0 -999.0 -999.0 -999.0} "" -999.0 -999.0 -999.0 -999.0 -999 -999 "" "" "" "" 0 0 0.0 0.0 -999 ""
FIBERMAP 618 R+8C5 METROLOGY 0 0 0 1 0 0 -126.45773821141555 146.70936719316532 143.1 -146.49542082492314 -126.69640386564923 242.04834 84.445305 -999.0 -999.0 -999.0 -999.0 -999.0 268.91623156765263 -29.88582591030327 269.01930875831715 -29.89211802914794 50.37462869008065 257.07309511842465 -999.0 6231.0 -999.0 -1 -999 {-999.0 -999.0 -999.0 -999.0 -999.0} "" -999.0 -999.0 -999.0 -999.0 -999 -999 "" "" "" "" 0 0 0.0 0.0 -999 ""
FIBERMAP 621 R-1C10 APOGEE 0 0 0 1 0 0 -86.62115451421244 -24.960945762719554 143.1 25.103459268524922 -86.57706962456278 185.36607 142.84024 -999.0 -999.0 -999.0 -999.0 -999.0 269.5167828364286 -29.76726905239351 269.61911939391865 -29.771916220506053 50.86424265885125 257.40917884137014 -999.0 16600.0 -999.0 2 -999 {-999.0 -999.0 -999.0 -999.0 -999.0} "" -999.0 -999.0 -999.0 -999.0 -999 -999 "" "" "" "" 0 0 0.0 0.0 -999 ""
FIBERMAP 621 R-1C10 BOSS 1 1 0 1 0 0 -87.25505675023143 -24.55896783475751 143.1 24.702543075885885 -87.21161654941986 185.36607 142.84024 269.51521468899324 -29.76920049208386 -4.836117 -6.6321416 0.14951427 269.51519367986737 -29.769208897035625 269.61773517611334 -29.773891806488507 50.86342152607047 257.4057541498222 5400.0 5400.0 2016.0 1 509 {-999.0 17.801867 15.6746855 13.722146 -999.0} sdss_psfmag_ps1 -999.0 15.169794 -999.0 10.942 63050395285179229 1093354484 bright_3x1 mwm_astar_core_boss mwm_ob science 0 0 0.0 0.0 -999 ""
FIBERMAP 621 R-1C10 METROLOGY 0 0 0 1 0 0 -86.59887416449355 -24.21328153138807 143.1 24.355782225332685 -86.55602701730959 185.36607 142.84024 -999.0 -999.0 -999.0 -999.0 -999.0 269.51404527673446 -29.767235149811015 269.6165240667585 -29.77191261782 50.862027010549646 257.4085335710795 -999.0 6231.0 -999.0 -1 -999 {-999.0 -999.0 -999.0 -999.0 -999.0} "" -999.0 -999.0 -999.0 -999.0 -999 -999 "" "" "" "" 0 0 0.0 0.0 -999 ""
FIBERMAP 622 R-9C14 APOGEE 1 1 0 1 0 0 85.86610699397288 -180.22322387460244 143.1 180.07535908961515 86.16152779080056 222.08707 94.71931 270.05625721192797 -29.243391480770484 -1.2851408 -9.86461 -0.5621085 270.05625245381185 -29.24341797649842 270.156564026108 -29.246697491334356 51.22583038057936 258.3686495008557 16000.0 16600.0 2016.0 2 198 {-999.0 17.963938 16.044558 14.605581 -999.0} sdss_psfmag_gaia 16.559017 15.324657 13.777396 10.756 63050395308015845 1154570725 bright_1x1 mwm_galactic_core_dist_apogee_sparse mwm_galactic science 0 0 0.0 0.0 -999 ""
FIBERMAP 622 R-9C14 BOSS 0 0 0 1 0 0 85.3317596473781 -179.7110685381565 143.1 179.56410431716608 85.62635026203851 222.08707 94.71931 -999.0 -999.0 -999.0 -999.0 -999.0 270.0543551152027 -29.24498130192279 270.1548664786861 -29.24829849116355 51.22468154025984 258.36568914557074 -999.0 5400.0 -999.0 1 274 {-999.0 -999.0 -999.0 -999.0 -999.0} "" -999.0 -999.0 -999.0 -999.0 -999 -999 "" "" "" "" 0 0 0.0 0.0 -999 ""
FIBERMAP 622 R-9C14 METROLOGY 0 0 0 1 0 0 86.04231845264155 -179.49836369357962 143.1 179.35023068099125 86.33653428499713 222.08707 94.71931 -999.0 -999.0 -999.0 -999.0 -999.0 270.05368861818573 -29.24282868905028 270.15413767903385 -29.246138866224815 51.223645661354176 258.36888075112154 -999.0 6231.0 -999.0 -1 -999 {-999.0 -999.0 -999.0 -999.0 -999.0} "" -999.0 -999.0 -999.0 -999.0 -999 -999 "" "" "" "" 0 0 0.0 0.0 -999 ""
FIBERMAP 625 R+1C2 APOGEE 0 0 0 1 0 0 -249.74248462385899 9.800312173498698 143.1 -9.386792870244983 -249.75066553387666 304.7894 121.69165 -999.0 -999.0 -999.0 -999.0 -999.0 269.3943188040823 -30.259879024281997 269.4984642619718 -30.26475867140797 50.84894171009044 256.6114717698232 -999.0 16600.0 -999.0 2 -999 {-999.0 -999.0 -999.0 -999.0 -999.0} "" -999.0 -999.0 -999.0 -999.0 -999 -999 "" "" "" "" 0 0 0.0 0.0 -999 ""
FIBERMAP 625 R+1C2 BOSS 1 1 0 1 0 0 -250.0035461398931 9.127756063418571 143.1 -8.7138264638544 -250.01060589407055 304.7894 121.69165 269.3959644779605 -30.260651308083833 0.87915564 -2.477493 0.7794209 269.3964741122307 -30.26065408556255 269.50082070134056 -30.265557796537685 50.85108442276042 256.61078195557263 5400.0 5400.0 2016.0 1 11 {-999.0 10.563611 10.417983 10.411705 -999.0} sdss_psfmag_from_g3xp 10.560263 10.394857 10.0798235 9.667 63050395284420421 1068453704 bright_3x1 mwm_ob_core_boss mwm_ob science 0 0 1.5953116416931152 0.0 -999 ""
FIBERMAP 625 R+1C2 METROLOGY 0 0 0 1 0 0 -250.4835709227799 9.698875915938782 143.1 -9.284133733352933 -250.49156016460984 304.7894 121.69165 -999.0 -999.0 -999.0 -999.0 -999.0 269.39452500928786 -30.262144409719607 269.49882118677715 -30.26704461102537 50.84964022708323 256.60798989678256 -999.0 6231.0 -999.0 -1 -999 {-999.0 -999.0 -999.0 -999.0 -999.0} "" -999.0 -999.0 -999.0 -999.0 -999 -999 "" "" "" "" 0 0 0.0 0.0 -999 ""
FIBERMAP 628 R-7C16 APOGEE 1 1 0 1 0 0 110.13976317375645 -137.889549632279 143.1 137.70288540948275 110.36436118883287 189.64294 116.600426 269.90926762046985 -29.170096622064868 -5.4929047 -9.894691 0.11282373 269.9092537922181 -29.170115706017416 270.0093505314928 -29.173813213363896 51.08574729580057 258.44342062252304 16000.0 16600.0 2016.0 2 207 {-999.0 17.800917 15.871811 14.395716 -999.0} sdss_psfmag_gaia 16.675661 15.1173725 13.86172 10.912 63050395308044976 1154570846 bright_1x1 mwm_galactic_core_dist_apogee_sparse mwm_galactic science 0 0 0.0 0.0 -999 ""
FIBERMAP 628 R-7C16 BOSS 0 0 0 1 0 0 109.68664993971572 -137.27834326424295 143.1 137.09244838829497 109.91025127747014 189.64294 116.600426 -999.0 -999.0 -999.0 -999.0 -999.0 269.90700550542516 -29.171415216773042 270.0073019417291 -29.175151967778756 51.084250313302064 258.4407803295942 -999.0 5400.0 -999.0 1 292 {-999.0 -999.0 -999.0 -999.0 -999.0} "" -999.0 -999.0 -999.0 -999.0 -999 -999 "" "" "" "" 0 0 0.0 0.0 -999 ""
FIBERMAP 628 R-7C16 METROLOGY 0 0 0 1 0 0 110.43022226514954 -137.19825243648668 143.1 137.0111298813689 110.6536671711932 189.64294 116.600426 -999.0 -999.0 -999.0 -999.0 -999.0 269.90679140711796 -29.16915992054003 270.00702483884373 -29.17288828575104 51.083576364801644 258.44424195964586 -999.0 6231.0 -999.0 -1 -999 {-999.0 -999.0 -999.0 -999.0 -999.0} "" -999.0 -999.0 -999.0 -999.0 -999 -999 "" "" "" "" 0 0 0.0 0.0 -999 ""
FIBERMAP 629 R0C19 APOGEE 1 1 0 1 0 0 98.35365646414533 12.812486189066254 143.1 -12.97480215977339 98.32929402881021 177.66528 69.56218 269.38586286440443 -29.20562780002593 -2.651981 -4.7852855 0.16713499 269.3858542269107 -29.20563883333118 269.48623080206 -29.210762769421024 50.64487755932595 258.2458236029682 16000.0 16600.0 2016.0 2 90 {-999.0 21.858486 18.576471 14.531982 -999.0} sdss_psfmag_ps1 17.500467 14.828313 13.155733 8.467 63050395309194001 1153484758 bright_1x1 mwm_galactic_core_dist_apogee_sparse mwm_galactic science 0 0 0.0 0.0 -999 ""
FIBERMAP 629 R0C19 BOSS 0 0 0 1 0 0 98.63804621628273 13.499567244216488 143.1 -13.662331641027462 98.61253784284874 177.66528 69.56218 -999.0 -999.0 -999.0 -999.0 -999.0 269.383260745736 -29.204683060174524 269.4838321993586 -29.209848508600164 50.642646085933094 258.2465953175072 -999.0 5400.0 -999.0 1 253 {-999.0 -999.0 -999.0 -999.0 -999.0} "" -999.0 -999.0 -999.0 -999.0 -999 -999 "" "" "" "" 0 0 0.0 0.0 -999 ""
FIBERMAP 629 R0C19 METROLOGY 0 0 0 1 0 0 99.1004869626399 12.91774474885895 143.1 -13.081292979834954 99.07592635025617 177.66528 69.56218 -999.0 -999.0 -999.0 -999.0 -999.0 269.3853422547779 -29.203284297182798 269.48585217938256 -29.20843464327834 50.644100328635076 258.24932335911245 -999.0 6231.0 -999.0 -1 -999 {-999.0 -999.0 -999.0 -999.0 -999.0} "" -999.0 -999.0 -999.0 -999.0 -999 -999 "" "" "" "" 0 0 0.0 0.0 -999 ""
FIBERMAP 632 R-6C1 APOGEE 1 1 0 1 0 0 -233.61391539099412 -128.23323198160557 143.1 128.61562586956666 -233.39423582033479 246.05914 100.43355 269.87735040792467 -30.21057505017717 -1.6599823 -2.8171594 1.1801423 269.877559625069 -30.21059925065185 269.98138456069563 -30.21416482884692 51.25123445366709 256.8048832026909 16000.0 16600.0 2016.0 2 274 {-999.0 10.781548 9.602401 9.13316 -999.0} sdss_psfmag_from_g3xp 10.348547 9.59911 8.759718 6.896 63050395230385237 1151995482 bright_1x1 mwm_galactic_core_dist_apogee_sparse mwm_galactic science 0 0 0.6252351403236389 0.0 -999 ""
FIBERMAP 632 R-6C1 BOSS 0 0 0 1 0 0 -234.35132308252554 -128.06271823363414 143.1 128.44633766289132 -234.13190190885075 246.05914 100.43355 -999.0 -999.0 -999.0 -999.0 -999.0 269.87676379910766 -30.212786037906586 269.9807929706958 -30.216382769235434 51.25111037828008 256.80125214015504 -999.0 5400.0 -999.0 1 446 {-999.0 -999.0 -999.0 -999.0 -999.0} "" -999.0 -999.0 -999.0 -999.0 -999 -999 "" "" "" "" 0 0 0.0 0.0 -999 ""
FIBERMAP 632 R-6C1 METROLOGY 0 0 0 1 0 0 -233.85892578045835 -127.52155542913056 143.1 127.90437758553655 -233.64041581150317 246.05914 100.43355 -999.0 -999.0 -999.0 -999.0 -999.0 269.8749591837258 -30.21136930747271 269.97892820877314 -30.21496294586939 51.2492797446702 256.80304643371505 -999.0 6231.0 -999.0 -1 -999 {-999.0 -999.0 -999.0 -999.0 -999.0} "" -999.0 -999.0 -999.0 -999.0 -999 -999 "" "" "" "" 0 0 0.0 0.0 -999 ""
FIBERMAP 633 R+7C5 APOGEE 1 1 0 1 0 0 -132.56660925862377 139.18750312642953 143.1 -138.9636914753811 -132.79263332038016 130.1837 144.27551 268.94261818738676 -29.904432955302724 -2.614126 -3.7238069 -0.10460098 268.9426051512163 -29.904452228308738 269.04559765356197 -29.910644847751417 50.40042026841367 257.05105942776123 16000.0 16600.0 2016.0 2 34 {-999.0 -999.0 -999.0 -999.0 -999.0} "" -999.0 17.500084 -999.0 9.983 63050395285052058 1151487089 bright_1x1 mwm_galactic_core_dist_apogee_sparse mwm_galactic science 0 0 0.0 0.0 -999 ""
FIBERMAP 633 R+7C5 BOSS 0 0 0 1 0 0 -132.59911836472563 139.9318847099028 143.1 -139.70799532604062 -132.82637297523087 130.1837 144.27551 -999.0 -999.0 -999.0 -999.0 -999.0 268.9397581062118 -29.90453969704206 269.042952809843 -29.91077246346845 50.3981895042766 257.05020618928523 -999.0 5400.0 -999.0 1 57 {-999.0 -999.0 -999.0 -999.0 -999.0} "" -999.0 -999.0 -999.0 -999.0 -999 -999 "" "" "" "" 0 0 0.0 0.0 -999 ""
FIBERMAP 633 R+7C5 METROLOGY 0 0 0 1 0 0 -131.95034069661835 139.6056118262235 143.1 -139.3828063540529 -132.177076352351 130.1837 144.27551 -999.0 -999.0 -999.0 -999.0 -999.0 268.9409387865095 -29.9026127920911 269.0440692471738 -29.90883355739296 50.39878707778147 257.05347388638774 -999.0 6231.0 -999.0 -1 -999 {-999.0 -999.0 -999.0 -999.0 -999.0} "" -999.0 -999.0 -999.0 -999.0 -999 -999 "" "" "" "" 0 0 0.0 0.0 -999 ""
FIBERMAP 634 R+2C21 APOGEE 1 1 0 1 0 0 167.8877760561625 27.19255949603317 143.1 -27.469458498000034 167.83738466942563 248.1878 92.656586 269.3365194405893 -28.995057547085924 -5.6422577 -5.5826244 0.15426202 269.3364892848275 -28.995065759746755 269.43613738034236 -29.00036927130658 50.56054955404567 258.55725111890075 16000.0 16600.0 2016.0 2 73 {-999.0 21.209936 20.779413 15.190138 -999.0} sdss_psfmag_gaia 18.792877 15.656753 13.9713125 8.969 63050395309288921 1154575318 bright_1x1 mwm_galactic_core_dist_apogee_sparse mwm_galactic science 0 0 0.0 0.0 -999 ""
FIBERMAP 634 R+2C21 BOSS 0 0 0 1 0 0 167.19773820652347 27.48094295131306 143.1 -27.75669099463172 167.14689188113582 248.1878 92.656586 -999.0 -999.0 -999.0 -999.0 -999.0 269.3352737161684 -28.997049983243112 269.4351266526436 -29.00239150051338 50.560085887670986 258.55385451557544 -999.0 5400.0 -999.0 1 231 {-999.0 -999.0 -999.0 -999.0 -999.0} "" -999.0 -999.0 -999.0 -999.0 -999 -999 "" "" "" "" 0 0 0.0 0.0 -999 ""
FIBERMAP 634 R+2C21 METROLOGY 0 0 0 1 0 0 167.7864283427023 27.928713536208647 143.1 -28.205421175150448 167.73482223430773 248.1878 92.656586 -999.0 -999.0 -999.0 -999.0 -999.0 269.3337791317345 -28.995258081198454 269.4335702263458 -29.000594133732648 50.558394018340095 258.55620048616413 -999.0 6231.0 -999.0 -1 -999 {-999.0 -999.0 -999.0 -999.0 -999.0} "" -999.0 -999.0 -999.0 -999.0 -999 -999 "" "" "" "" 0 0 0.0 0.0 -999 ""
FIBERMAP 636 R-3C16 APOGEE 1 1 0 1 0 0 90.28127287316974 -52.038425044309484 143.1 51.88737882352392 90.36446727299871 30.180222 115.45644 269.61135864257807 -29.23034711919857 -999.0 -999.0 -999.0 269.6113845451683 -29.23033580503084 269.7117826648683 -29.234836557675226 50.84265655247104 258.26878515191487 16000.0 16600.0 2015.5 2 220 {-999.0 -999.0 -999.0 -999.0 -999.0} "" -999.0 -999.0 -999.0 -999.0 27021603147277096 848879206 "" ops_sky_apogee_good ops_sky sky_apogee 0 0 0.0 0.0 -999 ""
FIBERMAP 636 R-3C16 BOSS 0 0 0 1 0 0 90.91048104969853 -52.45429452458333 143.1 52.302193888017975 90.99434327322457 30.180222 115.45644 -999.0 -999.0 -999.0 -999.0 -999.0 269.61266599662264 -29.22834443727216 269.71325290269306 -29.232875783095814 50.843536938571056 258.2722241485925 -999.0 5400.0 -999.0 1 317 {-999.0 -999.0 -999.0 -999.0 -999.0} "" -999.0 -999.0 -999.0 -999.0 -999 -999 "" "" "" "" 0 0 0.0 0.0 -999 ""
FIBERMAP 636 R-3C16 METROLOGY 0 0 0 1 0 0 90.237690327759 -52.78809462041138 143.1 52.637096391894765 90.32212647320279 30.180222 115.45644 -999.0 -999.0 -999.0 -999.0 -999.0 269.6138900209725 -29.23038618702497 269.7144281832619 -29.234904196455734 50.8449347506089 258.26938564098657 -999.0 6231.0 -999.0 -1 -999 {-999.0 -999.0 -999.0 -999.0 -999.0} "" -999.0 -999.0 -999.0 -999.0 -999 -999 "" "" "" "" 0 0 0.0 0.0 -999 ""
FIBERMAP 642 R-2C18 APOGEE 0 0 0 1 0 0 90.57235854136556 -42.65592644287109 143.1 42.504700438269374 90.64002004184762 260.3006 27.670668 -999.0 -999.0 -999.0 -999.0 -999.0 269.57875576303854 -29.229436497376316 269.6791602845104 -29.234026836682137 50.81456869627316 258.2613406985278 -999.0 16600.0 -999.0 2 -999 {-999.0 -999.0 -999.0 -999.0 -999.0} "" -999.0 -999.0 -999.0 -999.0 -999 -999 "" "" "" "" 0 0 0.0 0.0 -999 ""
FIBERMAP 642 R-2C18 BOSS 1 1 0 1 0 0 90.34591704189108 -41.933474085803674 143.1 41.78264597368361 90.4123905145421 260.3006 27.670668 269.57565378466046 -29.230043484756226 1.4766718 0.10190527 0.49998388 269.57607393281336 -29.230036825349618 269.6766777862957 -29.23466813281512 50.81256708195704 258.25968255135956 5400.0 5400.0 2016.0 1 299 {-999.0 11.777176 11.547471 11.468643 -999.0} sdss_psfmag_from_g3xp 11.767019 11.528068 11.105654 10.365 63050395307954236 1068454637 bright_3x1 mwm_ob_core_boss mwm_ob science 0 0 1.2184089422225952 0.0 -999 ""
FIBERMAP 642 R-2C18 METROLOGY 0 0 0 1 0 0 91.07161456221179 -42.09893304753781 143.1 41.94689893144518 91.13833844530204 260.3006 27.670668 -999.0 -999.0 -999.0 -999.0 -999.0 269.5767090132461 -29.227837350845686 269.6772492313909 -29.232457822808602 50.81262932698992 258.2632672251581 -999.0 6231.0 -999.0 -1 -999 {-999.0 -999.0 -999.0 -999.0 -999.0} "" -999.0 -999.0 -999.0 -999.0 -999 -999 "" "" "" "" 0 0 0.0 0.0 -999 ""
FIBERMAP 643 R+9C3 APOGEE 1 1 0 1 0 0 -137.14530765933702 190.5866252939694 143.1 -190.35358464681426 -137.456225326982 96.87536 75.62521 268.76351131156616 -29.916861906289512 -2.9058092 -5.0819387 0.057110306 268.7635037891009 -29.916876962256588 268.8665906703096 -29.92355824164932 50.25024303886652 256.98673802478544 16000.0 16600.0 2016.0 2 35 {-999.0 16.768429 14.98974 13.213813 -999.0} sdss_psfmag_from_g3xp 15.92425 13.972165 12.552689 9.093 63050395285032382 1152062045 bright_1x1 mwm_galactic_core_dist_apogee_sparse mwm_galactic science 0 0 0.0 0.0 -999 ""
FIBERMAP 643 R+9C3 BOSS 0 0 0 1 0 0 -136.37640939442747 190.4898669407969 143.1 -190.25810156411467 -136.6871917079071 96.87536 75.62521 -999.0 -999.0 -999.0 -999.0 -999.0 268.76361852156634 -29.91454314038476 268.86689913322084 -29.921257247571788 50.25008430052065 256.99035218612596 -999.0 5400.0 -999.0 1 59 {-999.0 -999.0 -999.0 -999.0 -999.0} "" -999.0 -999.0 -999.0 -999.0 -999 -999 "" "" "" "" 0 0 0.0 0.0 -999 ""
FIBERMAP 643 R+9C3 METROLOGY 0 0 0 1 0 0 -136.86035090761627 189.90185114385494 143.1 -189.6693039917996 -137.17014476915602 96.87536 75.62521 -999.0 -999.0 -999.0 -999.0 -999.0 268.7656778448151 -29.916054908200703 268.86890602472056 -29.92275378942092 50.25206842327489 256.98854972143874 -999.0 6231.0 -999.0 -1 -999 {-999.0 -999.0 -999.0 -999.0 -999.0} "" -999.0 -999.0 -999.0 -999.0 -999 -999 "" "" "" "" 0 0 0.0 0.0 -999 ""
FIBERMAP 646 R-9C11 APOGEE 1 1 0 1 0 0 35.35374964057965 -158.3208518857226 143.1 158.25726539938623 35.614557435812834 107.383804 89.65297 269.98119340556843 -29.396557195094914 1.6228522 -2.8600702 0.09455407 269.98120190692885 -29.396612906812987 270.08207917695415 -29.40006565760248 51.191077221996075 258.1086535330493 16000.0 16600.0 2016.0 2 164 {-999.0 18.256056 16.27949 14.200064 -999.0} sdss_psfmag_gaia 16.886555 14.935559 13.617651 10.355 63050395307498599 1154569179 bright_1x1 mwm_galactic_core_dist_apogee_sparse mwm_galactic science 0 0 0.0 0.0 -999 ""
FIBERMAP 646 R-9C11 BOSS 0 0 0 1 0 0 36.05725563346181 -158.07656788820267 143.1 158.01182529515268 36.31763662491714 107.383804 89.65297 -999.0 -999.0 -999.0 -999.0 -999.0 269.9802234471583 -29.394434200449655 270.08128759125657 -29.397922461000785 51.18999737901782 258.11180569393304 -999.0 5400.0 -999.0 1 397 {-999.0 -999.0 -999.0 -999.0 -999.0} "" -999.0 -999.0 -999.0 -999.0 -999 -999 "" "" "" "" 0 0 0.0 0.0 -999 ""
FIBERMAP 646 R-9C11 METROLOGY 0 0 0 1 0 0 35.912052529074735 -158.82145413067454 143.1 158.75692781705683 36.173670621029316 107.383804 89.65297 -999.0 -999.0 -999.0 -999.0 -999.0 269.9828875083049 -29.394873729702535 270.08389733203757 -29.398345423563892 51.19231004031535 258.1118241430413 -999.0 6231.0 -999.0 -1 -999 {-999.0 -999.0 -999.0 -999.0 -999.0} "" -999.0 -999.0 -999.0 -999.0 -999 -999 "" "" "" "" 0 0 0.0 0.0 -999 ""
FIBERMAP 651 R-2C19 APOGEE 1 1 0 1 0 0 142.24153334407197 -23.843754270411146 143.1 23.607645725552942 142.27640758825433 90.84439 83.431274 269.51337548076174 -29.07284242482378 -0.27880165 -3.0810673 1.0780381 269.5133943426382 -29.072853096432375 269.61326505475637 -29.077655473715957 50.7276431237251 258.4861173130878 16000.0 16600.0 2016.0 2 240 {-999.0 8.818032 9.08433 9.274173 -999.0} sdss_psfmag_from_g3xp 8.934687 8.957255 8.955661 9.0 63050395309250620 975031073 "" ops_std_apogee ops_std standard_apogee 0 0 0.0 0.0 -999 ""
FIBERMAP 651 R-2C19 BOSS 0 0 0 1 0 0 142.97052146782679 -23.89591741897209 143.1 23.65860107035681 143.00545856635787 90.84439 83.431274 -999.0 -999.0 -999.0 -999.0 -999.0 269.5133921689964 -29.070547439329978 269.61345132405705 -29.07538478366399 50.72735602528597 258.48968494144606 -999.0 5400.0 -999.0 1 303 {-999.0 -999.0 -999.0 -999.0 -999.0} "" -999.0 -999.0 -999.0 -999.0 -999 -999 "" "" "" "" 0 0 0.0 0.0 -999 ""
FIBERMAP 651 R-2C19 METROLOGY 0 0 0 1 0 0 142.55742770556498 -24.52075858081112 143.1 24.284105603892257 142.5934119052695 90.84439 83.431274 -999.0 -999.0 -999.0 -999.0 -999.0 269.51561955973074 -29.071793755646404 269.61562674342514 -29.076614958182848 50.72946215016536 258.48837041873253 -999.0 6231.0 -999.0 -1 -999 {-999.0 -999.0 -999.0 -999.0 -999.0} "" -999.0 -999.0 -999.0 -999.0 -999 -999 "" "" "" "" 0 0 0.0 0.0 -999 ""
FIBERMAP 652 R-4C22 APOGEE 0 0 0 1 0 0 235.21925063400025 -77.53074968854177 143.1 77.13908056809412 235.3399601300722 342.9476 132.87672 -999.0 -999.0 -999.0 -999.0 -999.0 269.6988300418896 -28.792522958653397 269.7976610103413 -28.796876406101177 50.829864297116615 258.9720987689052 -999.0 16600.0 -999.0 2 -999 {-999.0 -999.0 -999.0 -999.0 -999.0} "" -999.0 -999.0 -999.0 -999.0 -999 -999 "" "" "" "" 0 0 0.0 0.0 -999 ""
FIBERMAP 652 R-4C22 BOSS 1 1 0 1 0 0 235.5849362570497 -78.20678585596887 143.1 77.8144899539458 235.70675250510828 342.9476 132.87672 269.7009413045763 -28.791341203831305 12.694606 -13.755384 -0.47377846 269.7009710549403 -28.79137216224689 269.79999247453304 -28.795755188200523 50.831639419160545 258.9744896990928 5400.0 5400.0 2016.0 1 278 {-999.0 17.114859 15.981661 15.508292 -999.0} sdss_psfmag_gaia 15.41912 15.979727 13.843239 11.801 63050395309480144 1093413919 bright_3x1 mwm_astar_core_boss mwm_ob science 0 0 0.0 0.0 -999 ""
FIBERMAP 652 R-4C22 METROLOGY 0 0 0 1 0 0 234.81361029491978 -78.15920345144465 143.1 77.7681852546397 234.93537262951997 342.9476 132.87672 -999.0 -999.0 -999.0 -999.0 -999.0 269.7008858783416 -28.793659550274864 269.7998600460255 -28.798032345443207 50.831984846615654 258.9709213029179 -999.0 6231.0 -999.0 -1 -999 {-999.0 -999.0 -999.0 -999.0 -999.0} "" -999.0 -999.0 -999.0 -999.0 -999 -999 "" "" "" "" 0 0 0.0 0.0 -999 ""
FIBERMAP 653 R+5C11 APOGEE 1 1 0 1 0 0 5.079949010551253 101.42362631299034 143.1 -101.42876851984057 4.911978134565788 42.146587 87.13157 269.07625018632405 -29.48786868561626 -4.5668817 -3.6017148 0.23188439 269.0762446245512 -29.48788958472334 269.1777107737525 -29.493802958635285 50.435460634487455 257.72736211085027 16000.0 16600.0 2016.0 2 142 {-999.0 19.790972 16.913942 14.734939 -999.0} sdss_psfmag_ps1 17.724842 15.124479 13.668946 9.872 63050395286622611 1153392339 bright_1x1 mwm_galactic_core_dist_apogee_sparse mwm_galactic science 0 0 0.0 0.0 -999 ""
FIBERMAP 653 R+5C11 BOSS 0 0 0 1 0 0 5.5282172317913485 100.83051674509962 143.1 -100.83641970047388 5.361213247460669 42.146587 87.13157 -999.0 -999.0 -999.0 -999.0 -999.0 269.0780534842472 -29.486499458957674 269.1797138549102 -29.49244186199996 50.43691322343967 257.7299809768926 -999.0 5400.0 -999.0 1 143 {-999.0 -999.0 -999.0 -999.0 -999.0} "" -999.0 -999.0 -999.0 -999.0 -999 -999 "" "" "" "" 0 0 0.0 0.0 -999 ""
FIBERMAP 653 R+5C11 METROLOGY 0 0 0 1 0 0 4.791359662809176 100.73640071195067 143.1 -100.74108754903027 4.624535099172497 42.146587 87.13157 -999.0 -999.0 -999.0 -999.0 -999.0 269.0784151913442 -29.488746845031685 269.1800268682767 -29.49467822905096 50.437606301202315 257.7266153505841 -999.0 6231.0 -999.0 -1 -999 {-999.0 -999.0 -999.0 -999.0 -999.0} "" -999.0 -999.0 -999.0 -999.0 -999 -999 "" "" "" "" 0 0 0.0 0.0 -999 ""
FIBERMAP 656 R+4C4 APOGEE 0 0 0 1 0 0 -169.0514150983406 73.45965949246532 143.1 -73.1775973686702 -169.16751742992435 321.45688 132.87224 -999.0 -999.0 -999.0 -999.0 -999.0 269.17189413182655 -30.016044407469828 269.2752231533978 -30.021584902906863 50.61612603692567 256.9360302687111 -999.0 16600.0 -999.0 2 -999 {-999.0 -999.0 -999.0 -999.0 -999.0} "" -999.0 -999.0 -999.0 -999.0 -999 -999 "" "" "" "" 0 0 0.0 0.0 -999 ""
FIBERMAP 656 R+4C4 BOSS 1 1 0 1 0 0 -169.0066838963465 72.72758988291355 143.1 -72.44562531757836 -169.12157644276328 321.45688 132.87224 269.17421354608695 -30.01596301008647 3.4279816 2.4578516 1.05364 269.17422764722136 -30.01594494940367 269.2777555265218 -30.021510553752332 50.61826993695567 256.93676413278206 5400.0 5400.0 2016.0 1 37 {-999.0 14.810117 14.327095 14.165715 -999.0} sdss_psfmag_from_g3xp 14.70186 14.356761 13.812323 12.861 63050395284930584 981656619 "" ops_std_boss_tic ops_std standard_boss 0 0 0.0 0.0 -999 ""
FIBERMAP 656 R+4C4 METROLOGY 0 0 0 1 0 0 -169.66592936391896 73.03319679281059 143.1 -72.75013166139475 -169.78130633609666 321.45688 132.87224 -999.0 -999.0 -999.0 -999.0 -999.0 269.1731988611116 -30.017962753691073 269.2766776596413 -30.023521829689184 50.617711735782066 256.93338214219347 -999.0 6231.0 -999.0 -1 -999 {-999.0 -999.0 -999.0 -999.0 -999.0} "" -999.0 -999.0 -999.0 -999.0 -999 -999 "" "" "" "" 0 0 0.0 0.0 -999 ""
FIBERMAP 657 R-1C7 APOGEE 1 1 0 1 0 0 -131.06553473836857 -17.63326690586671 143.1 17.849550268449384 -131.0321439222938 19.027067 104.54004 269.4910101723859 -29.90195866892482 -999.0 -999.0 -999.0 269.4909779441243 -29.901945392782256 269.59380488493355 -29.90663504124339 50.86703446111489 257.1929543963051 16000.0 16600.0 2016.0 2 280 {-999.0 -999.0 -999.0 -999.0 -999.0} "" -999.0 19.456333 -999.0 8.589 63050395284757771 1151486979 bright_1x1 mwm_galactic_core_dist_apogee_sparse mwm_galactic science 0 0 0.0 0.0 -999 ""
FIBERMAP 657 R-1C7 BOSS 0 0 0 1 0 0 -130.64822597948464 -18.267187633680564 143.1 18.48276015795722 -130.61379975293022 19.027067 104.54004 -999.0 -999.0 -999.0 -999.0 -999.0 269.4930108833182 -29.90071507326222 269.5960306643577 -29.905430738739415 50.86871604431841 257.1953809304855 -999.0 5400.0 -999.0 1 460 {-999.0 -999.0 -999.0 -999.0 -999.0} "" -999.0 -999.0 -999.0 -999.0 -999 -999 "" "" "" "" 0 0 0.0 0.0 -999 ""
FIBERMAP 657 R-1C7 METROLOGY 0 0 0 1 0 0 -131.39799834406242 -18.308875596381473 143.1 18.5256872932919 -131.36347902467395 19.027067 104.54004 -999.0 -999.0 -999.0 -999.0 -999.0 269.4932119793927 -29.903008495727324 269.596183869761 -29.90771424381857 50.86925699314501 257.1918593134641 -999.0 6231.0 -999.0 -1 -999 {-999.0 -999.0 -999.0 -999.0 -999.0} "" -999.0 -999.0 -999.0 -999.0 -999 -999 "" "" "" "" 0 0 0.0 0.0 -999 ""
FIBERMAP 658 R-3C12 APOGEE 1 1 0 1 0 0 -12.310802710476755 -78.46576072767535 143.1 78.48360505570514 -12.180583484179074 320.56445 52.408108 269.7037041078931 -29.54166282967488 -3.6725545 2.634884 0.34802666 269.7037061944807 -29.541687180512607 269.8051822849486 -29.54586951546163 50.98151794818935 257.80889081075173 16000.0 16600.0 2016.0 2 177 {-999.0 14.975584 13.172506 12.311879 -999.0} sdss_psfmag_from_g3xp 14.129095 12.937274 11.843579 9.138 63050395307746936 1152069613 bright_1x1 mwm_galactic_core_dist_apogee_sparse mwm_galactic science 0 0 0.0 0.0 -999 ""
FIBERMAP 658 R-3C12 BOSS 0 0 0 1 0 0 -13.028429709162301 -78.59895793393098 143.1 78.61798530569135 -12.897967020195505 320.56445 52.408108 -999.0 -999.0 -999.0 -999.0 -999.0 269.70403030561766 -29.543840244465258 269.80571008441973 -29.548053545087964 50.98237548362383 257.80561799960503 -999.0 5400.0 -999.0 1 421 {-999.0 -999.0 -999.0 -999.0 -999.0} "" -999.0 -999.0 -999.0 -999.0 -999 -999 "" "" "" "" 0 0 0.0 0.0 -999 ""
FIBERMAP 658 R-3C12 METROLOGY 0 0 0 1 0 0 -12.788131154871367 -77.88572482733088 143.1 77.90437756405349 -12.658856254747212 320.56445 52.408108 -999.0 -999.0 -999.0 -999.0 -999.0 269.70160541876953 -29.54312315588989 269.80322779291413 -29.54733410076139 50.98011987152857 257.80610258226363 -999.0 6231.0 -999.0 -1 -999 {-999.0 -999.0 -999.0 -999.0 -999.0} "" -999.0 -999.0 -999.0 -999.0 -999 -999 "" "" "" "" 0 0 0.0 0.0 -999 ""
FIBERMAP 659 R+7C14 APOGEE 1 1 0 1 0 0 58.193821197222334 137.9189753203382 143.1 -138.0108215028535 57.96375941373259 227.78098 50.31413 268.95038387833773 -29.32620413496463 -3.6521006 -4.94367 0.15182969 268.95034563987446 -29.32624646119189 269.05127327253257 -29.332538937474446 50.296369745045084 257.9422590474718 16000.0 16600.0 2016.0 2 94 {-999.0 17.499174 15.223586 14.302413 -999.0} sdss_psfmag_ps1 16.223566 14.647771 13.431736 10.343 63050395286667867 1153392394 bright_1x1 mwm_galactic_core_dist_apogee_sparse mwm_galactic science 0 0 0.0 0.0 -999 ""
FIBERMAP 659 R+7C14 BOSS 0 0 0 1 0 0 58.08821224162398 138.6618646753028 143.1 -138.75351222781418 57.85692472983959 227.78098 50.31413 -999.0 -999.0 -999.0 -999.0 -999.0 268.94749456669103 -29.326495187757626 269.04862410202645 -29.33282998974057 50.29416073029762 257.94110997527446 -999.0 5400.0 -999.0 1 167 {-999.0 -999.0 -999.0 -999.0 -999.0} "" -999.0 -999.0 -999.0 -999.0 -999 -999 "" "" "" "" 0 0 0.0 0.0 -999 ""
FIBERMAP 659 R+7C14 METROLOGY 0 0 0 1 0 0 58.78520545982321 138.38841583669347 143.1 -138.4812253752242 58.554347953315855 227.78098 50.31413 -999.0 -999.0 -999.0 -999.0 -999.0 268.9484983806193 -29.324388816567453 269.0495634214925 -29.33071151825323 50.29455253395697 257.944611906602 -999.0 6231.0 -999.0 -1 -999 {-999.0 -999.0 -999.0 -999.0 -999.0} "" -999.0 -999.0 -999.0 -999.0 -999 -999 "" "" "" "" 0 0 0.0 0.0 -999 ""
FIBERMAP 662 R+12C15 APOGEE 1 1 0 1 0 0 138.37074833345588 220.43006936714423 143.1 -220.65191563268502 138.0015910679015 294.24738 11.151069 268.6676604666928 -29.08259455100116 -2.0847912 -5.250913 0.12117704 268.6675261996014 -29.082501879623116 268.76767080969796 -29.08962107727316 50.005762960136195 258.2376730980351 16000.0 16600.0 2016.0 2 109 {-999.0 17.89758 15.424213 14.044941 -999.0} sdss_psfmag_ps1 16.479067 14.588658 13.284459 9.87 63050395287164209 1153394979 bright_1x1 mwm_galactic_core_dist_apogee_sparse mwm_galactic science 0 0 0.0 0.0 -999 ""
FIBERMAP 662 R+12C15 BOSS 0 0 0 1 0 0 137.9134853633536 221.02517222005906 143.1 -221.2462427909587 137.54335819756363 294.24738 11.151069 -999.0 -999.0 -999.0 -999.0 -999.0 268.66525264114705 -29.08383426054904 268.7656041266408 -29.090995450077184 50.004269137009295 258.2350148731509 -999.0 5400.0 -999.0 1 187 {-999.0 -999.0 -999.0 -999.0 -999.0} "" -999.0 -999.0 -999.0 -999.0 -999 -999 "" "" "" "" 0 0 0.0 0.0 -999 ""
FIBERMAP 662 R+12C15 METROLOGY 0 0 0 1 0 0 138.6706584965935 221.120526500555 143.1 -221.34284676243223 138.30034920787745 294.24738 11.151069 -999.0 -999.0 -999.0 -999.0 -999.0 268.6649661155178 -29.081532843345606 268.7652524478879 -29.088685096067184 50.00350489992897 258.23844061284126 -999.0 6231.0 -999.0 -1 -999 {-999.0 -999.0 -999.0 -999.0 -999.0} "" -999.0 -999.0 -999.0 -999.0 -999 -999 "" "" "" "" 0 0 0.0 0.0 -999 ""
FIBERMAP 666 R-7C1 APOGEE 1 1 0 1 0 0 -214.15589749199103 -155.43017538704817 143.1 155.77950069515725 -213.89184596358405 314.52078 58.93853 269.97256769492475 -30.151536913710512 -5.344408 -1.4528004 -0.019457435 269.97255812404353 -30.151560489008506 270.07614116653934 -30.15487819985748 51.32175906795097 256.9207374471909 16000.0 16600.0 2016.0 2 275 {-999.0 18.140902 16.21287 14.741064 -999.0} sdss_psfmag_gaia 16.845293 15.462436 14.035055 10.952 63050395230390559 1154351132 bright_1x1 mwm_galactic_core_dist_apogee_sparse mwm_galactic science 0 0 0.0 0.0 -999 ""
FIBERMAP 666 R-7C1 BOSS 0 0 0 1 0 0 -214.88298013462344 -155.61293349872116 143.1 155.9634559008038 -214.6186028398412 314.52078 58.93853 -999.0 -999.0 -999.0 -999.0 -999.0 269.97299841744274 -30.15371355351804 270.07678454885996 -30.157059087716735 51.322681950349136 256.9174526319324 -999.0 5400.0 -999.0 1 447 {-999.0 -999.0 -999.0 -999.0 -999.0} "" -999.0 -999.0 -999.0 -999.0 -999 -999 "" "" "" "" 0 0 0.0 0.0 -999 ""
FIBERMAP 666 R-7C1 METROLOGY 0 0 0 1 0 0 -214.66925807290127 -154.89038496272318 143.1 155.24057700078342 -214.4060831245969 314.52078 58.93853 -999.0 -999.0 -999.0 -999.0 -999.0 269.9705680213517 -30.153135317959244 270.07429741937176 -30.156479281306503 51.320463792764365 256.91777517428346 -999.0 6231.0 -999.0 -1 -999 {-999.0 -999.0 -999.0 -999.0 -999.0} "" -999.0 -999.0 -999.0 -999.0 -999 -999 "" "" "" "" 0 0 0.0 0.0 -999 ""
FIBERMAP 670 R+9C6 APOGEE 1 1 0 1 0 0 -86.4768614998743 194.660498535865 143.1 -194.5111588158266 -86.79614941515204 179.25807 32.054325 268.75014882972573 -29.76352426492661 1.2750713 -3.6093159 0.07960018 268.75017823973735 -29.76355869289017 268.8527191220535 -29.770308571132023 50.210102098787964 257.2187009213855 16000.0 16600.0 2016.0 2 149 {-999.0 18.366556 16.078411 14.467972 -999.0} sdss_psfmag_ps1 17.011538 14.854222 13.468126 9.883 63050395286404801 1153390902 bright_1x1 mwm_galactic_core_dist_apogee_sparse mwm_galactic science 0 0 0.0 0.0 -999 ""
FIBERMAP 670 R+9C6 BOSS 0 0 0 1 0 0 -85.8445224410679 195.01822017817068 143.1 -194.869915168552 -86.16442255567046 179.25807 32.054325 -999.0 -999.0 -999.0 -999.0 -999.0 268.7486943988026 -29.761620292868415 268.8514307612062 -29.76840791653013 50.208649106786076 257.22129303227007 -999.0 5400.0 -999.0 1 153 {-999.0 -999.0 -999.0 -999.0 -999.0} "" -999.0 -999.0 -999.0 -999.0 -999 -999 "" "" "" "" 0 0 0.0 0.0 -999 ""
FIBERMAP 670 R+9C6 METROLOGY 0 0 0 1 0 0 -85.82801265944173 194.3042346016515 143.1 -194.15597987583564 -86.14673200143105 179.25807 32.054325 -999.0 -999.0 -999.0 -999.0 -999.0 268.7511985129704 -29.761612771714795 268.853876899965 -29.768384096245807 50.21073079761703 257.2219480451357 -999.0 6231.0 -999.0 -1 -999 {-999.0 -999.0 -999.0 -999.0 -999.0} "" -999.0 -999.0 -999.0 -999.0 -999 -999 "" "" "" "" 0 0 0.0 0.0 -999 ""
FIBERMAP 679 R+6C12 APOGEE 0 0 0 1 0 0 32.306000724688445 121.07759073363769 143.1 -121.12714675516953 32.10463613495241 7.9569993 133.55771 -999.0 -999.0 -999.0 -999.0 -999.0 269.00831980209153 -29.404998054024095 269.109510522097 -29.411115050185334 50.361350894322776 257.83685870443526 -999.0 16600.0 -999.0 2 -999 {-999.0 -999.0 -999.0 -999.0 -999.0} "" -999.0 -999.0 -999.0 -999.0 -999 -999 "" "" "" "" 0 0 0.0 0.0 -999 ""
FIBERMAP 679 R+6C12 BOSS 1 1 0 1 0 0 32.900727066140696 120.59413143223117 143.1 -120.64468699292358 32.70014323807861 7.9569993 133.55771 269.0097491127913 -29.40311129348465 -1.8838351 -4.097124 0.14013065 269.0097426752211 -29.403148944081995 269.1111263912564 -29.40929657347741 50.36238244737721 257.84008046302887 5400.0 5400.0 2016.0 1 122 {-999.0 17.464441 15.62045 14.998546 -999.0} sdss_psfmag_ps1 16.547325 15.385607 14.232536 11.604 63050395286656416 1093354753 bright_3x1 mwm_astar_core_boss mwm_ob science 0 0 0.0 0.0 -999 ""
FIBERMAP 679 R+6C12 METROLOGY 0 0 0 1 0 0 32.20433938689601 120.33653527741707 143.1 -120.3859469370267 32.004204158860446 7.9569993 133.55771 -999.0 -999.0 -999.0 -999.0 -999.0 269.0106674361559 -29.40527203298646 269.11200176108065 -29.411406997571735 50.36353668996231 257.8370638782234 -999.0 6231.0 -999.0 -1 -999 {-999.0 -999.0 -999.0 -999.0 -999.0} "" -999.0 -999.0 -999.0 -999.0 -999 -999 "" "" "" "" 0 0 0.0 0.0 -999 ""
FIBERMAP 680 R-6C10 APOGEE 0 0 0 1 0 0 -22.542125179515953 -106.42798737075844 143.1 106.46186012047362 -22.365312749406435 62.286194 142.72855 -999.0 -999.0 -999.0 -999.0 -999.0 269.80123623282003 -29.57261781602847 269.9027935815159 -29.57652645729296 51.07063687886651 257.7860408789805 -999.0 16600.0 -999.0 2 -999 {-999.0 -999.0 -999.0 -999.0 -999.0} "" -999.0 -999.0 -999.0 -999.0 -999 -999 "" "" "" "" 0 0 0.0 0.0 -999 ""
FIBERMAP 680 R-6C10 BOSS 1 1 0 1 0 0 -21.86919683578792 -106.12183637015549 143.1 106.15460559468669 -21.692912586030754 62.286194 142.72855 269.8000229752982 -29.570542874885238 0.96219707 -0.9752079 0.92013526 269.80003638998124 -29.570556662052383 269.9017823472004 -29.57450105055441 51.069397896888475 257.78894959631066 5400.0 5400.0 2016.0 1 411 {-999.0 16.346733 15.655039 15.787807 -999.0} sdss_psfmag_ps1 16.072273 15.641485 15.018488 -999.0 63050395307434427 981873132 "" ops_std_boss_tic ops_std standard_boss 0 0 0.0 0.0 -999 ""
FIBERMAP 680 R-6C10 METROLOGY 0 0 0 1 0 0 -21.930569585127024 -106.85868212550675 143.1 106.89152918908893 -21.753064234739437 62.286194 142.72855 -999.0 -999.0 -999.0 -999.0 -999.0 269.80267255414384 -29.57074986875644 269.9043629735487 -29.574677914980278 51.071636279694076 257.7893338036934 -999.0 6231.0 -999.0 -1 -999 {-999.0 -999.0 -999.0 -999.0 -999.0} "" -999.0 -999.0 -999.0 -999.0 -999 -999 "" "" "" "" 0 0 0.0 0.0 -999 ""
FIBERMAP 682 R-8C1 APOGEE 1 1 0 1 0 0 -208.5698926324024 -165.72613363689962 143.1 166.06588557769885 -208.28898592573822 232.53474 121.93874 270.00845830158136 -30.134513483957395 0.044230253 -1.4333619 0.08625096 270.00847215243294 -30.134526139397195 270.11198284864304 -30.13774904728144 51.34934511919479 256.9562784769147 16000.0 16600.0 2016.0 2 257 {-999.0 16.859535 14.713087 12.740793 -999.0} sdss_psfmag_from_g3xp 15.812654 13.441706 12.0635805 8.523 63050395230401963 1151995447 bright_1x1 mwm_galactic_core_dist_apogee_sparse mwm_galactic science 0 0 0.0 0.0 -999 ""
FIBERMAP 682 R-8C1 BOSS 0 0 0 1 0 0 -209.3024939708579 -165.646426455509 143.1 165.9873930642602 -209.02169557447448 232.53474 121.93874 -999.0 -999.0 -999.0 -999.0 -999.0 270.00799625196953 -30.136700477841046 270.11171016066635 -30.139953715482626 51.349492127978074 256.95273625032246 -999.0 5400.0 -999.0 1 527 {-999.0 -999.0 -999.0 -999.0 -999.0} "" -999.0 -999.0 -999.0 -999.0 -999 -999 "" "" "" "" 0 0 0.0 0.0 -999 ""
FIBERMAP 682 R-8C1 METROLOGY 0 0 0 1 0 0 -208.88170775418945 -165.0431165722072 143.1 165.38340638930455 -208.60192108249626 232.53474 121.93874 -999.0 -999.0 -999.0 -999.0 -999.0 270.00598582493757 -30.135496586935474 270.1096406793145 -30.13874723515154 51.34752154186474 256.9541461177983 -999.0 6231.0 -999.0 -1 -999 {-999.0 -999.0 -999.0 -999.0 -999.0} "" -999.0 -999.0 -999.0 -999.0 -999 -999 "" "" "" "" 0 0 0.0 0.0 -999 ""
FIBERMAP 684 R-12C13 APOGEE 0 0 0 1 0 0 97.72835996725163 -247.61123380222742 143.1 247.44157488867322 98.1348940082492 282.33215 48.563095 -999.0 -999.0 -999.0 -999.0 -999.0 270.288470663752 -29.207030562834717 270.38858257654465 -29.209682012538067 51.41755391492127 258.4884968503208 -999.0 16600.0 -999.0 2 -999 {-999.0 -999.0 -999.0 -999.0 -999.0} "" -999.0 -999.0 -999.0 -999.0 -999 -999 "" "" "" "" 0 0 0.0 0.0 -999 ""
FIBERMAP 684 R-12C13 BOSS 1 1 0 1 0 0 97.08061554151273 -247.2542477176864 143.1 247.0856719943088 97.48657977888176 282.33215 48.563095 270.2870178222656 -29.208976885439995 -999.0 -999.0 -999.0 270.2870692879826 -29.208957645431106 270.38738074920707 -29.21164504898177 51.4168975594956 258.4850866438362 5400.0 5400.0 2015.5 1 429 {-999.0 -999.0 -999.0 -999.0 -999.0} "" -999.0 -999.0 -999.0 -999.0 27021603147276474 852502525 "" ops_sky_boss_fallback ops_sky sky_boss 0 0 0.0 0.0 -999 ""
FIBERMAP 684 R-12C13 METROLOGY 0 0 0 1 0 0 97.72462917530449 -246.86324697213777 143.1 246.69361829306533 98.12992577683636 282.33215 48.563095 -999.0 -999.0 -999.0 -999.0 -999.0 270.2858121342007 -29.20700639349263 270.38606258985425 -29.209688439859903 51.415395779074125 258.4878156468026 -999.0 6231.0 -999.0 -1 -999 {-999.0 -999.0 -999.0 -999.0 -999.0} "" -999.0 -999.0 -999.0 -999.0 -999 -999 "" "" "" "" 0 0 0.0 0.0 -999 ""
FIBERMAP 686 R+8C2 APOGEE 0 0 0 1 0 0 -161.43354769398124 145.82088985950568 143.1 -145.54910388165362 -161.6696182158371 24.81517 52.549503 -999.0 -999.0 -999.0 -999.0 -999.0 268.9191339177264 -29.991515031208255 269.0224458925982 -29.997753823331138 50.39652035702117 256.9109631003412 -999.0 16600.0 -999.0 2 -999 {-999.0 -999.0 -999.0 -999.0 -999.0} "" -999.0 -999.0 -999.0 -999.0 -999 -999 "" "" "" "" 0 0 0.0 0.0 -999 ""
FIBERMAP 686 R+8C2 BOSS 1 1 0 1 0 0 -161.62173215843868 145.06126775725167 143.1 -144.78919486046397 -161.85653981635727 24.81517 52.549503 268.9215815205699 -29.9920972134501 -4.3087935 -2.3484483 0.20216554 268.9215450968666 -29.992104265297392 269.025059845863 -29.998368377118037 50.398857961808254 256.91065711917076 5400.0 5400.0 2016.0 1 71 {-999.0 17.93159 16.151388 15.050113 -999.0} sdss_psfmag_gaia 16.975945 15.731128 14.521591 11.241 63050395284995583 1093413761 bright_3x1 mwm_astar_core_boss mwm_ob science 0 0 0.0 0.0 -999 ""
FIBERMAP 686 R+8C2 METROLOGY 0 0 0 1 0 0 -162.14420559105272 145.58751554616754 143.1 -145.3145612776793 -162.37986712935805 24.81517 52.549503 -999.0 -999.0 -999.0 -999.0 -999.0 268.9197353422628 -29.993701334120605 269.0231992975262 -29.999960989597202 50.39756118414124 256.90774283972235 -999.0 6231.0 -999.0 -1 -999 {-999.0 -999.0 -999.0 -999.0 -999.0} "" -999.0 -999.0 -999.0 -999.0 -999 -999 "" "" "" "" 0 0 0.0 0.0 -999 ""
FIBERMAP 696 R+9C5 APOGEE 1 1 0 1 0 0 -109.31807268675782 160.12717236886783 143.1 -159.9411522929641 -109.57948973540236 266.36755 86.895744 268.8699400585845 -29.833609123708683 -2.180491 -5.125078 0.1892761 268.86992766172716 -29.833606713576945 268.9726862694615 -29.8400134807185 50.32531576622215 257.14172454828724 16000.0 16600.0 2016.0 2 45 {-999.0 22.775555 17.528696 15.092973 -999.0} sdss_psfmag_ps1 18.218838 15.192685 13.613697 9.319 63050395285079448 1153386410 bright_1x1 mwm_galactic_core_dist_apogee_sparse mwm_galactic science 0 0 0.0 0.0 -999 ""
FIBERMAP 696 R+9C5 BOSS 0 0 0 1 0 0 -110.06983430647685 160.16977296533366 143.1 -159.98250771407433 -110.33129765543733 266.36755 86.895744 -999.0 -999.0 -999.0 -999.0 -999.0 268.8695118379715 -29.83587947953995 268.9724801127763 -29.842319665780483 50.325565038259214 257.13812250743047 -999.0 5400.0 -999.0 1 80 {-999.0 -999.0 -999.0 -999.0 -999.0} "" -999.0 -999.0 -999.0 -999.0 -999 -999 "" "" "" "" 0 0 0.0 0.0 -999 ""
FIBERMAP 696 R+9C5 METROLOGY 0 0 0 1 0 0 -109.64502622088929 160.79779594773774 143.1 -160.61121334740665 -109.90754231224554 266.36755 86.895744 -999.0 -999.0 -999.0 -999.0 -999.0 268.8673621119331 -29.83460219384382 268.97026933784554 -29.84103926778609 50.32344427897609 257.139540110778 -999.0 6231.0 -999.0 -1 -999 {-999.0 -999.0 -999.0 -999.0 -999.0} "" -999.0 -999.0 -999.0 -999.0 -999 -999 "" "" "" "" 0 0 0.0 0.0 -999 ""
FIBERMAP 697 R-7C20 APOGEE 1 1 0 1 0 0 228.34828406614008 -123.87622043615977 143.1 123.49442859375246 228.54589412020255 85.10058 60.708443 269.8588125207716 -28.813337894914202 -5.94314 -2.8369882 0.14692539 269.8587736600874 -28.81335763807939 269.95763005618704 -28.81726863853144 50.97127441268074 258.9851094735737 16000.0 16600.0 2016.0 2 194 {-999.0 17.554737 15.647155 14.248902 -999.0} sdss_psfmag_gaia 16.463823 14.964838 13.718392 10.804 63050395308230401 1154571495 bright_1x1 mwm_galactic_core_dist_apogee_sparse mwm_galactic science 0 0 0.0 0.0 -999 ""
FIBERMAP 697 R-7C20 BOSS 0 0 0 1 0 0 228.94608226503226 -124.26516016590337 143.1 123.88236674246224 229.1443165973899 85.10058 60.708443 -999.0 -999.0 -999.0 -999.0 -999.0 269.8599116809671 -28.811521425799665 269.9589555266059 -28.815464526290114 50.97205046184753 258.98828606986723 -999.0 5400.0 -999.0 1 267 {-999.0 -999.0 -999.0 -999.0 -999.0} "" -999.0 -999.0 -999.0 -999.0 -999 -999 "" "" "" "" 0 0 0.0 0.0 -999 ""
FIBERMAP 697 R-7C20 METROLOGY 0 0 0 1 0 0 228.31471202088017 -124.61861848041389 143.1 124.23685830161483 228.51355146763416 85.10058 60.708443 -999.0 -999.0 -999.0 -999.0 -999.0 269.8612231613191 -28.813388541123143 269.9602181139799 -28.81731777899741 50.97350578878437 258.9857549131193 -999.0 6231.0 -999.0 -1 -999 {-999.0 -999.0 -999.0 -999.0 -999.0} "" -999.0 -999.0 -999.0 -999.0 -999 -999 "" "" "" "" 0 0 0.0 0.0 -999 ""
FIBERMAP 700 R+2C2 APOGEE 0 0 0 1 0 0 -255.16082197291473 20.45468548602281 143.1 -20.031858695009525 -255.18645645988417 297.63065 51.737404 -999.0 -999.0 -999.0 -999.0 -999.0 269.35696437906404 -30.276071646204947 269.46117924853445 -30.281050315919106 50.82003849751589 256.57725838938734 -999.0 16600.0 -999.0 2 -999 {-999.0 -999.0 -999.0 -999.0 -999.0} "" -999.0 -999.0 -999.0 -999.0 -999 -999 "" "" "" "" 0 0 0.0 0.0 -999 ""
FIBERMAP 700 R+2C2 BOSS 1 1 0 1 0 0 -255.8975616832277 20.605483726408213 143.1 -20.181433133510847 -255.92342196896004 297.63065 51.737404 269.35624905787046 -30.278246825462432 -1.522028 -4.7002597 0.30556437 269.3562322054002 -30.278261553160554 269.46065442658653 -30.28327191475595 50.81997556309876 256.5736708135438 5400.0 5400.0 2016.0 1 10 {-999.0 20.44666 18.744165 17.764761 -999.0} sdss_psfmag_gaia 19.284954 18.423483 16.967089 -999.0 63050395284491169 979955784 "" ops_std_boss ops_std standard_boss 0 0 0.0 0.0 -999 ""
FIBERMAP 700 R+2C2 METROLOGY 0 0 0 1 0 0 -255.4220463478005 21.155584938698908 143.1 -20.73230339955676 -255.44883208395862 297.63065 51.737404 -999.0 -999.0 -999.0 -999.0 -999.0 269.3543592932256 -30.27688460277125 269.4587206199036 -30.281891851444236 50.818092479243525 256.57536620634886 -999.0 6231.0 -999.0 -1 -999 {-999.0 -999.0 -999.0 -999.0 -999.0} "" -999.0 -999.0 -999.0 -999.0 -999 -999 "" "" "" "" 0 0 0.0 0.0 -999 ""
FIBERMAP 701 R+2C8 APOGEE 0 0 0 1 0 0 -124.3151337267334 37.08307764510771 143.1 -36.876202801744135 -124.37248937180487 183.16469 122.20607 -999.0 -999.0 -999.0 -999.0 -999.0 269.29951357337524 -29.8811818470977 269.40232136059325 -29.886400678219566 50.70010557130787 257.1770657760155 -999.0 16600.0 -999.0 2 -999 {-999.0 -999.0 -999.0 -999.0 -999.0} "" -999.0 -999.0 -999.0 -999.0 -999 -999 "" "" "" "" 0 0 0.0 0.0 -999 ""
FIBERMAP 701 R+2C8 BOSS 1 1 0 1 0 0 -124.75053937234124 37.7238524496402 143.1 -37.51623660581491 -124.80894118594777 183.16469 122.20607 269.2970670977356 -29.88255177419654 -10.975463 2.7306151 0.9853355 269.29704786339437 -29.882523285297136 269.40006013845294 -29.88778036154169 50.69842737050289 257.1743629626345 5400.0 5400.0 2016.0 1 45 {-999.0 15.406439 14.885448 14.65884 -999.0} sdss_psfmag_from_g3xp 15.276095 14.910015 14.286445 12.967 63050395285119472 981656624 "" ops_std_boss_tic ops_std standard_boss 0 0 0.0 0.0 -999 ""
FIBERMAP 701 R+2C8 METROLOGY 0 0 0 1 0 0 -124.0055767314309 37.764012798742314 143.1 -37.55762821890623 -124.0640689556808 183.16469 122.20607 -999.0 -999.0 -999.0 -999.0 -999.0 269.2969642808492 -29.880288883453836 269.3999121739009 -29.88553766085666 50.69789499080356 257.1778084151878 -999.0 6231.0 -999.0 -1 -999 {-999.0 -999.0 -999.0 -999.0 -999.0} "" -999.0 -999.0 -999.0 -999.0 -999 -999 "" "" "" "" 0 0 0.0 0.0 -999 ""
FIBERMAP 702 R-4C16 APOGEE 0 0 0 1 0 0 106.10674964444497 -86.35359759850357 143.1 86.17526392670146 106.24621011181897 13.1531725 69.265526 -999.0 -999.0 -999.0 -999.0 -999.0 269.730545867936 -29.1823937604635 269.8307392992324 -29.186578157531542 50.93520485430251 258.3756456518845 -999.0 16600.0 -999.0 2 -999 {-999.0 -999.0 -999.0 -999.0 -999.0} "" -999.0 -999.0 -999.0 -999.0 -999 -999 "" "" "" "" 0 0 0.0 0.0 -999 ""
FIBERMAP 702 R-4C16 BOSS 1 1 0 1 0 0 106.01287030581672 -87.08473835462694 143.1 86.90653648821416 106.15354348048018 13.1531725 69.265526 269.7329249735859 -29.18257198855421 -4.662275 -10.139932 0.102075614 269.7329370657666 -29.182593631842437 269.8333259442288 -29.186805074472222 50.937464332929636 258.37598548008157 5400.0 5400.0 2016.0 1 318 {-999.0 15.923893 15.091132 14.705305 -999.0} sdss_psfmag_ps1 15.931913 15.292936 14.36437 12.486 63050395307962653 1093355439 bright_3x1 mwm_astar_core_boss mwm_ob science 0 0 0.0 0.0 -999 ""
FIBERMAP 702 R-4C16 METROLOGY 0 0 0 1 0 0 105.41448359888169 -86.63691003902863 143.1 86.45971262172117 105.55443508181408 13.1531725 69.265526 -999.0 -999.0 -999.0 -999.0 -999.0 269.73145283038025 -29.18440490781093 269.8317931691036 -29.18861049916518 50.936500604193995 258.3727639402514 -999.0 6231.0 -999.0 -1 -999 {-999.0 -999.0 -999.0 -999.0 -999.0} "" -999.0 -999.0 -999.0 -999.0 -999 -999 "" "" "" "" 0 0 0.0 0.0 -999 ""
FIBERMAP 703 R0C3 APOGEE 1 1 0 1 0 0 -240.1242004479168 -4.650455978737902 143.1 5.047596771142313 -240.10878167530626 253.2634 167.71474 269.4449931730195 -30.231039223293326 -5.930755 -1.4966507 0.083352916 269.44499646597046 -30.23104965297555 269.54902291732935 -30.235796404748676 50.886949569946175 256.6686384451689 16000.0 16600.0 2016.0 2 252 {-999.0 17.851696 15.912958 14.3959465 -999.0} sdss_psfmag_gaia 16.743664 15.120153 13.894799 10.588 63050395284424058 1154458711 bright_1x1 mwm_galactic_core_dist_apogee_sparse mwm_galactic science 0 0 0.0 0.0 -999 ""
FIBERMAP 703 R0C3 BOSS 0 0 0 1 0 0 -240.5641136341004 -5.258345402531111 143.1 5.656194485232768 -240.54767494456547 253.2634 167.71474 -999.0 -999.0 -999.0 -999.0 -999.0 269.4469260760277 -30.232370561548986 269.5511553577552 -30.237141896129163 50.888996964812996 256.66704321471036 -999.0 5400.0 -999.0 1 521 {-999.0 -999.0 -999.0 -999.0 -999.0} "" -999.0 -999.0 -999.0 -999.0 -999 -999 "" "" "" "" 0 0 0.0 0.0 -999 ""
FIBERMAP 703 R0C3 METROLOGY 0 0 0 1 0 0 -240.86438496846503 -4.567979314294233 143.1 4.966347410271068 -240.84907884435998 253.2634 167.71474 -999.0 -999.0 -999.0 -999.0 -999.0 269.4445628458091 -30.233319599032026 269.54873997308613 -30.238088670007283 50.88710552599738 256.6649926090477 -999.0 6231.0 -999.0 -1 -999 {-999.0 -999.0 -999.0 -999.0 -999.0} "" -999.0 -999.0 -999.0 -999.0 -999 -999 "" "" "" "" 0 0 0.0 0.0 -999 ""
FIBERMAP 708 R+12C13 APOGEE 0 0 0 1 0 0 125.90099092245845 228.82950043187896 143.1 -229.0304450299123 125.51833776339002 354.2367 106.28654 -999.0 -999.0 -999.0 -999.0 -999.0 268.6381189114214 -29.120023957813288 268.73840392643297 -29.127215944755907 49.98823485841638 258.1724110765938 -999.0 16600.0 -999.0 2 -999 {-999.0 -999.0 -999.0 -999.0 -999.0} "" -999.0 -999.0 -999.0 -999.0 -999 -999 "" "" "" "" 0 0 0.0 0.0 -999 ""
FIBERMAP 708 R+12C13 BOSS 1 1 0 1 0 0 126.05364621504191 228.09371761523312 143.1 -228.29493845378684 125.67220551293298 354.2367 106.28654 268.64044189453125 -29.119537356545294 -999.0 -999.0 -999.0 268.6404500081405 -29.119534541793218 268.7409344044411 -29.12675618361486 49.99030886207608 258.1737988681352 5400.0 5400.0 2015.5 1 105 {-999.0 -999.0 -999.0 -999.0 -999.0} "" -999.0 -999.0 -999.0 -999.0 27021603147185402 852481659 "" ops_sky_boss_fallback ops_sky sky_boss 0 0 0.0 0.0 -999 ""
FIBERMAP 708 R+12C13 METROLOGY 0 0 0 1 0 0 125.3396438309613 228.33514462917833 143.1 -228.53517636980297 124.95782665150179 354.2367 106.28654 -999.0 -999.0 -999.0 -999.0 -999.0 268.6395998226823 -29.12167357867715 268.74003483132975 -29.128886912482415 49.989964687827026 258.1703073235886 -999.0 6231.0 -999.0 -1 -999 {-999.0 -999.0 -999.0 -999.0 -999.0} "" -999.0 -999.0 -999.0 -999.0 -999 -999 "" "" "" "" 0 0 0.0 0.0 -999 ""
FIBERMAP 711 R-8C15 APOGEE 1 1 0 1 0 0 116.26974781195042 -142.0600654445177 143.1 141.86312487666237 116.5010488365631 78.515 110.60222 269.92360821859626 -29.151527539231157 -3.5125282 -5.722354 0.115623154 269.9236014292831 -29.151552495281113 270.02362829254463 -29.155214622874567 51.09439108012865 258.476305879764 16000.0 16600.0 2016.0 2 201 {-999.0 18.652113 16.988708 13.658958 -999.0} sdss_psfmag_gaia 16.843868 14.335232 12.884352 9.222 63050395308048200 1154570867 bright_1x1 mwm_galactic_core_dist_apogee_sparse mwm_galactic science 0 0 0.0 0.0 -999 ""
FIBERMAP 711 R-8C15 BOSS 0 0 0 1 0 0 116.99098665290455 -141.88929153107856 143.1 141.69116315242204 117.22198192723044 78.515 110.60222 -999.0 -999.0 -999.0 -999.0 -999.0 269.9228580969027 -29.149297248614538 270.02307152973805 -29.1529953033388 51.09348527809232 258.479623447829 -999.0 5400.0 -999.0 1 284 {-999.0 -999.0 -999.0 -999.0 -999.0} "" -999.0 -999.0 -999.0 -999.0 -999 -999 "" "" "" "" 0 0 0.0 0.0 -999 ""
FIBERMAP 711 R-8C15 METROLOGY 0 0 0 1 0 0 116.76848941389557 -142.6189091300065 143.1 142.42112540667932 117.00069901289488 78.515 110.60222 -999.0 -999.0 -999.0 -999.0 -999.0 269.9254647101364 -29.149963288311632 270.0256246361067 -29.153644589253975 51.09579838733726 258.4792949731866 -999.0 6231.0 -999.0 -1 -999 {-999.0 -999.0 -999.0 -999.0 -999.0} "" -999.0 -999.0 -999.0 -999.0 -999 -999 "" "" "" "" 0 0 0.0 0.0 -999 ""
FIBERMAP 712 R-7C5 APOGEE 1 1 0 1 0 0 -134.4400480360488 -122.52934770423097 143.1 122.7478398908983 -134.23299595890737 160.49617 81.62217 269.85776843123875 -29.91161148209019 -2.0349054 -2.50867 0.134186 269.85777019838457 -29.911612715884555 269.9605235850789 -29.915295254753676 51.18134079423997 257.2696839231031 16000.0 16600.0 2016.0 2 298 {-999.0 18.470915 16.496523 14.741632 -999.0} sdss_psfmag_gaia 17.120419 15.475379 14.081523 10.833 63050395284687876 1154459014 bright_1x1 mwm_galactic_core_dist_apogee_sparse mwm_galactic science 0 0 0.0 0.0 -999 ""
FIBERMAP 712 R-7C5 BOSS 0 0 0 1 0 0 -134.08590782549265 -121.88737933550397 143.1 122.10530624129078 -133.8799292903753 160.49617 81.62217 -999.0 -999.0 -999.0 -999.0 -999.0 269.855381198107 -29.910564266226988 269.9583272994603 -29.91428419475567 51.17928782705036 257.27073183811007 -999.0 5400.0 -999.0 1 489 {-999.0 -999.0 -999.0 -999.0 -999.0} "" -999.0 -999.0 -999.0 -999.0 -999 -999 "" "" "" "" 0 0 0.0 0.0 -999 ""
FIBERMAP 712 R-7C5 METROLOGY 0 0 0 1 0 0 -133.69936797708297 -122.51226638333301 143.1 122.72953364920663 -133.4923679880962 160.49617 81.62217 -999.0 -999.0 -999.0 -999.0 -999.0 269.8576364104146 -29.909413255153872 269.96052221492664 -29.91311856860609 51.180953045559114 257.27310074837897 -999.0 6231.0 -999.0 -1 -999 {-999.0 -999.0 -999.0 -999.0 -999.0} "" -999.0 -999.0 -999.0 -999.0 -999 -999 "" "" "" "" 0 0 0.0 0.0 -999 ""
FIBERMAP 713 R+3C9 APOGEE 1 1 0 1 0 0 -90.80763954884098 54.63387675748241 143.1 -54.481876159817645 -90.89511124395165 194.89891 118.50311 269.2384121609895 -29.77944182979055 -5.7564635 -7.091804 0.04370664 269.238392324898 -29.77945655536904 269.340852960379 -29.78486426197407 50.62916536882645 257.31923098678965 16000.0 16600.0 2016.0 2 22 {-999.0 17.610836 15.684185 14.217814 -999.0} sdss_psfmag_gaia 16.511494 14.93882 13.70596 10.48 63050395285154451 1154460636 bright_1x1 mwm_galactic_core_dist_apogee_sparse mwm_galactic science 0 0 0.0 0.0 -999 ""
FIBERMAP 713 R+3C9 BOSS 0 0 0 1 0 0 -91.34871976237739 55.15857075210316 143.1 -55.00565804742262 -91.43704216853325 194.89891 118.50311 -999.0 -999.0 -999.0 -999.0 -999.0 269.2363192766015 -29.7811080713191 269.33898559106154 -29.786553384124932 50.62788221130931 257.31614456430395 -999.0 5400.0 -999.0 1 32 {-999.0 -999.0 -999.0 -999.0 -999.0} "" -999.0 -999.0 -999.0 -999.0 -999 -999 "" "" "" "" 0 0 0.0 0.0 -999 ""
FIBERMAP 713 R+3C9 METROLOGY 0 0 0 1 0 0 -90.62087206143877 55.3487253097897 143.1 -55.19701072695279 -90.70953249615184 194.89891 118.50311 -999.0 -999.0 -999.0 -999.0 -999.0 269.23571091540293 -29.7789168391445 269.33831311433136 -29.784355141114315 50.626905041384326 257.3193821334229 -999.0 6231.0 -999.0 -1 -999 {-999.0 -999.0 -999.0 -999.0 -999.0} "" -999.0 -999.0 -999.0 -999.0 -999 -999 "" "" "" "" 0 0 0.0 0.0 -999 ""
FIBERMAP 718 R+2C7 APOGEE 1 1 0 1 0 0 -119.61757387129354 54.085852443803525 143.1 -53.88620285090644 -119.70321206906885 110.05102 35.880653 269.24008918027437 -29.86673985952618 -4.3654065 -4.638567 0.07761592 269.2400652858393 -29.866772191512204 269.3428384053316 -29.87215702106144 50.646801042983235 257.18440338879407 16000.0 16600.0 2016.0 2 29 {-999.0 20.17186 18.458992 15.258389 -999.0} sdss_psfmag_gaia 18.44869 15.943816 14.550371 10.762 63050395285141745 1154460557 bright_1x1 mwm_galactic_core_dist_apogee_sparse mwm_galactic science 0 0 0.0 0.0 -999 ""
FIBERMAP 718 R+2C7 BOSS 0 0 0 1 0 0 -118.96462765669403 53.66887525401485 143.1 -53.47031938759981 -119.04959696166756 110.05102 35.880653 -999.0 -999.0 -999.0 -999.0 -999.0 269.2412992625785 -29.8648253203731 269.34426430919814 -29.870239113409596 50.64766835443202 257.18773205682163 -999.0 5400.0 -999.0 1 48 {-999.0 -999.0 -999.0 -999.0 -999.0} "" -999.0 -999.0 -999.0 -999.0 -999 -999 "" "" "" "" 0 0 0.0 0.0 -999 ""
FIBERMAP 718 R+2C7 METROLOGY 0 0 0 1 0 0 -119.64821750740909 53.34034920541916 143.1 -53.14067289391678 -119.7326212690891 110.05102 35.880653 -999.0 -999.0 -999.0 -999.0 -999.0 269.24249300701985 -29.86692178513153 269.3454087612099 -29.872322807805396 50.64902291421961 257.1847850357666 -999.0 6231.0 -999.0 -1 -999 {-999.0 -999.0 -999.0 -999.0 -999.0} "" -999.0 -999.0 -999.0 -999.0 -999 -999 "" "" "" "" 0 0 0.0 0.0 -999 ""
FIBERMAP 720 R-7C15 APOGEE 0 0 0 1 0 0 96.17778719203022 -129.95505485366175 143.1 129.79174624803738 96.38970656299378 46.421623 174.17323 -999.0 -999.0 -999.0 -999.0 -999.0 269.881954011296 -29.21241435051666 269.98220844073654 -29.21617771053171 51.07064978113636 258.36999121609836 -999.0 16600.0 -999.0 2 -999 {-999.0 -999.0 -999.0 -999.0 -999.0} "" -999.0 -999.0 -999.0 -999.0 -999 -999 "" "" "" "" 0 0 0.0 0.0 -999 ""
FIBERMAP 720 R-7C15 BOSS 1 1 0 1 0 0 96.80279868493506 -129.4657240582888 143.1 129.3013970995556 97.01388834226195 46.421623 174.17323 269.88009806701837 -29.210437996672496 -1.353324 -3.9126432 0.0016026811 269.88011417617776 -29.210449324883065 269.9805568470864 -29.214251397736263 51.068865067027424 258.372558961523 5400.0 5400.0 2016.0 1 283 {-999.0 16.90793 15.476017 14.78955 -999.0} sdss_psfmag_gaia 15.832874 15.36468 13.901381 11.737 63050395307864258 1093413996 bright_3x1 mwm_astar_core_boss mwm_ob science 0 0 0.0 0.0 -999 ""
FIBERMAP 720 R-7C15 METROLOGY 0 0 0 1 0 0 96.88234628181519 -130.20624144923858 143.1 130.04175905585467 97.09465858133548 46.421623 174.17323 -999.0 -999.0 -999.0 -999.0 -999.0 269.88275403996073 -29.21020446139078 269.9831398844121 -29.213989927532285 51.07102730715561 258.373656649767 -999.0 6231.0 -999.0 -1 -999 {-999.0 -999.0 -999.0 -999.0 -999.0} "" -999.0 -999.0 -999.0 -999.0 -999 -999 "" "" "" "" 0 0 0.0 0.0 -999 ""
FIBERMAP 722 R-4C20 APOGEE 0 0 0 1 0 0 199.7582222827011 -68.9135839828175 143.1 68.58086306127245 199.8658152395733 105.67216 8.679214 -999.0 -999.0 -999.0 -999.0 -999.0 269.66937841895304 -28.899253443851947 269.7685924923003 -28.90366505469961 50.82634169900981 258.7983862396519 -999.0 16600.0 -999.0 2 -999 {-999.0 -999.0 -999.0 -999.0 -999.0} "" -999.0 -999.0 -999.0 -999.0 -999 -999 "" "" "" "" 0 0 0.0 0.0 -999 ""
FIBERMAP 722 R-4C20 BOSS 1 1 0 1 0 0 200.06624766485967 -69.59570034942293 143.1 69.26244785075565 200.1749592883907 105.67216 8.679214 269.671486741283 -28.898227947230044 -1.1021237 -6.837877 -0.3891731 269.67155799488836 -28.898245398720007 269.77096331042253 -28.902686095339316 50.82818009181573 258.80056060174206 5400.0 5400.0 2016.0 1 312 {-999.0 17.393095 15.867032 15.094211 -999.0} sdss_psfmag_gaia 16.00379 15.699493 13.948184 11.297 63050395309457851 1093413940 bright_3x1 mwm_astar_core_boss mwm_ob science 0 0 0.0 0.0 -999 ""
FIBERMAP 722 R-4C20 METROLOGY 0 0 0 1 0 0 199.33113246378662 -69.52766256359988 143.1 69.19562851673163 199.43975516515795 105.67216 8.679214 -999.0 -999.0 -999.0 -999.0 -999.0 269.67139569019633 -28.900441608584607 269.7707533875946 -28.904872406620225 50.82843628016351 258.79711086614736 -999.0 6231.0 -999.0 -1 -999 {-999.0 -999.0 -999.0 -999.0 -999.0} "" -999.0 -999.0 -999.0 -999.0 -999 -999 "" "" "" "" 0 0 0.0 0.0 -999 ""
FIBERMAP 725 R-11C8 APOGEE 1 1 0 1 0 0 -27.881784061701527 -211.7904980228835 143.1 211.8298159657007 -27.530475436509427 200.8271 88.05547 270.16754150390625 -29.587625749070085 -999.0 -999.0 -999.0 270.16756032684253 -29.587611231057647 270.26906059810386 -29.590513448630606 51.38629612761641 257.8576234363708 16000.0 16600.0 2015.5 2 173 {-999.0 -999.0 -999.0 -999.0 -999.0} "" -999.0 -999.0 -999.0 -999.0 27021603147275636 848878976 "" ops_sky_apogee_good ops_sky sky_apogee 0 0 0.0 0.0 -999 ""
FIBERMAP 725 R-11C8 BOSS 0 0 0 1 0 0 -28.097748462956968 -211.07015543725592 143.1 211.10985387011314 -27.74762471197128 200.8271 88.05547 -999.0 -999.0 -999.0 -999.0 -999.0 270.16492902034304 -29.5882516320854 270.26662590332904 -29.591192212948663 51.3843387576006 257.8559339283319 -999.0 5400.0 -999.0 1 415 {-999.0 -999.0 -999.0 -999.0 -999.0} "" -999.0 -999.0 -999.0 -999.0 -999 -999 "" "" "" "" 0 0 0.0 0.0 -999 ""
FIBERMAP 725 R-11C8 METROLOGY 0 0 0 1 0 0 -27.390445843754975 -211.22644182339326 143.1 211.26496498208775 -27.040086266802426 200.8271 88.05547 -999.0 -999.0 -999.0 -999.0 -999.0 270.1655512510444 -29.58611968013453 270.26718549482604 -29.58905014307041 51.38442550055361 257.8594509261661 -999.0 6231.0 -999.0 -1 -999 {-999.0 -999.0 -999.0 -999.0 -999.0} "" -999.0 -999.0 -999.0 -999.0 -999 -999 "" "" "" "" 0 0 0.0 0.0 -999 ""
FIBERMAP 727 R+5C12 APOGEE 1 1 0 1 0 0 12.345256331228123 109.48282991205387 143.1 -109.49973346358615 12.163717622416014 81.1196 121.97985 269.0483093261719 -29.465715399881248 -999.0 -999.0 -999.0 269.04830033776443 -29.4657285148237 269.1496955695848 -29.471723154070496 50.407311744816695 257.7540855223978 16000.0 16600.0 2015.5 2 132 {-999.0 -999.0 -999.0 -999.0 -999.0} "" -999.0 -999.0 -999.0 -999.0 27021603147184396 848860172 "" ops_sky_apogee_good ops_sky sky_apogee 0 0 0.0 0.0 -999 ""
FIBERMAP 727 R+5C12 BOSS 0 0 0 1 0 0 13.030085271464543 109.78249931312453 143.1 -109.80052628812568 12.848028723411375 81.1196 121.97985 -999.0 -999.0 -999.0 -999.0 -999.0 269.04700130956076 -29.463604345006097 269.1485891838894 -29.469636835410935 50.40596789483319 257.7570102463286 -999.0 5400.0 -999.0 1 121 {-999.0 -999.0 -999.0 -999.0 -999.0} "" -999.0 -999.0 -999.0 -999.0 -999 -999 "" "" "" "" 0 0 0.0 0.0 -999 ""
FIBERMAP 727 R+5C12 METROLOGY 0 0 0 1 0 0 12.937461890589113 109.03722112557026 143.1 -109.05511882797347 12.756641400091723 81.1196 121.97985 -999.0 -999.0 -999.0 -999.0 -999.0 269.049638731871 -29.463904294513533 269.15117028786534 -29.469919895089003 50.40822774637775 257.7572475351873 -999.0 6231.0 -999.0 -1 -999 {-999.0 -999.0 -999.0 -999.0 -999.0} "" -999.0 -999.0 -999.0 -999.0 -999 -999 "" "" "" "" 0 0 0.0 0.0 -999 ""
FIBERMAP 728 R+7C12 APOGEE 1 1 0 1 0 0 33.643993344279984 156.65978420976853 143.1 -156.71040933229156 33.383714247455245 147.5938 45.275757 268.8847190996314 -29.400333831124 -0.7420199 -5.7460155 0.08435986 268.8847239817365 -29.40039029136311 268.98593298981314 -29.406847171545422 50.254892962595044 257.8109366791089 16000.0 16600.0 2016.0 2 143 {-999.0 16.223442 14.096489 12.900382 -999.0} sdss_psfmag_from_g3xp 15.143159 13.592585 12.359605 9.219 63050395286661838 1152063202 bright_1x1 mwm_galactic_core_dist_apogee_sparse mwm_galactic science 0 0 0.0 0.0 -999 ""
FIBERMAP 728 R+7C12 BOSS 0 0 0 1 0 0 34.37588361729182 156.81758215507193 143.1 -156.8694131288288 34.115319896541116 147.5938 45.275757 -999.0 -999.0 -999.0 -999.0 -999.0 268.8839193128447 -29.398119184185422 268.98532117721453 -29.404613153254715 50.25393870270151 257.81420405127466 -999.0 5400.0 -999.0 1 144 {-999.0 -999.0 -999.0 -999.0 -999.0} "" -999.0 -999.0 -999.0 -999.0 -999 -999 "" "" "" "" 0 0 0.0 0.0 -999 ""
FIBERMAP 728 R+7C12 METROLOGY 0 0 0 1 0 0 34.18434760863897 156.1059650420805 143.1 -156.15750200744233 33.924967434405765 147.5938 45.275757 -999.0 -999.0 -999.0 -999.0 -999.0 268.88642040715655 -29.39871756640966 268.98776681304616 -29.4051947958045 50.25614148288361 257.8139548262932 -999.0 6231.0 -999.0 -1 -999 {-999.0 -999.0 -999.0 -999.0 -999.0} "" -999.0 -999.0 -999.0 -999.0 -999 -999 "" "" "" "" 0 0 0.0 0.0 -999 ""
FIBERMAP 729 R-8C19 APOGEE 1 1 0 1 0 0 202.3237435316094 -167.9684983329085 143.1 167.62834623011727 202.59514233685366 269.24042 121.42052 270.01127893972705 -28.891725714345817 -0.028789219 -10.02776 0.14470662 270.0112705314628 -28.891764669021587 270.11035616254173 -28.895241542130616 51.11789448624421 258.90598468828523 16000.0 16600.0 2016.0 2 193 {-999.0 17.761402 15.83927 13.356638 -999.0} sdss_psfmag_gaia 16.246626 14.081827 12.727137 9.369 63050395308200302 1154571450 bright_1x1 mwm_galactic_core_dist_apogee_sparse mwm_galactic science 0 0 0.0 0.0 -999 ""
FIBERMAP 729 R-8C19 BOSS 0 0 0 1 0 0 201.6812788074408 -168.33618031226405 143.1 167.99707935260088 201.95330661732098 269.24042 121.42052 -999.0 -999.0 -999.0 -999.0 -999.0 270.0123621899132 -28.893661949520315 270.1116476106079 -28.89716966651002 51.11938476396641 258.903330802263 -999.0 5400.0 -999.0 1 266 {-999.0 -999.0 -999.0 -999.0 -999.0} "" -999.0 -999.0 -999.0 -999.0 -999 -999 "" "" "" "" 0 0 0.0 0.0 -999 ""
FIBERMAP 729 R-8C19 METROLOGY 0 0 0 1 0 0 201.66791433006188 -167.59819374838526 143.1 167.25913864063688 201.93872155602472 269.24042 121.42052 -999.0 -999.0 -999.0 -999.0 -999.0 270.0099115536351 -28.893673028427457 270.10914294006056 -28.897177754705638 51.11723702341135 258.90262607071384 -999.0 6231.0 -999.0 -1 -999 {-999.0 -999.0 -999.0 -999.0 -999.0} "" -999.0 -999.0 -999.0 -999.0 -999 -999 "" "" "" "" 0 0 0.0 0.0 -999 ""
FIBERMAP 731 R0C27 APOGEE 0 0 0 1 0 0 274.92199300330543 3.529990645375701 143.1 -3.9847411399482726 274.9073086615567 193.73643 87.87349 -999.0 -999.0 -999.0 -999.0 -999.0 269.4191186195394 -28.672981517698386 269.51761329610736 -28.678126448624678 50.56528471959255 259.076776802022 -999.0 16600.0 -999.0 2 -999 {-999.0 -999.0 -999.0 -999.0 -999.0} "" -999.0 -999.0 -999.0 -999.0 -999 -999 "" "" "" "" 0 0 0.0 0.0 -999 ""
FIBERMAP 731 R0C27 BOSS 1 1 0 1 0 0 274.74762847468946 4.276508078989759 143.1 -4.7309460693484064 274.7317146136976 193.73643 87.87349 269.4163513183594 -28.673496936394415 -999.0 -999.0 -999.0 269.41634843553 -28.673476600323497 269.51504226071955 -28.678665201988846 50.563187738795605 259.07521768473305 5400.0 5400.0 2015.5 1 182 {-999.0 -999.0 -999.0 -999.0 -999.0} "" -999.0 -999.0 -999.0 -999.0 27021603147281447 852503522 "" ops_sky_boss_fallback ops_sky sky_boss 0 0 0.0 0.0 -999 ""
FIBERMAP 731 R0C27 METROLOGY 0 0 0 1 0 0 275.47697372267044 4.031483036074875 143.1 -4.487135625188299 275.46144179848056 193.73643 87.87349 -999.0 -999.0 -999.0 -999.0 -999.0 269.41725198534937 -28.671249727746293 269.51588204193393 -28.676426073774447 50.563449057917374 259.07890566622825 -999.0 6231.0 -999.0 -1 -999 {-999.0 -999.0 -999.0 -999.0 -999.0} "" -999.0 -999.0 -999.0 -999.0 -999 -999 "" "" "" "" 0 0 0.0 0.0 -999 ""
FIBERMAP 732 R-10C12 APOGEE 0 0 0 1 0 0 73.86059589745074 -207.07733617596884 143.1 206.948470890638 74.20083357374125 307.2915 106.03616 -999.0 -999.0 -999.0 -999.0 -999.0 270.1493506113206 -29.279558181178377 270.2497618041537 -29.28257517357945 51.312469367560595 258.3370418219991 -999.0 16600.0 -999.0 2 -999 {-999.0 -999.0 -999.0 -999.0 -999.0} "" -999.0 -999.0 -999.0 -999.0 -999 -999 "" "" "" "" 0 0 0.0 0.0 -999 ""
FIBERMAP 732 R-10C12 BOSS 1 1 0 1 0 0 73.420025614801 -207.7038334323652 143.1 207.57567692592016 73.76131401619284 307.2915 106.03616 270.1513726444193 -29.280834115635688 1.0457556 7.356049 1.0313938 270.1513788265869 -29.280838347482536 270.25198711076234 -29.283882011937695 51.31462268106094 258.33557700435466 5400.0 5400.0 2016.0 1 402 {-999.0 15.621988 15.037883 14.835781 -999.0} sdss_psfmag_gaia 15.458496 15.078082 14.473763 -999.0 63050395307669604 981937414 "" ops_std_boss_tic ops_std standard_boss 0 0 0.0 0.0 -999 ""
FIBERMAP 732 R-10C12 METROLOGY 0 0 0 1 0 0 73.11643674786777 -207.00166995571144 143.1 206.87403833097432 73.45657317153069 307.2915 106.03616 -999.0 -999.0 -999.0 -999.0 -999.0 270.1490514256259 -29.28176106357186 270.24960895380025 -29.28480169726199 51.31276013168332 258.3335038571526 -999.0 6231.0 -999.0 -1 -999 {-999.0 -999.0 -999.0 -999.0 -999.0} "" -999.0 -999.0 -999.0 -999.0 -999 -999 "" "" "" "" 0 0 0.0 0.0 -999 ""
FIBERMAP 736 R+11C12 APOGEE 1 1 0 1 0 0 90.14401385809752 206.37732748142895 143.1 -206.5198336895327 89.79965853522532 333.64163 112.918594 268.71421065287325 -29.22841640781234 -5.224401 -1.4274973 0.10037958 268.71419748833034 -29.228431707149127 268.81484449387915 -29.235392301638402 50.075127020597535 258.02799404979476 16000.0 16600.0 2016.0 2 145 {-999.0 19.148243 16.485859 15.069068 -999.0} sdss_psfmag_ps1 17.538988 15.620222 14.286052 10.721 63050395286797516 1153393062 bright_1x1 mwm_galactic_core_dist_apogee_sparse mwm_galactic science 0 0 0.0 0.0 -999 ""
FIBERMAP 736 R+11C12 BOSS 0 0 0 1 0 0 90.09895308937948 205.61944487370613 143.1 -205.76190090799335 89.75585314830319 333.64163 112.918594 -999.0 -999.0 -999.0 -999.0 -999.0 268.71656907154915 -29.228527916513684 268.8174172096041 -29.235517365839478 50.07735256452411 258.028493244091 -999.0 5400.0 -999.0 1 148 {-999.0 -999.0 -999.0 -999.0 -999.0} "" -999.0 -999.0 -999.0 -999.0 -999 -999 "" "" "" "" 0 0 0.0 0.0 -999 ""
FIBERMAP 736 R+11C12 METROLOGY 0 0 0 1 0 0 89.4724176480268 206.03290786023172 143.1 -206.174313978248 89.12865377886789 333.64163 112.918594 -999.0 -999.0 -999.0 -999.0 -999.0 268.7151405185444 -29.230412486266744 268.815938635681 -29.23739542925705 50.076458230462784 258.0252276872336 -999.0 6231.0 -999.0 -1 -999 {-999.0 -999.0 -999.0 -999.0 -999.0} "" -999.0 -999.0 -999.0 -999.0 -999 -999 "" "" "" "" 0 0 0.0 0.0 -999 ""
FIBERMAP 738 R-6C11 APOGEE 0 0 0 1 0 0 -5.152047267393698 -136.371660281861 143.1 136.3757975417621 -4.926251836425234 312.1917 46.341038 -999.0 -999.0 -999.0 -999.0 -999.0 269.9053865585898 -29.519639467074523 270.0067240426556 -29.523273962395486 51.1496178778981 257.8960725146093 -999.0 16600.0 -999.0 2 -999 {-999.0 -999.0 -999.0 -999.0 -999.0} "" -999.0 -999.0 -999.0 -999.0 -999 -999 "" "" "" "" 0 0 0.0 0.0 -999 ""
FIBERMAP 738 R-6C11 BOSS 1 1 0 1 0 0 -5.9080724537440465 -136.3679728196065 143.1 136.37336105723386 -5.6822588033628785 312.1917 46.341038 269.9052429199219 -29.521963460658426 -999.0 -999.0 -999.0 269.90526027792293 -29.521903118615167 270.00680078199713 -29.52556950375756 51.15010939511717 257.8924963175848 5400.0 5400.0 2015.5 1 389 {-999.0 -999.0 -999.0 -999.0 -999.0} "" -999.0 -999.0 -999.0 -999.0 27021603147275879 852502403 "" ops_sky_boss_fallback ops_sky sky_boss 0 0 0.0 0.0 -999 ""
FIBERMAP 738 R-6C11 METROLOGY 0 0 0 1 0 0 -5.519717247622753 -135.720264087188 143.1 135.72503061918658 -5.294987737468648 312.1917 46.341038 -999.0 -999.0 -999.0 -999.0 -999.0 269.9030753392856 -29.520739820724454 270.0045571258336 -29.524403367035546 51.14797464093914 257.893745623316 -999.0 6231.0 -999.0 -1 -999 {-999.0 -999.0 -999.0 -999.0 -999.0} "" -999.0 -999.0 -999.0 -999.0 -999 -999 "" "" "" "" 0 0 0.0 0.0 -999 ""
FIBERMAP 740 R-10C6 APOGEE 0 0 0 1 0 0 -69.23964915811743 -209.1341996700037 143.1 209.24203049478004 -68.89140500145996 278.0904 101.28605 -999.0 -999.0 -999.0 -999.0 -999.0 270.1588796322935 -29.71287923989267 270.26082983014595 -29.715778853795655 51.40200049708564 257.65811879160196 -999.0 16600.0 -999.0 2 -999 {-999.0 -999.0 -999.0 -999.0 -999.0} "" -999.0 -999.0 -999.0 -999.0 -999 -999 "" "" "" "" 0 0 0.0 0.0 -999 ""
FIBERMAP 740 R-10C6 BOSS 1 1 0 1 0 0 -69.97845058959464 -209.3433532505597 143.1 209.45239970917538 -69.62983661774082 278.0904 101.28605 270.159501987908 -29.715100464557146 -5.2615733 -9.368185 0.20239039 270.15946686517384 -29.7150933037513 270.2616185355133 -29.718021661995348 51.40307840129427 257.65478035259105 5400.0 5400.0 2016.0 1 384 {-999.0 17.53466 15.966693 15.151003 -999.0} sdss_psfmag_gaia 16.51643 15.769337 14.402682 11.706 63050395307324981 1093444057 bright_3x1 mwm_astar_core_boss mwm_ob science 0 0 0.0 0.0 -999 ""
FIBERMAP 740 R-10C6 METROLOGY 0 0 0 1 0 0 -69.80776595237245 -208.64763875410367 143.1 208.7564251917766 -69.46030854506961 278.0904 101.28605 -999.0 -999.0 -999.0 -999.0 -999.0 270.1571437526227 -29.714609982689286 270.2592395107214 -29.717536074619495 51.40095859331023 257.65494925313396 -999.0 6231.0 -999.0 -1 -999 {-999.0 -999.0 -999.0 -999.0 -999.0} "" -999.0 -999.0 -999.0 -999.0 -999 -999 "" "" "" "" 0 0 0.0 0.0 -999 ""
FIBERMAP 745 R+1C8 APOGEE 0 0 0 1 0 0 -113.15601801367264 18.418887017726338 143.1 -18.231075563031354 -113.18285234925608 326.034 141.44406 -999.0 -999.0 -999.0 -999.0 -999.0 269.3648959790845 -29.84753191502727 269.4675642151164 -29.85257856178604 50.74961224721863 257.24581091590187 -999.0 16600.0 -999.0 2 -999 {-999.0 -999.0 -999.0 -999.0 -999.0} "" -999.0 -999.0 -999.0 -999.0 -999 -999 "" "" "" "" 0 0 0.0 0.0 -999 ""
FIBERMAP 745 R+1C8 BOSS 1 1 0 1 0 0 -112.91942658270797 17.73502832515399 143.1 -17.547630314699113 -112.9451370709769 326.034 141.44406 269.3670885055544 -29.846859703639335 -1.0549674 0.49640718 0.8843645 269.36708090995575 -29.846847193354236 269.4699445642633 -29.851919766209235 50.75152291570699 257.24742703692584 5400.0 5400.0 2016.0 1 47 {-999.0 15.72063 15.147779 14.950931 -999.0} sdss_psfmag_ps1 15.466455 15.120455 14.514223 13.038 63050395285127159 982148286 "" ops_std_boss_tic ops_std standard_boss 0 0 0.0 0.0 -999 ""
FIBERMAP 745 R+1C8 METROLOGY 0 0 0 1 0 0 -113.65230443296102 17.859246055299533 143.1 -17.670631487548988 -113.67819686622727 326.034 141.44406 -999.0 -999.0 -999.0 -999.0 -999.0 269.36669587116427 -29.849087793365243 269.4695114219122 -29.85415194267467 50.751558525851244 257.2438497607222 -999.0 6231.0 -999.0 -1 -999 {-999.0 -999.0 -999.0 -999.0 -999.0} "" -999.0 -999.0 -999.0 -999.0 -999 -999 "" "" "" "" 0 0 0.0 0.0 -999 ""
FIBERMAP 746 R-9C7 APOGEE 1 1 0 1 0 0 -68.52818254770683 -183.6703818218287 143.1 183.7778546500693 -68.22209168452724 231.55113 99.117775 270.0704865733308 -29.711179788233203 -3.9219775 -8.6551 -0.1767461 270.0704537747135 -29.711186531843556 270.1724248461362 -29.714328645958663 51.32621950809004 257.63821170797286 16000.0 16600.0 2016.0 2 187 {-999.0 18.748062 17.033003 13.838321 -999.0} sdss_psfmag_gaia 16.921171 14.524156 13.0257015 9.263 63050395307344466 1154568365 bright_1x1 mwm_galactic_core_dist_apogee_sparse mwm_galactic science 0 0 0.0 0.0 -999 ""
FIBERMAP 746 R-9C7 BOSS 0 0 0 1 0 0 -69.20865057061113 -183.3060550218831 143.1 183.41466541830155 -68.90314060374597 231.55113 99.117775 -999.0 -999.0 -999.0 -999.0 -999.0 270.06906105848077 -29.713241747970745 270.17123415231293 -29.716418233060715 51.32557996899797 257.63462380561725 -999.0 5400.0 -999.0 1 383 {-999.0 -999.0 -999.0 -999.0 -999.0} "" -999.0 -999.0 -999.0 -999.0 -999 -999 "" "" "" "" 0 0 0.0 0.0 -999 ""
FIBERMAP 746 R-9C7 METROLOGY 0 0 0 1 0 0 -68.5545201913467 -182.92561131706225 143.1 183.03315167981702 -68.24966071892246 231.55113 99.117775 -999.0 -999.0 -999.0 -999.0 -999.0 270.0678173947385 -29.71128529356604 270.1699288249787 -29.71445682104718 51.32411054794734 257.63738308336224 -999.0 6231.0 -999.0 -1 -999 {-999.0 -999.0 -999.0 -999.0 -999.0} "" -999.0 -999.0 -999.0 -999.0 -999 -999 "" "" "" "" 0 0 0.0 0.0 -999 ""
FIBERMAP 749 R-2C15 APOGEE 1 1 0 1 0 0 35.86270681002851 -55.81720237546701 143.1 55.75607122460824 35.95390385199612 287.02658 63.786877 269.6246246912427 -29.395429811208636 1.6751963 -7.9551125 0.0778894 269.62464542859436 -29.395459329160417 269.7256248338831 -29.3998890168305 50.88607160470935 258.0157630003682 16000.0 16600.0 2016.0 2 227 {-999.0 18.38018 16.100323 14.90492 -999.0} sdss_psfmag_ps1 17.00696 15.383072 14.14005 10.962 63050395307801032 1153483740 bright_1x1 mwm_galactic_core_dist_apogee_sparse mwm_galactic science 0 0 0.0 0.0 -999 ""
FIBERMAP 749 R-2C15 BOSS 0 0 0 1 0 0 35.12657422133246 -55.69061937070907 143.1 55.630710238265124 35.21758550960853 287.02658 63.786877 -999.0 -999.0 -999.0 -999.0 -999.0 269.6240484412259 -29.397638978270425 269.7252321348121 -29.402102857809677 50.8861552097332 258.0122145968064 -999.0 5400.0 -999.0 1 327 {-999.0 -999.0 -999.0 -999.0 -999.0} "" -999.0 -999.0 -999.0 -999.0 -999 -999 "" "" "" "" 0 0 0.0 0.0 -999 ""
FIBERMAP 749 R-2C15 METROLOGY 0 0 0 1 0 0 35.580612091981166 -55.124722685214294 143.1 55.06408054203989 35.67067248680201 287.02658 63.786877 -999.0 -999.0 -999.0 -999.0 -999.0 269.6221367977433 -29.396266593426994 269.72326053727954 -29.400726649584364 50.884207882742004 258.01384055290987 -999.0 6231.0 -999.0 -1 -999 {-999.0 -999.0 -999.0 -999.0 -999.0} "" -999.0 -999.0 -999.0 -999.0 -999 -999 "" "" "" "" 0 0 0.0 0.0 -999 ""
FIBERMAP 750 R+11C10 APOGEE 1 1 0 1 0 0 39.70967427558466 229.23377196307015 143.1 -229.29209826318672 39.32912490896602 96.93061 85.70311 268.63363315337295 -29.38055648307391 -7.0550194 -5.108335 0.05177455 268.6335980877661 -29.380610642568033 268.7348063368359 -29.387760431929003 50.03655236660813 257.77397355570236 16000.0 16600.0 2016.0 2 127 {-999.0 19.21477 16.197428 14.5614 -999.0} sdss_psfmag_ps1 16.900486 14.378317 12.943597 9.113 63050395286591731 1153392044 bright_1x1 mwm_galactic_core_dist_apogee_sparse mwm_galactic science 0 0 0.0 0.0 -999 ""
FIBERMAP 750 R+11C10 BOSS 0 0 0 1 0 0 40.44592909929876 229.22801033905367 143.1 -229.28755497315115 40.06536558099848 96.93061 85.70311 -999.0 -999.0 -999.0 -999.0 -999.0 268.6334015225422 -29.378340725404275 268.7348039159168 -29.385526493065615 50.03611538961122 257.77738439035187 -999.0 5400.0 -999.0 1 114 {-999.0 -999.0 -999.0 -999.0 -999.0} "" -999.0 -999.0 -999.0 -999.0 -999 -999 "" "" "" "" 0 0 0.0 0.0 -999 ""
FIBERMAP 750 R+11C10 METROLOGY 0 0 0 1 0 0 40.123670907299825 228.5898385678667 143.1 -228.64887054840239 39.74417362387044 96.93061 85.70311 -999.0 -999.0 -999.0 -999.0 -999.0 268.6356089377055 -29.379333152178468 268.7369569533877 -29.386502742784668 50.03814557136913 257.77646217744933 -999.0 6231.0 -999.0 -1 -999 {-999.0 -999.0 -999.0 -999.0 -999.0} "" -999.0 -999.0 -999.0 -999.0 -999 -999 "" "" "" "" 0 0 0.0 0.0 -999 ""
FIBERMAP 752 R-8C5 APOGEE 1 1 0 1 0 0 -119.39040679597306 -140.25662533494165 143.1 140.44964731836143 -119.15450870441352 142.08484 87.222046 269.91961923143964 -29.86582619517812 -7.2044497 -8.414045 0.07167795 269.9195970580531 -29.86584548685795 270.02216762032504 -29.869368269684696 51.225761146545196 257.3569895427698 16000.0 16600.0 2016.0 2 285 {-999.0 16.671638 14.638262 13.6278 -999.0} sdss_psfmag_from_g3xp 15.62275 14.288564 13.105599 10.199 63050395307279712 1152068957 bright_1x1 mwm_galactic_core_dist_apogee_sparse mwm_galactic science 0 0 0.0 0.0 -999 ""
FIBERMAP 752 R-8C5 BOSS 0 0 0 1 0 0 -118.93958826793019 -139.6633606039794 143.1 139.85565578353297 -118.70468624725353 142.08484 87.222046 -999.0 -999.0 -999.0 -999.0 -999.0 269.917385600647 -29.86449827383818 270.0201473348296 -29.868058084870842 51.22380374669987 257.35854949521274 -999.0 5400.0 -999.0 1 468 {-999.0 -999.0 -999.0 -999.0 -999.0} "" -999.0 -999.0 -999.0 -999.0 -999 -999 "" "" "" "" 0 0 0.0 0.0 -999 ""
FIBERMAP 752 R-8C5 METROLOGY 0 0 0 1 0 0 -118.65485446680657 -140.37068622915206 143.1 140.56248755702907 -118.41879132097678 142.08484 87.222046 -999.0 -999.0 -999.0 -999.0 -999.0 269.9199282709342 -29.863650785130144 270.0226308316514 -29.867195111671872 51.22576905485244 257.3605183953058 -999.0 6231.0 -999.0 -1 -999 {-999.0 -999.0 -999.0 -999.0 -999.0} "" -999.0 -999.0 -999.0 -999.0 -999 -999 "" "" "" "" 0 0 0.0 0.0 -999 ""
FIBERMAP 754 R+8C15 APOGEE 1 1 0 1 0 0 131.2879166166306 161.51023192507182 143.1 -161.72225487916754 131.01647127091007 72.24359 51.892647 268.8705233624526 -29.104616997723603 -2.5504084 -5.4393277 0.31524423 268.8705365191722 -29.10462397704876 268.9707028736819 -29.11118179375613 50.18389731260489 258.25998433759736 16000.0 16600.0 2016.0 2 78 {-999.0 18.4122 15.957513 14.40893 -999.0} sdss_psfmag_ps1 16.876144 14.895972 13.4482765 9.816 63050395286852088 1153393280 bright_1x1 mwm_galactic_core_dist_apogee_sparse mwm_galactic science 0 0 0.0 0.0 -999 ""
FIBERMAP 754 R+8C15 BOSS 0 0 0 1 0 0 131.68380535850108 160.89260133408524 143.1 -161.105299162598 131.41336915995163 72.24359 51.892647 -999.0 -999.0 -999.0 -999.0 -999.0 268.87243809788583 -29.10336544083407 268.97279984068115 -29.109953868944576 50.185448275008476 258.26243324136914 -999.0 5400.0 -999.0 1 238 {-999.0 -999.0 -999.0 -999.0 -999.0} "" -999.0 -999.0 -999.0 -999.0 -999 -999 "" "" "" "" 0 0 0.0 0.0 -999 ""
FIBERMAP 754 R+8C15 METROLOGY 0 0 0 1 0 0 130.94046254242664 160.84621086775616 143.1 -161.0576803127281 130.67012701026894 72.24359 51.892647 -999.0 -999.0 -999.0 -999.0 -999.0 268.87260591910393 -29.10560411726303 268.9729187330738 -29.112181531145044 50.18599350950035 258.2590560753446 -999.0 6231.0 -999.0 -1 -999 {-999.0 -999.0 -999.0 -999.0 -999.0} "" -999.0 -999.0 -999.0 -999.0 -999 -999 "" "" "" "" 0 0 0.0 0.0 -999 ""
FIBERMAP 755 R-9C15 APOGEE 0 0 0 1 0 0 133.4016082564209 -186.4243967569108 143.1 186.1976840305852 133.70575986215383 327.6222 99.10407 -999.0 -999.0 -999.0 -999.0 -999.0 270.076631865986 -29.09962198197116 270.1764292318882 -29.102876025031488 51.215228980439996 258.5993210199487 -999.0 16600.0 -999.0 2 -999 {-999.0 -999.0 -999.0 -999.0 -999.0} "" -999.0 -999.0 -999.0 -999.0 -999 -999 "" "" "" "" 0 0 0.0 0.0 -999 ""
FIBERMAP 755 R-9C15 BOSS 1 1 0 1 0 0 133.08092534242428 -187.12957597324507 143.1 186.9033711386051 133.3862539975393 327.6222 99.10407 270.0789504865276 -29.100519578555694 -3.6160822 -4.656471 0.37780824 270.0789140430457 -29.100533332395692 270.17890727957257 -29.103814252623376 51.21753478973716 258.59852037021847 5400.0 5400.0 2016.0 1 329 {-999.0 19.28789 18.246483 17.826252 -999.0} sdss_psfmag_gaia 18.50355 18.263166 17.029795 -999.0 63050395308040359 979955848 "" ops_std_boss ops_std standard_boss 0 0 0.0 0.0 -999 ""
FIBERMAP 755 R-9C15 METROLOGY 0 0 0 1 0 0 132.65968892508144 -186.51954885925696 143.1 186.29406059268615 132.96402182853663 327.6222 99.10407 -999.0 -999.0 -999.0 -999.0 -999.0 270.0769082184753 -29.101795993335514 270.1768517343153 -29.105072696184898 51.21601621777888 258.59599446956156 -999.0 6231.0 -999.0 -1 -999 {-999.0 -999.0 -999.0 -999.0 -999.0} "" -999.0 -999.0 -999.0 -999.0 -999 -999 "" "" "" "" 0 0 0.0 0.0 -999 ""
FIBERMAP 764 R-10C8 APOGEE 0 0 0 1 0 0 -6.533750552996821 -202.40482089466886 143.1 202.40912000583603 -6.19865746203253 6.3182154 77.714005 -999.0 -999.0 -999.0 -999.0 -999.0 270.134714256967 -29.523090770169365 270.23599466654247 -29.526096511870165 51.34619631727171 257.9505882417057 -999.0 16600.0 -999.0 2 -999 {-999.0 -999.0 -999.0 -999.0 -999.0} "" -999.0 -999.0 -999.0 -999.0 -999 -999 "" "" "" "" 0 0 0.0 0.0 -999 ""
FIBERMAP 764 R-10C8 BOSS 1 1 0 1 0 0 -6.612287329108918 -203.18767009450366 143.1 203.19207396308065 -6.275896471730647 6.3182154 77.714005 270.1373291015625 -29.52330308111165 -999.0 -999.0 -999.0 270.1372963518701 -29.52328689723625 270.2387702641319 -29.52631711964217 51.34861072646812 257.950953885754 5400.0 5400.0 2015.5 1 405 {-999.0 -999.0 -999.0 -999.0 -999.0} "" -999.0 -999.0 -999.0 -999.0 27021603147275646 852502355 "" ops_sky_boss_fallback ops_sky sky_boss 0 0 0.0 0.0 -999 ""
FIBERMAP 764 R-10C8 METROLOGY 0 0 0 1 0 0 -7.212722458903054 -202.71866061138132 143.1 202.724072999593 -6.8770882720347295 6.3182154 77.714005 -999.0 -999.0 -999.0 -999.0 -999.0 270.13576873472744 -29.525122848489996 270.23719479592086 -29.528147911090596 51.347600808706375 257.94766836516635 -999.0 6231.0 -999.0 -1 -999 {-999.0 -999.0 -999.0 -999.0 -999.0} "" -999.0 -999.0 -999.0 -999.0 -999 -999 "" "" "" "" 0 0 0.0 0.0 -999 ""
FIBERMAP 767 R+3C3 APOGEE 1 1 0 1 0 0 -225.133704292741 51.73355786362155 143.1 -51.359405349217596 -225.2120562478246 213.36528 111.91381 269.2475957707405 -30.1854683854614 -2.8403792 -5.807915 0.08956444 269.2475674313902 -30.185471914757752 269.3514859627201 -30.190769475902663 50.711014227795644 256.6917697136239 16000.0 16600.0 2016.0 2 36 {-999.0 18.928015 16.99682 14.561083 -999.0} sdss_psfmag_gaia 17.3749 15.288025 13.882899 10.374 63050395284525187 1154458251 bright_1x1 mwm_galactic_core_dist_apogee_sparse mwm_galactic science 0 0 0.0 0.0 -999 ""
FIBERMAP 767 R+3C3 BOSS 0 0 0 1 0 0 -225.73465317944977 52.145929692470375 143.1 -51.77076963037368 -225.8136680803611 213.36528 111.91381 -999.0 -999.0 -999.0 -999.0 -999.0 269.24591112653087 -30.187277480981802 269.3500363732144 -30.192609902596956 50.71010287829204 256.68856179380475 -999.0 5400.0 -999.0 1 60 {-999.0 -999.0 -999.0 -999.0 -999.0} "" -999.0 -999.0 -999.0 -999.0 -999 -999 "" "" "" "" 0 0 0.0 0.0 -999 ""
FIBERMAP 767 R+3C3 METROLOGY 0 0 0 1 0 0 -225.07701149891258 52.478046465480574 143.1 -52.10396380118476 -225.15659704932378 213.36528 111.91381 -999.0 -999.0 -999.0 -999.0 -999.0 269.2447984257347 -30.18533945686447 269.3488603916934 -30.190666642452463 50.70876185871547 256.6913020167775 -999.0 6231.0 -999.0 -1 -999 {-999.0 -999.0 -999.0 -999.0 -999.0} "" -999.0 -999.0 -999.0 -999.0 -999 -999 "" "" "" "" 0 0 0.0 0.0 -999 ""
FIBERMAP 768 R+6C11 APOGEE 0 0 0 1 0 0 9.550805696246394 129.63941151612934 143.1 -129.65104317976056 9.336007405687814 77.413124 92.003456 -999.0 -999.0 -999.0 -999.0 -999.0 268.9781060123447 -29.473907302649927 269.0795500953367 -29.480092700280853 50.34896845139992 257.72291362692715 -999.0 16600.0 -999.0 2 -999 {-999.0 -999.0 -999.0 -999.0 -999.0} "" -999.0 -999.0 -999.0 -999.0 -999 -999 "" "" "" "" 0 0 0.0 0.0 -999 ""
FIBERMAP 768 R+6C11 BOSS 1 1 0 1 0 0 10.31281887417703 129.48324003684462 143.1 -129.49613749067854 10.098254459498634 77.413124 92.003456 268.978387878702 -29.471539502514883 -0.66352147 4.647167 1.5472672 268.9783903040976 -29.471557951536816 269.08002619473785 -29.47777700592816 50.348932724400385 257.72659985638006 5400.0 5400.0 2016.0 1 142 {-999.0 14.501906 14.008031 13.819171 -999.0} sdss_psfmag_from_g3xp 14.391083 14.024807 13.475966 12.253 63050395286629630 981656698 "" ops_std_boss_tic ops_std standard_boss 0 0 0.0 0.0 -999 ""
FIBERMAP 768 R+6C11 METROLOGY 0 0 0 1 0 0 9.80620382744287 128.9363681238857 143.1 -128.94844496497456 9.592560520687806 77.413124 92.003456 -999.0 -999.0 -999.0 -999.0 -999.0 268.98032419625764 -29.47311253751481 269.0819083186262 -29.479316336886907 50.35083517212634 257.7247226670248 -999.0 6231.0 -999.0 -1 -999 {-999.0 -999.0 -999.0 -999.0 -999.0} "" -999.0 -999.0 -999.0 -999.0 -999 -999 "" "" "" "" 0 0 0.0 0.0 -999 ""
FIBERMAP 769 R-5C12 APOGEE 1 1 0 1 0 0 17.08465896263081 -112.48586114729211 143.1 112.45397569935707 17.270219523988324 314.52625 90.78999 269.82208967156413 -29.452323902601083 -1.5931437 -1.9073799 0.059243046 269.8220856212503 -29.45232431266186 269.9232085499521 -29.456201141222248 51.065690401253995 257.9794368574076 16000.0 16600.0 2016.0 2 161 {-999.0 21.799366 24.865015 14.797982 -999.0} sdss_psfmag_gaia 19.092192 14.75658 13.131863 8.02 63050395307808219 1154570279 bright_1x1 mwm_galactic_core_dist_apogee_sparse mwm_galactic science 0 0 0.0 0.0 -999 ""
FIBERMAP 769 R-5C12 BOSS 0 0 0 1 0 0 16.53752468399225 -112.99490616042485 143.1 112.9639095819758 16.723945071348613 314.52625 90.78999 -999.0 -999.0 -999.0 -999.0 -999.0 269.8237348634334 -29.45394025023586 269.9250583425547 -29.457844651258643 51.06758045965098 257.9773480459743 -999.0 5400.0 -999.0 1 390 {-999.0 -999.0 -999.0 -999.0 -999.0} "" -999.0 -999.0 -999.0 -999.0 -999 -999 "" "" "" "" 0 0 0.0 0.0 -999 ""
FIBERMAP 769 R-5C12 METROLOGY 0 0 0 1 0 0 16.370148113975073 -112.28165638599764 143.1 112.25095967986293 16.555393799315585 314.52625 90.78999 -999.0 -999.0 -999.0 -999.0 -999.0 269.8213216670779 -29.454459513828027 269.92259237719026 -29.458361227317056 51.06556808976118 257.9759004961743 -999.0 6231.0 -999.0 -1 -999 {-999.0 -999.0 -999.0 -999.0 -999.0} "" -999.0 -999.0 -999.0 -999.0 -999 -999 "" "" "" "" 0 0 0.0 0.0 -999 ""
FIBERMAP 770 R-13C4 APOGEE 1 1 0 1 0 0 -96.9776982165148 -257.14534694256065 143.1 257.2975264766111 -96.54912633784103 238.73392 64.37495 270.3254699707031 -29.79561532573581 -999.0 -999.0 -999.0 270.32548173938414 -29.79561620782678 270.42767685223396 -29.79804225932146 51.559227862987505 257.56977139888886 16000.0 16600.0 2015.5 2 261 {-999.0 -999.0 -999.0 -999.0 -999.0} "" -999.0 -999.0 -999.0 -999.0 27021603147095799 848840983 "" ops_sky_apogee_good ops_sky sky_apogee 0 0 0.0 0.0 -999 ""
FIBERMAP 770 R-13C4 BOSS 0 0 0 1 0 0 -97.33873951982994 -256.54078268049875 143.1 256.69357901284013 -96.91115629081828 238.73392 64.37495 -999.0 -999.0 -999.0 -999.0 -999.0 270.3231898246873 -29.79668829152803 270.4255824010306 -29.79915060297589 51.557636084777776 257.567497821107 -999.0 5400.0 -999.0 1 355 {-999.0 -999.0 -999.0 -999.0 -999.0} "" -999.0 -999.0 -999.0 -999.0 -999 -999 "" "" "" "" 0 0 0.0 0.0 -999 ""
FIBERMAP 770 R-13C4 METROLOGY 0 0 0 1 0 0 -96.64603059081574 -256.4637635803235 143.1 256.6154162892091 -96.21859707506634 238.73392 64.37495 -999.0 -999.0 -999.0 -999.0 -999.0 270.32302818197155 -29.79462567136436 270.42535874814655 -29.79708030394908 51.5570773638833 257.5707193227888 -999.0 6231.0 -999.0 -1 -999 {-999.0 -999.0 -999.0 -999.0 -999.0} "" -999.0 -999.0 -999.0 -999.0 -999 -999 "" "" "" "" 0 0 0.0 0.0 -999 ""
FIBERMAP 771 R-13C5 APOGEE 1 1 0 1 0 0 -65.55947742277664 -269.3280932166864 143.1 269.42789875916014 -65.11175962694664 287.56097 62.023083 270.3671309676994 -29.7003844385624 -0.37901682 -2.1061924 0.05846297 270.3671319026267 -29.700375616936018 270.4689733326432 -29.70270770973393 51.57748646473343 257.73097924075205 16000.0 16600.0 2016.0 2 262 {-999.0 17.689064 15.777807 13.242829 -999.0} sdss_psfmag_gaia 16.140335 13.965915 12.590621 9.198 63050395257788798 1154364182 bright_1x1 mwm_galactic_core_dist_apogee_sparse mwm_galactic science 0 0 0.0 0.0 -999 ""
FIBERMAP 771 R-13C5 BOSS 0 0 0 1 0 0 -66.30757747507965 -269.19192031349127 143.1 269.29296798328784 -65.86006091464544 287.56097 62.023083 -999.0 -999.0 -999.0 -999.0 -999.0 270.3664632922868 -29.702604889357726 270.4685054315965 -29.704968835697358 51.57749229383174 257.7272825113328 -999.0 5400.0 -999.0 1 356 {-999.0 -999.0 -999.0 -999.0 -999.0} "" -999.0 -999.0 -999.0 -999.0 -999 -999 "" "" "" "" 0 0 0.0 0.0 -999 ""
FIBERMAP 771 R-13C5 METROLOGY 0 0 0 1 0 0 -65.81282884621807 -268.61363988185127 143.1 268.7138875825066 -65.3662849780146 287.56097 62.023083 -999.0 -999.0 -999.0 -999.0 -999.0 270.36457616037114 -29.701146576207258 270.46655911567785 -29.703507360662353 51.57556697143832 257.72910798707153 -999.0 6231.0 -999.0 -1 -999 {-999.0 -999.0 -999.0 -999.0 -999.0} "" -999.0 -999.0 -999.0 -999.0 -999 -999 "" "" "" "" 0 0 0.0 0.0 -999 ""
FIBERMAP 773 R+3C12 APOGEE 1 1 0 1 0 0 -22.968140853757284 44.842468806094416 143.1 -44.80302502144715 -23.041594777206683 262.624 78.07741 269.2732123394366 -29.573654523196705 -0.19103968 -7.777122 -0.03816084 269.27321801099015 -29.5736862763994 269.3749335519188 -29.57904164833491 50.62006780926634 257.64669468665153 16000.0 16600.0 2016.0 2 131 {-999.0 20.002234 17.1901 14.880652 -999.0} sdss_psfmag_ps1 17.6682 15.3064375 13.692537 9.762 63050395285323946 1153386970 bright_1x1 mwm_galactic_core_dist_apogee_sparse mwm_galactic science 0 0 0.0 0.0 -999 ""
FIBERMAP 773 R+3C12 BOSS 0 0 0 1 0 0 -23.679538722934737 45.09450286448653 143.1 -45.05387394991776 -23.753386757090322 262.624 78.07741 -999.0 -999.0 -999.0 -999.0 -999.0 269.27210018441576 -29.575825377263914 269.37402234014127 -29.581216353033216 50.61969731955612 257.64309361550096 -999.0 5400.0 -999.0 1 119 {-999.0 -999.0 -999.0 -999.0 -999.0} "" -999.0 -999.0 -999.0 -999.0 -999 -999 "" "" "" "" 0 0 0.0 0.0 -999 ""
FIBERMAP 773 R+3C12 METROLOGY 0 0 0 1 0 0 -23.11366402205207 45.576172577575484 143.1 -45.536464419533395 -23.188327192069902 262.624 78.07741 -999.0 -999.0 -999.0 -999.0 -999.0 269.27047542647153 -29.574113882010447 269.3723356518877 -29.579500329032655 50.61793463331913 257.6453166075076 -999.0 6231.0 -999.0 -1 -999 {-999.0 -999.0 -999.0 -999.0 -999.0} "" -999.0 -999.0 -999.0 -999.0 -999 -999 "" "" "" "" 0 0 0.0 0.0 -999 ""
FIBERMAP 774 R-6C6 APOGEE 0 0 0 1 0 0 -116.43677974391447 -98.75363024810287 143.1 98.94310049523735 -116.2696442195422 140.45732 74.46989 -999.0 -999.0 -999.0 -999.0 -999.0 269.7747209140584 -29.857378678638987 269.87730439845893 -29.861300132230078 51.100716113993194 257.3338533643638 -999.0 16600.0 -999.0 2 -999 {-999.0 -999.0 -999.0 -999.0 -999.0} "" -999.0 -999.0 -999.0 -999.0 -999 -999 "" "" "" "" 0 0 0.0 0.0 -999 ""
FIBERMAP 774 R-6C6 BOSS 1 1 0 1 0 0 -115.79859626210448 -98.31452308356967 143.1 98.50295156863872 -115.63220777907291 140.45732 74.46989 269.7730590595735 -29.855468663139817 -4.2600646 -4.5303707 0.13693097 269.77303974522596 -29.85546868172533 269.87581303911867 -29.85942612880372 51.09910790744716 257.33642029994127 5400.0 5400.0 2016.0 1 483 {-999.0 17.95352 16.537905 16.107271 -999.0} sdss_psfmag_ps1 17.120138 16.355902 15.294385 13.358 63050395284790606 980263641 "" ops_std_boss_red ops_std standard_boss 0 0 0.0 0.0 -999 ""
FIBERMAP 774 R-6C6 METROLOGY 0 0 0 1 0 0 -115.75580146972911 -99.06309237322263 143.1 99.25142597288674 -115.58817584018112 140.45732 74.46989 -999.0 -999.0 -999.0 -999.0 -999.0 269.7757237810709 -29.85535477565309 269.87844026705324 -29.859296108521082 51.10132619514469 257.33727416291526 -999.0 6231.0 -999.0 -1 -999 {-999.0 -999.0 -999.0 -999.0 -999.0} "" -999.0 -999.0 -999.0 -999.0 -999 -999 "" "" "" "" 0 0 0.0 0.0 -999 ""
FIBERMAP 775 R-7C2 APOGEE 0 0 0 1 0 0 -209.87249918972987 -139.95728759654284 143.1 140.30002367835928 -209.63418566167437 241.13902 57.055088 -999.0 -999.0 -999.0 -999.0 -999.0 269.91857491532136 -30.1389828340661 270.02212879450764 -30.142451068653838 51.273611018281585 256.92745371301237 -999.0 16600.0 -999.0 2 -999 {-999.0 -999.0 -999.0 -999.0 -999.0} "" -999.0 -999.0 -999.0 -999.0 -999 -999 "" "" "" "" 0 0 0.0 0.0 -999 ""
FIBERMAP 775 R-7C2 BOSS 1 1 0 1 0 0 -210.24160668063524 -139.3410795095198 143.1 139.68444610986663 -210.00430080770863 241.13902 57.055088 269.9162292480469 -30.14008486292299 -999.0 -999.0 -999.0 269.91623694189934 -30.140087814820326 270.0199912659099 -30.14359185932983 51.271986969997265 256.92514800568915 5400.0 5400.0 2015.5 1 455 {-999.0 -999.0 -999.0 -999.0 -999.0} "" -999.0 -999.0 -999.0 -999.0 27021603147014843 852436865 "" ops_sky_boss_fallback ops_sky sky_boss 0 0 0.0 0.0 -999 ""
FIBERMAP 775 R-7C2 METROLOGY 0 0 0 1 0 0 -209.486659236035 -139.3164867328349 143.1 139.65860504834146 -209.24941833808415 241.13902 57.055088 -999.0 -999.0 -999.0 -999.0 -999.0 269.91623733325355 -30.13786187472355 270.0199281443723 -30.141357992587185 51.271547918029555 256.9286500524633 -999.0 6231.0 -999.0 -1 -999 {-999.0 -999.0 -999.0 -999.0 -999.0} "" -999.0 -999.0 -999.0 -999.0 -999 -999 "" "" "" "" 0 0 0.0 0.0 -999 ""
FIBERMAP 777 R+4C22 APOGEE 0 0 0 1 0 0 239.65836489814848 85.80951100400189 143.1 -86.2032702756541 239.5086817974762 60.56505 79.87413 -999.0 -999.0 -999.0 -999.0 -999.0 269.1348828434385 -28.778444100209025 269.2338282324475 -28.784345753319766 50.34347655476682 258.8334149931509 -999.0 16600.0 -999.0 2 -999 {-999.0 -999.0 -999.0 -999.0 -999.0} "" -999.0 -999.0 -999.0 -999.0 -999 -999 "" "" "" "" 0 0 0.0 0.0 -999 ""
FIBERMAP 777 R+4C22 BOSS 1 1 0 1 0 0 240.26687835443545 85.23787687202147 143.1 -85.63266133037237 240.11812145897997 60.56505 79.87413 269.13664753784235 -28.776599488585052 -1.5170667 -2.9881701 0.33254504 269.13666485905276 -28.77656994313073 269.2358015532924 -28.782503422182632 50.344792881126175 258.83679495196634 5400.0 5400.0 2016.0 1 246 {-999.0 16.474268 14.680615 13.835616 -999.0} sdss_psfmag_from_g3xp 15.647102 14.440166 13.363333 10.82 63050395309779839 1093142297 bright_3x1 mwm_astar_core_boss mwm_ob science 0 0 0.0 0.0 -999 ""
FIBERMAP 777 R+4C22 METROLOGY 0 0 0 1 0 0 239.53983286600496 85.07096623612928 143.1 -85.46455315218533 239.39137551575737 60.56505 79.87413 -999.0 -999.0 -999.0 -999.0 -999.0 269.13726351781503 -28.77872231431118 269.23635136137864 -28.78464340110655 50.34570206665043 258.83366678570553 -999.0 6231.0 -999.0 -1 -999 {-999.0 -999.0 -999.0 -999.0 -999.0} "" -999.0 -999.0 -999.0 -999.0 -999 -999 "" "" "" "" 0 0 0.0 0.0 -999 ""
FIBERMAP 778 R-4C7 APOGEE 1 0 0 1 1 0 -92.64975398281175 -74.72976743149957 143.1 74.88065437682145 -92.52313162909097 55.545643 59.71756 269.6665726658371 -29.82798133309526 -6.2441335 -5.2207894 -0.01569025 269.6907718079988 -29.785468608870545 269.7931224292794 -29.789635172397258 51.015970875167675 257.4250802432483 16000.0 16600.0 2016.0 2 297 {-999.0 17.591345 15.644305 14.559622 -999.0} sdss_psfmag_ps1 16.424257 14.88904 13.660579 10.677 63050395284797244 1153385917 bright_1x1 mwm_galactic_core_dist_apogee_sparse mwm_galactic science 0 0 0.0 0.0 -999 ""
FIBERMAP 778 R-4C7 BOSS 0 0 0 1 1 0 -92.44678719996757 -75.44106638366733 143.1 75.5915946346967 -92.31899451679928 55.545643 59.71756 -999.0 -999.0 -999.0 -999.0 -999.0 269.69310607778243 -29.78486583125777 269.7956503716008 -29.789057529060834 51.01802389746249 257.42661479810613 -999.0 5400.0 -999.0 1 488 {-999.0 -999.0 -999.0 -999.0 -999.0} "" -999.0 -999.0 -999.0 -999.0 -999 -999 "" "" "" "" 0 0 0.0 0.0 -999 ""
FIBERMAP 778 R-4C7 METROLOGY 0 0 0 1 1 0 -93.1647763284928 -75.276313718496 143.1 75.42803519708566 -93.0372331351511 55.545643 59.71756 -999.0 -999.0 -999.0 -999.0 -999.0 269.6925946931513 -29.78706197669927 269.7950913157522 -29.791245709839277 51.01794293622201 257.42305424353987 -999.0 6231.0 -999.0 -1 -999 {-999.0 -999.0 -999.0 -999.0 -999.0} "" -999.0 -999.0 -999.0 -999.0 -999 -999 "" "" "" "" 0 0 0.0 0.0 -999 ""
FIBERMAP 782 R-9C4 APOGEE 0 0 0 1 0 0 -106.46367102296418 -180.5997777029418 143.1 180.770114348857 -106.16144019928619 13.928279 78.59381 -999.0 -999.0 -999.0 -999.0 -999.0 270.0600635099422 -29.826067964342894 270.16244901406355 -29.829214371510236 51.33832502097477 257.4548356922337 -999.0 16600.0 -999.0 2 -999 {-999.0 -999.0 -999.0 -999.0 -999.0} "" -999.0 -999.0 -999.0 -999.0 -999 -999 "" "" "" "" 0 0 0.0 0.0 -999 ""
FIBERMAP 782 R-9C4 BOSS 1 1 0 1 0 0 -106.41692618657824 -181.32447715503028 143.1 181.49471314797518 -106.11349783658541 13.928279 78.59381 270.06245675896406 -29.82591868044145 1.6748632 -1.0384521 0.8569002 270.0624394442625 -29.82590689971152 270.16501810099146 -29.82907740442686 51.34049358873077 257.4556876255247 5400.0 5400.0 2016.0 1 466 {-999.0 14.447159 14.100378 13.994689 -999.0} sdss_psfmag_from_g3xp 14.389349 14.10445 13.662151 -999.0 63050395307271434 977824191 "" ops_std_boss ops_std standard_boss 0 0 0.0 0.0 -999 ""
FIBERMAP 782 R-9C4 METROLOGY 0 0 0 1 0 0 -107.09060204268258 -181.0077675475592 143.1 181.17912833911723 -106.78767602388271 13.928279 78.59381 -999.0 -999.0 -999.0 -999.0 -999.0 270.0614275745008 -29.827975368145545 270.16395885400203 -29.83113954140827 51.33995709274312 257.4521772154292 -999.0 6231.0 -999.0 -1 -999 {-999.0 -999.0 -999.0 -999.0 -999.0} "" -999.0 -999.0 -999.0 -999.0 -999 -999 "" "" "" "" 0 0 0.0 0.0 -999 ""
FIBERMAP 783 R+5C15 APOGEE 0 0 0 1 0 0 72.44572011406407 80.31458854864431 143.1 -80.43186785068038 72.31050749854681 283.10617 78.562065 -999.0 -999.0 -999.0 -999.0 -999.0 269.15078290210323 -29.283710747819196 269.25150319975046 -29.289462604261708 50.45927877504694 258.0616788546693 -999.0 16600.0 -999.0 2 -999 {-999.0 -999.0 -999.0 -999.0 -999.0} "" -999.0 -999.0 -999.0 -999.0 -999 -999 "" "" "" "" 0 0 0.0 0.0 -999 ""
FIBERMAP 783 R+5C15 BOSS 1 1 0 1 0 0 71.60862099226799 80.330997317037 143.1 -80.44689109363678 71.47340815655086 283.10617 78.562065 269.1504389396435 -29.28615867852413 3.5871162 0.98979414 1.3587041 269.15046389551503 -29.286175600614182 269.25139198936404 -29.29196214338893 50.459668755962305 258.05779770330577 5400.0 5400.0 2016.0 1 221 {-999.0 14.338075 13.867701 13.700802 -999.0} sdss_psfmag_from_g3xp 14.240766 13.89024 13.359129 -999.0 63050395286698850 981641014 "" ops_std_boss_tic ops_std standard_boss 0 0 0.0 0.0 -999 ""
FIBERMAP 783 R+5C15 METROLOGY 0 0 0 1 0 0 72.03710857913876 80.94111454995797 143.1 -81.05769764130183 71.90087250808892 283.10617 78.562065 -999.0 -999.0 -999.0 -999.0 -999.0 269.1483960292693 -29.28487267073139 269.2492637167692 -29.29065543372869 50.45759428373137 258.05924534412486 -999.0 6231.0 -999.0 -1 -999 {-999.0 -999.0 -999.0 -999.0 -999.0} "" -999.0 -999.0 -999.0 -999.0 -999 -999 "" "" "" "" 0 0 0.0 0.0 -999 ""
FIBERMAP 785 R+5C13 APOGEE 1 1 0 1 0 0 55.04285613506714 96.2453577815586 143.1 -96.33333121673522 54.88184556521417 62.90359 34.037086 269.0951045123285 -29.3362807305674 -5.883569 -8.820217 0.011818708 269.095093908642 -29.33633342543064 269.1960164859483 -29.342226908546664 50.422035459355264 257.9656842369419 16000.0 16600.0 2016.0 2 150 {-999.0 23.027119 18.594467 15.794434 -999.0} sdss_psfmag_ps1 -999.0 15.4169035 -999.0 8.349 63050395286708340 1153392520 bright_1x1 mwm_galactic_core_dist_apogee_sparse mwm_galactic science 0 0 0.0 0.0 -999 ""
FIBERMAP 785 R+5C13 BOSS 0 0 0 1 0 0 55.15681034667469 95.49940410480521 143.1 -95.58759007595762 54.99703030664277 62.90359 34.037086 -999.0 -999.0 -999.0 -999.0 -999.0 269.09743217637606 -29.335931474078485 269.19855202091907 -29.341852869511815 50.42413171631186 257.9669308640048 -999.0 5400.0 -999.0 1 154 {-999.0 -999.0 -999.0 -999.0 -999.0} "" -999.0 -999.0 -999.0 -999.0 -999 -999 "" "" "" "" 0 0 0.0 0.0 -999 ""
FIBERMAP 785 R+5C13 METROLOGY 0 0 0 1 0 0 54.45707731807948 95.7759751125427 143.1 -95.8629944641672 54.296862195214274 62.90359 34.037086 -999.0 -999.0 -999.0 -999.0 -999.0 269.09650374761003 -29.33805597594669 269.19757489847143 -29.343969763541324 50.4237051851292 257.96341242098265 -999.0 6231.0 -999.0 -1 -999 {-999.0 -999.0 -999.0 -999.0 -999.0} "" -999.0 -999.0 -999.0 -999.0 -999 -999 "" "" "" "" 0 0 0.0 0.0 -999 ""
FIBERMAP 788 R+7C6 APOGEE 0 0 0 1 0 0 -91.87457021729993 131.3649064159196 143.1 -131.20867221745144 -92.08896064561829 305.10602 140.97792 -999.0 -999.0 -999.0 -999.0 -999.0 268.9704204459767 -29.781456014799897 269.0729641383776 -29.787598080053044 50.401150590815675 257.2476557447028 -999.0 16600.0 -999.0 2 -999 {-999.0 -999.0 -999.0 -999.0 -999.0} "" -999.0 -999.0 -999.0 -999.0 -999 -999 "" "" "" "" 0 0 0.0 0.0 -999 ""
FIBERMAP 788 R+7C6 BOSS 1 1 0 1 0 0 -91.8899689568723 130.6011981083505 143.1 -130.44496299990416 -92.10309531884614 305.10602 140.97792 268.9728479334421 -29.78151109145936 1.2335323 -0.5953178 0.87882596 268.9728206349091 -29.781522740591647 269.0755646100039 -29.787690974989413 50.40338574394725 257.24816706458273 5400.0 5400.0 2016.0 1 69 {-999.0 15.64469 15.068942 14.870364 -999.0} sdss_psfmag_gaia 15.491641 15.108697 14.515757 13.436 63050395285090479 982148278 "" ops_std_boss_tic ops_std standard_boss 0 0 0.0 0.0 -999 ""
FIBERMAP 788 R+7C6 METROLOGY 0 0 0 1 0 0 -92.5377145041962 131.01887481107266 143.1 -130.86155455825198 -92.75151108362931 305.10602 140.97792 -999.0 -999.0 -999.0 -999.0 -999.0 268.971394030021 -29.783496772171993 269.074088600677 -29.789659216975135 50.402490642598686 257.24476080333613 -999.0 6231.0 -999.0 -1 -999 {-999.0 -999.0 -999.0 -999.0 -999.0} "" -999.0 -999.0 -999.0 -999.0 -999 -999 "" "" "" "" 0 0 0.0 0.0 -999 ""
FIBERMAP 794 R-11C15 APOGEE 0 0 0 1 1 0 164.3396119998422 -212.5033726957379 143.1 212.22463348224431 164.6859165663934 43.327404 69.6289 -999.0 -999.0 -999.0 -999.0 -999.0 270.1656404516968 -29.006184213043937 270.2650814652221 -29.00921429840082 51.27304896865416 258.7701408976284 -999.0 16600.0 -999.0 2 -999 {-999.0 -999.0 -999.0 -999.0 -999.0} "" -999.0 -999.0 -999.0 -999.0 -999 -999 "" "" "" "" 0 0 0.0 0.0 -999 ""
FIBERMAP 794 R-11C15 BOSS 1 0 0 1 1 0 164.64201237862662 -213.13454514128492 143.1 212.8552852961549 164.98935150502868 43.327404 69.6289 270.18687837915604 -29.117328230794097 0.88758546 -1.94845 0.58551264 270.16760479175787 -29.005240618243253 270.2672345980607 -29.008299047636605 51.27471726589739 258.7721629496391 5400.0 5400.0 2016.0 1 332 {-999.0 16.992044 16.17467 15.868847 -999.0} sdss_psfmag_gaia 16.17935 16.21554 14.9475355 -999.0 63050395308073211 978638451 "" ops_std_boss ops_std standard_boss 0 0 0.0 0.0 -999 ""
FIBERMAP 794 R-11C15 METROLOGY 0 0 0 1 1 0 163.89564399687217 -213.1053615902658 143.1 212.82733756565932 164.2429588482401 43.327404 69.6289 -999.0 -999.0 -999.0 -999.0 -999.0 270.16762880224024 -29.007468404284406 270.26721183214477 -29.010516791518928 51.27513031900822 258.7686797573398 -999.0 6231.0 -999.0 -1 -999 {-999.0 -999.0 -999.0 -999.0 -999.0} "" -999.0 -999.0 -999.0 -999.0 -999 -999 "" "" "" "" 0 0 0.0 0.0 -999 ""
FIBERMAP 797 R0C6 APOGEE 0 0 0 1 0 0 -190.33722879621752 -10.165158404587526 143.1 10.479748234835197 -190.31428742110148 235.0341 101.99865 -999.0 -999.0 -999.0 -999.0 -999.0 269.4645612289853 -30.081104771072724 269.56804047715934 -30.085829285421628 50.876955739478525 256.90723366409696 -999.0 16600.0 -999.0 2 -999 {-999.0 -999.0 -999.0 -999.0 -999.0} "" -999.0 -999.0 -999.0 -999.0 -999 -999 "" "" "" "" 0 0 0.0 0.0 -999 ""
FIBERMAP 797 R0C6 BOSS 1 1 0 1 0 0 -191.11229899060925 -9.786642570240623 143.1 10.102526946333889 -191.08995894461998 235.0341 101.99865 269.4630432128906 -30.083488252449513 -999.0 -999.0 -999.0 269.4630368724754 -30.08346996759292 269.5667233855457 -30.088228852879485 50.87625644456075 256.9031722101727 5400.0 5400.0 2015.5 1 451 {-999.0 -999.0 -999.0 -999.0 -999.0} "" -999.0 -999.0 -999.0 -999.0 27021603147180550 852480440 "" ops_sky_boss_fallback ops_sky sky_boss 0 0 0.0 0.0 -999 ""
FIBERMAP 797 R0C6 METROLOGY 0 0 0 1 0 0 -190.4614834344363 -9.427554851398408 143.1 9.742373991274842 -190.43975844233944 235.0341 101.99865 -999.0 -999.0 -999.0 -999.0 -999.0 269.46183977209677 -30.081539886291793 269.5654634825852 -30.086293767459846 50.874842585227896 256.90588673825937 -999.0 6231.0 -999.0 -1 -999 {-999.0 -999.0 -999.0 -999.0 -999.0} "" -999.0 -999.0 -999.0 -999.0 -999 -999 "" "" "" "" 0 0 0.0 0.0 -999 ""
FIBERMAP 798 R+9C9 APOGEE 1 1 0 1 0 0 -6.891028370390914 154.77364973220858 143.1 -154.75726950838668 -7.1468828577507075 336.54044 50.538025 268.890380859375 -29.52330308111165 -999.0 -999.0 -999.0 268.890379363763 -29.52334437210587 268.9920239083817 -29.52975998214439 50.28366931894496 257.6237994408565 16000.0 16600.0 2015.5 2 135 {-999.0 -999.0 -999.0 -999.0 -999.0} "" -999.0 -999.0 -999.0 -999.0 27021603147184405 848860185 "" ops_sky_apogee_good ops_sky sky_apogee 0 0 0.0 0.0 -999 ""
FIBERMAP 798 R+9C9 BOSS 0 0 0 1 0 0 -7.533951324759379 154.42888914067908 143.1 -154.41145627822522 -7.789214716646641 336.54044 50.538025 -999.0 -999.0 -999.0 -999.0 -999.0 268.8912879017935 -29.52526901675002 268.9931398742186 -29.531715635881937 50.28499507420001 257.6210843686712 -999.0 5400.0 -999.0 1 130 {-999.0 -999.0 -999.0 -999.0 -999.0} "" -999.0 -999.0 -999.0 -999.0 -999 -999 "" "" "" "" 0 0 0.0 0.0 -999 ""
FIBERMAP 798 R+9C9 METROLOGY 0 0 0 1 0 0 -7.555212675405148 155.15870056020032 143.1 -155.14120904327788 -7.8116828712338995 336.54044 50.538025 -999.0 -999.0 -999.0 -999.0 -999.0 268.88878680066546 -29.52533017070576 268.990582786243 -29.531774031419925 50.282822053921386 257.6203314248502 -999.0 6231.0 -999.0 -1 -999 {-999.0 -999.0 -999.0 -999.0 -999.0} "" -999.0 -999.0 -999.0 -999.0 -999 -999 "" "" "" "" 0 0 0.0 0.0 -999 ""
FIBERMAP 801 R+7C20 APOGEE 1 1 0 1 0 0 210.86033365533575 143.1882127030994 143.1 -143.53247924234523 210.61664271831975 25.285631 173.59444 268.93625378576075 -28.864771216168844 2.2026725 -1.8685825 -0.19695109 268.9362505356725 -28.864732526077276 269.0355545787058 -28.87116054929365 50.19113818320135 258.64501642763537 16000.0 16600.0 2016.0 2 89 {-999.0 20.831036 20.655262 14.687401 -999.0} sdss_psfmag_gaia 18.392138 15.113658 13.452767 8.62 63050395309724066 1154577633 bright_1x1 mwm_galactic_core_dist_apogee_sparse mwm_galactic science 0 0 0.0 0.0 -999 ""
FIBERMAP 801 R+7C20 BOSS 0 0 0 1 0 0 211.5522000717905 143.42851885123403 143.1 -143.77392236723915 211.30808928686042 25.285631 173.59444 -999.0 -999.0 -999.0 -999.0 -999.0 268.93523731648907 -28.86260243683528 269.03473383910176 -28.86907005423206 50.19000885777852 258.6479846475856 -999.0 5400.0 -999.0 1 263 {-999.0 -999.0 -999.0 -999.0 -999.0} "" -999.0 -999.0 -999.0 -999.0 -999 -999 "" "" "" "" 0 0 0.0 0.0 -999 ""
FIBERMAP 801 R+7C20 METROLOGY 0 0 0 1 0 0 211.41807163434916 142.7034849267445 143.1 -143.04868984795536 211.1751647475946 25.285631 173.59444 -999.0 -999.0 -999.0 -999.0 -999.0 268.9377592618036 -28.86298270802263 269.03719981615956 -28.869433020124013 50.19219703742392 258.64811642418437 -999.0 6231.0 -999.0 -1 -999 {-999.0 -999.0 -999.0 -999.0 -999.0} "" -999.0 -999.0 -999.0 -999.0 -999 -999 "" "" "" "" 0 0 0.0 0.0 -999 ""
FIBERMAP 803 R-5C19 APOGEE 0 0 0 1 0 0 187.26171696967907 -101.29231651495559 143.1 100.97922973282854 187.42328319764798 34.072636 60.65634 -999.0 -999.0 -999.0 -999.0 -999.0 269.7814715895399 -28.937027558986678 269.8807851495665 -28.941124172753117 50.930029977137 258.7711623733887 -999.0 16600.0 -999.0 2 -999 {-999.0 -999.0 -999.0 -999.0 -999.0} "" -999.0 -999.0 -999.0 -999.0 -999 -999 "" "" "" "" 0 0 0.0 0.0 -999 ""
FIBERMAP 803 R-5C19 BOSS 1 1 0 1 0 0 187.33716536774176 -102.02549459085337 143.1 101.71225939238042 187.49994222672365 34.072636 60.65634 269.7838488080021 -28.936717070544137 -4.5557857 -6.0264454 0.11657959 269.78383677067905 -28.936724323509566 269.88334338935533 -28.94084901123642 50.93216974282445 258.7722945614329 5400.0 5400.0 2016.0 1 313 {-999.0 16.873592 14.998875 13.614293 -999.0} sdss_psfmag_from_g3xp 15.955426 14.337313 13.059868 9.885 63050395308169859 1093142595 bright_3x1 mwm_astar_core_boss mwm_ob science 0 0 0.0 0.0 -999 ""
FIBERMAP 803 R-5C19 METROLOGY 0 0 0 1 0 0 186.65375923728595 -101.72807517800146 143.1 101.41598025653751 186.81606599410657 34.072636 60.65634 -999.0 -999.0 -999.0 -999.0 -999.0 269.78289020350604 -28.938766894675712 269.8823490768001 -28.942883966293778 50.93172029356963 258.76885610215936 -999.0 6231.0 -999.0 -1 -999 {-999.0 -999.0 -999.0 -999.0 -999.0} "" -999.0 -999.0 -999.0 -999.0 -999 -999 "" "" "" "" 0 0 0.0 0.0 -999 ""
FIBERMAP 810 R+10C16 APOGEE 0 0 0 1 0 0 155.3355190111238 175.22303788050468 143.1 -175.47440695970673 155.04061196640276 305.8529 68.06032 -999.0 -999.0 -999.0 -999.0 -999.0 268.82394839060487 -29.03183123011228 268.92387118923926 -29.03853207844313 50.129269963445346 258.35831702819587 -999.0 16600.0 -999.0 2 -999 {-999.0 -999.0 -999.0 -999.0 -999.0} "" -999.0 -999.0 -999.0 -999.0 -999 -999 "" "" "" "" 0 0 0.0 0.0 -999 ""
FIBERMAP 810 R+10C16 BOSS 1 1 0 1 0 0 154.61416539383325 175.02941112297572 143.1 -175.27959293662448 154.31960191358831 305.8529 68.06032 268.82434791584114 -29.033956698955897 3.5519583 -1.7118118 0.97533643 268.82436318654015 -29.033951997292494 268.9244938857693 -29.04068718402051 50.13023588216128 258.3551940857344 5400.0 5400.0 2016.0 1 185 {-999.0 16.184649 15.540254 15.332226 -999.0} sdss_psfmag_ps1 15.856785 15.451571 14.779918 -999.0 63050395287206410 982148308 "" ops_std_boss_tic ops_std standard_boss 0 0 0.0 0.0 -999 ""
FIBERMAP 810 R+10C16 METROLOGY 0 0 0 1 0 0 154.80364403336114 175.74897250080085 143.1 -175.99944466332823 154.50788392883337 305.8529 68.06032 -999.0 -999.0 -999.0 -999.0 -999.0 268.82191154248653 -29.033357764026114 268.92198400790187 -29.04008962378399 50.12796626790513 258.35542022024975 -999.0 6231.0 -999.0 -1 -999 {-999.0 -999.0 -999.0 -999.0 -999.0} "" -999.0 -999.0 -999.0 -999.0 -999 -999 "" "" "" "" 0 0 0.0 0.0 -999 ""
FIBERMAP 811 R-13C1 APOGEE 1 1 0 1 0 0 -151.09751205468697 -242.98727409715812 143.1 243.2294514157444 -150.6906240291646 100.073586 135.85188 270.27691390978606 -29.95930041076915 -2.0467734 -2.7184916 -0.021391513 270.2769403667973 -29.959331474040034 270.379737979484 -29.9618559687911 51.54713988231156 257.29866245429974 16000.0 16600.0 2016.0 2 154 {-999.0 17.047451 15.273465 14.183005 -999.0} sdss_psfmag_gaia 16.135967 14.862265 13.693265 10.875 63050395257694616 1154363768 bright_1x1 mwm_galactic_core_dist_apogee_sparse mwm_galactic science 0 0 0.0 0.0 -999 ""
FIBERMAP 811 R-13C1 BOSS 0 0 0 1 0 0 -150.68129615664301 -242.37211886147625 143.1 242.61362733114444 -150.27543930716678 100.073586 135.85188 -999.0 -999.0 -999.0 -999.0 -999.0 270.2745858087838 -29.9580507197259 270.37757296852607 -29.96061161310475 51.5450759337749 257.30010675038017 -999.0 5400.0 -999.0 1 435 {-999.0 -999.0 -999.0 -999.0 -999.0} "" -999.0 -999.0 -999.0 -999.0 -999 -999 "" "" "" "" 0 0 0.0 0.0 -999 ""
FIBERMAP 811 R-13C1 METROLOGY 0 0 0 1 0 0 -150.35368482530313 -243.032618369616 143.1 243.27356355219678 -149.9467457047574 100.073586 135.85188 -999.0 -999.0 -999.0 -999.0 -999.0 270.27698407341 -29.957081791859853 270.3799121849466 -29.959627910484343 51.54689993331498 257.30223269890485 -999.0 6231.0 -999.0 -1 -999 {-999.0 -999.0 -999.0 -999.0 -999.0} "" -999.0 -999.0 -999.0 -999.0 -999 -999 "" "" "" "" 0 0 0.0 0.0 -999 ""
FIBERMAP 812 R-8C7 APOGEE 0 0 0 1 0 0 -85.28932480589452 -156.70969821841587 143.1 156.8457699905182 -85.02730175894744 219.60771 75.765915 -999.0 -999.0 -999.0 -999.0 -999.0 269.9767861071174 -29.762370567824817 270.0789686310537 -29.76575845013175 51.25568232788008 257.53391266148697 -999.0 16600.0 -999.0 2 -999 {-999.0 -999.0 -999.0 -999.0 -999.0} "" -999.0 -999.0 -999.0 -999.0 -999 -999 "" "" "" "" 0 0 0.0 0.0 -999 ""
FIBERMAP 812 R-8C7 BOSS 1 1 0 1 0 0 -85.61128042673786 -155.92423926210463 143.1 156.06086898359666 -85.35054658075553 219.60771 75.765915 269.9739074707031 -29.76338227810335 -999.0 -999.0 -999.0 269.9739216458246 -29.76335566081303 270.07630342956054 -29.766782152530837 51.25359097575569 257.53163798469785 5400.0 5400.0 2015.5 1 373 {-999.0 -999.0 -999.0 -999.0 -999.0} "" -999.0 -999.0 -999.0 -999.0 27021603147275455 852502315 "" ops_sky_boss_fallback ops_sky sky_boss 0 0 0.0 0.0 -999 ""
FIBERMAP 812 R-8C7 METROLOGY 0 0 0 1 0 0 -84.87651149417499 -156.0859327284573 143.1 156.22134155827132 -84.6155337596585 219.60771 75.765915 -999.0 -999.0 -999.0 -999.0 -999.0 269.9745588390269 -29.761147399325235 270.07687729701354 -29.76456383846862 51.25368142692215 257.5352677246209 -999.0 6231.0 -999.0 -1 -999 {-999.0 -999.0 -999.0 -999.0 -999.0} "" -999.0 -999.0 -999.0 -999.0 -999 -999 "" "" "" "" 0 0 0.0 0.0 -999 ""
FIBERMAP 813 R+1C24 APOGEE 1 1 0 1 0 0 249.51262659639204 3.8965786830354556 143.1 -4.309277069468076 249.49815311511148 11.825217 42.41574 269.417724609375 -28.749255473203945 -999.0 -999.0 -999.0 269.4177107786187 -28.749213108474226 269.51647248438576 -28.75434582649753 50.579894703734674 258.95898005450874 16000.0 16600.0 2015.5 2 112 {-999.0 -999.0 -999.0 -999.0 -999.0} "" -999.0 -999.0 -999.0 -999.0 27021603147280962 848879866 "" ops_sky_apogee_good ops_sky sky_apogee 0 0 0.0 0.0 -999 ""
FIBERMAP 813 R+1C24 BOSS 0 0 0 1 0 0 249.08815195890966 3.262595007165494 143.1 -3.6746114861146606 249.07474107138734 11.825217 42.41574 -999.0 -999.0 -999.0 -999.0 -999.0 269.4196998771058 -28.75043601395815 269.51866197929485 -28.755598906382154 50.58202924395427 258.9576639434929 -999.0 5400.0 -999.0 1 191 {-999.0 -999.0 -999.0 -999.0 -999.0} "" -999.0 -999.0 -999.0 -999.0 -999 -999 "" "" "" "" 0 0 0.0 0.0 -999 ""
FIBERMAP 813 R+1C24 METROLOGY 0 0 0 1 0 0 248.76618366576244 3.9520409309762083 143.1 -4.363502528189494 248.7516424332054 11.825217 42.41574 -999.0 -999.0 -999.0 -999.0 -999.0 269.4173731653718 -28.75136672821672 269.516283470832 -28.756525631606117 50.58017658380022 258.9555661239113 -999.0 6231.0 -999.0 -1 -999 {-999.0 -999.0 -999.0 -999.0 -999.0} "" -999.0 -999.0 -999.0 -999.0 -999 -999 "" "" "" "" 0 0 0.0 0.0 -999 ""
FIBERMAP 815 R-12C7 APOGEE 0 0 0 1 0 0 -23.854711397859486 -242.61767728077282 143.1 242.6493406774618 -23.45252812118536 230.38045 143.85986 -999.0 -999.0 -999.0 -999.0 -999.0 270.2741758544751 -29.574862673751536 270.37559797856767 -29.57747567985562 51.4750033592567 257.9053321663413 -999.0 16600.0 -999.0 2 -999 {-999.0 -999.0 -999.0 -999.0 -999.0} "" -999.0 -999.0 -999.0 -999.0 -999 -999 "" "" "" "" 0 0 0.0 0.0 -999 ""
FIBERMAP 815 R-12C7 BOSS 1 1 0 1 0 0 -24.524254569369532 -242.8074774772864 143.1 242.8402425411841 -24.121735726020543 230.38045 143.85986 270.27465820312494 -29.576902459601513 -999.0 -999.0 -999.0 270.2746780351863 -29.576855650868787 270.3762999891058 -29.579498001019616 51.4759727780324 257.9023187585585 5400.0 5400.0 2015.5 1 366 {-999.0 -999.0 -999.0 -999.0 -999.0} "" -999.0 -999.0 -999.0 -999.0 27021603147275984 852502421 "" ops_sky_boss_fallback ops_sky sky_boss 0 0 0.0 0.0 -999 ""
FIBERMAP 815 R-12C7 METROLOGY 0 0 0 1 0 0 -24.38291556382793 -242.08805611819557 143.1 242.12061047671764 -23.981591564505493 230.38045 143.85986 -999.0 -999.0 -999.0 -999.0 -999.0 270.2722919416148 -29.57645487147123 270.3738585503569 -29.57909501812036 51.47381163743856 257.90233266946177 -999.0 6231.0 -999.0 -1 -999 {-999.0 -999.0 -999.0 -999.0 -999.0} "" -999.0 -999.0 -999.0 -999.0 -999 -999 "" "" "" "" 0 0 0.0 0.0 -999 ""
FIBERMAP 817 R+10C12 APOGEE 0 0 0 1 0 0 46.45088124748164 201.01975017418303 143.1 -201.09013754900934 46.116795699623935 234.94868 21.47919 -999.0 -999.0 -999.0 -999.0 -999.0 268.73132914807576 -29.360780315706283 268.83244016966637 -29.367666189237998 50.1160933741668 257.8304864054565 -999.0 16600.0 -999.0 2 -999 {-999.0 -999.0 -999.0 -999.0 -999.0} "" -999.0 -999.0 -999.0 -999.0 -999 -999 "" "" "" "" 0 0 0.0 0.0 -999 ""
FIBERMAP 817 R+10C12 BOSS 1 1 0 1 0 0 46.67547785763355 201.79538607562392 143.1 -201.8661200988802 46.340101779347286 234.94868 21.47919 268.72833251953125 -29.35999987520526 -999.0 -999.0 -999.0 268.72839328427364 -29.360037757597382 268.82970404033625 -29.366966690080325 50.1136183187944 257.83083277622893 5400.0 5400.0 2015.5 1 147 {-999.0 -999.0 -999.0 -999.0 -999.0} "" -999.0 -999.0 -999.0 -999.0 27021603147184614 852481458 "" ops_sky_boss_fallback ops_sky sky_boss 0 0 0.0 0.0 -999 ""
FIBERMAP 817 R+10C12 METROLOGY 0 0 0 1 0 0 47.163693778767886 201.24645816265584 143.1 -201.31801760745202 46.8292102076183 234.94868 21.47919 -999.0 -999.0 -999.0 -999.0 -999.0 268.73033035648115 -29.3585725793349 268.8315782520713 -29.36548663077213 50.11493241938788 257.8335924226859 -999.0 6231.0 -999.0 -1 -999 {-999.0 -999.0 -999.0 -999.0 -999.0} "" -999.0 -999.0 -999.0 -999.0 -999 -999 "" "" "" "" 0 0 0.0 0.0 -999 ""
FIBERMAP 822 R+8C14 APOGEE 0 0 0 1 0 0 98.01834148194074 156.36290689323812 143.1 -156.52005023914353 97.75648273161308 316.17975 157.85019 -999.0 -999.0 -999.0 -999.0 -999.0 268.8873891965401 -29.205337553235267 268.9879064682236 -29.211828024116514 50.21855232023644 258.1105083462022 -999.0 16600.0 -999.0 2 -999 {-999.0 -999.0 -999.0 -999.0 -999.0} "" -999.0 -999.0 -999.0 -999.0 -999 -999 "" "" "" "" 0 0 0.0 0.0 -999 ""
FIBERMAP 822 R+8C14 BOSS 1 1 0 1 0 0 98.33233733814683 155.72775488264904 143.1 -155.88543817316267 98.07151935892944 316.17975 157.85019 268.8893278378238 -29.204310448259708 -0.969109 -1.343565 -1.5663303 268.8893377457317 -29.204326539559922 268.9900512947522 -29.21084702013583 50.22019448332531 258.112587766687 5400.0 5400.0 2016.0 1 168 {-999.0 18.742754 16.489416 15.446273 -999.0} sdss_psfmag_ps1 17.320992 15.933541 14.498745 11.079 63050395286815499 1093354794 bright_3x1 mwm_astar_core_boss mwm_ob science 0 0 0.0 0.0 -999 ""
FIBERMAP 822 R+8C14 METROLOGY 0 0 0 1 0 0 97.58035425056647 155.75655270470702 143.1 -155.9129908974601 97.31951281512954 316.17975 157.85019 -999.0 -999.0 -999.0 -999.0 -999.0 268.8892507119509 -29.20660006134589 268.9899155346152 -29.21311033894687 50.220524064589206 258.1090832367718 -999.0 6231.0 -999.0 -1 -999 {-999.0 -999.0 -999.0 -999.0 -999.0} "" -999.0 -999.0 -999.0 -999.0 -999 -999 "" "" "" "" 0 0 0.0 0.0 -999 ""
FIBERMAP 823 R-1C16 APOGEE 1 1 0 1 0 0 46.95708093668426 -22.719102035195103 143.1 22.64067974076271 46.993159603654966 166.11734 146.32785 269.50931811772676 -29.361707538821783 -4.876569 -6.8141756 -0.07378723 269.5093227927579 -29.361727630915446 269.6102162796411 -29.366480402080995 50.78099152053507 258.0374181235374 16000.0 16600.0 2016.0 2 219 {-999.0 21.047878 17.47945 14.816534 -999.0} sdss_psfmag_ps1 18.33432 14.990648 13.442778 9.224 63050395307888166 1153483905 bright_1x1 mwm_galactic_core_dist_apogee_sparse mwm_galactic science 0 0 0.0 0.0 -999 ""
FIBERMAP 823 R-1C16 BOSS 0 0 0 1 0 0 46.44906650082492 -22.1885240869515 143.1 22.110959380810172 46.4842836579439 166.11734 146.32785 -999.0 -999.0 -999.0 -999.0 -999.0 269.50729200485915 -29.363205211918977 269.6083883297626 -29.36799660096093 50.779716975941064 258.03458359156883 -999.0 5400.0 -999.0 1 316 {-999.0 -999.0 -999.0 -999.0 -999.0} "" -999.0 -999.0 -999.0 -999.0 -999 -999 "" "" "" "" 0 0 0.0 0.0 -999 ""
FIBERMAP 823 R-1C16 METROLOGY 0 0 0 1 0 0 47.17126177319266 -22.009585846008402 143.1 21.930832009266894 47.20615964121111 166.11734 146.32785 -999.0 -999.0 -999.0 -999.0 -999.0 269.5067279790534 -29.36101743330881 269.607760878338 -29.36580137967414 50.778761385010306 258.0378265809376 -999.0 6231.0 -999.0 -1 -999 {-999.0 -999.0 -999.0 -999.0 -999.0} "" -999.0 -999.0 -999.0 -999.0 -999 -999 "" "" "" "" 0 0 0.0 0.0 -999 ""
FIBERMAP 826 R+6C9 APOGEE 0 0 0 1 0 0 -25.922661543257735 109.03020147947926 143.1 -108.9838045401387 -26.10222033754545 33.52187 49.3241 -999.0 -999.0 -999.0 -999.0 -999.0 269.0492585682722 -29.58186988956316 269.15106701372764 -29.587837558338048 50.430512826985996 257.5755158770136 -999.0 16600.0 -999.0 2 -999 {-999.0 -999.0 -999.0 -999.0 -999.0} "" -999.0 -999.0 -999.0 -999.0 -999 -999 "" "" "" "" 0 0 0.0 0.0 -999 ""
FIBERMAP 826 R+6C9 BOSS 1 1 0 1 0 0 -26.010022052616716 108.30313689217098 143.1 -108.25661880185189 -26.188375093422152 33.52187 49.3241 269.0515870197011 -29.58211987899672 -1.4537821 -3.7060251 0.12786555 269.0515245426434 -29.58212593308136 269.1535332300272 -29.588120715535435 50.43267237051077 257.5757140563038 5400.0 5400.0 2016.0 1 135 {-999.0 18.6516 16.428513 15.251129 -999.0} sdss_psfmag_ps1 17.22695 15.665135 14.332523 11.25 63050395285307966 1093354576 bright_3x1 mwm_astar_core_boss mwm_ob science 0 0 0.0 0.0 -999 ""
FIBERMAP 826 R+6C9 METROLOGY 0 0 0 1 0 0 -26.608525218241642 108.73172327904635 143.1 -108.6842011659277 -26.787568110867937 33.52187 49.3241 -999.0 -999.0 -999.0 -999.0 -999.0 269.0500657610313 -29.58394799123918 269.15202469445455 -29.589936929134655 50.431726444352456 257.5725257314065 -999.0 6231.0 -999.0 -1 -999 {-999.0 -999.0 -999.0 -999.0 -999.0} "" -999.0 -999.0 -999.0 -999.0 -999 -999 "" "" "" "" 0 0 0.0 0.0 -999 ""
FIBERMAP 829 R-13C9 APOGEE 1 1 0 1 0 0 40.12369119428031 -267.50797143542314 143.1 267.43298056894514 40.564997864766816 318.4427 90.49712 270.3585910233431 -29.38087799769346 -1.4162779 -6.643484 0.078381404 270.3585902127808 -29.3808868844484 270.45929634604227 -29.38330971605423 51.51080903279283 258.2334218995126 16000.0 16600.0 2016.0 2 157 {-999.0 16.25321 14.570675 13.74102 -999.0} sdss_psfmag_from_g3xp 15.492375 14.346831 13.279288 10.755 63050395307561200 1152069350 bright_1x1 mwm_galactic_core_dist_apogee_sparse mwm_galactic science 0 0 0.0 0.0 -999 ""
FIBERMAP 829 R-13C9 BOSS 0 0 0 1 0 0 39.61999183087007 -268.05451437142983 143.1 267.980339304222 40.0622189711869 318.4427 90.49712 -999.0 -999.0 -999.0 -999.0 -999.0 270.36028416369703 -29.382369994853562 270.46118715810326 -29.384819605787197 51.51270896750913 258.2315312807416 -999.0 5400.0 -999.0 1 438 {-999.0 -999.0 -999.0 -999.0 -999.0} "" -999.0 -999.0 -999.0 -999.0 -999 -999 "" "" "" "" 0 0 0.0 0.0 -999 ""
FIBERMAP 829 R-13C9 METROLOGY 0 0 0 1 0 0 39.3813317318619 -267.35269532037523 143.1 267.2789376978236 39.82240537563093 318.4427 90.49712 -999.0 -999.0 -999.0 -999.0 -999.0 270.3579894653317 -29.38310364952469 270.4588413386688 -29.385550395869313 51.51083679648717 258.22976599099616 -999.0 6231.0 -999.0 -1 -999 {-999.0 -999.0 -999.0 -999.0 -999.0} "" -999.0 -999.0 -999.0 -999.0 -999 -999 "" "" "" "" 0 0 0.0 0.0 -999 ""
FIBERMAP 833 R0C10 APOGEE 0 0 0 1 0 0 -72.62113749507047 14.35173681048036 143.1 -14.231121978316652 -72.64254660452846 121.53941 11.457673 -999.0 -999.0 -999.0 -999.0 -999.0 269.37937193390525 -29.724645220257234 269.481595886714 -29.729677948208938 50.73912956139725 257.4402805550281 -999.0 16600.0 -999.0 2 -999 {-999.0 -999.0 -999.0 -999.0 -999.0} "" -999.0 -999.0 -999.0 -999.0 -999 -999 "" "" "" "" 0 0 0.0 0.0 -999 ""
FIBERMAP 833 R0C10 BOSS 1 1 0 1 0 0 -72.11790806696429 13.821458537146865 143.1 -13.701693366741036 -72.13845600846105 121.53941 11.457673 269.38104447347104 -29.723096858629855 -5.35914 -8.683751 0.12118948 269.3810212287357 -29.72313229917595 269.48343753855266 -29.728193043195354 50.74042837680783 257.44305177814147 5400.0 5400.0 2016.0 1 448 {-999.0 17.613718 15.742831 14.772463 -999.0} sdss_psfmag_ps1 16.547487 15.348407 14.238978 11.614 63050395285210784 1093354487 bright_3x1 mwm_astar_core_boss mwm_ob science 0 0 0.0 0.0 -999 ""
FIBERMAP 833 R0C10 METROLOGY 0 0 0 1 0 0 -72.84326387172429 13.637483291349552 143.1 -13.516523923212386 -72.86348408862273 121.53941 11.457673 -999.0 -999.0 -999.0 -999.0 -999.0 269.381714963562 -29.725350437532743 269.48408282468125 -29.73039967715241 50.74138505035002 257.4397872037982 -999.0 6231.0 -999.0 -1 -999 {-999.0 -999.0 -999.0 -999.0 -999.0} "" -999.0 -999.0 -999.0 -999.0 -999 -999 "" "" "" "" 0 0 0.0 0.0 -999 ""
FIBERMAP 834 R+2C24 APOGEE 0 0 0 1 0 0 237.9412094962277 28.90850015564639 143.1 -29.30124879370548 237.88572551841094 227.48758 118.05488 -999.0 -999.0 -999.0 -999.0 -999.0 269.3312585414671 -28.783873673320397 269.430166646517 -28.78923598261102 50.5129320586118 258.88098550672953 -999.0 16600.0 -999.0 2 -999 {-999.0 -999.0 -999.0 -999.0 -999.0} "" -999.0 -999.0 -999.0 -999.0 -999 -999 "" "" "" "" 0 0 0.0 0.0 -999 ""
FIBERMAP 834 R+2C24 BOSS 1 1 0 1 0 0 237.20091224446074 29.11503767909003 143.1 -29.506554836176345 237.145110360541 227.48758 118.05488 269.3303470963034 -28.786032827687063 -4.181831 -9.936413 0.999442 269.330336316261 -28.786033803956165 269.42944951363876 -28.791434098675005 50.51276385302766 258.8774000608024 5400.0 5400.0 2016.0 1 193 {-999.0 16.357458 15.685009 15.4449625 -999.0} sdss_psfmag_gaia 16.17519 15.728196 15.097021 -999.0 63050395309411329 982148768 "" ops_std_boss_tic ops_std standard_boss 0 0 0.0 0.0 -999 ""
FIBERMAP 834 R+2C24 METROLOGY 0 0 0 1 0 0 237.72400369267294 29.62426537951399 143.1 -30.016631620855676 237.6673424539226 227.48758 118.05488 -999.0 -999.0 -999.0 -999.0 -999.0 269.3286335865652 -28.78442976394612 269.4276857606633 -28.789824891924322 50.510923100158536 258.87938322293417 -999.0 6231.0 -999.0 -1 -999 {-999.0 -999.0 -999.0 -999.0 -999.0} "" -999.0 -999.0 -999.0 -999.0 -999 -999 "" "" "" "" 0 0 0.0 0.0 -999 ""
FIBERMAP 836 R+9C2 APOGEE 0 0 0 1 0 0 -170.24193088673968 195.07824625294774 143.1 -194.79030207710426 -170.559215355563 152.99315 48.27959 -999.0 -999.0 -999.0 -999.0 -999.0 268.7474444066977 -30.016604213261086 268.8508942800813 -30.023308716014228 50.255049545783905 256.8294693479552 -999.0 16600.0 -999.0 2 -999 {-999.0 -999.0 -999.0 -999.0 -999.0} "" -999.0 -999.0 -999.0 -999.0 -999 -999 "" "" "" "" 0 0 0.0 0.0 -999 ""
FIBERMAP 836 R+9C2 BOSS 1 1 0 1 0 0 -169.55949671464836 195.33678677021575 143.1 -195.04996337871367 -169.87723089709806 152.99315 48.27959 268.7460164968197 -30.01448773484645 2.581063 -4.5642133 -0.17874224 268.74634406093435 -30.01451033883471 268.84998909442726 -30.02125060240791 50.25390572257227 256.8324127550169 5400.0 5400.0 2016.0 1 19 {-999.0 13.547231 13.077785 12.923268 -999.0} sdss_psfmag_gaia 12.832857 13.10958 11.969866 11.073 63050395285011365 1093494151 bright_3x1 mwm_astar_core_boss mwm_ob science 0 0 0.9448305368423462 0.0 -999 ""
FIBERMAP 836 R+9C2 METROLOGY 0 0 0 1 0 0 -169.66323595070898 194.60431546917386 143.1 -194.31734400168278 -169.9797549072748 152.99315 48.27959 -999.0 -999.0 -999.0 -999.0 -999.0 268.7489062982745 -30.014888265600227 268.85249461935086 -30.02161226180401 50.25610472034684 256.8324715607788 -999.0 6231.0 -999.0 -1 -999 {-999.0 -999.0 -999.0 -999.0 -999.0} "" -999.0 -999.0 -999.0 -999.0 -999 -999 "" "" "" "" 0 0 0.0 0.0 -999 ""
FIBERMAP 843 R+7C18 APOGEE 1 1 0 1 0 0 166.52023387781838 156.1628274624129 143.1 -156.43331502407221 166.25650254192084 148.82262 50.840694 268.89011302746576 -28.998242944419367 -6.4189634 -10.364403 -0.13650288 268.8900946622068 -28.998261235886737 268.98988083447574 -29.004787754458626 50.17903365845538 258.42801030887597 16000.0 16600.0 2016.0 2 119 {-999.0 19.98091 18.212038 15.169112 -999.0} sdss_psfmag_gaia 18.257093 15.865013 14.436046 10.754 63050395287219846 1154467458 bright_1x1 mwm_galactic_core_dist_apogee_sparse mwm_galactic science 0 0 0.0 0.0 -999 ""
FIBERMAP 843 R+7C18 BOSS 0 0 0 1 0 0 167.23723828182207 156.4137485199502 143.1 -156.68541430821392 166.97306872676822 148.82262 50.840694 -999.0 -999.0 -999.0 -999.0 -999.0 268.88902223612666 -28.996031590568837 268.9890009792889 -29.002597460981644 50.177839318182855 258.43111891820126 -999.0 5400.0 -999.0 1 204 {-999.0 -999.0 -999.0 -999.0 -999.0} "" -999.0 -999.0 -999.0 -999.0 -999 -999 "" "" "" "" 0 0 0.0 0.0 -999 ""
FIBERMAP 843 R+7C18 METROLOGY 0 0 0 1 0 0 167.09275455221393 155.6814561980174 143.1 -155.95290649193825 166.8298012376193 148.82262 50.840694 -999.0 -999.0 -999.0 -999.0 -999.0 268.89157384588464 -28.99645744756884 268.99149665248734 -29.00300604158569 50.180059596274496 258.43117955537355 -999.0 6231.0 -999.0 -1 -999 {-999.0 -999.0 -999.0 -999.0 -999.0} "" -999.0 -999.0 -999.0 -999.0 -999 -999 "" "" "" "" 0 0 0.0 0.0 -999 ""
FIBERMAP 844 R-3C20 APOGEE 1 1 0 1 0 0 186.79346535352727 -67.38857603533191 143.1 67.07735462642152 186.89895221379703 31.746916 44.52627 269.66419150504385 -28.938346673489242 0.7104003 -7.3952527 0.12124105 269.66419778826344 -28.93835274287064 269.76355076440615 -28.94277030269254 50.82980569303843 258.7363254041469 16000.0 16600.0 2016.0 2 214 {-999.0 16.565928 14.62189 13.607831 -999.0} sdss_psfmag_from_g3xp 15.600627 14.268493 13.102082 10.279 63050395309452527 1152073139 bright_1x1 mwm_galactic_core_dist_apogee_sparse mwm_galactic science 0 0 0.0 0.0 -999 ""
FIBERMAP 844 R-3C20 BOSS 0 0 0 1 0 0 186.6474448887741 -68.13953799208332 143.1 67.82853401949644 186.7541789282299 31.746916 44.52627 -999.0 -999.0 -999.0 -999.0 -999.0 269.66662416666844 -28.938707894840014 269.7661731825502 -28.943153430481523 50.83213093908907 258.73645311097573 -999.0 5400.0 -999.0 1 306 {-999.0 -999.0 -999.0 -999.0 -999.0} "" -999.0 -999.0 -999.0 -999.0 -999 -999 "" "" "" "" 0 0 0.0 0.0 -999 ""
FIBERMAP 844 R-3C20 METROLOGY 0 0 0 1 0 0 186.09586527949713 -67.64753202887437 143.1 67.33745648323436 186.2018030286756 31.746916 44.52627 -999.0 -999.0 -999.0 -999.0 -999.0 269.6649915114634 -28.940354600659216 269.7644914009596 -28.944794426362463 50.83101471750446 258.73344369499654 -999.0 6231.0 -999.0 -1 -999 {-999.0 -999.0 -999.0 -999.0 -999.0} "" -999.0 -999.0 -999.0 -999.0 -999 -999 "" "" "" "" 0 0 0.0 0.0 -999 ""
FIBERMAP 845 R+9C16 APOGEE 1 1 0 1 0 0 124.5444864981911 173.1914449516348 143.1 -173.39193499276962 124.25393127484273 244.70778 40.469868 268.8299560546875 -29.124874844690467 -999.0 -999.0 -999.0 268.829956310863 -29.124871665853576 268.9302054075202 -29.13153651214389 50.153276173066935 258.2178526600352 16000.0 16600.0 2015.5 2 76 {-999.0 -999.0 -999.0 -999.0 -999.0} "" -999.0 -999.0 -999.0 -999.0 27021603147184805 848860324 "" ops_sky_apogee_good ops_sky sky_apogee 0 0 0.0 0.0 -999 ""
FIBERMAP 845 R+9C16 BOSS 0 0 0 1 0 0 124.41117062136917 173.92767226880383 143.1 -174.12791805257746 124.11940158350104 244.70778 40.469868 -999.0 -999.0 -999.0 -999.0 -999.0 268.8271633198574 -29.125201474184237 268.92761501151597 -29.131909474804015 50.15113280893659 258.2165799863062 -999.0 5400.0 -999.0 1 235 {-999.0 -999.0 -999.0 -999.0 -999.0} "" -999.0 -999.0 -999.0 -999.0 -999 -999 "" "" "" "" 0 0 0.0 0.0 -999 ""
FIBERMAP 845 R+9C16 METROLOGY 0 0 0 1 0 0 125.11625079312198 173.66088989683143 143.1 -173.86231083220218 124.82490047057847 244.70778 40.469868 -999.0 -999.0 -999.0 -999.0 -999.0 268.82813490246383 -29.123064486616066 268.9285219137399 -29.12976019728277 50.15148173242332 258.22011310941383 -999.0 6231.0 -999.0 -1 -999 {-999.0 -999.0 -999.0 -999.0 -999.0} "" -999.0 -999.0 -999.0 -999.0 -999 -999 "" "" "" "" 0 0 0.0 0.0 -999 ""
FIBERMAP 850 R+3C23 APOGEE 0 0 0 1 0 0 246.10175211411038 71.91955068710817 143.1 -72.32441749727958 245.97484296055842 83.11241 81.14278 -999.0 -999.0 -999.0 -999.0 -999.0 269.1829251476798 -28.759151261701632 269.2817892755336 -28.764925296925696 50.38065497903968 258.8766915913759 -999.0 16600.0 -999.0 2 -999 {-999.0 -999.0 -999.0 -999.0 -999.0} "" -999.0 -999.0 -999.0 -999.0 -999 -999 "" "" "" "" 0 0 0.0 0.0 -999 ""
FIBERMAP 850 R+3C23 BOSS 1 1 0 1 0 0 246.9139184923664 71.63643433286104 143.1 -72.04265399638841 246.7874516342155 83.11241 81.14278 269.1837045749314 -28.756689884264667 -0.6906582 -2.071847 0.10912829 269.1837162461489 -28.756666929170873 269.282769526566 -28.762475622577654 50.38099482650673 258.8807275777781 5400.0 5400.0 2016.0 1 194 {-999.0 18.374851 16.436142 14.919263 -999.0} sdss_psfmag_gaia 17.260118 15.643461 14.4113655 11.225 63050395309432253 1093413848 bright_3x1 mwm_astar_core_boss mwm_ob science 0 0 0.0 0.0 -999 ""
FIBERMAP 850 R+3C23 METROLOGY 0 0 0 1 0 0 246.29902176130125 71.19803637464217 143.1 -71.60325278169435 246.17330002198878 83.11241 81.14278 -999.0 -999.0 -999.0 -999.0 -999.0 269.1852579746918 -28.75848105902073 269.2842610279973 -28.764274849797598 50.3826428039971 258.87838527896935 -999.0 6231.0 -999.0 -1 -999 {-999.0 -999.0 -999.0 -999.0 -999.0} "" -999.0 -999.0 -999.0 -999.0 -999 -999 "" "" "" "" 0 0 0.0 0.0 -999 ""
FIBERMAP 853 R+1C21 APOGEE 0 0 0 1 0 0 182.78281486521658 3.512678324304723 143.1 -3.8149832245273467 182.77112317034863 21.330357 30.228024 -999.0 -999.0 -999.0 -999.0 -999.0 269.41866363499133 -28.95019230954288 269.5181301079099 -28.95528007948357 50.62184695571285 258.6493760617884 -999.0 16600.0 -999.0 2 -999 {-999.0 -999.0 -999.0 -999.0 -999.0} "" -999.0 -999.0 -999.0 -999.0 -999 -999 "" "" "" "" 0 0 0.0 0.0 -999 ""
FIBERMAP 853 R+1C21 BOSS 1 1 0 1 0 0 182.3018114938113 2.9243395320318264 143.1 -3.2258675284872798 182.29110869076916 21.330357 30.228024 269.42047119140625 -28.951547784051883 -999.0 -999.0 -999.0 269.42050129089887 -28.95154979345861 269.5201689542595 -28.956667348973113 50.6238719691026 258.6477947873125 5400.0 5400.0 2015.5 1 243 {-999.0 -999.0 -999.0 -999.0 -999.0} "" -999.0 -999.0 -999.0 -999.0 27021603147280667 852503365 "" ops_sky_boss_fallback ops_sky sky_boss 0 0 0.0 0.0 -999 ""
FIBERMAP 853 R+1C21 METROLOGY 0 0 0 1 0 0 182.0425035046558 3.6196236665161727 143.1 -3.920700266179911 182.03065868143582 21.330357 30.228024 -999.0 -999.0 -999.0 -999.0 -999.0 269.41814612159914 -28.95231583542934 269.51776135842374 -28.957429735409633 50.621959945930996 258.6459544403486 -999.0 6231.0 -999.0 -1 -999 {-999.0 -999.0 -999.0 -999.0 -999.0} "" -999.0 -999.0 -999.0 -999.0 -999 -999 "" "" "" "" 0 0 0.0 0.0 -999 ""
FIBERMAP 855 R+8C7 APOGEE 0 0 1 1 0 0 -66.78823873297915 162.8687433141355 143.1 -162.75300152381857 -67.05555989882848 10.097898 170.23413 -999.0 -999.0 -999.0 -999.0 -999.0 268.86107235283157 -29.704756381851727 268.96337219301404 -29.711214389838055 50.293459644136675 257.33754487302235 -999.0 16600.0 -999.0 2 -999 {-999.0 -999.0 -999.0 -999.0 -999.0} "" -999.0 -999.0 -999.0 -999.0 -999 -999 "" "" "" "" 0 0 0.0 0.0 -999 ""
FIBERMAP 855 R+8C7 BOSS 1 0 1 1 0 0 -66.03639789346192 162.886700014182 143.1 -162.77220158223818 -66.3037729548271 10.097898 170.23413 268.9549255371094 -29.70699937675505 -999.0 -999.0 -999.0 268.8607541297438 -29.702467604852803 268.9632471395596 -29.708960246689063 50.292931398508074 257.3409792191565 5400.0 5400.0 2015.5 1 108 {-999.0 -999.0 -999.0 -999.0 -999.0} "" -999.0 -999.0 -999.0 -999.0 27021603147181278 852480623 "" ops_sky_boss_fallback ops_sky sky_boss 0 0 0.0 0.0 -999 ""
FIBERMAP 855 R+8C7 METROLOGY 0 0 1 1 0 0 -66.39727341738119 162.23105660516666 143.1 -162.11598218853797 -66.66355209442223 10.097898 170.23413 -999.0 -999.0 -999.0 -999.0 -999.0 268.8630624130304 -29.70359430740125 268.9655017634972 -29.71007094453763 50.29506281903551 257.33984455729643 -999.0 6231.0 -999.0 -1 -999 {-999.0 -999.0 -999.0 -999.0 -999.0} "" -999.0 -999.0 -999.0 -999.0 -999 -999 "" "" "" "" 0 0 0.0 0.0 -999 ""
FIBERMAP 861 R+12C6 APOGEE 0 0 0 1 0 0 -26.071758415900412 225.61176517143633 143.1 -225.56137126370055 -26.44419899108638 30.729645 53.449417 -999.0 -999.0 -999.0 -999.0 -999.0 268.6441928429929 -29.57984596669616 268.7461067180712 -29.58692499812044 50.08457056067452 257.4724993740558 -999.0 16600.0 -999.0 2 -999 {-999.0 -999.0 -999.0 -999.0 -999.0} "" -999.0 -999.0 -999.0 -999.0 -999 -999 "" "" "" "" 0 0 0.0 0.0 -999 ""
FIBERMAP 861 R+12C6 BOSS 1 1 0 1 0 0 -26.144499339459877 224.8819630285076 143.1 -224.83147224626023 -26.51573010211588 30.729645 53.449417 268.6464605561323 -29.579998419714496 -3.471841 -6.3796134 -0.24722296 268.6464699380701 -29.580055296296376 268.748586286804 -29.587162200797675 50.0867324925521 257.4727769751658 5400.0 5400.0 2016.0 1 163 {-999.0 19.203152 16.965036 15.364237 -999.0} sdss_psfmag_ps1 -999.0 15.955544 -999.0 10.515 63050395286538468 1093354634 bright_3x1 mwm_astar_core_boss mwm_ob science 0 0 0.0 0.0 -999 ""
FIBERMAP 861 R+12C6 METROLOGY 0 0 0 1 0 0 -26.75054421958977 225.29752314766182 143.1 -225.24601628373316 -27.122443039233136 30.729645 53.449417 -999.0 -999.0 -999.0 -999.0 -999.0 268.6450325101078 -29.581892718216533 268.74709846526315 -29.588993496943335 50.08581139512995 257.4695908891628 -999.0 6231.0 -999.0 -1 -999 {-999.0 -999.0 -999.0 -999.0 -999.0} "" -999.0 -999.0 -999.0 -999.0 -999 -999 "" "" "" "" 0 0 0.0 0.0 -999 ""
FIBERMAP 862 R+6C19 APOGEE 1 1 0 1 0 0 186.86617416858175 136.68642235503305 143.1 -136.9911992221096 186.63401243883757 138.45288 29.012833 268.95793239143376 -28.93703839698702 -0.26300198 -8.772665 0.14187604 268.9579485701491 -28.937053784140122 269.0575004747675 -28.943407117387753 50.224602844710475 258.5405658069109 16000.0 16600.0 2016.0 2 118 {-999.0 17.798868 15.877775 14.432522 -999.0} sdss_psfmag_gaia 16.678682 15.152053 13.891552 10.704 63050395309711727 1154577552 bright_1x1 mwm_galactic_core_dist_apogee_sparse mwm_galactic science 0 0 0.0 0.0 -999 ""
FIBERMAP 862 R+6C19 BOSS 0 0 0 1 0 0 187.6249406376166 136.54167809844483 143.1 -136.8477150163783 187.39299398162194 138.45288 29.012833 -999.0 -999.0 -999.0 -999.0 -999.0 268.958247785089 -28.93470269935513 269.0579909721221 -28.941091753032744 50.22455539462507 258.54424572419106 -999.0 5400.0 -999.0 1 203 {-999.0 -999.0 -999.0 -999.0 -999.0} "" -999.0 -999.0 -999.0 -999.0 -999 -999 "" "" "" "" 0 0 0.0 0.0 -999 ""
FIBERMAP 862 R+6C19 METROLOGY 0 0 0 1 0 0 187.1179943067198 135.97449480413073 143.1 -136.27971121459473 186.88700237490062 138.45288 29.012833 -999.0 -999.0 -999.0 -999.0 -999.0 268.9602222891454 -28.936214878018458 269.05991365551006 -28.942587978303163 50.22650557718506 258.5424866692112 -999.0 6231.0 -999.0 -1 -999 {-999.0 -999.0 -999.0 -999.0 -999.0} "" -999.0 -999.0 -999.0 -999.0 -999 -999 "" "" "" "" 0 0 0.0 0.0 -999 ""
FIBERMAP 863 R+9C12 APOGEE 1 1 0 1 0 0 55.06642798842764 154.38999988626585 143.1 -154.47614188040183 54.8092151629027 319.82208 52.585495 268.8931185353517 -29.335423925807078 -999.0 -999.0 -999.0 268.89311384271133 -29.33548381335137 268.9940902397836 -29.341931291525732 50.24929457752735 257.9126920829416 16000.0 16600.0 2016.0 2 144 {-999.0 18.366991 16.262196 14.867252 -999.0} sdss_psfmag_ps1 -999.0 16.629797 -999.0 10.891 63050395286758452 1153392831 bright_1x1 mwm_galactic_core_dist_apogee_sparse mwm_galactic science 0 0 0.0 0.0 -999 ""
FIBERMAP 863 R+9C12 BOSS 0 0 0 1 0 0 54.29059528704472 154.23320962697258 143.1 -154.3180730338139 54.033666831782206 319.82208 52.585495 -999.0 -999.0 -999.0 -999.0 -999.0 268.89336767183124 -29.337780579463523 268.99455269577743 -29.344261500071486 50.25014273584402 257.90923987565657 -999.0 5400.0 -999.0 1 146 {-999.0 -999.0 -999.0 -999.0 -999.0} "" -999.0 -999.0 -999.0 -999.0 -999 -999 "" "" "" "" 0 0 0.0 0.0 -999 ""
FIBERMAP 863 R+9C12 METROLOGY 0 0 0 1 0 0 54.549171712074894 154.93402383657946 143.1 -155.01929251906935 54.29107542731187 319.82208 52.585495 -999.0 -999.0 -999.0 -999.0 -999.0 268.89097835366124 -29.33698925141333 268.992104413399 -29.3434670845717 50.24789491022318 257.90981017091786 -999.0 6231.0 -999.0 -1 -999 {-999.0 -999.0 -999.0 -999.0 -999.0} "" -999.0 -999.0 -999.0 -999.0 -999 -999 "" "" "" "" 0 0 0.0 0.0 -999 ""
FIBERMAP 864 R-6C5 APOGEE 1 1 0 1 0 0 -142.43392040154907 -95.51696297838588 143.1 95.74955014505335 -142.27130371342125 189.88472 15.037421 269.7637939453125 -29.936757301541718 -999.0 -999.0 -999.0 269.76341141286974 -29.93608323954936 269.86628083847256 -29.940019158432683 51.10535283544177 257.20778467423963 16000.0 16600.0 2015.5 2 294 {-999.0 -999.0 -999.0 -999.0 -999.0} "" -999.0 -999.0 -999.0 -999.0 27021603147180509 848859333 "" ops_sky_apogee_good ops_sky sky_apogee 0 0 0.0 0.0 -999 ""
FIBERMAP 864 R-6C5 BOSS 0 0 0 1 0 0 -141.71773320197985 -95.26913204317722 143.1 95.5005422359163 -141.5555495940494 189.88472 15.037421 -999.0 -999.0 -999.0 -999.0 -999.0 269.76239087291356 -29.933941456371233 269.86544924223296 -29.937911326919792 51.10426935150734 257.2108844788581 -999.0 5400.0 -999.0 1 485 {-999.0 -999.0 -999.0 -999.0 -999.0} "" -999.0 -999.0 -999.0 -999.0 -999 -999 "" "" "" "" 0 0 0.0 0.0 -999 ""
FIBERMAP 864 R-6C5 METROLOGY 0 0 0 1 0 0 -141.87479252330627 -96.0044730615211 143.1 96.2361194571035 -141.71138722624494 189.88472 15.037421 -999.0 -999.0 -999.0 -999.0 -999.0 269.76503050287164 -29.93443616543239 269.8680342153325 -29.93838999325388 51.10655879790012 257.2107678353692 -999.0 6231.0 -999.0 -1 -999 {-999.0 -999.0 -999.0 -999.0 -999.0} "" -999.0 -999.0 -999.0 -999.0 -999 -999 "" "" "" "" 0 0 0.0 0.0 -999 ""
FIBERMAP 867 R-6C9 APOGEE 0 0 0 1 0 0 -51.168437880521275 -99.11290326946644 143.1 99.19437415515573 -51.00280753335586 147.31784 73.52166 -999.0 -999.0 -999.0 -999.0 -999.0 269.7758479351919 -29.65952621810647 269.87772291880935 -29.663486142707672 51.065226473086874 257.64363786652376 -999.0 16600.0 -999.0 2 -999 {-999.0 -999.0 -999.0 -999.0 -999.0} "" -999.0 -999.0 -999.0 -999.0 -999 -999 "" "" "" "" 0 0 0.0 0.0 -999 ""
FIBERMAP 867 R-6C9 BOSS 1 1 0 1 0 0 -50.60947827330318 -98.6151233070584 143.1 98.69568539563141 -50.44468949428641 147.31784 73.52166 269.77398942624 -29.65781047983955 -8.280951 -2.0600963 -0.024142116 269.77397461683256 -29.657828318275904 269.8760399655493 -29.661825472641624 51.063484436498044 257.6458090416707 5400.0 5400.0 2016.0 1 371 {-999.0 17.175146 15.465776 14.729121 -999.0} sdss_psfmag_ps1 16.246859 15.206078 14.055547 11.496 63050395307414234 1093355468 bright_3x1 mwm_astar_core_boss mwm_ob science 0 0 0.0 0.0 -999 ""
FIBERMAP 867 R-6C9 METROLOGY 0 0 0 1 0 0 -50.458436861590386 -99.34826845362332 143.1 99.42855705672541 -50.292439937776564 147.31784 73.52166 -999.0 -999.0 -999.0 -999.0 -999.0 269.77659902891935 -29.657379460867876 269.8786064749182 -29.661360522504452 51.06559160762001 257.6471869156276 -999.0 6231.0 -999.0 -1 -999 {-999.0 -999.0 -999.0 -999.0 -999.0} "" -999.0 -999.0 -999.0 -999.0 -999 -999 "" "" "" "" 0 0 0.0 0.0 -999 ""
FIBERMAP 873 R+3C16 APOGEE 1 1 0 1 0 0 75.42924347501612 76.7159647562651 143.1 -76.83829612188327 75.29988887977696 139.47452 70.16537 269.1633481867169 -29.274650778363014 -7.1706862 -3.2510767 0.017302096 269.1633430059263 -29.27469616433845 269.26402780644554 -29.28041548158358 50.4682380810675 258.0789529008327 16000.0 16600.0 2016.0 2 71 {-999.0 19.428816 16.774406 14.591086 -999.0} sdss_psfmag_ps1 17.735981 15.195093 13.718926 9.689 63050395286699044 1153392465 bright_1x1 mwm_galactic_core_dist_apogee_sparse mwm_galactic science 0 0 0.0 0.0 -999 ""
FIBERMAP 873 R+3C16 BOSS 0 0 0 1 0 0 76.1214909213478 77.01278222190342 143.1 -77.13624937680349 75.9916229668088 139.47452 70.16537 -999.0 -999.0 -999.0 -999.0 -999.0 269.16207499480873 -29.27251753774633 269.26295133254104 -29.27827514826168 50.46690123729438 258.08196486480836 -999.0 5400.0 -999.0 1 228 {-999.0 -999.0 -999.0 -999.0 -999.0} "" -999.0 -999.0 -999.0 -999.0 -999 -999 "" "" "" "" 0 0 0.0 0.0 -999 ""
FIBERMAP 873 R+3C16 METROLOGY 0 0 0 1 0 0 76.03575856620972 76.27877293349411 143.1 -76.40212185463247 75.90710780292706 139.47452 70.16537 -999.0 -999.0 -999.0 -999.0 -999.0 269.16467421108786 -29.27278681367237 269.2654943877857 -29.27852750086459 50.46912618938629 258.082252991976 -999.0 6231.0 -999.0 -1 -999 {-999.0 -999.0 -999.0 -999.0 -999.0} "" -999.0 -999.0 -999.0 -999.0 -999 -999 "" "" "" "" 0 0 0.0 0.0 -999 ""
FIBERMAP 874 R+8C3 APOGEE 1 0 1 1 0 0 -154.034038597956 162.9055155728835 143.1 -162.64542264263463 -154.29861401488705 10.621726 169.7021 268.85559111341826 -30.012811760149578 -7.039741 -0.7298392 0.01657263 268.859651035088 -29.968706237144634 268.9628975416376 -29.975112949070624 50.341693706214826 256.9312161150962 16000.0 16600.0 2016.0 2 16 {-999.0 18.463737 16.4908 14.3615465 -999.0} sdss_psfmag_gaia 17.072802 15.096416 13.77104 10.465 63050395284993352 1154460015 bright_1x1 mwm_galactic_core_dist_apogee_sparse mwm_galactic science 0 0 0.0 0.0 -999 ""
FIBERMAP 874 R+8C3 BOSS 0 0 1 1 0 0 -153.29153702269164 162.83151296637604 143.1 -162.57265090071397 -153.5560138861559 10.621726 169.7021 -999.0 -999.0 -999.0 -999.0 -999.0 268.8596814356253 -29.966461431470123 268.96312151590257 -29.972900801393884 50.341482663302195 256.9346798516235 -999.0 5400.0 -999.0 1 25 {-999.0 -999.0 -999.0 -999.0 -999.0} "" -999.0 -999.0 -999.0 -999.0 -999 -999 "" "" "" "" 0 0 0.0 0.0 -999 ""
FIBERMAP 874 R+8C3 METROLOGY 0 0 1 1 0 0 -153.72601345591096 162.22225647638786 143.1 -161.96269515962413 -153.98946831550552 10.621726 169.7021 -999.0 -999.0 -999.0 -999.0 -999.0 268.8618271582484 -29.967823907313385 268.96521438680725 -29.974247954660903 50.34351017487199 256.9331201229494 -999.0 6231.0 -999.0 -1 -999 {-999.0 -999.0 -999.0 -999.0 -999.0} "" -999.0 -999.0 -999.0 -999.0 -999 -999 "" "" "" "" 0 0 0.0 0.0 -999 ""
FIBERMAP 876 R+5C22 APOGEE 1 1 0 1 0 0 232.44248118749763 104.88576934871413 143.1 -105.26697613383917 232.26146815399477 58.11334 157.88576 269.0689128787421 -28.800071460465876 -2.4794602 1.2140667 -0.08634052 269.06892187341873 -28.800037043603663 269.1679616458691 -28.806114958787553 50.29142149692336 258.7815683412143 16000.0 16600.0 2016.0 2 87 {-999.0 21.1633 22.97069 14.391814 -999.0} sdss_psfmag_gaia 18.527037 14.523956 12.895215 8.101 63050395309734630 1154577752 bright_1x1 mwm_galactic_core_dist_apogee_sparse mwm_galactic science 0 0 0.0 0.0 -999 ""
FIBERMAP 876 R+5C22 BOSS 0 0 0 1 0 0 233.0225241652069 105.3411063398917 143.1 -105.72325817033772 232.84073910809187 58.11334 157.88576 -999.0 -999.0 -999.0 -999.0 -999.0 269.0671624625243 -28.798243847944327 269.16639526182615 -28.804363327951886 50.28972000850802 258.78381323809447 -999.0 5400.0 -999.0 1 260 {-999.0 -999.0 -999.0 -999.0 -999.0} "" -999.0 -999.0 -999.0 -999.0 -999 -999 "" "" "" "" 0 0 0.0 0.0 -999 ""
FIBERMAP 876 R+5C22 METROLOGY 0 0 0 1 0 0 233.12800021368898 104.5825748486884 143.1 -104.96492559242894 232.9474667693778 58.11334 157.88576 -999.0 -999.0 -999.0 -999.0 -999.0 269.06981580117537 -28.797898994897164 269.1689902875289 -28.804000966068987 50.29187193866188 258.7850956974821 -999.0 6231.0 -999.0 -1 -999 {-999.0 -999.0 -999.0 -999.0 -999.0} "" -999.0 -999.0 -999.0 -999.0 -999 -999 "" "" "" "" 0 0 0.0 0.0 -999 ""
FIBERMAP 878 R-3C23 APOGEE 0 0 0 1 0 0 225.5612619624679 -53.11668354657868 143.1 52.741779135840595 225.64188857322978 135.58592 133.59564 -999.0 -999.0 -999.0 -999.0 -999.0 269.61460689202215 -28.821473918332856 269.7135641855044 -28.826051965737165 50.76356857596975 258.9033952210316 -999.0 16600.0 -999.0 2 -999 {-999.0 -999.0 -999.0 -999.0 -999.0} "" -999.0 -999.0 -999.0 -999.0 -999 -999 "" "" "" "" 0 0 0.0 0.0 -999 ""
FIBERMAP 878 R-3C23 BOSS 1 1 0 1 0 0 225.57061762643994 -52.36186511954257 143.1 51.986969511241774 225.64999507374438 135.58592 133.59564 269.6118073843698 -28.821386669584058 -1.197464 -0.86363053 0.21257846 269.6118125578316 -28.821372890127105 269.71096599059115 -28.825993863912213 50.76132727353942 258.90276040358685 5400.0 5400.0 2016.0 1 279 {-999.0 15.4099655 14.75087 14.382026 -999.0} sdss_psfmag_from_g3xp 15.214336 14.800043 13.978335 12.697 63050395309489384 1093142530 bright_3x1 mwm_astar_core_boss mwm_ob science 0 0 0.0 0.0 -999 ""
FIBERMAP 878 R-3C23 METROLOGY 0 0 0 1 0 0 226.21545999413988 -52.754022338076 143.1 52.37804720970105 226.2954655297877 135.58592 133.59564 -999.0 -999.0 -999.0 -999.0 -999.0 269.6132290492336 -28.819408074201498 269.7123197177723 -28.824015595937546 50.76209047087313 258.9062014383966 -999.0 6231.0 -999.0 -1 -999 {-999.0 -999.0 -999.0 -999.0 -999.0} "" -999.0 -999.0 -999.0 -999.0 -999 -999 "" "" "" "" 0 0 0.0 0.0 -999 ""
FIBERMAP 879 R0C22 APOGEE 0 0 0 1 0 0 189.04162477059475 -11.032012651543921 143.1 10.718884537855901 189.05379622571238 324.6318 105.18526 -999.0 -999.0 -999.0 -999.0 -999.0 269.4690694244795 -28.93136437604825 269.5684550598437 -28.93631799399766 50.66121049239951 258.69254414526176 -999.0 16600.0 -999.0 2 -999 {-999.0 -999.0 -999.0 -999.0 -999.0} "" -999.0 -999.0 -999.0 -999.0 -999 -999 "" "" "" "" 0 0 0.0 0.0 -999 ""
FIBERMAP 879 R0C22 BOSS 1 1 0 1 0 0 188.75029894223954 -11.74987687141032 143.1 11.437207669449544 188.76366748995548 324.6318 105.18526 269.4713454865032 -28.93216170837282 -0.8176197 -1.98829 0.27710643 269.47136240096614 -28.932151451476276 269.57094676468546 -28.937133707180227 50.66351012882482 258.6919705673681 5400.0 5400.0 2016.0 1 255 {-999.0 -999.0 -999.0 -999.0 -999.0} "" -999.0 15.22939 -999.0 11.838 63050395309297923 1093124244 bright_3x1 mwm_astar_core_boss mwm_ob science 0 0 0.0 0.0 -999 ""
FIBERMAP 879 R0C22 METROLOGY 0 0 0 1 0 0 188.30296201601033 -11.14980718361502 143.1 10.837897413230113 188.31535212645238 324.6318 105.18526 -999.0 -999.0 -999.0 -999.0 -999.0 269.4693401745322 -28.93348364001297 269.5688740958445 -28.938461212012907 50.66199800653998 258.6893468817371 -999.0 6231.0 -999.0 -1 -999 {-999.0 -999.0 -999.0 -999.0 -999.0} "" -999.0 -999.0 -999.0 -999.0 -999 -999 "" "" "" "" 0 0 0.0 0.0 -999 ""
FIBERMAP 881 R+5C5 APOGEE 1 0 1 1 0 0 -144.73633012938964 104.69889073124982 143.1 -104.45605348453759 -144.90490059299327 9.360262 171.7335 269.0582158863133 -29.972250384928184 -2.7627265 -5.3062034 0.021074058 269.0628809199361 -29.942002862920024 269.16597451659663 -29.94785777809364 50.509770806136295 257.02337479851576 16000.0 16600.0 2016.0 2 27 {-999.0 17.675764 15.724343 14.1444435 -999.0} sdss_psfmag_gaia 16.439562 14.872007 13.538383 10.214 63050395284952641 1154459761 bright_1x1 mwm_galactic_core_dist_apogee_sparse mwm_galactic science 0 0 0.0 0.0 -999 ""
FIBERMAP 881 R+5C5 BOSS 0 0 1 1 0 0 -143.9932526152321 104.68679976137169 143.1 -104.44519234052821 -144.16182697796296 9.360262 171.7335 -999.0 -999.0 -999.0 -999.0 -999.0 269.0626872024421 -29.939774290100374 269.1659732656985 -29.945662191410065 50.509372058910245 257.02676984034065 -999.0 5400.0 -999.0 1 43 {-999.0 -999.0 -999.0 -999.0 -999.0} "" -999.0 -999.0 -999.0 -999.0 -999 -999 "" "" "" "" 0 0 0.0 0.0 -999 ""
FIBERMAP 881 R+5C5 METROLOGY 0 0 1 1 0 0 -144.38432376372504 104.03931954598751 143.1 -103.79708591858203 -144.5518142769464 9.360262 171.7335 -999.0 -999.0 -999.0 -999.0 -999.0 269.06498724423363 -29.940997296670208 269.1682202477506 -29.94686956306444 50.51150554299312 257.02545723125127 -999.0 6231.0 -999.0 -1 -999 {-999.0 -999.0 -999.0 -999.0 -999.0} "" -999.0 -999.0 -999.0 -999.0 -999 -999 "" "" "" "" 0 0 0.0 0.0 -999 ""
FIBERMAP 882 R-1C8 APOGEE 0 0 0 1 0 0 -110.59176201803888 -9.765162886534618 143.1 9.947825081341646 -110.57204775661455 58.01187 95.03451 -999.0 -999.0 -999.0 -999.0 -999.0 269.4635307416256 -29.839905931822823 269.56614305698616 -29.84468381574993 50.832265688538655 257.2826143337964 -999.0 16600.0 -999.0 2 -999 {-999.0 -999.0 -999.0 -999.0 -999.0} "" -999.0 -999.0 -999.0 -999.0 -999 -999 "" "" "" "" 0 0 0.0 0.0 -999 ""
FIBERMAP 882 R-1C8 BOSS 1 1 0 1 0 0 -109.91421052669114 -10.10234407813754 143.1 10.283874403468305 -109.89396018809435 58.01187 95.03451 269.4645504170926 -29.837868537418743 1.8595359 0.0046950947 1.0111941 269.4645219140859 -29.837880647708655 269.56732460354567 -29.842687864072833 50.832912042973774 257.28601619571987 5400.0 5400.0 2016.0 1 459 {-999.0 15.760323 15.375493 15.40645 -999.0} sdss_psfmag_ps1 15.534827 15.138254 14.582297 13.252 63050395284767257 982148275 "" ops_std_boss_tic ops_std standard_boss 0 0 0.0 0.0 -999 ""
FIBERMAP 882 R-1C8 METROLOGY 0 0 0 1 0 0 -110.54720156519922 -10.511830538732582 143.1 10.694394987986684 -110.5262533603556 58.01187 95.03451 -999.0 -999.0 -999.0 -999.0 -999.0 269.46600942248244 -29.839820494203632 269.568762541097 -29.844614257455145 50.83448759614115 257.2833742107948 -999.0 6231.0 -999.0 -1 -999 {-999.0 -999.0 -999.0 -999.0 -999.0} "" -999.0 -999.0 -999.0 -999.0 -999 -999 "" "" "" "" 0 0 0.0 0.0 -999 ""
FIBERMAP 883 R+4C1 APOGEE 1 1 0 1 0 0 -258.8361832501031 59.624895331993564 143.1 -59.19472752355617 -258.9265074171068 306.5558 26.325178 269.2197488669602 -30.286665760128002 -0.14490181 -4.3066764 0.76946384 269.21975287838546 -30.28663613662038 269.3240453615256 -30.29198881414319 50.7052961002332 256.52785719294053 16000.0 16600.0 2016.0 2 2 {-999.0 8.534226 8.448199 8.474283 -999.0} sdss_psfmag_from_g3xp 8.53614 8.417428 8.153186 7.872 63050395284454430 975030269 "" ops_std_apogee ops_std standard_apogee 0 0 0.0 0.0 -999 ""
FIBERMAP 883 R+4C1 BOSS 0 0 0 1 0 0 -259.5109645547585 59.93826933692711 143.1 -59.5069750081916 -259.6017854985717 306.5558 26.325178 -999.0 -999.0 -999.0 -999.0 -999.0 269.21845266348544 -30.28862359959206 269.3229527476544 -30.294009787861103 50.70471684929923 256.52445634827376 -999.0 5400.0 -999.0 1 2 {-999.0 -999.0 -999.0 -999.0 -999.0} "" -999.0 -999.0 -999.0 -999.0 -999 -999 "" "" "" "" 0 0 0.0 0.0 -999 ""
FIBERMAP 883 R+4C1 METROLOGY 0 0 0 1 0 0 -258.87962847486506 60.363115056078456 143.1 -59.932851619015146 -258.97117264389396 306.5558 26.325178 -999.0 -999.0 -999.0 -999.0 -999.0 269.21701152709005 -30.28678059347367 269.3214486638482 -30.29216252178026 50.703117897411104 256.52697398357265 -999.0 6231.0 -999.0 -1 -999 {-999.0 -999.0 -999.0 -999.0 -999.0} "" -999.0 -999.0 -999.0 -999.0 -999 -999 "" "" "" "" 0 0 0.0 0.0 -999 ""
FIBERMAP 884 R+2C18 APOGEE 0 0 0 1 0 0 100.75523549773497 58.08917280099317 143.1 -58.254005738284384 100.6558846042451 202.26692 9.139395 -999.0 -999.0 -999.0 -999.0 -999.0 269.2284620399049 -29.19806602022672 269.32885715003806 -29.203622928105506 50.50875766550683 258.21466313575047 -999.0 16600.0 -999.0 2 -999 {-999.0 -999.0 -999.0 -999.0 -999.0} "" -999.0 -999.0 -999.0 -999.0 -999 -999 "" "" "" "" 0 0 0.0 0.0 -999 ""
FIBERMAP 884 R+2C18 BOSS 1 1 0 1 0 0 101.52099305428627 58.482186233189765 143.1 -58.6482734892358 101.42096727857681 202.26692 9.139395 269.2268371582031 -29.195622752203178 -999.0 -999.0 -999.0 269.22687327928907 -29.195653768378598 269.32745872385306 -29.201250070656542 50.507096610305155 258.2179469357874 5400.0 5400.0 2015.5 1 208 {-999.0 -999.0 -999.0 -999.0 -999.0} "" -999.0 -999.0 -999.0 -999.0 27021603147280492 852503330 "" ops_sky_boss_fallback ops_sky sky_boss 0 0 0.0 0.0 -999 ""
FIBERMAP 884 R+2C18 METROLOGY 0 0 0 1 0 0 101.41709113762036 57.74068273119491 143.1 -57.90662193264832 101.3182955369889 202.26692 9.139395 -999.0 -999.0 -999.0 -999.0 -999.0 269.2294987761571 -29.19597401107775 269.3300283640938 -29.20155325881704 50.50935566122526 258.2181690447993 -999.0 6231.0 -999.0 -1 -999 {-999.0 -999.0 -999.0 -999.0 -999.0} "" -999.0 -999.0 -999.0 -999.0 -999 -999 "" "" "" "" 0 0 0.0 0.0 -999 ""
FIBERMAP 888 R-5C14 APOGEE 1 1 0 1 0 0 59.05287026425353 -116.31477577325086 143.1 116.21332989148608 59.243415777626815 326.53738 60.23706 269.8350426616072 -29.324908338122086 -3.6757648 -8.052028 0.0851129 269.8350371266016 -29.324983465104772 269.9357041414851 -29.32885161816859 51.052354699052394 258.18168433701373 16000.0 16600.0 2016.0 2 196 {-999.0 17.304733 15.469527 14.261373 -999.0} sdss_psfmag_gaia 16.261396 14.957709 13.696214 10.813 63050395307822833 1154570263 bright_1x1 mwm_galactic_core_dist_apogee_sparse mwm_galactic science 0 0 0.0 0.0 -999 ""
FIBERMAP 888 R-5C14 BOSS 0 0 0 1 0 0 58.38715562619156 -116.65748527103196 143.1 116.55712980318626 58.578289574641154 326.53738 60.23706 -999.0 -999.0 -999.0 -999.0 -999.0 269.8361053091801 -29.326938927252097 269.93697398827675 -29.33083663688508 51.05381865698214 258.1789185077165 -999.0 5400.0 -999.0 1 271 {-999.0 -999.0 -999.0 -999.0 -999.0} "" -999.0 -999.0 -999.0 -999.0 -999 -999 "" "" "" "" 0 0 0.0 0.0 -999 ""
FIBERMAP 888 R-5C14 METROLOGY 0 0 0 1 0 0 58.4161268462004 -115.91537564291583 143.1 115.81499611434317 58.6060320271517 326.53738 60.23706 -999.0 -999.0 -999.0 -999.0 -999.0 269.83359535137856 -29.326856876198104 269.9344092238242 -29.33075215974613 51.05160733392076 258.1783748708102 -999.0 6231.0 -999.0 -1 -999 {-999.0 -999.0 -999.0 -999.0 -999.0} "" -999.0 -999.0 -999.0 -999.0 -999 -999 "" "" "" "" 0 0 0.0 0.0 -999 ""
FIBERMAP 889 R-7C3 APOGEE 1 1 0 1 0 0 -179.89034974190824 -149.50821748432358 143.1 149.80104024619772 -179.6371984939993 264.58926 76.136826 269.9519348144531 -30.04846848299671 -999.0 -999.0 -999.0 269.95194557112677 -30.048470362911626 270.0551629904903 -30.051866178790405 51.28605777357349 257.0779973238112 16000.0 16600.0 2015.5 2 245 {-999.0 -999.0 -999.0 -999.0 -999.0} "" -999.0 -999.0 -999.0 -999.0 27021603147014864 848835265 "" ops_sky_apogee_good ops_sky sky_apogee 0 0 0.0 0.0 -999 ""
FIBERMAP 889 R-7C3 BOSS 0 0 0 1 0 0 -180.5408762785838 -149.16517119810507 143.1 149.45908130478907 -180.28827168112545 264.58926 76.136826 -999.0 -999.0 -999.0 -999.0 -999.0 269.9505774437293 -30.050433250405803 270.05399776915203 -30.0538623183981 51.28541230273935 257.07457363914045 -999.0 5400.0 -999.0 1 502 {-999.0 -999.0 -999.0 -999.0 -999.0} "" -999.0 -999.0 -999.0 -999.0 -999 -999 "" "" "" "" 0 0 0.0 0.0 -999 ""
FIBERMAP 889 R-7C3 METROLOGY 0 0 0 1 0 0 -179.94348034077765 -148.76296202397072 143.1 149.0558966654509 -179.6915604240968 264.58926 76.136826 -999.0 -999.0 -999.0 -999.0 -999.0 269.9492584703559 -30.048677532369656 270.0526174903029 -30.052102110615913 51.283929249491344 257.0770121978932 -999.0 6231.0 -999.0 -1 -999 {-999.0 -999.0 -999.0 -999.0 -999.0} "" -999.0 -999.0 -999.0 -999.0 -999 -999 "" "" "" "" 0 0 0.0 0.0 -999 ""
FIBERMAP 890 R+11C6 APOGEE 1 1 0 1 0 0 -53.14176160910742 230.8650546381089 143.1 -230.76970386563283 -53.52202305047279 112.684525 80.173935 268.6253221904559 -29.66160401792674 -4.2082744 -2.9898021 0.07241042 268.6253274742431 -29.661630242542383 268.7275382695974 -29.668743924071066 50.084255048710055 257.34253111766145 16000.0 16600.0 2016.0 2 146 {-999.0 17.770182 15.557162 14.55544 -999.0} sdss_psfmag_ps1 16.484245 14.814758 13.5478525 10.147 63050395286444870 1153391057 bright_1x1 mwm_galactic_core_dist_apogee_sparse mwm_galactic science 0 0 0.0 0.0 -999 ""
FIBERMAP 890 R+11C6 BOSS 0 0 0 1 0 0 -52.39550822634671 231.01889862616827 143.1 -230.92477759617825 -52.776048211778544 112.684525 80.173935 -999.0 -999.0 -999.0 -999.0 -999.0 268.6245762640776 -29.65933960590744 268.7269816802212 -29.666489728419617 50.083353924619914 257.345838272864 -999.0 5400.0 -999.0 1 149 {-999.0 -999.0 -999.0 -999.0 -999.0} "" -999.0 -999.0 -999.0 -999.0 -999 -999 "" "" "" "" 0 0 0.0 0.0 -999 ""
FIBERMAP 890 R+11C6 METROLOGY 0 0 0 1 0 0 -52.6522618908686 230.30150819036893 143.1 -230.20698543376147 -53.031606679731226 112.684525 80.173935 -999.0 -999.0 -999.0 -999.0 -999.0 268.62706657240074 -29.660156098347457 268.7294167999806 -29.66728960543794 50.08558291983454 257.3452377176796 -999.0 6231.0 -999.0 -1 -999 {-999.0 -999.0 -999.0 -999.0 -999.0} "" -999.0 -999.0 -999.0 -999.0 -999 -999 "" "" "" "" 0 0 0.0 0.0 -999 ""
FIBERMAP 892 R-3C17 APOGEE 0 0 0 1 0 0 115.00788207409737 -42.87299552559817 143.1 42.681333465612674 115.07511665926751 105.79141 43.562313 -999.0 -999.0 -999.0 -999.0 -999.0 269.5794803385516 -29.155372345115406 269.6796228666816 -29.159976284579628 50.80060362514857 258.37642198299335 -999.0 16600.0 -999.0 2 -999 {-999.0 -999.0 -999.0 -999.0 -999.0} "" -999.0 -999.0 -999.0 -999.0 -999 -999 "" "" "" "" 0 0 0.0 0.0 -999 ""
FIBERMAP 892 R-3C17 BOSS 1 1 0 1 0 0 115.66879021739409 -43.25536334563921 143.1 43.062595499338684 115.73663617733182 105.79141 43.562313 269.58064905569717 -29.153245272265693 -1.2580936 -5.3182497 0.011747561 269.5806367490472 -29.153277602470965 269.68096783146467 -29.15791284718944 50.8013538760509 258.37998619833905 5400.0 5400.0 2016.0 1 298 {-999.0 17.525587 15.78496 14.749106 -999.0} sdss_psfmag_gaia 16.556202 15.418863 14.17366 11.463 63050395307983531 1093413833 bright_3x1 mwm_astar_core_boss mwm_ob science 0 0 0.0 0.0 -999 ""
FIBERMAP 892 R-3C17 METROLOGY 0 0 0 1 0 0 115.01448193979215 -43.62096254263095 143.1 43.42926550185997 115.08295383935234 105.79141 43.562313 -999.0 -999.0 -999.0 -999.0 -999.0 269.5819689510247 -29.155258893820946 269.68225100893216 -29.15988041981749 50.802836102118405 258.37727777392706 -999.0 6231.0 -999.0 -1 -999 {-999.0 -999.0 -999.0 -999.0 -999.0} "" -999.0 -999.0 -999.0 -999.0 -999 -999 "" "" "" "" 0 0 0.0 0.0 -999 ""
FIBERMAP 893 R+11C7 APOGEE 1 1 0 1 0 0 -44.78023731084011 217.87018685652203 143.1 -217.78908842550817 -45.13926745805357 150.38339 125.3773 268.67051897404065 -29.636670232200196 -4.276817 -3.6859858 0.19090357 268.67053404730524 -29.63669595767245 268.77264345261653 -29.643690839073834 50.1180041753021 257.3924447861883 16000.0 16600.0 2016.0 2 130 {-999.0 17.13352 16.108706 18.81327 -999.0} sdss_psfmag_ps1 16.063643 15.016008 13.43601 10.463 63050395286447375 1153391191 bright_1x1 mwm_galactic_core_dist_apogee_sparse mwm_galactic science 0 0 0.0 0.0 -999 ""
FIBERMAP 893 R+11C7 BOSS 0 0 0 1 0 0 -44.88849162437739 218.63408780285704 143.1 -218.55278568912368 -45.24878217889447 150.38339 125.3773 -999.0 -999.0 -999.0 -999.0 -999.0 268.6676357437604 -29.636976044415604 268.7699492512692 -29.644012721922703 50.11576589479443 257.39126049289996 -999.0 5400.0 -999.0 1 117 {-999.0 -999.0 -999.0 -999.0 -999.0} "" -999.0 -999.0 -999.0 -999.0 -999 -999 "" "" "" "" 0 0 0.0 0.0 -999 ""
FIBERMAP 893 R+11C7 METROLOGY 0 0 0 1 0 0 -44.18521351851467 218.32332126899553 143.1 -218.24319274022054 -44.54501252704314 150.38339 125.3773 -999.0 -999.0 -999.0 -999.0 -999.0 268.6687470626969 -29.63487191828895 268.77099541763266 -29.641896383493012 50.11625795579121 257.39476969140935 -999.0 6231.0 -999.0 -1 -999 {-999.0 -999.0 -999.0 -999.0 -999.0} "" -999.0 -999.0 -999.0 -999.0 -999 -999 "" "" "" "" 0 0 0.0 0.0 -999 ""
FIBERMAP 900 R-5C6 APOGEE 0 0 0 1 0 0 -130.34018551313872 -99.81637012847013 143.1 100.0288096572638 -130.17084440858724 126.81736 170.58488 -999.0 -999.0 -999.0 -999.0 -999.0 269.77843906978455 -29.8994561593169 269.88117246083647 -29.90335859230281 51.111531661704916 257.2689011643704 -999.0 16600.0 -999.0 2 -999 {-999.0 -999.0 -999.0 -999.0 -999.0} "" -999.0 -999.0 -999.0 -999.0 -999 -999 "" "" "" "" 0 0 0.0 0.0 -999 ""
FIBERMAP 900 R-5C6 BOSS 1 1 0 1 0 0 -130.6593813848642 -99.03808915803744 143.1 99.25108183925263 -130.491317693931 126.81736 170.58488 269.7755431355291 -29.900455757238113 1.4185203 -4.794005 1.0147127 269.7755691591065 -29.900449899976685 269.87850318366094 -29.904390797199284 51.109438800397925 257.2666264524894 5400.0 5400.0 2016.0 1 484 {-999.0 13.932517 13.626477 13.527362 -999.0} sdss_psfmag_from_g3xp 13.889356 13.633586 13.187271 12.493 63050395284693288 979142716 "" ops_std_boss ops_std standard_boss 0 0 0.0 0.0 -999 ""
FIBERMAP 900 R-5C6 METROLOGY 0 0 0 1 0 0 -129.93782191241098 -99.18581343030134 143.1 99.39760752453165 -129.76953702032844 126.81736 170.58488 -999.0 -999.0 -999.0 -999.0 -999.0 269.7761549233762 -29.898289419656564 269.8790254071502 -29.902220439497047 51.10949736001945 257.2701565138314 -999.0 6231.0 -999.0 -1 -999 {-999.0 -999.0 -999.0 -999.0 -999.0} "" -999.0 -999.0 -999.0 -999.0 -999 -999 "" "" "" "" 0 0 0.0 0.0 -999 ""
FIBERMAP 909 R+1C23 APOGEE 0 0 0 1 0 0 199.9480373198041 6.967436872698677 143.1 -7.298030848597745 199.93007747243257 258.18137 77.32267 -999.0 -999.0 -999.0 -999.0 -999.0 269.4068014651315 -28.898382199073282 269.5060893330623 -28.903513383093085 50.60115771185408 258.7259763555688 -999.0 16600.0 -999.0 2 -999 {-999.0 -999.0 -999.0 -999.0 -999.0} "" -999.0 -999.0 -999.0 -999.0 -999 -999 "" "" "" "" 0 0 0.0 0.0 -999 ""
FIBERMAP 909 R+1C23 BOSS 1 1 0 1 0 0 199.27953425188971 7.271973784086903 143.1 -7.601451911437085 199.26109204689726 258.18137 77.32267 269.40552276943737 -28.90032087302056 1.0067344 -6.0268693 0.12188357 269.4055441095519 -28.90030543616522 269.5050360669839 -28.90547499263174 50.60064821998113 258.7226571204394 5400.0 5400.0 2016.0 1 190 {-999.0 17.94463 16.11015 14.90356 -999.0} sdss_psfmag_gaia 16.927414 15.599697 14.363801 11.503 63050395309307848 1093413796 bright_3x1 mwm_astar_core_boss mwm_ob science 0 0 0.0 0.0 -999 ""
FIBERMAP 909 R+1C23 METROLOGY 0 0 0 1 0 0 199.87068966503796 7.711423134062603 143.1 -8.041865203570824 199.85150136538672 258.18137 77.32267 -999.0 -999.0 -999.0 -999.0 -999.0 269.4040812688111 -28.898502977521087 269.5035115054421 -28.90366691624121 50.59897777011902 258.7250255662368 -999.0 6231.0 -999.0 -1 -999 {-999.0 -999.0 -999.0 -999.0 -999.0} "" -999.0 -999.0 -999.0 -999.0 -999 -999 "" "" "" "" 0 0 0.0 0.0 -999 ""
FIBERMAP 911 R+5C9 APOGEE 1 1 0 1 0 0 -60.68336108490507 104.50519364152956 143.1 -104.40142997905215 -60.85431495267573 78.08032 153.15532 269.064555815842 -29.687372684820414 -1.8495908 -7.836032 0.07518942 269.06453830151315 -29.687402810358506 269.16671907996493 -29.693306473521506 50.463642859695014 257.4168290232733 16000.0 16600.0 2016.0 2 43 {-999.0 20.38902 18.959063 15.097637 -999.0} sdss_psfmag_gaia 18.415945 15.7317505 14.221681 10.346 63050395285281947 1154461040 bright_1x1 mwm_galactic_core_dist_apogee_sparse mwm_galactic science 0 0 0.0 0.0 -999 ""
FIBERMAP 911 R+5C9 BOSS 0 0 0 1 0 0 -60.20463751110697 105.05887506783125 143.1 -104.95588565203388 -60.376522856045646 78.08032 153.15532 -999.0 -999.0 -999.0 -999.0 -999.0 269.06235074837406 -29.685938920174575 269.16472696747013 -29.691881850226284 50.46167718132878 257.41852123664273 -999.0 5400.0 -999.0 1 77 {-999.0 -999.0 -999.0 -999.0 -999.0} "" -999.0 -999.0 -999.0 -999.0 -999 -999 "" "" "" "" 0 0 0.0 0.0 -999 ""
FIBERMAP 911 R+5C9 METROLOGY 0 0 0 1 0 0 -59.94366484088755 104.38183742894456 143.1 -104.27930157722054 -60.11443840839857 78.08032 153.15532 -999.0 -999.0 -999.0 -999.0 -999.0 269.06476085174785 -29.685173969879795 269.167076952788 -29.69110110933429 50.46353737815765 257.42032380746036 -999.0 6231.0 -999.0 -1 -999 {-999.0 -999.0 -999.0 -999.0 -999.0} "" -999.0 -999.0 -999.0 -999.0 -999 -999 "" "" "" "" 0 0 0.0 0.0 -999 ""
FIBERMAP 913 R-2C5 APOGEE 1 1 0 1 0 0 -185.0949350853415 -20.80819632375151 143.1 21.11377029867851 -185.05455322480753 149.75797 67.81799 269.501878579703 -30.06532520896364 2.6957004 -0.35498875 1.4057027 269.50186202067727 -30.065305357264346 269.6052734598591 -30.069930938855407 50.905870322872396 256.9410417322702 16000.0 16600.0 2016.0 2 287 {-999.0 7.4525943 7.7022586 7.8777003 -999.0} sdss_psfmag_from_g3xp 7.5715327 7.5847697 7.560037 7.569 63050395284706053 975030292 "" ops_std_apogee ops_std standard_apogee 0 0 0.0 0.0 -999 ""
FIBERMAP 913 R-2C5 BOSS 0 0 0 1 0 0 -184.51954143332466 -20.366201523807614 143.1 20.670837716616116 -184.47990937191207 149.75797 67.81799 -999.0 -999.0 -999.0 -999.0 -999.0 269.5001262745094 -30.06359707045496 269.60373011192445 -30.068258462461074 50.90426079736552 256.9432790541447 -999.0 5400.0 -999.0 1 471 {-999.0 -999.0 -999.0 -999.0 -999.0} "" -999.0 -999.0 -999.0 -999.0 -999 -999 "" "" "" "" 0 0 0.0 0.0 -999 ""
FIBERMAP 913 R-2C5 METROLOGY 0 0 0 1 0 0 -184.4007141826172 -21.09100289840737 143.1 21.395419173140787 -184.35988674505896 149.75797 67.81799 -999.0 -999.0 -999.0 -999.0 -999.0 269.5027248217377 -30.063272532863298 269.6062705959027 -30.06791816919549 50.906364994610264 256.9444248302935 -999.0 6231.0 -999.0 -1 -999 {-999.0 -999.0 -999.0 -999.0 -999.0} "" -999.0 -999.0 -999.0 -999.0 -999 -999 "" "" "" "" 0 0 0.0 0.0 -999 ""
FIBERMAP 915 R+5C16 APOGEE 1 1 0 1 0 0 110.9978418941906 115.53010704512664 143.1 -115.71003878006272 110.80312431036033 123.30049 39.432663 269.02922693855083 -29.166515377646604 -7.3428855 -5.320855 0.023679346 269.02921416417314 -29.1665158557684 269.1295544318826 -29.172625602003237 50.33206222524848 258.2087660436109 16000.0 16600.0 2016.0 2 68 {-999.0 19.132687 17.414276 14.2286825 -999.0} sdss_psfmag_gaia 17.413097 14.915141 13.52201 9.655 63050395286824240 1154466765 bright_1x1 mwm_galactic_core_dist_apogee_sparse mwm_galactic science 0 0 0.0 0.0 -999 ""
FIBERMAP 915 R+5C16 BOSS 0 0 0 1 0 0 111.70084878250208 115.30022659833061 143.1 -115.48132886748478 111.5064889257028 123.30049 39.432663 -999.0 -999.0 -999.0 -999.0 -999.0 269.0297736668259 -29.1643080716081 269.1303054952976 -29.170451774112458 50.332276720453635 258.21230719184246 -999.0 5400.0 -999.0 1 222 {-999.0 -999.0 -999.0 -999.0 -999.0} "" -999.0 -999.0 -999.0 -999.0 -999 -999 "" "" "" "" 0 0 0.0 0.0 -999 ""
FIBERMAP 915 R+5C16 METROLOGY 0 0 0 1 0 0 111.15615678677987 114.80582960311428 143.1 -114.98604657238081 110.96263244196955 123.30049 39.432663 -999.0 -999.0 -999.0 -999.0 -999.0 269.03151701286464 -29.16595925390548 269.13199763443487 -29.17208789693479 50.33404772382356 258.2102505122872 -999.0 6231.0 -999.0 -1 -999 {-999.0 -999.0 -999.0 -999.0 -999.0} "" -999.0 -999.0 -999.0 -999.0 -999 -999 "" "" "" "" 0 0 0.0 0.0 -999 ""
FIBERMAP 922 R-1C18 APOGEE 1 1 0 1 0 0 113.61047731342619 -32.68723890237299 143.1 32.49821654027284 113.66090430910047 351.7592 74.13263 269.5440673828125 -29.159575274678573 -999.0 -999.0 -999.0 269.5440898032294 -29.15957911033742 269.64425755993005 -29.16427913043995 50.771150252147685 258.36023375824567 16000.0 16600.0 2015.5 2 212 {-999.0 -999.0 -999.0 -999.0 -999.0} "" -999.0 -999.0 -999.0 -999.0 27021603147277167 848879222 "" ops_sky_apogee_good ops_sky sky_apogee 0 0 0.0 0.0 -999 ""
FIBERMAP 922 R-1C18 BOSS 0 0 0 1 0 0 113.19591687966047 -33.321059970793975 143.1 33.13270311815572 113.24740588112796 351.7592 74.13263 -999.0 -999.0 -999.0 -999.0 -999.0 269.5461157638959 -29.16074343568079 269.64648354143714 -29.165471728051095 50.77328907653181 258.35898268279226 -999.0 5400.0 -999.0 1 301 {-999.0 -999.0 -999.0 -999.0 -999.0} "" -999.0 -999.0 -999.0 -999.0 -999 -999 "" "" "" "" 0 0 0.0 0.0 -999 ""
FIBERMAP 922 R-1C18 METROLOGY 0 0 0 1 0 0 112.87006044819371 -32.64768469733687 143.1 32.459888642465785 112.92044581892218 351.7592 74.13263 -999.0 -999.0 -999.0 -999.0 -999.0 269.543834848345 -29.16172727435479 269.6441510923909 -29.166451955031647 50.77148223739756 258.35683517174357 -999.0 6231.0 -999.0 -1 -999 {-999.0 -999.0 -999.0 -999.0 -999.0} "" -999.0 -999.0 -999.0 -999.0 -999 -999 "" "" "" "" 0 0 0.0 0.0 -999 ""
FIBERMAP 923 R+4C16 APOGEE 0 0 0 1 0 0 97.23546198897417 84.10304103791768 143.1 -84.26121360414598 97.0931838461652 13.100307 140.9816 -999.0 -999.0 -999.0 -999.0 -999.0 269.13802159847955 -29.208514702302914 269.2384794519668 -29.214317331669367 50.43348733246069 258.1739423271197 -999.0 16600.0 -999.0 2 -999 {-999.0 -999.0 -999.0 -999.0 -999.0} "" -999.0 -999.0 -999.0 -999.0 -999 -999 "" "" "" "" 0 0 0.0 0.0 -999 ""
FIBERMAP 923 R+4C16 BOSS 1 1 0 1 0 0 97.92688385904412 83.76937470116076 143.1 -83.92870197262154 97.78513553181561 13.100307 140.9816 269.1389465332031 -29.20630591960706 -999.0 -999.0 -999.0 269.13894615330423 -29.206338404238878 269.23959498420373 -29.21217361397059 50.434022575418545 258.1775419022163 5400.0 5400.0 2015.5 1 219 {-999.0 -999.0 -999.0 -999.0 -999.0} "" -999.0 -999.0 -999.0 -999.0 27021603147184576 852481449 "" ops_sky_boss_fallback ops_sky sky_boss 0 0 0.0 0.0 -999 ""
FIBERMAP 923 R+4C16 METROLOGY 0 0 0 1 0 0 97.30149940615547 83.35796568848777 143.1 -83.51627148312254 97.16045188138102 13.100307 140.9816 -999.0 -999.0 -999.0 -999.0 -999.0 269.14041105217376 -29.208237343972698 269.24100979953374 -29.2140583102152 50.435602428969084 258.1750196544233 -999.0 6231.0 -999.0 -1 -999 {-999.0 -999.0 -999.0 -999.0 -999.0} "" -999.0 -999.0 -999.0 -999.0 -999 -999 "" "" "" "" 0 0 0.0 0.0 -999 ""
FIBERMAP 924 R-11C4 APOGEE 1 0 1 1 0 0 -100.57632511866709 -205.82446341356763 143.1 205.98424787858198 -100.23254892614395 9.10778 172.3059 270.1579937648612 -29.87413535440978 3.4297936 -6.446319 -0.0137702115 270.14769012745 -29.80775281501476 270.24998332637193 -29.810663106074518 51.40974458500851 257.5057696731277 16000.0 16600.0 2016.0 2 178 {-999.0 17.715494 15.795931 13.300577 -999.0} sdss_psfmag_gaia 16.173037 14.0252695 12.646158 9.282 63050395257727759 1154363964 bright_1x1 mwm_galactic_core_dist_apogee_sparse mwm_galactic science 0 0 0.0 0.0 -999 ""
FIBERMAP 924 R-11C4 BOSS 0 0 1 1 0 0 -99.83393577029189 -205.78489223941014 143.1 205.9434496790473 -99.4902489308305 9.10778 172.3059 -999.0 -999.0 -999.0 -999.0 -999.0 270.1473915413473 -29.805493716728407 270.2498706707943 -29.808435795289554 51.409251294475915 257.50925535954536 -999.0 5400.0 -999.0 1 424 {-999.0 -999.0 -999.0 -999.0 -999.0} "" -999.0 -999.0 -999.0 -999.0 -999 -999 "" "" "" "" 0 0 0.0 0.0 -999 ""
FIBERMAP 924 R-11C4 METROLOGY 0 0 1 1 0 0 -100.17218553241364 -206.45507293761088 143.1 206.61416845950149 -99.82737898422914 9.10778 172.3059 -999.0 -999.0 -999.0 -999.0 -999.0 270.14981373905965 -29.806526589206726 270.25224086208834 -29.809453169851974 51.41145632225609 257.5082382828759 -999.0 6231.0 -999.0 -1 -999 {-999.0 -999.0 -999.0 -999.0 -999.0} "" -999.0 -999.0 -999.0 -999.0 -999 -999 "" "" "" "" 0 0 0.0 0.0 -999 ""
FIBERMAP 926 R+12C11 APOGEE 0 0 0 1 0 0 53.754449365469235 226.4488828877639 143.1 -226.53053614142692 53.37805585165248 219.38893 103.03926 -999.0 -999.0 -999.0 -999.0 -999.0 268.64367556216723 -29.33816464542035 268.7447305056971 -29.34529568015736 50.036751944549295 257.84144403954326 -999.0 16600.0 -999.0 2 -999 {-999.0 -999.0 -999.0 -999.0 -999.0} "" -999.0 -999.0 -999.0 -999.0 -999 -999 "" "" "" "" 0 0 0.0 0.0 -999 ""
FIBERMAP 926 R+12C11 BOSS 1 1 0 1 0 0 53.14529737956556 226.91202173768227 143.1 -226.99265223834522 52.76815718873182 219.38893 103.03926 268.6418151855469 -29.339939710923403 -999.0 -999.0 -999.0 268.6418168720788 -29.33995490661588 268.74308071362657 -29.347125760022 50.03569928206856 257.8382121473755 5400.0 5400.0 2015.5 1 107 {-999.0 -999.0 -999.0 -999.0 -999.0} "" -999.0 -999.0 -999.0 -999.0 27021603147184665 852481472 "" ops_sky_boss_fallback ops_sky sky_boss 0 0 0.0 0.0 -999 ""
FIBERMAP 926 R+12C11 METROLOGY 0 0 0 1 0 0 53.854488669996186 227.19015905380854 143.1 -227.27195397860666 53.476865481488865 219.38893 103.03926 -999.0 -999.0 -999.0 -999.0 -999.0 268.64089573331745 -29.33780414044093 268.74209494799845 -29.344968032587794 50.03443484430206 257.84124515866483 -999.0 6231.0 -999.0 -1 -999 {-999.0 -999.0 -999.0 -999.0 -999.0} "" -999.0 -999.0 -999.0 -999.0 -999 -999 "" "" "" "" 0 0 0.0 0.0 -999 ""
FIBERMAP 928 R-10C10 APOGEE 0 0 0 1 0 0 17.620088664967366 -172.63820219629875 143.1 172.60349584264756 17.90515527849969 177.8932 18.858881 -999.0 -999.0 -999.0 -999.0 -999.0 270.03113377868465 -29.450248902913785 270.1321865105347 -29.453553618816386 51.24395584269685 258.03780188614724 -999.0 16600.0 -999.0 2 -999 {-999.0 -999.0 -999.0 -999.0 -999.0} "" -999.0 -999.0 -999.0 -999.0 -999 -999 "" "" "" "" 0 0 0.0 0.0 -999 ""
FIBERMAP 928 R-10C10 BOSS 1 1 0 1 0 0 18.338726593993737 -172.442590802074 143.1 172.4067017398745 18.623446446788385 177.8932 18.858881 270.03032166149166 -29.44801127354933 0.5432012 -4.493182 0.33689576 270.03032378168564 -29.448032704882255 270.1315629814956 -29.45137218027814 51.24301575390507 258.04106377799314 5400.0 5400.0 2016.0 1 403 {-999.0 16.21569 14.8504305 14.218366 -999.0} sdss_psfmag_gaia 15.6149845 14.7714405 13.767033 11.274 63050395307490111 1093443992 bright_3x1 mwm_astar_core_boss mwm_ob science 0 0 0.0 0.0 -999 ""
FIBERMAP 928 R-10C10 METROLOGY 0 0 0 1 0 0 18.17576633593582 -173.13892222064686 143.1 173.10328037940153 18.46164352550797 177.8932 18.858881 -999.0 -999.0 -999.0 -999.0 -999.0 270.03282200096663 -29.448526743738967 270.1340071847369 -29.451850179636857 51.245195895805324 258.04094743837584 -999.0 6231.0 -999.0 -1 -999 {-999.0 -999.0 -999.0 -999.0 -999.0} "" -999.0 -999.0 -999.0 -999.0 -999 -999 "" "" "" "" 0 0 0.0 0.0 -999 ""
FIBERMAP 929 R-3C18 APOGEE 1 1 0 1 0 0 107.42729617526241 -66.93828584473604 143.1 66.75839186828242 107.53459113262599 244.25098 76.23488 269.6631023306854 -29.17837737052537 -2.1252825 -2.8048985 0.24906021 269.66310874039345 -29.178382401421686 269.7633079444189 -29.182752382075137 50.876707098576965 258.36352094903816 16000.0 16600.0 2016.0 2 217 {-999.0 15.820438 13.882942 11.580362 -999.0} sdss_psfmag_from_g3xp 14.934349 12.229256 10.772764 7.04 63050395307957527 1152069934 bright_1x1 mwm_galactic_core_dist_apogee_sparse mwm_galactic science 0 0 0.0 0.0 -999 ""
FIBERMAP 929 R-3C18 BOSS 0 0 0 1 0 0 106.84399154389297 -66.47121991866818 143.1 66.29230605656802 106.9505324953345 244.25098 76.23488 -999.0 -999.0 -999.0 -999.0 -999.0 269.6613315181051 -29.180061291652446 269.76173303927186 -29.184469567735437 50.8756909999 258.36042883367793 -999.0 5400.0 -999.0 1 309 {-999.0 -999.0 -999.0 -999.0 -999.0} "" -999.0 -999.0 -999.0 -999.0 -999 -999 "" "" "" "" 0 0 0.0 0.0 -999 ""
FIBERMAP 929 R-3C18 METROLOGY 0 0 0 1 0 0 107.5526603653482 -66.20137221480353 143.1 66.02129452633724 107.65873205125604 244.25098 76.23488 -999.0 -999.0 -999.0 -999.0 -999.0 269.6604538879626 -29.17791192542659 269.7607925699935 -29.18231349247976 50.87446757742557 258.36352867056365 -999.0 6231.0 -999.0 -1 -999 {-999.0 -999.0 -999.0 -999.0 -999.0} "" -999.0 -999.0 -999.0 -999.0 -999 -999 "" "" "" "" 0 0 0.0 0.0 -999 ""
FIBERMAP 931 R+4C2 APOGEE 0 0 0 1 0 0 -240.98711321216274 80.76824020474072 143.1 -80.36692389184375 -241.11299365738913 197.37027 84.36267 -999.0 -999.0 -999.0 -999.0 -999.0 269.14583690267585 -30.232676099326305 269.24995508983176 -30.238242747216812 50.63293170214603 256.5938043758306 -999.0 16600.0 -999.0 2 -999 {-999.0 -999.0 -999.0 -999.0 -999.0} "" -999.0 -999.0 -999.0 -999.0 -999 -999 "" "" "" "" 0 0 0.0 0.0 -999 ""
FIBERMAP 931 R+4C2 BOSS 1 1 0 1 0 0 -241.14442797506675 81.50388808576834 143.1 -81.10228782750295 -241.27152050410953 197.37027 84.36267 269.14306640625 -30.233135568634538 -999.0 -999.0 -999.0 269.14305663897267 -30.23311553570605 269.2473775928852 -30.238720430777008 50.630822590518875 256.59244961258116 5400.0 5400.0 2015.5 1 74 {-999.0 -999.0 -999.0 -999.0 -999.0} "" -999.0 -999.0 -999.0 -999.0 27021603147180127 852480336 "" ops_sky_boss_fallback ops_sky sky_boss 0 0 0.0 0.0 -999 ""
FIBERMAP 931 R+4C2 METROLOGY 0 0 0 1 0 0 -240.4439148376649 81.28247141999218 143.1 -80.88203729771374 -240.57066356295428 197.37027 84.36267 -999.0 -999.0 -999.0 -999.0 -999.0 269.1438749180585 -30.231067220195982 269.2481314362346 -30.23666159968924 50.63110416111785 256.5958248398871 -999.0 6231.0 -999.0 -1 -999 {-999.0 -999.0 -999.0 -999.0 -999.0} "" -999.0 -999.0 -999.0 -999.0 -999 -999 "" "" "" "" 0 0 0.0 0.0 -999 ""
FIBERMAP 933 R+1C7 APOGEE 1 1 0 1 0 0 -151.15990121395413 11.489177627772335 143.1 -11.238710892639057 -151.1740476660071 202.6668 145.17377 269.3889563275605 -29.962635068208574 -4.88372 -10.713255 0.09055179 269.3889290018356 -29.962636917069577 269.49200363377764 -29.96759356647033 50.79117800140753 257.07296343272935 16000.0 16600.0 2016.0 2 14 {-999.0 19.549923 16.626482 14.754034 -999.0} sdss_psfmag_ps1 17.784948 15.300254 13.877509 10.166 63050395284747271 1153385892 bright_1x1 mwm_galactic_core_dist_apogee_sparse mwm_galactic science 0 0 0.0 0.0 -999 ""
FIBERMAP 933 R+1C7 BOSS 0 0 0 1 0 0 -151.9128900238181 11.613618747973621 143.1 -11.361902174365255 -151.92721814352714 202.6668 145.17377 -999.0 -999.0 -999.0 -999.0 -999.0 269.3882846700471 -29.96494765013416 269.4915663510396 -29.96993686214311 50.79122462036823 257.0692091552362 -999.0 5400.0 -999.0 1 21 {-999.0 -999.0 -999.0 -999.0 -999.0} "" -999.0 -999.0 -999.0 -999.0 -999 -999 "" "" "" "" 0 0 0.0 0.0 -999 ""
FIBERMAP 933 R+1C7 METROLOGY 0 0 0 1 0 0 -151.41325699754742 12.187549234092593 143.1 -11.93664085089307 -151.42855076953856 202.6668 145.17377 -999.0 -999.0 -999.0 -999.0 -999.0 269.38633230687316 -29.963459223276708 269.4895529385573 -29.968445241151873 50.7892416503726 257.0710369034205 -999.0 6231.0 -999.0 -1 -999 {-999.0 -999.0 -999.0 -999.0 -999.0} "" -999.0 -999.0 -999.0 -999.0 -999 -999 "" "" "" "" 0 0 0.0 0.0 -999 ""
FIBERMAP 937 R+8C19 APOGEE 1 1 0 1 0 0 211.9222171332079 166.19535828477197 143.1 -166.54064162052 211.64042624465552 60.862103 101.91945 268.8570527036128 -28.861409372224628 -1.6742141 -5.928575 -0.28446627 268.8570390263234 -28.861386269199993 268.95635350564595 -28.86803217996005 50.122598247990815 258.62773421204986 16000.0 16600.0 2016.0 2 101 {-999.0 19.626535 16.962978 15.06013 -999.0} sdss_psfmag_ps1 18.007084 15.585203 14.168315 10.424 63050395309746170 1153485068 bright_1x1 mwm_galactic_core_dist_apogee_sparse mwm_galactic science 0 0 0.0 0.0 -999 ""
FIBERMAP 937 R+8C19 BOSS 0 0 0 1 0 0 212.64876538705536 165.98651412865712 143.1 -166.3330062715817 212.367296663265 60.862103 101.91945 -999.0 -999.0 -999.0 -999.0 -999.0 268.85758805730137 -28.859169882420854 268.95709472827775 -28.865851284089864 50.122788736270344 258.6312707884581 -999.0 5400.0 -999.0 1 175 {-999.0 -999.0 -999.0 -999.0 -999.0} "" -999.0 -999.0 -999.0 -999.0 -999 -999 "" "" "" "" 0 0 0.0 0.0 -999 ""
FIBERMAP 937 R+8C19 METROLOGY 0 0 0 1 0 0 212.1030951021117 165.46627838503989 143.1 -165.81188444067791 211.82250467251737 60.862103 101.91945 -999.0 -999.0 -999.0 -999.0 -999.0 268.85937955525725 -28.86078382386269 268.9588346699181 -28.8674496148941 50.12460654307251 258.62931516813705 -999.0 6231.0 -999.0 -1 -999 {-999.0 -999.0 -999.0 -999.0 -999.0} "" -999.0 -999.0 -999.0 -999.0 -999 -999 "" "" "" "" 0 0 0.0 0.0 -999 ""
FIBERMAP 939 R+2C6 APOGEE 0 0 0 1 0 0 -147.41185828038493 32.85015939174402 143.1 -32.60520671382286 -147.46146748275544 310.6048 132.52118 -999.0 -999.0 -999.0 -999.0 -999.0 269.314170324157 -29.951133093045055 269.4172251520076 -29.956297091969677 50.7254175278114 257.072170770759 -999.0 16600.0 -999.0 2 -999 {-999.0 -999.0 -999.0 -999.0 -999.0} "" -999.0 -999.0 -999.0 -999.0 -999 -999 "" "" "" "" 0 0 0.0 0.0 -999 ""
FIBERMAP 939 R+2C6 BOSS 1 1 0 1 0 0 -147.47795671500154 32.12012366388279 143.1 -31.875085109097718 -147.5263559320517 310.6048 132.52118 269.3165397708079 -29.951363148753448 -7.627437 -5.5147986 1.0567018 269.316510045357 -29.95137222248323 269.4197640125735 -29.956561223574816 50.727628882286126 257.0723843536493 5400.0 5400.0 2016.0 1 49 {-999.0 16.629072 15.971654 15.7350235 -999.0} sdss_psfmag_ps1 16.396404 15.914801 15.246468 -999.0 63050395285108531 982148281 "" ops_std_boss_tic ops_std standard_boss 0 0 0.0 0.0 -999 ""
FIBERMAP 939 R+2C6 METROLOGY 0 0 0 1 0 0 -148.09434903998886 32.54404735367403 143.1 -32.29797532810324 -148.14342981886023 310.6048 132.52118 -999.0 -999.0 -999.0 -999.0 -999.0 269.3150739497006 -29.953259039976423 269.4182787393697 -29.95844266242411 50.726700803320256 257.0690954396905 -999.0 6231.0 -999.0 -1 -999 {-999.0 -999.0 -999.0 -999.0 -999.0} "" -999.0 -999.0 -999.0 -999.0 -999 -999 "" "" "" "" 0 0 0.0 0.0 -999 ""
FIBERMAP 947 R+11C15 APOGEE 0 0 0 1 0 0 152.1655404257425 220.9801687239012 143.1 -221.22482105856633 151.7950292481884 20.3507 142.97688 -999.0 -999.0 -999.0 -999.0 -999.0 268.66619196086305 -29.040879000007553 268.7661902793263 -29.04801058767238 49.99613644904127 258.30068476425356 -999.0 16600.0 -999.0 2 -999 {-999.0 -999.0 -999.0 -999.0 -999.0} "" -999.0 -999.0 -999.0 -999.0 -999 -999 "" "" "" "" 0 0 0.0 0.0 -999 ""
FIBERMAP 947 R+11C15 BOSS 1 1 0 1 0 0 152.86273267228745 220.79527461544205 143.1 -221.04108641672696 152.49250497799898 20.3507 142.97688 268.6666802662226 -29.03874303649203 -8.523587 -6.74802 0.1413188 268.66665916153636 -29.038744459142286 268.76685131814526 -29.04591141974433 49.99627990402412 258.30406435524196 5400.0 5400.0 2016.0 1 186 {-999.0 18.193033 16.3149 15.003744 -999.0} sdss_psfmag_gaia 17.08661 15.71178 14.421326 11.354 63050395287232382 1093413716 bright_3x1 mwm_astar_core_boss mwm_ob science 0 0 0.0 0.0 -999 ""
FIBERMAP 947 R+11C15 METROLOGY 0 0 0 1 0 0 152.34144925400517 220.25315132319102 143.1 -220.49811808985345 151.9721352828135 20.3507 142.97688 -999.0 -999.0 -999.0 -999.0 -999.0 268.6685112357443 -29.040303735623585 268.7686512691965 -29.04745502206618 49.99813200676436 258.3022050522961 -999.0 6231.0 -999.0 -1 -999 {-999.0 -999.0 -999.0 -999.0 -999.0} "" -999.0 -999.0 -999.0 -999.0 -999 -999 "" "" "" "" 0 0 0.0 0.0 -999 ""
FIBERMAP 949 R+1C19 APOGEE 0 0 0 1 0 0 111.21836531028548 15.793466516028703 143.1 -15.976971515710261 111.18865694038517 193.40414 121.77523 -999.0 -999.0 -999.0 -999.0 -999.0 269.37558113293215 -29.166628818018587 269.47582282224323 -29.171789109941862 50.62836572813043 258.30329992304996 -999.0 16600.0 -999.0 2 -999 {-999.0 -999.0 -999.0 -999.0 -999.0} "" -999.0 -999.0 -999.0 -999.0 -999 -999 "" "" "" "" 0 0 0.0 0.0 -999 ""
FIBERMAP 949 R+1C19 BOSS 1 1 0 1 0 0 110.67209946039672 16.30085113252261 143.1 -16.48343600226845 110.64156918498618 193.40414 121.77523 269.3735765649826 -29.16818244765914 -1.5257642 -2.5971751 0.30694228 269.3736062293525 -29.168187415911987 269.474051509189 -29.173387154559666 50.62716120360594 258.30035287929604 5400.0 5400.0 2016.0 1 241 {-999.0 14.881698 14.076791 13.654339 -999.0} sdss_psfmag_from_g3xp 14.636428 14.041526 13.242517 11.924 63050395309197695 1093142469 bright_3x1 mwm_astar_core_boss mwm_ob science 0 0 0.0 0.0 -999 ""
FIBERMAP 949 R+1C19 METROLOGY 0 0 0 1 0 0 111.41019489475234 16.516446202686193 143.1 -16.700245330970013 111.37928416928045 193.40414 121.77523 -999.0 -999.0 -999.0 -999.0 -999.0 269.37291633694866 -29.165948139115542 269.47329793352907 -29.17114050852674 50.62607683555046 258.30362341237344 -999.0 6231.0 -999.0 -1 -999 {-999.0 -999.0 -999.0 -999.0 -999.0} "" -999.0 -999.0 -999.0 -999.0 -999 -999 "" "" "" "" 0 0 0.0 0.0 -999 ""
FIBERMAP 952 R+4C8 APOGEE 0 0 0 1 0 0 -93.66641649790162 87.56041856872423 143.1 -87.40262886014794 -93.80827386532447 92.774826 135.98405 -999.0 -999.0 -999.0 -999.0 -999.0 269.1232939930071 -29.787681692708738 269.22581686585096 -29.79340324759396 50.532598928418274 257.2771236754978 -999.0 16600.0 -999.0 2 -999 {-999.0 -999.0 -999.0 -999.0 -999.0} "" -999.0 -999.0 -999.0 -999.0 -999 -999 "" "" "" "" 0 0 0.0 0.0 -999 ""
FIBERMAP 952 R+4C8 BOSS 1 1 0 1 0 0 -93.1814650523354 88.11930543516843 143.1 -87.96230010996061 -93.32426270977616 92.774826 135.98405 269.12109375 -29.786212948153008 -999.0 -999.0 -999.0 269.12109649052445 -29.786216273108504 269.2238145923174 -29.79197662671119 50.53062849552205 257.278826792545 5400.0 5400.0 2015.5 1 33 {-999.0 -999.0 -999.0 -999.0 -999.0} "" -999.0 -999.0 -999.0 -999.0 27021603147181538 852480688 "" ops_sky_boss_fallback ops_sky sky_boss 0 0 0.0 0.0 -999 ""
FIBERMAP 952 R+4C8 METROLOGY 0 0 0 1 0 0 -92.93336794782385 87.41162999381011 143.1 -87.25505791536949 -93.0750027227763 92.774826 135.98405 -999.0 -999.0 -999.0 -999.0 -999.0 269.1236175304252 -29.785494353105626 269.2262756840242 -29.791238743271816 50.53259209310196 257.2805860375849 -999.0 6231.0 -999.0 -1 -999 {-999.0 -999.0 -999.0 -999.0 -999.0} "" -999.0 -999.0 -999.0 -999.0 -999 -999 "" "" "" "" 0 0 0.0 0.0 -999 ""
FIBERMAP 953 R+4C11 APOGEE 0 0 0 1 0 0 -17.945742563185338 93.81024779368973 143.1 -93.77753843671952 -18.100376240990204 100.33906 87.45751 -999.0 -999.0 -999.0 -999.0 -999.0 269.10242999817996 -29.557882430266577 269.20413791782465 -29.563709335896952 50.4712882954157 257.62640365153 -999.0 16600.0 -999.0 2 -999 {-999.0 -999.0 -999.0 -999.0 -999.0} "" -999.0 -999.0 -999.0 -999.0 -999 -999 "" "" "" "" 0 0 0.0 0.0 -999 ""
FIBERMAP 953 R+4C11 BOSS 1 1 0 1 0 0 -17.157181338653032 93.90177873379815 143.1 -93.87037112303553 -17.311991823305277 100.33906 87.45751 269.10186767578125 -29.555459296647868 -999.0 -999.0 -999.0 269.1018612400627 -29.555463234990427 269.20376033772845 -29.561325594631416 50.470515759301975 257.62998414322334 5400.0 5400.0 2015.5 1 118 {-999.0 -999.0 -999.0 -999.0 -999.0} "" -999.0 -999.0 -999.0 -999.0 27021603147181650 852480715 "" ops_sky_boss_fallback ops_sky sky_boss 0 0 0.0 0.0 -999 ""
FIBERMAP 953 R+4C11 METROLOGY 0 0 0 1 0 0 -17.472278648282895 93.23117082291525 143.1 -93.19926344984735 -17.625969462165653 100.33906 87.45751 -999.0 -999.0 -999.0 -999.0 -999.0 269.1042415245057 -29.556440222804778 269.20608684454635 -29.5622863838425 50.47268441074915 257.62910199069563 -999.0 6231.0 -999.0 -1 -999 {-999.0 -999.0 -999.0 -999.0 -999.0} "" -999.0 -999.0 -999.0 -999.0 -999 -999 "" "" "" "" 0 0 0.0 0.0 -999 ""
FIBERMAP 955 R-1C19 APOGEE 0 0 0 1 0 0 110.86911888479851 -13.606599597441388 143.1 13.42272666937123 110.88806475931526 160.06029 112.30294 -999.0 -999.0 -999.0 -999.0 -999.0 269.47777182084457 -29.167821757621745 269.5779880583103 -29.172701759224715 50.71603466216025 258.32936034304515 -999.0 16600.0 -999.0 2 -999 {-999.0 -999.0 -999.0 -999.0 -999.0} "" -999.0 -999.0 -999.0 -999.0 -999 -999 "" "" "" "" 0 0 0.0 0.0 -999 ""
FIBERMAP 955 R-1C19 BOSS 1 1 0 1 0 0 110.84055806515872 -12.883041611605979 143.1 12.699239213959626 110.85830771698254 160.06029 112.30294 269.47501761181843 -29.16778463895517 -1.1485019 -4.332705 -0.44683623 269.4750678344286 -29.167811487560765 269.57548174658876 -29.172733074435385 50.713894348875776 258.3286381192811 5400.0 5400.0 2016.0 1 302 {-999.0 15.590167 14.948876 14.616045 -999.0} sdss_psfmag_from_g3xp 15.3134985 15.085572 14.169491 12.948 63050395307941889 1093142483 bright_3x1 mwm_astar_core_boss mwm_ob science 0 0 0.0 0.0 -999 ""
FIBERMAP 955 R-1C19 METROLOGY 0 0 0 1 0 0 111.49685850238842 -13.199854973255434 143.1 13.014956521643574 111.51511121601433 160.06029 112.30294 -999.0 -999.0 -999.0 -999.0 -999.0 269.4762285110888 -29.16582243675542 269.57657924602506 -29.170731581048514 50.71444406072948 258.3320334888768 -999.0 6231.0 -999.0 -1 -999 {-999.0 -999.0 -999.0 -999.0 -999.0} "" -999.0 -999.0 -999.0 -999.0 -999 -999 "" "" "" "" 0 0 0.0 0.0 -999 ""
FIBERMAP 960 R+13C6 APOGEE 1 1 0 1 0 0 -28.118728542011127 244.00371818705133 143.1 -243.94934587909344 -28.521533130441362 275.11475 142.66136 268.58050339076107 -29.585510940776434 0.5297156 -0.64115953 0.1968455 268.5805296177707 -29.58552774183243 268.68248114196257 -29.59278023347423 50.03137496110901 257.44711167759874 16000.0 16600.0 2016.0 2 51 {-999.0 16.712172 14.492916 12.998491 -999.0} sdss_psfmag_from_g3xp 15.531081 13.720212 12.395296 9.053 63050395286536956 1152063102 bright_1x1 mwm_galactic_core_dist_apogee_sparse mwm_galactic science 0 0 0.0 0.0 -999 ""
FIBERMAP 960 R+13C6 BOSS 0 0 0 1 0 0 -28.509336880890608 243.35083737445376 143.1 -243.29583979939233 -28.911048699301045 275.11475 142.66136 -999.0 -999.0 -999.0 -999.0 -999.0 268.5825465418495 -29.58669613848221 268.6847044201816 -29.59397711396538 50.033501060120386 257.4458568509527 -999.0 5400.0 -999.0 1 88 {-999.0 -999.0 -999.0 -999.0 -999.0} "" -999.0 -999.0 -999.0 -999.0 -999 -999 "" "" "" "" 0 0 0.0 0.0 -999 ""
FIBERMAP 960 R+13C6 METROLOGY 0 0 0 1 0 0 -28.869112899866586 244.00938957270873 143.1 -243.95377555607007 -29.271902732784362 275.11475 142.66136 -999.0 -999.0 -999.0 -999.0 -999.0 268.5802705993541 -29.587780115526556 268.6823755186792 -29.59505739904885 50.03171925948049 257.4436045481528 -999.0 6231.0 -999.0 -1 -999 {-999.0 -999.0 -999.0 -999.0 -999.0} "" -999.0 -999.0 -999.0 -999.0 -999 -999 "" "" "" "" 0 0 0.0 0.0 -999 ""
FIBERMAP 961 R-2C8 APOGEE 0 0 0 1 0 0 -108.53209963594148 -56.359687598650765 143.1 56.53744315182246 -108.43536003893506 314.4304 77.9435 -999.0 -999.0 -999.0 -999.0 -999.0 269.6265391743737 -29.833675096922395 269.7290814761492 -29.83800755003508 50.97006436827335 257.3335367472964 -999.0 16600.0 -999.0 2 -999 {-999.0 -999.0 -999.0 -999.0 -999.0} "" -999.0 -999.0 -999.0 -999.0 -999 -999 "" "" "" "" 0 0 0.0 0.0 -999 ""
FIBERMAP 961 R-2C8 BOSS 1 1 0 1 0 0 -109.26569717074618 -56.77668851426335 143.1 56.955644405129675 -109.16824403828724 314.4304 77.9435 269.6278381347656 -29.83592124383749 -999.0 -999.0 -999.0 269.6278327033691 -29.835920567526436 269.73057964861897 -29.840280333724156 50.97175257476587 257.3303589829491 5400.0 5400.0 2015.5 1 497 {-999.0 -999.0 -999.0 -999.0 -999.0} "" -999.0 -999.0 -999.0 -999.0 27021603147180717 852480483 "" ops_sky_boss_fallback ops_sky sky_boss 0 0 0.0 0.0 -999 ""
FIBERMAP 961 R-2C8 METROLOGY 0 0 0 1 0 0 -109.20172599463177 -56.02637279768436 143.1 56.20524698366153 -109.10551633271727 314.4304 77.9435 -999.0 -999.0 -999.0 -999.0 -999.0 269.6252709481234 -29.835749198842198 269.7279622227862 -29.840107146562794 50.969488173978 257.32997920995695 -999.0 6231.0 -999.0 -1 -999 {-999.0 -999.0 -999.0 -999.0 -999.0} "" -999.0 -999.0 -999.0 -999.0 -999 -999 "" "" "" "" 0 0 0.0 0.0 -999 ""
FIBERMAP 966 R-8C2 APOGEE 0 0 0 1 0 0 -193.24257766567547 -169.9834132088131 143.1 170.29766884267693 -192.95512026379367 279.51483 51.006935 -999.0 -999.0 -999.0 -999.0 -999.0 270.0233286585543 -30.088288066257224 270.12666804233936 -30.09147998796953 51.35387515981206 257.03276179954236 -999.0 16600.0 -999.0 2 -999 {-999.0 -999.0 -999.0 -999.0 -999.0} "" -999.0 -999.0 -999.0 -999.0 -999 -999 "" "" "" "" 0 0 0.0 0.0 -999 ""
FIBERMAP 966 R-8C2 BOSS 1 1 0 1 0 0 -193.88946407337636 -169.65641546748614 143.1 169.97175190723033 -193.60252688639846 279.51483 51.006935 270.02197265624994 -30.090224244729313 -999.0 -999.0 -999.0 270.022000703772 -30.090220472007154 270.125542527717 -30.093445259933695 51.35325592695853 257.02939264226757 5400.0 5400.0 2015.5 1 456 {-999.0 -999.0 -999.0 -999.0 -999.0} "" -999.0 -999.0 -999.0 -999.0 27021603147014858 852436872 "" ops_sky_boss_fallback ops_sky sky_boss 0 0 0.0 0.0 -999 ""
FIBERMAP 966 R-8C2 METROLOGY 0 0 0 1 0 0 -193.2685218852341 -169.23586714717703 143.1 169.55018975391312 -192.98230047897914 279.51483 51.006935 -999.0 -999.0 -999.0 -999.0 -999.0 270.02062693653573 -30.088403757889154 270.1241073479994 -30.091624298841236 51.351717943812794 257.03192054216674 -999.0 6231.0 -999.0 -1 -999 {-999.0 -999.0 -999.0 -999.0 -999.0} "" -999.0 -999.0 -999.0 -999.0 -999 -999 "" "" "" "" 0 0 0.0 0.0 -999 ""
FIBERMAP 968 R0C21 APOGEE 1 1 0 1 0 0 148.26861140311874 16.745663753492664 143.1 -16.99043851071535 148.23613574290133 158.83466 68.48221 269.3725335967596 -29.054409900690988 -2.382608 -3.0968432 0.095125996 269.3725524362003 -29.054439525755836 269.4723991915537 -29.05963171452807 50.60338456385237 258.4756845542724 16000.0 16600.0 2016.0 2 83 {-999.0 17.625973 15.698999 14.231364 -999.0} sdss_psfmag_gaia 16.525066 14.9524555 13.718437 10.662 63050395309232587 1154574851 bright_1x1 mwm_galactic_core_dist_apogee_sparse mwm_galactic science 0 0 0.0 0.0 -999 ""
FIBERMAP 968 R0C21 BOSS 0 0 0 1 0 0 148.80775578991276 17.2803557774084 143.1 -17.5260053596453 148.77437812721845 158.83466 68.48221 -999.0 -999.0 -999.0 -999.0 -999.0 269.37049538471973 -29.05270488298738 269.47053399924636 -29.05793788572183 50.60145138523386 258.4777925578293 -999.0 5400.0 -999.0 1 254 {-999.0 -999.0 -999.0 -999.0 -999.0} "" -999.0 -999.0 -999.0 -999.0 -999 -999 "" "" "" "" 0 0 0.0 0.0 -999 ""
FIBERMAP 968 R0C21 METROLOGY 0 0 0 1 0 0 148.99933033770557 16.575958200253883 143.1 -16.82194740608914 148.96711195246706 158.83466 68.48221 -999.0 -999.0 -999.0 -999.0 -999.0 269.37299520532065 -29.0521219434887 269.47297509723336 -29.05733835121326 50.60342449590995 258.47938343956446 -999.0 6231.0 -999.0 -1 -999 {-999.0 -999.0 -999.0 -999.0 -999.0} "" -999.0 -999.0 -999.0 -999.0 -999 -999 "" "" "" "" 0 0 0.0 0.0 -999 ""
FIBERMAP 970 R-3C14 APOGEE 1 1 0 1 0 0 47.21454983746308 -50.75929772992724 143.1 50.67954742956059 47.29701329820011 45.751656 97.30864 269.60703506434066 -29.360952610915458 -4.8160863 -6.2137356 -0.016180279 269.6070094153526 -29.36099703888941 269.7078716986707 -29.365482293935564 50.86434910830284 258.06464083740826 16000.0 16600.0 2016.0 2 231 {-999.0 19.551146 17.047384 14.31569 -999.0} sdss_psfmag_ps1 17.902939 14.646009 13.112498 8.787 63050395307802958 1153483752 bright_1x1 mwm_galactic_core_dist_apogee_sparse mwm_galactic science 0 0 0.0 0.0 -999 ""
FIBERMAP 970 R-3C14 BOSS 0 0 0 1 0 0 47.82446613593271 -51.15398062890791 143.1 51.07320851311366 47.90756298733139 45.751656 97.30864 -999.0 -999.0 -999.0 -999.0 -999.0 269.6082226297653 -29.359083226363065 269.7092741792398 -29.363598751448 50.86519053764532 258.06793917802696 -999.0 5400.0 -999.0 1 340 {-999.0 -999.0 -999.0 -999.0 -999.0} "" -999.0 -999.0 -999.0 -999.0 -999 -999 "" "" "" "" 0 0 0.0 0.0 -999 ""
FIBERMAP 970 R-3C14 METROLOGY 0 0 0 1 0 0 47.170192872673994 -51.50034804588812 143.1 51.420647296354026 47.25388384319609 45.751656 97.30864 -999.0 -999.0 -999.0 -999.0 -999.0 269.6094909970805 -29.361075251323197 269.71049357612657 -29.365577468982536 50.86661044853301 258.06518181381875 -999.0 6231.0 -999.0 -1 -999 {-999.0 -999.0 -999.0 -999.0 -999.0} "" -999.0 -999.0 -999.0 -999.0 -999 -999 "" "" "" "" 0 0 0.0 0.0 -999 ""
FIBERMAP 974 R+9C1 APOGEE 1 1 0 1 0 0 -181.74386777021542 188.34816024773548 143.1 -188.0414023810393 -182.04964717127717 80.337975 91.38836 268.77072763559653 -30.051474254800212 -0.15564731 -4.392061 0.092683166 268.77072814421103 -30.05149813306894 268.874297248582 -30.058131474984545 50.28127173567694 256.7816197081596 16000.0 16600.0 2016.0 2 47 {-999.0 16.672665 14.454708 13.322963 -999.0} sdss_psfmag_from_g3xp 15.546146 13.9970665 12.794483 9.639 63050395284986205 1152062001 bright_1x1 mwm_galactic_core_dist_apogee_sparse mwm_galactic science 0 0 0.0 0.0 -999 ""
FIBERMAP 974 R+9C1 BOSS 0 0 0 1 0 0 -180.9762426989917 188.29260022670704 143.1 -187.98711419865947 -181.2819548684126 80.337975 91.38836 -999.0 -999.0 -999.0 -999.0 -999.0 268.77072344723126 -30.04915785818327 268.8744864239717 -30.05582382722579 50.28101640598647 256.78521789373696 -999.0 5400.0 -999.0 1 83 {-999.0 -999.0 -999.0 -999.0 -999.0} "" -999.0 -999.0 -999.0 -999.0 -999 -999 "" "" "" "" 0 0 0.0 0.0 -999 ""
FIBERMAP 974 R+9C1 METROLOGY 0 0 0 1 0 0 -181.41841545497067 187.68056117959884 143.1 -187.37436325623793 -181.72310076914312 80.337975 91.38836 -999.0 -999.0 -999.0 -999.0 -999.0 268.7728657439202 -30.050553331999033 268.87657581851573 -30.057204021937864 50.28304419955213 256.78360409722484 -999.0 6231.0 -999.0 -1 -999 {-999.0 -999.0 -999.0 -999.0 -999.0} "" -999.0 -999.0 -999.0 -999.0 -999 -999 "" "" "" "" 0 0 0.0 0.0 -999 ""
FIBERMAP 976 R-8C8 APOGEE 0 0 0 1 0 0 -28.371288683361882 -170.00666057513357 143.1 170.0481325476628 -28.089096523493303 33.939785 18.317142 -999.0 -999.0 -999.0 -999.0 -999.0 270.0225698405242 -29.589707700855215 270.12412167123983 -29.593006510151596 51.26285102245603 257.81676007413216 -999.0 16600.0 -999.0 2 -999 {-999.0 -999.0 -999.0 -999.0 -999.0} "" -999.0 -999.0 -999.0 -999.0 -999 -999 "" "" "" "" 0 0 0.0 0.0 -999 ""
FIBERMAP 976 R-8C8 BOSS 1 1 0 1 0 0 -28.76179538996222 -170.6061799949253 143.1 170.64827878297532 -28.478598750857007 33.939785 18.317142 270.0246448457901 -29.59084433398087 -20.336473 -12.232683 0.8571967 270.0245356625766 -29.590862216153635 270.12628534883095 -29.59418693729468 51.26491709906163 257.8154573351833 5400.0 5400.0 2016.0 1 382 {-999.0 16.29893 15.687461 15.473747 -999.0} sdss_psfmag_gaia 16.146152 15.728921 15.132467 -999.0 63050395307445255 981937406 "" ops_std_boss_tic ops_std standard_boss 0 0 0.0 0.0 -999 ""
FIBERMAP 976 R-8C8 METROLOGY 0 0 0 1 0 0 -29.114399952682376 -169.9213150526676 143.1 169.96401926342247 -28.832325093753497 33.939785 18.317142 -999.0 -999.0 -999.0 -999.0 -999.0 270.0222392007325 -29.591952616439414 270.1239384084038 -29.595274459588108 51.2631104993442 257.8131504900471 -999.0 6231.0 -999.0 -1 -999 {-999.0 -999.0 -999.0 -999.0 -999.0} "" -999.0 -999.0 -999.0 -999.0 -999 -999 "" "" "" "" 0 0 0.0 0.0 -999 ""
FIBERMAP 977 R+4C7 APOGEE 1 1 0 1 0 0 -99.5613638755901 94.64245827985775 143.1 -94.47468744004884 -99.71474898913684 116.060684 39.112717 269.09847811271453 -29.805407549520815 1.2790128 -6.791802 0.9749625 269.0984908412997 -29.805432969090884 269.20108432773077 -29.811218817193055 50.51477830706123 257.24337291859445 16000.0 16600.0 2016.0 2 31 {-999.0 10.970442 10.962686 11.02243 -999.0} sdss_psfmag_from_g3xp 11.038093 10.92104 10.687309 10.289 63050395285247806 975029858 "" ops_std_apogee ops_std standard_apogee 0 0 0.0 0.0 -999 ""
FIBERMAP 977 R+4C7 BOSS 0 0 0 1 0 0 -98.86978309203369 94.35875180774667 143.1 -94.19213432894887 -99.02272105472801 116.060684 39.112717 -999.0 -999.0 -999.0 -999.0 -999.0 269.0992375682098 -29.803355940285268 269.20202340872754 -29.80917261775858 50.51520329152334 257.24677149808826 -999.0 5400.0 -999.0 1 52 {-999.0 -999.0 -999.0 -999.0 -999.0} "" -999.0 -999.0 -999.0 -999.0 -999 -999 "" "" "" "" 0 0 0.0 0.0 -999 ""
FIBERMAP 977 R+4C7 METROLOGY 0 0 0 1 0 0 -99.44729793627876 93.89372333473031 143.1 -93.7261653052229 -99.59944792193328 116.060684 39.112717 -999.0 -999.0 -999.0 -999.0 -999.0 269.1009005743056 -29.80513392709472 269.2036356288348 -29.8109364714452 50.516902443923605 257.24444897565013 -999.0 6231.0 -999.0 -1 -999 {-999.0 -999.0 -999.0 -999.0 -999.0} "" -999.0 -999.0 -999.0 -999.0 -999 -999 "" "" "" "" 0 0 0.0 0.0 -999 ""
FIBERMAP 978 R-1C23 APOGEE 0 0 0 1 0 0 224.5325065043765 -23.31903249559234 143.1 22.9467887353066 224.56386538694002 334.99927 124.65713 -999.0 -999.0 -999.0 -999.0 -999.0 269.5116408402367 -28.824446359077065 269.61063874804876 -28.829305862880872 50.67590573450085 258.8696481933624 -999.0 16600.0 -999.0 2 -999 {-999.0 -999.0 -999.0 -999.0 -999.0} "" -999.0 -999.0 -999.0 -999.0 -999 -999 "" "" "" "" 0 0 0.0 0.0 -999 ""
FIBERMAP 978 R-1C23 BOSS 1 1 0 1 0 0 224.63497076864834 -24.04894471774963 143.1 23.676507947874278 224.6675340097362 334.99927 124.65713 269.5140004715029 -28.824082431985392 -3.9197185 -5.7942786 -0.0011931016 269.51397230445014 -28.824065910135676 269.6131644386114 -28.828954528866475 50.678001972484665 258.87089584285326 5400.0 5400.0 2016.0 1 288 {-999.0 17.93008 15.986248 14.445441 -999.0} sdss_psfmag_gaia 16.300789 15.170996 13.43194 9.821 63050395309493901 1093413830 bright_3x1 mwm_astar_core_boss mwm_ob science 0 0 0.0 0.0 -999 ""
FIBERMAP 978 R-1C23 METROLOGY 0 0 0 1 0 0 223.95465695427401 -23.793993666892117 143.1 23.422690691571038 223.98682025849655 334.99927 124.65713 -999.0 -999.0 -999.0 -999.0 -999.0 269.51315081075103 -28.826087047747357 269.6122946639262 -28.83096744838664 50.67766184549717 258.86754199611414 -999.0 6231.0 -999.0 -1 -999 {-999.0 -999.0 -999.0 -999.0 -999.0} "" -999.0 -999.0 -999.0 -999.0 -999 -999 "" "" "" "" 0 0 0.0 0.0 -999 ""
FIBERMAP 980 R+4C20 APOGEE 0 0 0 1 0 0 176.78956239428666 69.77747510849031 143.1 -70.06773239367004 176.6684270358449 194.19794 161.26155 -999.0 -999.0 -999.0 -999.0 -999.0 269.18906821398207 -28.96792703716201 269.28866316345614 -28.97364030179872 50.428810142427444 258.55791871342313 -999.0 16600.0 -999.0 2 -999 {-999.0 -999.0 -999.0 -999.0 -999.0} "" -999.0 -999.0 -999.0 -999.0 -999 -999 "" "" "" "" 0 0 0.0 0.0 -999 ""
FIBERMAP 980 R+4C20 BOSS 1 1 0 1 0 0 176.02991527665426 69.82218560959281 143.1 -70.11118460482662 175.908730380683 194.19794 161.26155 269.1886597439374 -28.970158756188916 -0.4304718 -2.952947 0.14004762 269.1886772997289 -28.97012899973103 269.28847843163715 -28.975878344819353 50.429100149474 258.5544258876529 5400.0 5400.0 2016.0 1 213 {-999.0 16.45623 15.132496 14.532009 -999.0} sdss_psfmag_gaia 15.885285 15.071037 14.08793 12.267 63050395309339383 1068390871 bright_3x1 mwm_ob_core_boss mwm_ob science 0 0 0.0 0.0 -999 ""
FIBERMAP 980 R+4C20 METROLOGY 0 0 0 1 0 0 176.4620694206724 70.44996791070412 143.1 -70.73966171881229 176.33983194420387 194.19794 161.26155 -999.0 -999.0 -999.0 -999.0 -999.0 269.186556414374 -28.968806762143707 269.28629730560766 -28.97455215276013 50.42696504696186 258.555865452491 -999.0 6231.0 -999.0 -1 -999 {-999.0 -999.0 -999.0 -999.0 -999.0} "" -999.0 -999.0 -999.0 -999.0 -999 -999 "" "" "" "" 0 0 0.0 0.0 -999 ""
FIBERMAP 981 R-9C12 APOGEE 1 1 0 1 0 0 41.74323748401508 -181.0540246403822 143.1 180.97913531794265 42.04145223575857 223.06256 97.21552 270.0599323877068 -29.377049330413243 1.3780843 -1.9933684 0.13053353 270.05994067909364 -29.377053785855612 270.16072470491054 -29.380295036346688 51.25466954386467 258.1602046174515 16000.0 16600.0 2016.0 2 168 {-999.0 18.490128 16.509663 14.646719 -999.0} sdss_psfmag_gaia 17.19083 15.38229 14.072018 10.744 63050395307496396 1154569116 bright_1x1 mwm_galactic_core_dist_apogee_sparse mwm_galactic science 0 0 0.0 0.0 -999 ""
FIBERMAP 981 R-9C12 BOSS 0 0 0 1 0 0 41.15362814111244 -180.61567285721557 143.1 180.541773156705 41.45113659788428 223.06256 97.21552 -999.0 -999.0 -999.0 -999.0 -999.0 270.05830596801695 -29.378797825629885 270.15929052350964 -29.382075473772534 51.25377638529842 258.1570355184243 -999.0 5400.0 -999.0 1 401 {-999.0 -999.0 -999.0 -999.0 -999.0} "" -999.0 -999.0 -999.0 -999.0 -999 -999 "" "" "" "" 0 0 0.0 0.0 -999 ""
FIBERMAP 981 R-9C12 METROLOGY 0 0 0 1 0 0 41.85555085736858 -180.32164326149885 143.1 180.24659167409246 42.15255025618684 223.06256 97.21552 -999.0 -999.0 -999.0 -999.0 -999.0 270.05735748890305 -29.376676943027253 270.1582798731843 -29.37994849198203 51.25251198075373 258.1601092186062 -999.0 6231.0 -999.0 -1 -999 {-999.0 -999.0 -999.0 -999.0 -999.0} "" -999.0 -999.0 -999.0 -999.0 -999 -999 "" "" "" "" 0 0 0.0 0.0 -999 ""
FIBERMAP 982 R+12C10 APOGEE 0 0 0 1 0 0 26.705459465747424 224.0670896788616 143.1 -224.10406644586482 26.333876809937838 257.54065 51.999866 -999.0 -999.0 -999.0 -999.0 -999.0 268.65103613205423 -29.420089848536026 268.75237974874847 -29.427183538664956 50.05922672206757 257.7183802827141 -999.0 16600.0 -999.0 2 -999 {-999.0 -999.0 -999.0 -999.0 -999.0} "" -999.0 -999.0 -999.0 -999.0 -999 -999 "" "" "" "" 0 0 0.0 0.0 -999 ""
FIBERMAP 982 R+12C10 BOSS 1 1 0 1 0 0 26.197989456997554 224.6729432572135 143.1 -224.70906091516758 25.825420728755915 257.54065 51.999866 268.64868164062494 -29.421542374586082 -999.0 -999.0 -999.0 268.6486800150401 -29.42157235418321 268.7502316578426 -29.4287069650533 50.05768644882645 257.71548764938575 5400.0 5400.0 2015.5 1 160 {-999.0 -999.0 -999.0 -999.0 -999.0} "" -999.0 -999.0 -999.0 -999.0 27021603147184320 852481385 "" ops_sky_boss_fallback ops_sky sky_boss 0 0 0.0 0.0 -999 ""
FIBERMAP 982 R+12C10 METROLOGY 0 0 0 1 0 0 26.942815539329416 224.77642761745633 143.1 -224.81377427640564 26.570051633968134 257.54065 51.999866 -999.0 -999.0 -999.0 -999.0 -999.0 268.64836202994786 -29.41932044627426 268.749848484065 -29.426446554568066 50.056921003396475 257.7188409476735 -999.0 6231.0 -999.0 -1 -999 {-999.0 -999.0 -999.0 -999.0 -999.0} "" -999.0 -999.0 -999.0 -999.0 -999 -999 "" "" "" "" 0 0 0.0 0.0 -999 ""
FIBERMAP 987 R-13C12 APOGEE 1 1 0 1 0 0 118.0199830427007 -239.3620851886306 143.1 239.1591187353397 118.41221594251611 103.30621 32.263836 270.25945344343205 -29.14579398803227 -3.3151236 -2.0155933 0.0998138 270.2594709433205 -29.145814236194013 270.3593754835298 -29.148557988237872 51.380848756341926 258.57685950283326 16000.0 16600.0 2016.0 2 160 {-999.0 17.311771 15.465523 14.232911 -999.0} sdss_psfmag_gaia 16.267618 14.932279 13.678106 10.762 63050395307718529 1154570154 bright_1x1 mwm_galactic_core_dist_apogee_sparse mwm_galactic science 0 0 0.0 0.0 -999 ""
FIBERMAP 987 R-13C12 BOSS 0 0 0 1 0 0 118.57857729046471 -239.86922495520096 143.1 239.6653179822649 118.97163129409185 103.30621 32.263836 -999.0 -999.0 -999.0 -999.0 -999.0 270.26100258946 -29.144092333970896 270.3610929441687 -29.146865077443294 51.38199635311971 258.5799823530922 -999.0 5400.0 -999.0 1 350 {-999.0 -999.0 -999.0 -999.0 -999.0} "" -999.0 -999.0 -999.0 -999.0 -999 -999 "" "" "" "" 0 0 0.0 0.0 -999 ""
FIBERMAP 987 R-13C12 METROLOGY 0 0 0 1 0 0 117.86499109222032 -240.09459469130522 143.1 239.8918611114367 118.25844092986137 103.30621 32.263836 -999.0 -999.0 -999.0 -999.0 -999.0 270.2619064218798 -29.14623205562332 270.3619495378674 -29.14899256532197 51.38313844181 258.5768665718714 -999.0 6231.0 -999.0 -1 -999 {-999.0 -999.0 -999.0 -999.0 -999.0} "" -999.0 -999.0 -999.0 -999.0 -999 -999 "" "" "" "" 0 0 0.0 0.0 -999 ""
FIBERMAP 992 R-2C20 APOGEE 0 0 0 1 0 0 151.53423386000833 -55.48530510150985 143.1 55.23280372441813 151.62116076133697 283.81107 81.8889 -999.0 -999.0 -999.0 -999.0 -999.0 269.6231571397798 -29.04483719832482 269.72289693432896 -29.04934474988586 50.81602768559508 258.55982007779346 -999.0 16600.0 -999.0 2 -999 {-999.0 -999.0 -999.0 -999.0 -999.0} "" -999.0 -999.0 -999.0 -999.0 -999 -999 "" "" "" "" 0 0 0.0 0.0 -999 ""
FIBERMAP 992 R-2C20 BOSS 1 1 0 1 0 0 150.7900295722385 -55.54760716962794 143.1 55.296335089542985 150.87708349374137 283.81107 81.8889 269.6232115481333 -29.047001525393 -2.9073172 -3.6219342 -0.03505566 269.6232063857825 -29.046991498803372 269.72314965813985 -29.05153282351109 50.81667479768863 258.5564933751633 5400.0 5400.0 2016.0 1 304 {-999.0 17.05209 15.943299 15.484496 -999.0} sdss_psfmag_gaia 16.186438 15.94688 14.637945 12.417 63050395308004504 1093413881 bright_3x1 mwm_astar_core_boss mwm_ob science 0 0 0.0 0.0 -999 ""
FIBERMAP 992 R-2C20 METROLOGY 0 0 0 1 0 0 151.10144324623514 -54.8752309245232 143.1 54.62346523366846 151.18737468972142 283.81107 81.8889 -999.0 -999.0 -999.0 -999.0 -999.0 269.62093604406556 -29.046039771078956 269.7208211232105 -29.050577783880236 50.81449111071023 258.557341549747 -999.0 6231.0 -999.0 -1 -999 {-999.0 -999.0 -999.0 -999.0 -999.0} "" -999.0 -999.0 -999.0 -999.0 -999 -999 "" "" "" "" 0 0 0.0 0.0 -999 ""
FIBERMAP 998 R+3C8 APOGEE 0 0 0 1 0 0 -100.72714806789651 44.54086902382965 143.1 -44.37278107637533 -100.79760157735278 273.6987 113.123535 -999.0 -999.0 -999.0 -999.0 -999.0 269.27360142959384 -29.809638113642176 269.3761600910677 -29.81494297027028 50.66479391216507 257.28144620904357 -999.0 16600.0 -999.0 2 -999 {-999.0 -999.0 -999.0 -999.0 -999.0} "" -999.0 -999.0 -999.0 -999.0 -999 -999 "" "" "" "" 0 0 0.0 0.0 -999 ""
FIBERMAP 998 R+3C8 BOSS 1 1 0 1 0 0 -101.40225614630779 44.19153019889348 143.1 -44.0223365091385 -101.4721099501553 273.6987 113.123535 269.2745950764079 -29.81172135323798 0.94579697 -7.118179 1.5109712 269.2745913709275 -29.81170985406578 269.3773561652507 -29.81704364244286 50.66619799386857 257.27848695790425 5400.0 5400.0 2016.0 1 53 {-999.0 14.712805 14.201527 14.006598 -999.0} sdss_psfmag_from_g3xp 14.600576 14.239083 13.6112795 12.402 63050395285146230 981656626 "" ops_std_boss_tic ops_std standard_boss 0 0 0.0 0.0 -999 ""
FIBERMAP 998 R+3C8 METROLOGY 0 0 0 1 0 0 -101.35854414626482 44.94191416968884 143.1 -44.772768663406964 -101.42964088187213 273.6987 113.123535 -999.0 -999.0 -999.0 -999.0 -999.0 269.272018143645 -29.811588839716432 269.37472686017304 -29.816920620644147 50.66393267767722 257.2780202826063 -999.0 6231.0 -999.0 -1 -999 {-999.0 -999.0 -999.0 -999.0 -999.0} "" -999.0 -999.0 -999.0 -999.0 -999 -999 "" "" "" "" 0 0 0.0 0.0 -999 ""
FIBERMAP 1001 R+8C12 APOGEE 0 0 0 1 0 0 49.45381268358868 148.77213134151899 143.1 -148.8491678689268 49.20607528714665 242.3776 163.79977 -999.0 -999.0 -999.0 -999.0 -999.0 268.9124720882425 -29.352584073474283 269.01350370921364 -29.35897488169807 50.269202250550904 257.8916769885727 -999.0 16600.0 -999.0 2 -999 {-999.0 -999.0 -999.0 -999.0 -999.0} "" -999.0 -999.0 -999.0 -999.0 -999 -999 "" "" "" "" 0 0 0.0 0.0 -999 ""
FIBERMAP 1001 R+8C12 BOSS 1 1 0 1 0 0 48.98210852465019 148.23760010706806 143.1 -148.31387338552307 48.73527069518692 242.3776 163.79977 268.91405048357035 -29.353926789963708 1.796217 -0.3435287 0.37990382 268.9140442104558 -29.35396620903762 269.01528074955036 -29.360386934712928 50.270995391385014 257.8899794132294 5400.0 5400.0 2016.0 1 145 {-999.0 17.782202 15.935828 14.929715 -999.0} sdss_psfmag_ps1 16.73358 15.759318 14.442701 11.798 63050395286666521 1093354757 bright_3x1 mwm_astar_core_boss mwm_ob science 0 0 0.0 0.0 -999 ""
FIBERMAP 1001 R+8C12 METROLOGY 0 0 0 1 0 0 48.72136582837252 148.92385418449282 143.1 -148.99967398288962 48.473400965297905 242.3776 163.79977 -999.0 -999.0 -999.0 -999.0 -999.0 268.9116930091199 -29.354750489823132 269.0128761908732 -29.361167717508316 50.26909077940972 257.8881455068049 -999.0 6231.0 -999.0 -1 -999 {-999.0 -999.0 -999.0 -999.0 -999.0} "" -999.0 -999.0 -999.0 -999.0 -999 -999 "" "" "" "" 0 0 0.0 0.0 -999 ""
FIBERMAP 1002 R+12C5 APOGEE 0 0 0 1 0 0 -53.81143948411958 216.68799882915184 143.1 -216.59199611929412 -54.16822315451394 10.612076 41.309334 -999.0 -999.0 -999.0 -999.0 -999.0 268.6744196141638 -29.664068002880594 268.7766256665199 -29.67104650115254 50.126573716494946 257.3515679719492 -999.0 16600.0 -999.0 2 -999 {-999.0 -999.0 -999.0 -999.0 -999.0} "" -999.0 -999.0 -999.0 -999.0 -999 -999 "" "" "" "" 0 0 0.0 0.0 -999 ""
FIBERMAP 1002 R+12C5 BOSS 1 1 0 1 0 0 -54.25767140720559 216.11319627123692 143.1 -216.01647375223925 -54.61348970030466 10.612076 41.309334 268.67614746093744 -29.665403726360196 -999.0 -999.0 -999.0 268.6761527529363 -29.66541047070391 268.7785654214311 -29.672417712373164 50.12848763183323 257.3499637033385 5400.0 5400.0 2015.5 1 164 {-999.0 -999.0 -999.0 -999.0 -999.0} "" -999.0 -999.0 -999.0 -999.0 27021603147184021 852481308 "" ops_sky_boss_fallback ops_sky sky_boss 0 0 0.0 0.0 -999 ""
FIBERMAP 1002 R+12C5 METROLOGY 0 0 0 1 0 0 -54.552257837454235 216.7913737978756 143.1 -216.69414206348358 -54.909188712635476 10.612076 41.309334 -999.0 -999.0 -999.0 -999.0 -999.0 268.67381437153495 -29.666300853323413 268.77617354301316 -29.67330475179915 50.12661415151118 257.3479931303574 -999.0 6231.0 -999.0 -1 -999 {-999.0 -999.0 -999.0 -999.0 -999.0} "" -999.0 -999.0 -999.0 -999.0 -999 -999 "" "" "" "" 0 0 0.0 0.0 -999 ""
FIBERMAP 1003 R-2C13 APOGEE 0 0 0 1 0 0 -18.340598556366256 -43.72208476836807 143.1 43.75102317776698 -18.26766948017363 235.72507 67.16695 -999.0 -999.0 -999.0 -999.0 -999.0 269.5824835011847 -29.560042233136663 269.68406069580845 -29.5645528571726 50.88147841981728 257.74863533265795 -999.0 16600.0 -999.0 2 -999 {-999.0 -999.0 -999.0 -999.0 -999.0} "" -999.0 -999.0 -999.0 -999.0 -999 -999 "" "" "" "" 0 0 0.0 0.0 -999 ""
FIBERMAP 1003 R-2C13 BOSS 1 1 0 1 0 0 -18.75856442832325 -43.08886972385919 143.1 43.11852003607016 -18.686669573904297 235.72507 67.16695 269.5800996143049 -29.56126634192595 0.08725174 -3.0061004 1.0376848 269.58010734402 -29.561290088643826 269.6818865393418 -29.56583943042663 50.87986016850289 257.74607346531957 5400.0 5400.0 2016.0 1 420 {-999.0 13.86585 13.527603 13.411241 -999.0} sdss_psfmag_from_g3xp 13.81203 13.548711 13.070844 11.466 63050395307751100 977824209 "" ops_std_boss ops_std standard_boss 0 0 0.0 0.0 -999 ""
FIBERMAP 1003 R-2C13 METROLOGY 0 0 0 1 0 0 -18.021731721591184 -43.04545920095532 143.1 43.07389180487322 -17.94993239376458 235.72507 67.16695 -999.0 -999.0 -999.0 -999.0 -999.0 269.5800163506491 -29.559063051143767 269.681731847619 -29.56360391501852 50.87931143134227 257.7495147631488 -999.0 6231.0 -999.0 -1 -999 {-999.0 -999.0 -999.0 -999.0 -999.0} "" -999.0 -999.0 -999.0 -999.0 -999 -999 "" "" "" "" 0 0 0.0 0.0 -999 ""
FIBERMAP 1005 R+8C16 APOGEE 0 0 0 1 0 0 148.43219473555547 142.64971221351323 143.1 -142.89070744532967 148.19140299453588 358.44733 69.19714 -999.0 -999.0 -999.0 -999.0 -999.0 268.93624294008697 -29.053008051856246 269.03620895330494 -29.059396538289953 50.22966514591506 258.35710911648323 -999.0 16600.0 -999.0 2 -999 {-999.0 -999.0 -999.0 -999.0 -999.0} "" -999.0 -999.0 -999.0 -999.0 -999 -999 "" "" "" "" 0 0 0.0 0.0 -999 ""
FIBERMAP 1005 R+8C16 BOSS 1 1 0 1 0 0 148.17493879364858 141.9482359762348 143.1 -142.18882813846557 147.9353159349895 358.44733 69.19714 268.93840904166626 -29.053717315535504 0.5535452 0.82499737 0.27130935 268.93841995512065 -29.05371775550757 269.0385877615975 -29.060135750212833 50.23185025836272 258.35662626014516 5400.0 5400.0 2016.0 1 210 {-999.0 19.44955 18.365875 17.921719 -999.0} sdss_psfmag_gaia 18.758488 18.374695 17.237993 -999.0 63050395286865029 979955806 "" ops_std_boss ops_std standard_boss 0 0 0.0 0.0 -999 ""
FIBERMAP 1005 R+8C16 METROLOGY 0 0 0 1 0 0 147.69222416958152 142.5404337696724 143.1 -142.78020822043308 147.45163703591524 358.44733 69.19714 -999.0 -999.0 -999.0 -999.0 -999.0 268.93639185409546 -29.055159586051484 269.0365086688142 -29.061572741426016 50.23035660479477 258.3538576363765 -999.0 6231.0 -999.0 -1 -999 {-999.0 -999.0 -999.0 -999.0 -999.0} "" -999.0 -999.0 -999.0 -999.0 -999 -999 "" "" "" "" 0 0 0.0 0.0 -999 ""
FIBERMAP 1007 R+12C9 APOGEE 0 0 0 1 0 0 7.640357557120627 216.28780512883486 143.1 -216.2934885454663 7.282259187140171 309.34842 11.193757 -999.0 -999.0 -999.0 -999.0 -999.0 268.67737684222254 -29.47799815816877 268.77891902243624 -29.48500747251544 50.09306812973887 257.63693021272513 -999.0 16600.0 -999.0 2 -999 {-999.0 -999.0 -999.0 -999.0 -999.0} "" -999.0 -999.0 -999.0 -999.0 -999 -999 "" "" "" "" 0 0 0.0 0.0 -999 ""
FIBERMAP 1007 R+12C9 BOSS 1 1 0 1 0 0 7.041823303720385 216.7803412785697 143.1 -216.7850185637815 6.682929276730931 309.34842 11.193757 268.67540913519 -29.479739391419578 -0.34672877 -0.6270163 0.08973244 268.67540116354655 -29.479762349410684 268.77715219869526 -29.486811206779223 50.091906082799426 257.63370983989137 5400.0 5400.0 2016.0 1 161 {-999.0 15.201921 14.541833 14.147321 -999.0} sdss_psfmag_from_g3xp 15.006348 14.705441 13.759193 12.433 63050395286559939 1093142030 bright_3x1 mwm_astar_core_boss mwm_ob science 0 0 0.0 0.0 -999 ""
FIBERMAP 1007 R+12C9 METROLOGY 0 0 0 1 0 0 7.755562633073652 217.0268761722879 143.1 -217.03272642306894 7.396237748958877 309.34842 11.193757 -999.0 -999.0 -999.0 -999.0 -999.0 268.6745879307696 -29.47760339258493 268.77627425732265 -29.48464516472554 50.09073921292937 257.63679359743867 -999.0 6231.0 -999.0 -1 -999 {-999.0 -999.0 -999.0 -999.0 -999.0} "" -999.0 -999.0 -999.0 -999.0 -999 -999 "" "" "" "" 0 0 0.0 0.0 -999 ""
FIBERMAP 1008 R0C26 APOGEE 1 1 0 1 0 0 256.6125277658787 -7.240274784728352 143.1 6.8154712080765725 256.6162520409904 218.76895 108.54175 269.45617675781244 -28.727984378034378 -999.0 -999.0 -999.0 269.45617610579217 -28.727943913151126 269.5548521933186 -28.732975721988318 50.60848121758387 259.00274478442594 16000.0 16600.0 2015.5 2 106 {-999.0 -999.0 -999.0 -999.0 -999.0} "" -999.0 -999.0 -999.0 -999.0 27021603147281386 848879964 "" ops_sky_apogee_good ops_sky sky_apogee 0 0 0.0 0.0 -999 ""
FIBERMAP 1008 R0C26 BOSS 0 0 0 1 0 0 255.96823045601755 -6.874624424150409 143.1 6.450898613070653 255.9713704813896 218.76895 108.54175 -999.0 -999.0 -999.0 -999.0 -999.0 269.45471624104596 -28.729828971196916 269.55359581261655 -28.734900278427595 50.607795333965285 258.99942180831556 -999.0 5400.0 -999.0 1 180 {-999.0 -999.0 -999.0 -999.0 -999.0} "" -999.0 -999.0 -999.0 -999.0 -999 -999 "" "" "" "" 0 0 0.0 0.0 -999 ""
FIBERMAP 1008 R0C26 METROLOGY 0 0 0 1 0 0 256.6356040589867 -6.50556928338962 143.1 6.080751161106197 256.63811200651145 218.76895 108.54175 -999.0 -999.0 -999.0 -999.0 -999.0 269.4535022512941 -28.727788736523802 269.5523193651576 -28.732853634784902 50.606282065161224 259.00221909040806 -999.0 6231.0 -999.0 -1 -999 {-999.0 -999.0 -999.0 -999.0 -999.0} "" -999.0 -999.0 -999.0 -999.0 -999 -999 "" "" "" "" 0 0 0.0 0.0 -999 ""
FIBERMAP 1015 R+8C1 APOGEE 1 1 0 1 0 0 -192.57703393951556 143.3809811050515 143.1 -143.05774608225082 -192.80806573512925 322.12595 102.26367 268.927338963278 -30.085514445623026 1.6516887 -5.8416886 0.05037047 268.92734087055203 -30.085523453564964 269.03098912402766 -30.09172009061992 50.42069639504689 256.76801243132024 16000.0 16600.0 2016.0 2 48 {-999.0 20.072708 18.604794 14.823438 -999.0} sdss_psfmag_gaia 18.024208 15.464301 13.863694 9.693 63050395284897995 1154459632 bright_1x1 mwm_galactic_core_dist_apogee_sparse mwm_galactic science 0 0 0.0 0.0 -999 ""
FIBERMAP 1015 R+8C1 BOSS 0 0 0 1 0 0 -192.88173980299308 142.67889798241188 143.1 -142.35518140268437 -193.11160018573682 322.12595 102.26367 -999.0 -999.0 -999.0 -999.0 -999.0 268.92956786074296 -30.086450811488884 269.0334202566357 -30.092672826232526 50.4229363498622 256.76713171569884 -999.0 5400.0 -999.0 1 84 {-999.0 -999.0 -999.0 -999.0 -999.0} "" -999.0 -999.0 -999.0 -999.0 -999 -999 "" "" "" "" 0 0 0.0 0.0 -999 ""
FIBERMAP 1015 R+8C1 METROLOGY 0 0 0 1 0 0 -193.31502896962573 143.2868705636878 143.1 -142.96241754046318 -193.54588131704097 322.12595 102.26367 -999.0 -999.0 -999.0 -999.0 -999.0 268.92747171097574 -30.087780728742352 269.0312724167962 -30.09399923654883 50.42134519772873 256.7645617774105 -999.0 6231.0 -999.0 -1 -999 {-999.0 -999.0 -999.0 -999.0 -999.0} "" -999.0 -999.0 -999.0 -999.0 -999 -999 "" "" "" "" 0 0 0.0 0.0 -999 ""
FIBERMAP 1020 R-3C9 APOGEE 1 1 0 1 0 0 -94.22896740621603 -45.81847462103259 143.1 45.97290444770084 -94.15012857533819 192.76297 54.90508 269.58970202299173 -29.790334432992562 -1.1904896 -5.54284 0.1877822 269.58970286470384 -29.790342516965858 269.6921007049981 -29.794785006764137 50.93068729376389 257.3917960067027 16000.0 16600.0 2016.0 2 291 {-999.0 15.9524355 14.052291 13.083236 -999.0} sdss_psfmag_from_g3xp 14.995921 13.733655 12.578733 9.858 63050395284818504 1152061868 bright_1x1 mwm_galactic_core_dist_apogee_sparse mwm_galactic science 0 0 0.0 0.0 -999 ""
FIBERMAP 1020 R-3C9 BOSS 0 0 0 1 0 0 -93.84949772323614 -45.155003389867595 143.1 45.30882671924655 -93.77176882612504 192.76297 54.90508 -999.0 -999.0 -999.0 -999.0 -999.0 269.5872151471025 -29.78921229201819 269.6898068101794 -29.79369341909899 50.928531542383354 257.3929258418974 -999.0 5400.0 -999.0 1 478 {-999.0 -999.0 -999.0 -999.0 -999.0} "" -999.0 -999.0 -999.0 -999.0 -999 -999 "" "" "" "" 0 0 0.0 0.0 -999 ""
FIBERMAP 1020 R-3C9 METROLOGY 0 0 0 1 0 0 -93.48531711087566 -45.82700573034033 143.1 45.98020489797798 -93.40648808741265 192.76297 54.90508 -999.0 -999.0 -999.0 -999.0 -999.0 269.5896271475692 -29.78812530084625 269.692158330806 -29.79259109576921 50.93033822217508 257.3952335270569 -999.0 6231.0 -999.0 -1 -999 {-999.0 -999.0 -999.0 -999.0 -999.0} "" -999.0 -999.0 -999.0 -999.0 -999 -999 "" "" "" "" 0 0 0.0 0.0 -999 ""
FIBERMAP 1021 R+4C5 APOGEE 1 1 0 1 0 0 -150.52917482320268 90.53055470763292 143.1 -90.27858885894234 -150.6741171369641 72.45724 107.20764 269.1123518318604 -29.95976614841344 0.029209584 -7.624879 0.05885989 269.11234590264206 -29.959782302046218 269.2154894219015 -29.96549785429155 50.555152940453155 257.00828232155993 16000.0 16600.0 2016.0 2 25 {-999.0 20.455805 19.698778 14.621069 -999.0} sdss_psfmag_gaia 18.284712 15.140606 13.631952 9.514 63050395284958183 1154459933 bright_1x1 mwm_galactic_core_dist_apogee_sparse mwm_galactic science 0 0 0.0 0.0 -999 ""
FIBERMAP 1021 R+4C5 BOSS 0 0 0 1 0 0 -149.80303324222302 90.55769239973536 143.1 -90.30692709412885 -149.94804381492577 72.45724 107.20764 -999.0 -999.0 -999.0 -999.0 -999.0 269.1120192651068 -29.957608251555282 269.21535521853644 -29.963356981517535 50.55465215111079 257.01156359826075 -999.0 5400.0 -999.0 1 42 {-999.0 -999.0 -999.0 -999.0 -999.0} "" -999.0 -999.0 -999.0 -999.0 -999 -999 "" "" "" "" 0 0 0.0 0.0 -999 ""
FIBERMAP 1021 R+4C5 METROLOGY 0 0 0 1 0 0 -150.1344150970385 89.89316869902747 143.1 -89.64187649228174 -150.27831554156802 72.45724 107.20764 -999.0 -999.0 -999.0 -999.0 -999.0 269.114383261097 -29.95865018853073 269.21766555923324 -29.964383192572743 50.5568060543105 257.01054355987554 -999.0 6231.0 -999.0 -1 -999 {-999.0 -999.0 -999.0 -999.0 -999.0} "" -999.0 -999.0 -999.0 -999.0 -999 -999 "" "" "" "" 0 0 0.0 0.0 -999 ""
FIBERMAP 1022 R-11C3 APOGEE 1 1 0 1 0 0 -132.00608837093992 -230.3948834316851 143.1 230.60587868165032 -131.620648860314 285.5364 65.93456 270.23316572126265 -29.902119977416614 1.5344063 -1.2262677 0.6384013 270.2331800091508 -29.90211068466571 270.3357854877167 -29.904767034813936 51.499642745984325 257.3782800490716 16000.0 16600.0 2016.0 2 152 {-999.0 8.965701 9.051196 9.149406 -999.0} sdss_psfmag_from_g3xp 9.03607 8.979925 8.819426 8.608 63050395257719439 975029233 "" ops_std_apogee ops_std standard_apogee 0 0 0.0 0.0 -999 ""
FIBERMAP 1022 R-11C3 BOSS 0 0 0 1 0 0 -132.74096449663494 -230.29731698135168 143.1 230.50953123746146 -132.35566277163772 285.5364 65.93456 -999.0 -999.0 -999.0 -999.0 -999.0 270.2326523030513 -29.904300421461716 270.33545939469604 -29.9069877190572 51.499754865229846 257.37468852152597 -999.0 5400.0 -999.0 1 433 {-999.0 -999.0 -999.0 -999.0 -999.0} "" -999.0 -999.0 -999.0 -999.0 -999 -999 "" "" "" "" 0 0 0.0 0.0 -999 ""
FIBERMAP 1022 R-11C3 METROLOGY 0 0 0 1 0 0 -132.29251146331515 -229.7037922996651 143.1 229.91528367403023 -131.9082061631996 285.5364 65.93456 -999.0 -999.0 -999.0 -999.0 -999.0 270.2306967844862 -29.902996661492825 270.33344494077147 -29.905681102662427 51.497806151860296 257.3762616088312 -999.0 6231.0 -999.0 -1 -999 {-999.0 -999.0 -999.0 -999.0 -999.0} "" -999.0 -999.0 -999.0 -999.0 -999 -999 "" "" "" "" 0 0 0.0 0.0 -999 ""
FIBERMAP 1024 R+6C15 APOGEE 1 1 0 1 0 0 82.91069271625197 134.78281263976882 143.1 -134.91565427728216 82.6850246667853 157.05075 62.090626 268.96179883330774 -29.25132979656635 -2.4041243 -7.263377 0.0545558 268.96179826679764 -29.251373202188454 269.0624575167057 -29.257649980678767 50.29133723526862 258.0602109739163 16000.0 16600.0 2016.0 2 113 {-999.0 17.28257 15.153078 14.264827 -999.0} sdss_psfmag_ps1 16.082542 14.6708145 13.495306 10.486 63050395286806275 1153393125 bright_1x1 mwm_galactic_core_dist_apogee_sparse mwm_galactic science 0 0 0.0 0.0 -999 ""
FIBERMAP 1024 R+6C15 BOSS 0 0 0 1 0 0 83.52065626535202 135.23013116274174 143.1 -135.3639676077165 83.29422849648478 157.05075 62.090626 -999.0 -999.0 -999.0 -999.0 -999.0 268.9599971278972 -29.249449103328605 269.060850117037 -29.255766056463376 50.28959331235294 258.06267312450757 -999.0 5400.0 -999.0 1 196 {-999.0 -999.0 -999.0 -999.0 -999.0} "" -999.0 -999.0 -999.0 -999.0 -999 -999 "" "" "" "" 0 0 0.0 0.0 -999 ""
FIBERMAP 1024 R+6C15 METROLOGY 0 0 0 1 0 0 83.63240935077141 134.49153078430464 143.1 -134.62557588690046 83.40720001635053 157.05075 62.090626 -999.0 -999.0 -999.0 -999.0 -999.0 268.96260033631194 -29.24911971731774 269.06339472774715 -29.255419727912134 50.29170263531596 258.06388480401307 -999.0 6231.0 -999.0 -1 -999 {-999.0 -999.0 -999.0 -999.0 -999.0} "" -999.0 -999.0 -999.0 -999.0 -999 -999 "" "" "" "" 0 0 0.0 0.0 -999 ""
FIBERMAP 1027 R+8C18 APOGEE 0 0 0 1 0 0 188.09973270370742 149.51606551616348 143.1 -149.82247061728236 187.84630438538295 304.64786 138.18588 -999.0 -999.0 -999.0 -999.0 -999.0 268.9137117606398 -28.93323665069716 269.01326266669435 -28.939712073060218 50.18594213072812 258.5339911217078 -999.0 16600.0 -999.0 2 -999 {-999.0 -999.0 -999.0 -999.0 -999.0} "" -999.0 -999.0 -999.0 -999.0 -999 -999 "" "" "" "" 0 0 0.0 0.0 -999 ""
FIBERMAP 1027 R+8C18 BOSS 1 1 0 1 0 0 188.00541587314294 148.79836965772347 143.1 -149.10464179710792 187.75317803132384 304.64786 138.18588 268.91598920097186 -28.93349079376164 -1.2422218 -0.7844827 0.17289728 268.9159653315953 -28.93346796034754 269.0157162942902 -28.939973287548472 50.18809781502177 258.5342700378828 5400.0 5400.0 2016.0 1 250 {-999.0 15.654491 14.879225 14.537575 -999.0} sdss_psfmag_from_g3xp 15.411157 14.908291 14.144037 12.887 63050395309712810 1093142252 bright_3x1 mwm_astar_core_boss mwm_ob science 0 0 0.0 0.0 -999 ""
FIBERMAP 1027 R+8C18 METROLOGY 0 0 0 1 0 0 187.40875597165518 149.22962289964403 143.1 -149.53489398015768 187.15582380635357 304.64786 138.18588 -999.0 -999.0 -999.0 -999.0 -999.0 268.9144869172018 -28.93524177292815 269.0141878926858 -28.941740538606467 50.18714541666128 258.5311443880591 -999.0 6231.0 -999.0 -1 -999 {-999.0 -999.0 -999.0 -999.0 -999.0} "" -999.0 -999.0 -999.0 -999.0 -999 -999 "" "" "" "" 0 0 0.0 0.0 -999 ""
FIBERMAP 1029 R+7C2 APOGEE 0 0 0 1 0 0 -196.0144038595185 124.1816042139293 143.1 -123.85329961260723 -196.21355931817254 243.67482 118.853615 -999.0 -999.0 -999.0 -999.0 -999.0 268.99434602446763 -30.096382516892067 269.098014676887 -30.102393107303246 50.47965921243894 256.7677847302068 -999.0 16600.0 -999.0 2 -999 {-999.0 -999.0 -999.0 -999.0 -999.0} "" -999.0 -999.0 -999.0 -999.0 -999 -999 "" "" "" "" 0 0 0.0 0.0 -999 ""
FIBERMAP 1029 R+7C2 BOSS 1 1 0 1 0 0 -196.7706692284857 124.13904958590767 143.1 -123.80949509702307 -196.96972995151827 243.67482 118.853615 268.99425066473054 -30.098676942055466 5.376991 -0.33184397 -0.01591346 268.9942663220656 -30.098659274244678 269.0981442663101 -30.104701117582064 50.48018099685189 256.76424728406556 5400.0 5400.0 2016.0 1 72 {-999.0 16.167591 15.218645 14.84792 -999.0} sdss_psfmag_gaia 15.781284 15.248672 14.408374 12.852 63050395284893310 1093494150 bright_3x1 mwm_astar_core_boss mwm_ob science 0 0 0.0 0.0 -999 ""
FIBERMAP 1029 R+7C2 METROLOGY 0 0 0 1 0 0 -196.42026501787947 124.80991539235126 143.1 -124.4809190734642 -196.6204469741543 243.67482 118.853615 -999.0 -999.0 -999.0 -999.0 -999.0 268.9919590622696 -30.09762752015145 269.0957769636108 -30.103666983439368 50.47798145726456 256.76527259911444 -999.0 6231.0 -999.0 -1 -999 {-999.0 -999.0 -999.0 -999.0 -999.0} "" -999.0 -999.0 -999.0 -999.0 -999 -999 "" "" "" "" 0 0 0.0 0.0 -999 ""
FIBERMAP 1030 R-7C6 APOGEE 0 0 0 1 0 0 -101.88514277788497 -118.16983707119425 143.1 118.33460674255821 -101.68635085108508 125.95852 79.04443 -999.0 -999.0 -999.0 -999.0 -999.0 269.84249512261243 -29.813122433205976 269.94489973026106 -29.816867503685152 51.15042560495662 257.42026378527885 -999.0 16600.0 -999.0 2 -999 {-999.0 -999.0 -999.0 -999.0 -999.0} "" -999.0 -999.0 -999.0 -999.0 -999 -999 "" "" "" "" 0 0 0.0 0.0 -999 ""
FIBERMAP 1030 R-7C6 BOSS 1 1 0 1 0 0 -101.13451570085529 -117.86450588253976 143.1 118.02804344820693 -100.9362530974842 125.95852 79.04443 269.8409189051299 -29.81086107408954 1.3320428 -6.252303 0.4333805 269.8412898268255 -29.81086324230193 269.94388240100136 -29.814643120971116 51.14915748208831 257.42349913664094 5400.0 5400.0 2016.0 1 504 {-999.0 13.478999 12.069614 11.443546 -999.0} sdss_psfmag_from_g3xp 12.904734 11.981239 11.032096 8.74 63050395307374053 1093142689 bright_3x1 mwm_astar_core_boss mwm_ob science 0 0 1.2429804801940918 0.0 -999 ""
FIBERMAP 1030 R-7C6 METROLOGY 0 0 0 1 0 0 -101.26748221738063 -118.59173000642022 143.1 118.75546417400375 -101.06801212948194 125.95852 79.04443 -999.0 -999.0 -999.0 -999.0 -999.0 269.84389965451993 -29.811278972593527 269.94643746828683 -29.8150428157014 51.15141008956096 257.42350764188706 -999.0 6231.0 -999.0 -1 -999 {-999.0 -999.0 -999.0 -999.0 -999.0} "" -999.0 -999.0 -999.0 -999.0 -999 -999 "" "" "" "" 0 0 0.0 0.0 -999 ""
FIBERMAP 1031 R+1C16 APOGEE 1 1 0 1 0 0 39.78404382071012 9.54442362220862 143.1 -9.609940102615859 39.76697257353927 253.46947 66.7098 269.3968704376754 -29.383346587544366 -3.8566058 -3.8304977 0.02324689 269.39685265539737 -29.38337459243834 269.4978556553047 -29.388431034930978 50.689067944480556 257.973851209866 16000.0 16600.0 2016.0 2 114 {-999.0 18.375591 16.22077 14.309741 -999.0} sdss_psfmag_ps1 17.124771 14.790331 13.386927 9.675 63050395307908234 1153484041 bright_1x1 mwm_galactic_core_dist_apogee_sparse mwm_galactic science 0 0 0.0 0.0 -999 ""
FIBERMAP 1031 R+1C16 BOSS 0 0 0 1 0 0 39.184023183373256 10.002585748217733 143.1 -10.06709474372259 39.166213199532535 253.46947 66.7098 -999.0 -999.0 -999.0 -999.0 -999.0 269.3950470864995 -29.385134867424362 269.49625454307017 -29.390229377667662 50.68804178143852 257.97064451647543 -999.0 5400.0 -999.0 1 198 {-999.0 -999.0 -999.0 -999.0 -999.0} "" -999.0 -999.0 -999.0 -999.0 -999 -999 "" "" "" "" 0 0 0.0 0.0 -999 ""
FIBERMAP 1031 R+1C16 METROLOGY 0 0 0 1 0 0 39.87799862604831 10.285517662106612 143.1 -10.351165752579599 39.85969820124912 253.46947 66.7098 -999.0 -999.0 -999.0 -999.0 -999.0 269.394120077384 -29.383032210730146 269.4952643187194 -29.38812021987855 50.68679226381743 257.97365246895237 -999.0 6231.0 -999.0 -1 -999 {-999.0 -999.0 -999.0 -999.0 -999.0} "" -999.0 -999.0 -999.0 -999.0 -999 -999 "" "" "" "" 0 0 0.0 0.0 -999 ""
FIBERMAP 1033 R-9C16 APOGEE 1 1 0 1 0 0 129.74028485764856 -161.4910250044734 143.1 161.2711720881593 130.0033014710392 198.30959 44.85372 269.99057932764237 -29.110738937805387 1.1158628 -10.609038 0.058419827 269.9905870176417 -29.11076006138777 270.0904497202745 -29.114247355104897 51.143731688702886 258.55832427603616 16000.0 16600.0 2016.0 2 208 {-999.0 17.636562 15.6607275 13.570108 -999.0} sdss_psfmag_gaia 15.7623005 14.305482 12.485964 9.13 63050395308058515 1154570903 bright_1x1 mwm_galactic_core_dist_apogee_sparse mwm_galactic science 0 0 0.0 0.0 -999 ""
FIBERMAP 1033 R-9C16 BOSS 0 0 0 1 0 0 130.04992168750675 -160.81457222501638 143.1 160.59422876889442 130.31180913533044 198.30959 44.85372 -999.0 -999.0 -999.0 -999.0 -999.0 269.98809434789223 -29.10975892583324 270.0881481527628 -29.113286704624333 51.14157291106889 258.55920563181076 -999.0 5400.0 -999.0 1 294 {-999.0 -999.0 -999.0 -999.0 -999.0} "" -999.0 -999.0 -999.0 -999.0 -999 -999 "" "" "" "" 0 0 0.0 0.0 -999 ""
FIBERMAP 1033 R-9C16 METROLOGY 0 0 0 1 0 0 130.4839949387494 -161.43287954367023 143.1 161.21179801431146 130.74689142505548 198.30959 44.85372 -999.0 -999.0 -999.0 -999.0 -999.0 269.9903045644613 -29.10843594816111 270.09029808006983 -29.11194847563098 51.14315638091234 258.5618782523119 -999.0 6231.0 -999.0 -1 -999 {-999.0 -999.0 -999.0 -999.0 -999.0} "" -999.0 -999.0 -999.0 -999.0 -999 -999 "" "" "" "" 0 0 0.0 0.0 -999 ""
FIBERMAP 1038 R+9C11 APOGEE 1 1 0 1 0 0 36.8725758717203 190.38128053066862 143.1 -190.43616263010603 36.55640001129986 99.54339 93.59911 268.767897055801 -29.389949912023596 -4.9137535 -6.8113575 0.11754635 268.7678812108111 -29.389998441754823 268.8690857999755 -29.3967779421791 50.1530706888187 257.7956082536509 16000.0 16600.0 2016.0 2 140 {-999.0 19.215117 16.978703 15.198283 -999.0} sdss_psfmag_ps1 17.485601 15.6855135 14.1969185 10.756 63050395286749622 1153392714 bright_1x1 mwm_galactic_core_dist_apogee_sparse mwm_galactic science 0 0 0.0 0.0 -999 ""
FIBERMAP 1038 R+9C11 BOSS 0 0 0 1 0 0 37.60016216928085 190.56831393077604 143.1 -190.62439381996361 37.28365345273117 99.54339 93.59911 -999.0 -999.0 -999.0 -999.0 -999.0 268.7669873675368 -29.387743704938245 268.86838557037095 -29.394560799484772 50.152042414244306 257.7988183165455 -999.0 5400.0 -999.0 1 139 {-999.0 -999.0 -999.0 -999.0 -999.0} "" -999.0 -999.0 -999.0 -999.0 -999 -999 "" "" "" "" 0 0 0.0 0.0 -999 ""
FIBERMAP 1038 R+9C11 METROLOGY 0 0 0 1 0 0 37.38217607947207 189.83553986325475 143.1 -189.8912826624411 37.066886764919445 99.54339 93.59911 -999.0 -999.0 -999.0 -999.0 -999.0 268.76954619006824 -29.38842278105181 268.8708890188979 -29.39522288473614 50.15431053433248 257.7984644916895 -999.0 6231.0 -999.0 -1 -999 {-999.0 -999.0 -999.0 -999.0 -999.0} "" -999.0 -999.0 -999.0 -999.0 -999 -999 "" "" "" "" 0 0 0.0 0.0 -999 ""
FIBERMAP 1045 R+11C11 APOGEE 1 1 0 1 0 0 72.22784506449591 215.25719588877047 143.1 -215.36977377547035 71.8693741590296 29.178274 91.27944 268.68291884144134 -29.282465699087922 -999.0 -999.0 -999.0 268.6829334656123 -29.282480984096438 268.783780344547 -29.28951600173443 50.05921178288259 257.93701349624877 16000.0 16600.0 2016.0 2 126 {-999.0 -999.0 -999.0 -999.0 -999.0} "" -999.0 17.744226 -999.0 8.6 63050395286784301 1151488560 bright_1x1 mwm_galactic_core_dist_apogee_sparse mwm_galactic science 0 0 0.0 0.0 -999 ""
FIBERMAP 1045 R+11C11 BOSS 0 0 0 1 0 0 72.61661262393876 214.63145078791416 143.1 -214.7446920279231 72.25916452034542 29.178274 91.27944 -999.0 -999.0 -999.0 -999.0 -999.0 268.6848633426429 -29.281267496806606 268.7859071001121 -29.288332713153423 50.06079814630319 257.9393882134779 -999.0 5400.0 -999.0 1 113 {-999.0 -999.0 -999.0 -999.0 -999.0} "" -999.0 -999.0 -999.0 -999.0 -999 -999 "" "" "" "" 0 0 0.0 0.0 -999 ""
FIBERMAP 1045 R+11C11 METROLOGY 0 0 0 1 0 0 71.8838962465437 214.60139402688773 143.1 -214.71342393958054 71.52652144305385 29.178274 91.27944 -999.0 -999.0 -999.0 -999.0 -999.0 268.68496074929345 -29.283483692673208 268.78595516715194 -29.290538185245204 50.06127236142875 257.93603246411004 -999.0 6231.0 -999.0 -1 -999 {-999.0 -999.0 -999.0 -999.0 -999.0} "" -999.0 -999.0 -999.0 -999.0 -999 -999 "" "" "" "" 0 0 0.0 0.0 -999 ""
FIBERMAP 1047 R+10C15 APOGEE 1 1 0 1 0 0 117.31039048577439 197.8991937245662 143.1 -198.08691998847348 116.97918849958135 199.4823 81.416756 268.744406452643 -29.14639443061217 -3.8549352 -5.573556 0.17227289 268.74439417963305 -29.146415579460147 268.8447430518359 -29.153310552117873 50.084452287965036 258.16142495732083 16000.0 16600.0 2016.0 2 77 {-999.0 19.988033 17.385822 15.44797 -999.0} sdss_psfmag_ps1 18.414408 15.886908 14.314583 10.237 63050395287153307 1153394957 bright_1x1 mwm_galactic_core_dist_apogee_sparse mwm_galactic science 0 0 0.0 0.0 -999 ""
FIBERMAP 1047 R+10C15 BOSS 0 0 0 1 0 0 117.14482862586355 198.6154359120188 143.1 -198.80286520982443 116.81244692826924 199.4823 81.416756 -999.0 -999.0 -999.0 -999.0 -999.0 268.74168055099636 -29.14685141008342 268.8422328992588 -29.15378937905521 50.082399097136786 258.16001438752494 -999.0 5400.0 -999.0 1 236 {-999.0 -999.0 -999.0 -999.0 -999.0} "" -999.0 -999.0 -999.0 -999.0 -999 -999 "" "" "" "" 0 0 0.0 0.0 -999 ""
FIBERMAP 1047 R+10C15 METROLOGY 0 0 0 1 0 0 117.8742772140348 198.38665265683306 143.1 -198.5752962018937 117.54225057754881 199.4823 81.416756 -999.0 -999.0 -999.0 -999.0 -999.0 268.7425162298433 -29.14464092556191 268.8430035236225 -29.151566969649107 50.082616745264914 258.1636171806311 -999.0 6231.0 -999.0 -1 -999 {-999.0 -999.0 -999.0 -999.0 -999.0} "" -999.0 -999.0 -999.0 -999.0 -999 -999 "" "" "" "" 0 0 0.0 0.0 -999 ""
FIBERMAP 1048 R-5C8 APOGEE 0 0 0 1 0 0 -70.73399613582468 -100.57915980407063 143.1 100.6929551376699 -70.56531043750206 285.67084 156.63327 -999.0 -999.0 -999.0 -999.0 -999.0 269.78102194754325 -29.71886345999806 269.88310744652654 -29.722796741963265 51.080658245360354 257.5521914587313 -999.0 16600.0 -999.0 2 -999 {-999.0 -999.0 -999.0 -999.0 -999.0} "" -999.0 -999.0 -999.0 -999.0 -999 -999 "" "" "" "" 0 0 0.0 0.0 -999 ""
FIBERMAP 1048 R-5C8 BOSS 1 1 0 1 0 0 -70.84665826949792 -101.33357249279793 143.1 101.44752995967515 -70.67672075577896 285.67084 156.63327 269.78352896979135 -29.719202103111105 -1.9419869 -3.1480165 0.31950614 269.78351875202685 -29.719203545165634 269.8858006286129 -29.723161403752417 51.0830243988342 257.5522982834367 5400.0 5400.0 2016.0 1 481 {-999.0 17.106552 15.624815 14.894206 -999.0} sdss_psfmag_gaia 16.21249 15.485437 14.216328 11.681 63050395307386015 1093414000 bright_3x1 mwm_astar_core_boss mwm_ob science 0 0 0.0 0.0 -999 ""
FIBERMAP 1048 R-5C8 METROLOGY 0 0 0 1 0 0 -71.42430092983167 -100.8672179720976 143.1 100.98214616259659 -71.25511642713866 285.67084 156.63327 -999.0 -999.0 -999.0 -999.0 -999.0 269.7819598880864 -29.72097537995435 269.88419305580135 -29.72492821073007 51.08197317703097 257.549128344592 -999.0 6231.0 -999.0 -1 -999 {-999.0 -999.0 -999.0 -999.0 -999.0} "" -999.0 -999.0 -999.0 -999.0 -999 -999 "" "" "" "" 0 0 0.0 0.0 -999 ""
FIBERMAP 1050 R+12C14 APOGEE 1 1 0 1 0 0 122.48738482781877 236.09212019048152 143.1 -236.28718327805547 122.09282532757418 160.16354 121.02106 268.61297607421875 -29.130212609883586 -999.0 -999.0 -999.0 268.61299167689805 -29.13022097713145 268.71331956118377 -29.137479747216407 49.96881639013008 258.1499643809903 16000.0 16600.0 2015.5 2 56 {-999.0 -999.0 -999.0 -999.0 -999.0} "" -999.0 -999.0 -999.0 -999.0 27021603147185400 848860437 "" ops_sky_apogee_good ops_sky sky_apogee 0 0 0.0 0.0 -999 ""
FIBERMAP 1050 R+12C14 BOSS 0 0 0 1 0 0 122.3426096721751 236.82324025633082 143.1 -237.01804029122675 121.94684517609315 160.16354 121.02106 -999.0 -999.0 -999.0 -999.0 -999.0 268.61027062035794 -29.13061115766105 268.7108025681812 -29.137913271449527 49.96674883719639 258.14862117651813 -999.0 5400.0 -999.0 1 93 {-999.0 -999.0 -999.0 -999.0 -999.0} "" -999.0 -999.0 -999.0 -999.0 -999 -999 "" "" "" "" 0 0 0.0 0.0 -999 ""
FIBERMAP 1050 R+12C14 METROLOGY 0 0 0 1 0 0 123.06249591771385 236.57319184181202 143.1 -236.76919098694572 122.6671219739892 160.16354 121.02106 -999.0 -999.0 -999.0 -999.0 -999.0 268.6111668198404 -29.12842870641527 268.7116335869337 -29.135718633087052 49.96702159461929 258.15218974601214 -999.0 6231.0 -999.0 -1 -999 {-999.0 -999.0 -999.0 -999.0 -999.0} "" -999.0 -999.0 -999.0 -999.0 -999 -999 "" "" "" "" 0 0 0.0 0.0 -999 ""
FIBERMAP 1052 R-8C18 APOGEE 0 0 0 1 0 0 185.70277344638927 -140.14562264968316 143.1 139.83386530868367 185.9286734118379 91.28397 90.01835 -999.0 -999.0 -999.0 -999.0 -999.0 269.91572307409535 -28.941796398323735 270.0150132664635 -28.94552433856937 51.046040250893455 258.80124131144447 -999.0 16600.0 -999.0 2 -999 {-999.0 -999.0 -999.0 -999.0 -999.0} "" -999.0 -999.0 -999.0 -999.0 -999 -999 "" "" "" "" 0 0 0.0 0.0 -999 ""
FIBERMAP 1052 R-8C18 BOSS 1 1 0 1 0 0 186.45767855025946 -140.1123278353705 143.1 139.79932255951812 186.68349914439546 91.28397 90.01835 269.9154372463633 -28.939468943852148 -8.000672 -3.3579943 0.079663575 269.9154220683988 -28.939458721761692 270.01489820796775 -28.943222214756375 51.04548669487565 258.80479920803344 5400.0 5400.0 2016.0 1 275 {-999.0 18.17239 16.21487 13.943365 -999.0} sdss_psfmag_gaia 16.694185 14.67537 13.301717 9.932 63050395308158895 1093413983 bright_3x1 mwm_astar_core_boss mwm_ob science 0 0 0.0 0.0 -999 ""
FIBERMAP 1052 R-8C18 METROLOGY 0 0 0 1 0 0 186.10346110411768 -140.77724565254184 143.1 140.46480504710246 186.33039321309332 91.28397 90.01835 -999.0 -999.0 -999.0 -999.0 -999.0 269.91780531819813 -28.94050714207147 270.0172294199031 -28.944254179650294 51.047690412766975 258.8038312671881 -999.0 6231.0 -999.0 -1 -999 {-999.0 -999.0 -999.0 -999.0 -999.0} "" -999.0 -999.0 -999.0 -999.0 -999 -999 "" "" "" "" 0 0 0.0 0.0 -999 ""
FIBERMAP 1055 R+1C11 APOGEE 1 1 0 1 0 0 -58.79303741240881 41.089456630088364 143.1 -40.99086055246914 -58.85912945802369 171.62242 22.796413 269.2860200444629 -29.682453871970793 -5.195635 -4.2802043 -0.042972524 269.2860096156898 -29.68247623782485 269.38810971960527 -29.687773730455522 50.6515912272109 257.48163197504346 16000.0 16600.0 2016.0 2 21 {-999.0 19.550373 17.625387 15.157157 -999.0} sdss_psfmag_gaia 18.000502 15.882897 14.489411 10.95 63050395285174057 1154460669 bright_1x1 mwm_galactic_core_dist_apogee_sparse mwm_galactic science 0 0 0.0 0.0 -999 ""
FIBERMAP 1055 R+1C11 BOSS 0 0 0 1 0 0 -58.056479111690074 41.292783326163416 143.1 -41.19539935852159 -58.12293125964324 171.62242 22.796413 -999.0 -999.0 -999.0 -999.0 -999.0 269.2850777079845 -29.6802409745605 269.3873688354113 -29.685574054136264 50.65055111532848 257.48485306821925 -999.0 5400.0 -999.0 1 31 {-999.0 -999.0 -999.0 -999.0 -999.0} "" -999.0 -999.0 -999.0 -999.0 -999 -999 "" "" "" "" 0 0 0.0 0.0 -999 ""
FIBERMAP 1055 R+1C11 METROLOGY 0 0 0 1 0 0 -58.265595364170984 40.56853714967957 143.1 -40.47083049303175 -58.33084250502859 171.62242 22.796413 -999.0 -999.0 -999.0 -999.0 -999.0 269.2876594262873 -29.680896918101986 269.38989582435994 -29.686213549405764 50.652826929989274 257.4845035920209 -999.0 6231.0 -999.0 -1 -999 {-999.0 -999.0 -999.0 -999.0 -999.0} "" -999.0 -999.0 -999.0 -999.0 -999 -999 "" "" "" "" 0 0 0.0 0.0 -999 ""
FIBERMAP 1059 R+3C13 APOGEE 1 1 0 1 0 0 26.229773396723377 52.37643667797194 143.1 -52.41814948841621 26.142271733628508 1.4439975 93.54876 269.2474365234375 -29.42421898061825 -999.0 -999.0 -999.0 269.2474370590844 -29.424228976525008 269.3486281638789 -29.42968637883647 50.56933208026945 257.8709019805168 16000.0 16600.0 2015.5 2 125 {-999.0 -999.0 -999.0 -999.0 -999.0} "" -999.0 -999.0 -999.0 -999.0 27021603147181778 848859630 "" ops_sky_apogee_good ops_sky sky_apogee 0 0 0.0 0.0 -999 ""
FIBERMAP 1059 R+3C13 BOSS 0 0 0 1 0 0 26.298293313777968 51.63504572772911 143.1 -51.67689575540402 26.212016092944992 1.4439975 93.54876 -999.0 -999.0 -999.0 -999.0 -999.0 269.2497865396859 -29.423976812729833 269.3511746620595 -29.42946144029513 50.57146633469436 257.87191581796367 -999.0 5400.0 -999.0 1 111 {-999.0 -999.0 -999.0 -999.0 -999.0} "" -999.0 -999.0 -999.0 -999.0 -999 -999 "" "" "" "" 0 0 0.0 0.0 -999 ""
FIBERMAP 1059 R+3C13 METROLOGY 0 0 0 1 0 0 25.620003332525428 51.95182977656585 143.1 -51.9925473690687 25.53322380576542 1.4439975 93.54876 -999.0 -999.0 -999.0 -999.0 -999.0 269.24872585035195 -29.426041356941504 269.350065340053 -29.43151892902572 50.570910371141274 257.868445592712 -999.0 6231.0 -999.0 -1 -999 {-999.0 -999.0 -999.0 -999.0 -999.0} "" -999.0 -999.0 -999.0 -999.0 -999 -999 "" "" "" "" 0 0 0.0 0.0 -999 ""
FIBERMAP 1061 R+9C10 APOGEE 1 1 0 1 0 0 21.720809589810205 171.16995876037208 143.1 -171.20038995760797 21.436906667024346 325.17157 133.0142 268.8340759277343 -29.43626458070561 -999.0 -999.0 -999.0 268.8340840680993 -29.436280940152866 268.93543465168074 -29.442869176476215 50.218678972727474 257.7424172248701 16000.0 16600.0 2015.5 2 136 {-999.0 -999.0 -999.0 -999.0 -999.0} "" -999.0 -999.0 -999.0 -999.0 27021603147184425 848860209 "" ops_sky_apogee_good ops_sky sky_apogee 0 0 0.0 0.0 -999 ""
FIBERMAP 1061 R+9C10 BOSS 0 0 0 1 0 0 21.835999991472335 170.4353417299457 143.1 -170.46598714377316 21.55330880202803 325.17157 133.0142 -999.0 -999.0 -999.0 -999.0 -999.0 268.83636162704715 -29.435901934107005 268.93791125800357 -29.442518355673666 50.220727806420236 257.7436043059238 -999.0 5400.0 -999.0 1 131 {-999.0 -999.0 -999.0 -999.0 -999.0} "" -999.0 -999.0 -999.0 -999.0 -999 -999 "" "" "" "" 0 0 0.0 0.0 -999 ""
FIBERMAP 1061 R+9C10 METROLOGY 0 0 0 1 0 0 21.14641736084364 170.68795573584987 143.1 -170.71745209485718 20.863330399388936 325.17157 133.0142 -999.0 -999.0 -999.0 -999.0 -999.0 268.83550088848745 -29.437995074125052 268.93700123246924 -29.444603678190884 50.22035164166538 257.74016765432657 -999.0 6231.0 -999.0 -1 -999 {-999.0 -999.0 -999.0 -999.0 -999.0} "" -999.0 -999.0 -999.0 -999.0 -999 -999 "" "" "" "" 0 0 0.0 0.0 -999 ""
FIBERMAP 1062 R-12C6 APOGEE 0 0 0 1 0 0 -58.216168720951245 -245.9028592541076 143.1 245.99126870319537 -57.807444678092224 264.968 69.98102 -999.0 -999.0 -999.0 -999.0 -999.0 270.28609469329007 -29.678747872494753 270.38788387378673 -29.681306363727526 51.504343503832395 257.74445679282223 -999.0 16600.0 -999.0 2 -999 {-999.0 -999.0 -999.0 -999.0 -999.0} "" -999.0 -999.0 -999.0 -999.0 -999 -999 "" "" "" "" 0 0 0.0 0.0 -999 ""
FIBERMAP 1062 R-12C6 BOSS 1 1 0 1 0 0 -58.82655191056851 -245.5775937778268 143.1 245.66702358175053 -58.418346390808786 264.968 69.98102 270.2845789185663 -29.68058437621489 0.03451041 -3.3769627 0.28205064 270.28480268759563 -29.680573399898176 270.38679175716504 -29.683165767714655 51.50374544846702 257.74124374700546 5400.0 5400.0 2016.0 1 365 {-999.0 13.632051 13.008352 12.760399 -999.0} sdss_psfmag_from_g3xp 13.467436 13.029983 12.403862 11.276 63050395307328695 1093202413 bright_3x1 mwm_astar_core_boss mwm_ob science 0 0 0.8071613907814026 0.0 -999 ""
FIBERMAP 1062 R-12C6 METROLOGY 0 0 0 1 0 0 -58.2786461113536 -245.15747694114023 143.1 245.24601373837214 -57.87115330892818 264.968 69.98102 -999.0 -999.0 -999.0 -999.0 -999.0 270.2834470303247 -29.678944892821427 270.3853760176459 -29.68153261438759 51.50224119868548 257.7434681769197 -999.0 6231.0 -999.0 -1 -999 {-999.0 -999.0 -999.0 -999.0 -999.0} "" -999.0 -999.0 -999.0 -999.0 -999 -999 "" "" "" "" 0 0 0.0 0.0 -999 ""
FIBERMAP 1065 R-10C5 APOGEE 0 0 0 1 0 0 -79.58698397055875 -208.442407513113 143.1 208.5673804686763 -79.23955153719702 337.2229 80.58025 -999.0 -999.0 -999.0 -999.0 -999.0 270.1565877276824 -29.744206319208406 270.2586506759037 -29.74710561610716 51.40577452851171 257.6081752386056 -999.0 16600.0 -999.0 2 -999 {-999.0 -999.0 -999.0 -999.0 -999.0} "" -999.0 -999.0 -999.0 -999.0 -999 -999 "" "" "" "" 0 0 0.0 0.0 -999 ""
FIBERMAP 1065 R-10C5 BOSS 1 1 0 1 0 0 -79.96877854208768 -209.0504314273716 143.1 209.17601651047127 -79.6203278388882 337.2229 80.58025 270.1585757110994 -29.745324261079567 -4.842108 -4.766913 -0.20975311 270.15855188182314 -29.74533240058824 270.26081204295997 -29.748256786527282 51.40782726409318 257.60689991177395 5400.0 5400.0 2016.0 1 423 {-999.0 15.696258 15.113655 14.912188 -999.0} sdss_psfmag_gaia 14.986851 15.153776 14.003709 12.765 63050395307320425 1093444062 bright_3x1 mwm_astar_core_boss mwm_ob science 0 0 0.0 0.0 -999 ""
FIBERMAP 1065 R-10C5 METROLOGY 0 0 0 1 0 0 -80.33450103218706 -208.4156407544248 143.1 208.54185135328072 -79.98708883827558 337.2229 80.58025 -999.0 -999.0 -999.0 -999.0 -999.0 270.15644544052407 -29.746473347905233 270.2586554210114 -29.74939456005106 51.406189543989825 257.6045666835131 -999.0 6231.0 -999.0 -1 -999 {-999.0 -999.0 -999.0 -999.0 -999.0} "" -999.0 -999.0 -999.0 -999.0 -999 -999 "" "" "" "" 0 0 0.0 0.0 -999 ""
FIBERMAP 1066 R-11C10 APOGEE 1 1 0 1 0 0 43.86137010086316 -229.2363495508319 143.1 229.15640576899327 44.23923535511701 343.9006 68.37986 270.22655094762615 -29.370106348615256 1.6270566 -0.21569446 0.2461191 270.22656709690074 -29.37011813669526 270.32727569066975 -29.37290463506286 51.39584616495112 258.2153594763206 16000.0 16600.0 2016.0 2 175 {-999.0 11.8154335 11.5110235 11.447672 -999.0} sdss_psfmag_from_g3xp 11.745291 11.513153 11.110828 10.658 63050395307630548 975030786 "" ops_std_apogee ops_std standard_apogee 0 0 0.0 0.0 -999 ""
FIBERMAP 1066 R-11C10 BOSS 0 0 0 1 0 0 43.415118231892656 -229.82470362336508 143.1 229.74547924773182 43.79397128534102 343.9006 68.37986 -999.0 -999.0 -999.0 -999.0 -999.0 270.2284530114723 -29.371422495852563 270.329358514577 -29.37423556462544 51.39787819429641 258.21380830267515 -999.0 5400.0 -999.0 1 417 {-999.0 -999.0 -999.0 -999.0 -999.0} "" -999.0 -999.0 -999.0 -999.0 -999 -999 "" "" "" "" 0 0 0.0 0.0 -999 ""
FIBERMAP 1066 R-11C10 METROLOGY 0 0 0 1 0 0 43.118943799528196 -229.16661708510424 143.1 229.08790390594498 43.49671756292889 343.9006 68.37986 -999.0 -999.0 -999.0 -999.0 -999.0 270.22628565801455 -29.3723290519515 270.327140398211 -29.37513879245272 51.39614836887883 258.21180659901324 -999.0 6231.0 -999.0 -1 -999 {-999.0 -999.0 -999.0 -999.0 -999.0} "" -999.0 -999.0 -999.0 -999.0 -999 -999 "" "" "" "" 0 0 0.0 0.0 -999 ""
FIBERMAP 1067 R+3C14 APOGEE 1 0 1 1 0 0 34.335530147158934 66.02224881658967 143.1 -66.07693379817493 34.225190457139526 11.006662 169.77629 269.2195407095859 -29.343949179381763 -0.23652726 -8.269471 -0.070186 269.19998509455115 -29.399494152795327 269.3011019250686 -29.405086824862842 50.52399489372359 257.89644755837907 16000.0 16600.0 2016.0 2 122 {-999.0 19.310167 16.670233 14.419549 -999.0} sdss_psfmag_ps1 17.605177 14.833706 13.374564 9.545 63050395286689384 1153392809 bright_1x1 mwm_galactic_core_dist_apogee_sparse mwm_galactic science 0 0 0.0 0.0 -999 ""
FIBERMAP 1067 R+3C14 BOSS 0 0 1 1 0 0 35.065643571278564 65.93647504370443 143.1 -65.99237077209139 34.95542230887251 11.006662 169.77629 -999.0 -999.0 -999.0 -999.0 -999.0 269.20004907133557 -29.39722307411926 269.3013566601208 -29.402849856584485 50.52378424729128 257.89996786566735 -999.0 5400.0 -999.0 1 102 {-999.0 -999.0 -999.0 -999.0 -999.0} "" -999.0 -999.0 -999.0 -999.0 -999 -999 "" "" "" "" 0 0 0.0 0.0 -999 ""
FIBERMAP 1067 R+3C14 METROLOGY 0 0 1 1 0 0 34.632996017612435 65.32947680887968 143.1 -65.38467623943828 34.52379296391405 11.006662 169.77629 -999.0 -999.0 -999.0 -999.0 -999.0 269.20220801630654 -29.3985491673104 269.3034633398088 -29.404160165379285 50.52583654670306 257.89849790828083 -999.0 6231.0 -999.0 -1 -999 {-999.0 -999.0 -999.0 -999.0 -999.0} "" -999.0 -999.0 -999.0 -999.0 -999 -999 "" "" "" "" 0 0 0.0 0.0 -999 ""
FIBERMAP 1072 R-5C17 APOGEE 0 0 0 1 0 0 108.57239855934768 -91.62225073994534 143.1 91.43966811562794 108.72049680403148 178.60953 96.53031 -999.0 -999.0 -999.0 -999.0 -999.0 269.74881681923233 -29.174923757377215 269.8489784349358 -29.179059678529814 50.94937348456989 258.392241563779 -999.0 16600.0 -999.0 2 -999 {-999.0 -999.0 -999.0 -999.0 -999.0} "" -999.0 -999.0 -999.0 -999.0 -999 -999 "" "" "" "" 0 0 0.0 0.0 -999 ""
FIBERMAP 1072 R-5C17 BOSS 1 1 0 1 0 0 108.49788098155942 -90.8906764515499 143.1 90.7082406519254 108.6447712187861 178.60953 96.53031 269.7461120345946 -29.175057378026676 -7.871541 -4.0709834 0.107133776 269.74613083623245 -29.17506512759935 269.8464891121974 -29.17924201890833 50.94727641829178 258.39129008271766 5400.0 5400.0 2016.0 1 296 {-999.0 17.703938 16.776834 16.417297 -999.0} sdss_psfmag_gaia 17.151632 16.809292 15.802312 -999.0 63050395307963550 1070825785 bright_1x1 mwm_halo_distant_rrl_boss_single mwm_halo science 0 0 0.0 0.0 -999 ""
FIBERMAP 1072 R-5C17 METROLOGY 0 0 0 1 0 0 109.18026914902768 -91.18637052360354 143.1 91.00279618671267 109.32762666655069 178.60953 96.53031 -999.0 -999.0 -999.0 -999.0 -999.0 269.7472183456176 -29.17299546570653 269.84751361583227 -29.177160284317367 50.947751145520584 258.3948065513727 -999.0 6231.0 -999.0 -1 -999 {-999.0 -999.0 -999.0 -999.0 -999.0} "" -999.0 -999.0 -999.0 -999.0 -999 -999 "" "" "" "" 0 0 0.0 0.0 -999 ""
FIBERMAP 1073 R+13C13 APOGEE 1 1 0 1 0 0 108.87360735986064 238.03342240464585 143.1 -238.20589877018264 108.47627387383795 277.0358 51.917805 268.60576545084757 -29.171273712303904 -0.7611821 -0.57820046 0.03213575 268.605762291694 -29.171297916373533 268.7062371710948 -29.178567906322744 49.97094760952285 258.0854479132157 16000.0 16600.0 2016.0 2 58 {-999.0 20.465563 19.958698 14.486084 -999.0} sdss_psfmag_gaia 18.185387 14.964945 13.401292 8.93 63050395287147079 1154467324 bright_1x1 mwm_galactic_core_dist_apogee_sparse mwm_galactic science 0 0 0.0 0.0 -999 ""
FIBERMAP 1073 R+13C13 BOSS 0 0 0 1 0 0 108.20562271732766 238.40392528828968 143.1 -238.57528454097934 107.80769771495909 277.0358 51.917805 -999.0 -999.0 -999.0 -999.0 -999.0 268.60425424041546 -29.17327119620656 268.70493853706535 -29.180580718398033 49.9702369258764 258.0820302701838 -999.0 5400.0 -999.0 1 96 {-999.0 -999.0 -999.0 -999.0 -999.0} "" -999.0 -999.0 -999.0 -999.0 -999 -999 "" "" "" "" 0 0 0.0 0.0 -999 ""
FIBERMAP 1073 R+13C13 METROLOGY 0 0 0 1 0 0 108.8700922479079 238.7828485312802 143.1 -238.9552949728818 108.47151893413584 277.0358 51.917805 -999.0 -999.0 -999.0 -999.0 -999.0 268.6029844526276 -29.171248148201364 268.70360470019835 -29.178551436778278 49.96869187414681 258.0847619281156 -999.0 6231.0 -999.0 -1 -999 {-999.0 -999.0 -999.0 -999.0 -999.0} "" -999.0 -999.0 -999.0 -999.0 -999 -999 "" "" "" "" 0 0 0.0 0.0 -999 ""
FIBERMAP 1075 R-7C7 APOGEE 1 1 0 1 0 0 -67.89856738796854 -137.4419528344586 143.1 137.54987106289326 -67.66898265824973 329.89114 136.46635 269.9095818641989 -29.70991464421992 -4.2247176 -9.868655 0.11847868 269.9095681397058 -29.709925310010654 270.0115832674398 -29.7135083317262 51.188688758793376 257.5990708537374 16000.0 16600.0 2016.0 2 267 {-999.0 16.812586 14.764246 13.426977 -999.0} sdss_psfmag_from_g3xp 15.809966 14.121782 12.88124 9.753 63050395307391672 1152069165 bright_1x1 mwm_galactic_core_dist_apogee_sparse mwm_galactic science 0 0 0.0 0.0 -999 ""
FIBERMAP 1075 R-7C7 BOSS 0 0 0 1 0 0 -67.69041034611419 -138.14877659413187 143.1 138.25632768484593 -67.45966285820941 329.89114 136.46635 -999.0 -999.0 -999.0 -999.0 -999.0 269.9119030556946 -29.70928336046961 270.0141103367489 -29.71289141238351 51.19073508875732 257.6006745868562 -999.0 5400.0 -999.0 1 362 {-999.0 -999.0 -999.0 -999.0 -999.0} "" -999.0 -999.0 -999.0 -999.0 -999 -999 "" "" "" "" 0 0 0.0 0.0 -999 ""
FIBERMAP 1075 R-7C7 METROLOGY 0 0 0 1 0 0 -68.40455265267893 -137.99361688854532 143.1 138.10235453358055 -68.17403890660077 329.89114 136.46635 -999.0 -999.0 -999.0 -999.0 -999.0 269.91144000537264 -29.711466979450712 270.0135999334936 -29.71506696778762 51.19069408387107 257.59713258396107 -999.0 6231.0 -999.0 -1 -999 {-999.0 -999.0 -999.0 -999.0 -999.0} "" -999.0 -999.0 -999.0 -999.0 -999 -999 "" "" "" "" 0 0 0.0 0.0 -999 ""
FIBERMAP 1076 R-13C6 APOGEE 1 1 0 1 0 0 -35.696502521762724 -231.44002354681098 143.1 231.4916389999492 -35.312431965624796 156.7336 42.201916 270.2357233646262 -29.610940580275688 -1.7355855 -2.3451474 0.045113806 270.23572032653453 -29.610917333560327 270.3372828411786 -29.613628024554597 51.44883489898708 257.83853098060547 16000.0 16600.0 2016.0 2 263 {-999.0 17.032682 14.893524 13.676681 -999.0} sdss_psfmag_from_g3xp 15.9514475 14.363871 13.1445055 10.003 63050395307340949 1152069075 bright_1x1 mwm_galactic_core_dist_apogee_sparse mwm_galactic science 0 0 0.0 0.0 -999 ""
FIBERMAP 1076 R-13C6 BOSS 0 0 0 1 0 0 -34.975014832584534 -231.1899847680233 143.1 231.24041454848845 -34.591381180076446 156.7336 42.201916 -999.0 -999.0 -999.0 -999.0 -999.0 270.234688247101 -29.608711555410846 270.33643636369453 -29.61145662575623 51.44771604849102 257.84174200813436 -999.0 5400.0 -999.0 1 357 {-999.0 -999.0 -999.0 -999.0 -999.0} "" -999.0 -999.0 -999.0 -999.0 -999 -999 "" "" "" "" 0 0 0.0 0.0 -999 ""
FIBERMAP 1076 R-13C6 METROLOGY 0 0 0 1 0 0 -35.122607650451556 -231.93450678943293 143.1 231.98515681487666 -34.73773742318127 156.7336 42.201916 -999.0 -999.0 -999.0 -999.0 -999.0 270.237364521632 -29.609158344980003 270.33905866197307 -29.611887179076483 51.450036144393245 257.84172857991507 -999.0 6231.0 -999.0 -1 -999 {-999.0 -999.0 -999.0 -999.0 -999.0} "" -999.0 -999.0 -999.0 -999.0 -999 -999 "" "" "" "" 0 0 0.0 0.0 -999 ""
FIBERMAP 1077 R-13C11 APOGEE 1 1 0 1 0 0 85.80668026450799 -260.7833533128263 143.1 260.6329953309458 86.23539135182378 295.14487 132.29701 270.3341343432077 -29.242901029601402 -1.5579926 -2.4093816 0.16345535 270.334135275672 -29.242913468824096 270.4343600231964 -29.24543235333742 51.463562147927824 258.4443485529452 16000.0 16600.0 2016.0 2 159 {-999.0 18.327972 16.34905 14.52537 -999.0} sdss_psfmag_gaia 16.994566 15.260436 13.904376 10.666 63050395307689741 1154569875 bright_1x1 mwm_galactic_core_dist_apogee_sparse mwm_galactic science 0 0 0.0 0.0 -999 ""
FIBERMAP 1077 R-13C11 BOSS 0 0 0 1 0 0 85.52863300387064 -261.4574748184399 143.1 261.3075551857742 85.95846838341592 295.14487 132.29701 -999.0 -999.0 -999.0 -999.0 -999.0 270.3362551043691 -29.243717385666766 270.43667411120566 -29.246262601258383 51.46570191410498 258.44365343974954 -999.0 5400.0 -999.0 1 351 {-999.0 -999.0 -999.0 -999.0 -999.0} "" -999.0 -999.0 -999.0 -999.0 -999 -999 "" "" "" "" 0 0 0.0 0.0 -999 ""
FIBERMAP 1077 R-13C11 METROLOGY 0 0 0 1 0 0 85.06529423550288 -260.8803791094542 143.1 260.73124464469447 85.49418970345072 295.14487 132.29701 -999.0 -999.0 -999.0 -999.0 -999.0 270.3343990450312 -29.24511541028372 270.43476915052804 -29.247656255191334 51.46433359500888 258.4409519009182 -999.0 6231.0 -999.0 -1 -999 {-999.0 -999.0 -999.0 -999.0 -999.0} "" -999.0 -999.0 -999.0 -999.0 -999 -999 "" "" "" "" 0 0 0.0 0.0 -999 ""
FIBERMAP 1079 R+9C17 APOGEE 0 0 0 1 0 0 188.65681023872094 175.89552500654708 143.1 -176.2020032092665 188.35971864563402 60.04685 46.784065 -999.0 -999.0 -999.0 -999.0 -999.0 268.8227984097167 -28.93134566643376 268.9223680650796 -28.938070768212878 50.1077132126205 258.5113578589445 -999.0 16600.0 -999.0 2 -999 {-999.0 -999.0 -999.0 -999.0 -999.0} "" -999.0 -999.0 -999.0 -999.0 -999 -999 "" "" "" "" 0 0 0.0 0.0 -999 ""
FIBERMAP 1079 R+9C17 BOSS 1 1 0 1 0 0 188.89628580632714 175.22441323270323 143.1 -175.5313092414731 188.60029687773837 60.04685 46.784065 268.8249529499199 -28.930590740527776 -4.3224196 -5.158533 0.35128897 268.8249112696525 -28.930586257775875 268.9246780753981 -28.937342043493462 50.109545049383634 258.5131096869838 5400.0 5400.0 2016.0 1 251 {-999.0 16.154387 14.601154 13.887815 -999.0} sdss_psfmag_from_g3xp 15.488481 14.454363 13.443108 11.147 63050395287230232 1093142135 bright_3x1 mwm_astar_core_boss mwm_ob science 0 0 0.0 0.0 -999 ""
FIBERMAP 1079 R+9C17 METROLOGY 0 0 0 1 0 0 188.15274542398976 175.34287965974124 143.1 -175.64854165485076 187.85658440905252 60.04685 46.784065 -999.0 -999.0 -999.0 -999.0 -999.0 268.82449674848766 -28.932800940567105 268.9242146619373 -28.939547100072918 50.10959499979248 258.50961458459744 -999.0 6231.0 -999.0 -1 -999 {-999.0 -999.0 -999.0 -999.0 -999.0} "" -999.0 -999.0 -999.0 -999.0 -999 -999 "" "" "" "" 0 0 0.0 0.0 -999 ""
FIBERMAP 1082 R-2C22 APOGEE 0 0 0 1 0 0 213.33252633114444 -40.53304192259164 143.1 40.17877500477968 213.39272643322835 338.90137 129.12268 -999.0 -999.0 -999.0 -999.0 -999.0 269.5711635455104 -28.858242601181537 269.67026256518795 -28.862931909232817 50.73383175022784 258.83424203959515 -999.0 16600.0 -999.0 2 -999 {-999.0 -999.0 -999.0 -999.0 -999.0} "" -999.0 -999.0 -999.0 -999.0 -999 -999 "" "" "" "" 0 0 0.0 0.0 -999 ""
FIBERMAP 1082 R-2C22 BOSS 1 1 0 1 0 0 213.5814521966546 -41.220036551541114 143.1 40.865335681036086 213.64278093774027 338.90137 129.12268 269.5731674638573 -28.85743920690395 -1.2380875 -1.1690643 0.3831556 269.5733522456632 -28.85741518983353 269.6726436609155 -28.86213385946725 50.73571428806381 258.83613901537296 5400.0 5400.0 2016.0 1 311 {-999.0 15.726353 14.269198 13.560775 -999.0} sdss_psfmag_gaia 14.920887 14.144103 12.956894 10.117 63050395309485469 1093413935 bright_3x1 mwm_astar_core_boss mwm_ob science 0 0 0.5982130169868469 0.0 -999 ""
FIBERMAP 1082 R-2C22 METROLOGY 0 0 0 1 0 0 212.84332970652548 -41.09889073566588 143.1 40.74541500100059 212.90448175387232 338.90137 129.12268 -999.0 -999.0 -999.0 -999.0 -999.0 269.5729981617342 -28.85961564928323 269.67224187767476 -28.864324848980498 50.735809597655354 258.8326360528737 -999.0 6231.0 -999.0 -1 -999 {-999.0 -999.0 -999.0 -999.0 -999.0} "" -999.0 -999.0 -999.0 -999.0 -999 -999 "" "" "" "" 0 0 0.0 0.0 -999 ""
FIBERMAP 1084 R-6C17 APOGEE 1 1 0 1 0 0 122.45682871564726 -122.12770843622305 143.1 121.92117241595089 122.65495221793434 206.74907 112.769035 269.85443115234375 -29.132881596401106 -999.0 -999.0 -999.0 269.85446307752443 -29.132863599275915 269.95444467845624 -29.136719014326687 51.03153036806192 258.48657391742256 16000.0 16600.0 2015.5 2 209 {-999.0 -999.0 -999.0 -999.0 -999.0} "" -999.0 -999.0 -999.0 -999.0 27021603147277361 848879242 "" ops_sky_apogee_good ops_sky sky_apogee 0 0 0.0 0.0 -999 ""
FIBERMAP 1084 R-6C17 BOSS 0 0 0 1 0 0 121.87190547656688 -121.68628563256372 143.1 121.48073157975705 122.06931745207004 206.74907 112.769035 -999.0 -999.0 -999.0 -999.0 -999.0 269.8527985959924 -29.134554652991756 269.9529813578235 -29.138447871629666 51.03061162415265 258.4834830589397 -999.0 5400.0 -999.0 1 295 {-999.0 -999.0 -999.0 -999.0 -999.0} "" -999.0 -999.0 -999.0 -999.0 -999 -999 "" "" "" "" 0 0 0.0 0.0 -999 ""
FIBERMAP 1084 R-6C17 METROLOGY 0 0 0 1 0 0 122.56151482607407 -121.38494693851453 143.1 121.17826160665334 122.75840604667701 206.74907 112.769035 -999.0 -999.0 -999.0 -999.0 -999.0 269.8518172842276 -29.132462135303548 269.95193778060343 -29.13634896737796 51.02931049220902 258.4864761083807 -999.0 6231.0 -999.0 -1 -999 {-999.0 -999.0 -999.0 -999.0 -999.0} "" -999.0 -999.0 -999.0 -999.0 -999 -999 "" "" "" "" 0 0 0.0 0.0 -999 ""
FIBERMAP 1088 R+6C21 APOGEE 1 0 0 1 1 0 228.45983068413136 134.2273778303342 143.1 -134.60105135567508 228.2303994773181 113.66167 73.075386 269.06504514466445 -28.86194723550454 -4.265839 -0.09680346 -0.0486427 268.96767783387855 -28.811853204095634 269.0667876094039 -28.818206183357297 50.20711536983325 258.73472220046744 16000.0 16600.0 2016.0 2 88 {-999.0 19.28552 17.334082 15.019356 -999.0} sdss_psfmag_gaia 17.301401 15.750199 13.882225 10.201 63050395309375092 1154575765 bright_1x1 mwm_galactic_core_dist_apogee_sparse mwm_galactic science 0 0 0.0 0.0 -999 ""
FIBERMAP 1088 R+6C21 BOSS 0 0 0 1 1 0 229.18893358608327 134.3116176740279 143.1 -134.68649480511334 228.95933954839109 113.66167 73.075386 -999.0 -999.0 -999.0 -999.0 -999.0 268.96721112911047 -28.80962470124167 269.06651263779867 -28.81601594010441 50.20643157221841 258.73799502074473 -999.0 5400.0 -999.0 1 262 {-999.0 -999.0 -999.0 -999.0 -999.0} "" -999.0 -999.0 -999.0 -999.0 -999 -999 "" "" "" "" 0 0 0.0 0.0 -999 ""
FIBERMAP 1088 R+6C21 METROLOGY 0 0 0 1 1 0 228.90807168908447 133.6318918172632 143.1 -134.00632612254552 228.67961130667854 113.66167 73.075386 -999.0 -999.0 -999.0 -999.0 -999.0 268.9695718107743 -28.810439512047925 269.0688189901146 -28.81681375518407 50.208572788297474 258.73742061628747 -999.0 6231.0 -999.0 -1 -999 {-999.0 -999.0 -999.0 -999.0 -999.0} "" -999.0 -999.0 -999.0 -999.0 -999 -999 "" "" "" "" 0 0 0.0 0.0 -999 ""
FIBERMAP 1089 R+7C13 APOGEE 1 1 0 1 0 0 57.79124228635423 121.52008706660487 143.1 -121.61179470602666 57.58832574873145 286.1375 107.24773 269.0072848440064 -29.327643445814658 -1.9098573 -5.904998 0.07122938 269.0072879169889 -29.327689393127727 269.1082046593571 -29.333825432224696 50.34530782235093 257.95536768594644 16000.0 16600.0 2016.0 2 91 {-999.0 18.391869 15.927791 14.790662 -999.0} sdss_psfmag_ps1 16.983862 15.323376 14.037862 10.727 63050395286713231 1153392503 bright_1x1 mwm_galactic_core_dist_apogee_sparse mwm_galactic science 0 0 0.0 0.0 -999 ""
FIBERMAP 1089 R+7C13 BOSS 0 0 0 1 0 0 57.204441001257976 121.08409303841232 143.1 -121.17484382851639 57.0022647013266 286.1375 107.24773 -999.0 -999.0 -999.0 -999.0 -999.0 269.00852392941863 -29.329411659375364 269.1096462958266 -29.335578380710636 50.34688063077222 257.9530547343498 -999.0 5400.0 -999.0 1 156 {-999.0 -999.0 -999.0 -999.0 -999.0} "" -999.0 -999.0 -999.0 -999.0 -999 -999 "" "" "" "" 0 0 0.0 0.0 -999 ""
FIBERMAP 1089 R+7C13 METROLOGY 0 0 0 1 0 0 57.11793596124126 121.82816379922153 143.1 -121.91874752913567 56.914531363805835 286.1375 107.24773 -999.0 -999.0 -999.0 -999.0 -999.0 269.00597848944 -29.329668136466562 269.1070458525128 -29.335832028289218 50.34470584448784 257.9519760927325 -999.0 6231.0 -999.0 -1 -999 {-999.0 -999.0 -999.0 -999.0 -999.0} "" -999.0 -999.0 -999.0 -999.0 -999 -999 "" "" "" "" 0 0 0.0 0.0 -999 ""
FIBERMAP 1090 R+2C22 APOGEE 0 0 0 1 0 0 216.8258044938716 22.75161223615644 143.1 -23.109623065026803 216.78118646924946 27.712986 20.395216 -999.0 -999.0 -999.0 -999.0 -999.0 269.35232556055166 -28.847443054241538 269.45145041614677 -28.852734243653586 50.54406621181629 258.789119363906 -999.0 16600.0 -999.0 2 -999 {-999.0 -999.0 -999.0 -999.0 -999.0} "" -999.0 -999.0 -999.0 -999.0 -999 -999 "" "" "" "" 0 0 0.0 0.0 -999 ""
FIBERMAP 1090 R+2C22 BOSS 1 1 0 1 0 0 216.3536783186534 22.168123111879094 143.1 -22.525371568476793 216.310040876414 27.712986 20.395216 269.35415620189724 -28.84882348064229 -1.0177367 -3.9260218 0.20438902 269.3541365312534 -28.848786439390043 269.45346277809347 -28.85410801011846 50.54606995524934 258.78756249863864 5400.0 5400.0 2016.0 1 232 {-999.0 15.111007 14.402148 14.06933 -999.0} sdss_psfmag_from_g3xp 14.900291 14.41148 13.664974 12.465 63050395309401206 1093142395 bright_3x1 mwm_astar_core_boss mwm_ob science 0 0 0.0 0.0 -999 ""
FIBERMAP 1090 R+2C22 METROLOGY 0 0 0 1 0 0 216.0917834959616 22.89552676434359 143.1 -23.252318510935545 216.04695097436135 27.712986 20.395216 -999.0 -999.0 -999.0 -999.0 -999.0 269.35167061657984 -28.84954911464815 269.45094437740516 -28.854867187119922 50.54406305960216 258.7856912655646 -999.0 6231.0 -999.0 -1 -999 {-999.0 -999.0 -999.0 -999.0 -999.0} "" -999.0 -999.0 -999.0 -999.0 -999 -999 "" "" "" "" 0 0 0.0 0.0 -999 ""
FIBERMAP 1097 R-1C6 APOGEE 0 0 0 1 0 0 -159.8494240229897 -31.37160690144819 143.1 31.635071851090537 -159.79237690083804 314.75403 105.75367 -999.0 -999.0 -999.0 -999.0 -999.0 269.5389565062961 -29.989046271043186 269.64208251405444 -29.993586162255415 50.92372694673223 257.06916520397374 -999.0 16600.0 -999.0 2 -999 {-999.0 -999.0 -999.0 -999.0 -999.0} "" -999.0 -999.0 -999.0 -999.0 -999 -999 "" "" "" "" 0 0 0.0 0.0 -999 ""
FIBERMAP 1097 R-1C6 BOSS 1 1 0 1 0 0 -160.34212189815614 -32.095859780688 143.1 32.36011661070482 -160.28386063534936 314.75403 105.75367 269.54132080078125 -29.99057832252258 -999.0 -999.0 -999.0 269.5413073877779 -29.990568301765148 269.64463588593935 -29.99513232848628 50.92617780903315 257.0673743819773 5400.0 5400.0 2015.5 1 461 {-999.0 -999.0 -999.0 -999.0 -999.0} "" -999.0 -999.0 -999.0 -999.0 27021603147180595 852480448 "" ops_sky_boss_fallback ops_sky sky_boss 0 0 0.0 0.0 -999 ""
FIBERMAP 1097 R-1C6 METROLOGY 0 0 0 1 0 0 -160.59708216586156 -31.39409063319966 143.1 31.658791875229134 -160.5399737926799 314.75403 105.75367 -999.0 -999.0 -999.0 -999.0 -999.0 269.5389095251938 -29.991367515679674 269.64218558404144 -29.995929191747393 50.924230927578655 257.06553242534267 -999.0 6231.0 -999.0 -1 -999 {-999.0 -999.0 -999.0 -999.0 -999.0} "" -999.0 -999.0 -999.0 -999.0 -999 -999 "" "" "" "" 0 0 0.0 0.0 -999 ""
FIBERMAP 1102 R+4C17 APOGEE 1 1 0 1 0 0 103.05766428856491 81.34282367073675 143.1 -81.51071798230647 102.91976568870017 127.0254 143.47012 269.14770089163954 -29.1908906932037 -5.8429723 0.2684101 -0.033317357 269.14770722929825 -29.190896027329664 269.24810004856715 -29.196675805445587 50.438267016184135 258.2036853914138 16000.0 16600.0 2016.0 2 66 {-999.0 19.744144 17.226484 15.362685 -999.0} sdss_psfmag_ps1 18.398949 15.793372 14.3800125 10.532 63050395286733953 1153392681 bright_1x1 mwm_galactic_core_dist_apogee_sparse mwm_galactic science 0 0 0.0 0.0 -999 ""
FIBERMAP 1102 R+4C17 BOSS 0 0 0 1 0 0 103.0353450745873 82.08941708438684 143.1 -82.25725045137554 102.89621193865933 127.0254 143.47012 -999.0 -999.0 -999.0 -999.0 -999.0 269.14486939420345 -29.190871275711114 269.2454618124214 -29.19669354452575 50.436012124358356 258.20294928898323 -999.0 5400.0 -999.0 1 218 {-999.0 -999.0 -999.0 -999.0 -999.0} "" -999.0 -999.0 -999.0 -999.0 -999 -999 "" "" "" "" 0 0 0.0 0.0 -999 ""
FIBERMAP 1102 R+4C17 METROLOGY 0 0 0 1 0 0 103.69200015536865 81.73151255932171 143.1 -81.9004438888928 103.55343805600306 127.0254 143.47012 -999.0 -999.0 -999.0 -999.0 -999.0 269.14617016294807 -29.18888340108308 269.24669881812304 -29.19469268998416 50.436678767513555 258.2063620822661 -999.0 6231.0 -999.0 -1 -999 {-999.0 -999.0 -999.0 -999.0 -999.0} "" -999.0 -999.0 -999.0 -999.0 -999 -999 "" "" "" "" 0 0 0.0 0.0 -999 ""
FIBERMAP 1110 R-12C9 APOGEE 0 0 0 1 0 0 33.07339464740275 -231.77495119700347 143.1 231.71277467711872 33.45580710572095 344.6601 136.5039 -999.0 -999.0 -999.0 -999.0 -999.0 270.2355753147679 -29.402736179796623 270.33639692756486 -29.405491139547596 51.409739625231055 258.1664225428168 -999.0 16600.0 -999.0 2 -999 {-999.0 -999.0 -999.0 -999.0 -999.0} "" -999.0 -999.0 -999.0 -999.0 -999 -999 "" "" "" "" 0 0 0.0 0.0 -999 ""
FIBERMAP 1110 R-12C9 BOSS 1 1 0 1 0 0 33.47532334723412 -232.39874516099576 143.1 232.33588357519213 33.858754955851914 344.6601 136.5039 270.23757934570307 -29.401470076256714 -999.0 -999.0 -999.0 270.23756420168604 -29.40147401029182 270.3385735708131 -29.404255668194693 51.41137232631203 258.1689352747655 5400.0 5400.0 2015.5 1 367 {-999.0 -999.0 -999.0 -999.0 -999.0} "" -999.0 -999.0 -999.0 -999.0 27021603147276302 852502487 "" ops_sky_boss_fallback ops_sky sky_boss 0 0 0.0 0.0 -999 ""
FIBERMAP 1110 R-12C9 METROLOGY 0 0 0 1 0 0 32.72121457505572 -232.43485074499372 143.1 232.37323568607698 33.10473017984496 344.6601 136.5039 -999.0 -999.0 -999.0 -999.0 -999.0 270.23780401956657 -29.40375967935636 270.3387667812172 -29.406531158689706 51.41196181482935 258.16540124924956 -999.0 6231.0 -999.0 -1 -999 {-999.0 -999.0 -999.0 -999.0 -999.0} "" -999.0 -999.0 -999.0 -999.0 -999 -999 "" "" "" "" 0 0 0.0 0.0 -999 ""
FIBERMAP 1117 R-12C14 APOGEE 1 1 0 1 0 0 135.56023392650746 -219.563859476887 143.1 219.3325092048326 135.91914600954271 87.56593 115.06601 270.19080816981176 -29.092930278778237 -2.0687597 -7.1129746 0.15303846 270.1908078240201 -29.092973940674646 270.2905469497595 -29.095916805362474 51.31171586424219 258.64104018735134 16000.0 16600.0 2016.0 2 233 {-999.0 19.300678 18.219612 13.6909 -999.0} sdss_psfmag_gaia 17.21587 14.264539 12.7587385 8.798 63050395308074293 1154570982 bright_1x1 mwm_galactic_core_dist_apogee_sparse mwm_galactic science 0 0 0.0 0.0 -999 ""
FIBERMAP 1117 R-12C14 BOSS 0 0 0 1 0 0 136.21747278579963 -219.2426482231072 143.1 219.01022086891086 136.5758322756975 87.56593 115.06601 -999.0 -999.0 -999.0 -999.0 -999.0 270.1894982459322 -29.090953294931087 270.28942334857743 -29.09393332479445 51.31036941424144 258.6438501479172 -999.0 5400.0 -999.0 1 342 {-999.0 -999.0 -999.0 -999.0 -999.0} "" -999.0 -999.0 -999.0 -999.0 -999 -999 "" "" "" "" 0 0 0.0 0.0 -999 ""
FIBERMAP 1117 R-12C14 METROLOGY 0 0 0 1 0 0 136.16484425302107 -219.99502324930495 143.1 219.76265876711736 136.5244502557544 87.56593 115.06601 -999.0 -999.0 -999.0 -999.0 -999.0 270.1921894762288 -29.091093784573854 270.2920596302061 -29.094057018297843 51.31265356333049 258.6443678907491 -999.0 6231.0 -999.0 -1 -999 {-999.0 -999.0 -999.0 -999.0 -999.0} "" -999.0 -999.0 -999.0 -999.0 -999 -999 "" "" "" "" 0 0 0.0 0.0 -999 ""
FIBERMAP 1119 R-13C14 APOGEE 0 0 0 1 0 0 134.50638029922754 -270.5623986800365 143.1 270.3311514704533 134.94970440768446 303.91193 34.757996 -999.0 -999.0 -999.0 -999.0 -999.0 270.3660417792306 -29.09587137082954 270.4657372071992 -29.098333982190514 51.46239341621898 258.684506936087 -999.0 16600.0 -999.0 2 -999 {-999.0 -999.0 -999.0 -999.0 -999.0} "" -999.0 -999.0 -999.0 -999.0 -999 -999 "" "" "" "" 0 0 0.0 0.0 -999 ""
FIBERMAP 1119 R-13C14 BOSS 1 1 0 1 0 0 133.80436424316719 -270.2870570919746 143.1 270.05698023968586 134.24725537633296 303.91193 34.757996 270.36486491194603 -29.097953314659232 -1.1527137 -1.2754874 -0.8929849 270.36487653897905 -29.097980429922305 270.46477147707725 -29.100478594520723 51.46197758880638 258.6808685508979 5400.0 5400.0 2016.0 1 343 {-999.0 16.239286 15.199093 14.779535 -999.0} sdss_psfmag_gaia 15.515417 15.215984 14.042997 12.399 63050395307725815 1093444115 bright_3x1 mwm_astar_core_boss mwm_ob science 0 0 0.0 0.0 -999 ""
FIBERMAP 1119 R-13C14 METROLOGY 0 0 0 1 0 0 134.38975906233173 -269.8235497753875 143.1 269.5925192858761 134.831864481753 303.91193 34.757996 -999.0 -999.0 -999.0 -999.0 -999.0 270.3633877285386 -29.096198739959533 270.4632225186349 -29.098692064447913 51.46030595430751 258.68326489113974 -999.0 6231.0 -999.0 -1 -999 {-999.0 -999.0 -999.0 -999.0 -999.0} "" -999.0 -999.0 -999.0 -999.0 -999 -999 "" "" "" "" 0 0 0.0 0.0 -999 ""
FIBERMAP 1120 R-8C16 APOGEE 0 0 0 1 0 0 145.2436928193547 -141.63011853809934 143.1 141.3852538175811 145.47335043209222 82.13235 81.486465 -999.0 -999.0 -999.0 -999.0 -999.0 269.9216169007446 -29.063930408810165 270.02133522751683 -29.067616445343607 51.075425186543754 258.61248577789047 -999.0 16600.0 -999.0 2 -999 {-999.0 -999.0 -999.0 -999.0 -999.0} "" -999.0 -999.0 -999.0 -999.0 -999 -999 "" "" "" "" 0 0 0.0 0.0 -999 ""
FIBERMAP 1120 R-8C16 BOSS 1 1 0 1 0 0 145.98965503353188 -141.82473930853914 143.1 141.5786341175994 146.21961065362638 82.13235 81.486465 269.92213642696385 -29.061583834138364 -0.19147108 -4.0873876 0.8582102 269.9221249734487 -29.061603148095436 270.0220291422001 -29.065322037985556 51.07557262244692 258.6162557151471 5400.0 5400.0 2016.0 1 293 {-999.0 14.2109 13.850092 13.730515 -999.0} sdss_psfmag_from_g3xp 14.144756 13.87359 13.375045 12.611 63050395308067854 979142840 "" ops_std_boss ops_std standard_boss 0 0 0.0 0.0 -999 ""
FIBERMAP 1120 R-8C16 METROLOGY 0 0 0 1 0 0 145.44260351939317 -142.35118216234224 143.1 142.1059651442859 145.67344774790666 82.13235 81.486465 -999.0 -999.0 -999.0 -999.0 -999.0 269.92403377879594 -29.063244912685814 270.0238881207074 -29.06694865659192 51.077483497534516 258.61422077211245 -999.0 6231.0 -999.0 -1 -999 {-999.0 -999.0 -999.0 -999.0 -999.0} "" -999.0 -999.0 -999.0 -999.0 -999 -999 "" "" "" "" 0 0 0.0 0.0 -999 ""
FIBERMAP 1122 R-6C16 APOGEE 0 0 0 1 0 0 127.12425202503022 -103.80360587333146 143.1 103.58993696960188 127.29190778030785 88.99018 58.754185 -999.0 -999.0 -999.0 -999.0 -999.0 269.7908932225311 -29.118749515984028 269.8908439763611 -29.122782017836542 50.97432512858031 258.49115774576507 -999.0 16600.0 -999.0 2 -999 {-999.0 -999.0 -999.0 -999.0 -999.0} "" -999.0 -999.0 -999.0 -999.0 -999 -999 "" "" "" "" 0 0 0.0 0.0 -999 ""
FIBERMAP 1122 R-6C16 BOSS 1 1 0 1 0 0 127.75574005927007 -104.21533277744733 143.1 104.00060581912838 127.92405671092776 88.99018 58.754185 269.79217827567214 -29.116726771903625 -1.5054065 -4.3374934 0.038910557 269.7921657465608 -29.116753409466504 269.8923040970548 -29.120816627677648 50.97519408854987 258.4946134548843 5400.0 5400.0 2016.0 1 291 {-999.0 17.304203 15.97157 15.364454 -999.0} sdss_psfmag_gaia 16.418877 15.906512 14.610765 12.546 63050395307968132 1093413895 bright_3x1 mwm_astar_core_boss mwm_ob science 0 0 0.0 0.0 -999 ""
FIBERMAP 1122 R-6C16 METROLOGY 0 0 0 1 0 0 127.09573117622158 -104.55105806443089 143.1 104.33741230441628 127.26462452388914 88.99018 58.754185 -999.0 -999.0 -999.0 -999.0 -999.0 269.7934069978117 -29.1187452588545 269.8934967377542 -29.122795077201644 50.97660082764828 258.49185308410637 -999.0 6231.0 -999.0 -1 -999 {-999.0 -999.0 -999.0 -999.0 -999.0} "" -999.0 -999.0 -999.0 -999.0 -999 -999 "" "" "" "" 0 0 0.0 0.0 -999 ""
FIBERMAP 1123 R-1C3 APOGEE 1 0 0 1 1 0 -255.9951922453484 -12.191703143613248 143.1 12.6148602233702 -255.96678577519 232.62479 24.6057 269.5505260167717 -30.234750023154678 -999.0 -999.0 -999.0 269.471337196923 -30.27875006410862 269.57552865340375 -30.283414625727907 50.91771582065407 256.6005264286963 16000.0 16600.0 2016.0 2 248 {-999.0 -999.0 -999.0 -999.0 -999.0} "" -999.0 17.630371 -999.0 10.936 63050395284591460 1151486932 bright_1x1 mwm_galactic_core_dist_apogee_sparse mwm_galactic science 0 0 0.0 0.0 -999 ""
FIBERMAP 1123 R-1C3 BOSS 0 0 0 1 1 0 -255.84753701837224 -11.425768263931431 143.1 11.848705684277796 -255.82040255299486 232.62479 24.6057 -999.0 -999.0 -999.0 -999.0 -999.0 269.46845653985713 -30.278285385031758 269.5728457069649 -30.28298787406872 50.91536010736867 256.60056129350284 -999.0 5400.0 -999.0 1 511 {-999.0 -999.0 -999.0 -999.0 -999.0} "" -999.0 -999.0 -999.0 -999.0 -999 -999 "" "" "" "" 0 0 0.0 0.0 -999 ""
FIBERMAP 1123 R-1C3 METROLOGY 0 0 0 1 1 0 -255.28644717526535 -11.939192189695635 143.1 12.361184759229769 -255.25848128908675 232.62479 24.6057 -999.0 -999.0 -999.0 -999.0 -999.0 269.47031690976274 -30.276657260658645 269.57464336151287 -30.281346509792996 50.91660704923535 256.60354942552874 -999.0 6231.0 -999.0 -1 -999 {-999.0 -999.0 -999.0 -999.0 -999.0} "" -999.0 -999.0 -999.0 -999.0 -999 -999 "" "" "" "" 0 0 0.0 0.0 -999 ""
FIBERMAP 1124 R-4C19 APOGEE 1 1 0 1 0 0 161.8158764929581 -56.58617640611125 143.1 56.31662842771491 161.9042940606199 145.49481 29.50474 269.6269278290408 -29.013753112956472 -2.5405874 -5.6753397 0.11050257 269.6269289086099 -29.013755495789052 269.7265581258535 -29.018259261677212 50.81303957271649 258.60905254789793 16000.0 16600.0 2016.0 2 215 {-999.0 18.159592 16.389616 13.349951 -999.0} sdss_psfmag_gaia 16.438349 14.046059 12.61893 8.878 63050395308009571 1154570776 bright_1x1 mwm_galactic_core_dist_apogee_sparse mwm_galactic science 0 0 0.0 0.0 -999 ""
FIBERMAP 1124 R-4C19 BOSS 0 0 0 1 0 0 162.55178201985396 -56.63772062328957 143.1 56.36695341606169 162.64026119530558 145.49481 29.50474 -999.0 -999.0 -999.0 -999.0 -999.0 269.6269325456922 -29.01143583746618 269.72674942865876 -29.015974573558328 50.81275253211539 258.612649497589 -999.0 5400.0 -999.0 1 307 {-999.0 -999.0 -999.0 -999.0 -999.0} "" -999.0 -999.0 -999.0 -999.0 -999 -999 "" "" "" "" 0 0 0.0 0.0 -999 ""
FIBERMAP 1124 R-4C19 METROLOGY 0 0 0 1 0 0 162.1442709827374 -57.25455606724488 143.1 56.98444325251473 162.2337838341494 145.49481 29.50474 -999.0 -999.0 -999.0 -999.0 -999.0 269.6291362541385 -29.012658877396152 269.72890128882 -29.017181537923875 50.81483553622013 258.61136483191217 -999.0 6231.0 -999.0 -1 -999 {-999.0 -999.0 -999.0 -999.0 -999.0} "" -999.0 -999.0 -999.0 -999.0 -999 -999 "" "" "" "" 0 0 0.0 0.0 -999 ""
FIBERMAP 1128 R+2C19 APOGEE 1 1 0 1 0 0 116.09499505443327 42.477251266674145 143.1 -42.66796636550377 116.0209809427676 208.17995 69.564415 269.2828568487798 -29.1516755711957 -2.9378839 -5.9234834 -0.06798159 269.2829000783522 -29.151693829588982 269.3831157430326 -29.157111271005064 50.54610467010915 258.3010046515919 16000.0 16600.0 2016.0 2 72 {-999.0 19.409584 17.580961 14.725489 -999.0} sdss_psfmag_gaia 17.706423 15.4327 13.98124 10.227 63050395309216075 1154574902 bright_1x1 mwm_galactic_core_dist_apogee_sparse mwm_galactic science 0 0 0.0 0.0 -999 ""
FIBERMAP 1128 R+2C19 BOSS 0 0 0 1 0 0 115.9810393116305 43.209662197957186 143.1 -43.40016519393099 115.90581707694189 208.17995 69.564415 -999.0 -999.0 -999.0 -999.0 -999.0 269.28013140010887 -29.151940101335345 269.3805467661959 -29.157399679754903 50.54396139183156 258.29986704318065 -999.0 5400.0 -999.0 1 229 {-999.0 -999.0 -999.0 -999.0 -999.0} "" -999.0 -999.0 -999.0 -999.0 -999 -999 "" "" "" "" 0 0 0.0 0.0 -999 ""
FIBERMAP 1128 R+2C19 METROLOGY 0 0 0 1 0 0 116.67073284151938 42.94194593502135 143.1 -43.13359865512131 116.59593136226627 208.17995 69.564415 -999.0 -999.0 -999.0 -999.0 -999.0 269.28112063384935 -29.149850146331843 269.3814722081801 -29.155297651811868 50.544341450082584 258.30336003411105 -999.0 6231.0 -999.0 -1 -999 {-999.0 -999.0 -999.0 -999.0 -999.0} "" -999.0 -999.0 -999.0 -999.0 -999 -999 "" "" "" "" 0 0 0.0 0.0 -999 ""
FIBERMAP 1133 R0C15 APOGEE 1 1 0 1 0 0 31.243669348155336 -19.663089038897567 143.1 19.610763212885004 31.275197260232208 3.1052256 29.947763 269.4986363316564 -29.409371511855916 -7.3092813 -5.60171 0.087307 269.498632641369 -29.409426981121406 269.5996985600089 -29.414199021950232 50.78107658186194 257.9605691258998 16000.0 16600.0 2016.0 2 110 {-999.0 16.441628 14.152149 12.877665 -999.0} sdss_psfmag_from_g3xp 15.25946 13.569987 12.33472 9.067 63050395307880129 1152069813 bright_1x1 mwm_galactic_core_dist_apogee_sparse mwm_galactic science 0 0 0.0 0.0 -999 ""
FIBERMAP 1133 R0C15 BOSS 0 0 0 1 0 0 30.610114748741413 -20.06099500976027 143.1 20.009704612624084 30.64232138503752 3.1052256 29.947763 -999.0 -999.0 -999.0 -999.0 -999.0 269.49983593110284 -29.41129855388995 269.6011052588018 -29.416100097003838 50.782640530385436 257.9579849584349 -999.0 5400.0 -999.0 1 188 {-999.0 -999.0 -999.0 -999.0 -999.0} "" -999.0 -999.0 -999.0 -999.0 -999 -999 "" "" "" "" 0 0 0.0 0.0 -999 ""
FIBERMAP 1133 R0C15 METROLOGY 0 0 0 1 0 0 30.59583714711788 -19.292413057332894 143.1 19.241171007109976 30.62677260817573 3.1052256 29.947763 -999.0 -999.0 -999.0 -999.0 -999.0 269.4972134025439 -29.41134665717593 269.5984278170143 -29.41614597364436 50.78035938246228 257.95721357743156 -999.0 6231.0 -999.0 -1 -999 {-999.0 -999.0 -999.0 -999.0 -999.0} "" -999.0 -999.0 -999.0 -999.0 -999 -999 "" "" "" "" 0 0 0.0 0.0 -999 ""
FIBERMAP 1134 R-4C17 APOGEE 1 1 0 1 0 0 123.21911974951618 -70.16964799740771 143.1 69.9635221775378 123.33125305811608 35.797237 114.8101 269.6742412311673 -29.130534728697963 -2.7594855 -5.7392154 0.1113733 269.674245524256 -29.13055191607558 269.7742725223408 -29.134901458375666 50.87680236029106 258.4408587489036 16000.0 16600.0 2016.0 2 210 {-999.0 16.275482 14.335034 12.940641 -999.0} sdss_psfmag_from_g3xp 15.316544 13.668238 12.392547 9.352 63050395307971596 1152070003 bright_1x1 mwm_galactic_core_dist_apogee_sparse mwm_galactic science 0 0 0.0 0.0 -999 ""
FIBERMAP 1134 R-4C17 BOSS 0 0 0 1 0 0 123.86457481560862 -70.53339047340125 143.1 70.32618503380229 123.97728918007051 35.797237 114.8101 -999.0 -999.0 -999.0 -999.0 -999.0 269.6753458337465 -29.128506421700052 269.7755609967064 -29.13288733253224 50.87751394762534 258.44433707034415 -999.0 5400.0 -999.0 1 297 {-999.0 -999.0 -999.0 -999.0 -999.0} "" -999.0 -999.0 -999.0 -999.0 -999 -999 "" "" "" "" 0 0 0.0 0.0 -999 ""
FIBERMAP 1134 R-4C17 METROLOGY 0 0 0 1 0 0 123.22504828721824 -70.91403021665877 143.1 70.70787064204777 123.33841300068286 35.797237 114.8101 -999.0 -999.0 -999.0 -999.0 -999.0 269.6767355044919 -29.130439663472497 269.7769016145672 -29.134806731452105 50.87903638574722 258.44171483729014 -999.0 6231.0 -999.0 -1 -999 {-999.0 -999.0 -999.0 -999.0 -999.0} "" -999.0 -999.0 -999.0 -999.0 -999 -999 "" "" "" "" 0 0 0.0 0.0 -999 ""
FIBERMAP 1138 R+7C7 APOGEE 1 1 0 1 0 0 -73.9081782122708 125.2549987585209 143.1 -125.12868687057717 -74.11303763022356 280.40552 130.07509 268.99200439453125 -29.727132489597906 -999.0 -999.0 -999.0 268.9919807378243 -29.727133947804763 269.0943239863858 -29.73322825670519 50.409293587450165 257.33687582485754 16000.0 16600.0 2015.5 2 44 {-999.0 -999.0 -999.0 -999.0 -999.0} "" -999.0 -999.0 -999.0 -999.0 27021603147181267 848859537 "" ops_sky_apogee_good ops_sky sky_apogee 0 0 0.0 0.0 -999 ""
FIBERMAP 1138 R+7C7 BOSS 0 0 0 1 0 0 -74.39328763161501 124.69943846725783 143.1 -124.572341827563 -74.59721225835459 280.40552 130.07509 -999.0 -999.0 -999.0 -999.0 -999.0 268.9936452131526 -29.728615065009368 269.09619380921123 -29.734737428031572 50.411169410810984 257.3350224410979 -999.0 5400.0 -999.0 1 78 {-999.0 -999.0 -999.0 -999.0 -999.0} "" -999.0 -999.0 -999.0 -999.0 -999 -999 "" "" "" "" 0 0 0.0 0.0 -999 ""
FIBERMAP 1138 R+7C7 METROLOGY 0 0 0 1 0 0 -74.64049368299627 125.38563417624928 143.1 -125.25810645502924 -74.84554568223253 280.40552 130.07509 -999.0 -999.0 -999.0 -999.0 -999.0 268.99128937491696 -29.729368941787413 269.0937845149387 -29.73548827692866 50.40925331552991 257.33325475369566 -999.0 6231.0 -999.0 -1 -999 {-999.0 -999.0 -999.0 -999.0 -999.0} "" -999.0 -999.0 -999.0 -999.0 -999 -999 "" "" "" "" 0 0 0.0 0.0 -999 ""
FIBERMAP 1139 R-5C16 APOGEE 1 1 0 1 0 0 106.57326165565817 -116.8418843889406 143.1 116.66179809305056 106.76315060883647 342.1458 48.69643 269.8363400416495 -29.180934738033038 -4.5472116 -7.864359 0.05328473 269.8363438590022 -29.18095688432719 269.93650073146216 -29.184851791396984 51.025466180057826 258.40666942527923 16000.0 16600.0 2016.0 2 206 {-999.0 17.138313 15.293734 14.498082 -999.0} sdss_psfmag_ps1 16.048561 14.964835 13.779008 10.992 63050395307870682 1153483951 bright_1x1 mwm_galactic_core_dist_apogee_sparse mwm_galactic science 0 0 0.0 0.0 -999 ""
FIBERMAP 1139 R-5C16 BOSS 0 0 0 1 0 0 105.94394394715859 -117.24508612861615 143.1 117.06602808122165 106.13452025021819 342.1458 48.69643 -999.0 -999.0 -999.0 -999.0 -999.0 269.8376109686553 -29.182783931536736 269.9379687652468 -29.186708427323502 51.02708196614761 258.40416613941454 -999.0 5400.0 -999.0 1 290 {-999.0 -999.0 -999.0 -999.0 -999.0} "" -999.0 -999.0 -999.0 -999.0 -999 -999 "" "" "" "" 0 0 0.0 0.0 -999 ""
FIBERMAP 1139 R-5C16 METROLOGY 0 0 0 1 0 0 105.94479437743657 -116.45636409952363 143.1 116.2773300172861 106.13406569643986 342.1458 48.69643 -999.0 -999.0 -999.0 -999.0 -999.0 269.83494612144904 -29.182779563498613 269.9352494919627 -29.18670188482803 51.02475127904737 258.40344818151533 -999.0 6231.0 -999.0 -1 -999 {-999.0 -999.0 -999.0 -999.0 -999.0} "" -999.0 -999.0 -999.0 -999.0 -999 -999 "" "" "" "" 0 0 0.0 0.0 -999 ""
FIBERMAP 1141 R+13C2 APOGEE 1 1 0 1 0 0 -111.89937770862193 249.52255143010865 143.1 -249.32938479367584 -112.30861819955773 333.81238 129.32106 268.5594177246093 -29.83860888304821 -999.0 -999.0 -999.0 268.5594533146087 -29.838621496299275 268.66231529206004 -29.845878922572815 50.061838675745285 257.0548933842802 16000.0 16600.0 2015.5 2 60 {-999.0 -999.0 -999.0 -999.0 -999.0} "" -999.0 -999.0 -999.0 -999.0 27021603147183885 848860099 "" ops_sky_apogee_good ops_sky sky_apogee 0 0 0.0 0.0 -999 ""
FIBERMAP 1141 R+13C2 BOSS 0 0 0 1 0 0 -111.88975288991259 248.78111561665102 143.1 -248.58798875574948 -112.29776696977699 333.81238 129.32106 -999.0 -999.0 -999.0 -999.0 -999.0 268.5618265391781 -29.838581953758403 268.66489095559643 -29.845866211455384 50.06403145074916 257.05555952131925 -999.0 5400.0 -999.0 1 100 {-999.0 -999.0 -999.0 -999.0 -999.0} "" -999.0 -999.0 -999.0 -999.0 -999 -999 "" "" "" "" 0 0 0.0 0.0 -999 ""
FIBERMAP 1141 R+13C2 METROLOGY 0 0 0 1 0 0 -112.5504708104573 249.1395010293251 143.1 -248.9452694683203 -112.95905659182593 333.81238 129.32106 -999.0 -999.0 -999.0 -999.0 -999.0 268.56057582233984 -29.84059413460917 268.66359020742186 -29.847871953232776 50.06329554346302 257.05216286197276 -999.0 6231.0 -999.0 -1 -999 {-999.0 -999.0 -999.0 -999.0 -999.0} "" -999.0 -999.0 -999.0 -999.0 -999 -999 "" "" "" "" 0 0 0.0 0.0 -999 ""
FIBERMAP 1146 R-1C11 APOGEE 1 1 0 1 0 0 -39.947791009641016 -7.217690276691629 143.1 7.2835525282971005 -39.934564122746615 89.70911 52.911514 269.4549482837693 -29.625565345548768 -4.4859276 -4.7234135 -0.01801226 269.45493642949737 -29.62557911871339 269.5567845687118 -29.630425517380242 50.78498994713374 257.6135710219444 16000.0 16600.0 2016.0 2 247 {-999.0 18.57827 16.760523 13.869018 -999.0} sdss_psfmag_gaia 16.934177 14.57416 13.190209 9.623 63050395285229681 1154460817 bright_1x1 mwm_galactic_core_dist_apogee_sparse mwm_galactic science 0 0 0.0 0.0 -999 ""
FIBERMAP 1146 R-1C11 BOSS 0 0 0 1 0 0 -39.35253960575837 -7.645727544827285 143.1 7.710591171403873 -39.338623670966136 89.70911 52.911514 -999.0 -999.0 -999.0 -999.0 -999.0 269.4562425236966 -29.623765578898983 269.55828147645906 -29.62864123836774 50.78593731210759 257.61672621292263 -999.0 5400.0 -999.0 1 508 {-999.0 -999.0 -999.0 -999.0 -999.0} "" -999.0 -999.0 -999.0 -999.0 -999 -999 "" "" "" "" 0 0 0.0 0.0 -999 ""
FIBERMAP 1146 R-1C11 METROLOGY 0 0 0 1 0 0 -40.014977072111705 -7.958836617298532 143.1 8.02478618785574 -40.00052178217369 89.70911 52.911514 -999.0 -999.0 -999.0 -999.0 -999.0 269.4573905761107 -29.625791134522494 269.5593804043864 -29.63065401658674 50.787249535982674 257.6138782646879 -999.0 6231.0 -999.0 -1 -999 {-999.0 -999.0 -999.0 -999.0 -999.0} "" -999.0 -999.0 -999.0 -999.0 -999 -999 "" "" "" "" 0 0 0.0 0.0 -999 ""
FIBERMAP 1147 R+8C8 APOGEE 0 0 0 1 0 0 -28.75560109064195 140.54081095102455 143.1 -140.48871319807145 -28.98720369943654 31.060383 22.501778 -999.0 -999.0 -999.0 -999.0 -999.0 268.9394602298429 -29.589925413762703 269.04132826034606 -29.596192480187298 50.33837967635173 257.534404037182 -999.0 16600.0 -999.0 2 -999 {-999.0 -999.0 -999.0 -999.0 -999.0} "" -999.0 -999.0 -999.0 -999.0 -999 -999 "" "" "" "" 0 0 0.0 0.0 -999 ""
FIBERMAP 1147 R+8C8 BOSS 1 1 0 1 0 0 -29.190726040220454 139.92518162280024 143.1 -139.87238375076828 -29.421296080292382 31.060383 22.501778 268.9413689445894 -29.59121424629442 -3.1067946 -3.3414595 0.08767485 268.9413205808977 -29.591235613598922 269.0433933906073 -29.5975308590829 50.34039584736528 257.5328762828783 5400.0 5400.0 2016.0 1 137 {-999.0 17.033604 15.252471 14.149557 -999.0} sdss_psfmag_gaia 16.129921 14.830835 13.673809 10.904 63050395286604578 1093413843 bright_3x1 mwm_astar_core_boss mwm_ob science 0 0 0.0 0.0 -999 ""
FIBERMAP 1147 R+8C8 METROLOGY 0 0 0 1 0 0 -29.49980621335485 140.61602366354032 143.1 -140.5626921885188 -29.73150932296031 31.060383 22.501778 -999.0 -999.0 -999.0 -999.0 -999.0 268.9389491563147 -29.59217304502459 269.0409691271509 -29.598465088929526 50.338502322678046 257.53081504159013 -999.0 6231.0 -999.0 -1 -999 {-999.0 -999.0 -999.0 -999.0 -999.0} "" -999.0 -999.0 -999.0 -999.0 -999 -999 "" "" "" "" 0 0 0.0 0.0 -999 ""
FIBERMAP 1154 R+2C15 APOGEE 1 1 0 1 0 0 56.3702133047572 42.65927939815035 143.1 -42.751172770664304 56.297819296121276 11.5378 124.008995 269.28162788609154 -29.332794862758302 -5.0823703 -4.013077 0.06934475 269.28161556591533 -29.332811496068306 269.3824724360988 -29.338194404364156 50.580743474079085 258.02119723657773 16000.0 16600.0 2016.0 2 120 {-999.0 17.225775 14.937095 13.111929 -999.0} sdss_psfmag_from_g3xp 16.074488 13.827343 12.455771 8.906 63050395285383064 1152062389 bright_1x1 mwm_galactic_core_dist_apogee_sparse mwm_galactic science 0 0 0.0 0.0 -999 ""
FIBERMAP 1154 R+2C15 BOSS 0 0 0 1 0 0 56.93306847461421 42.16459419200965 143.1 -42.25743473330357 56.86147482639693 11.5378 124.008995 -999.0 -999.0 -999.0 -999.0 -999.0 269.2831166676029 -29.33103790018461 269.38416508199316 -29.336450973157962 50.581855844957204 258.02433883711836 -999.0 5400.0 -999.0 1 206 {-999.0 -999.0 -999.0 -999.0 -999.0} "" -999.0 -999.0 -999.0 -999.0 -999 -999 "" "" "" "" 0 0 0.0 0.0 -999 ""
FIBERMAP 1154 R+2C15 METROLOGY 0 0 0 1 0 0 56.22474403124333 41.93242102017557 143.1 -42.02409709294088 56.15355730419914 11.5378 124.008995 -999.0 -999.0 -999.0 -999.0 -999.0 269.28396990707245 -29.333194596632246 269.3849695351326 -29.33859526206794 50.582956750741864 258.0212375662768 -999.0 6231.0 -999.0 -1 -999 {-999.0 -999.0 -999.0 -999.0 -999.0} "" -999.0 -999.0 -999.0 -999.0 -999 -999 "" "" "" "" 0 0 0.0 0.0 -999 ""
FIBERMAP 1157 R+10C1 APOGEE 1 1 0 1 0 0 -187.97045752704818 188.5685577036848 143.1 -188.25149072720578 -188.27640127851632 185.50215 139.9114 268.7698800079999 -30.07025458427119 -4.3075533 -3.0153058 0.08381602 268.7698948897055 -30.070247367499114 268.87353178019185 -30.076879080307855 50.28399886696488 256.7525743383977 16000.0 16600.0 2016.0 2 46 {-999.0 17.978878 16.091381 14.754372 -999.0} sdss_psfmag_gaia 16.623528 15.46493 13.934045 10.735 63050395284985257 1154460053 bright_1x1 mwm_galactic_core_dist_apogee_sparse mwm_galactic science 0 0 0.0 0.0 -999 ""
FIBERMAP 1157 R+10C1 BOSS 0 0 0 1 0 0 -188.5732887021767 188.98908687252117 143.1 -188.67100897165327 -188.87990883540726 185.50215 139.9114 -999.0 -999.0 -999.0 -999.0 -999.0 268.7682246353042 -30.072014260402483 268.87207070480576 -30.07868222910959 50.2830797898246 256.74944236449437 -999.0 5400.0 -999.0 1 81 {-999.0 -999.0 -999.0 -999.0 -999.0} "" -999.0 -999.0 -999.0 -999.0 -999 -999 "" "" "" "" 0 0 0.0 0.0 -999 ""
FIBERMAP 1157 R+10C1 METROLOGY 0 0 0 1 0 0 -187.92770125199368 189.3159404006702 143.1 -188.998920122945 -188.23488293880837 185.50215 139.9114 -999.0 -999.0 -999.0 -999.0 -999.0 268.76710943667206 -30.070103291678773 268.8708915853277 -30.076765644912925 50.281731074771706 256.7521052250761 -999.0 6231.0 -999.0 -1 -999 {-999.0 -999.0 -999.0 -999.0 -999.0} "" -999.0 -999.0 -999.0 -999.0 -999 -999 "" "" "" "" 0 0 0.0 0.0 -999 ""
FIBERMAP 1160 R-9C13 APOGEE 1 1 0 1 0 0 69.52352646839667 -181.94843186404725 143.1 181.82755071437077 69.82232737764664 204.41476 129.78514 270.062542375414 -29.29286756846201 -4.7170944 -3.241326 -0.10167226 270.0625403989064 -29.29288924330837 270.1630252156435 -29.296141111935086 51.24076191380538 258.2928356332115 16000.0 16600.0 2016.0 2 185 {-999.0 18.214888 16.264067 14.687458 -999.0} sdss_psfmag_gaia 16.86016 15.414862 13.9616785 10.647 63050395307663264 1154569866 bright_1x1 mwm_galactic_core_dist_apogee_sparse mwm_galactic science 0 0 0.0 0.0 -999 ""
FIBERMAP 1160 R-9C13 BOSS 0 0 0 1 0 0 68.88949369555658 -181.51639443032678 143.1 181.39657619892625 69.18760018610173 204.41476 129.78514 -999.0 -999.0 -999.0 -999.0 -999.0 270.0609250806492 -29.29475873518519 270.1616107239724 -29.298047238824743 51.239911964401585 258.28947271116635 -999.0 5400.0 -999.0 1 379 {-999.0 -999.0 -999.0 -999.0 -999.0} "" -999.0 -999.0 -999.0 -999.0 -999 -999 "" "" "" "" 0 0 0.0 0.0 -999 ""
FIBERMAP 1160 R-9C13 METROLOGY 0 0 0 1 0 0 69.58981581986858 -181.20991089736955 143.1 181.08894382791297 69.88739269865579 204.41476 129.78514 -999.0 -999.0 -999.0 -999.0 -999.0 270.05993420361125 -29.29263957138993 270.1605577457451 -29.295922001831947 51.23860750497463 258.2925277466408 -999.0 6231.0 -999.0 -1 -999 {-999.0 -999.0 -999.0 -999.0 -999.0} "" -999.0 -999.0 -999.0 -999.0 -999 -999 "" "" "" "" 0 0 0.0 0.0 -999 ""
FIBERMAP 1161 R-13C7 APOGEE 1 1 0 1 0 0 -17.724037919855093 -235.12028441180743 143.1 235.14204566591513 -17.33445644891917 148.54869 74.05395 270.24813955823237 -29.55646333699622 -1.5075241 -3.2753253 0.17748114 270.24814934690295 -29.556448964845938 270.3495138526882 -29.559137102935743 51.4493458968674 257.92761323050377 16000.0 16600.0 2016.0 2 264 {-999.0 18.536732 16.648272 14.013789 -999.0} sdss_psfmag_gaia 16.94316 14.732471 13.337264 9.677 63050395307364204 1154568059 bright_1x1 mwm_galactic_core_dist_apogee_sparse mwm_galactic science 0 0 0.0 0.0 -999 ""
FIBERMAP 1161 R-13C7 BOSS 0 0 0 1 0 0 -17.141098774367304 -234.6260656916308 143.1 234.64687835942584 -16.7523537508241 148.54869 74.05395 -999.0 -999.0 -999.0 -999.0 -999.0 270.2462736746888 -29.554663741558834 270.34782540761273 -29.55738866575099 51.447581879325014 257.9299397849793 -999.0 5400.0 -999.0 1 358 {-999.0 -999.0 -999.0 -999.0 -999.0} "" -999.0 -999.0 -999.0 -999.0 -999 -999 "" "" "" "" 0 0 0.0 0.0 -999 ""
FIBERMAP 1161 R-13C7 METROLOGY 0 0 0 1 0 0 -17.006616966679097 -235.35164227522233 143.1 235.37220909922067 -16.616675787978842 148.54869 74.05395 -999.0 -999.0 -999.0 -999.0 -999.0 270.2488785984146 -29.554255085316132 270.3503733663508 -29.55696409886071 51.44968302776583 257.93126077477723 -999.0 6231.0 -999.0 -1 -999 {-999.0 -999.0 -999.0 -999.0 -999.0} "" -999.0 -999.0 -999.0 -999.0 -999 -999 "" "" "" "" 0 0 0.0 0.0 -999 ""
FIBERMAP 1164 R+8C9 APOGEE 0 0 0 1 0 0 -23.081483104656176 165.69583216667385 143.1 -165.65231315187611 -23.35488773894697 70.2972 137.74365 -999.0 -999.0 -999.0 -999.0 -999.0 268.85208189642225 -29.572220093862754 268.9539112019143 -29.57873050003457 50.260430391522966 257.538715961202 -999.0 16600.0 -999.0 2 -999 {-999.0 -999.0 -999.0 -999.0 -999.0} "" -999.0 -999.0 -999.0 -999.0 -999 -999 "" "" "" "" 0 0 0.0 0.0 -999 ""
FIBERMAP 1164 R+8C9 BOSS 1 1 0 1 0 0 -22.439981356740756 166.05698239585507 143.1 -166.01451314103986 -22.714004157775722 70.2972 137.74365 268.8505554199219 -29.570200982081843 -999.0 -999.0 -999.0 268.85056511598907 -29.570241569310628 268.95258892537976 -29.576790358661853 50.25893318897455 257.5413542774497 5400.0 5400.0 2015.5 1 128 {-999.0 -999.0 -999.0 -999.0 -999.0} "" -999.0 -999.0 -999.0 -999.0 27021603147184062 852481318 "" ops_sky_boss_fallback ops_sky sky_boss 0 0 0.0 0.0 -999 ""
FIBERMAP 1164 R+8C9 METROLOGY 0 0 0 1 0 0 -22.442935778020143 165.3062740472076 143.1 -165.26382405360027 -22.715716421726363 70.2972 137.74365 -999.0 -999.0 -999.0 -999.0 -999.0 268.853207543781 -29.570278607516418 268.955173739866 -29.576810557179524 50.261144177336526 257.5419905088406 -999.0 6231.0 -999.0 -1 -999 {-999.0 -999.0 -999.0 -999.0 -999.0} "" -999.0 -999.0 -999.0 -999.0 -999 -999 "" "" "" "" 0 0 0.0 0.0 -999 ""
FIBERMAP 1165 R+13C8 APOGEE 1 1 0 1 0 0 -0.5352148616839649 270.9547840374708 143.1 -270.94518223359603 -0.9834978662607611 198.8692 17.275873 268.48832098057613 -29.5012666612905 2.9370356 -6.836591 -0.044499293 268.4883753807627 -29.501313143849877 268.59005205104353 -29.50883607203008 49.93635571812588 257.5512412563248 16000.0 16600.0 2016.0 2 99 {-999.0 18.922108 16.387989 15.21794 -999.0} sdss_psfmag_ps1 17.39231 15.520305 14.148756 10.612 63050395286576719 1153391935 bright_1x1 mwm_galactic_core_dist_apogee_sparse mwm_galactic science 0 0 0.0 0.0 -999 ""
FIBERMAP 1165 R+13C8 BOSS 0 0 0 1 0 0 0.027227057165841728 271.41778546273446 143.1 -271.4090993363141 -0.4218400857815276 198.8692 17.275873 -999.0 -999.0 -999.0 -999.0 -999.0 268.4866053263232 -29.499563905842848 268.58847943734804 -29.50712683840094 49.934682973600125 257.55343653567087 -999.0 5400.0 -999.0 1 173 {-999.0 -999.0 -999.0 -999.0 -999.0} "" -999.0 -999.0 -999.0 -999.0 -999 -999 "" "" "" "" 0 0 0.0 0.0 -999 ""
FIBERMAP 1165 R+13C8 METROLOGY 0 0 0 1 0 0 0.15415057547512845 270.6872042295272 143.1 -270.6787516025529 -0.2937118888794162 198.8692 17.275873 -999.0 -999.0 -999.0 -999.0 -999.0 268.48912291482213 -29.499210620358646 268.5909374956166 -29.506756860091723 49.936710588205116 257.55464199306067 -999.0 6231.0 -999.0 -1 -999 {-999.0 -999.0 -999.0 -999.0 -999.0} "" -999.0 -999.0 -999.0 -999.0 -999 -999 "" "" "" "" 0 0 0.0 0.0 -999 ""
FIBERMAP 1166 R0C7 APOGEE 1 1 0 1 0 0 -154.81071855845025 -21.580242070394927 143.1 21.835685355065067 -154.77003353822076 343.59042 31.781713 269.5047446309995 -29.973829624840462 -4.7057962 -10.076339 0.24874309 269.50469618813116 -29.973804841157808 269.6077773704926 -29.978441827562 50.89179363559288 257.0844171871504 16000.0 16600.0 2016.0 2 277 {-999.0 21.611723 18.51643 15.405523 -999.0} sdss_psfmag_ps1 19.11897 15.3311205 13.6826315 8.705 63050395284728071 1153385895 bright_1x1 mwm_galactic_core_dist_apogee_sparse mwm_galactic science 0 0 0.0 0.0 -999 ""
FIBERMAP 1166 R0C7 BOSS 0 0 0 1 0 0 -155.53223906465263 -21.681266842323037 143.1 21.937900647558806 -155.4913636864541 343.59042 31.781713 -999.0 -999.0 -999.0 -999.0 -999.0 269.50485948650555 -29.97602055766524 269.60814648230513 -29.980687653091287 50.89250823858626 257.08100400446 -999.0 5400.0 -999.0 1 450 {-999.0 -999.0 -999.0 -999.0 -999.0} "" -999.0 -999.0 -999.0 -999.0 -999 -999 "" "" "" "" 0 0 0.0 0.0 -999 ""
FIBERMAP 1166 R0C7 METROLOGY 0 0 0 1 0 0 -155.24447119333954 -20.980245406256014 143.1 21.236425644665598 -155.20476492655462 343.59042 31.781713 -999.0 -999.0 -999.0 -999.0 -999.0 269.5024648637744 -29.975176556442044 269.6056934505596 -29.979841606571686 50.89026672083409 257.0817239000112 -999.0 6231.0 -999.0 -1 -999 {-999.0 -999.0 -999.0 -999.0 -999.0} "" -999.0 -999.0 -999.0 -999.0 -999 -999 "" "" "" "" 0 0 0.0 0.0 -999 ""
FIBERMAP 1171 R+5C19 APOGEE 0 0 0 1 0 0 180.99718994544708 97.98005947424829 143.1 -98.27637112288667 180.8292574812425 2.4726434 119.79748 -999.0 -999.0 -999.0 -999.0 -999.0 269.0915516918299 -28.955038335521582 269.19112908241516 -28.96102161631193 50.342681692509586 258.55044620535614 -999.0 16600.0 -999.0 2 -999 {-999.0 -999.0 -999.0 -999.0 -999.0} "" -999.0 -999.0 -999.0 -999.0 -999 -999 "" "" "" "" 0 0 0.0 0.0 -999 ""
FIBERMAP 1171 R+5C19 BOSS 1 1 0 1 0 0 181.42183085233333 97.33656276223472 143.1 -97.63359768841522 181.25494940640363 2.4726434 119.79748 269.09353731401234 -28.953700823634488 1.0627443 0.29598865 1.0040674 269.0935599312282 -28.9536789045315 269.1933308333102 -28.95969268174969 50.34430157807834 258.55309299261467 5400.0 5400.0 2016.0 1 212 {-999.0 15.781011 15.186352 14.979786 -999.0} sdss_psfmag_gaia 15.637209 15.227073 14.641308 -999.0 63050395309353643 982148771 "" ops_std_boss_tic ops_std standard_boss 0 0 0.0 0.0 -999 ""
FIBERMAP 1171 R+5C19 METROLOGY 0 0 0 1 0 0 180.6497617022701 97.31764583260203 143.1 -97.61340396314604 180.4829363912954 2.4726434 119.79748 -999.0 -999.0 -999.0 -999.0 -999.0 269.0936485345259 -28.955992868650267 269.1933711935891 -28.961995788513345 50.344799214050255 258.5495688828534 -999.0 6231.0 -999.0 -1 -999 {-999.0 -999.0 -999.0 -999.0 -999.0} "" -999.0 -999.0 -999.0 -999.0 -999 -999 "" "" "" "" 0 0 0.0 0.0 -999 ""
FIBERMAP 1173 R-8C17 APOGEE 1 1 0 1 0 0 149.6193439073979 -175.7639262883063 143.1 175.5107239213957 149.905335842627 320.34634 27.006397 270.03946176473295 -29.050689740127247 -0.84775513 -1.7235686 0.1381045 270.03945200794556 -29.05066615079247 270.139088052089 -29.054032321623612 51.173733582586244 258.6656699227186 16000.0 16600.0 2016.0 2 221 {-999.0 16.52222 14.633947 13.259527 -999.0} sdss_psfmag_from_g3xp 15.607949 13.960305 12.716306 9.649 63050395308064288 1152070200 bright_1x1 mwm_galactic_core_dist_apogee_sparse mwm_galactic science 0 0 0.0 0.0 -999 ""
FIBERMAP 1173 R-8C17 BOSS 0 0 0 1 0 0 148.89057944497216 -175.5621439430281 143.1 175.3101538228867 149.1762609706421 320.34634 27.006397 -999.0 -999.0 -999.0 -999.0 -999.0 270.03861078526205 -29.05280949299787 270.1384481528902 -29.05621108937558 51.1736091226286 258.66208759711316 -999.0 5400.0 -999.0 1 319 {-999.0 -999.0 -999.0 -999.0 -999.0} "" -999.0 -999.0 -999.0 -999.0 -999 -999 "" "" "" "" 0 0 0.0 0.0 -999 ""
FIBERMAP 1173 R-8C17 METROLOGY 0 0 0 1 0 0 149.43637559760606 -175.04396612609952 143.1 174.79108964421994 149.72118222991267 320.34634 27.006397 -999.0 -999.0 -999.0 -999.0 -999.0 270.0368963791504 -29.051147853586386 270.1366735755581 -29.05454498686104 51.17176317109999 258.66421238639134 -999.0 6231.0 -999.0 -1 -999 {-999.0 -999.0 -999.0 -999.0 -999.0} "" -999.0 -999.0 -999.0 -999.0 -999 -999 "" "" "" "" 0 0 0.0 0.0 -999 ""
FIBERMAP 1175 R-8C4 APOGEE 0 0 0 1 0 0 -142.1469084734344 -150.66038491419377 143.1 150.89072331815083 -141.89306510077017 104.637054 152.95703 -999.0 -999.0 -999.0 -999.0 -999.0 269.95593189298097 -29.934500658854162 270.05873804301984 -29.937909489391213 51.26911918959518 257.2582126840208 -999.0 16600.0 -999.0 2 -999 {-999.0 -999.0 -999.0 -999.0 -999.0} "" -999.0 -999.0 -999.0 -999.0 -999 -999 "" "" "" "" 0 0 0.0 0.0 -999 ""
FIBERMAP 1175 R-8C4 BOSS 1 1 0 1 0 0 -141.99682528473008 -149.9483827877667 143.1 150.17849578025104 -141.74416476211002 104.637054 152.95703 269.95330810546875 -29.93406701512849 -999.0 -999.0 -999.0 269.9532974782001 -29.934063762868462 270.05629808727804 -29.937510257380346 51.26696752911326 257.2582439652716 5400.0 5400.0 2015.5 1 490 {-999.0 -999.0 -999.0 -999.0 -999.0} "" -999.0 -999.0 -999.0 -999.0 27021603147275345 852502294 "" ops_sky_boss_fallback ops_sky sky_boss 0 0 0.0 0.0 -999 ""
FIBERMAP 1175 R-8C4 METROLOGY 0 0 0 1 0 0 -141.43502722282219 -150.43076936197028 143.1 150.6599373303131 -141.18158665411528 104.637054 152.95703 -999.0 -999.0 -999.0 -999.0 -999.0 269.9550590004658 -29.93238682640632 270.05799771643933 -29.935820247734032 51.268118751860705 257.2613183158703 -999.0 6231.0 -999.0 -1 -999 {-999.0 -999.0 -999.0 -999.0 -999.0} "" -999.0 -999.0 -999.0 -999.0 -999 -999 "" "" "" "" 0 0 0.0 0.0 -999 ""
FIBERMAP 1180 R+3C19 APOGEE 0 0 0 1 0 0 131.30168106014602 70.92318993733699 143.1 -71.13814973797918 131.18011338195836 183.287 64.346924 -999.0 -999.0 -999.0 -999.0 -999.0 269.18434318898863 -29.105442629544026 269.28442384577215 -29.111139934351176 50.452535546772914 258.34518053469844 -999.0 16600.0 -999.0 2 -999 {-999.0 -999.0 -999.0 -999.0 -999.0} "" -999.0 -999.0 -999.0 -999.0 -999 -999 "" "" "" "" 0 0 0.0 0.0 -999 ""
FIBERMAP 1180 R+3C19 BOSS 1 1 0 1 0 0 131.62578136662137 71.62360898130714 143.1 -71.83908248090944 131.50304440492067 183.287 64.346924 269.18165242919315 -29.10428856477778 -0.4488227 -26.090582 0.9762424 269.1816838216213 -29.104362744629615 269.28195997477445 -29.11010253501729 50.45022036364384 258.34610964264425 5400.0 5400.0 2016.0 1 225 {-999.0 15.960354 15.336598 15.117632 -999.0} sdss_psfmag_gaia 15.807585 15.378529 14.780904 -999.0 63050395309225188 982148770 "" ops_std_boss_tic ops_std standard_boss 0 0 0.0 0.0 -999 ""
FIBERMAP 1180 R+3C19 METROLOGY 0 0 0 1 0 0 132.0432247006317 71.02122690001612 143.1 -71.23741044602251 131.92147096374697 183.287 64.346924 -999.0 -999.0 -999.0 -999.0 -999.0 269.1838279764051 -29.103098611159936 269.2840427821854 -29.10882288058145 50.451751322814474 258.34864448932285 -999.0 6231.0 -999.0 -1 -999 {-999.0 -999.0 -999.0 -999.0 -999.0} "" -999.0 -999.0 -999.0 -999.0 -999 -999 "" "" "" "" 0 0 0.0 0.0 -999 ""
FIBERMAP 1181 R-7C8 APOGEE 1 1 0 1 0 0 -44.06930233173385 -128.9447348343263 143.1 129.01350040223056 -43.8545429806245 34.840122 113.46178 269.87982262208806 -29.63774791963904 0.53024703 -8.0204315 0.13259722 269.87982194575176 -29.637758789203605 269.9815881791499 -29.641438463592912 51.149921186850335 257.70450300078886 16000.0 16600.0 2016.0 2 270 {-999.0 15.716554 13.6346655 12.617963 -999.0} sdss_psfmag_from_g3xp 14.685027 13.278502 12.11966 9.192 63050395307402433 1152069178 bright_1x1 mwm_galactic_core_dist_apogee_sparse mwm_galactic science 0 0 0.0 0.0 -999 ""
FIBERMAP 1181 R-7C8 BOSS 0 0 0 1 0 0 -43.53073111428327 -129.48031123601265 143.1 129.54816849801284 -43.315102966252766 34.840122 113.46178 -999.0 -999.0 -999.0 -999.0 -999.0 269.8815603324756 -29.636108752876527 269.98351537544687 -29.63981563888712 51.15127050163402 257.7075355677786 -999.0 5400.0 -999.0 1 372 {-999.0 -999.0 -999.0 -999.0 -999.0} "" -999.0 -999.0 -999.0 -999.0 -999 -999 "" "" "" "" 0 0 0.0 0.0 -999 ""
FIBERMAP 1181 R-7C8 METROLOGY 0 0 0 1 0 0 -44.253596017659106 -129.66832461104616 143.1 129.73737181962883 -44.03763354399225 34.840122 113.46178 -999.0 -999.0 -999.0 -999.0 -999.0 269.88229130137614 -29.638313639038106 269.9841986716135 -29.642009089577414 51.15225619673566 257.70427134233864 -999.0 6231.0 -999.0 -1 -999 {-999.0 -999.0 -999.0 -999.0 -999.0} "" -999.0 -999.0 -999.0 -999.0 -999 -999 "" "" "" "" 0 0 0.0 0.0 -999 ""
FIBERMAP 1188 R+1C9 APOGEE 1 1 0 1 0 0 -97.21273335391078 37.19446826807825 143.1 -37.03243131613302 -97.27114514770916 114.84045 75.418365 269.2993235296975 -29.799036398368433 0.61334234 -5.3083296 0.114569604 269.2993216509261 -29.799055827102425 269.40183501602496 -29.804292391037368 50.684749686974705 257.304394647111 16000.0 16600.0 2016.0 2 28 {-999.0 19.411371 17.58441 14.723365 -999.0} sdss_psfmag_gaia 17.747322 15.43026 14.019223 10.368 63050395285158086 1154460740 bright_1x1 mwm_galactic_core_dist_apogee_sparse mwm_galactic science 0 0 0.0 0.0 -999 ""
FIBERMAP 1188 R+1C9 BOSS 0 0 0 1 0 0 -96.49593574122042 37.33891699722605 143.1 -37.17806135482776 -96.55460958688192 114.84045 75.418365 -999.0 -999.0 -999.0 -999.0 -999.0 269.2985991592432 -29.796901890525326 269.40130384737773 -29.802172977836324 50.6839090312188 257.3075503238497 -999.0 5400.0 -999.0 1 46 {-999.0 -999.0 -999.0 -999.0 -999.0} "" -999.0 -999.0 -999.0 -999.0 -999 -999 "" "" "" "" 0 0 0.0 0.0 -999 ""
FIBERMAP 1188 R+1C9 METROLOGY 0 0 0 1 0 0 -96.71778968534471 36.64523329253416 143.1 -36.48403290320213 -96.7753086803884 114.84045 75.418365 -999.0 -999.0 -999.0 -999.0 -999.0 269.3010762668162 -29.79759961858937 269.4037263861795 -29.80285466941663 50.68610038034263 257.3070991986368 -999.0 6231.0 -999.0 -1 -999 {-999.0 -999.0 -999.0 -999.0 -999.0} "" -999.0 -999.0 -999.0 -999.0 -999 -999 "" "" "" "" 0 0 0.0 0.0 -999 ""
FIBERMAP 1191 R0C18 APOGEE 0 0 0 1 0 0 75.3494322559734 10.164890950534229 143.1 -10.28923113251503 75.330190338425 177.14404 81.39364 -999.0 -999.0 -999.0 -999.0 -999.0 269.39491439333824 -29.275423286798844 269.4955352543813 -29.280507723887833 50.666361818635885 258.1403813294122 -999.0 16600.0 -999.0 2 -999 {-999.0 -999.0 -999.0 -999.0 -999.0} "" -999.0 -999.0 -999.0 -999.0 -999 -999 "" "" "" "" 0 0 0.0 0.0 -999 ""
FIBERMAP 1191 R0C18 BOSS 1 1 0 1 0 0 75.51388724010762 10.897737273345724 143.1 -11.022325974696212 75.4934275230437 177.14404 81.39364 269.3921535796013 -29.274812922569332 -2.8274238 -6.655598 0.17212741 269.392159576554 -29.274840837209613 269.49297672371944 -29.27996686426766 50.66406773045531 258.14053862203235 5400.0 5400.0 2016.0 1 252 {-999.0 18.373173 16.507814 15.229718 -999.0} sdss_psfmag_gaia 17.366161 15.934295 14.732343 11.76 63050395307922307 1093413812 bright_3x1 mwm_astar_core_boss mwm_ob science 0 0 0.0 0.0 -999 ""
FIBERMAP 1191 R0C18 METROLOGY 0 0 0 1 0 0 76.0622449863045 10.391598313171624 143.1 -10.517110565471755 76.04260504649328 177.14404 81.39364 -999.0 -999.0 -999.0 -999.0 -999.0 269.39398020139635 -29.273182467111315 269.49473495632543 -29.278294243348395 50.66524940728984 258.1435950418686 -999.0 6231.0 -999.0 -1 -999 {-999.0 -999.0 -999.0 -999.0 -999.0} "" -999.0 -999.0 -999.0 -999.0 -999 -999 "" "" "" "" 0 0 0.0 0.0 -999 ""
FIBERMAP 1195 R-8C11 APOGEE 0 0 0 1 0 0 23.004982980525806 -170.65903406363452 143.1 170.61548195979336 23.286601794593988 288.64468 100.44544 -999.0 -999.0 -999.0 -999.0 -999.0 270.0241899712125 -29.43394392095583 270.12518685481973 -29.43727108597998 51.23492938529389 258.06153623636504 -999.0 16600.0 -999.0 2 -999 {-999.0 -999.0 -999.0 -999.0 -999.0} "" -999.0 -999.0 -999.0 -999.0 -999 -999 "" "" "" "" 0 0 0.0 0.0 -999 ""
FIBERMAP 1195 R-8C11 BOSS 1 1 0 1 0 0 22.35349644424516 -171.0215012762465 143.1 170.97901541005834 22.635735925231767 288.64468 100.44544 270.02536243800773 -29.435841250162962 -5.8609633 -7.008184 -0.44404647 270.02533579962557 -29.43587423395025 270.1265333083963 -29.43922998492679 51.236447181348936 258.0588123764716 5400.0 5400.0 2016.0 1 396 {-999.0 17.325142 15.87973 15.1816225 -999.0} sdss_psfmag_gaia 16.546684 15.761147 14.597876 12.42 63050395307490842 1093443976 bright_3x1 mwm_astar_core_boss mwm_ob science 0 0 0.0 0.0 -999 ""
FIBERMAP 1195 R-8C11 METROLOGY 0 0 0 1 0 0 22.366544720997318 -170.26929722220643 143.1 170.22681396485117 22.647539245273236 288.64468 100.44544 -999.0 -999.0 -999.0 -999.0 -999.0 270.02280527438705 -29.435848186631745 270.1239484570188 -29.439201770843706 51.23423041714295 258.05818530191283 -999.0 6231.0 -999.0 -1 -999 {-999.0 -999.0 -999.0 -999.0 -999.0} "" -999.0 -999.0 -999.0 -999.0 -999 -999 "" "" "" "" 0 0 0.0 0.0 -999 ""
FIBERMAP 1196 R-12C2 APOGEE 1 1 0 1 0 0 -117.73613989049899 -240.00526479830359 143.1 240.19234097311374 -117.33525885428085 13.845834 74.46454 270.2664184570312 -29.858768483045793 -999.0 -999.0 -999.0 270.2663769138669 -29.85877159429614 270.3688166442054 -29.861346168873578 51.52018364836035 257.455062305245 16000.0 16600.0 2015.5 2 153 {-999.0 -999.0 -999.0 -999.0 -999.0} "" -999.0 -999.0 -999.0 -999.0 27021603147095768 848841006 "" ops_sky_apogee_good ops_sky sky_apogee 0 0 0.0 0.0 -999 ""
FIBERMAP 1196 R-12C2 BOSS 0 0 0 1 0 0 -117.71156632171385 -240.73941365953252 143.1 240.92642556021144 -117.30947141171832 13.845834 74.46454 -999.0 -999.0 -999.0 -999.0 -999.0 270.2687226302824 -29.858645213553643 270.3713545007639 -29.861243464833663 51.52233185011704 257.45584930807536 -999.0 5400.0 -999.0 1 434 {-999.0 -999.0 -999.0 -999.0 -999.0} "" -999.0 -999.0 -999.0 -999.0 -999 -999 "" "" "" "" 0 0 0.0 0.0 -999 ""
FIBERMAP 1196 R-12C2 METROLOGY 0 0 0 1 0 0 -118.38094506119131 -240.36791773537985 143.1 240.5560490874127 -117.9794432657011 13.845834 74.46454 -999.0 -999.0 -999.0 -999.0 -999.0 270.2675490729117 -29.860707192911956 270.3701339247621 -29.86329969704579 51.521652968239735 257.45229618167923 -999.0 6231.0 -999.0 -1 -999 {-999.0 -999.0 -999.0 -999.0 -999.0} "" -999.0 -999.0 -999.0 -999.0 -999 -999 "" "" "" "" 0 0 0.0 0.0 -999 ""
FIBERMAP 1197 R-12C11 APOGEE 0 0 0 1 0 0 74.52936708052421 -246.444368515971 143.1 246.3131303463708 74.93471680196465 315.32617 99.19926 -999.0 -999.0 -999.0 -999.0 -999.0 270.28512887401183 -29.277148947760438 270.3854899199939 -29.279794746366655 51.428193569237095 258.37727671149037 -999.0 16600.0 -999.0 2 -999 {-999.0 -999.0 -999.0 -999.0 -999.0} "" -999.0 -999.0 -999.0 -999.0 -999 -999 "" "" "" "" 0 0 0.0 0.0 -999 ""
FIBERMAP 1197 R-12C11 BOSS 1 1 0 1 0 0 74.08005440736574 -247.0489506526217 143.1 246.91843643135317 74.48641887612635 315.32617 99.19926 270.2870178222656 -29.278446464997472 -999.0 -999.0 -999.0 270.2870407487136 -29.278465195833835 270.3875982645972 -29.281137741850323 51.430253017299854 258.3757182564665 5400.0 5400.0 2015.5 1 369 {-999.0 -999.0 -999.0 -999.0 -999.0} "" -999.0 -999.0 -999.0 -999.0 27021603147276356 852502499 "" ops_sky_boss_fallback ops_sky sky_boss 0 0 0.0 0.0 -999 ""
FIBERMAP 1197 R-12C11 METROLOGY 0 0 0 1 0 0 73.78494105401586 -246.37137462682205 143.1 246.24137047340332 74.1901939528402 315.32617 99.19926 -999.0 -999.0 -999.0 -999.0 -999.0 270.28482192523575 -29.279360296615845 270.385328780484 -29.282029586034618 51.428477450153935 258.37371422149585 -999.0 6231.0 -999.0 -1 -999 {-999.0 -999.0 -999.0 -999.0 -999.0} "" -999.0 -999.0 -999.0 -999.0 -999 -999 "" "" "" "" 0 0 0.0 0.0 -999 ""
FIBERMAP 1199 R+1C1 APOGEE 1 1 0 1 0 0 -293.38629183847456 25.258631033340006 143.1 -24.772404885073964 -293.41864488538306 166.5911 105.38828 269.33994359550167 -30.390551021467132 -2.4031246 -5.379098 0.16282782 269.3399477744878 -30.390575775203427 269.44458274395697 -30.395577156634662 50.825567081993064 256.39476221569225 16000.0 16600.0 2016.0 2 10 {-999.0 18.643202 16.665113 14.611936 -999.0} sdss_psfmag_gaia 17.29437 15.347676 14.0430155 10.484 63050395284352016 1154457370 bright_1x1 mwm_galactic_core_dist_apogee_sparse mwm_galactic science 0 0 0.0 0.0 -999 ""
FIBERMAP 1199 R+1C1 BOSS 0 0 0 1 0 0 -293.45705442876425 26.01827772813966 143.1 -25.53191006482963 -293.49066205029266 166.5911 105.38828 -999.0 -999.0 -999.0 -999.0 -999.0 269.33709154372644 -30.390707151220766 269.44192730628856 -30.395746085328902 50.823338884508686 256.39388103604904 -999.0 5400.0 -999.0 1 12 {-999.0 -999.0 -999.0 -999.0 -999.0} "" -999.0 -999.0 -999.0 -999.0 -999 -999 "" "" "" "" 0 0 0.0 0.0 -999 ""
FIBERMAP 1199 R+1C1 METROLOGY 0 0 0 1 0 0 -292.77331540027 25.680991499502422 143.1 -25.19576594645409 -292.80638696988547 166.5911 105.38828 -999.0 -999.0 -999.0 -999.0 -999.0 269.3383261253122 -30.388737021001297 269.4430978375875 -30.393764555187744 50.82399617567719 256.39724425736426 -999.0 6231.0 -999.0 -1 -999 {-999.0 -999.0 -999.0 -999.0 -999.0} "" -999.0 -999.0 -999.0 -999.0 -999 -999 "" "" "" "" 0 0 0.0 0.0 -999 ""
FIBERMAP 1204 R+8C11 APOGEE 0 0 0 1 0 0 8.25913407488517 156.49488720487403 143.1 -156.5035178640323 7.999944403017593 183.66782 108.83085 -999.0 -999.0 -999.0 -999.0 -999.0 268.88472117739235 -29.477367747940658 268.9862037090266 -29.48380850611172 50.26992062291832 257.6928645197838 -999.0 16600.0 -999.0 2 -999 {-999.0 -999.0 -999.0 -999.0 -999.0} "" -999.0 -999.0 -999.0 -999.0 -999 -999 "" "" "" "" 0 0 0.0 0.0 -999 ""
FIBERMAP 1204 R+8C11 BOSS 1 1 0 1 0 0 7.985589525550058 157.1624745844563 143.1 -157.17063118311373 7.725304116323559 183.66782 108.83085 268.8818027705736 -29.47813439530245 -0.11879621 -0.18471183 0.34696826 268.8821197818477 -29.47814667305651 268.98380662636544 -29.484628504424105 50.26802960087662 257.6909802964094 5400.0 5400.0 2016.0 1 140 {-999.0 12.803003 12.361177 12.195153 -999.0} sdss_psfmag_from_g3xp 12.701389 12.3643265 11.834242 10.996 63050395286641216 1068453830 bright_3x1 mwm_ob_core_boss mwm_ob science 0 0 0.986815333366394 0.0 -999 ""
FIBERMAP 1204 R+8C11 METROLOGY 0 0 0 1 0 0 8.715761253974717 157.08733115674866 143.1 -157.09669825670835 8.455576682362878 183.66782 108.83085 -999.0 -999.0 -999.0 -999.0 -999.0 268.88243254291234 -29.475942170394585 268.98405454723263 -29.482413947301353 50.267817345379655 257.69444541907137 -999.0 6231.0 -999.0 -1 -999 {-999.0 -999.0 -999.0 -999.0 -999.0} "" -999.0 -999.0 -999.0 -999.0 -999 -999 "" "" "" "" 0 0 0.0 0.0 -999 ""
FIBERMAP 1205 R-2C3 APOGEE 1 0 1 1 0 0 -223.30822281604023 -30.98479054749369 143.1 31.35326181866414 -223.24977429844816 10.2757 169.93185 269.53771940953754 -30.16331614151655 -1.1721089 -1.5805413 0.3386666 269.5373332150084 -30.180502381787964 269.6411500212631 -30.185006609618306 50.95655340336955 256.7698840417565 16000.0 16600.0 2016.0 2 288 {-999.0 15.733037 13.417026 10.909914 -999.0} sdss_psfmag_from_g3xp 14.636165 11.517549 10.092384 6.018 63050395284601645 1152061605 bright_1x1 mwm_galactic_core_dist_apogee_sparse mwm_galactic science 0 0 0.9298987984657288 0.0 -999 ""
FIBERMAP 1205 R-2C3 BOSS 0 0 1 1 0 0 -222.56274759952203 -31.034500844255568 143.1 31.40173711234258 -222.50424081624394 10.2757 169.93185 -999.0 -999.0 -999.0 -999.0 -999.0 269.53731926379623 -30.178267489247325 269.6413260027795 -30.18280241112562 50.95632041548826 256.7733720304948 -999.0 5400.0 -999.0 1 473 {-999.0 -999.0 -999.0 -999.0 -999.0} "" -999.0 -999.0 -999.0 -999.0 -999 -999 "" "" "" "" 0 0 0.0 0.0 -999 ""
FIBERMAP 1205 R-2C3 METROLOGY 0 0 1 1 0 0 -223.00186611975883 -31.668050102736075 143.1 32.03599252088419 -222.9422969903994 10.2757 169.93185 -999.0 -999.0 -999.0 -999.0 -999.0 269.5395982776037 -30.179632196574616 269.64355316134674 -30.184152024376864 50.95845074713312 256.7717927986996 -999.0 6231.0 -999.0 -1 -999 {-999.0 -999.0 -999.0 -999.0 -999.0} "" -999.0 -999.0 -999.0 -999.0 -999 -999 "" "" "" "" 0 0 0.0 0.0 -999 ""
FIBERMAP 1206 R0C2 APOGEE 1 1 0 1 0 0 -280.41560945053516 1.2999216305621266 143.1 -0.8359264631260642 -280.40873957441045 161.86876 128.92763 269.42391092382417 -30.351900850870173 -1.5812196 -6.8796124 0.14314559 269.42394470744676 -30.35192669290774 269.528415154241 -30.356705865521217 50.89020400976016 256.4749756562706 16000.0 16600.0 2016.0 2 253 {-999.0 17.93858 15.963414 14.198955 -999.0} sdss_psfmag_gaia 16.697048 14.9329195 13.650927 10.258 63050395284396847 1154457688 bright_1x1 mwm_galactic_core_dist_apogee_sparse mwm_galactic science 0 0 0.0 0.0 -999 ""
FIBERMAP 1206 R0C2 BOSS 0 0 0 1 0 0 -280.69179329881973 2.012721940893364 143.1 -1.5482468917384422 -280.6860938808679 161.86876 128.92763 -999.0 -999.0 -999.0 -999.0 -999.0 269.4212473571886 -30.35269899488755 269.525920331588 -30.35751513790636 50.88822096706947 256.47312911285405 -999.0 5400.0 -999.0 1 522 {-999.0 -999.0 -999.0 -999.0 -999.0} "" -999.0 -999.0 -999.0 -999.0 -999 -999 "" "" "" "" 0 0 0.0 0.0 -999 ""
FIBERMAP 1206 R0C2 METROLOGY 0 0 0 1 0 0 -279.95029654870336 1.884857522240064 143.1 -1.4216134078360387 -279.944409429493 161.86876 128.92763 -999.0 -999.0 -999.0 -999.0 -999.0 269.4217548895869 -30.350544321133025 269.5263635172905 -30.355351101455344 50.88822836786799 256.4766126764342 -999.0 6231.0 -999.0 -1 -999 {-999.0 -999.0 -999.0 -999.0 -999.0} "" -999.0 -999.0 -999.0 -999.0 -999 -999 "" "" "" "" 0 0 0.0 0.0 -999 ""
FIBERMAP 1209 R-2C21 APOGEE 1 1 0 1 0 0 181.92533619350914 -30.03780274043295 143.1 29.735837278737986 181.9691820385287 34.81254 149.67592 269.53488870440174 -28.952929989070356 -3.2517896 -7.655262 0.41982546 269.53488794821624 -28.95292142279086 269.6343301445718 -28.95769016431229 50.72196002426983 258.6776330525082 16000.0 16600.0 2016.0 2 218 {-999.0 21.342102 22.202242 14.81487 -999.0} sdss_psfmag_gaia 18.785337 15.083698 13.447359 8.591 63050395309274264 1154575166 bright_1x1 mwm_galactic_core_dist_apogee_sparse mwm_galactic science 0 0 0.0 0.0 -999 ""
FIBERMAP 1209 R-2C21 BOSS 0 0 0 1 0 0 182.67371097080434 -29.9419688422907 143.1 29.638768262106364 182.71737418239283 34.81254 149.67592 -999.0 -999.0 -999.0 -999.0 -999.0 269.5343708265577 -28.950566060521005 269.6340011820013 -28.9553716127561 50.721216342371626 258.6811314998205 -999.0 5400.0 -999.0 1 310 {-999.0 -999.0 -999.0 -999.0 -999.0} "" -999.0 -999.0 -999.0 -999.0 -999 -999 "" "" "" "" 0 0 0.0 0.0 -999 ""
FIBERMAP 1209 R-2C21 METROLOGY 0 0 0 1 0 0 182.37535524044648 -30.630518610693954 143.1 30.32778951636286 182.42016726941813 34.81254 149.67592 -999.0 -999.0 -999.0 -999.0 -999.0 269.53681647445705 -28.95145537743902 269.6363936053057 -28.956244146422527 50.723441508817444 258.6804392132594 -999.0 6231.0 -999.0 -1 -999 {-999.0 -999.0 -999.0 -999.0 -999.0} "" -999.0 -999.0 -999.0 -999.0 -999 -999 "" "" "" "" 0 0 0.0 0.0 -999 ""
FIBERMAP 1210 R-3C6 APOGEE 0 0 0 1 0 0 -165.41238618729696 -52.45217643351352 143.1 52.72416728180146 -165.3202818788854 219.81004 47.682724 -999.0 -999.0 -999.0 -999.0 -999.0 269.6127324907727 -30.005824040066603 269.715897252459 -30.010158221554367 50.98957644141116 257.061261819331 -999.0 16600.0 -999.0 2 -999 {-999.0 -999.0 -999.0 -999.0 -999.0} "" -999.0 -999.0 -999.0 -999.0 -999 -999 "" "" "" "" 0 0 0.0 0.0 -999 ""
FIBERMAP 1210 R-3C6 BOSS 1 1 0 1 0 0 -165.38283849010998 -51.70175102844355 143.1 51.97371712971953 -165.29197672636394 219.81004 47.682724 269.60967640677086 -30.005789539418 -0.41475078 -0.2594809 0.37265363 269.60993074578005 -30.00576699820993 269.71329345092016 -30.010139582389975 50.98735397524129 257.06065733240393 5400.0 5400.0 2016.0 1 475 {-999.0 13.171199 12.808232 12.688287 -999.0} sdss_psfmag_from_g3xp 13.116303 12.80938 12.336793 11.545 63050395284720374 1093286050 bright_3x1 mwm_astar_core_boss mwm_ob science 0 0 0.8291217088699341 0.0 -999 ""
FIBERMAP 1210 R-3C6 METROLOGY 0 0 0 1 0 0 -164.752412002741 -52.100136247574724 143.1 52.3710464797978 -164.6609113825565 219.81004 47.682724 -999.0 -999.0 -999.0 -999.0 -999.0 269.6113908368744 -30.003890105288303 269.7146904296805 -30.008250381189605 50.98821036053075 257.06395116436505 -999.0 6231.0 -999.0 -1 -999 {-999.0 -999.0 -999.0 -999.0 -999.0} "" -999.0 -999.0 -999.0 -999.0 -999 -999 "" "" "" "" 0 0 0.0 0.0 -999 ""
FIBERMAP 1211 R-11C11 APOGEE 1 1 0 1 0 0 37.8785802151848 -217.5399835034765 143.1 217.47031462725894 38.23728605197398 231.95334 70.27884 270.1863069252813 -29.388361918489103 -2.283486 -3.538833 0.26457444 270.18629099779 -29.388372641929116 270.28707671559494 -29.39126555575269 51.36487030405669 258.1759644350704 16000.0 16600.0 2016.0 2 182 {-999.0 20.692621 19.906963 14.875856 -999.0} sdss_psfmag_gaia 18.465244 15.400105 13.82847 9.283 63050395307634657 1154569762 bright_1x1 mwm_galactic_core_dist_apogee_sparse mwm_galactic science 0 0 0.0 0.0 -999 ""
FIBERMAP 1211 R-11C11 BOSS 0 0 0 1 0 0 37.43129956226881 -216.95204914352803 143.1 216.88313921540254 37.78904703812156 231.95334 70.27884 -999.0 -999.0 -999.0 -999.0 -999.0 270.18412419826427 -29.389693830369602 270.2851084070331 -29.3926244165547 51.363439589117924 258.17331298344794 -999.0 5400.0 -999.0 1 375 {-999.0 -999.0 -999.0 -999.0 -999.0} "" -999.0 -999.0 -999.0 -999.0 -999 -999 "" "" "" "" 0 0 0.0 0.0 -999 ""
FIBERMAP 1211 R-11C11 METROLOGY 0 0 0 1 0 0 38.17510354219919 -216.85385478804076 143.1 216.78371737983647 38.53266462623292 231.95334 70.27884 -999.0 -999.0 -999.0 -999.0 -999.0 270.1838621548271 -29.387446001694123 270.28478372972796 -29.390368711935675 51.36273999959098 258.17677729032124 -999.0 6231.0 -999.0 -1 -999 {-999.0 -999.0 -999.0 -999.0 -999.0} "" -999.0 -999.0 -999.0 -999.0 -999 -999 "" "" "" "" 0 0 0.0 0.0 -999 ""
FIBERMAP 1214 R+5C1 APOGEE 1 1 0 1 0 0 -248.98581875875544 80.19530226713135 143.1 -79.78077036331683 -249.11049395801246 301.92496 26.835665 269.1477926006363 -30.256762984834232 -3.1019228 -4.006195 0.19204222 269.14779800787727 -30.256713033020155 269.25200261863296 -30.262269279528006 50.63886425081341 256.55698952752897 16000.0 16600.0 2016.0 2 1 {-999.0 23.281153 29.466995 15.978953 -999.0} sdss_psfmag_gaia 20.464907 15.535441 13.862911 8.532 63050395284477023 1154458182 bright_1x1 mwm_galactic_core_dist_apogee_sparse mwm_galactic science 0 0 0.0 0.0 -999 ""
FIBERMAP 1214 R+5C1 BOSS 0 0 0 1 0 0 -249.67040894240282 80.5670965617375 143.1 -80.15142002932593 -249.79567726049177 301.92496 26.835665 -999.0 -999.0 -999.0 -999.0 -999.0 269.14629163432363 -30.258733703158605 269.2507043948904 -30.264324269042262 50.63811798109718 256.5534909008404 -999.0 5400.0 -999.0 1 1 {-999.0 -999.0 -999.0 -999.0 -999.0} "" -999.0 -999.0 -999.0 -999.0 -999 -999 "" "" "" "" 0 0 0.0 0.0 -999 ""
FIBERMAP 1214 R+5C1 METROLOGY 0 0 0 1 0 0 -248.9875808038121 80.94808497789045 143.1 -80.53352594264854 -249.11350144074942 301.92496 26.835665 -999.0 -999.0 -999.0 -999.0 -999.0 269.14500107731936 -30.256731432603974 269.2493501660556 -30.26231728851717 50.636616638989224 256.55628578631996 -999.0 6231.0 -999.0 -1 -999 {-999.0 -999.0 -999.0 -999.0 -999.0} "" -999.0 -999.0 -999.0 -999.0 -999 -999 "" "" "" "" 0 0 0.0 0.0 -999 ""
FIBERMAP 1216 R-2C17 APOGEE 1 1 0 1 0 0 77.49889382300914 -42.94875012894187 143.1 42.819145018838135 77.56746036343284 196.30208 118.89563 269.57977294921875 -29.2690920425528 -999.0 -999.0 -999.0 269.5797862723625 -29.269087901202322 269.6803308154543 -29.273667075478137 50.823212029060365 258.20008470920584 16000.0 16600.0 2015.5 2 211 {-999.0 -999.0 -999.0 -999.0 -999.0} "" -999.0 -999.0 -999.0 -999.0 27021603147277016 848879148 "" ops_sky_apogee_good ops_sky sky_apogee 0 0 0.0 0.0 -999 ""
FIBERMAP 1216 R-2C17 BOSS 0 0 0 1 0 0 76.97871542393659 -42.4264182745941 143.1 42.29769061304026 77.04643448913889 196.30208 118.89563 -999.0 -999.0 -999.0 -999.0 -999.0 269.57780097970823 -29.270586105547984 269.6785478766357 -29.27520399193229 50.82198144619174 258.19722371794546 -999.0 5400.0 -999.0 1 300 {-999.0 -999.0 -999.0 -999.0 -999.0} "" -999.0 -999.0 -999.0 -999.0 -999 -999 "" "" "" "" 0 0 0.0 0.0 -999 ""
FIBERMAP 1216 R-2C17 METROLOGY 0 0 0 1 0 0 77.70213713627956 -42.22839876647848 143.1 42.09848055897522 77.7695053025822 196.30208 118.89563 -999.0 -999.0 -999.0 -999.0 -999.0 269.57717136702223 -29.268393366002016 269.6778550088809 -29.273003927204996 50.820965158422055 258.20045721245225 -999.0 6231.0 -999.0 -1 -999 {-999.0 -999.0 -999.0 -999.0 -999.0} "" -999.0 -999.0 -999.0 -999.0 -999 -999 "" "" "" "" 0 0 0.0 0.0 -999 ""
FIBERMAP 1217 R-3C13 APOGEE 1 1 0 1 0 0 -5.068458290669142 -43.27101311453288 143.1 43.27800700732596 -4.996702470057883 214.34695 15.263141 269.5809283873706 -29.519733741403957 -7.350011 -4.895471 0.07664849 269.58091842686906 -29.51973933986327 269.68235253004957 -29.524262719199534 50.87249458663078 257.81092480007305 16000.0 16600.0 2016.0 2 169 {-999.0 16.871109 14.876999 13.558126 -999.0} sdss_psfmag_from_g3xp 15.814442 14.274574 12.956593 9.67 63050395307775013 1152069656 bright_1x1 mwm_galactic_core_dist_apogee_sparse mwm_galactic science 0 0 0.0 0.0 -999 ""
FIBERMAP 1217 R-3C13 BOSS 0 0 0 1 0 0 -4.632573745626058 -42.66174055809779 143.1 42.6680328705563 -4.561840000764008 214.34695 15.263141 -999.0 -999.0 -999.0 -999.0 -999.0 269.57862718674204 -29.518385120648023 269.68025394604064 -29.5229476987545 50.870454623854656 257.8124301406221 -999.0 5400.0 -999.0 1 407 {-999.0 -999.0 -999.0 -999.0 -999.0} "" -999.0 -999.0 -999.0 -999.0 -999 -999 "" "" "" "" 0 0 0.0 0.0 -999 ""
FIBERMAP 1217 R-3C13 METROLOGY 0 0 0 1 0 0 -4.330670428956676 -43.35915435950436 143.1 43.36492473182344 -4.258792510578321 214.34695 15.263141 -999.0 -999.0 -999.0 -999.0 -999.0 269.5811213218407 -29.51747828251175 269.6826883373095 -29.522024967339355 50.87236274827873 257.8144948783805 -999.0 6231.0 -999.0 -1 -999 {-999.0 -999.0 -999.0 -999.0 -999.0} "" -999.0 -999.0 -999.0 -999.0 -999 -999 "" "" "" "" 0 0 0.0 0.0 -999 ""
FIBERMAP 1218 R0C17 APOGEE 1 1 0 1 0 0 57.31985323628528 14.673934088190611 143.1 -14.768298913271 57.29373100404916 157.49109 78.41394 269.37907333812177 -29.330077537355915 -1.4640683 -7.379834 0.015576003 269.37909378298144 -29.330112488008535 269.47991298792783 -29.3352287911267 50.66353270580375 258.05152772361333 16000.0 16600.0 2016.0 2 111 {-999.0 21.196957 18.037882 15.75261 -999.0} sdss_psfmag_ps1 19.401096 16.1706 14.659162 10.355 63050395307911797 1153484061 bright_1x1 mwm_galactic_core_dist_apogee_sparse mwm_galactic science 0 0 0.0 0.0 -999 ""
FIBERMAP 1218 R0C17 BOSS 0 0 0 1 0 0 57.731446646806674 15.279409641640498 143.1 -15.374435979022367 57.70430940245602 157.49109 78.41394 -999.0 -999.0 -999.0 -999.0 -999.0 269.37677918110535 -29.328789703161014 269.47779208043494 -29.333946367271093 50.66147185393707 258.05295288967505 -999.0 5400.0 -999.0 1 189 {-999.0 -999.0 -999.0 -999.0 -999.0} "" -999.0 -999.0 -999.0 -999.0 -999 -999 "" "" "" "" 0 0 0.0 0.0 -999 ""
FIBERMAP 1218 R0C17 METROLOGY 0 0 0 1 0 0 58.061268868704 14.612486222974779 143.1 -14.708079712056877 58.03522445279232 157.49109 78.41394 -999.0 -999.0 -999.0 -999.0 -999.0 269.3791595420233 -29.327796866443585 269.4801121921061 -29.332937653483775 50.66326303789119 258.0551275341818 -999.0 6231.0 -999.0 -1 -999 {-999.0 -999.0 -999.0 -999.0 -999.0} "" -999.0 -999.0 -999.0 -999.0 -999 -999 "" "" "" "" 0 0 0.0 0.0 -999 ""
FIBERMAP 1219 R+1C17 APOGEE 0 0 0 1 0 0 64.25224022713626 23.382420916692933 143.1 -23.487975376335363 64.21148661935 177.3865 104.65039 -999.0 -999.0 -999.0 -999.0 -999.0 269.3488163753332 -29.309021836288274 269.4495695761641 -29.31422555228771 50.633531559532145 258.07600793344756 -999.0 16600.0 -999.0 2 -999 {-999.0 -999.0 -999.0 -999.0 -999.0} "" -999.0 -999.0 -999.0 -999.0 -999 -999 "" "" "" "" 0 0 0.0 0.0 -999 ""
FIBERMAP 1219 R+1C17 BOSS 1 1 0 1 0 0 64.11532788467747 24.13276517841872 143.1 -24.238068976149492 64.07333722129236 177.3865 104.65039 269.34601025614177 -29.309323186552405 -5.0034723 -8.713579 0.9300823 269.34598787794204 -29.30935918871883 269.4469409574263 -29.314604457901407 50.631355472230005 258.0747256363444 5400.0 5400.0 2016.0 1 199 {-999.0 15.402174 14.908556 14.721043 -999.0} sdss_psfmag_from_g3xp 15.292994 14.931514 14.3797245 -999.0 63050395307918225 981656917 "" ops_std_boss_tic ops_std standard_boss 0 0 0.0 0.0 -999 ""
FIBERMAP 1219 R+1C17 METROLOGY 0 0 0 1 0 0 64.81152062260283 23.879113634621092 143.1 -23.985577457105794 64.76992723521677 177.3865 104.65039 -999.0 -999.0 -999.0 -999.0 -999.0 269.3469306527937 -29.307251681923734 269.4478199128742 -29.312485215584925 50.63169921432961 258.0782368766441 -999.0 6231.0 -999.0 -1 -999 {-999.0 -999.0 -999.0 -999.0 -999.0} "" -999.0 -999.0 -999.0 -999.0 -999 -999 "" "" "" "" 0 0 0.0 0.0 -999 ""
FIBERMAP 1220 R+1C3 APOGEE 1 1 0 1 0 0 -243.30132486172735 2.889568745201583 143.1 -2.486928782332213 -243.29827900979436 281.83987 72.36283 269.4185796644449 -30.240555524146046 -2.3718317 -7.585327 -0.011796204 269.41856366262425 -30.240566071256392 269.52263220768316 -30.24538329317288 50.86615332334435 256.647421144212 16000.0 16600.0 2016.0 2 38 {-999.0 18.629639 16.649279 14.789711 -999.0} sdss_psfmag_gaia 17.020376 15.525246 13.904008 10.485 63050395284421459 1154458700 bright_1x1 mwm_galactic_core_dist_apogee_sparse mwm_galactic science 0 0 0.0 0.0 -999 ""
FIBERMAP 1220 R+1C3 BOSS 0 0 0 1 0 0 -244.01847633641856 2.9551599667954562 143.1 -2.5513313521820487 -244.01551593662563 281.83987 72.36283 -999.0 -999.0 -999.0 -999.0 -999.0 269.4181310915151 -30.242713912106034 269.52240632896394 -30.24756203340301 50.8663380900825 256.64396760295773 -999.0 5400.0 -999.0 1 62 {-999.0 -999.0 -999.0 -999.0 -999.0} "" -999.0 -999.0 -999.0 -999.0 -999 -999 "" "" "" "" 0 0 0.0 0.0 -999 ""
FIBERMAP 1220 R+1C3 METROLOGY 0 0 0 1 0 0 -243.60068420475073 3.576362644244087 143.1 -3.173205291920736 -243.59876503732525 281.83987 72.36283 -999.0 -999.0 -999.0 -999.0 -999.0 269.41601226980697 -30.241505746984867 269.52022742003663 -30.246351387931632 50.86427474302359 256.64534087493456 -999.0 6231.0 -999.0 -1 -999 {-999.0 -999.0 -999.0 -999.0 -999.0} "" -999.0 -999.0 -999.0 -999.0 -999 -999 "" "" "" "" 0 0 0.0 0.0 -999 ""
FIBERMAP 1221 R-8C13 APOGEE 0 0 0 1 0 0 60.26452173146315 -151.36949460530255 143.1 151.26491635454224 60.513027015464225 86.78004 164.8611 -999.0 -999.0 -999.0 -999.0 -999.0 269.9567314512452 -29.321144513331287 270.0573483668077 -29.324680174438562 51.155691675193545 258.22024997294386 -999.0 16600.0 -999.0 2 -999 {-999.0 -999.0 -999.0 -999.0 -999.0} "" -999.0 -999.0 -999.0 -999.0 -999 -999 "" "" "" "" 0 0 0.0 0.0 -999 ""
FIBERMAP 1221 R-8C13 BOSS 1 1 0 1 0 0 60.49900217156135 -150.65936396590476 143.1 150.55442060649287 60.74632498697663 86.78004 164.8611 269.9541250452197 -29.32033706426637 2.1177776 -10.149725 0.96062684 269.954140020822 -29.32038013764399 270.05494936973105 -29.323955759445994 51.15350071184708 258.22075217198307 5400.0 5400.0 2016.0 1 418 {-999.0 16.155409 15.500241 15.267726 -999.0} sdss_psfmag_gaia 15.956429 15.543094 14.896533 -999.0 63050395307828336 981937420 "" ops_std_boss_tic ops_std standard_boss 0 0 0.0 0.0 -999 ""
FIBERMAP 1221 R-8C13 METROLOGY 0 0 0 1 0 0 60.997505503165215 -151.22038723721658 143.1 151.11460104644144 61.24574050680124 86.78004 164.8611 -999.0 -999.0 -999.0 -999.0 -999.0 269.95615478670544 -29.31886788429278 270.0569030786533 -29.32242904090545 51.154883919287045 258.22365677528774 -999.0 6231.0 -999.0 -1 -999 {-999.0 -999.0 -999.0 -999.0 -999.0} "" -999.0 -999.0 -999.0 -999.0 -999 -999 "" "" "" "" 0 0 0.0 0.0 -999 ""
FIBERMAP 1223 R+13C7 APOGEE 1 1 0 1 0 0 -0.5178901573345396 251.10265893515236 143.1 -251.0937244136422 -0.9333279729594546 332.306 135.81189 268.55680935965074 -29.501755277233737 -4.80594 -11.206928 0.026184112 268.5568234512428 -29.501815489865837 268.658483320817 -29.509150525286508 49.99485344522294 257.56861011267114 16000.0 16600.0 2016.0 2 100 {-999.0 18.471354 15.707921 14.436107 -999.0} sdss_psfmag_ps1 16.728868 14.911412 13.564959 10.072 63050395286571708 1153391771 bright_1x1 mwm_galactic_core_dist_apogee_sparse mwm_galactic science 0 0 0.0 0.0 -999 ""
FIBERMAP 1223 R+13C7 BOSS 0 0 0 1 0 0 -0.32722492979737616 250.3809101073042 143.1 -250.37231426307173 -0.7414747307163216 332.306 135.81189 -999.0 -999.0 -999.0 -999.0 -999.0 268.5590977704558 -29.50122280036456 268.66095766898866 -29.508586355609776 49.99685783645146 257.57011648633636 -999.0 5400.0 -999.0 1 174 {-999.0 -999.0 -999.0 -999.0 -999.0} "" -999.0 -999.0 -999.0 -999.0 -999 -999 "" "" "" "" 0 0 0.0 0.0 -999 ""
FIBERMAP 1223 R+13C7 METROLOGY 0 0 0 1 0 0 -1.0578284611148554 250.60644018286678 143.1 -250.59662828515303 -1.4724279035369396 332.306 135.81189 -999.0 -999.0 -999.0 -999.0 -999.0 268.5583039316033 -29.503437054366557 268.66011447064636 -29.51079250401496 49.99656263624716 257.56652896550537 -999.0 6231.0 -999.0 -1 -999 {-999.0 -999.0 -999.0 -999.0 -999.0} "" -999.0 -999.0 -999.0 -999.0 -999 -999 "" "" "" "" 0 0 0.0 0.0 -999 ""
FIBERMAP 1224 R+5C18 APOGEE 1 1 0 1 0 0 153.37064568688976 87.69514020588431 143.1 -87.94607402616657 153.22061854331005 300.9797 126.604034 269.1265700748899 -29.038550671904 -3.620211 -4.4965467 -0.15640111 269.12658182100046 -29.038557007548622 269.22644316855184 -29.04442670448922 50.38963451558764 258.432027975247 16000.0 16600.0 2016.0 2 64 {-999.0 19.144684 17.169794 15.065705 -999.0} sdss_psfmag_gaia 17.744284 15.800918 14.459043 10.933 63050395309325267 1154575483 bright_1x1 mwm_galactic_core_dist_apogee_sparse mwm_galactic science 0 0 0.0 0.0 -999 ""
FIBERMAP 1224 R+5C18 BOSS 0 0 0 1 0 0 152.9659447268444 87.0772684867848 143.1 -87.32755259723491 152.8169528833668 300.9797 126.604034 -999.0 -999.0 -999.0 -999.0 -999.0 269.1284803928317 -29.03969403811241 269.22854397638883 -29.045593610083184 50.39166675440865 258.4308081659427 -999.0 5400.0 -999.0 1 216 {-999.0 -999.0 -999.0 -999.0 -999.0} "" -999.0 -999.0 -999.0 -999.0 -999 -999 "" "" "" "" 0 0 0.0 0.0 -999 ""
FIBERMAP 1224 R+5C18 METROLOGY 0 0 0 1 0 0 152.63173958964467 87.7390513068267 143.1 -87.98876117932042 152.4816635639464 300.9797 126.604034 -999.0 -999.0 -999.0 -999.0 -999.0 269.1262244118101 -29.040690224723775 269.22623582658713 -29.04658576296432 50.38988693414292 258.4286527716765 -999.0 6231.0 -999.0 -1 -999 {-999.0 -999.0 -999.0 -999.0 -999.0} "" -999.0 -999.0 -999.0 -999.0 -999 -999 "" "" "" "" 0 0 0.0 0.0 -999 ""
FIBERMAP 1227 R-4C8 APOGEE 0 0 0 1 0 0 -78.12860478008041 -83.5575353558953 143.1 83.6841127850443 -77.987843831501 331.69058 117.64586 -999.0 -999.0 -999.0 -999.0 -999.0 269.72160538737285 -29.741395434625186 269.82378911935416 -29.7454867702325 51.03413761135338 257.50178541533484 -999.0 16600.0 -999.0 2 -999 {-999.0 -999.0 -999.0 -999.0 -999.0} "" -999.0 -999.0 -999.0 -999.0 -999 -999 "" "" "" "" 0 0 0.0 0.0 -999 ""
FIBERMAP 1227 R-4C8 BOSS 1 1 0 1 0 0 -78.10873849919228 -84.29375421933409 143.1 84.4202750960664 -77.96676010054695 331.69058 117.64586 269.72405221315256 -29.741335367594758 -5.2395525 -6.7544246 2.701613 269.7240317938575 -29.741340298635045 269.82641088952676 -29.745456510978713 51.036370478923544 257.50249096863286 5400.0 5400.0 2016.0 1 479 {-999.0 18.811506 17.401014 16.883001 -999.0} sdss_psfmag_ps1 17.845478 17.409683 15.910246 -999.0 63050395284827451 938819499 bright_1x1 openfibertargets_nov2020_34a open_fiber science 0 0 0.0 0.0 -999 ""
FIBERMAP 1227 R-4C8 METROLOGY 0 0 0 1 0 0 -78.77447128405372 -83.93483454200813 143.1 84.06246843322572 -78.63306530954242 331.69058 117.64586 -999.0 -999.0 -999.0 -999.0 -999.0 269.722843999191 -29.743378396681837 269.82517512226804 -29.747488500880525 51.035684880413974 257.49900323440676 -999.0 6231.0 -999.0 -1 -999 {-999.0 -999.0 -999.0 -999.0 -999.0} "" -999.0 -999.0 -999.0 -999.0 -999 -999 "" "" "" "" 0 0 0.0 0.0 -999 ""
FIBERMAP 1228 R-4C5 APOGEE 1 0 0 1 1 0 -148.03388100687596 -70.28132449689858 143.1 70.52398871195983 -147.9128370540055 25.827616 129.97537 269.7528076171875 -29.952900548131694 -999.0 -999.0 -999.0 269.6751631426873 -29.953205539929247 269.7781202437046 -29.957379672901645 51.03326196053011 257.15900552484675 16000.0 16600.0 2015.5 2 296 {-999.0 -999.0 -999.0 -999.0 -999.0} "" -999.0 -999.0 -999.0 -999.0 27021603147180493 848859301 "" ops_sky_apogee_good ops_sky sky_apogee 0 0 0.0 0.0 -999 ""
FIBERMAP 1228 R-4C5 BOSS 0 0 0 1 1 0 -147.3533513767702 -70.57922188910392 143.1 70.82075057100873 -147.23183643837845 25.827616 129.97537 -999.0 -999.0 -999.0 -999.0 -999.0 269.67604234303604 -29.95117325682137 269.77918874067575 -29.955376205998704 51.03381700774633 257.1624022385698 -999.0 5400.0 -999.0 1 487 {-999.0 -999.0 -999.0 -999.0 -999.0} "" -999.0 -999.0 -999.0 -999.0 -999 -999 "" "" "" "" 0 0 0.0 0.0 -999 ""
FIBERMAP 1228 R-4C5 METROLOGY 0 0 0 1 1 0 -147.95284052073723 -71.03001893351157 143.1 71.27252498086091 -147.8305604446088 25.827616 129.97537 -999.0 -999.0 -999.0 -999.0 -999.0 269.67768382304416 -29.953010495576244 269.7807805470986 -29.95719982598917 51.03549822629695 257.15993811353667 -999.0 6231.0 -999.0 -1 -999 {-999.0 -999.0 -999.0 -999.0 -999.0} "" -999.0 -999.0 -999.0 -999.0 -999 -999 "" "" "" "" 0 0 0.0 0.0 -999 ""
FIBERMAP 1230 R+8C17 APOGEE 1 1 0 1 0 0 170.50600855159976 138.28834114814111 143.1 -138.56599825546454 170.27172270078293 20.740702 25.63829 268.9519337857589 -28.986384285897547 -3.3461604 -3.8703952 -0.18302856 268.95194352761155 -28.986390249732985 269.0516705960238 -28.99274968071159 50.22955209897625 258.4634134314118 16000.0 16600.0 2016.0 2 75 {-999.0 18.914501 16.937113 15.141044 -999.0} sdss_psfmag_gaia 17.30773 15.8756485 14.237949 10.949 63050395286872141 1154466903 bright_1x1 mwm_galactic_core_dist_apogee_sparse mwm_galactic science 0 0 0.0 0.0 -999 ""
FIBERMAP 1230 R+8C17 BOSS 0 0 0 1 0 0 169.9832699864009 137.75929363976945 143.1 -138.03610288426833 169.74987627133973 20.740702 25.63829 -999.0 -999.0 -999.0 -999.0 -999.0 268.9535248641228 -28.987901187467465 269.0534565309776 -28.99429181625533 50.231392359533 258.46154289297397 -999.0 5400.0 -999.0 1 234 {-999.0 -999.0 -999.0 -999.0 -999.0} "" -999.0 -999.0 -999.0 -999.0 -999 -999 "" "" "" "" 0 0 0.0 0.0 -999 ""
FIBERMAP 1230 R+8C17 METROLOGY 0 0 0 1 0 0 169.7796696918309 138.4776425089971 143.1 -138.75409178425824 169.54509400346979 20.740702 25.63829 -999.0 -999.0 -999.0 -999.0 -999.0 268.9510697978579 -28.988494051633783 269.05094765047454 -28.994881129052544 50.229361196530284 258.4599508591595 -999.0 6231.0 -999.0 -1 -999 {-999.0 -999.0 -999.0 -999.0 -999.0} "" -999.0 -999.0 -999.0 -999.0 -999 -999 "" "" "" "" 0 0 0.0 0.0 -999 ""
FIBERMAP 1233 R+11C16 APOGEE 1 1 0 1 0 0 159.43368840865799 195.174078883946 143.1 -195.43158666779146 159.10564012625704 296.36334 53.322605 268.7553153984109 -29.019239175152105 0.4481225 -7.084053 -0.14505127 268.75531118831447 -29.01925344062212 268.8552087579969 -29.02614515276772 50.067970706617416 258.35841835442784 16000.0 16600.0 2016.0 2 104 {-999.0 20.499231 17.398237 15.408042 -999.0} sdss_psfmag_ps1 18.455067 15.934655 14.510892 10.701 63050395287213518 1153395500 bright_1x1 mwm_galactic_core_dist_apogee_sparse mwm_galactic science 0 0 0.0 0.0 -999 ""
FIBERMAP 1233 R+11C16 BOSS 0 0 0 1 0 0 158.71199398317475 195.28668949089155 143.1 -195.5429995940327 158.38378260024183 296.36334 53.322605 -999.0 -999.0 -999.0 -999.0 -999.0 268.7546813715292 -29.02138245600528 268.8547875521789 -29.028311552042098 50.068046042214945 258.3549968458133 -999.0 5400.0 -999.0 1 178 {-999.0 -999.0 -999.0 -999.0 -999.0} "" -999.0 -999.0 -999.0 -999.0 -999 -999 "" "" "" "" 0 0 0.0 0.0 -999 ""
FIBERMAP 1233 R+11C16 METROLOGY 0 0 0 1 0 0 159.18311445311437 195.87253943422442 143.1 -196.1296101697337 158.85391861412774 296.36334 53.322605 -999.0 -999.0 -999.0 -999.0 -999.0 268.7526990387438 -29.01993747019245 268.85274374351764 -29.026862081237297 50.06600377025997 258.3566483184172 -999.0 6231.0 -999.0 -1 -999 {-999.0 -999.0 -999.0 -999.0 -999.0} "" -999.0 -999.0 -999.0 -999.0 -999 -999 "" "" "" "" 0 0 0.0 0.0 -999 ""
FIBERMAP 1234 R+5C14 APOGEE 1 1 0 1 0 0 41.95964689038377 100.18496780393339 143.1 -100.25116806994166 41.792539025965354 176.29283 106.99321 269.081170752461 -29.37593485821598 -2.9652855 -7.663969 0.11080856 269.0811652881983 -29.3759818057111 269.18223244311514 -29.381905157764233 50.41790341653401 257.90094245971744 16000.0 16600.0 2016.0 2 93 {-999.0 19.21467 16.727734 15.095631 -999.0} sdss_psfmag_ps1 17.684364 15.731628 14.352912 10.839 63050395286680691 1153392667 bright_1x1 mwm_galactic_core_dist_apogee_sparse mwm_galactic science 0 0 0.0 0.0 -999 ""
FIBERMAP 1234 R+5C14 BOSS 0 0 0 1 0 0 41.81613317595637 100.91340900699257 143.1 -100.97934839357877 41.64782470735476 176.29283 106.99321 -999.0 -999.0 -999.0 -999.0 -999.0 269.0783666562885 -29.376350917793232 269.1796354359799 -29.38231598494879 50.415761941317626 257.89962587977146 -999.0 5400.0 -999.0 1 166 {-999.0 -999.0 -999.0 -999.0 -999.0} "" -999.0 -999.0 -999.0 -999.0 -999 -999 "" "" "" "" 0 0 0.0 0.0 -999 ""
FIBERMAP 1234 R+5C14 METROLOGY 0 0 0 1 0 0 42.513179433566535 100.68667044230217 143.1 -100.75377040005083 42.34522368543395 176.29283 106.99321 -999.0 -999.0 -999.0 -999.0 -999.0 269.07921282700954 -29.374243893975763 269.1804173420611 -29.380197418742586 50.416022492009226 257.903094318307 -999.0 6231.0 -999.0 -1 -999 {-999.0 -999.0 -999.0 -999.0 -999.0} "" -999.0 -999.0 -999.0 -999.0 -999 -999 "" "" "" "" 0 0 0.0 0.0 -999 ""
FIBERMAP 1236 R+13C5 APOGEE 1 1 0 1 0 0 -48.4922724640167 242.97123570432396 143.1 -242.88318816570114 -48.892713397415505 300.59393 125.76094 268.5835801226147 -29.64718062904678 -8.4115925 -1.7212657 0.06671616 268.5835564960988 -29.647198154442528 268.68572717192086 -29.654429447919178 50.04586987355266 257.35371282554047 16000.0 16600.0 2016.0 2 52 {-999.0 18.298378 16.486883 13.575096 -999.0} sdss_psfmag_gaia 16.611206 14.27905 12.85674 9.246 63050395286489786 1154466423 bright_1x1 mwm_galactic_core_dist_apogee_sparse mwm_galactic science 0 0 0.0 0.0 -999 ""
FIBERMAP 1236 R+13C5 BOSS 0 0 0 1 0 0 -48.79168443986312 242.28029140214673 143.1 -242.19177070712016 -49.190972560095645 300.59393 125.76094 -999.0 -999.0 -999.0 -999.0 -999.0 268.5857121996316 -29.648094331598795 268.68808829490524 -29.65535354314238 50.04805969915502 257.3529055011233 -999.0 5400.0 -999.0 1 89 {-999.0 -999.0 -999.0 -999.0 -999.0} "" -999.0 -999.0 -999.0 -999.0 -999 -999 "" "" "" "" 0 0 0.0 0.0 -999 ""
FIBERMAP 1236 R+13C5 METROLOGY 0 0 0 1 0 0 -49.23501117863417 242.9066429491999 143.1 -242.81736861207955 -49.63532134901602 300.59393 125.76094 -999.0 -999.0 -999.0 -999.0 -999.0 268.5835445871198 -29.6494341210959 268.6858685925161 -29.65668935787721 50.04641887092751 257.35029371079565 -999.0 6231.0 -999.0 -1 -999 {-999.0 -999.0 -999.0 -999.0 -999.0} "" -999.0 -999.0 -999.0 -999.0 -999 -999 "" "" "" "" 0 0 0.0 0.0 -999 ""
FIBERMAP 1237 R-2C7 APOGEE 1 1 0 1 0 0 -150.59115301763256 -34.481436426206955 143.1 34.72948333809599 -150.52925844616098 189.48582 89.560005 269.54990171500566 -29.961065663808313 -0.8220345 -1.2948885 0.70918643 269.54987749354734 -29.961049123055165 269.65289961051894 -29.96556495172593 50.92796253788697 257.1155556499791 16000.0 16600.0 2016.0 2 286 {-999.0 10.581249 10.608821 10.6972275 -999.0} sdss_psfmag_from_g3xp 10.635285 10.55262 10.369204 10.124 63050395284731304 975030319 "" ops_std_apogee ops_std standard_apogee 0 0 0.0 0.0 -999 ""
FIBERMAP 1237 R-2C7 BOSS 0 0 0 1 0 0 -150.43792369277745 -33.75831519977027 143.1 34.00613185252775 -150.37723046933533 189.48582 89.560005 -999.0 -999.0 -999.0 -999.0 -999.0 269.54716581663405 -29.960618766638454 269.65038480271943 -29.96517311874181 50.92574893690711 257.11555152885546 -999.0 5400.0 -999.0 1 469 {-999.0 -999.0 -999.0 -999.0 -999.0} "" -999.0 -999.0 -999.0 -999.0 -999 -999 "" "" "" "" 0 0 0.0 0.0 -999 ""
FIBERMAP 1237 R-2C7 METROLOGY 0 0 0 1 0 0 -149.8928216951628 -34.258881542385346 143.1 34.50578021015989 -149.8313178097441 189.48582 89.560005 -999.0 -999.0 -999.0 -999.0 -999.0 269.5489808729957 -29.95899604679987 269.6521374800235 -29.963536981175967 50.92695150222716 257.11853496714696 -999.0 6231.0 -999.0 -1 -999 {-999.0 -999.0 -999.0 -999.0 -999.0} "" -999.0 -999.0 -999.0 -999.0 -999 -999 "" "" "" "" 0 0 0.0 0.0 -999 ""
FIBERMAP 1238 R-9C3 APOGEE 1 1 0 1 0 0 -134.70269927443294 -158.9903150218606 143.1 159.2080688661841 -134.4353133333427 98.17157 65.28203 269.9849801658481 -29.911831080958564 -9.592734 -7.9902263 0.20805609 269.9849496160873 -29.911857229224974 270.08766567079033 -29.91519133328504 51.28977975405402 257.30104343413257 16000.0 16600.0 2016.0 2 283 {-999.0 19.661045 18.930103 13.81021 -999.0} sdss_psfmag_gaia 17.43794 14.325464 12.7708025 8.655 63050395307255085 1154567884 bright_1x1 mwm_galactic_core_dist_apogee_sparse mwm_galactic science 0 0 0.0 0.0 -999 ""
FIBERMAP 1238 R-9C3 BOSS 0 0 0 1 0 0 -133.98273825484247 -159.18354742957825 143.1 159.4001038676494 -133.71505576704345 98.17157 65.28203 -999.0 -999.0 -999.0 -999.0 -999.0 269.985471155783 -29.9096793695573 270.0883742461232 -29.913042893201688 51.29000411785511 257.3045984080652 -999.0 5400.0 -999.0 1 464 {-999.0 -999.0 -999.0 -999.0 -999.0} "" -999.0 -999.0 -999.0 -999.0 -999 -999 "" "" "" "" 0 0 0.0 0.0 -999 ""
FIBERMAP 1238 R-9C3 METROLOGY 0 0 0 1 0 0 -134.52370926712743 -159.70807516642773 143.1 159.92550977867478 -134.25514153511173 98.17157 65.28203 -999.0 -999.0 -999.0 -999.0 -999.0 269.9873824408657 -29.91133348024702 270.09023562360954 -29.914682801845505 51.291882207296844 257.30247391985733 -999.0 6231.0 -999.0 -1 -999 {-999.0 -999.0 -999.0 -999.0 -999.0} "" -999.0 -999.0 -999.0 -999.0 -999 -999 "" "" "" "" 0 0 0.0 0.0 -999 ""
FIBERMAP 1239 R0C25 APOGEE 1 1 0 1 0 0 247.78961468379913 -19.735063282774256 143.1 19.3244554540606 247.814295663755 321.9368 59.34034 269.4992768742965 -28.754512560047626 -0.3155599 -1.7081851 0.20384918 269.49927714207047 -28.75449489940782 269.59803358608184 -28.75940302234714 50.65092951026061 258.9741112302335 16000.0 16600.0 2016.0 2 105 {-999.0 17.22479 15.394159 14.195798 -999.0} sdss_psfmag_gaia 16.297682 14.890875 13.742345 10.907 63050395309580055 1154576683 bright_1x1 mwm_galactic_core_dist_apogee_sparse mwm_galactic science 0 0 0.0 0.0 -999 ""
FIBERMAP 1239 R0C25 BOSS 0 0 0 1 0 0 247.09202127379578 -19.964386810217846 143.1 19.55492578698855 247.11710411492584 321.9368 59.34034 -999.0 -999.0 -999.0 -999.0 -999.0 269.49987378095153 -28.75653564901874 269.5988334310744 -28.76147741568197 50.65203770144178 258.9711325943158 -999.0 5400.0 -999.0 1 179 {-999.0 -999.0 -999.0 -999.0 -999.0} "" -999.0 -999.0 -999.0 -999.0 -999 -999 "" "" "" "" 0 0 0.0 0.0 -999 ""
FIBERMAP 1239 R0C25 METROLOGY 0 0 0 1 0 0 247.211917441491 -19.263823621508166 143.1 18.8541867638722 247.235837329612 321.9368 59.34034 -999.0 -999.0 -999.0 -999.0 -999.0 269.4975149558888 -28.756139743177897 269.59641830685354 -28.76107794069725 50.649883524991 258.97107079245075 -999.0 6231.0 -999.0 -1 -999 {-999.0 -999.0 -999.0 -999.0 -999.0} "" -999.0 -999.0 -999.0 -999.0 -999 -999 "" "" "" "" 0 0 0.0 0.0 -999 ""
FIBERMAP 1244 R-7C12 APOGEE 1 1 0 1 0 0 21.021067438143184 -153.0215015118884 143.1 152.98179921440095 21.273568414638287 295.52716 39.21139 269.9629657312792 -29.440102333143663 1.9088682 -9.271826 -0.66987187 269.96298881514736 -29.4401152322368 270.06402610591647 -29.443608701840258 51.183788811248895 258.03571173775896 16000.0 16600.0 2016.0 2 163 {-999.0 19.798357 18.379044 14.495503 -999.0} sdss_psfmag_gaia 17.768927 15.127731 13.565433 9.544 63050395307491663 1154569008 bright_1x1 mwm_galactic_core_dist_apogee_sparse mwm_galactic science 0 0 0.0 0.0 -999 ""
FIBERMAP 1244 R-7C12 BOSS 0 0 0 1 0 0 20.344574340619225 -152.7199287322355 143.1 152.6813554076116 20.596598120739184 295.52716 39.21139 -999.0 -999.0 -999.0 -999.0 -999.0 269.9618302286424 -29.442127557085335 270.0630695063488 -29.4456559982814 51.18335314027587 258.03225476469515 -999.0 5400.0 -999.0 1 394 {-999.0 -999.0 -999.0 -999.0 -999.0} "" -999.0 -999.0 -999.0 -999.0 -999 -999 "" "" "" "" 0 0 0.0 0.0 -999 ""
FIBERMAP 1244 R-7C12 METROLOGY 0 0 0 1 0 0 20.927098721739895 -152.27143106801427 143.1 152.2319083725241 21.17836171423007 295.52716 39.21139 -999.0 -999.0 -999.0 -999.0 -999.0 269.96034064646443 -29.44037117017165 270.06151901957463 -29.443894936014633 51.1816975426905 258.03461203507004 -999.0 6231.0 -999.0 -1 -999 {-999.0 -999.0 -999.0 -999.0 -999.0} "" -999.0 -999.0 -999.0 -999.0 -999 -999 "" "" "" "" 0 0 0.0 0.0 -999 ""
FIBERMAP 1245 R-13C10 APOGEE 1 1 0 1 0 0 40.0112230260892 -236.8388925057317 143.1 236.76507430643477 40.401790697334 219.87662 6.7241406 270.252878049644 -29.381677063507983 -8.063278 -4.5688167 0.09539063 270.25289865177047 -29.381671396484553 270.35364016232666 -29.38438337405379 51.42056092753923 258.2041668528316 16000.0 16600.0 2016.0 2 158 {-999.0 17.57562 15.665681 14.259613 -999.0} sdss_psfmag_gaia 16.507442 14.976177 13.755005 10.691 63050395307638624 1154569696 bright_1x1 mwm_galactic_core_dist_apogee_sparse mwm_galactic science 0 0 0.0 0.0 -999 ""
FIBERMAP 1245 R-13C10 BOSS 0 0 0 1 0 0 40.507066043879696 -236.2770463631452 143.1 236.20242585534746 40.89668817855538 219.87662 6.7241406 -999.0 -999.0 -999.0 -999.0 -999.0 270.25078685122804 -29.380141128067994 270.351716323066 -29.38289114407025 51.41863536886596 258.20601554787663 -999.0 5400.0 -999.0 1 439 {-999.0 -999.0 -999.0 -999.0 -999.0} "" -999.0 -999.0 -999.0 -999.0 -999 -999 "" "" "" "" 0 0 0.0 0.0 -999 ""
FIBERMAP 1245 R-13C10 METROLOGY 0 0 0 1 0 0 40.747106448375156 -236.98410940897716 143.1 236.9090690040869 41.13789071149233 219.87662 6.7241406 -999.0 -999.0 -999.0 -999.0 -999.0 270.2533207412583 -29.379407599153584 270.35419219841134 -29.382141782055914 51.420614802782396 258.20784227539986 -999.0 6231.0 -999.0 -1 -999 {-999.0 -999.0 -999.0 -999.0 -999.0} "" -999.0 -999.0 -999.0 -999.0 -999 -999 "" "" "" "" 0 0 0.0 0.0 -999 ""
FIBERMAP 1248 R-10C3 APOGEE 1 1 0 1 0 0 -150.42684199169744 -206.83967334790734 143.1 207.0819038527478 -150.07978248419957 274.56668 48.02239 270.1515337373283 -29.958309397355144 -7.1797266 -4.9172654 -0.0057468386 270.15151643419136 -29.958319720551522 270.2543488810154 -29.961187869616623 51.440061743442946 257.26923512215325 16000.0 16600.0 2016.0 2 284 {-999.0 17.299349 15.363331 13.858365 -999.0} sdss_psfmag_gaia 16.178741 14.581852 13.340084 10.334 63050395257716028 1154363868 bright_1x1 mwm_galactic_core_dist_apogee_sparse mwm_galactic science 0 0 0.0 0.0 -999 ""
FIBERMAP 1248 R-10C3 BOSS 0 0 0 1 0 0 -151.05431936694555 -206.40987819006463 143.1 206.65316069501065 -150.7079507791403 274.56668 48.02239 -999.0 -999.0 -999.0 -999.0 -999.0 270.14984193942223 -29.960200027814285 270.2528758021269 -29.96310226640561 51.43914032317175 257.2658529755758 -999.0 5400.0 -999.0 1 465 {-999.0 -999.0 -999.0 -999.0 -999.0} "" -999.0 -999.0 -999.0 -999.0 -999 -999 "" "" "" "" 0 0 0.0 0.0 -999 ""
FIBERMAP 1248 R-10C3 METROLOGY 0 0 0 1 0 0 -150.36690181340416 -206.09956135479987 143.1 206.34171649587822 -150.02106876450972 274.56668 48.02239 -999.0 -999.0 -999.0 -999.0 -999.0 270.1488594404008 -29.95816956093303 270.25183128623235 -29.961066450671694 51.43789301518318 257.26881434719803 -999.0 6231.0 -999.0 -1 -999 {-999.0 -999.0 -999.0 -999.0 -999.0} "" -999.0 -999.0 -999.0 -999.0 -999 -999 "" "" "" "" 0 0 0.0 0.0 -999 ""
FIBERMAP 1250 R-9C17 APOGEE 0 0 0 1 0 0 160.33105587920926 -164.65435833304304 143.1 164.38379060104117 160.59832222493972 123.88921 120.704895 -999.0 -999.0 -999.0 -999.0 -999.0 270.00086137701265 -29.01834308445381 270.10039523694235 -29.021821740501455 51.134269103085245 258.7055112581784 -999.0 16600.0 -999.0 2 -999 {-999.0 -999.0 -999.0 -999.0 -999.0} "" -999.0 -999.0 -999.0 -999.0 -999 -999 "" "" "" "" 0 0 0.0 0.0 -999 ""
FIBERMAP 1250 R-9C17 BOSS 1 1 0 1 0 0 160.6732538566334 -163.95989575808647 143.1 163.68878419254622 160.93936019177073 123.88921 120.704895 269.99829648563536 -29.017236953894326 -1.5536634 -2.5843282 0.7902761 269.99829278174553 -29.017250748956723 270.0980172716519 -29.020770453357276 51.13202425700662 258.70650609900315 5400.0 5400.0 2016.0 1 334 {-999.0 15.901113 15.279251 15.061096 -999.0} sdss_psfmag_gaia 15.69934 15.321113 14.674663 -999.0 63050395308069808 981937424 "" ops_std_boss_tic ops_std standard_boss 0 0 0.0 0.0 -999 ""
FIBERMAP 1250 R-9C17 METROLOGY 0 0 0 1 0 0 161.07558645527044 -164.58243866879135 143.1 164.31064140931827 161.34270985782123 123.88921 120.704895 -999.0 -999.0 -999.0 -999.0 -999.0 270.0005170197182 -29.016020115031306 270.1001816017935 -29.01952441506304 51.1336365474893 258.70904337681327 -999.0 6231.0 -999.0 -1 -999 {-999.0 -999.0 -999.0 -999.0 -999.0} "" -999.0 -999.0 -999.0 -999.0 -999 -999 "" "" "" "" 0 0 0.0 0.0 -999 ""
FIBERMAP 1255 R-8C3 APOGEE 1 1 0 1 0 0 -147.56436599379273 -173.06787666393168 143.1 173.30645754068544 -147.27327469567436 350.34912 53.860077 270.0340304992125 -29.95041738157129 -4.4890275 -6.5258107 0.06715292 270.03402683357734 -29.950450585904093 270.1368667221666 -29.953642158479273 51.33853049502486 257.2525225163093 16000.0 16600.0 2016.0 2 282 {-999.0 16.872255 14.88261 13.892133 -999.0} sdss_psfmag_from_g3xp 15.906836 14.547382 13.405629 10.562 63050395307246987 1152068878 bright_1x1 mwm_galactic_core_dist_apogee_sparse mwm_galactic science 0 0 0.0 0.0 -999 ""
FIBERMAP 1255 R-8C3 BOSS 0 0 0 1 0 0 -148.09983308942208 -173.57515134509404 143.1 173.81460184469069 -147.80788526967407 350.34912 53.860077 -999.0 -999.0 -999.0 -999.0 -999.0 270.03563327102194 -29.95205099064809 270.1386732142489 -29.95526796443221 51.34035713942563 257.2504010352369 -999.0 5400.0 -999.0 1 463 {-999.0 -999.0 -999.0 -999.0 -999.0} "" -999.0 -999.0 -999.0 -999.0 -999 -999 "" "" "" "" 0 0 0.0 0.0 -999 ""
FIBERMAP 1255 R-8C3 METROLOGY 0 0 0 1 0 0 -148.26712819085637 -172.84374733379647 143.1 173.08349815491536 -147.97638511230048 350.34912 53.860077 -999.0 -999.0 -999.0 -999.0 -999.0 270.03317383613984 -29.952603571859527 270.13616132040545 -29.955818626828254 51.33831149570721 257.248920866819 -999.0 6231.0 -999.0 -1 -999 {-999.0 -999.0 -999.0 -999.0 -999.0} "" -999.0 -999.0 -999.0 -999.0 -999 -999 "" "" "" "" 0 0 0.0 0.0 -999 ""
FIBERMAP 1257 R0C5 APOGEE 1 1 0 1 0 0 -197.4097187393272 10.648040063843904 143.1 -10.321079119771396 -197.42098571273633 55.606316 130.6138 269.3916320800781 -30.10235018741156 -999.0 -999.0 -999.0 269.3916223433429 -30.102345805363672 269.4951993342664 -30.107265813837625 50.81869416570455 256.85623696116403 16000.0 16600.0 2015.5 2 278 {-999.0 -999.0 -999.0 -999.0 -999.0} "" -999.0 -999.0 -999.0 -999.0 27021603147180203 848859318 "" ops_sky_apogee_good ops_sky sky_apogee 0 0 0.0 0.0 -999 ""
FIBERMAP 1257 R0C5 BOSS 0 0 0 1 0 0 -196.66969036945179 10.604704448517321 143.1 -10.278969290543667 -196.68090944899717 55.606316 130.6138 -999.0 -999.0 -999.0 -999.0 -999.0 269.39157577283595 -30.1001391913972 269.4953435534873 -30.10509054678204 50.8184339632267 256.85966102569193 -999.0 5400.0 -999.0 1 452 {-999.0 -999.0 -999.0 -999.0 -999.0} "" -999.0 -999.0 -999.0 -999.0 -999 -999 "" "" "" "" 0 0 0.0 0.0 -999 ""
FIBERMAP 1257 R0C5 METROLOGY 0 0 0 1 0 0 -197.07666680262028 9.979784275941347 143.1 -9.653395870058821 -197.08683884705425 55.606316 130.6138 -999.0 -999.0 -999.0 -999.0 -999.0 269.3938174215264 -30.101406761203283 269.49753279843566 -30.106342983317898 50.82051882145437 256.8582374219708 -999.0 6231.0 -999.0 -1 -999 {-999.0 -999.0 -999.0 -999.0 -999.0} "" -999.0 -999.0 -999.0 -999.0 -999 -999 "" "" "" "" 0 0 0.0 0.0 -999 ""
FIBERMAP 1258 R-12C12 APOGEE 0 0 0 1 0 0 86.79303100255302 -217.309934478313 143.1 217.1593430450636 87.149782701208 120.18811 95.935135 -999.0 -999.0 -999.0 -999.0 -999.0 270.1843718430059 -29.240345853817814 270.2846335351091 -29.24327523750752 51.33488174817383 258.4080239119953 -999.0 16600.0 -999.0 2 -999 {-999.0 -999.0 -999.0 -999.0 -999.0} "" -999.0 -999.0 -999.0 -999.0 -999 -999 "" "" "" "" 0 0 0.0 0.0 -999 ""
FIBERMAP 1258 R-12C12 BOSS 1 1 0 1 0 0 87.42850281835896 -216.86588902298064 143.1 216.71426047303126 87.78449939240124 120.18811 95.935135 270.18264770507807 -29.238362106686267 -999.0 -999.0 -999.0 270.1826659322162 -29.238381915000137 270.2831141370402 -29.241348984050845 51.33321399341177 258.41064742957224 5400.0 5400.0 2015.5 1 428 {-999.0 -999.0 -999.0 -999.0 -999.0} "" -999.0 -999.0 -999.0 -999.0 27021603147276417 852502508 "" ops_sky_boss_fallback ops_sky sky_boss 0 0 0.0 0.0 -999 ""
FIBERMAP 1258 R-12C12 METROLOGY 0 0 0 1 0 0 87.47795896359308 -217.6105536809292 143.1 217.45881934983774 87.83518600957143 120.18811 95.935135 -999.0 -999.0 -999.0 -999.0 -999.0 270.1853288180771 -29.238221405382326 270.2857209523994 -29.24117197647645 51.33541349089166 258.4116177077014 -999.0 6231.0 -999.0 -1 -999 {-999.0 -999.0 -999.0 -999.0 -999.0} "" -999.0 -999.0 -999.0 -999.0 -999 -999 "" "" "" "" 0 0 0.0 0.0 -999 ""
FIBERMAP 1259 R+6C4 APOGEE 0 0 0 1 0 0 -158.69379549229436 99.84835257087788 143.1 -99.58257844858642 -158.8538916471058 290.0234 87.83068 -999.0 -999.0 -999.0 -999.0 -999.0 269.07969950485244 -29.984287863744065 269.18294038699423 -29.99008781252988 50.53185441978439 256.96222225623177 -999.0 16600.0 -999.0 2 -999 {-999.0 -999.0 -999.0 -999.0 -999.0} "" -999.0 -999.0 -999.0 -999.0 -999 -999 "" "" "" "" 0 0 0.0 0.0 -999 ""
FIBERMAP 1259 R+6C4 BOSS 1 1 0 1 0 0 -159.39309590932643 99.58454441605275 143.1 -99.31762177332674 -159.55273309253135 290.0234 87.83068 269.0803662611026 -29.986402605023684 -0.21913944 -1.4374613 0.3765595 269.0803779123221 -29.986424489051707 269.1838266746422 -29.992253907190292 50.532999647645894 256.95908778627944 5400.0 5400.0 2016.0 1 39 {-999.0 16.43635 14.878086 14.18054 -999.0} sdss_psfmag_from_g3xp 15.752564 14.781892 13.726536 11.435 63050395284946520 938819915 bright_1x1 openfibertargets_nov2020_34a open_fiber science 0 0 0.0 0.0 -999 ""
FIBERMAP 1259 R+6C4 METROLOGY 0 0 0 1 0 0 -159.25187580427388 100.34639331436875 143.1 -100.07967981545369 -159.41277802491027 290.0234 87.83068 -999.0 -999.0 -999.0 -999.0 -999.0 269.07775727693115 -29.98601319016942 269.1811485233013 -29.99184088035473 50.53064365700379 256.95906969077583 -999.0 6231.0 -999.0 -1 -999 {-999.0 -999.0 -999.0 -999.0 -999.0} "" -999.0 -999.0 -999.0 -999.0 -999 -999 "" "" "" "" 0 0 0.0 0.0 -999 ""
FIBERMAP 1262 R-5C7 APOGEE 1 1 0 1 0 0 -97.00879643097551 -113.01683924387746 143.1 113.17370666621972 -96.81868711030525 306.64502 90.95493 269.82451204134213 -29.798402321031997 -1.8957767 -7.952313 0.052765176 269.824498692541 -29.798402529647767 269.9268559310631 -29.802199993881217 51.132385754097406 257.43877056851704 16000.0 16600.0 2016.0 2 293 {-999.0 17.904066 15.939433 14.275315 -999.0} sdss_psfmag_gaia 16.671562 15.006396 13.702735 10.335 63050395307374802 1154568723 bright_1x1 mwm_galactic_core_dist_apogee_sparse mwm_galactic science 0 0 0.0 0.0 -999 ""
FIBERMAP 1262 R-5C7 BOSS 0 0 0 1 0 0 -97.63069688425327 -113.4587904672361 143.1 113.61667261955078 -97.43983634049378 306.64502 90.95493 -999.0 -999.0 -999.0 -999.0 -999.0 269.82590471960094 -29.800293656676903 269.9284640895456 -29.804117972126562 51.134103828098695 257.43616457678036 -999.0 5400.0 -999.0 1 482 {-999.0 -999.0 -999.0 -999.0 -999.0} "" -999.0 -999.0 -999.0 -999.0 -999 -999 "" "" "" "" 0 0 0.0 0.0 -999 ""
FIBERMAP 1262 R-5C7 METROLOGY 0 0 0 1 0 0 -97.69908098087447 -112.72156480380809 143.1 112.87958381464362 -97.50943799219398 306.64502 90.95493 -999.0 -999.0 -999.0 -999.0 -999.0 269.82340174673755 -29.800528246980004 269.9259072336086 -29.804350559331166 51.13196332722397 257.4351632836611 -999.0 6231.0 -999.0 -1 -999 {-999.0 -999.0 -999.0 -999.0 -999.0} "" -999.0 -999.0 -999.0 -999.0 -999 -999 "" "" "" "" 0 0 0.0 0.0 -999 ""
FIBERMAP 1263 R-7C13 APOGEE 1 1 0 1 0 0 74.65182046721034 -126.59542873022932 143.1 126.46784335102048 74.85887373186569 84.14073 45.594036 269.8705746443367 -29.27763943247826 -1.2337089 -3.5569828 0.06669778 269.8705720979823 -29.277651442340098 269.9710607885737 -29.281432233035368 51.07359526298948 258.2650966278576 16000.0 16600.0 2016.0 2 176 {-999.0 17.344227 15.521319 14.339065 -999.0} sdss_psfmag_gaia 16.262053 15.032009 13.723039 10.86 63050395307835146 1154570337 bright_1x1 mwm_galactic_core_dist_apogee_sparse mwm_galactic science 0 0 0.0 0.0 -999 ""
FIBERMAP 1263 R-7C13 BOSS 0 0 0 1 0 0 75.14744147250805 -127.17493382682409 143.1 127.04650979058226 75.35543759666226 84.14073 45.594036 -999.0 -999.0 -999.0 -999.0 -999.0 269.87244795976494 -29.276079876560235 269.9731252957589 -29.279888882792825 51.075068456676554 258.26805466269457 -999.0 5400.0 -999.0 1 419 {-999.0 -999.0 -999.0 -999.0 -999.0} "" -999.0 -999.0 -999.0 -999.0 -999 -999 "" "" "" "" 0 0 0.0 0.0 -999 ""
FIBERMAP 1263 R-7C13 METROLOGY 0 0 0 1 0 0 74.41043422706299 -127.30312334763386 143.1 127.17591458122756 74.61866615200705 84.14073 45.594036 -999.0 -999.0 -999.0 -999.0 -999.0 269.8729736452519 -29.27831472162151 269.9736035413949 -29.282112452377177 51.07590214923789 258.2647072810398 -999.0 6231.0 -999.0 -1 -999 {-999.0 -999.0 -999.0 -999.0 -999.0} "" -999.0 -999.0 -999.0 -999.0 -999 -999 "" "" "" "" 0 0 0.0 0.0 -999 ""
FIBERMAP 1268 R0C1 APOGEE 1 1 0 1 0 0 -300.7996206426415 -4.743572189305205 143.1 5.241098707687215 -300.78209595420833 185.18555 136.50014 269.4449860993371 -30.412916690518134 -2.5805316 -5.2228622 0.28573033 269.4450131282045 -30.41293739792547 269.54969894550516 -30.41764605173053 50.91865604364481 256.38469530405257 16000.0 16600.0 2016.0 2 254 {-999.0 20.806236 20.53763 14.705956 -999.0} sdss_psfmag_gaia 18.24294 15.146833 13.345305 8.372 63050395284369998 1154457391 bright_1x1 mwm_galactic_core_dist_apogee_sparse mwm_galactic science 0 0 0.0 0.0 -999 ""
FIBERMAP 1268 R0C1 BOSS 0 0 0 1 0 0 -301.3606076888564 -4.280515684210297 143.1 4.7789852630674154 -301.34383109060553 185.18555 136.50014 -999.0 -999.0 -999.0 -999.0 -999.0 269.44318839610855 -30.414527754293324 269.5480794319708 -30.419270538344335 50.91755460987093 256.381780692529 -999.0 5400.0 -999.0 1 524 {-999.0 -999.0 -999.0 -999.0 -999.0} "" -999.0 -999.0 -999.0 -999.0 -999 -999 "" "" "" "" 0 0 0.0 0.0 -999 ""
FIBERMAP 1268 R0C1 METROLOGY 0 0 0 1 0 0 -300.70703527357455 -4.009924506161919 143.1 4.507321440698371 -300.6907273985674 185.18555 136.50014 -999.0 -999.0 -999.0 -999.0 -999.0 269.44230116709406 -30.412648586892352 269.5471292657946 -30.417385853835974 50.916427995297965 256.3845069632157 -999.0 6231.0 -999.0 -1 -999 {-999.0 -999.0 -999.0 -999.0 -999.0} "" -999.0 -999.0 -999.0 -999.0 -999 -999 "" "" "" "" 0 0 0.0 0.0 -999 ""
FIBERMAP 1269 R+7C9 APOGEE 1 1 0 1 0 0 -33.306960161139244 124.27556234565593 143.1 -124.21645750911517 -33.51150517247184 259.62393 128.9077 268.9960479090987 -29.603999721142632 -2.2958884 -5.942443 0.10834158 268.9960197491618 -29.60402462973078 269.0979221878596 -29.610133642244445 50.38933267513413 257.5274929293514 16000.0 16600.0 2016.0 2 139 {-999.0 17.576324 15.390548 14.423612 -999.0} sdss_psfmag_ps1 16.227266 14.670225 13.456754 10.325 63050395286605122 1153392006 bright_1x1 mwm_galactic_core_dist_apogee_sparse mwm_galactic science 0 0 0.0 0.0 -999 ""
FIBERMAP 1269 R+7C9 BOSS 0 0 0 1 0 0 -33.96945516184814 123.91362837224581 143.1 -123.85343906716928 -34.17338003438878 259.62393 128.9077 -999.0 -999.0 -999.0 -999.0 -999.0 268.99699866510184 -29.60602326459039 269.0991082795973 -29.61216256655463 50.39072751443963 257.524672140151 -999.0 5400.0 -999.0 1 136 {-999.0 -999.0 -999.0 -999.0 -999.0} "" -999.0 -999.0 -999.0 -999.0 -999 -999 "" "" "" "" 0 0 0.0 0.0 -999 ""
FIBERMAP 1269 R+7C9 METROLOGY 0 0 0 1 0 0 -33.94198643250544 124.66046250511964 143.1 -124.6002946228871 -34.14714784100068 259.62393 128.9077 -999.0 -999.0 -999.0 -999.0 -999.0 268.99443876844265 -29.60594002759007 269.0964920469483 -29.61207690734499 50.388477549331625 257.5241322799868 -999.0 6231.0 -999.0 -1 -999 {-999.0 -999.0 -999.0 -999.0 -999.0} "" -999.0 -999.0 -999.0 -999.0 -999 -999 "" "" "" "" 0 0 0.0 0.0 -999 ""
FIBERMAP 1273 R+2C9 APOGEE 1 1 0 1 0 0 -74.55619596544376 54.50843904116369 143.1 -54.38333082385958 -74.6439829101127 115.049225 27.489199 269.23897582637375 -29.730147122135314 -1.7882868 -4.209063 -0.025201792 269.2389763352637 -29.73017021263452 269.34126041923184 -29.735586645695317 50.620444121786434 257.3956832711782 16000.0 16600.0 2016.0 2 32 {-999.0 20.99999 20.914812 14.815817 -999.0} sdss_psfmag_gaia 18.646624 15.2279 13.667717 9.22 63050395285168886 1154460735 bright_1x1 mwm_galactic_core_dist_apogee_sparse mwm_galactic science 0 0 0.0 0.0 -999 ""
FIBERMAP 1273 R+2C9 BOSS 0 0 0 1 0 0 -73.94143461858475 54.09066311429538 143.1 -53.96658547152446 -74.02855012056516 115.049225 27.489199 -999.0 -999.0 -999.0 -999.0 -999.0 269.2402070854997 -29.728319211019315 269.34268327024193 -29.733765121619136 50.62132222819719 257.3988643873917 -999.0 5400.0 -999.0 1 54 {-999.0 -999.0 -999.0 -999.0 -999.0} "" -999.0 -999.0 -999.0 -999.0 -999 -999 "" "" "" "" 0 0 0.0 0.0 -999 ""
FIBERMAP 1273 R+2C9 METROLOGY 0 0 0 1 0 0 -74.62340312857813 53.762763810668424 143.1 -53.63756838518988 -74.70995417638389 115.049225 27.489199 -999.0 -999.0 -999.0 -999.0 -999.0 269.24139771040745 -29.730408232601793 269.3438246081114 -29.735841234093964 50.62267940669172 257.39593649486085 -999.0 6231.0 -999.0 -1 -999 {-999.0 -999.0 -999.0 -999.0 -999.0} "" -999.0 -999.0 -999.0 -999.0 -999 -999 "" "" "" "" 0 0 0.0 0.0 -999 ""
FIBERMAP 1275 R-6C7 APOGEE 1 1 0 1 0 0 -77.06076721031621 -128.4499763251805 143.1 128.57334286102127 -76.84576515267922 347.43246 80.98351 269.8782715843916 -29.737782271210264 -5.010637 -4.66993 0.26487887 269.87827131400854 -29.737795428952605 269.98039550258864 -29.741458321516934 51.1671228189656 257.54739188715394 16000.0 16600.0 2016.0 2 246 {-999.0 18.552729 16.590105 14.358943 -999.0} sdss_psfmag_gaia 17.078293 15.091914 13.7111025 10.324 63050395307379976 1154568405 bright_1x1 mwm_galactic_core_dist_apogee_sparse mwm_galactic science 0 0 0.0 0.0 -999 ""
FIBERMAP 1275 R-6C7 BOSS 0 0 0 1 0 0 -77.32763088840166 -129.14498272792267 143.1 129.26876843767133 -77.11147034380852 347.43246 80.98351 -999.0 -999.0 -999.0 -999.0 -999.0 269.88056569105106 -29.738598757263453 269.98288743833973 -29.742286432156163 51.16940068701931 257.546717986162 -999.0 5400.0 -999.0 1 505 {-999.0 -999.0 -999.0 -999.0 -999.0} "" -999.0 -999.0 -999.0 -999.0 -999 -999 "" "" "" "" 0 0 0.0 0.0 -999 ""
FIBERMAP 1275 R-6C7 METROLOGY 0 0 0 1 0 0 -77.79527375071987 -128.56410298289956 143.1 128.6886811034932 -77.58005924003169 347.43246 80.98351 -999.0 -999.0 -999.0 -999.0 -999.0 269.8786145379233 -29.740040496319438 269.9808866708699 -29.74372435961563 51.167952604318 257.54396097351344 -999.0 6231.0 -999.0 -1 -999 {-999.0 -999.0 -999.0 -999.0 -999.0} "" -999.0 -999.0 -999.0 -999.0 -999 -999 "" "" "" "" 0 0 0.0 0.0 -999 ""
FIBERMAP 1278 R+2C4 APOGEE 0 0 0 1 0 0 -197.56282234790655 30.468219735197202 143.1 -30.14036788743608 -197.60687728806062 258.1784 149.00175 -999.0 -999.0 -999.0 -999.0 -999.0 269.3222003200858 -30.102651016892235 269.42579843025976 -30.107761280273053 50.75968350024765 256.83872811391365 -999.0 16600.0 -999.0 2 -999 {-999.0 -999.0 -999.0 -999.0 -999.0} "" -999.0 -999.0 -999.0 -999.0 -999 -999 "" "" "" "" 0 0 0.0 0.0 -999 ""
FIBERMAP 1278 R+2C4 BOSS 1 1 0 1 0 0 -197.99987300626645 29.933773690050835 143.1 -29.605215925520625 -198.04302963514942 258.1784 149.00175 269.32388815662244 -30.10400898218394 -0.37404552 -4.2721047 1.4191698 269.32386079786835 -30.103997225320743 269.42766242244926 -30.109133523609014 50.761512777171376 256.8370424661067 5400.0 5400.0 2016.0 1 35 {-999.0 18.721504 17.059486 16.134396 -999.0} sdss_psfmag_gaia 17.896898 16.781206 15.643861 13.072 63050395284542493 980176839 "" ops_std_boss_red ops_std standard_boss 0 0 0.0 0.0 -999 ""
FIBERMAP 1278 R+2C4 METROLOGY 0 0 0 1 0 0 -198.29398250634375 30.62602670434042 143.1 -30.296960060715577 -198.3382750208328 258.1784 149.00175 -999.0 -999.0 -999.0 -999.0 -999.0 269.32148579185014 -30.104914307218625 269.4252349853402 -30.110048177606725 50.75960712825564 256.83503366395917 -999.0 6231.0 -999.0 -1 -999 {-999.0 -999.0 -999.0 -999.0 -999.0} "" -999.0 -999.0 -999.0 -999.0 -999 -999 "" "" "" "" 0 0 0.0 0.0 -999 ""
FIBERMAP 1279 R-5C22 APOGEE 1 1 0 1 0 0 251.11785555323306 -101.13363792742271 143.1 100.71490496486938 251.27710507131536 8.534224 91.4925 269.78004145913917 -28.744844210287532 -2.2565384 -3.1032858 0.11677759 269.7800097707236 -28.744866153050065 269.87864975228104 -28.749007315246985 50.889725148751566 259.0690821015559 16000.0 16600.0 2016.0 2 236 {-999.0 17.550869 15.583771 13.900229 -999.0} sdss_psfmag_gaia 16.334238 14.631975 13.350179 10.172 63050395309525982 1154576563 bright_1x1 mwm_galactic_core_dist_apogee_sparse mwm_galactic science 0 0 0.0 0.0 -999 ""
FIBERMAP 1279 R-5C22 BOSS 0 0 0 1 0 0 251.27571473551762 -101.86230290263602 143.1 101.4432853185927 251.43616476654273 8.534224 91.4925 -999.0 -999.0 -999.0 -999.0 -999.0 269.78231983357153 -28.74436701807575 269.88115196744644 -28.748537189301572 50.891778524258015 259.0705153254054 -999.0 5400.0 -999.0 1 346 {-999.0 -999.0 -999.0 -999.0 -999.0} "" -999.0 -999.0 -999.0 -999.0 -999 -999 "" "" "" "" 0 0 0.0 0.0 -999 ""
FIBERMAP 1279 R-5C22 METROLOGY 0 0 0 1 0 0 250.5599924261919 -101.62082675377607 143.1 101.20300111489388 250.72006595389962 8.534224 91.4925 -999.0 -999.0 -999.0 -999.0 -999.0 269.78157676889145 -28.746475384911566 269.88036136481327 -28.750637157401318 50.891524350092126 259.06703278099195 -999.0 6231.0 -999.0 -1 -999 {-999.0 -999.0 -999.0 -999.0 -999.0} "" -999.0 -999.0 -999.0 -999.0 -999 -999 "" "" "" "" 0 0 0.0 0.0 -999 ""
FIBERMAP 1282 R+11C4 APOGEE 1 1 0 1 0 0 -93.2516670108953 211.9776666484123 143.1 -211.8165608024877 -93.59938859724203 275.48593 170.35985 268.68988037109375 -29.783526716778553 -999.0 -999.0 -999.0 268.6899246385616 -29.783543516651466 268.7925536454609 -29.790454503304883 50.16255015754583 257.1725932142215 16000.0 16600.0 2015.5 2 148 {-999.0 -999.0 -999.0 -999.0 -999.0} "" -999.0 -999.0 -999.0 -999.0 27021603147183874 848860069 "" ops_sky_apogee_good ops_sky sky_apogee 0 0 0.0 0.0 -999 ""
FIBERMAP 1282 R+11C4 BOSS 0 0 0 1 0 0 -93.2926425079562 211.26049662599388 143.1 -211.0993460557446 -93.63917620372868 275.48593 170.35985 -999.0 -999.0 -999.0 -999.0 -999.0 268.6921727079444 -29.78366969245538 268.79500392333904 -29.790607779540295 50.164667962722625 257.1729764167963 -999.0 5400.0 -999.0 1 151 {-999.0 -999.0 -999.0 -999.0 -999.0} "" -999.0 -999.0 -999.0 -999.0 -999 -999 "" "" "" "" 0 0 0.0 0.0 -999 ""
FIBERMAP 1282 R+11C4 METROLOGY 0 0 0 1 0 0 -93.91460901904607 211.65801913737207 143.1 -211.4958267230256 -94.26178041603644 275.48593 170.35985 -999.0 -999.0 -999.0 -999.0 -999.0 268.6907996853868 -29.785562813315593 268.79358071338794 -29.792494832868904 50.16380588991767 257.1697230647991 -999.0 6231.0 -999.0 -1 -999 {-999.0 -999.0 -999.0 -999.0 -999.0} "" -999.0 -999.0 -999.0 -999.0 -999 -999 "" "" "" "" 0 0 0.0 0.0 -999 ""
FIBERMAP 1283 R+3C24 APOGEE 1 1 0 1 0 0 249.38634823459816 53.67588554370501 143.1 -54.086773661335286 249.28951793608252 172.36026 146.93707 269.24593319876766 -28.7493892341622 -4.6243296 -4.063737 0.047050472 269.2459167022327 -28.749368826355827 269.34472854728057 -28.754972280176133 50.43262747987875 258.90968737963937 16000.0 16600.0 2016.0 2 85 {-999.0 19.556784 17.753984 14.814478 -999.0} sdss_psfmag_gaia 17.932796 15.516783 14.164072 10.588 63050395309442647 1154576150 bright_1x1 mwm_galactic_core_dist_apogee_sparse mwm_galactic science 0 0 0.0 0.0 -999 ""
FIBERMAP 1283 R+3C24 BOSS 0 0 0 1 0 0 248.81975781495876 54.15125959921508 143.1 -54.561194989234174 248.7221592268758 172.36026 146.93707 -999.0 -999.0 -999.0 -999.0 -999.0 269.2440670850692 -28.751019282929445 269.343082954472 -28.756663669088628 50.43156121829327 258.90662505728477 -999.0 5400.0 -999.0 1 258 {-999.0 -999.0 -999.0 -999.0 -999.0} "" -999.0 -999.0 -999.0 -999.0 -999 -999 "" "" "" "" 0 0 0.0 0.0 -999 ""
FIBERMAP 1283 R+3C24 METROLOGY 0 0 0 1 0 0 249.5066350257552 54.43036488541936 143.1 -54.8414277493349 249.4085525562887 172.36026 146.93707 -999.0 -999.0 -999.0 -999.0 -999.0 269.2431602698066 -28.748921620719464 269.34211302792204 -28.754558679140573 50.430298368153636 258.90958670244794 -999.0 6231.0 -999.0 -1 -999 {-999.0 -999.0 -999.0 -999.0 -999.0} "" -999.0 -999.0 -999.0 -999.0 -999 -999 "" "" "" "" 0 0 0.0 0.0 -999 ""
FIBERMAP 1284 R+4C21 APOGEE 1 1 0 1 0 0 183.43772883470334 79.45701303481621 143.1 -79.75795846834322 183.30036461986919 211.97777 72.897285 269.1556710040959 -28.947821684122914 2.6119423 -4.484292 -0.044320334 269.15568356938405 -28.947796975469867 269.2552172650584 -28.95360598193863 50.396122921953726 258.5795049734898 16000.0 16600.0 2016.0 2 116 {-999.0 17.95634 15.986447 13.822926 -999.0} sdss_psfmag_gaia 16.505001 14.557247 13.180979 9.517 63050395309341552 1154575621 bright_1x1 mwm_galactic_core_dist_apogee_sparse mwm_galactic science 0 0 0.0 0.0 -999 ""
FIBERMAP 1284 R+4C21 BOSS 0 0 0 1 0 0 183.22324494446795 80.1704083518031 143.1 -80.47097596831082 183.08470730219898 211.97777 72.897285 -999.0 -999.0 -999.0 -999.0 -999.0 269.15298740534837 -28.948352816218755 269.2527223295461 -28.954204719656296 50.39410463653059 258.5778968922709 -999.0 5400.0 -999.0 1 201 {-999.0 -999.0 -999.0 -999.0 -999.0} "" -999.0 -999.0 -999.0 -999.0 -999 -999 "" "" "" "" 0 0 0.0 0.0 -999 ""
FIBERMAP 1284 R+4C21 METROLOGY 0 0 0 1 0 0 183.9490032804342 79.99447666282147 143.1 -80.29625072081717 183.81073337398914 211.97777 72.897285 -999.0 -999.0 -999.0 -999.0 -999.0 269.1536537198377 -28.946148225043643 269.25332444483496 -28.95198867557641 50.394175479698866 258.58146818863383 -999.0 6231.0 -999.0 -1 -999 {-999.0 -999.0 -999.0 -999.0 -999.0} "" -999.0 -999.0 -999.0 -999.0 -999 -999 "" "" "" "" 0 0 0.0 0.0 -999 ""
FIBERMAP 1288 R-12C5 APOGEE 0 0 0 1 0 0 -76.36438741795423 -236.2097527166303 143.1 236.32850057928835 -75.9711170120199 168.36511 144.88573 -999.0 -999.0 -999.0 -999.0 -999.0 270.25280091922434 -29.733853606522594 270.3547973476947 -29.736491644575946 51.48599645511746 257.648962553347 -999.0 16600.0 -999.0 2 -999 {-999.0 -999.0 -999.0 -999.0 -999.0} "" -999.0 -999.0 -999.0 -999.0 -999 -999 "" "" "" "" 0 0 0.0 0.0 -999 ""
FIBERMAP 1288 R-12C5 BOSS 1 1 0 1 0 0 -76.871160443371 -235.68628525093695 143.1 235.80588841921173 -76.47873982278449 168.36511 144.88573 270.2508317970766 -29.73536919073126 -0.6911674 -5.249281 -0.7750305 270.25082321957393 -29.73537311140338 270.3530189326263 -29.73804681998958 51.48475607867651 257.6460610149134 5400.0 5400.0 2016.0 1 427 {-999.0 18.328903 16.357014 14.215403 -999.0} sdss_psfmag_gaia 16.884607 14.950086 13.574787 9.902 63050395307316326 1093444092 bright_3x1 mwm_astar_core_boss mwm_ob science 0 0 0.0 0.0 -999 ""
FIBERMAP 1288 R-12C5 METROLOGY 0 0 0 1 0 0 -76.15266117642336 -235.49234752049404 143.1 235.61076815580006 -75.76058454300305 168.36511 144.88573 -999.0 -999.0 -999.0 -999.0 -999.0 270.2502452148435 -29.733226786057166 270.3523786653287 -29.735893870824565 51.48382312092727 257.64930220071506 -999.0 6231.0 -999.0 -1 -999 {-999.0 -999.0 -999.0 -999.0 -999.0} "" -999.0 -999.0 -999.0 -999.0 -999 -999 "" "" "" "" 0 0 0.0 0.0 -999 ""
FIBERMAP 1292 R-8C6 APOGEE 0 0 0 1 0 0 -109.23979630295113 -158.16006676650466 143.1 158.33571842609103 -108.97460313461444 236.95871 57.763298 -999.0 -999.0 -999.0 -999.0 -999.0 269.98196262068956 -29.834858132822006 270.0844032670633 -29.83821659921527 51.27331536704966 257.42134277347066 -999.0 16600.0 -999.0 2 -999 {-999.0 -999.0 -999.0 -999.0 -999.0} "" -999.0 -999.0 -999.0 -999.0 -999 -999 "" "" "" "" 0 0 0.0 0.0 -999 ""
FIBERMAP 1292 R-8C6 BOSS 1 1 0 1 0 0 -109.58226766871249 -157.46584151570656 143.1 157.64208213352606 -109.31821209334609 236.95871 57.763298 269.9794006347656 -29.83592124383749 -999.0 -999.0 -999.0 269.9794064976498 -29.835907743605866 270.0820466211569 -29.839303674149143 51.27149807978653 257.41904969919767 5400.0 5400.0 2015.5 1 363 {-999.0 -999.0 -999.0 -999.0 -999.0} "" -999.0 -999.0 -999.0 -999.0 27021603147275401 852502300 "" ops_sky_boss_fallback ops_sky sky_boss 0 0 0.0 0.0 -999 ""
FIBERMAP 1292 R-8C6 METROLOGY 0 0 0 1 0 0 -108.81608218301199 -157.54365411141043 143.1 157.71862455656716 -108.55192251235599 236.95871 57.763298 -999.0 -999.0 -999.0 -999.0 -999.0 269.97975434192307 -29.833611320395065 270.0823308783497 -29.83699809130762 51.27132900389233 257.4227460545115 -999.0 6231.0 -999.0 -1 -999 {-999.0 -999.0 -999.0 -999.0 -999.0} "" -999.0 -999.0 -999.0 -999.0 -999 -999 "" "" "" "" 0 0 0.0 0.0 -999 ""
FIBERMAP 1293 R+1C5 APOGEE 1 1 0 1 0 0 -189.8125113875745 8.697328893540156 143.1 -8.383000436092715 -189.82079526228344 252.84132 135.4852 269.3984985351562 -30.079446877280645 -999.0 -999.0 -999.0 269.39849556921297 -30.079437549616895 269.5019879631542 -30.08434351253971 50.820434996471334 256.8935905894251 16000.0 16600.0 2015.5 2 39 {-999.0 -999.0 -999.0 -999.0 -999.0} "" -999.0 -999.0 -999.0 -999.0 27021603147180566 848859382 "" ops_sky_apogee_good ops_sky sky_apogee 0 0 0.0 0.0 -999 ""
FIBERMAP 1293 R+1C5 BOSS 0 0 0 1 0 0 -190.4482354609498 8.332504211530306 143.1 -8.017135671583421 -190.45589527531794 252.84132 135.4852 -999.0 -999.0 -999.0 -999.0 -999.0 269.3995683183716 -30.081385783920606 269.5032660866819 -30.086319212239072 50.821872227787104 256.8908212242211 -999.0 5400.0 -999.0 1 65 {-999.0 -999.0 -999.0 -999.0 -999.0} "" -999.0 -999.0 -999.0 -999.0 -999 -999 "" "" "" "" 0 0 0.0 0.0 -999 ""
FIBERMAP 1293 R+1C5 METROLOGY 0 0 0 1 0 0 -190.47539543493838 9.064263118772256 143.1 -8.748826102315805 -190.4842650856548 252.84132 135.4852 -999.0 -999.0 -999.0 -999.0 -999.0 269.3970596517215 -30.081497984237412 269.50070226228655 -30.08642953679292 50.81970810152896 256.8900297115307 -999.0 6231.0 -999.0 -1 -999 {-999.0 -999.0 -999.0 -999.0 -999.0} "" -999.0 -999.0 -999.0 -999.0 -999 -999 "" "" "" "" 0 0 0.0 0.0 -999 ""
FIBERMAP 1294 R+13C4 APOGEE 1 1 0 1 0 0 -81.31211941993891 268.5390658995176 143.1 -268.3958947686393 -81.75380707652161 124.441216 90.18126 268.49435949917785 -29.74551552010447 -3.1610987 -8.826354 -0.2056771 268.4943947764812 -29.74555289433493 268.59694112030354 -29.75300826259356 49.988748407596006 257.18039595083314 16000.0 16600.0 2016.0 2 53 {-999.0 19.382208 17.316252 15.318236 -999.0} sdss_psfmag_ps1 17.939915 15.859656 14.337953 10.791 63050395286473258 1153391764 bright_1x1 mwm_galactic_core_dist_apogee_sparse mwm_galactic science 0 0 0.0 0.0 -999 ""
FIBERMAP 1294 R+13C4 BOSS 0 0 0 1 0 0 -80.65166435646267 268.8978155205286 143.1 -268.755725585505 -81.09396681763901 124.441216 90.18126 -999.0 -999.0 -999.0 -999.0 -999.0 268.4929922217255 -29.74350466634769 268.59573511397537 -29.75099814350376 49.987342038301065 257.1831603326878 -999.0 5400.0 -999.0 1 90 {-999.0 -999.0 -999.0 -999.0 -999.0} "" -999.0 -999.0 -999.0 -999.0 -999 -999 "" "" "" "" 0 0 0.0 0.0 -999 ""
FIBERMAP 1294 R+13C4 METROLOGY 0 0 0 1 0 0 -80.67798276593236 268.1303629548625 143.1 -267.98825416349206 -81.11901461454048 124.441216 90.18126 -999.0 -999.0 -999.0 -999.0 -999.0 268.495635794502 -29.74363768049335 268.59832076745096 -29.751114284557087 49.98956865992073 257.18363957470626 -999.0 6231.0 -999.0 -1 -999 {-999.0 -999.0 -999.0 -999.0 -999.0} "" -999.0 -999.0 -999.0 -999.0 -999 -999 "" "" "" "" 0 0 0.0 0.0 -999 ""
FIBERMAP 1295 R-12C3 APOGEE 0 0 0 1 0 0 -123.89107581305548 -216.90171212936653 143.1 217.09971498400165 -123.52822207972211 176.76292 57.04399 -999.0 -999.0 -999.0 -999.0 -999.0 270.1863174401789 -29.87795941210491 270.288850590069 -29.880749161356203 51.455356787461675 257.40472818298883 -999.0 16600.0 -999.0 2 -999 {-999.0 -999.0 -999.0 -999.0 -999.0} "" -999.0 -999.0 -999.0 -999.0 -999 -999 "" "" "" "" 0 0 0.0 0.0 -999 ""
FIBERMAP 1295 R-12C3 BOSS 1 1 0 1 0 0 -123.45471858263012 -216.2565871021885 143.1 216.45388874775102 -123.09294625889643 176.76292 57.04399 270.18393166030904 -29.87665139803713 -1.1158812 -4.230616 1.0177106 270.1839003861493 -29.876635809172424 270.2866233530436 -29.879462612199607 51.45322876903259 257.4062130706686 5400.0 5400.0 2016.0 1 425 {-999.0 15.819206 15.2194605 15.010736 -999.0} sdss_psfmag_gaia 15.680323 15.260417 14.679039 13.435 63050395257726977 982148073 "" ops_std_boss_tic ops_std standard_boss 0 0 0.0 0.0 -999 ""
FIBERMAP 1295 R-12C3 METROLOGY 0 0 0 1 0 0 -123.14780401554394 -216.9856481277228 143.1 217.1824185238778 -122.78483531852127 176.76292 57.04399 -999.0 -999.0 -999.0 -999.0 -999.0 270.1865269729358 -29.875720549999063 270.28919091092655 -29.87853180621911 51.455255648806286 257.40831432755755 -999.0 6231.0 -999.0 -1 -999 {-999.0 -999.0 -999.0 -999.0 -999.0} "" -999.0 -999.0 -999.0 -999.0 -999 -999 "" "" "" "" 0 0 0.0 0.0 -999 ""
FIBERMAP 1297 R+11C13 APOGEE 1 1 0 1 0 0 80.23031343222296 216.4658529667238 143.1 -216.5916322197079 79.86958534944594 231.3427 42.976665 268.6790108317051 -29.25820730050958 -2.3137898 -8.27236 -0.22541277 268.6790327169268 -29.258248616152343 268.7797948920146 -29.26529941049554 50.051041332628294 257.9729299748839 16000.0 16600.0 2016.0 2 123 {-999.0 18.166313 15.837606 14.517251 -999.0} sdss_psfmag_ps1 16.799824 15.199997 13.892139 10.552 63050395286786637 1153393037 bright_1x1 mwm_galactic_core_dist_apogee_sparse mwm_galactic science 0 0 0.0 0.0 -999 ""
FIBERMAP 1297 R+11C13 BOSS 0 0 0 1 0 0 80.16574851266714 217.1969315349756 143.1 -217.32258044608972 79.80381292244738 231.3427 42.976665 -999.0 -999.0 -999.0 -999.0 -999.0 268.67626810565963 -29.258382696564833 268.7772332411192 -29.26547638812086 50.04888523120098 257.9719745165439 -999.0 5400.0 -999.0 1 104 {-999.0 -999.0 -999.0 -999.0 -999.0} "" -999.0 -999.0 -999.0 -999.0 -999 -999 "" "" "" "" 0 0 0.0 0.0 -999 ""
FIBERMAP 1297 R+11C13 METROLOGY 0 0 0 1 0 0 80.83953489359799 216.90768398359307 143.1 -217.03445699276554 80.47805619448332 231.3427 42.976665 -999.0 -999.0 -999.0 -999.0 -999.0 268.6773067395745 -29.25634637561169 268.7782072099576 -29.26342763358587 50.04931481778589 257.9753631632393 -999.0 6231.0 -999.0 -1 -999 {-999.0 -999.0 -999.0 -999.0 -999.0} "" -999.0 -999.0 -999.0 -999.0 -999 -999 "" "" "" "" 0 0 0.0 0.0 -999 ""
FIBERMAP 1298 R+9C18 APOGEE 1 1 0 1 0 0 201.56530569494862 159.6063813499251 143.1 -159.93474092349135 201.29474957226904 346.0067 70.89689 268.8793814256671 -28.892621407397343 -1.8861594 -5.224422 0.09771953 268.87936691039414 -28.892598620682207 268.97878469387695 -28.899176751109536 50.14817006767917 258.5864034210895 16000.0 16600.0 2016.0 2 102 {-999.0 18.968641 16.639854 15.312957 -999.0} sdss_psfmag_ps1 17.420126 15.518315 14.155366 10.59 63050395309721394 1153484990 bright_1x1 mwm_galactic_core_dist_apogee_sparse mwm_galactic science 0 0 0.0 0.0 -999 ""
FIBERMAP 1298 R+9C18 BOSS 0 0 0 1 0 0 201.13706520253544 159.01032801082386 143.1 -159.3379982260508 200.8675090382404 346.0067 70.89689 -999.0 -999.0 -999.0 -999.0 -999.0 268.88119861915567 -28.893846968076137 268.98082030063495 -28.900456165431176 50.15017503278546 258.58501380014013 -999.0 5400.0 -999.0 1 176 {-999.0 -999.0 -999.0 -999.0 -999.0} "" -999.0 -999.0 -999.0 -999.0 -999 -999 "" "" "" "" 0 0 0.0 0.0 -999 ""
FIBERMAP 1298 R+9C18 METROLOGY 0 0 0 1 0 0 200.8281751861025 159.68542805983094 143.1 -160.01256549308684 200.55751199160355 346.0067 70.89689 -999.0 -999.0 -999.0 -999.0 -999.0 268.8788861858279 -28.894746324617916 268.9784549962595 -28.901351372510845 50.148329481759376 258.58298912357577 -999.0 6231.0 -999.0 -1 -999 {-999.0 -999.0 -999.0 -999.0 -999.0} "" -999.0 -999.0 -999.0 -999.0 -999 -999 "" "" "" "" 0 0 0.0 0.0 -999 ""
FIBERMAP 1299 R+7C16 APOGEE 1 1 0 1 0 0 118.5433140619007 122.37650731726619 143.1 -122.56870294972491 118.33702624055148 259.89954 108.60213 269.00566506861253 -29.143587744512157 -3.7326841 -6.7972636 0.013542503 269.0056518817359 -29.143602187245964 269.1059178821354 -29.149781345220926 50.30731901437909 258.23746021052585 16000.0 16600.0 2016.0 2 62 {-999.0 20.2754 19.08052 14.758438 -999.0} sdss_psfmag_gaia 17.916216 15.351521 13.537238 9.231 63050395286830252 1154466773 bright_1x1 mwm_galactic_core_dist_apogee_sparse mwm_galactic science 0 0 0.0 0.0 -999 ""
FIBERMAP 1299 R+7C16 BOSS 0 0 0 1 0 0 117.80652511694112 122.29832616413987 143.1 -122.48930527923838 117.60039034949403 259.89954 108.60213 -999.0 -999.0 -999.0 -999.0 -999.0 269.00565300325593 -29.14575238053612 269.10612622726353 -29.15196622796685 50.307929166556434 258.23416296997607 -999.0 5400.0 -999.0 1 209 {-999.0 -999.0 -999.0 -999.0 -999.0} "" -999.0 -999.0 -999.0 -999.0 -999 -999 "" "" "" "" 0 0 0.0 0.0 -999 ""
FIBERMAP 1299 R+7C16 METROLOGY 0 0 0 1 0 0 118.09094051366372 122.96501810687933 143.1 -123.15644634640368 117.88369354149556 259.89954 108.60213 -999.0 -999.0 -999.0 -999.0 -999.0 269.0033883287938 -29.144880118384037 269.1038025461936 -29.151090404166062 50.305766758961774 258.23487932869074 -999.0 6231.0 -999.0 -1 -999 {-999.0 -999.0 -999.0 -999.0 -999.0} "" -999.0 -999.0 -999.0 -999.0 -999 -999 "" "" "" "" 0 0 0.0 0.0 -999 ""
FIBERMAP 1305 R+6C10 APOGEE 0 0 0 1 0 0 -1.1018152490453765 114.18152000687262 143.1 -114.17602395290781 -1.2906954608986723 59.28559 34.673676 -999.0 -999.0 -999.0 -999.0 -999.0 269.0317129695633 -29.506468892645 269.13325780259487 -29.512500472913352 50.401035467171745 257.6870027162181 -999.0 16600.0 -999.0 2 -999 {-999.0 -999.0 -999.0 -999.0 -999.0} "" -999.0 -999.0 -999.0 -999.0 -999 -999 "" "" "" "" 0 0 0.0 0.0 -999 ""
FIBERMAP 1305 R+6C10 BOSS 1 1 0 1 0 0 -1.0527450561169047 113.44257845643452 143.1 -113.43718736094056 -1.2404042526167454 59.28559 34.673676 269.0336820183517 -29.50627289863504 -0.60313755 -0.94073987 0.4164914 269.034017699903 -29.506297006883056 269.1357612356304 -29.51235600847317 50.40314685561271 257.6878751753612 5400.0 5400.0 2016.0 1 133 {-999.0 12.722658 12.165175 11.934807 -999.0} sdss_psfmag_from_g3xp 12.577654 12.164821 11.559368 10.568 63050395286620733 1093142158 bright_3x1 mwm_astar_core_boss mwm_ob science 0 0 1.0723075866699219 0.0 -999 ""
FIBERMAP 1305 R+6C10 METROLOGY 0 0 0 1 0 0 -1.7186008458625643 113.75834894884174 143.1 -113.75184602340427 -1.9067610713321743 59.28559 34.673676 -999.0 -999.0 -999.0 -999.0 -999.0 269.0329504042695 -29.50832314585978 269.1346447903531 -29.514375093569825 50.4025768958131 257.6844753773484 -999.0 6231.0 -999.0 -1 -999 {-999.0 -999.0 -999.0 -999.0 -999.0} "" -999.0 -999.0 -999.0 -999.0 -999 -999 "" "" "" "" 0 0 0.0 0.0 -999 ""
FIBERMAP 1307 R+1C13 APOGEE 1 1 0 1 0 0 8.813119557050307 17.452196681817107 143.1 -17.466216752484147 8.783961034205307 45.183674 54.305214 269.36910613492444 -29.47734115423717 -2.9207268 -6.444587 0.1398821 269.36907303627913 -29.47737814393651 269.4704180705713 -29.482490982554257 50.68347746759831 257.82092850396083 16000.0 16600.0 2016.0 2 11 {-999.0 17.484943 15.268065 14.321615 -999.0} sdss_psfmag_ps1 16.23986 14.820749 13.599014 10.505 63050395285342063 1153387274 bright_1x1 mwm_galactic_core_dist_apogee_sparse mwm_galactic science 0 0 0.0 0.0 -999 ""
FIBERMAP 1307 R+1C13 BOSS 0 0 0 1 0 0 8.958082593138599 16.71562639248182 143.1 -16.729910002005848 8.930138077593101 45.183674 54.305214 -999.0 -999.0 -999.0 -999.0 -999.0 269.3714334806948 -29.47690276003389 269.47297409324386 -29.482042410095804 50.68557754952833 257.8222877460107 -999.0 5400.0 -999.0 1 13 {-999.0 -999.0 -999.0 -999.0 -999.0} "" -999.0 -999.0 -999.0 -999.0 -999 -999 "" "" "" "" 0 0 0.0 0.0 -999 ""
FIBERMAP 1307 R+1C13 METROLOGY 0 0 0 1 0 0 8.249601597134973 16.957355572641244 143.1 -16.970459209765163 8.2212799266825 45.183674 54.305214 -999.0 -999.0 -999.0 -999.0 -999.0 269.3706395516415 -29.47906228810763 269.4721319827191 -29.484194252753475 50.68526454677191 257.8187339150024 -999.0 6231.0 -999.0 -1 -999 {-999.0 -999.0 -999.0 -999.0 -999.0} "" -999.0 -999.0 -999.0 -999.0 -999 -999 "" "" "" "" 0 0 0.0 0.0 -999 ""
FIBERMAP 1310 R+2C13 APOGEE 0 0 0 1 0 0 -1.807182519267285 56.59002682439052 143.1 -56.58521637291416 -1.9007537391185603 128.68787 78.38382 -999.0 -999.0 -999.0 -999.0 -999.0 269.2324366013788 -29.50932123018698 269.33393457378565 -29.514801897598037 50.57293972462135 257.7355010505698 -999.0 16600.0 -999.0 2 -999 {-999.0 -999.0 -999.0 -999.0 -999.0} "" -999.0 -999.0 -999.0 -999.0 -999 -999 "" "" "" "" 0 0 0.0 0.0 -999 ""
FIBERMAP 1310 R+2C13 BOSS 1 1 0 1 0 0 -1.1415306634856222 56.944434478338394 143.1 -56.94071396059135 -1.2357096712317657 128.68787 78.38382 269.23095703125 -29.507228805959613 -999.0 -999.0 -999.0 269.23096809620966 -29.507263268044262 269.3326579771592 -29.5127817214405 50.571466755993676 257.73829366259986 5400.0 5400.0 2015.5 1 110 {-999.0 -999.0 -999.0 -999.0 -999.0} "" -999.0 -999.0 -999.0 -999.0 27021603147181725 852480733 "" ops_sky_boss_fallback ops_sky sky_boss 0 0 0.0 0.0 -999 ""
FIBERMAP 1310 R+2C13 METROLOGY 0 0 0 1 0 0 -1.169881467160369 56.198433175591774 143.1 -56.19468974879962 -1.2628252885111237 128.68787 78.38382 -999.0 -999.0 -999.0 -999.0 -999.0 269.2336212548557 -29.507366312667585 269.33525439088163 -29.512868022444188 50.57370180972862 257.7388331648633 -999.0 6231.0 -999.0 -1 -999 {-999.0 -999.0 -999.0 -999.0 -999.0} "" -999.0 -999.0 -999.0 -999.0 -999 -999 "" "" "" "" 0 0 0.0 0.0 -999 ""
FIBERMAP 1311 R-8C9 APOGEE 0 0 0 1 0 0 -3.4128778273092557 -146.6007775526086 143.1 146.60170826312674 -3.1702140599150246 84.32919 43.280556 -999.0 -999.0 -999.0 -999.0 -999.0 269.9409477583192 -29.514276605169872 270.0422554667448 -29.51781482979218 51.17898699073806 257.9137743111506 -999.0 16600.0 -999.0 2 -999 {-999.0 -999.0 -999.0 -999.0 -999.0} "" -999.0 -999.0 -999.0 -999.0 -999 -999 "" "" "" "" 0 0 0.0 0.0 -999 ""
FIBERMAP 1311 R-8C9 BOSS 1 1 0 1 0 0 -2.9641898119553396 -147.191766464079 143.1 147.19193579973404 -2.7205626750799214 84.32919 43.280556 269.94286893836914 -29.51288115704756 0.5576567 -2.1873868 0.87670577 269.94287917802 -29.512878979096726 270.04437602384144 -29.516444193932113 51.18054603060512 257.91646886931534 5400.0 5400.0 2016.0 1 387 {-999.0 14.204745 13.875629 13.772907 -999.0} sdss_psfmag_from_g3xp 14.153667 13.884518 13.416049 12.611 63050395307477531 977824193 "" ops_std_boss ops_std standard_boss 0 0 0.0 0.0 -999 ""
FIBERMAP 1311 R-8C9 METROLOGY 0 0 0 1 0 0 -3.695751182958542 -147.2932231327518 143.1 147.29459958789468 -3.451932650529921 84.32919 43.280556 -999.0 -999.0 -999.0 -999.0 -999.0 269.94331364878497 -29.515106904164067 270.0447631210326 -29.518661389042904 51.181288303759175 257.9130929563219 -999.0 6231.0 -999.0 -1 -999 {-999.0 -999.0 -999.0 -999.0 -999.0} "" -999.0 -999.0 -999.0 -999.0 -999 -999 "" "" "" "" 0 0 0.0 0.0 -999 ""
FIBERMAP 1313 R+6C17 APOGEE 1 1 0 1 0 0 143.17522766125452 102.79143656767165 143.1 -103.02501623152469 143.00055136112684 324.8453 92.81329 269.0741181831128 -29.069263449956765 -5.002628 -7.687269 0.18466115 269.07407097973874 -29.06926240334678 269.1740554190831 -29.07526959814862 50.35089602955503 258.37035030739014 16000.0 16600.0 2016.0 2 63 {-999.0 20.915455 19.359255 15.772527 -999.0} sdss_psfmag_gaia 19.070837 16.42924 14.994629 10.877 63050395309322560 1154575630 bright_1x1 mwm_galactic_core_dist_apogee_sparse mwm_galactic science 0 0 0.0 0.0 -999 ""
FIBERMAP 1313 R+6C17 BOSS 0 0 0 1 0 0 142.69944595848781 102.19984229778157 143.1 -102.43265380194947 142.5257637684655 324.8453 92.81329 -999.0 -999.0 -999.0 -999.0 -999.0 269.07586931158556 -29.07061861886696 269.1760571418859 -29.076655898080578 50.35288617554978 258.3687661312391 -999.0 5400.0 -999.0 1 215 {-999.0 -999.0 -999.0 -999.0 -999.0} "" -999.0 -999.0 -999.0 -999.0 -999 -999 "" "" "" "" 0 0 0.0 0.0 -999 ""
FIBERMAP 1313 R+6C17 METROLOGY 0 0 0 1 0 0 142.44198866564528 102.90761916578468 143.1 -103.13998193329992 142.26714372642786 324.8453 92.81329 -999.0 -999.0 -999.0 -999.0 -999.0 269.0734529574949 -29.071383424468408 269.1735877502317 -29.07741716501813 50.35092241282862 258.3669244933306 -999.0 6231.0 -999.0 -1 -999 {-999.0 -999.0 -999.0 -999.0 -999.0} "" -999.0 -999.0 -999.0 -999.0 -999 -999 "" "" "" "" 0 0 0.0 0.0 -999 ""
FIBERMAP 1315 R+3C7 APOGEE 1 1 0 1 0 0 -117.9007006657929 79.16130329892073 143.1 -78.96368766158187 -118.02788193861296 142.47995 30.655165 269.1523960391795 -29.86118398760053 -2.2885141 -7.617961 0.109168045 269.1523964449636 -29.861234231405575 269.2551746902793 -29.866860589064803 50.571088178177796 257.17080722801427 16000.0 16600.0 2016.0 2 26 {-999.0 22.346756 23.944489 15.622993 -999.0} sdss_psfmag_gaia 19.712229 15.784889 14.141278 8.962 63050395284970336 1154460104 bright_1x1 mwm_galactic_core_dist_apogee_sparse mwm_galactic science 0 0 0.0 0.0 -999 ""
FIBERMAP 1315 R+3C7 BOSS 0 0 0 1 0 0 -117.1629236892946 79.09544827493806 143.1 -78.89905542314325 -117.29001973700503 142.47995 30.655165 -999.0 -999.0 -999.0 -999.0 -999.0 269.1523914856469 -29.859022364937214 269.2553615744437 -29.86468132772299 50.57085020992122 257.1742274901843 -999.0 5400.0 -999.0 1 44 {-999.0 -999.0 -999.0 -999.0 -999.0} "" -999.0 -999.0 -999.0 -999.0 -999 -999 "" "" "" "" 0 0 0.0 0.0 -999 ""
FIBERMAP 1315 R+3C7 METROLOGY 0 0 0 1 0 0 -117.5835577714677 78.48231469382313 143.1 -78.2852456181003 -117.70962584587326 142.47995 30.655165 -999.0 -999.0 -999.0 -999.0 -999.0 269.15457764145157 -29.860327919475544 269.2574951697233 -29.865971503294766 50.57290467351898 257.1727612662272 -999.0 6231.0 -999.0 -1 -999 {-999.0 -999.0 -999.0 -999.0 -999.0} "" -999.0 -999.0 -999.0 -999.0 -999 -999 "" "" "" "" 0 0 0.0 0.0 -999 ""
FIBERMAP 1319 R0C9 APOGEE 1 1 0 1 0 0 -116.85131755944492 9.592183934981142 143.1 -9.398542475858216 -116.86342906136777 98.27494 135.67981 269.39575195312494 -29.858768483045793 -999.0 -999.0 -999.0 269.3957614123673 -29.858784946732875 269.49846109115646 -29.863744628022776 50.77798810807936 257.2361296943982 16000.0 16600.0 2015.5 2 276 {-999.0 -999.0 -999.0 -999.0 -999.0} "" -999.0 -999.0 -999.0 -999.0 27021603147181318 848859564 "" ops_sky_apogee_good ops_sky sky_apogee 0 0 0.0 0.0 -999 ""
FIBERMAP 1319 R0C9 BOSS 0 0 0 1 0 0 -116.41616476938621 10.180989015324986 143.1 -9.988048584246437 -116.4292644596616 98.27494 135.67981 -999.0 -999.0 -999.0 -999.0 -999.0 269.3934987918043 -29.857491821477602 269.49639285262043 -29.862489657728 50.775996876683905 257.23756783129835 -999.0 5400.0 -999.0 1 449 {-999.0 -999.0 -999.0 -999.0 -999.0} "" -999.0 -999.0 -999.0 -999.0 -999 -999 "" "" "" "" 0 0 0.0 0.0 -999 ""
FIBERMAP 1319 R0C9 METROLOGY 0 0 0 1 0 0 -116.10589707082934 9.501660623936386 143.1 -9.309255390252604 -116.1178827793403 98.27494 135.67981 -999.0 -999.0 -999.0 -999.0 -999.0 269.39593328756564 -29.85657654145601 269.49876713483695 -29.861558917278156 50.77785328333686 257.23960516021134 -999.0 6231.0 -999.0 -1 -999 {-999.0 -999.0 -999.0 -999.0 -999.0} "" -999.0 -999.0 -999.0 -999.0 -999 -999 "" "" "" "" 0 0 0.0 0.0 -999 ""
FIBERMAP 1320 R+5C8 APOGEE 0 0 0 1 0 0 -73.03738243492467 112.6853681973187 143.1 -112.56090140821993 -73.22147315492498 95.96885 89.00334 -999.0 -999.0 -999.0 -999.0 -999.0 269.0358330500874 -29.72472684627486 269.13815535063696 -29.73070140589507 50.44622276379867 257.3518727044358 -999.0 16600.0 -999.0 2 -999 {-999.0 -999.0 -999.0 -999.0 -999.0} "" -999.0 -999.0 -999.0 -999.0 -999 -999 "" "" "" "" 0 0 0.0 0.0 -999 ""
FIBERMAP 1320 R+5C8 BOSS 1 1 0 1 0 0 -72.31255850979005 112.77744381076218 143.1 -112.65417329568645 -72.49682488746086 95.96885 89.00334 269.0352584227044 -29.722517732765517 4.3126373 2.1967897 0.9949009 269.03525853801614 -29.722528838910634 269.1377734051917 -29.728538307169128 50.445495145583756 257.3551136759272 5400.0 5400.0 2016.0 1 67 {-999.0 15.400741 14.90714 14.7379675 -999.0} sdss_psfmag_from_g3xp 15.29363 14.929591 14.388135 13.605 63050395285280125 981656625 "" ops_std_boss_tic ops_std standard_boss 0 0 0.0 0.0 -999 ""
FIBERMAP 1320 R+5C8 METROLOGY 0 0 0 1 0 0 -72.6000647919796 112.07853090778792 143.1 -111.95480719086166 -72.78316555526287 95.96885 89.00334 -999.0 -999.0 -999.0 -999.0 -999.0 269.03773602747026 -29.723430342489962 269.14019665756945 -29.729423506625203 50.44772724190757 257.3543614966506 -999.0 6231.0 -999.0 -1 -999 {-999.0 -999.0 -999.0 -999.0 -999.0} "" -999.0 -999.0 -999.0 -999.0 -999 -999 "" "" "" "" 0 0 0.0 0.0 -999 ""
FIBERMAP 1321 R-6C21 APOGEE 1 1 0 1 0 0 207.7489714352998 -118.72767436456505 143.1 118.380130127797 207.9387257691637 212.44043 89.68662 269.8414079419826 -28.875305765221338 -6.37903 -8.372994 0.17514321 269.84138925217036 -28.875322771057213 269.9404682071411 -28.879268301717776 50.96893771503341 258.88386995883934 16000.0 16600.0 2016.0 2 195 {-999.0 18.930494 17.126162 14.191508 -999.0} sdss_psfmag_gaia 17.256847 14.894104 13.490612 9.953 63050395308185329 1154571392 bright_1x1 mwm_galactic_core_dist_apogee_sparse mwm_galactic science 0 0 0.0 0.0 -999 ""
FIBERMAP 1321 R-6C21 BOSS 0 0 0 1 0 0 207.33954665349793 -118.09003880473057 143.1 117.74319248156905 207.52825917699903 212.44043 89.68662 -999.0 -999.0 -999.0 -999.0 -999.0 269.83901743328863 -28.876493782997034 269.9382956387685 -28.880480179718774 50.96731497353981 258.8813822371517 -999.0 5400.0 -999.0 1 268 {-999.0 -999.0 -999.0 -999.0 -999.0} "" -999.0 -999.0 -999.0 -999.0 -999 -999 "" "" "" "" 0 0 0.0 0.0 -999 ""
FIBERMAP 1321 R-6C21 METROLOGY 0 0 0 1 0 0 208.08079970176496 -118.0530828448546 143.1 117.7050112922194 208.2694272356831 212.44043 89.68662 -999.0 -999.0 -999.0 -999.0 -999.0 269.8389544501367 -28.874237099308186 269.9381696513215 -28.878214340731994 50.966755330659 258.8848730619887 -999.0 6231.0 -999.0 -1 -999 {-999.0 -999.0 -999.0 -999.0 -999.0} "" -999.0 -999.0 -999.0 -999.0 -999 -999 "" "" "" "" 0 0 0.0 0.0 -999 ""
FIBERMAP 1322 R+4C3 APOGEE 1 1 0 1 0 0 -198.41612872850612 66.74618206111855 143.1 -66.41575138339455 -198.52017884813907 273.07617 130.89914 269.19520286503706 -30.10479983863001 -2.8045843 -2.7459795 0.047578063 269.19517536594407 -30.104772255461057 269.29881748959804 -30.110230352205036 50.652001386857094 256.80423500302936 16000.0 16600.0 2016.0 2 20 {-999.0 17.527243 15.550134 13.479514 -999.0} sdss_psfmag_gaia 16.170946 14.215098 12.90791 9.478 63050395284536429 1154458332 bright_1x1 mwm_galactic_core_dist_apogee_sparse mwm_galactic science 0 0 0.0 0.0 -999 ""
FIBERMAP 1322 R+4C3 BOSS 0 0 0 1 0 0 -198.944928462421 66.2458877292036 143.1 -65.9145982353736 -199.04813382403543 273.07617 130.89914 -999.0 -999.0 -999.0 -999.0 -999.0 269.19670454670063 -30.10639025297867 269.3005519540005 -30.111874916575573 50.6537692392101 256.80210104868127 -999.0 5400.0 -999.0 1 29 {-999.0 -999.0 -999.0 -999.0 -999.0} "" -999.0 -999.0 -999.0 -999.0 -999 -999 "" "" "" "" 0 0 0.0 0.0 -999 ""
FIBERMAP 1322 R+4C3 METROLOGY 0 0 0 1 0 0 -199.13554072186983 66.94267691914416 143.1 -66.61104963859391 -199.2398928036637 273.07617 130.89914 -999.0 -999.0 -999.0 -999.0 -999.0 269.1943095062539 -30.106992166652482 269.29810313306507 -30.11247446023751 50.651790478823195 256.8005789300645 -999.0 6231.0 -999.0 -1 -999 {-999.0 -999.0 -999.0 -999.0 -999.0} "" -999.0 -999.0 -999.0 -999.0 -999 -999 "" "" "" "" 0 0 0.0 0.0 -999 ""
FIBERMAP 1327 R+4C12 APOGEE 0 0 0 1 0 0 -3.7172031008631063 64.11493180974972 143.1 -64.10671912335022 -3.8231629866373282 261.89877 109.496376 -999.0 -999.0 -999.0 -999.0 -999.0 269.20616781940214 -29.515044810590133 269.3076936726332 -29.52059628996112 50.551612645700175 257.7197460054823 -999.0 16600.0 -999.0 2 -999 {-999.0 -999.0 -999.0 -999.0 -999.0} "" -999.0 -999.0 -999.0 -999.0 -999 -999 "" "" "" "" 0 0 0.0 0.0 -999 ""
FIBERMAP 1327 R+4C12 BOSS 1 1 0 1 0 0 -4.424263843401493 63.9446293658998 143.1 -63.935252311485776 -4.529919215036869 261.89877 109.496376 269.2065088023643 -29.517130951614547 -2.2530797 -6.3138785 0.027878568 269.20650946766915 -29.517162135880632 269.3082417301322 -29.522745571258863 50.552487365958385 257.7165662798742 5400.0 5400.0 2016.0 1 120 {-999.0 20.168655 17.283373 15.425007 -999.0} sdss_psfmag_ps1 17.93376 15.965735 14.526214 11.0 63050395285352459 1093354591 bright_3x1 mwm_astar_core_boss mwm_ob science 0 0 0.0 0.0 -999 ""
FIBERMAP 1327 R+4C12 METROLOGY 0 0 0 1 0 0 -4.224249770100974 64.664842613436 143.1 -64.65577331802103 -4.33110318346279 261.89877 109.496376 -999.0 -999.0 -999.0 -999.0 -999.0 269.20404921227833 -29.516557094694043 269.3057236470774 -29.52213795931114 50.55022086006783 257.71685325101885 -999.0 6231.0 -999.0 -1 -999 {-999.0 -999.0 -999.0 -999.0 -999.0} "" -999.0 -999.0 -999.0 -999.0 -999 -999 "" "" "" "" 0 0 0.0 0.0 -999 ""
FIBERMAP 1337 R-5C21 APOGEE 0 0 0 1 0 0 231.42683289860736 -93.14330800338797 143.1 92.75741127883377 231.5734956885277 53.715946 67.770325 -999.0 -999.0 -999.0 -999.0 -999.0 269.7527454360139 -28.803987374990008 269.8516005936988 -28.808190731002114 50.87844090651637 258.9696214154235 -999.0 16600.0 -999.0 2 -999 {-999.0 -999.0 -999.0 -999.0 -999.0} "" -999.0 -999.0 -999.0 -999.0 -999 -999 "" "" "" "" 0 0 0.0 0.0 -999 ""
FIBERMAP 1337 R-5C21 BOSS 1 1 0 1 0 0 231.80355568755957 -93.73497168652064 143.1 93.34843263333305 231.95118527841677 53.715946 67.770325 269.75461415119577 -28.802794306381905 -2.9414835 -6.452459 0.24711575 269.754594364263 -28.80280508229738 269.85363965142517 -28.807038680597184 50.87995936145681 258.9719795767006 5400.0 5400.0 2016.0 1 277 {-999.0 17.617971 15.938607 14.990868 -999.0} sdss_psfmag_gaia 16.721674 15.642809 14.441279 11.784 63050395309475321 1093413958 bright_3x1 mwm_astar_core_boss mwm_ob science 0 0 0.0 0.0 -999 ""
FIBERMAP 1337 R-5C21 METROLOGY 0 0 0 1 0 0 231.0774192521291 -93.8046765242981 143.1 93.4193366363488 231.22518752997365 53.715946 67.770325 -999.0 -999.0 -999.0 -999.0 -999.0 269.7549186812036 -28.804957771845494 269.85391620654497 -28.80918008656907 50.880627448040386 258.9687322091082 -999.0 6231.0 -999.0 -1 -999 {-999.0 -999.0 -999.0 -999.0 -999.0} "" -999.0 -999.0 -999.0 -999.0 -999 -999 "" "" "" "" 0 0 0.0 0.0 -999 ""
FIBERMAP 1343 R+6C1 APOGEE 1 1 0 1 0 0 -218.87955026717202 133.15732061190008 143.1 -132.79089642136626 -219.09282068839443 103.058075 81.13277 268.9628247739659 -30.164971537678646 -0.2962245 -7.333936 -0.12501022 268.96282106157634 -30.16499742382669 269.0667461863867 -30.171080142355382 50.465252206616334 256.6540301699187 16000.0 16600.0 2016.0 2 50 {-999.0 19.452341 18.06145 14.119542 -999.0} sdss_psfmag_gaia 17.522306 14.746748 13.294638 9.326 63050395284866807 1154459419 bright_1x1 mwm_galactic_core_dist_apogee_sparse mwm_galactic science 0 0 0.0 0.0 -999 ""
FIBERMAP 1343 R+6C1 BOSS 0 0 0 1 0 0 -218.1245188165207 133.20797015629867 143.1 -132.84279355138094 -218.33789732687532 103.058075 81.13277 -999.0 -999.0 -999.0 -999.0 -999.0 268.96244134119695 -30.16270258365015 269.06655962589105 -30.168818148511313 50.46469289197754 256.6574826568855 -999.0 5400.0 -999.0 1 87 {-999.0 -999.0 -999.0 -999.0 -999.0} "" -999.0 -999.0 -999.0 -999.0 -999 -999 "" "" "" "" 0 0 0.0 0.0 -999 ""
FIBERMAP 1343 R+6C1 METROLOGY 0 0 0 1 0 0 -218.42822413100507 132.55139941723775 143.1 -132.18574144674483 -218.64050656184398 103.058075 81.13277 -999.0 -999.0 -999.0 -999.0 -999.0 268.9647612777684 -30.16368218305907 269.0688253840641 -30.169782297042232 50.46679152516999 256.6565369143394 -999.0 6231.0 -999.0 -1 -999 {-999.0 -999.0 -999.0 -999.0 -999.0} "" -999.0 -999.0 -999.0 -999.0 -999 -999 "" "" "" "" 0 0 0.0 0.0 -999 ""
FIBERMAP 1344 R-6C18 APOGEE 0 0 0 1 0 0 141.96529772621628 -104.71583541076023 143.1 104.47758234864078 142.13398536581997 185.12593 66.20692 -999.0 -999.0 -999.0 -999.0 -999.0 269.7938847444535 -29.073850162378054 269.8936762419047 -29.07788393209687 50.96800082848277 258.5618556427879 -999.0 16600.0 -999.0 2 -999 {-999.0 -999.0 -999.0 -999.0 -999.0} "" -999.0 -999.0 -999.0 -999.0 -999 -999 "" "" "" "" 0 0 0.0 0.0 -999 ""
FIBERMAP 1344 R-6C18 BOSS 1 1 0 1 0 0 142.1919898126448 -104.07831857866425 143.1 103.83971095798708 142.35961537523102 185.12593 66.20692 269.79150275388525 -29.073072839036307 -2.5902512 -3.2589574 0.07122086 269.79152121147087 -29.073078658814232 269.8915056575255 -29.07715301488576 50.9659975671924 258.56240531908117 5400.0 5400.0 2016.0 1 314 {-999.0 16.672924 15.258926 14.58757 -999.0} sdss_psfmag_gaia 15.910315 15.156831 14.001585 11.655 63050395308138606 1093521201 bright_1x1 mwm_astar_core_boss_single mwm_ob science 0 0 0.0 0.0 -999 ""
FIBERMAP 1344 R-6C18 METROLOGY 0 0 0 1 0 0 142.69907441829332 -104.57068037998079 143.1 104.33121793880176 142.86749829124744 185.12593 66.20692 -999.0 -999.0 -999.0 -999.0 -999.0 269.79329137864835 -29.071537062581868 269.89321460324214 -29.075597275919694 50.96715832613645 258.5652914572109 -999.0 6231.0 -999.0 -1 -999 {-999.0 -999.0 -999.0 -999.0 -999.0} "" -999.0 -999.0 -999.0 -999.0 -999 -999 "" "" "" "" 0 0 0.0 0.0 -999 ""
FIBERMAP 1352 R+7C11 APOGEE 1 1 0 1 0 0 13.878628210463416 153.98156409398143 143.1 -153.9995731714029 13.623416110823324 119.009895 73.41681 268.8936019237872 -29.460334327379982 -7.9018993 -7.8926086 0.3289323 268.89357529281176 -29.460371336604766 268.9949949199532 -29.466791374294502 50.274171180031516 257.721290638671 16000.0 16600.0 2016.0 2 141 {-999.0 19.03643 16.609383 14.323162 -999.0} sdss_psfmag_ps1 17.37277 14.505529 12.975274 8.873 63050395286641945 1153392236 bright_1x1 mwm_galactic_core_dist_apogee_sparse mwm_galactic science 0 0 0.0 0.0 -999 ""
FIBERMAP 1352 R+7C11 BOSS 0 0 0 1 0 0 14.60416736470784 154.1613165330598 143.1 -154.18052024741053 14.348634521291244 119.009895 73.41681 -999.0 -999.0 -999.0 -999.0 -999.0 268.89269080118635 -29.458126549398223 268.994303422037 -29.464583641987073 50.27315685751464 257.7245001506287 -999.0 5400.0 -999.0 1 141 {-999.0 -999.0 -999.0 -999.0 -999.0} "" -999.0 -999.0 -999.0 -999.0 -999 -999 "" "" "" "" 0 0 0.0 0.0 -999 ""
FIBERMAP 1352 R+7C11 METROLOGY 0 0 0 1 0 0 14.38099704197769 153.43671146395832 143.1 -153.45556924810202 14.126670251553852 119.009895 73.41681 -999.0 -999.0 -999.0 -999.0 -999.0 268.8952394224346 -29.45882425804747 268.99679691795654 -29.465264529519335 50.27541812838244 257.72410613200793 -999.0 6231.0 -999.0 -1 -999 {-999.0 -999.0 -999.0 -999.0 -999.0} "" -999.0 -999.0 -999.0 -999.0 -999 -999 "" "" "" "" 0 0 0.0 0.0 -999 ""
FIBERMAP 1360 R-3C11 APOGEE 1 1 0 1 0 0 -19.526232243533073 -72.53836103742745 143.1 72.56833411803376 -19.405587909596388 5.949905 54.563797 269.68304999127116 -29.563594646463976 -2.7512908 -4.710025 0.10256384 269.6830478299431 -29.563608865561942 269.78460813105045 -29.56784319276316 50.96801863023718 257.7693172793136 16000.0 16600.0 2016.0 2 151 {-999.0 15.693129 14.114681 13.325545 -999.0} sdss_psfmag_from_g3xp 14.955467 13.9182205 12.850071 10.429 63050395307745989 1152069610 bright_1x1 mwm_galactic_core_dist_apogee_sparse mwm_galactic science 0 0 0.0 0.0 -999 ""
FIBERMAP 1360 R-3C11 BOSS 0 0 0 1 0 0 -19.883128256337635 -73.20876175086198 143.1 73.23930375724657 -19.76136324983134 5.949905 54.563797 -999.0 -999.0 -999.0 -999.0 -999.0 269.685241665241 -29.564669690377052 269.7870013516049 -29.568930045027773 50.97026581849668 257.76823534060685 -999.0 5400.0 -999.0 1 432 {-999.0 -999.0 -999.0 -999.0 -999.0} "" -999.0 -999.0 -999.0 -999.0 -999 -999 "" "" "" "" 0 0 0.0 0.0 -999 ""
FIBERMAP 1360 R-3C11 METROLOGY 0 0 0 1 0 0 -20.282336127177146 -72.5601899718794 143.1 72.59141333958738 -20.161631353896897 5.949905 54.563797 -999.0 -999.0 -999.0 -999.0 -999.0 269.68304238680093 -29.565894700284485 269.78475148289397 -29.57015168025692 50.96856987993815 257.7657521061759 -999.0 6231.0 -999.0 -1 -999 {-999.0 -999.0 -999.0 -999.0 -999.0} "" -999.0 -999.0 -999.0 -999.0 -999 -999 "" "" "" "" 0 0 0.0 0.0 -999 ""
FIBERMAP 1361 R+12C3 APOGEE 0 0 0 1 0 0 -133.25211648489335 234.86499670441268 143.1 -234.6369730411443 -133.63641886112742 239.95674 36.67434 -999.0 -999.0 -999.0 -999.0 -999.0 268.609824592447 -29.90361450251082 268.7129060143876 -29.910720155157108 50.1169459794128 256.9682271771335 -999.0 16600.0 -999.0 2 -999 {-999.0 -999.0 -999.0 -999.0 -999.0} "" -999.0 -999.0 -999.0 -999.0 -999 -999 "" "" "" "" 0 0 0.0 0.0 -999 ""
FIBERMAP 1361 R+12C3 BOSS 1 1 0 1 0 0 -133.34801827599236 235.59713783884067 143.1 -235.36893195202714 -133.7335289096382 239.95674 36.67434 268.60708379042427 -29.903832293827794 -6.018978 -4.3760343 0.4592823 268.60708966446464 -29.903839803600306 268.71037569464033 -29.910985909685156 50.114839214658815 256.9671895905471 5400.0 5400.0 2016.0 1 99 {-999.0 18.731556 16.92199 16.21265 -999.0} sdss_psfmag_ps1 17.608345 16.725578 15.348945 11.987 63050395286341548 1055524337 bright_1x1 bhm_csc_boss bhm_csc science 0 0 0.0 0.0 -999 ""
FIBERMAP 1361 R+12C3 METROLOGY 0 0 0 1 0 0 -132.64350634759188 235.2998437091971 143.1 -235.07281301533595 -133.0285477653075 239.95674 36.67434 -999.0 -999.0 -999.0 -999.0 -999.0 268.608136565033 -29.90175974236928 268.71135729219435 -29.908894063813047 50.11529001102436 256.97064038980614 -999.0 6231.0 -999.0 -1 -999 {-999.0 -999.0 -999.0 -999.0 -999.0} "" -999.0 -999.0 -999.0 -999.0 -999 -999 "" "" "" "" 0 0 0.0 0.0 -999 ""
FIBERMAP 1366 R+3C11 APOGEE 1 1 0 1 0 0 -28.090500106874895 69.91859617042088 143.1 -69.86987066984254 -28.205278215026144 64.395744 118.06346 269.1856384277343 -29.588966240369857 -999.0 -999.0 -999.0 269.18563655260414 -29.588979800050566 269.2874316602991 -29.59457206112314 50.54824128288438 257.60018194871026 16000.0 16600.0 2015.5 2 12 {-999.0 -999.0 -999.0 -999.0 -999.0} "" -999.0 -999.0 -999.0 -999.0 27021603147181640 848859638 "" ops_sky_apogee_good ops_sky sky_apogee 0 0 0.0 0.0 -999 ""
FIBERMAP 1366 R+3C11 BOSS 0 0 0 1 0 0 -27.338253447313704 69.97287332696119 143.1 -69.9253906878094 -27.45314555697228 64.395744 118.06346 -999.0 -999.0 -999.0 -999.0 -999.0 269.1852083431234 -29.5866781382341 269.28719455906594 -29.59230516609271 50.54761320720623 257.60362509154515 -999.0 5400.0 -999.0 1 14 {-999.0 -999.0 -999.0 -999.0 -999.0} "" -999.0 -999.0 -999.0 -999.0 -999 -999 "" "" "" "" 0 0 0.0 0.0 -999 ""
FIBERMAP 1366 R+3C11 METROLOGY 0 0 0 1 0 0 -27.661628777412385 69.30683052518563 143.1 -69.2588342807208 -27.77540850307402 64.395744 118.06346 -999.0 -999.0 -999.0 -999.0 -999.0 269.1875786523095 -29.587679742248667 269.28951130547773 -29.593290672743272 50.54977694837971 257.6026969334184 -999.0 6231.0 -999.0 -1 -999 {-999.0 -999.0 -999.0 -999.0 -999.0} "" -999.0 -999.0 -999.0 -999.0 -999 -999 "" "" "" "" 0 0 0.0 0.0 -999 ""
FIBERMAP 1367 R-10C9 APOGEE 0 0 0 1 0 0 1.9455481721994914 -204.3718848777388 143.1 204.36209153804575 2.2836230421391153 258.20636 138.19524 -999.0 -999.0 -999.0 -999.0 -999.0 270.1413940807213 -29.497374648300205 270.24258091842364 -29.500367516823538 51.34707974615963 257.99276654861603 -999.0 16600.0 -999.0 2 -999 {-999.0 -999.0 -999.0 -999.0 -999.0} "" -999.0 -999.0 -999.0 -999.0 -999 -999 "" "" "" "" 0 0 0.0 0.0 -999 ""
FIBERMAP 1367 R-10C9 BOSS 1 1 0 1 0 0 1.3403416156871397 -204.81648998157894 143.1 204.80768366609325 1.6791715625934285 258.20636 138.19524 270.14282226562494 -29.4991926254514 -999.0 -999.0 -999.0 270.14281138403067 -29.499169155023466 270.2441977015659 -29.50218943924296 51.34879941565574 257.9903162418462 5400.0 5400.0 2015.5 1 404 {-999.0 -999.0 -999.0 -999.0 -999.0} "" -999.0 -999.0 -999.0 -999.0 27021603147275846 852502396 "" ops_sky_boss_fallback ops_sky sky_boss 0 0 0.0 0.0 -999 ""
FIBERMAP 1367 R-10C9 METROLOGY 0 0 0 1 0 0 1.2588906847453536 -204.07523742415245 143.1 204.06658971607195 1.5964968343381996 258.20636 138.19524 -999.0 -999.0 -999.0 -999.0 -999.0 270.14033381582914 -29.499434999249754 270.24166700203386 -29.50245303754657 51.34668351803501 257.98924974383107 -999.0 6231.0 -999.0 -1 -999 {-999.0 -999.0 -999.0 -999.0 -999.0} "" -999.0 -999.0 -999.0 -999.0 -999 -999 "" "" "" "" 0 0 0.0 0.0 -999 ""
FIBERMAP 1371 R-4C4 APOGEE 0 0 0 1 0 0 -177.58962878871833 -61.569281431873954 143.1 61.861126490665555 -177.48204831714074 104.83736 92.63318 -999.0 -999.0 -999.0 -999.0 -999.0 269.6446053537071 -30.042569534213403 269.7478930489235 -30.046808665118167 51.023309099259365 257.01169597561125 -999.0 16600.0 -999.0 2 -999 {-999.0 -999.0 -999.0 -999.0 -999.0} "" -999.0 -999.0 -999.0 -999.0 -999 -999 "" "" "" "" 0 0 0.0 0.0 -999 ""
FIBERMAP 1371 R-4C4 BOSS 1 1 0 1 0 0 -176.8605906611774 -61.32477918438323 143.1 61.615425900043995 -176.75343817581384 104.83736 92.63318 269.64357556223536 -30.04037335023306 2.8827927 -9.310125 1.2370179 269.64357756789803 -30.040395311314693 269.7470549156082 -30.04466823263008 51.02221824228577 257.01484274630025 5400.0 5400.0 2016.0 1 493 {-999.0 15.538873 14.949958 14.727445 -999.0} sdss_psfmag_from_g3xp 15.388223 14.9854145 14.374633 13.35 63050395284625368 981656606 "" ops_std_boss_tic ops_std standard_boss 0 0 0.0 0.0 -999 ""
FIBERMAP 1371 R-4C4 METROLOGY 0 0 0 1 0 0 -177.01995987793475 -62.05402419755772 143.1 62.3449111339319 -176.91159571509885 104.83736 92.63318 -999.0 -999.0 -999.0 -999.0 -999.0 269.6461949833615 -30.040905115948174 269.74961750686 -30.04516210421422 51.024488800058016 257.0146904906394 -999.0 6231.0 -999.0 -1 -999 {-999.0 -999.0 -999.0 -999.0 -999.0} "" -999.0 -999.0 -999.0 -999.0 -999 -999 "" "" "" "" 0 0 0.0 0.0 -999 ""
FIBERMAP 1375 R+7C1 APOGEE 1 1 0 1 0 0 -214.671862184581 154.45333241957405 143.1 -154.09318486853823 -214.92050264821725 132.99826 70.97885 268.8885513460855 -30.151700940070462 -6.673743 -7.1190248 0.02906801 268.88852488098615 -30.151726547160244 268.9924228180257 -30.158015825146798 50.39969488246627 256.65631821812485 16000.0 16600.0 2016.0 2 49 {-999.0 17.249067 14.847152 13.395612 -999.0} sdss_psfmag_from_g3xp 15.990455 14.097206 12.806396 9.342 63050395284879660 1152061910 bright_1x1 mwm_galactic_core_dist_apogee_sparse mwm_galactic science 0 0 0.0 0.0 -999 ""
FIBERMAP 1375 R+7C1 BOSS 0 0 0 1 0 0 -213.98997857149752 154.7672796601912 143.1 -154.40825020021992 -214.2391604026043 132.99826 70.97885 -999.0 -999.0 -999.0 -999.0 -999.0 268.88723241952636 -30.14963481891378 268.9913249289182 -30.15595959741458 50.39839519097722 256.6592278897226 -999.0 5400.0 -999.0 1 36 {-999.0 -999.0 -999.0 -999.0 -999.0} "" -999.0 -999.0 -999.0 -999.0 -999 -999 "" "" "" "" 0 0 0.0 0.0 -999 ""
FIBERMAP 1375 R+7C1 METROLOGY 0 0 0 1 0 0 -214.06061400147033 154.0211386689629 143.1 -153.66201634366266 -214.30855905482022 132.99826 70.97885 -999.0 -999.0 -999.0 -999.0 -999.0 268.88985802541237 -30.149919099708384 268.9938936414224 -30.156227680421622 50.400628533377976 256.65943346257257 -999.0 6231.0 -999.0 -1 -999 {-999.0 -999.0 -999.0 -999.0 -999.0} "" -999.0 -999.0 -999.0 -999.0 -999 -999 "" "" "" "" 0 0 0.0 0.0 -999 ""
FIBERMAP 1377 R-3C22 APOGEE 1 1 0 1 0 0 213.51284918539338 -72.67907408313553 143.1 72.32347471942218 213.62622975319044 284.12546 105.81725 269.68229239158455 -28.857827815600157 -2.6152368 -4.242287 0.085488945 269.68228274504526 -28.857820013353734 269.78134755911003 -28.862205012870632 50.82899449668497 258.86623331454376 16000.0 16600.0 2016.0 2 202 {-999.0 16.593555 14.723184 13.882599 -999.0} sdss_psfmag_from_g3xp 15.658198 14.523943 13.395967 10.833 63050395309459235 1152073080 bright_1x1 mwm_galactic_core_dist_apogee_sparse mwm_galactic science 0 0 0.0 0.0 -999 ""
FIBERMAP 1377 R-3C22 BOSS 0 0 0 1 0 0 212.8803755775483 -73.03710502274318 143.1 72.68254058211397 212.99436886073715 284.12546 105.81725 -999.0 -999.0 -999.0 -999.0 -999.0 269.68334505743377 -28.85965270079222 269.7826112956162 -28.864069374141103 50.83045229630303 258.86369248951314 -999.0 5400.0 -999.0 1 285 {-999.0 -999.0 -999.0 -999.0 -999.0} "" -999.0 -999.0 -999.0 -999.0 -999 -999 "" "" "" "" 0 0 0.0 0.0 -999 ""
FIBERMAP 1377 R-3C22 METROLOGY 0 0 0 1 0 0 212.8709543995876 -72.31128066769637 143.1 71.95675516346937 212.98374709463084 284.12546 105.81725 -999.0 -999.0 -999.0 -999.0 -999.0 269.6809051442066 -28.85965497709464 269.7801167735033 -28.864068426398724 50.828311763107074 258.8630011392446 -999.0 6231.0 -999.0 -1 -999 {-999.0 -999.0 -999.0 -999.0 -999.0} "" -999.0 -999.0 -999.0 -999.0 -999 -999 "" "" "" "" 0 0 0.0 0.0 -999 ""
FIBERMAP 1379 R-4C9 APOGEE 1 1 0 1 0 0 -63.700873098629074 -58.21613769470676 143.1 58.31965934863433 -63.6025041320955 127.09698 58.595142 269.6331071745589 -29.69769325858139 -9.6112 -10.189413 -0.21165483 269.63307554132274 -29.69772480614178 269.7351292420382 -29.702067884412557 50.95051139539522 257.54728073254404 16000.0 16600.0 2016.0 2 292 {-999.0 16.09571 13.880871 12.215078 -999.0} sdss_psfmag_from_g3xp 15.293693 12.82851 11.301398 7.645 63050395284837457 1152061865 bright_1x1 mwm_galactic_core_dist_apogee_sparse mwm_galactic science 0 0 0.0 0.0 -999 ""
FIBERMAP 1379 R-4C9 BOSS 0 0 0 1 0 0 -62.95801707339752 -58.196283042133985 143.1 58.29857626430187 -62.85970485355064 127.09698 58.595142 -999.0 -999.0 -999.0 -999.0 -999.0 269.6328489658888 -29.69547516208341 269.7350914343131 -29.6998511906647 50.950072943914506 257.5507302037696 -999.0 5400.0 -999.0 1 480 {-999.0 -999.0 -999.0 -999.0 -999.0} "" -999.0 -999.0 -999.0 -999.0 -999 -999 "" "" "" "" 0 0 0.0 0.0 -999 ""
FIBERMAP 1379 R-4C9 METROLOGY 0 0 0 1 0 0 -63.32837211873884 -58.85986685941786 143.1 58.96275149489925 -63.22895007205578 127.09698 58.595142 -999.0 -999.0 -999.0 -999.0 -999.0 269.63522953123373 -29.696612659314678 269.73741960117866 -29.700972891750435 50.952266551218536 257.54956803106074 -999.0 6231.0 -999.0 -1 -999 {-999.0 -999.0 -999.0 -999.0 -999.0} "" -999.0 -999.0 -999.0 -999.0 -999 -999 "" "" "" "" 0 0 0.0 0.0 -999 ""
FIBERMAP 1385 R-13C3 APOGEE 1 1 0 1 0 0 -107.96515385492529 -234.72296832354078 143.1 234.89404812741688 -107.57332680658784 154.84647 67.720985 270.2479801680506 -29.829342802971407 -2.923976 -7.8872185 0.5373459 270.24799085447347 -29.829402384467578 270.3503309218434 -29.832033479907096 51.499216546965506 257.49685879970343 16000.0 16600.0 2016.0 2 156 {-999.0 18.158468 16.21856 13.831602 -999.0} sdss_psfmag_gaia 16.054722 14.560227 12.591741 9.229 63050395257769052 1154364069 bright_1x1 mwm_galactic_core_dist_apogee_sparse mwm_galactic science 0 0 0.0 0.0 -999 ""
FIBERMAP 1385 R-13C3 BOSS 0 0 0 1 0 0 -107.40821049413584 -234.1990451608103 143.1 234.36922034448543 -107.01726820354553 154.84647 67.720985 -999.0 -999.0 -999.0 -999.0 -999.0 270.2459866647013 -29.827706344447236 270.348514669199 -29.830373515929683 51.49737159194659 257.49903423470585 -999.0 5400.0 -999.0 1 437 {-999.0 -999.0 -999.0 -999.0 -999.0} "" -999.0 -999.0 -999.0 -999.0 -999 -999 "" "" "" "" 0 0 0.0 0.0 -999 ""
FIBERMAP 1385 R-13C3 METROLOGY 0 0 0 1 0 0 -107.24880644495893 -234.94585511835527 143.1 235.11574254082498 -106.85663366987853 154.84647 67.720985 -999.0 -999.0 -999.0 -999.0 -999.0 270.24867608055985 -29.827233253997814 270.3511467430854 -29.829884591953306 51.499532035894205 257.5004575816765 -999.0 6231.0 -999.0 -1 -999 {-999.0 -999.0 -999.0 -999.0 -999.0} "" -999.0 -999.0 -999.0 -999.0 -999 -999 "" "" "" "" 0 0 0.0 0.0 -999 ""
FIBERMAP 1386 R-3C2 APOGEE 0 0 0 1 1 0 -233.055575865827 -65.65213101807036 143.1 66.03561427843083 -232.93945596540655 219.45137 167.30591 -999.0 -999.0 -999.0 -999.0 -999.0 269.65869067777686 -30.20969687492534 269.7625773942877 -30.213862377624974 51.06491037005076 256.753571275485 -999.0 16600.0 -999.0 2 -999 {-999.0 -999.0 -999.0 -999.0 -999.0} "" -999.0 -999.0 -999.0 -999.0 -999 -999 "" "" "" "" 0 0 0.0 0.0 -999 ""
FIBERMAP 1386 R-3C2 BOSS 1 0 0 1 1 0 -233.71453982196647 -65.98916012110615 143.1 66.37372280897591 -233.59784110195986 219.45137 167.30591 269.58251953124994 -30.238532510965044 -999.0 -999.0 -999.0 269.6596781527556 -30.21166960632651 269.7637690557123 -30.215861823529636 51.06626933738896 256.7507196603177 5400.0 5400.0 2015.5 1 514 {-999.0 -999.0 -999.0 -999.0 -999.0} "" -999.0 -999.0 -999.0 -999.0 27021603147180284 852480373 "" ops_sky_boss_fallback ops_sky sky_boss 0 0 0.0 0.0 -999 ""
FIBERMAP 1386 R-3C2 METROLOGY 0 0 0 1 1 0 -233.67661920884123 -65.23523368911057 143.1 65.61975788943171 -233.56116909536706 219.45137 167.30591 -999.0 -999.0 -999.0 -999.0 -999.0 269.6571076970763 -30.21160926986303 269.76114322488104 -30.215800093090763 51.06402357415275 256.7501941698422 -999.0 6231.0 -999.0 -1 -999 {-999.0 -999.0 -999.0 -999.0 -999.0} "" -999.0 -999.0 -999.0 -999.0 -999 -999 "" "" "" "" 0 0 0.0 0.0 -999 ""
FIBERMAP 1389 R+2C3 APOGEE 1 1 0 1 0 0 -214.9776810182263 57.36296340552467 143.1 -57.005433147958215 -215.06567364639974 121.412766 46.247623 269.2279439600407 -30.15479506977825 -5.0898085 -5.245874 0.08658935 269.2279167119097 -30.15481864467423 269.3317301233804 -30.160176497750594 50.68883212899294 256.73458961755784 16000.0 16600.0 2016.0 2 37 {-999.0 17.50519 15.618489 14.283737 -999.0} sdss_psfmag_gaia 16.47928 14.994081 13.791897 10.712 63050395284527483 1154458261 bright_1x1 mwm_galactic_core_dist_apogee_sparse mwm_galactic science 0 0 0.0 0.0 -999 ""
FIBERMAP 1389 R+2C3 BOSS 0 0 0 1 0 0 -214.26053386457087 57.23919784964361 143.1 -56.88285810806827 -214.34834478984152 121.412766 46.247623 -999.0 -999.0 -999.0 -999.0 -999.0 269.2281418550592 -30.152670094911823 269.33214721190757 -30.158058642298883 50.688814673825156 256.7379805587109 -999.0 5400.0 -999.0 1 61 {-999.0 -999.0 -999.0 -999.0 -999.0} "" -999.0 -999.0 -999.0 -999.0 -999 -999 "" "" "" "" 0 0 0.0 0.0 -999 ""
FIBERMAP 1389 R+2C3 METROLOGY 0 0 0 1 0 0 -214.74602274061596 56.66065552833056 143.1 -56.3035311464887 -214.83286083822887 121.412766 46.247623 -999.0 -999.0 -999.0 -999.0 -999.0 269.23021100474983 -30.154182449663182 269.3341646125505 -30.159556254288457 50.69079518592418 256.7361376756902 -999.0 6231.0 -999.0 -1 -999 {-999.0 -999.0 -999.0 -999.0 -999.0} "" -999.0 -999.0 -999.0 -999.0 -999 -999 "" "" "" "" 0 0 0.0 0.0 -999 ""
FIBERMAP 1390 R+5C10 APOGEE 1 1 0 1 0 0 -40.50755346995045 85.97495831787165 143.1 -85.90517203571547 -40.648497715833585 238.10918 117.435814 269.12947650935075 -29.626410499883225 -3.3887565 -9.468637 0.1592391 269.12945612916866 -29.62646674404531 269.2314009326052 -29.632205175243644 50.50744785449177 257.52766734852145 16000.0 16600.0 2016.0 2 138 {-999.0 19.248951 17.41059 14.588265 -999.0} sdss_psfmag_gaia 17.573717 15.297334 13.865975 10.213 63050395285297623 1154461046 bright_1x1 mwm_galactic_core_dist_apogee_sparse mwm_galactic science 0 0 0.0 0.0 -999 ""
FIBERMAP 1390 R+5C10 BOSS 0 0 0 1 0 0 -41.24988792236499 86.0169290292263 143.1 -85.94591318941791 -41.39087772966658 238.10918 117.435814 -999.0 -999.0 -999.0 -999.0 -999.0 269.1290445365389 -29.628708601198294 269.23119703775075 -29.634480746212102 50.507699749569674 257.5241003603041 -999.0 5400.0 -999.0 1 134 {-999.0 -999.0 -999.0 -999.0 -999.0} "" -999.0 -999.0 -999.0 -999.0 -999 -999 "" "" "" "" 0 0 0.0 0.0 -999 ""
FIBERMAP 1390 R+5C10 METROLOGY 0 0 0 1 0 0 -40.82524280722657 86.65371040404034 143.1 -86.58337666377564 -40.96729984262043 238.10918 117.435814 -999.0 -999.0 -999.0 -999.0 -999.0 269.12687473861786 -29.62742424146327 269.2289667209949 -29.633193243744742 50.5055544045827 257.52551837667806 -999.0 6231.0 -999.0 -1 -999 {-999.0 -999.0 -999.0 -999.0 -999.0} "" -999.0 -999.0 -999.0 -999.0 -999 -999 "" "" "" "" 0 0 0.0 0.0 -999 ""
FIBERMAP 1394 R+6C7 APOGEE 1 1 0 1 0 0 -100.66764877523237 121.47444541122789 143.1 -121.30398104865961 -100.86539237145172 148.5572 124.791306 269.00482180154427 -29.808266890152264 -2.7949562 -4.7278156 0.6848719 269.00480312850226 -29.808293778126878 269.1074332941792 -29.814335936752943 50.43548119427518 257.2150744036867 16000.0 16600.0 2016.0 2 41 {-999.0 18.638649 16.658905 14.816679 -999.0} sdss_psfmag_gaia 16.920822 15.552005 13.817055 10.299 63050395285067609 1154460368 bright_1x1 mwm_galactic_core_dist_apogee_sparse mwm_galactic science 0 0 0.0 0.0 -999 ""
FIBERMAP 1394 R+6C7 BOSS 0 0 0 1 0 0 -100.71126610677592 122.22184333847237 143.1 -122.05128276727255 -100.9102448850086 148.5572 124.791306 -999.0 -999.0 -999.0 -999.0 -999.0 269.0019354168965 -29.8084193162272 269.1047674233989 -29.814501919854774 50.43323829869449 257.2141495724413 -999.0 5400.0 -999.0 1 68 {-999.0 -999.0 -999.0 -999.0 -999.0} "" -999.0 -999.0 -999.0 -999.0 -999 -999 "" "" "" "" 0 0 0.0 0.0 -999 ""
FIBERMAP 1394 R+6C7 METROLOGY 0 0 0 1 0 0 -100.03859865024961 121.86959773941311 143.1 -121.70016144155757 -100.23701626982681 148.5572 124.791306 -999.0 -999.0 -999.0 -999.0 -999.0 269.00321324060627 -29.806409943885996 269.1059808375027 -29.81248022708941 50.43390076954152 257.2175735955008 -999.0 6231.0 -999.0 -1 -999 {-999.0 -999.0 -999.0 -999.0 -999.0} "" -999.0 -999.0 -999.0 -999.0 -999 -999 "" "" "" "" 0 0 0.0 0.0 -999 ""
FIBERMAP 1397 R-3C19 APOGEE 0 0 0 1 0 0 149.56284407939614 -76.11276640911782 143.1 75.86286317677097 149.6839629537399 319.36392 74.56688 -999.0 -999.0 -999.0 -999.0 -999.0 269.69468662439596 -29.050842913995485 269.7944264736351 -29.055153249788276 50.87847916729761 258.57026465360417 -999.0 16600.0 -999.0 2 -999 {-999.0 -999.0 -999.0 -999.0 -999.0} "" -999.0 -999.0 -999.0 -999.0 -999 -999 "" "" "" "" 0 0 0.0 0.0 -999 ""
FIBERMAP 1397 R-3C19 BOSS 1 1 0 1 0 0 148.94936733988916 -76.52542298661744 143.1 76.27652148940909 149.07118869775204 319.36392 74.56688 269.69593634654166 -29.052594059822713 0.44990256 -3.6434386 -0.29265407 269.69596013467566 -29.052606297805116 269.7959013098111 -29.05694697884114 50.880095404941414 258.5678781721726 5400.0 5400.0 2016.0 1 305 {-999.0 15.921755 15.178167 14.9064665 -999.0} sdss_psfmag_gaia 15.514651 15.221393 14.3611965 13.261 63050395308001753 1093414030 bright_3x1 mwm_astar_core_boss mwm_ob science 0 0 0.0 0.0 -999 ""
FIBERMAP 1397 R-3C19 METROLOGY 0 0 0 1 0 0 148.89179636861004 -75.78232248551677 143.1 75.53354014527889 149.0123901035102 319.36392 74.56688 -999.0 -999.0 -999.0 -999.0 -999.0 269.69345033724636 -29.0527705824533 269.7933374445446 -29.05710841346867 50.877929515934014 258.56693011916184 -999.0 6231.0 -999.0 -1 -999 {-999.0 -999.0 -999.0 -999.0 -999.0} "" -999.0 -999.0 -999.0 -999.0 -999 -999 "" "" "" "" 0 0 0.0 0.0 -999 ""
FIBERMAP 1399 R+5C21 APOGEE 0 0 1 1 0 0 213.75114849637973 104.76713434820181 143.1 -105.11741975814385 213.57093302393992 10.015881 170.06264 -999.0 -999.0 -999.0 -999.0 -999.0 269.06886439447095 -28.856267407627385 269.1681013319578 -28.862333651295387 50.302994350907845 258.69544698754856 -999.0 16600.0 -999.0 2 -999 {-999.0 -999.0 -999.0 -999.0 -999.0} "" -999.0 -999.0 -999.0 -999.0 -999 -999 "" "" "" "" 0 0 0.0 0.0 -999 ""
FIBERMAP 1399 R+5C21 BOSS 1 0 1 1 0 0 214.4741492268399 104.7860792845784 143.1 -105.13756030455403 214.29387915157764 10.015881 170.06264 269.0463975037352 -28.82742929754944 2.3727782 -1.0772507 1.279026 269.068603721757 -28.854028168962564 269.1680317532113 -28.860131745142038 50.30248730480863 258.6988030122113 5400.0 5400.0 2016.0 1 247 {-999.0 15.892526 15.194384 14.94303 -999.0} sdss_psfmag_gaia 15.695639 15.237836 14.590295 -999.0 63050395309731143 982148778 "" ops_std_boss_tic ops_std standard_boss 0 0 0.0 0.0 -999 ""
FIBERMAP 1399 R+5C21 METROLOGY 0 0 1 1 0 0 214.12521030678002 104.11938750043167 143.1 -104.47031264048974 213.94605451161834 10.015881 170.06264 -999.0 -999.0 -999.0 -999.0 -999.0 269.0709330542727 -28.85505671672568 269.17030766565205 -28.861143441567663 50.3046445244029 258.6978861854086 -999.0 6231.0 -999.0 -1 -999 {-999.0 -999.0 -999.0 -999.0 -999.0} "" -999.0 -999.0 -999.0 -999.0 -999 -999 "" "" "" "" 0 0 0.0 0.0 -999 ""
FIBERMAP 1401 R-2C6 APOGEE 0 0 0 1 0 0 -170.55159075053498 -50.83320975775131 143.1 51.11375560506051 -170.46199973369147 256.94446 75.15158 -999.0 -999.0 -999.0 -999.0 -999.0 269.6070493023005 -30.021357091789294 269.7102716503628 -30.025703591725026 50.98752963054216 257.0355871776624 -999.0 16600.0 -999.0 2 -999 {-999.0 -999.0 -999.0 -999.0 -999.0} "" -999.0 -999.0 -999.0 -999.0 -999 -999 "" "" "" "" 0 0 0.0 0.0 -999 ""
FIBERMAP 1401 R-2C6 BOSS 1 1 0 1 0 0 -171.2193783268226 -50.5029513126619 143.1 50.78461265215437 -171.13031224741917 256.94446 75.15158 269.6057337810121 -30.023411467545916 -1.8239465 -4.0302114 0.14561786 269.60571426682066 -30.02340451118039 269.70914175494374 -30.027784893522615 50.986934258427645 257.0320584118426 5400.0 5400.0 2016.0 1 470 {-999.0 15.135137 14.638107 14.441119 -999.0} sdss_psfmag_from_g3xp 15.014362 14.676445 14.037307 12.933 63050395284719593 1093286040 bright_3x1 mwm_astar_core_boss mwm_ob science 0 0 0.0 0.0 -999 ""
FIBERMAP 1401 R-2C6 METROLOGY 0 0 0 1 0 0 -170.59158989546856 -50.08628386771892 143.1 50.36691992211118 -170.50323339603577 256.94446 75.15158 -999.0 -999.0 -999.0 -999.0 -999.0 269.604321086005 -30.021540166040666 269.7076863399777 -30.025916077560026 50.98536397503165 257.03462698960857 -999.0 6231.0 -999.0 -1 -999 {-999.0 -999.0 -999.0 -999.0 -999.0} "" -999.0 -999.0 -999.0 -999.0 -999 -999 "" "" "" "" 0 0 0.0 0.0 -999 ""
