#%yanny
#
# confSummaryFS-10022841.par
#
# Created by pydl.pydlutils.yanny.yanny
#
# 2026-07-08 14:08:47 UTC
#
configuration_id 10022841
robostrategy_run iota-1
fps_calibrations_version 2025.12.04+ccda1c9
jaeger_version 1.11.1
coordio_version 1.18.1
kaiju_version 1.4.1
design_id 740131
field_id 107856
focal_scale 0.9999585
instruments BOSS APOGEE
epoch 2461229.540552174
obstime Wed Jul 08 00:55:49 2026
MJD 61229
observatory LCO
temperature 12.603839228492077
raCen 199.098528454088
decCen -8.88995492185141
pa 251.49547
is_dithered 0
parent_configuration -999
dither_radius -999.0
cloned_from -999
rotator_angle 198.57
fvc_centroid_method flex
fvc_rms 0.01324
fvc_90_perc 0.0124
fvc_percent_reached 48.3
fvc_image_path /data/fcam/61229/proc-fimg-fvc1s-0010.fits

typedef enum {
    BOSS,
    APOGEE,
    METROLOGY,
    NONE
} FIBERTYPE;

typedef struct {
    short positionerId;
    char holeId[28];
    FIBERTYPE fiberType;
    short assigned;
    short on_target;
    short disabled;
    short valid;
    short decollided;
    short too;
    double xwok;
    double ywok;
    double zwok;
    double xFocal;
    double yFocal;
    float alpha;
    float beta;
    double racat;
    double deccat;
    float pmra;
    float pmdec;
    float parallax;
    double ra;
    double dec;
    double ra_observed;
    double dec_observed;
    double alt_observed;
    double az_observed;
    float lambda_design;
    float lambda_eff;
    float coord_epoch;
    short spectrographId;
    short fiberId;
    float mag[5];
    char optical_prov[104];
    float bp_mag;
    float gaia_g_mag;
    float rp_mag;
    float h_mag;
    long catalogid;
    long carton_to_target_pk;
    char cadence[76];
    char firstcarton[200];
    char program[48];
    char category[60];
    long sdssv_boss_target0;
    long sdssv_apogee_target0;
    double delta_ra;
    double delta_dec;
    long too_id;
    char too_program[4];
} FIBERMAP;

FIBERMAP 4 R+1C12 APOGEE 0 0 0 1 0 0 -50.046702364616735 32.18797659419513 143.1 -14.639400420533876 -57.67263072681138 199.1598 46.676136 -999.0 -999.0 -999.0 -999.0 -999.0 199.0534563283756 -9.065094302169129 199.06804555566384 -9.211533422735366 55.34370055147554 298.7144428381746 -999.0 16600.0 -999.0 2 -999 {-999.0 -999.0 -999.0 -999.0 -999.0} "" -999.0 -999.0 -999.0 -999.0 -999 -999 "" "" "" "" 0 0 0.0 0.0 -999 ""
FIBERMAP 4 R+1C12 BOSS 1 1 0 1 0 0 -49.74649870690688 32.861871883411105 143.1 -15.373702408241073 -57.60183160691977 199.1598 46.676136 199.0510800431446 -9.064831285202184 -999.0 -999.0 -999.0 199.05107249461645 -9.064819229721941 199.06577756907575 -9.211353790255316 55.34184802739435 298.712209902366 5400.0 5400.0 2016.0 1 22 {-999.0 23.147812 22.4686 21.792831 21.301987} sdss_psfmag_from_lsdr10 1e+20 1e+20 1e+20 -999.0 63050399059964877 1131650962 dark_flexible_3x1 bhm_spiders_agn_lsdr10_d3 bhm_spiders science 0 0 0.0 0.0 -999 ""
FIBERMAP 4 R+1C12 METROLOGY 0 0 0 1 0 0 -49.302964961154075 32.26768162218407 143.1 -14.951018755754305 -56.99267058638979 199.1598 46.676136 -999.0 -999.0 -999.0 -999.0 -999.0 199.05240565734866 -9.063002792982878 199.0670765209751 -9.20951001467155 55.34168351489458 298.71614841364345 -999.0 6231.0 -999.0 -1 -999 {-999.0 -999.0 -999.0 -999.0 -999.0} "" -999.0 -999.0 -999.0 -999.0 -999 -999 "" "" "" "" 0 0 0.0 0.0 -999 ""
FIBERMAP 6 R+3C2 APOGEE 0 0 0 1 0 0 -233.117360376009 65.6260490659302 143.1 11.75312637579013 -241.88319114001987 0.49319547 169.68875 -999.0 -999.0 -999.0 -999.0 -999.0 199.1340940838174 -9.622110474436667 199.14915754472815 -9.768394574822901 55.75451567135563 298.0350038742894 -999.0 16600.0 -999.0 2 -999 {-999.0 -999.0 -999.0 -999.0 -999.0} "" -999.0 -999.0 -999.0 -999.0 -999 -999 "" "" "" "" 0 0 0.0 0.0 -999 ""
FIBERMAP 6 R+3C2 BOSS 1 1 0 1 0 0 -232.4111829982428 65.50913593787799 143.1 11.639873310481967 -241.17644763139637 0.49319547 169.68875 199.13350147933323 -9.619493640196351 -24.8735 -14.13333 0.5102858 199.1336340724478 -9.619921335714086 199.14881158856144 -9.76629690248268 55.75294441540156 298.0375466546746 5400.0 5400.0 2016.0 1 75 {-999.0 16.299225 16.022396 15.86545 -999.0} sdss_psfmag_ps1 16.249546 15.958549 15.501844 14.668 63050395165367130 1136359986 dark_flexible_3x1 mwm_halo_local_high_boss_triple mwm_halo science 0 0 0.7907777428627014 0.0 -999 ""
FIBERMAP 6 R+3C2 METROLOGY 0 0 0 1 0 0 -232.85295656371093 64.92634281267935 143.1 12.332716372780306 -241.4104044917348 0.49319547 169.68875 -999.0 -999.0 -999.0 -999.0 -999.0 199.1357950954188 -9.6206917769938 199.1509409442241 -9.767039591578337 55.75504973945832 298.0388316043505 -999.0 6231.0 -999.0 -1 -999 {-999.0 -999.0 -999.0 -999.0 -999.0} "" -999.0 -999.0 -999.0 -999.0 -999 -999 "" "" "" "" 0 0 0.0 0.0 -999 ""
FIBERMAP 13 R-1C1 APOGEE 1 1 0 1 0 0 -274.0314560429193 -14.281077039840692 143.1 100.5105564853446 -255.3205173120602 333.47156 166.75829 199.40630027546945 -9.662016039220624 -11.606418 -34.076176 8.534911 199.40624918310272 -9.662133383842775 199.4214182887216 -9.808168157756104 55.98919991906549 298.27736200448226 16000.0 16600.0 2016.0 2 255 {-999.0 10.013694 9.634991 9.514689 -999.0} sdss_psfmag_from_g3xp 9.951002 9.653733 9.188998 8.445 63050395165366711 974990494 "" ops_std_apogee ops_std standard_apogee 0 0 0.0 0.0 -999 ""
FIBERMAP 13 R-1C1 BOSS 0 0 0 1 0 0 -273.45915693623425 -14.74842224744351 143.1 100.7720923403954 -254.62950971788584 333.47156 166.75829 -999.0 -999.0 -999.0 -999.0 -999.0 199.40693777155138 -9.659956853485419 199.42221996623573 -9.806081570502046 55.98851555983197 298.2811584682023 -999.0 5400.0 -999.0 1 525 {-999.0 -999.0 -999.0 -999.0 -999.0} "" -999.0 -999.0 -999.0 -999.0 -999 -999 "" "" "" "" 0 0 0.0 0.0 -999 ""
FIBERMAP 13 R-1C1 METROLOGY 0 0 0 1 0 0 -274.1425148934205 -15.023217000199256 143.1 101.24954389279735 -255.19029955654563 333.47156 166.75829 -999.0 -999.0 -999.0 -999.0 -999.0 199.40844738424474 -9.661709510689938 199.42369892714487 -9.807807029468803 55.99073098484979 298.2803731172313 -999.0 6231.0 -999.0 -1 -999 {-999.0 -999.0 -999.0 -999.0 -999.0} "" -999.0 -999.0 -999.0 -999.0 -999 -999 "" "" "" "" 0 0 0.0 0.0 -999 ""
FIBERMAP 15 R-1C25 APOGEE 0 0 0 1 0 0 263.835940895452 -29.263970457745344 143.1 -55.982849547797926 259.47226382209624 289.83612 129.57549 -999.0 -999.0 -999.0 -999.0 -999.0 198.92822461190116 -8.10508604770253 198.94201579070887 -8.251782479319898 54.63709158398268 299.8672062828397 -999.0 16600.0 -999.0 2 -999 {-999.0 -999.0 -999.0 -999.0 -999.0} "" -999.0 -999.0 -999.0 -999.0 -999 -999 "" "" "" "" 0 0 0.0 0.0 -999 ""
FIBERMAP 15 R-1C25 BOSS 1 1 0 1 0 0 263.49999535094736 -29.883963037416414 143.1 -55.288318024743894 259.3504652166318 289.83612 129.57549 198.93022858832154 -8.10534529660576 -999.0 -999.0 -999.0 198.9302267952704 -8.105352846566339 198.94413634452576 -8.252145201136214 54.63893272216988 299.86905592793977 5400.0 5400.0 2016.0 1 336 {-999.0 22.247953 22.108433 21.734966 21.525604} sdss_fiber2mag_from_lsdr10 1e+20 1e+20 1e+20 -999.0 63050398344915374 1131659058 dark_flexible_3x1 bhm_spiders_agn_lsdr10_d3 bhm_spiders science 0 0 0.0 0.0 -999 ""
FIBERMAP 15 R-1C25 METROLOGY 0 0 0 1 0 0 263.08802253674185 -29.253184100602603 143.1 -55.75571360704008 258.7596201216233 289.83612 129.57549 -999.0 -999.0 -999.0 -999.0 -999.0 198.9288169538525 -8.107105002618164 198.9426942518503 -8.253870629452852 54.63894774156476 299.86518688492686 -999.0 6231.0 -999.0 -1 -999 {-999.0 -999.0 -999.0 -999.0 -999.0} "" -999.0 -999.0 -999.0 -999.0 -999 -999 "" "" "" "" 0 0 0.0 0.0 -999 ""
FIBERMAP 24 R+3C10 APOGEE 0 0 0 1 0 0 -66.19971149920403 74.72818030095078 143.1 -49.8521170513811 -86.4907043560342 167.93723 62.20255 -999.0 -999.0 -999.0 -999.0 -999.0 198.94513371172755 -9.152371416087147 198.95976730382574 -9.298893117009753 55.315454295527566 298.47693013227484 -999.0 16600.0 -999.0 2 -999 {-999.0 -999.0 -999.0 -999.0 -999.0} "" -999.0 -999.0 -999.0 -999.0 -999 -999 "" "" "" "" 0 0 0.0 0.0 -999 ""
FIBERMAP 24 R+3C10 BOSS 1 1 0 1 0 0 -65.71386206460852 75.29305251369357 143.1 -50.54195464601831 -86.20926465024829 167.93723 62.20255 198.94287442671416 -9.151467101766308 -999.0 -999.0 -999.0 198.94286848646664 -9.151469092192762 198.9576178860317 -9.29808595499717 55.31329588089615 298.4756973819841 5400.0 5400.0 2016.0 1 24 {-999.0 20.313625 19.569511 19.216576 -999.0} sdss_psfmag_ps1 -999.0 -999.0 -999.0 -999.0 63050399060391395 1116398961 dark_1x1 openfibertargets_bhm_hightderates_qbs_boss open_fiber science 0 0 0.0 0.0 -999 ""
FIBERMAP 24 R+3C10 METROLOGY 0 0 0 1 0 0 -65.4630519892357 74.5984460218673 143.1 -49.96288634857968 -85.75098688144958 167.93723 62.20255 -999.0 -999.0 -999.0 -999.0 -999.0 198.9446778289225 -9.150116975687261 198.95939339262532 -9.296706086417375 55.31379529920768 298.4795169357589 -999.0 6231.0 -999.0 -1 -999 {-999.0 -999.0 -999.0 -999.0 -999.0} "" -999.0 -999.0 -999.0 -999.0 -999 -999 "" "" "" "" 0 0 0.0 0.0 -999 ""
FIBERMAP 27 R-2C1 APOGEE 1 1 0 1 0 0 -280.79858267390216 -43.24623826264689 143.1 130.1246964390503 -252.54493673496546 198.15419 120.27399 199.49696604168616 -9.653484325976187 -4.5517 -1.5050151 1.7419127 199.49694516160199 -9.653489906716041 199.51213133995066 -9.799444200150385 56.05357679765387 298.3894173916733 16000.0 16600.0 2016.0 2 256 {-999.0 13.1773615 12.541438 12.31992 -999.0} sdss_psfmag_from_g3xp 13.016625 12.579371 11.978491 10.807 63050395165366817 1093983225 bright_1x1 mwm_bin_vis_apogee mwm_filler science 0 0 0.0 0.0 -999 ""
FIBERMAP 27 R-2C1 BOSS 0 0 0 1 0 0 -281.3761890551092 -42.772832128692045 143.1 129.85909760569822 -253.24290053584076 198.15419 120.27399 -999.0 -999.0 -999.0 -999.0 -999.0 199.4959982020863 -9.65547264345859 199.51130010266274 -9.801517655194623 56.05423295638809 298.38560187054674 -999.0 5400.0 -999.0 1 526 {-999.0 -999.0 -999.0 -999.0 -999.0} "" -999.0 -999.0 -999.0 -999.0 -999 -999 "" "" "" "" 0 0 0.0 0.0 -999 ""
FIBERMAP 27 R-2C1 METROLOGY 0 0 0 1 0 0 -280.6712254119426 -42.510825108289104 143.1 129.38691521816756 -252.65756450907534 198.15419 120.27399 -999.0 -999.0 -999.0 -999.0 -999.0 199.49461926126375 -9.653800386202388 199.509887002793 -9.799821348458634 56.052085842614225 298.3864153370982 -999.0 6231.0 -999.0 -1 -999 {-999.0 -999.0 -999.0 -999.0 -999.0} "" -999.0 -999.0 -999.0 -999.0 -999 -999 "" "" "" "" 0 0 0.0 0.0 -999 ""
FIBERMAP 34 R-11C16 APOGEE 0 0 0 1 0 0 149.74160364987665 -208.34673546014767 143.1 150.0437479670469 208.11612115447167 206.44902 67.2237 -999.0 -999.0 -999.0 -999.0 -999.0 199.55779367766067 -8.260558304645343 199.5718364785522 -8.406667750514112 55.21336465913454 300.3601900989384 -999.0 16600.0 -999.0 2 235 {-999.0 -999.0 -999.0 -999.0 -999.0} "" -999.0 -999.0 -999.0 -999.0 -999 -999 "" ops_sky_apogee_best_unassigned ops_sky sky_apogee 0 0 0.0 0.0 -999 ""
FIBERMAP 34 R-11C16 BOSS 1 1 0 1 0 0 149.6946098046583 -207.5920254485749 143.1 149.34300151758057 207.83203916179178 206.44902 67.2237 199.55530665192578 -8.261304043569805 -1.7001258 -1.4483407 0.039991133 199.55555252827915 -8.261300779177533 199.5697103002966 -8.4075084308568 55.21230393714034 300.3566821254211 5400.0 5400.0 2016.0 1 345 {-999.0 16.808031 16.009775 15.730903 -999.0} sdss_psfmag_ps1 16.567154 16.039265 15.348051 13.9 63050395165391194 1061260919 dark_flexible_2x1 manual_mwm_halo_distant_kgiant_near_boss mwm_halo science 0 0 0.8296529650688171 0.0 -999 ""
FIBERMAP 34 R-11C16 METROLOGY 0 0 0 1 0 0 150.36115010573587 -207.91654784790308 143.1 149.43919533476603 208.56708466723683 206.44902 67.2237 -999.0 -999.0 -999.0 -999.0 -999.0 199.55589598493412 -8.259079769739602 199.57001945508637 -8.405260170845764 55.211083339884425 300.36003449546837 -999.0 6231.0 -999.0 -1 -999 {-999.0 -999.0 -999.0 -999.0 -999.0} "" -999.0 -999.0 -999.0 -999.0 -999 -999 "" "" "" "" 0 0 0.0 0.0 -999 ""
FIBERMAP 38 R+13C14 APOGEE 1 1 0 1 0 0 127.69809072028826 265.42437091243517 143.1 -292.21819569074074 36.854097220159936 225.27112 9.943923 198.20527521691645 -8.776934462206764 -9.1303835 7.3577514 2.01447 198.20528793274065 -8.776813725054838 198.21945272165817 -8.924033786135034 54.51083102409122 298.1888353189496 16000.0 16600.0 2016.0 2 57 {-999.0 12.231926 11.798696 11.683773 -999.0} sdss_psfmag_from_g3xp 12.155017 11.834404 11.352744 10.504 63050395165377536 1094084081 bright_1x1 mwm_bin_vis_apogee mwm_filler science 0 0 0.0 0.0 -999 ""
FIBERMAP 38 R+13C14 BOSS 0 0 0 1 0 0 128.21371225086497 265.95487152316804 143.1 -292.88488876195066 37.174676983899275 225.27112 9.943923 -999.0 -999.0 -999.0 -999.0 -999.0 198.20319806973842 -8.775751254115992 198.2174822769016 -8.92306885743076 54.50870868898262 298.18803476720905 -999.0 5400.0 -999.0 1 95 {-999.0 -999.0 -999.0 -999.0 -999.0} "" -999.0 -999.0 -999.0 -999.0 -999 -999 "" "" "" "" 0 0 0.0 0.0 -999 ""
FIBERMAP 38 R+13C14 METROLOGY 0 0 0 1 0 0 128.41464624963666 265.2243602581389 143.1 -292.25594443865305 37.597054274504735 225.27112 9.943923 -999.0 -999.0 -999.0 -999.0 -999.0 198.20507781822775 -8.774497993784193 198.21932727250464 -8.921787097014278 54.509328957031194 298.19172105203785 -999.0 6231.0 -999.0 -1 -999 {-999.0 -999.0 -999.0 -999.0 -999.0} "" -999.0 -999.0 -999.0 -999.0 -999 -999 "" "" "" "" 0 0 0.0 0.0 -999 ""
FIBERMAP 41 R+10C10 APOGEE 0 0 0 1 0 0 40.050128453163154 185.55489772934615 143.1 -188.66470841973185 -20.91099818023429 21.048252 60.37765 -999.0 -999.0 -999.0 -999.0 -999.0 198.51974175721475 -8.95243183360184 198.53411489260202 -9.099355204737941 54.8629537103305 298.28866874991144 -999.0 16600.0 -999.0 2 -999 {-999.0 -999.0 -999.0 -999.0 -999.0} "" -999.0 -999.0 -999.0 -999.0 -999 -999 "" "" "" "" 0 0 0.0 0.0 -999 ""
FIBERMAP 41 R+10C10 BOSS 1 1 0 1 0 0 39.93620026622394 184.8241805500258 143.1 -187.93564213845676 -20.787126507028315 21.048252 60.37765 198.52184174152654 -8.951950337374926 -17.936953 -6.386795 0.37058413 198.5217908192956 -8.951974776138531 198.53628320213932 -9.098990866042147 54.86439532169788 298.2914911185813 5400.0 5400.0 2016.0 1 127 {-999.0 17.609697 17.234152 16.910593 -999.0} sdss_psfmag_ps1 17.292234 17.026203 16.620144 -999.0 63050395165375901 977031926 "" ops_std_boss ops_std standard_boss 0 0 0.0 0.0 -999 ""
FIBERMAP 41 R+10C10 METROLOGY 0 0 0 1 0 0 39.35787667868121 185.27155042033706 143.1 -188.17632422776038 -21.477507368544646 21.048252 60.37765 -999.0 -999.0 -999.0 -999.0 -999.0 198.52105971842903 -8.954094566828148 198.535519835743 -9.101084203141733 54.865117848169824 298.28783466255885 -999.0 6231.0 -999.0 -1 -999 {-999.0 -999.0 -999.0 -999.0 -999.0} "" -999.0 -999.0 -999.0 -999.0 -999 -999 "" "" "" "" 0 0 0.0 0.0 -999 ""
FIBERMAP 47 R-6C12 APOGEE 0 0 0 1 0 0 6.811357271520823 -122.00935494870419 143.1 113.5347982592763 45.1806095643689 224.39934 90.083435 -999.0 -999.0 -999.0 -999.0 -999.0 199.44728899057853 -8.75307846207912 199.46171474641187 -8.899212691957175 55.446393034253795 299.57371578278696 -999.0 16600.0 -999.0 2 -999 {-999.0 -999.0 -999.0 -999.0 -999.0} "" -999.0 -999.0 -999.0 -999.0 -999 -999 "" "" "" "" 0 0 0.0 0.0 -999 ""
FIBERMAP 47 R-6C12 BOSS 1 1 0 1 0 0 6.27232305489084 -121.51856141448984 143.1 113.24047015208039 44.51370399612755 224.39934 90.083435 199.44633234919328 -8.754993086016494 -999.0 -999.0 -999.0 199.44633205812207 -8.754983926126151 199.46087419079674 -8.901212934284349 55.44703035724371 299.5700663077565 5400.0 5400.0 2016.0 1 391 {-999.0 20.511866 19.750835 19.315691 18.998081} sdss_fiber2mag_from_lsdr10 19.600462 20.550365 18.139668 15.573 63050395165382135 1131653028 dark_flexible_3x1 bhm_spiders_agn_lsdr10_d3 bhm_spiders science 0 0 0.0 0.0 -999 ""
FIBERMAP 47 R-6C12 METROLOGY 0 0 0 1 0 0 7.0049128897142925 -121.28683544068946 143.1 112.78823441919813 45.134847002208936 224.39934 90.083435 -999.0 -999.0 -999.0 -999.0 -999.0 199.44498841993828 -8.753120603213313 199.4594961202124 -8.899324416505596 55.44477692596342 299.5710976325002 -999.0 6231.0 -999.0 -1 -999 {-999.0 -999.0 -999.0 -999.0 -999.0} "" -999.0 -999.0 -999.0 -999.0 -999 -999 "" "" "" "" 0 0 0.0 0.0 -999 ""
FIBERMAP 48 R-6C4 APOGEE 0 0 0 1 0 0 -140.0880665718499 -124.20351632651106 143.1 162.23638239068438 -93.42176890281405 13.591469 72.421364 -999.0 -999.0 -999.0 -999.0 -999.0 199.59645093537037 -9.173264667310372 199.61126101464004 -9.319200529894548 55.827404718560814 299.1657481512836 -999.0 16600.0 -999.0 2 -999 {-999.0 -999.0 -999.0 -999.0 -999.0} "" -999.0 -999.0 -999.0 -999.0 -999 -999 "" "" "" "" 0 0 0.0 0.0 -999 ""
FIBERMAP 48 R-6C4 BOSS 1 1 0 1 0 0 -140.15017936735688 -124.9319633980385 143.1 162.94685155388666 -93.24948326350668 13.591469 72.421364 199.598581040058 -9.172674901222868 -999.0 -999.0 -999.0 199.59856478886493 -9.172675763321443 199.61348899796997 -9.318701967219564 55.828790209738386 299.16891439053427 5400.0 5400.0 2016.0 1 491 {-999.0 23.407522 22.287403 21.727184 21.300102} sdss_fiber2mag_from_lsdr10 1e+20 1e+20 1e+20 -999.0 63050399059832156 1131648991 dark_flexible_3x1 bhm_spiders_agn_lsdr10_d3 bhm_spiders science 0 0 0.0 0.0 -999 ""
FIBERMAP 48 R-6C4 METROLOGY 0 0 0 1 0 0 -140.75671134409293 -124.53879588948527 143.1 162.76651975003293 -93.94941097811764 13.591469 72.421364 -999.0 -999.0 -999.0 -999.0 -999.0 199.59806444326904 -9.174834891744295 199.6129580004906 -9.320835098843279 55.82973588776038 299.1653845903271 -999.0 6231.0 -999.0 -1 -999 {-999.0 -999.0 -999.0 -999.0 -999.0} "" -999.0 -999.0 -999.0 -999.0 -999 -999 "" "" "" "" 0 0 0.0 0.0 -999 ""
FIBERMAP 50 R-4C21 APOGEE 0 0 0 1 0 0 212.5284738395163 -68.94519557683655 143.1 -2.071493051453395 223.41297562909452 44.10058 111.2453 -999.0 -999.0 -999.0 -999.0 -999.0 199.09282052348584 -8.213508967732503 199.1067309952531 -8.360042989187363 54.83154207243564 299.90492488333706 -999.0 16600.0 -999.0 2 225 {-999.0 -999.0 -999.0 -999.0 -999.0} "" -999.0 -999.0 -999.0 -999.0 -999 -999 "" ops_sky_apogee_best_unassigned ops_sky sky_apogee 0 0 0.0 0.0 -999 ""
FIBERMAP 50 R-4C21 BOSS 1 1 0 1 0 0 213.1975676604667 -69.22102092881586 143.1 -2.0222870595158904 224.13498772365818 44.10058 111.2453 199.09286499023438 -8.211191680155764 -999.0 -999.0 -999.0 199.09285577546459 -8.211197811478689 199.10688135022326 -8.357829215441175 54.83023341280109 299.9080355881838 5400.0 5400.0 2015.5 1 323 {-999.0 -999.0 -999.0 -999.0 -999.0} "" -999.0 -999.0 -999.0 -999.0 27021603139619751 820071344 "" ops_sky_boss_good ops_sky sky_boss 0 0 0.0 0.0 -999 ""
FIBERMAP 50 R-4C21 METROLOGY 0 0 0 1 0 0 212.6094143508805 -69.68492884682104 143.1 -1.3957219684707014 223.7244947451304 44.10058 111.2453 -999.0 -999.0 -999.0 -999.0 -999.0 199.09480464832004 -8.2124274068168 199.1087984519079 -8.359029379256738 54.832457904287836 299.90855541299334 -999.0 6231.0 -999.0 -1 -999 {-999.0 -999.0 -999.0 -999.0 -999.0} "" -999.0 -999.0 -999.0 -999.0 -999 -999 "" "" "" "" 0 0 0.0 0.0 -999 ""
FIBERMAP 51 R+5C4 APOGEE 0 0 0 1 0 0 -157.2148833486296 88.36158386079347 143.1 -33.894954483758376 -177.1234644232071 327.1961 110.99414 -999.0 -999.0 -999.0 -999.0 -999.0 198.9940272242144 -9.426804890473592 199.0088949283961 -9.57324224453276 55.52481573018441 298.15307603598256 -999.0 16600.0 -999.0 2 -999 {-999.0 -999.0 -999.0 -999.0 -999.0} "" -999.0 -999.0 -999.0 -999.0 -999 -999 "" "" "" "" 0 0 0.0 0.0 -999 ""
FIBERMAP 51 R+5C4 BOSS 1 1 0 1 0 0 -157.3194259208345 87.6601100014042 143.1 -33.19659712929891 -176.99997360336133 327.1961 110.99414 198.99602402464745 -9.426403925342882 -0.06912904 -0.26870865 5.534579e-05 198.99604459482424 -9.426405395263739 199.011029187693 -9.572932774263416 55.52626835136889 298.1558213333264 5400.0 5400.0 2016.0 1 38 {-999.0 20.024158 19.868372 19.733625 19.65143} sdss_psfmag_from_gaiadr2 19.96523 19.860304 19.432133 -999.0 63050395165368859 1130021701 dark_flexible_3x1 bhm_gua_dark_d3 bhm_filler science 0 0 0.0 0.0 -999 ""
FIBERMAP 51 R+5C4 METROLOGY 0 0 0 1 0 0 -157.92150713803278 88.1162656245256 143.1 -33.43807051476124 -177.7156711593062 327.1961 110.99414 -999.0 -999.0 -999.0 -999.0 -999.0 198.99533048694536 -9.428614222598197 199.01028361938882 -9.575115895331175 55.52705444536889 298.1519958500083 -999.0 6231.0 -999.0 -1 -999 {-999.0 -999.0 -999.0 -999.0 -999.0} "" -999.0 -999.0 -999.0 -999.0 -999 -999 "" "" "" "" 0 0 0.0 0.0 -999 ""
FIBERMAP 60 R-3C7 APOGEE 0 0 0 1 0 0 -122.31716971055312 -69.20872971998895 143.1 104.44718279161475 -94.02385311871465 256.86594 134.66402 -999.0 -999.0 -999.0 -999.0 -999.0 199.4193268722025 -9.175385004793299 199.43409521607748 -9.321480690422096 55.69342956067496 298.96608686073193 -999.0 16600.0 -999.0 2 290 {-999.0 -999.0 -999.0 -999.0 -999.0} "" -999.0 -999.0 -999.0 -999.0 -999 -999 "" ops_sky_apogee_best_unassigned ops_sky sky_apogee 0 0 0.0 0.0 -999 ""
FIBERMAP 60 R-3C7 BOSS 1 1 0 1 0 0 -122.99905043318797 -69.48715439616453 143.1 104.92760762763062 -94.58209014015222 256.86594 134.66402 199.42072867842361 -9.1770294883077 -999.0 -999.0 -999.0 199.4207338595113 -9.177026318906226 199.43561881152186 -9.323212847854952 55.695689200083144 298.96538870514735 5400.0 5400.0 2016.0 1 476 {-999.0 21.213013 19.775188 19.215504 18.840372} sdss_fiber2mag_from_lsdr10 1e+20 1e+20 1e+20 15.536 63050399059909078 1128412168 dark_flexible_3x1 bhm_spiders_clusters_lsdr10_d3 bhm_spiders science 0 0 0.0 0.0 -999 ""
FIBERMAP 60 R-3C7 METROLOGY 0 0 0 1 0 0 -122.90861661744619 -68.75239378380044 143.1 104.20216344918977 -94.7295238172837 256.86594 134.66402 -999.0 -999.0 -999.0 -999.0 -999.0 199.41855104027672 -9.17751241906181 199.4334033032875 -9.32367466805526 55.694285748524216 298.9623036195833 -999.0 6231.0 -999.0 -1 -999 {-999.0 -999.0 -999.0 -999.0 -999.0} "" -999.0 -999.0 -999.0 -999.0 -999 -999 "" "" "" "" 0 0 0.0 0.0 -999 ""
FIBERMAP 73 R-11C14 APOGEE 0 0 0 1 0 0 118.34901396521539 -228.86989399314947 143.1 179.46797719485306 184.8611710493781 273.49362 93.564865 -999.0 -999.0 -999.0 -999.0 -999.0 199.64776726119692 -8.330888678859232 199.66188680538642 -8.476905592930802 55.326729028037974 300.36724881616414 -999.0 16600.0 -999.0 2 232 {-999.0 -999.0 -999.0 -999.0 -999.0} "" -999.0 -999.0 -999.0 -999.0 -999 -999 "" "" "" "" 0 0 0.0 0.0 -999 ""
FIBERMAP 73 R-11C14 BOSS 1 1 0 1 0 0 117.63106794316833 -228.8355482626535 143.1 179.6632605283907 184.16947193824615 273.49362 93.564865 199.6479413692335 -8.332908959461003 -15.165148 0.34863237 0.14465739 199.64826410849497 -8.332871899252545 199.6624997543671 -8.478983915914181 55.328535296249385 300.36515090420596 5400.0 5400.0 2016.0 1 341 {-999.0 14.901234 14.266649 13.989448 -999.0} sdss_psfmag_from_g3xp 14.74098 14.276168 13.6413355 12.319 63050395165391067 1133216243 dark_flexible_3x1 mwm_halo_mp_xp_boss_triple mwm_halo science 0 0 1.3253729343414307 0.0 -999 ""
FIBERMAP 73 R-11C14 METROLOGY 0 0 0 1 0 0 118.02677187617063 -228.1971893116283 143.1 178.9323476162094 184.34210811572385 273.49362 93.564865 -999.0 -999.0 -999.0 -999.0 -999.0 199.64610074217595 -8.33233792169858 199.66030309751102 -8.478424827640408 55.32651637077623 300.36343135549737 -999.0 6231.0 -999.0 -1 -999 {-999.0 -999.0 -999.0 -999.0 -999.0} "" -999.0 -999.0 -999.0 -999.0 -999 -999 "" "" "" "" 0 0 0.0 0.0 -999 ""
FIBERMAP 85 R+2C11 APOGEE 0 0 0 1 0 0 -57.400269247988724 37.58493178610752 143.1 -17.42333738692924 -66.35853082929088 182.49052 121.341125 -999.0 -999.0 -999.0 -999.0 -999.0 199.04487460664288 -9.09144513763968 199.05948312148178 -9.237887885825288 55.35371709001444 298.6690660582186 -999.0 16600.0 -999.0 2 15 {-999.0 -999.0 -999.0 -999.0 -999.0} "" -999.0 -999.0 -999.0 -999.0 -999 -999 "" ops_sky_apogee_best_unassigned ops_sky sky_apogee 0 0 0.0 0.0 -999 ""
FIBERMAP 85 R+2C11 BOSS 1 1 0 1 0 0 -57.8192837956818 38.17631788006385 143.1 -17.851143533109315 -66.9435513457775 182.49052 121.341125 199.04342651367185 -9.093170237357086 -999.0 -999.0 -999.0 199.04343016907254 -9.093166302197442 199.05815639072637 -9.239703239510053 55.35384102348217 298.66513480381394 5400.0 5400.0 2015.5 1 23 {-999.0 -999.0 -999.0 -999.0 -999.0} "" -999.0 -999.0 -999.0 -999.0 27021603139608504 811720015 "" ops_sky_boss_good ops_sky sky_boss 0 0 0.0 0.0 -999 ""
FIBERMAP 85 R+2C11 METROLOGY 0 0 0 1 0 0 -57.07209807257231 38.24932196832337 143.1 -18.15750202151693 -66.2581946509564 182.49052 121.341125 -999.0 -999.0 -999.0 -999.0 -999.0 199.04252112164954 -9.091117325399573 199.0572124078368 -9.237628980716755 55.35181194158358 298.6669402015025 -999.0 6231.0 -999.0 -1 -999 {-999.0 -999.0 -999.0 -999.0 -999.0} "" -999.0 -999.0 -999.0 -999.0 -999 -999 "" "" "" "" 0 0 0.0 0.0 -999 ""
FIBERMAP 89 R-9C1 APOGEE 0 0 0 1 0 0 -194.85541003662587 -192.534851604334 143.1 244.41351846589245 -123.66933267512255 294.64484 72.85297 -999.0 -999.0 -999.0 -999.0 -999.0 199.84708490608583 -9.263852478988547 199.86203346168656 -9.409546033292637 56.07603088616614 299.3211383773229 -999.0 16600.0 -999.0 2 258 {-999.0 -999.0 -999.0 -999.0 -999.0} "" -999.0 -999.0 -999.0 -999.0 -999 -999 "" ops_sky_apogee_best_unassigned ops_sky sky_apogee 0 0 0.0 0.0 -999 ""
FIBERMAP 89 R-9C1 BOSS 1 1 0 1 0 0 -195.58126259193367 -192.64048208787378 143.1 244.74404480214966 -124.32410547344958 294.64484 72.85297 199.84799060085967 -9.265752770129746 -999.0 -999.0 -999.0 199.84796178826528 -9.265726714707002 199.86302508743984 -9.411510660258527 56.07803366602667 299.3195300202499 5400.0 5400.0 2016.0 1 352 {-999.0 21.17313 20.435192 19.964895 -999.0} sdss_psfmag_ps1 -999.0 -999.0 -999.0 -999.0 63050396914745571 1128038804 dark_flexible_3x1 bhm_csc_boss_d3 bhm_csc science 0 0 0.0 0.0 -999 ""
FIBERMAP 89 R-9C1 METROLOGY 0 0 0 1 0 0 -195.31234462143888 -191.94851695528965 143.1 244.0025369468919 -124.28870805687777 294.64484 72.85297 -999.0 -999.0 -999.0 -999.0 -999.0 199.84578726020266 -9.265680926420863 199.8608179789229 -9.41144095263089 56.07630656966534 299.3171507644773 -999.0 6231.0 -999.0 -1 -999 {-999.0 -999.0 -999.0 -999.0 -999.0} "" -999.0 -999.0 -999.0 -999.0 -999 -999 "" "" "" "" 0 0 0.0 0.0 -999 ""
FIBERMAP 92 R-1C26 APOGEE 0 0 0 1 0 0 276.1773345935912 -27.530040883992765 143.1 -61.5438086892134 270.62481297481736 201.0149 152.38617 -999.0 -999.0 -999.0 -999.0 -999.0 198.91135230631886 -8.071650371707419 198.9251136211592 -8.21836684842716 54.60280032318949 299.89285485592507 -999.0 16600.0 -999.0 2 229 {-999.0 -999.0 -999.0 -999.0 -999.0} "" -999.0 -999.0 -999.0 -999.0 -999 -999 "" ops_sky_apogee_best_unassigned ops_sky sky_apogee 0 0 0.0 0.0 -999 ""
FIBERMAP 92 R-1C26 BOSS 1 1 0 1 0 0 275.3869918024398 -27.460563229521014 143.1 -61.35886321971297 269.8533132661493 201.0149 152.38617 198.91181605652667 -8.073828661737142 -3.6615543 -20.704947 4.910084 198.91179485504614 -8.073879388323029 198.92567589904843 -8.220693024299138 54.60472191865877 299.89039611677157 5400.0 5400.0 2016.0 1 338 {-999.0 19.791405 18.234673 17.001984 -999.0} sdss_psfmag_ps1 19.19522 17.607855 16.39103 14.174 63050395165390646 1096577213 bright_1x1 mwm_bin_vis_boss mwm_filler science 0 0 0.0 0.0 -999 ""
FIBERMAP 92 R-1C26 METROLOGY 0 0 0 1 0 0 275.8630470173133 -26.841987595908435 143.1 -62.096517220974114 270.1084218482011 201.0149 152.38617 -999.0 -999.0 -999.0 -999.0 -999.0 198.9095672004185 -8.073091162770094 198.92341379062918 -8.219879145849546 54.60248370600868 299.88898790981295 -999.0 6231.0 -999.0 -1 -999 {-999.0 -999.0 -999.0 -999.0 -999.0} "" -999.0 -999.0 -999.0 -999.0 -999 -999 "" "" "" "" 0 0 0.0 0.0 -999 ""
FIBERMAP 101 R-9C6 APOGEE 0 0 0 1 0 0 -65.45195767992622 -185.4317821823504 143.1 196.6096516349222 -3.215593097257939 346.98132 86.75687 -999.0 -999.0 -999.0 -999.0 -999.0 199.7016153797463 -8.899815965210971 199.71622164850385 -9.04569730225154 55.733403352406086 299.6582307054765 -999.0 16600.0 -999.0 2 181 {-999.0 -999.0 -999.0 -999.0 -999.0} "" -999.0 -999.0 -999.0 -999.0 -999 -999 "" ops_sky_apogee_best_unassigned ops_sky sky_apogee 0 0 0.0 0.0 -999 ""
FIBERMAP 101 R-9C6 BOSS 1 1 0 1 0 0 -65.66941833374091 -186.15491721397365 143.1 197.3643858075074 -3.1923033587571528 346.98132 86.75687 199.70368187763572 -8.899591046392862 -18.285406 -17.80492 0.5420049 199.70386291538978 -8.899651046881024 199.71858334598414 -9.045623621859823 55.73515097268564 299.660977059842 5400.0 5400.0 2016.0 1 374 {-999.0 16.019272 15.669265 15.544231 -999.0} sdss_psfmag_ps1 15.933908 15.660766 15.210067 14.376 63050395165381625 1136360229 dark_flexible_3x1 mwm_halo_local_high_boss_triple mwm_halo science 0 0 0.8817989230155945 0.0 -999 ""
FIBERMAP 101 R-9C6 METROLOGY 0 0 0 1 0 0 -66.16532061014368 -185.6345699404207 143.1 197.02834446351085 -3.8276880330931156 346.98132 86.75687 -999.0 -999.0 -999.0 -999.0 -999.0 199.70289852293277 -8.901604234230001 199.71758812594965 -9.04755095873513 55.73562561194851 299.6572280296061 -999.0 6231.0 -999.0 -1 -999 {-999.0 -999.0 -999.0 -999.0 -999.0} "" -999.0 -999.0 -999.0 -999.0 -999 -999 "" "" "" "" 0 0 0.0 0.0 -999 ""
FIBERMAP 105 R-2C23 APOGEE 0 0 0 1 0 0 239.4327556759056 -44.14171800417288 143.1 -34.130135851622484 241.05341676750538 3.187144 93.17645 -999.0 -999.0 -999.0 -999.0 -999.0 198.99485387304878 -8.160393867037158 199.00870224821415 -8.307022912818022 54.72315184927907 299.8673177471738 -999.0 16600.0 -999.0 2 203 {-999.0 -999.0 -999.0 -999.0 -999.0} "" -999.0 -999.0 -999.0 -999.0 -999 -999 "" ops_sky_apogee_best_unassigned ops_sky sky_apogee 0 0 0.0 0.0 -999 ""
FIBERMAP 105 R-2C23 BOSS 1 1 0 1 0 0 239.5050566516333 -44.86937769046068 143.1 -33.463071756728766 241.35291161375824 3.187144 93.17645 198.99673461914062 -8.159373632185066 -999.0 -999.0 -999.0 198.99677423081806 -8.159372785364905 199.010739597285 -8.30609769641361 54.72410245188354 299.8707879763789 5400.0 5400.0 2015.5 1 286 {-999.0 -999.0 -999.0 -999.0 -999.0} "" -999.0 -999.0 -999.0 -999.0 27021603139619795 811721723 "" ops_sky_boss_good ops_sky sky_boss 0 0 0.0 0.0 -999 ""
FIBERMAP 105 R-2C23 METROLOGY 0 0 0 1 0 0 238.82690833911454 -44.5653635500705 143.1 -33.53613443496123 240.61336733812473 3.187144 93.17645 -999.0 -999.0 -999.0 -999.0 -999.0 198.99657378312293 -8.161581657982904 199.01050759735438 -8.308278794500858 54.72532767597852 299.86763824474696 -999.0 6231.0 -999.0 -1 -999 {-999.0 -999.0 -999.0 -999.0 -999.0} "" -999.0 -999.0 -999.0 -999.0 -999 -999 "" "" "" "" 0 0 0.0 0.0 -999 ""
FIBERMAP 109 R-5C5 APOGEE 0 0 1 1 0 0 -148.2120658735035 -89.78680106733864 143.1 132.17870006000442 -112.04813721884835 22.404823 164.55133 -999.0 -999.0 -999.0 -999.0 -999.0 199.50431175183334 -9.22984636847621 199.51914629661894 -9.375857203534828 55.792838006243606 298.9853497269772 -999.0 16600.0 -999.0 2 295 {-999.0 -999.0 -999.0 -999.0 -999.0} "" -999.0 -999.0 -999.0 -999.0 -999 -999 "" ops_sky_apogee_best_unassigned ops_sky sky_apogee 0 0 0.0 0.0 -999 ""
FIBERMAP 109 R-5C5 BOSS 1 0 1 1 0 0 -147.5057863322594 -89.5266220607644 143.1 131.707833481507 -111.46097322932962 22.404823 164.55133 199.50141393961002 -9.152531246268609 -999.0 -999.0 -999.0 199.5028062274954 -9.228020955249944 199.5177533844659 -9.374125461273792 55.7906787506502 298.98619394927516 5400.0 5400.0 2016.0 1 486 {-999.0 22.618645 21.31266 20.829815 20.48604} sdss_fiber2mag_from_lsdr10 1e+20 1e+20 1e+20 -999.0 63050398344913203 1128412181 dark_flexible_3x1 bhm_spiders_clusters_lsdr10_d3 bhm_spiders science 0 0 0.0 0.0 -999 ""
FIBERMAP 109 R-5C5 METROLOGY 0 0 1 1 0 0 -147.63346111581984 -90.26212712391627 143.1 132.4458026264573 -111.34861737923352 22.404823 164.55133 -999.0 -999.0 -999.0 -999.0 -999.0 199.5051179942523 -9.227716339777944 199.52003301394188 -9.373792718675949 55.79221234945134 298.98917965173814 -999.0 6231.0 -999.0 -1 -999 {-999.0 -999.0 -999.0 -999.0 -999.0} "" -999.0 -999.0 -999.0 -999.0 -999 -999 "" "" "" "" 0 0 0.0 0.0 -999 ""
FIBERMAP 111 R+1C26 APOGEE 0 0 1 1 0 0 281.0098548496976 27.08393780155422 143.1 -114.86569686425507 257.8746496345612 9.168811 169.97867 -999.0 -999.0 -999.0 -999.0 -999.0 198.7485271760199 -8.110061125063906 198.76228724488703 -8.256914600998234 54.50395045929106 299.6635624469301 -999.0 16600.0 -999.0 2 107 {-999.0 -999.0 -999.0 -999.0 -999.0} "" -999.0 -999.0 -999.0 -999.0 -999 -999 "" ops_sky_apogee_best_unassigned ops_sky sky_apogee 0 0 0.0 0.0 -999 ""
FIBERMAP 111 R+1C26 BOSS 1 0 1 1 0 0 281.7545756655823 27.07036542445612 143.1 -115.08917614307602 258.5851454248944 9.168811 169.97867 198.74542236328125 -8.160551240312586 -999.0 -999.0 -999.0 198.7477486848467 -8.107855969255477 198.76162547155195 -8.254808406301319 54.50209825385875 299.6656249702376 5400.0 5400.0 2015.5 1 183 {-999.0 -999.0 -999.0 -999.0 -999.0} "" -999.0 -999.0 -999.0 -999.0 27021603139620008 820071365 "" ops_sky_boss_good ops_sky sky_boss 0 0 0.0 0.0 -999 ""
FIBERMAP 111 R+1C26 METROLOGY 0 0 1 1 0 0 281.3819454971106 26.424990742694824 143.1 -114.35893333861566 258.4366157147986 9.168811 169.97867 -999.0 -999.0 -999.0 -999.0 -999.0 198.74998253559585 -8.108272745887113 198.76382646643503 -8.255195406399562 54.50401863726516 299.6675165544251 -999.0 6231.0 -999.0 -1 -999 {-999.0 -999.0 -999.0 -999.0 -999.0} "" -999.0 -999.0 -999.0 -999.0 -999 -999 "" "" "" "" 0 0 0.0 0.0 -999 ""
FIBERMAP 112 R-4C23 APOGEE 0 0 0 1 0 0 242.1773478205857 -93.58294840914954 143.1 11.881924768138866 259.3469899121042 278.79102 90.40949 -999.0 -999.0 -999.0 -999.0 -999.0 199.135549270568 -8.105543981366907 199.14938132560872 -8.25205666219129 54.794340935840445 300.09548516878993 -999.0 16600.0 -999.0 2 237 {-999.0 -999.0 -999.0 -999.0 -999.0} "" -999.0 -999.0 -999.0 -999.0 -999 -999 "" ops_sky_apogee_best_unassigned ops_sky sky_apogee 0 0 0.0 0.0 -999 ""
FIBERMAP 112 R-4C23 BOSS 1 1 0 1 0 0 241.4576956612962 -93.68405068627709 143.1 12.20618939321142 258.69665959556363 278.79102 90.40949 199.1364571736779 -8.107455177424095 -79.48741 23.848734 1.6790885 199.13642302623273 -8.10739164127194 199.15037356034225 -8.254000732905794 54.796344812050954 300.0940050129766 5400.0 5400.0 2016.0 1 347 {-999.0 17.937605 16.760258 15.989822 -999.0} sdss_psfmag_ps1 17.348133 16.48164 15.557722 13.775 63050395165390360 1136360053 dark_flexible_3x1 mwm_halo_local_high_boss_triple mwm_halo science 0 0 0.7534431219100952 0.0 -999 ""
FIBERMAP 112 R-4C23 METROLOGY 0 0 0 1 0 0 241.7083805731695 -93.00319384659767 143.1 11.481001640318942 258.7182927459756 278.79102 90.40949 -999.0 -999.0 -999.0 -999.0 -999.0 199.13424246818357 -8.107304693936007 199.14815940697486 -8.253888118891041 54.79459695877252 300.09170435704453 -999.0 6231.0 -999.0 -1 -999 {-999.0 -999.0 -999.0 -999.0 -999.0} "" -999.0 -999.0 -999.0 -999.0 -999 -999 "" "" "" "" 0 0 0.0 0.0 -999 ""
FIBERMAP 113 R-7C11 APOGEE 1 1 0 1 0 0 -7.225805176747954 -127.51894924605377 143.1 123.21424637958467 33.61830142970227 207.27638 52.5798 199.4770899663054 -8.788238609275266 -42.10884 23.002758 7.226301 199.47698273560064 -8.788167922625515 199.49144422614802 -8.934270030048637 55.49137726547438 299.55916376098105 16000.0 16600.0 2016.0 2 167 {-999.0 10.3646 10.041159 9.934959 -999.0} sdss_psfmag_from_g3xp 10.316711 10.044015 9.605765 8.878 63050395165382123 974990737 "" ops_std_apogee ops_std standard_apogee 0 0 0.0 0.0 -999 ""
FIBERMAP 113 R-7C11 BOSS 0 0 0 1 0 0 -7.1097304406996855 -126.77447457296712 143.1 122.47145318543407 33.49209907433935 207.27638 52.5798 -999.0 -999.0 -999.0 -999.0 -999.0 199.47465377895492 -8.78843904111798 199.48922983633872 -8.934637232957954 55.489927108310575 299.55620116348155 -999.0 5400.0 -999.0 1 400 {-999.0 -999.0 -999.0 -999.0 -999.0} "" -999.0 -999.0 -999.0 -999.0 -999 -999 "" "" "" "" 0 0 0.0 0.0 -999 ""
FIBERMAP 113 R-7C11 METROLOGY 0 0 0 1 0 0 -6.528098775190156 -127.25906338008949 143.1 122.74637860137999 34.19742889354741 207.27638 52.5798 -999.0 -999.0 -999.0 -999.0 -999.0 199.4755403869754 -8.78632239611994 199.49008233968652 -8.932493469163193 55.489207813418744 299.5600631851311 -999.0 6231.0 -999.0 -1 -999 {-999.0 -999.0 -999.0 -999.0 -999.0} "" -999.0 -999.0 -999.0 -999.0 -999 -999 "" "" "" "" 0 0 0.0 0.0 -999 ""
FIBERMAP 116 R+4C14 APOGEE 0 0 0 1 0 0 62.93707841362537 75.56890238290296 143.1 -91.63302562047836 35.69762912157025 29.714472 74.55051 -999.0 -999.0 -999.0 -999.0 -999.0 198.81726541074812 -8.781315627815784 198.83157160963594 -8.928005920092241 54.98368210852555 298.8419473224808 -999.0 16600.0 -999.0 2 -999 {-999.0 -999.0 -999.0 -999.0 -999.0} "" -999.0 -999.0 -999.0 -999.0 -999 -999 "" "" "" "" 0 0 0.0 0.0 -999 ""
FIBERMAP 116 R+4C14 BOSS 1 1 0 1 0 0 63.13971735696411 74.83038146798373 143.1 -90.9970271651232 36.12416513581148 29.714472 74.55051 198.81907318645804 -8.779894549347453 -0.05348971 0.18003413 -0.010354708 198.81904984935625 -8.779908265349405 198.83347319432164 -8.926692039373123 54.98430901295137 298.8457901663612 5400.0 5400.0 2016.0 1 165 {-999.0 19.017717 18.716574 18.437668 18.207117} sdss_psfmag_from_gaiadr2 18.938993 18.779453 18.008661 16.07 63050395165387396 1130021969 dark_flexible_3x1 bhm_gua_dark_d3 bhm_filler science 0 0 0.0 0.0 -999 ""
FIBERMAP 116 R+4C14 METROLOGY 0 0 0 1 0 0 62.40799184803113 75.04016272777599 143.1 -90.96372904111884 35.36372214610351 29.714472 74.55051 -999.0 -999.0 -999.0 -999.0 -999.0 198.81917212315759 -8.782240143625684 198.8335639509463 -8.928996573607542 54.9858338194061 298.8427746307807 -999.0 6231.0 -999.0 -1 -999 {-999.0 -999.0 -999.0 -999.0 -999.0} "" -999.0 -999.0 -999.0 -999.0 -999 -999 "" "" "" "" 0 0 0.0 0.0 -999 ""
FIBERMAP 121 R+6C3 APOGEE 0 0 0 1 0 0 -164.5055066636982 102.70701945505778 143.1 -45.18434659068208 -188.58962527165653 9.807712 53.347534 -999.0 -999.0 -999.0 -999.0 -999.0 198.9593383845244 -9.461346902924372 198.97422516278277 -9.607809708992084 55.51960750402123 298.06768902436943 -999.0 16600.0 -999.0 2 18 {-999.0 -999.0 -999.0 -999.0 -999.0} "" -999.0 -999.0 -999.0 -999.0 -999 -999 "" "" "" "" 0 0 0.0 0.0 -999 ""
FIBERMAP 121 R+6C3 BOSS 1 1 0 1 0 0 -164.83054587887926 102.05716816714319 143.1 -44.464962575666995 -188.69160569729425 9.807712 53.347534 198.96111259148608 -9.461616411611356 -3.0290875 -1.6322625 0.053298537 198.9614175333489 -9.461624156574635 198.97642190671115 -9.608176719655262 55.521531050201716 298.0695633815374 5400.0 5400.0 2016.0 1 26 {-999.0 15.6095085 14.86392 14.55062 -999.0} sdss_psfmag_from_g3xp 15.403027 14.882396 14.198688 12.781 63050395165368824 1061323763 dark_flexible_2x1 manual_mwm_halo_distant_kgiant_near_boss mwm_halo science 0 0 1.156325340270996 0.0 -999 ""
FIBERMAP 121 R+6C3 METROLOGY 0 0 0 1 0 0 -165.24881015499585 102.67478830135806 143.1 -44.917883503190794 -189.28424056638525 9.807712 53.347534 -999.0 -999.0 -999.0 -999.0 -999.0 198.96005288589805 -9.463461010576724 198.97502528882717 -9.60998853031757 55.521581216634914 298.0655443547055 -999.0 6231.0 -999.0 -1 -999 {-999.0 -999.0 -999.0 -999.0 -999.0} "" -999.0 -999.0 -999.0 -999.0 -999 -999 "" "" "" "" 0 0 0.0 0.0 -999 ""
FIBERMAP 127 R-1C2 APOGEE 0 0 0 1 0 0 -260.396401479888 -27.451333369817384 143.1 108.67206433301492 -238.2111535814827 199.97261 158.16045 -999.0 -999.0 -999.0 -999.0 -999.0 199.4314055225281 -9.610689629067394 199.44653850421162 -9.756709398846258 55.976407111825644 298.37683994215797 -999.0 16600.0 -999.0 2 -999 {-999.0 -999.0 -999.0 -999.0 -999.0} "" -999.0 -999.0 -999.0 -999.0 -999 -999 "" "" "" "" 0 0 0.0 0.0 -999 ""
FIBERMAP 127 R-1C2 BOSS 1 1 0 1 0 0 -261.1309127609767 -27.422538261242963 143.1 108.87786835256647 -238.9167992708375 199.97261 158.16045 199.4326378985311 -9.612705284360873 -238.85631 -6.505168 9.428011 199.43191653598083 -9.61272018442114 199.44716597199192 -9.758829610915576 55.97821480238712 298.3745722134085 5400.0 5400.0 2016.0 1 512 {-999.0 19.20777 19.149664 19.14241 -999.0} sdss_psfmag_ps1 19.34593 19.08274 18.740192 -999.0 63050395165366931 1143554025 dark_1x3 mwm_wd_pwd_boss_1x3 mwm_wd science 0 0 0.0 0.0 -999 ""
FIBERMAP 127 R-1C2 METROLOGY 0 0 0 1 0 0 -260.74810017131557 -26.791177140395696 143.1 108.15768247733092 -238.7541665518166 199.97261 158.16045 -999.0 -999.0 -999.0 -999.0 -999.0 199.42976464892124 -9.612308518582703 199.44498069330348 -9.75839432378213 55.9762613841756 298.3727743900439 -999.0 6231.0 -999.0 -1 -999 {-999.0 -999.0 -999.0 -999.0 -999.0} "" -999.0 -999.0 -999.0 -999.0 -999 -999 "" "" "" "" 0 0 0.0 0.0 -999 ""
FIBERMAP 133 R-7C18 APOGEE 1 1 0 1 0 0 153.81386237363682 -119.55699950949065 143.1 64.55566469662851 183.79879364886042 201.61295 27.509256 199.2968440102561 -8.333212890458258 -30.970543 -6.7446194 7.420588 199.2967662143809 -8.333200419886692 199.31081507472186 -8.479534055461652 55.063002432160836 299.97148945129453 16000.0 16600.0 2016.0 2 222 {-999.0 9.977836 9.603892 9.463338 -999.0} sdss_psfmag_from_g3xp 9.922263 9.6158285 9.134707 8.332 63050395165388753 974990567 "" ops_std_apogee ops_std standard_apogee 0 0 0.0 0.0 -999 ""
FIBERMAP 133 R-7C18 BOSS 0 0 0 1 0 0 154.3145544646277 -118.98690039237401 143.1 63.856160080430655 184.09264919613628 201.61295 27.509256 -999.0 -999.0 -999.0 -999.0 -999.0 199.29452719849593 -8.332159100585212 199.30869070705558 -8.478591177458885 55.06078691168339 299.9703915869224 -999.0 5400.0 -999.0 1 320 {-999.0 -999.0 -999.0 -999.0 -999.0} "" -999.0 -999.0 -999.0 -999.0 -999 -999 "" "" "" "" 0 0 0.0 0.0 -999 ""
FIBERMAP 133 R-7C18 METROLOGY 0 0 0 1 0 0 154.5509051525056 -119.69087240104025 143.1 64.44869824012542 184.54018801850543 201.61295 27.509256 -999.0 -999.0 -999.0 -999.0 -999.0 199.29638131287572 -8.330813734225497 199.31051124112696 -8.477217075176016 55.06128255125545 299.97425075592264 -999.0 6231.0 -999.0 -1 -999 {-999.0 -999.0 -999.0 -999.0 -999.0} "" -999.0 -999.0 -999.0 -999.0 -999 -999 "" "" "" "" 0 0 0.0 0.0 -999 ""
FIBERMAP 135 R-9C8 APOGEE 0 0 0 1 0 0 -51.498031516605 -173.52345852435118 143.1 180.888965867097 6.237043365922799 210.39758 77.625595 -999.0 -999.0 -999.0 -999.0 -999.0 199.65357250902443 -8.871199301545564 199.66814364066954 -9.017128733770514 55.67862054567935 299.6434300525315 -999.0 16600.0 -999.0 2 189 {-999.0 -999.0 -999.0 -999.0 -999.0} "" -999.0 -999.0 -999.0 -999.0 -999 -999 "" ops_sky_apogee_best_unassigned ops_sky sky_apogee 0 0 0.0 0.0 -999 ""
FIBERMAP 135 R-9C8 BOSS 1 1 0 1 0 0 -51.74984900659925 -172.8377951071414 143.1 180.31869764214912 5.780648538879619 210.39758 77.625595 199.65179443359375 -8.872480169898907 -999.0 -999.0 -999.0 199.65177998000644 -8.872487882371134 199.66646579875123 -9.018512194844867 55.67822875339702 299.63966506234084 5400.0 5400.0 2015.5 1 386 {-999.0 -999.0 -999.0 -999.0 -999.0} "" -999.0 -999.0 -999.0 -999.0 27021603139614621 811721029 "" ops_sky_boss_good ops_sky sky_boss 0 0 0.0 0.0 -999 ""
FIBERMAP 135 R-9C8 METROLOGY 0 0 0 1 0 0 -51.001337723853894 -172.96762292433718 143.1 180.204255688134 6.531634252022465 210.39758 77.625595 -999.0 -999.0 -999.0 -999.0 -999.0 199.6514842237726 -8.870237115226235 199.66613578042063 -9.016235563460645 55.676524128057196 299.6424031408977 -999.0 6231.0 -999.0 -1 -999 {-999.0 -999.0 -999.0 -999.0 -999.0} "" -999.0 -999.0 -999.0 -999.0 -999 -999 "" "" "" "" 0 0 0.0 0.0 -999 ""
FIBERMAP 137 R-11C13 APOGEE 0 0 0 1 0 0 86.31650250684353 -222.10363406818027 143.1 183.2178537254714 152.33866304589202 238.14464 88.078514 -999.0 -999.0 -999.0 -999.0 -999.0 199.65961464102443 -8.429003934386218 199.67381825095106 -8.574995053069129 55.39909534913913 300.24891193638535 -999.0 16600.0 -999.0 2 184 {-999.0 -999.0 -999.0 -999.0 -999.0} "" -999.0 -999.0 -999.0 -999.0 -999 -999 "" ops_sky_apogee_best_unassigned ops_sky sky_apogee 0 0 0.0 0.0 -999 ""
FIBERMAP 137 R-11C13 BOSS 1 1 0 1 0 0 85.7883132516314 -221.59806538842943 143.1 182.9060731233974 151.67735217654194 238.14464 88.078514 199.65857610946534 -8.430894217065898 -2.1717925 -2.1852381 -0.022024935 199.65858131856064 -8.430883095271607 199.67290052005058 -8.57697027525525 55.3996765676625 300.24522337020295 5400.0 5400.0 2016.0 1 377 {-999.0 19.591646 20.047327 20.34657 -999.0} sdss_psfmag_ps1 19.93231 19.849743 19.922337 -999.0 63050395165382663 1092143687 dark_flexible_2x1 mwm_cb_galex_mag_boss mwm_cb science 0 0 0.0 0.0 -999 ""
FIBERMAP 137 R-11C13 METROLOGY 0 0 0 1 0 0 86.51115538626647 -221.38972361157235 143.1 182.47910526377066 152.2966731959844 238.14464 88.078514 -999.0 -999.0 -999.0 -999.0 -999.0 199.65733532728146 -8.429011885397365 199.67162033638397 -8.575073455503112 55.397485569989705 300.24633694850144 -999.0 6231.0 -999.0 -1 -999 {-999.0 -999.0 -999.0 -999.0 -999.0} "" -999.0 -999.0 -999.0 -999.0 -999 -999 "" "" "" "" 0 0 0.0 0.0 -999 ""
FIBERMAP 139 R+9C14 APOGEE 1 1 0 1 0 0 95.32042343754756 191.71714305244515 143.1 -212.04905227116575 29.543878119376604 142.07756 77.93619 198.4486602475945 -8.799366045990714 31.097076 -7.3721933 5.3908772 198.44877019485196 -8.799401181933792 198.46300732646057 -8.946409096034037 54.71237138435235 298.41902178168584 16000.0 16600.0 2016.0 2 95 {-999.0 11.067439 10.591569 10.447109 -999.0} sdss_psfmag_from_g3xp 10.974483 10.628447 10.116059 9.231 63050395165377604 974990600 "" ops_std_apogee ops_std standard_apogee 0 0 0.0 0.0 -999 ""
FIBERMAP 139 R+9C14 BOSS 0 0 0 1 0 0 95.9297633435839 192.10439904408818 143.1 -212.60965538217738 29.99878823379559 142.07756 77.93619 -999.0 -999.0 -999.0 -999.0 -999.0 198.446899004176 -8.797918301440276 198.46125412023912 -8.945023255465237 54.71015329918527 298.4190081483303 -999.0 5400.0 -999.0 1 169 {-999.0 -999.0 -999.0 -999.0 -999.0} "" -999.0 -999.0 -999.0 -999.0 -999 -999 "" "" "" "" 0 0 0.0 0.0 -999 ""
FIBERMAP 139 R+9C14 METROLOGY 0 0 0 1 0 0 95.96725952476349 191.3573142440128 143.1 -211.91312536971475 30.271443992677074 142.07756 77.93619 -999.0 -999.0 -999.0 -999.0 -999.0 198.4490265956731 -8.797118831599734 198.46334767934252 -8.944195095154164 54.71124370010496 298.42237085931635 -999.0 6231.0 -999.0 -1 -999 {-999.0 -999.0 -999.0 -999.0 -999.0} "" -999.0 -999.0 -999.0 -999.0 -999 -999 "" "" "" "" 0 0 0.0 0.0 -999 ""
FIBERMAP 141 R-12C15 APOGEE 0 0 0 1 0 0 174.10231510888596 -234.8177112497162 143.1 167.41382177044878 239.61739010221467 23.28498 82.41084 -999.0 -999.0 -999.0 -999.0 -999.0 199.61025182131465 -8.166079833040273 199.6242270814049 -8.312156169165744 55.19164927267575 300.54520248293966 -999.0 16600.0 -999.0 2 234 {-999.0 -999.0 -999.0 -999.0 -999.0} "" -999.0 -999.0 -999.0 -999.0 -999 -999 "" ops_sky_apogee_best_unassigned ops_sky sky_apogee 0 0 0.0 0.0 -999 ""
FIBERMAP 141 R-12C15 BOSS 1 1 0 1 0 0 174.30241101767223 -235.51233080365498 143.1 168.00899742977194 240.02758184091303 23.28498 82.41084 199.61189017681448 -8.164816598406631 -1.0123534 -0.42430502 0.06269692 199.6119182764442 -8.164792681716202 199.62600742078484 -8.31096435692272 55.19221704182573 300.5487932925704 5400.0 5400.0 2016.0 1 344 {-999.0 17.410044 16.419567 16.134369 -999.0} sdss_psfmag_ps1 17.07249 16.445776 15.685328 14.04 63050395165391267 1061137877 dark_flexible_2x1 manual_mwm_halo_distant_kgiant_far_boss mwm_halo science 0 0 0.0 0.0 -999 ""
FIBERMAP 141 R-12C15 METROLOGY 0 0 0 1 0 0 173.5962646259844 -235.3774937289086 143.1 168.1052441135939 239.31517925557876 23.28498 82.41084 -999.0 -999.0 -999.0 -999.0 -999.0 199.61229111016283 -8.166908338746156 199.62634959641298 -8.313051951148124 55.193828805968856 300.5463944864252 -999.0 6231.0 -999.0 -1 -999 {-999.0 -999.0 -999.0 -999.0 -999.0} "" -999.0 -999.0 -999.0 -999.0 -999 -999 "" "" "" "" 0 0 0.0 0.0 -999 ""
FIBERMAP 143 R-8C14 APOGEE 0 0 0 1 0 0 108.8613225999353 -158.75706839553374 143.1 115.99391957624371 153.61292093303763 36.082558 62.003666 -999.0 -999.0 -999.0 -999.0 -999.0 199.4543281856097 -8.424670382182267 199.46848482720316 -8.570848286807648 55.241134161504284 300.02459526633334 -999.0 16600.0 -999.0 2 -999 {-999.0 -999.0 -999.0 -999.0 -999.0} "" -999.0 -999.0 -999.0 -999.0 -999 -999 "" "" "" "" 0 0 0.0 0.0 -999 ""
FIBERMAP 143 R-8C14 BOSS 1 1 0 1 0 0 108.97288139928474 -159.51287395397702 143.1 116.67521413706761 153.9585749279924 36.082558 62.003666 199.4563310298098 -8.42350305479313 -0.0598394 0.5292812 0.5925736 199.45632999302273 -8.423487988902737 199.47060125178598 -8.569759942720543 55.24203650084789 300.02841809655393 5400.0 5400.0 2016.0 1 273 {-999.0 20.289019 20.13777 20.005808 19.928598} sdss_psfmag_from_gaiadr2 20.000086 20.128963 19.483824 -999.0 63050395165388324 1130021977 dark_flexible_3x1 bhm_gua_dark_d3 bhm_filler science 0 0 0.0 0.0 -999 ""
FIBERMAP 143 R-8C14 METROLOGY 0 0 0 1 0 0 108.27531822353667 -159.22193083501207 143.1 116.62070780174508 153.2047686333007 36.082558 62.003666 -999.0 -999.0 -999.0 -999.0 -999.0 199.45621739249583 -8.425771719586036 199.47045786871922 -8.572016305123158 55.24337930549999 300.02522773076623 -999.0 6231.0 -999.0 -1 -999 {-999.0 -999.0 -999.0 -999.0 -999.0} "" -999.0 -999.0 -999.0 -999.0 -999 -999 "" "" "" "" 0 0 0.0 0.0 -999 ""
FIBERMAP 145 R-10C1 APOGEE 0 0 0 1 0 0 -177.25997101622775 -202.77289172955588 143.1 248.5376320868907 -103.73508498741145 238.68205 153.58069 -999.0 -999.0 -999.0 -999.0 -999.0 199.8597521869364 -9.203613223104043 199.87465276970102 -9.34930416579243 56.047387214183225 299.4186475368786 -999.0 16600.0 -999.0 2 259 {-999.0 -999.0 -999.0 -999.0 -999.0} "" -999.0 -999.0 -999.0 -999.0 -999 -999 "" ops_sky_apogee_best_unassigned ops_sky sky_apogee 0 0 0.0 0.0 -999 ""
FIBERMAP 145 R-10C1 BOSS 1 1 0 1 0 0 -177.88393456681163 -203.15193316029828 143.1 249.09508671919642 -104.20646913359492 238.68205 153.58069 199.86133531047662 -9.204945344598084 -999.0 -999.0 -999.0 199.8613263307423 -9.204935471218853 199.87634133031816 -9.350716500445822 56.04957117685654 299.4185916272274 5400.0 5400.0 2016.0 1 353 {-999.0 21.493973 20.600958 20.171293 19.86795} sdss_fiber2mag_from_lsdr10 20.04893 20.769989 18.891392 -999.0 63050395165378855 1131649001 dark_flexible_3x1 bhm_spiders_agn_lsdr10_d3 bhm_spiders science 0 0 0.0 0.0 -999 ""
FIBERMAP 145 R-10C1 METROLOGY 0 0 0 1 0 0 -177.90359129802414 -202.4003042158824 143.1 248.38858603689064 -104.46365062874354 238.68205 153.58069 -999.0 -999.0 -999.0 -999.0 -999.0 199.8592570253821 -9.205767361839124 199.87424022887444 -9.351524170170613 56.04848406811488 299.41511562619894 -999.0 6231.0 -999.0 -1 -999 {-999.0 -999.0 -999.0 -999.0 -999.0} "" -999.0 -999.0 -999.0 -999.0 -999 -999 "" "" "" "" 0 0 0.0 0.0 -999 ""
FIBERMAP 149 R-10C17 APOGEE 0 0 0 1 0 0 187.46414449801176 -207.7252594436881 143.1 137.4825582886911 243.68963231881185 322.49268 94.6106 -999.0 -999.0 -999.0 -999.0 -999.0 199.51905610281062 -8.153493047786558 199.53300281819145 -8.29965405090002 55.114810961690566 300.45945674897166 -999.0 16600.0 -999.0 2 191 {-999.0 -999.0 -999.0 -999.0 -999.0} "" -999.0 -999.0 -999.0 -999.0 -999 -999 "" ops_sky_apogee_best_unassigned ops_sky sky_apogee 0 0 0.0 0.0 -999 ""
FIBERMAP 149 R-10C17 BOSS 1 1 0 1 0 0 187.0754798962561 -208.3946422403512 143.1 138.2406558005971 243.53351718014923 322.49268 94.6106 199.52124451974973 -8.15391150135234 0.29669434 -0.3605405 0.77655756 199.52124307278353 -8.153890843969632 199.53530558593593 -8.300146616381486 55.116865869306544 300.4613818575011 5400.0 5400.0 2016.0 1 264 {-999.0 20.220562 19.883848 19.568052 19.305279} sdss_psfmag_from_gaiadr2 20.224308 19.967987 19.217127 -999.0 63050395165391575 1130022038 dark_flexible_3x1 bhm_gua_dark_d3 bhm_filler science 0 0 0.0 0.0 -999 ""
FIBERMAP 149 R-10C17 METROLOGY 0 0 0 1 0 0 186.71890760014574 -207.75511869446893 143.1 137.74738579579474 242.99243089105946 322.49268 94.6106 -999.0 -999.0 -999.0 -999.0 -999.0 199.5198078218257 -8.155487792168795 199.53383876857515 -8.301717179146152 55.116777664900695 300.45764570363303 -999.0 6231.0 -999.0 -1 -999 {-999.0 -999.0 -999.0 -999.0 -999.0} "" -999.0 -999.0 -999.0 -999.0 -999 -999 "" "" "" "" 0 0 0.0 0.0 -999 ""
FIBERMAP 152 R+6C16 APOGEE 0 0 0 1 0 0 124.58946631644389 119.17298321697825 143.1 -152.54739710810662 80.32160095252543 10.512655 120.03762 -999.0 -999.0 -999.0 -999.0 -999.0 198.6310120998491 -8.64580899458687 198.64516951525934 -8.792682568260467 54.75541926495545 298.8221414305448 -999.0 16600.0 -999.0 2 -999 {-999.0 -999.0 -999.0 -999.0 -999.0} "" -999.0 -999.0 -999.0 -999.0 -999 -999 "" "" "" "" 0 0 0.0 0.0 -999 ""
FIBERMAP 152 R+6C16 BOSS 1 1 0 1 0 0 125.05887605208736 118.61880992085501 143.1 -152.17087208272113 80.94259907617463 10.512655 120.03762 198.6318081951468 -8.643423384434044 60.92558 -134.24048 11.295597 198.63199431492873 -8.64380258466861 198.64626917096905 -8.790771277651027 54.75505447691788 298.825898629036 5400.0 5400.0 2016.0 1 223 {-999.0 19.862524 19.419077 19.493425 -999.0} sdss_psfmag_ps1 19.864765 19.393164 18.895926 -999.0 63050395165389005 1143554080 dark_1x3 mwm_wd_pwd_boss_1x3 mwm_wd science 0 0 0.0 0.0 -999 ""
FIBERMAP 152 R+6C16 METROLOGY 0 0 0 1 0 0 124.33789848247807 118.46856016105956 143.1 -151.79958226374416 80.30660968977432 10.512655 120.03762 -999.0 -999.0 -999.0 -999.0 -999.0 198.63313736097103 -8.645747146925823 198.6473803255069 -8.792687430655237 54.75711613751857 298.82452641885754 -999.0 6231.0 -999.0 -1 -999 {-999.0 -999.0 -999.0 -999.0 -999.0} "" -999.0 -999.0 -999.0 -999.0 -999 -999 "" "" "" "" 0 0 0.0 0.0 -999 ""
FIBERMAP 154 R-11C7 APOGEE 0 0 0 1 0 0 -23.980640163288513 -217.98133978980712 143.1 214.31346413001842 46.44010364934239 312.2636 136.38344 -999.0 -999.0 -999.0 -999.0 -999.0 199.75540220746313 -8.749394563522456 199.76989462546328 -8.895249532009778 55.67783894798647 299.92360822355266 -999.0 16600.0 -999.0 2 172 {-999.0 -999.0 -999.0 -999.0 -999.0} "" -999.0 -999.0 -999.0 -999.0 -999 -999 "" ops_sky_apogee_best_unassigned ops_sky sky_apogee 0 0 0.0 0.0 -999 ""
FIBERMAP 154 R-11C7 BOSS 1 1 0 1 0 0 -23.99462260998562 -218.7259419693434 143.1 215.0239775646792 46.663156424690904 312.2636 136.38344 199.75753784179688 -8.748621649458642 -999.0 -999.0 -999.0 199.75749564022237 -8.74861665245338 199.77210149682344 -8.894563698653394 55.67907156112808 299.9270219870412 5400.0 5400.0 2015.5 1 414 {-999.0 -999.0 -999.0 -999.0 -999.0} "" -999.0 -999.0 -999.0 -999.0 27021603139614700 820071060 "" ops_sky_boss_good ops_sky sky_boss 0 0 0.0 0.0 -999 ""
FIBERMAP 154 R-11C7 METROLOGY 0 0 0 1 0 0 -24.629482253512222 -218.34850758572813 143.1 214.86755509284257 45.9413599053249 312.2636 136.38344 -999.0 -999.0 -999.0 -999.0 -999.0 199.75708941694174 -8.750821403142213 199.77166483518715 -8.896741877123349 55.68013792010883 299.9235675532481 -999.0 6231.0 -999.0 -1 -999 {-999.0 -999.0 -999.0 -999.0 -999.0} "" -999.0 -999.0 -999.0 -999.0 -999 -999 "" "" "" "" 0 0 0.0 0.0 -999 ""
FIBERMAP 156 R-6C19 APOGEE 1 1 0 1 0 0 169.3252963791259 -120.0067843503525 143.1 60.05936838601251 198.65040043868635 176.84843 137.2553 199.28293416267718 -8.288362745253375 7.7723618 -8.847116 0.8435532 199.2829551977036 -8.288373505351062 199.29696472390958 -8.434726398430868 55.02369233438743 300.0159911851991 16000.0 16600.0 2016.0 2 223 {-999.0 13.362514 12.536798 12.259513 -999.0} sdss_psfmag_from_g3xp 13.119899 12.587757 11.907656 10.528 63050395165388761 1104902674 bright_flexible_2x1 mwm_tess_rgb_apogee mwm_tessrgb science 0 0 0.0 0.0 -999 ""
FIBERMAP 156 R-6C19 BOSS 0 0 0 1 0 0 168.79494007876247 -119.51419465896296 143.1 59.760582976649545 197.99115374442647 176.84843 137.2553 -999.0 -999.0 -999.0 -999.0 -999.0 199.28194229450168 -8.290213483743658 199.29606915242925 -8.436663479622863 55.02426058129363 300.0124100211478 -999.0 5400.0 -999.0 1 321 {-999.0 -999.0 -999.0 -999.0 -999.0} "" -999.0 -999.0 -999.0 -999.0 -999 -999 "" "" "" "" 0 0 0.0 0.0 -999 ""
FIBERMAP 156 R-6C19 METROLOGY 0 0 0 1 0 0 169.5220714069919 -119.28700137033287 143.1 59.31437775115387 198.60855919360884 176.84843 137.2553 -999.0 -999.0 -999.0 -999.0 -999.0 199.28061622762004 -8.28834811824563 199.29470841691625 -8.434772254706346 55.022013334058805 300.0134247542296 -999.0 6231.0 -999.0 -1 -999 {-999.0 -999.0 -999.0 -999.0 -999.0} "" -999.0 -999.0 -999.0 -999.0 -999 -999 "" "" "" "" 0 0 0.0 0.0 -999 ""
FIBERMAP 161 R-11C9 APOGEE 0 0 0 1 0 0 1.6409599152487715 -217.97860844208617 143.1 206.17943754013103 70.73515507755157 184.16594 136.958 -999.0 -999.0 -999.0 -999.0 -999.0 199.73043460109457 -8.675834544232588 199.74485971147772 -8.82172348411174 55.61167462239817 299.99537566210944 -999.0 16600.0 -999.0 2 174 {-999.0 -999.0 -999.0 -999.0 -999.0} "" -999.0 -999.0 -999.0 -999.0 -999 -999 "" ops_sky_apogee_best_unassigned ops_sky sky_apogee 0 0 0.0 0.0 -999 ""
FIBERMAP 161 R-11C9 BOSS 1 1 0 1 0 0 1.0810707871859382 -217.52372894239417 143.1 205.92578389641696 70.05987155752416 184.16594 136.958 199.72958761495914 -8.677791820983463 -999.0 -999.0 -999.0 199.7295965099705 -8.677768707414643 199.74413683699265 -8.82375234107566 55.612430293943056 299.9918100731625 5400.0 5400.0 2016.0 1 416 {-999.0 21.508137 21.575739 21.183605 20.816002} sdss_psfmag_from_lsdr10 1e+20 1e+20 1e+20 -999.0 63050397630106727 1131653031 dark_flexible_3x1 bhm_spiders_agn_lsdr10_d3 bhm_spiders science 0 0 0.0 0.0 -999 ""
FIBERMAP 161 R-11C9 METROLOGY 0 0 0 1 0 0 1.7440869836182014 -217.24200117763084 143.1 205.44821384415977 70.59917182869698 184.16594 136.958 -999.0 -999.0 -999.0 -999.0 -999.0 199.72820030205358 -8.676150879895928 199.74270672235684 -8.822109339085676 55.61029184900558 299.99243258668037 -999.0 6231.0 -999.0 -1 -999 {-999.0 -999.0 -999.0 -999.0 -999.0} "" -999.0 -999.0 -999.0 -999.0 -999 -999 "" "" "" "" 0 0 0.0 0.0 -999 ""
FIBERMAP 163 R+5C6 APOGEE 0 0 0 1 0 0 -136.52961006540778 86.38740549153353 143.1 -38.58773365623116 -156.8819255031881 246.34471 85.16923 -999.0 -999.0 -999.0 -999.0 -999.0 198.97963336713102 -9.365612630113796 198.99444781456043 -9.51207185738905 55.47552276543157 298.22179563967677 -999.0 16600.0 -999.0 2 -999 {-999.0 -999.0 -999.0 -999.0 -999.0} "" -999.0 -999.0 -999.0 -999.0 -999 -999 "" "" "" "" 0 0 0.0 0.0 -999 ""
FIBERMAP 163 R+5C6 BOSS 1 1 0 1 0 0 -137.1810044187726 86.73323865616369 143.1 -38.708942418737664 -157.6093720463939 246.34471 85.16923 198.9793078623813 -9.367315122272064 -61.728714 -160.52618 13.179445 198.97912738814276 -9.36778275150394 198.99406026827273 -9.51433412699356 55.47663619183835 298.2182560742933 5400.0 5400.0 2016.0 1 51 {-999.0 19.102228 18.477262 18.46592 -999.0} sdss_psfmag_ps1 18.77543 18.508919 18.090153 -999.0 63050395165368898 1143554030 dark_1x3 mwm_wd_pwd_boss_1x3 mwm_wd science 0 0 0.0 0.0 -999 ""
FIBERMAP 163 R+5C6 METROLOGY 0 0 0 1 0 0 -136.56650581629253 87.13449110935971 143.1 -39.2844550005718 -157.15401215803882 246.34471 85.16923 -999.0 -999.0 -999.0 -999.0 -999.0 198.97738756889103 -9.366447498000232 198.99228583197714 -9.512974535692022 55.47442029586328 298.2182030689153 -999.0 6231.0 -999.0 -1 -999 {-999.0 -999.0 -999.0 -999.0 -999.0} "" -999.0 -999.0 -999.0 -999.0 -999 -999 "" "" "" "" 0 0 0.0 0.0 -999 ""
FIBERMAP 165 R-3C3 APOGEE 0 0 0 1 0 0 -194.456649406625 -53.89972581139172 143.1 112.82493026117375 -167.28934359803378 55.270557 67.15182 -999.0 -999.0 -999.0 -999.0 -999.0 199.44467691452527 -9.397002863429446 199.45963551994362 -9.543042514506974 55.85257475711922 298.6883906613757 -999.0 16600.0 -999.0 2 241 {-999.0 -999.0 -999.0 -999.0 -999.0} "" -999.0 -999.0 -999.0 -999.0 -999 -999 "" "" "" "" 0 0 0.0 0.0 -999 ""
FIBERMAP 165 R-3C3 BOSS 1 1 0 1 0 0 -194.1216993994328 -54.57457071472818 143.1 113.35855625784652 -166.75755102932274 55.270557 67.15182 199.44593298441305 -9.395367154543946 -2.1267798 -1.0805923 -0.012125545 199.44623299346887 -9.395346852274029 199.46130529300603 -9.541476709295274 55.852871711454064 298.6924040342704 5400.0 5400.0 2016.0 1 498 {-999.0 16.057377 15.041847 14.707116 -999.0} sdss_psfmag_ps1 15.706932 15.068222 14.299066 12.607 63050395165367460 1150713649 dark_flexible_3x1 manual_mwm_halo_distant_kgiant_near_boss_triple mwm_halo science 0 0 1.1117513179779053 0.0 -999 ""
FIBERMAP 165 R-3C3 METROLOGY 0 0 0 1 0 0 -194.86181012788566 -54.520532238956875 143.1 113.54220009874389 -167.4765178443481 55.270557 67.15182 -999.0 -999.0 -999.0 -999.0 -999.0 199.44684011114634 -9.39756611913052 199.4618819113697 -9.543669198919897 55.85469183559707 298.6900022273523 -999.0 6231.0 -999.0 -1 -999 {-999.0 -999.0 -999.0 -999.0 -999.0} "" -999.0 -999.0 -999.0 -999.0 -999 -999 "" "" "" "" 0 0 0.0 0.0 -999 ""
FIBERMAP 166 R-4C1 APOGEE 1 1 0 1 0 0 -264.7529193297533 -75.95428611517859 143.1 156.0480486741728 -226.9490512562151 211.91298 73.8296 199.576403818496 -9.576328177705477 -33.797695 8.87942 2.2036192 199.57651826509328 -9.576297357373061 199.59166092742066 -9.722191107306204 56.06634998397856 298.58519434218977 16000.0 16600.0 2016.0 2 272 {-999.0 9.55116 8.820129 8.535204 -999.0} sdss_psfmag_from_g3xp 9.352085 8.852026 8.189079 6.839 63050395165366878 1109450547 bright_1x1 mwm_tess_rgb_apogee mwm_tessrgb science 0 0 0.7986025214195251 0.0 -999 ""
FIBERMAP 166 R-4C1 BOSS 0 0 0 1 0 0 -264.9934276049672 -75.25718330829629 143.1 155.4633437771223 -227.39835249480373 211.91298 73.8296 -999.0 -999.0 -999.0 -999.0 -999.0 199.57460393299402 -9.577553881332209 199.58986114662707 -9.723539590423906 56.06581329452489 298.5813202083009 -999.0 5400.0 -999.0 1 444 {-999.0 -999.0 -999.0 -999.0 -999.0} "" -999.0 -999.0 -999.0 -999.0 -999 -999 "" "" "" "" 0 0 0.0 0.0 -999 ""
FIBERMAP 166 R-4C1 METROLOGY 0 0 0 1 0 0 -264.2576232710434 -75.39601212256764 143.1 155.36146986087783 -226.6565596483252 211.91298 73.8296 -999.0 -999.0 -999.0 -999.0 -999.0 199.57436423627223 -9.57539678135211 199.58958727065567 -9.72135741393993 56.064234973928464 298.58406252704094 -999.0 6231.0 -999.0 -1 -999 {-999.0 -999.0 -999.0 -999.0 -999.0} "" -999.0 -999.0 -999.0 -999.0 -999 -999 "" "" "" "" 0 0 0.0 0.0 -999 ""
FIBERMAP 168 R+5C2 APOGEE 0 0 0 1 0 0 -208.6758601375017 88.41724546347851 143.1 -17.61574798356724 -225.93947477882497 262.6027 145.34355 -999.0 -999.0 -999.0 -999.0 -999.0 199.04396509709738 -9.574068608438392 199.0589654769774 -9.720439811410419 55.65507708564492 298.0035948515541 -999.0 16600.0 -999.0 2 -999 {-999.0 -999.0 -999.0 -999.0 -999.0} "" -999.0 -999.0 -999.0 -999.0 -999 -999 "" "" "" "" 0 0 0.0 0.0 -999 ""
FIBERMAP 168 R+5C2 BOSS 1 1 0 1 0 0 -209.19186756935915 87.84451640027383 143.1 -16.908888921224776 -226.24701858245714 262.6027 145.34355 199.0458517319215 -9.574964498887724 -29.145529 4.822471 0.83450514 199.04601575435402 -9.57494481692108 199.06113377910583 -9.721405106240432 55.65735123866429 298.0046092662665 5400.0 5400.0 2016.0 1 73 {-999.0 15.755672 15.6235285 15.361899 -999.0} sdss_psfmag_ps1 15.751602 15.421343 14.920461 14.062 63050395165367262 1136359999 dark_flexible_3x1 mwm_halo_local_high_boss_triple mwm_halo science 0 0 0.9317545294761658 0.0 -999 ""
FIBERMAP 168 R+5C2 METROLOGY 0 0 0 1 0 0 -209.40937772493442 88.5637042144051 143.1 -17.52183496167593 -226.6815206828814 262.6027 145.34355 -999.0 -999.0 -999.0 -999.0 -999.0 199.0441631256865 -9.576311028743088 199.0592487972816 -9.722746954126855 55.656729892988686 298.000698973794 -999.0 6231.0 -999.0 -1 -999 {-999.0 -999.0 -999.0 -999.0 -999.0} "" -999.0 -999.0 -999.0 -999.0 -999 -999 "" "" "" "" 0 0 0.0 0.0 -999 ""
FIBERMAP 172 R-5C1 APOGEE 1 1 0 1 0 0 -222.3923743230213 -109.8967198661194 143.1 174.7904578193146 -176.00808417828483 352.0941 74.66645 199.6343242391109 -9.422702807980562 7.09591 -9.540108 2.2927356 199.63432801595087 -9.42270457394595 199.6493567496035 -9.56856871465473 56.01405511070696 298.86310383778425 16000.0 16600.0 2016.0 2 273 {-999.0 12.300584 11.99809 11.924393 -999.0} sdss_psfmag_from_g3xp 12.266562 12.008353 11.597976 10.947 63050395165378481 974990644 "" ops_std_apogee ops_std standard_apogee 0 0 0.0 0.0 -999 ""
FIBERMAP 172 R-5C1 BOSS 0 0 0 1 0 0 -222.68786468791652 -110.5779805678415 143.1 175.53024828620673 -176.0720763399452 352.0941 74.66645 -999.0 -999.0 -999.0 -999.0 -999.0 199.63648835748353 -9.422810399356605 199.65163153815888 -9.56876358273688 56.015919997461744 298.86536097206175 -999.0 5400.0 -999.0 1 445 {-999.0 -999.0 -999.0 -999.0 -999.0} "" -999.0 -999.0 -999.0 -999.0 -999 -999 "" "" "" "" 0 0 0.0 0.0 -999 ""
FIBERMAP 172 R-5C1 METROLOGY 0 0 0 1 0 0 -223.13939183350263 -109.99972103764975 143.1 175.12520793318012 -176.683761295748 352.0941 74.66645 -999.0 -999.0 -999.0 -999.0 -999.0 199.63530795387967 -9.424716194079183 199.65042018542772 -9.570644366409999 56.01617703061045 298.86140154251405 -999.0 6231.0 -999.0 -1 -999 {-999.0 -999.0 -999.0 -999.0 -999.0} "" -999.0 -999.0 -999.0 -999.0 -999 -999 "" "" "" "" 0 0 0.0 0.0 -999 ""
FIBERMAP 173 R-1C17 APOGEE 0 0 0 1 0 0 90.68543346410095 -12.05964481788028 143.1 -17.34484588535678 89.82062436241381 40.291542 108.74777 -999.0 -999.0 -999.0 -999.0 -999.0 199.04558039929796 -8.617321575814726 199.0598060180406 -8.763835604181443 55.05405757151297 299.31276576991024 -999.0 16600.0 -999.0 2 -999 {-999.0 -999.0 -999.0 -999.0 -999.0} "" -999.0 -999.0 -999.0 -999.0 -999 -999 "" "" "" "" 0 0 0.0 0.0 -999 ""
FIBERMAP 173 R-1C17 BOSS 1 1 0 1 0 0 91.31249754306606 -12.426971325278377 143.1 -17.19553424950022 90.53182076497004 40.291542 108.74777 199.0459195681688 -8.615001798214463 -999.0 -999.0 -999.0 199.04591450869358 -8.615017909233531 199.0602552678754 -8.761627292758256 55.052995154862366 299.3162332585751 5400.0 5400.0 2016.0 1 315 {-999.0 22.532557 22.470629 22.012255 21.656239} sdss_fiber2mag_from_lsdr10 1e+20 1e+20 1e+20 -999.0 63050396914751472 1131655023 dark_flexible_3x1 bhm_spiders_agn_lsdr10_d3 bhm_spiders science 0 0 0.0 0.0 -999 ""
FIBERMAP 173 R-1C17 METROLOGY 0 0 0 1 0 0 90.67153736021007 -12.80751186160714 143.1 -16.631263915466654 90.04479517152022 40.291542 108.74777 -999.0 -999.0 -999.0 -999.0 -999.0 199.04767705351384 -8.616515153154529 199.0619862637318 -8.763095733137963 55.0552492967413 299.3161557002005 -999.0 6231.0 -999.0 -1 -999 {-999.0 -999.0 -999.0 -999.0 -999.0} "" -999.0 -999.0 -999.0 -999.0 -999 -999 "" "" "" "" 0 0 0.0 0.0 -999 ""
FIBERMAP 174 R-8C12 APOGEE 0 0 0 1 0 0 53.308648315429124 -154.10180337243338 143.1 129.21007732484608 99.45716087642126 316.6007 156.58063 -999.0 -999.0 -999.0 -999.0 -999.0 199.4950991986185 -8.588590325518805 199.50939974634662 -8.734706383919121 55.37737080119199 299.849551727635 -999.0 16600.0 -999.0 2 -999 {-999.0 -999.0 -999.0 -999.0 -999.0} "" -999.0 -999.0 -999.0 -999.0 -999 -999 "" "" "" "" 0 0 0.0 0.0 -999 ""
FIBERMAP 174 R-8C12 BOSS 1 1 0 1 0 0 53.644575227848655 -154.7332479132769 143.1 129.70223849108328 99.97610598502399 316.6007 156.58063 199.49654238466613 -8.586909050827613 -4.547435 5.451449 3.498552 199.4965402266878 -8.586885744629772 199.51095457038332 -8.73309565653839 55.37751723207217 299.8534615361649 5400.0 5400.0 2016.0 1 395 {-999.0 20.440636 20.713667 21.084549 -999.0} sdss_psfmag_ps1 20.442858 20.551142 20.600933 -999.0 63050395165382384 1092434995 dark_flexible_2x1 mwm_cb_galex_vol_boss mwm_cb science 0 0 0.0 0.0 -999 ""
FIBERMAP 174 R-8C12 METROLOGY 0 0 0 1 0 0 52.87602455501854 -154.71199588199434 143.1 129.92599826447463 99.24057604867676 316.6007 156.58063 -999.0 -999.0 -999.0 -999.0 -999.0 199.49727762740812 -8.589129486479969 199.51166142437853 -8.735311489388403 55.37947420427481 299.8512573460437 -999.0 6231.0 -999.0 -1 -999 {-999.0 -999.0 -999.0 -999.0 -999.0} "" -999.0 -999.0 -999.0 -999.0 -999 -999 "" "" "" "" 0 0 0.0 0.0 -999 ""
FIBERMAP 175 R-9C10 APOGEE 1 1 0 1 0 0 -8.24466022563368 -165.74657207001587 143.1 159.78729224613855 44.784328146429495 221.9708 32.92721 199.58933128152086 -8.754433184522192 -140.96054 22.771408 4.4400034 199.5889254885288 -8.754350014235062 199.60338434603466 -8.900355891927136 55.5547879603603 299.73006141235015 16000.0 16600.0 2016.0 2 165 {-999.0 13.726162 12.932813 12.667815 -999.0} sdss_psfmag_from_g3xp 13.493893 12.98371 12.319669 10.991 63050395165382109 1135920105 dark_flexible_3x1 mwm_halo_local_high_apogee_triple mwm_halo science 0 0 0.0 0.0 -999 ""
FIBERMAP 175 R-9C10 BOSS 0 0 0 1 0 0 -8.046780977790561 -165.02098098442835 143.1 159.0364435792914 44.741690690201686 221.9708 32.92721 -999.0 -999.0 -999.0 -999.0 -999.0 199.58657827595815 -8.754366444103221 199.6011510015619 -8.90046849438155 55.55316401598336 299.7274130884467 -999.0 5400.0 -999.0 1 398 {-999.0 -999.0 -999.0 -999.0 -999.0} "" -999.0 -999.0 -999.0 -999.0 -999 -999 "" "" "" "" 0 0 0.0 0.0 -999 ""
FIBERMAP 175 R-9C10 METROLOGY 0 0 0 1 0 0 -7.525617934077317 -165.56147890812767 143.1 159.38357604254472 45.407424260349416 221.9708 32.92721 -999.0 -999.0 -999.0 -999.0 -999.0 199.58768917684682 -8.752369805145147 199.60222807425203 -8.898444504010126 55.552687206593156 299.7313668174966 -999.0 6231.0 -999.0 -1 -999 {-999.0 -999.0 -999.0 -999.0 -999.0} "" -999.0 -999.0 -999.0 -999.0 -999 -999 "" "" "" "" 0 0 0.0 0.0 -999 ""
FIBERMAP 176 R-7C19 APOGEE 0 0 0 1 0 0 178.9157409253139 -119.47242181370521 143.1 56.50896873546481 207.57503906634327 176.63606 54.5118 -999.0 -999.0 -999.0 -999.0 -999.0 199.27206331133658 -8.261452738621214 199.28604872418168 -8.40781952347689 54.99811052218837 300.0397849486182 -999.0 16600.0 -999.0 2 -999 {-999.0 -999.0 -999.0 -999.0 -999.0} "" -999.0 -999.0 -999.0 -999.0 -999 -999 "" "" "" "" 0 0 0.0 0.0 -999 ""
FIBERMAP 176 R-7C19 BOSS 1 1 0 1 0 0 179.3678236172544 -118.86779429411081 143.1 55.79214923657798 207.81184214631665 176.63606 54.5118 199.26971800088873 -8.260740137148566 -122.53213 44.515984 3.1263142 199.2697658803823 -8.26059319887634 199.28386624334655 -8.40705879855266 54.99596862164498 300.0383768914967 5400.0 5400.0 2016.0 1 276 {-999.0 14.677585 13.972605 13.700338 -999.0} sdss_psfmag_from_g3xp 14.486816 14.0022745 13.3515835 12.006 63050395165388851 1135976745 dark_flexible_3x1 mwm_halo_local_high_boss_triple mwm_halo science 0 0 1.4195948839187622 0.0 -999 ""
FIBERMAP 176 R-7C19 METROLOGY 0 0 0 1 0 0 179.65525249942934 -119.58476436372712 143.1 56.38080242148688 208.31194148550676 176.63606 54.5118 -999.0 -999.0 -999.0 -999.0 -999.0 199.27160664176256 -8.25908596691254 199.28567324206472 -8.405522770712446 54.996347738377715 300.0424320735757 -999.0 6231.0 -999.0 -1 -999 {-999.0 -999.0 -999.0 -999.0 -999.0} "" -999.0 -999.0 -999.0 -999.0 -999 -999 "" "" "" "" 0 0 0.0 0.0 -999 ""
FIBERMAP 180 R-4C11 APOGEE 0 0 0 1 0 0 -27.86631681109699 -69.14521253803552 143.1 74.41141903393041 -4.480120125226828 96.652725 141.4329 -999.0 -999.0 -999.0 -999.0 -999.0 199.32727347092938 -8.903757264087211 199.34179576427687 -9.049976630168876 55.45099804968507 299.2357507685718 -999.0 16600.0 -999.0 2 -999 {-999.0 -999.0 -999.0 -999.0 -999.0} "" -999.0 -999.0 -999.0 -999.0 -999 -999 "" "" "" "" 0 0 0.0 0.0 -999 ""
FIBERMAP 180 R-4C11 BOSS 1 1 0 1 0 0 -27.478728893663227 -68.51091067583363 143.1 73.6869290447397 -4.31389245034055 96.652725 141.4329 199.32495117187503 -8.90315633310773 -999.0 -999.0 -999.0 199.32497814195747 -8.903160867339482 199.33961489803949 -9.049476067590517 55.44901610398066 299.2340222504001 5400.0 5400.0 2015.5 1 422 {-999.0 -999.0 -999.0 -999.0 -999.0} "" -999.0 -999.0 -999.0 -999.0 27021603139614420 811720972 "" ops_sky_boss_good ops_sky sky_boss 0 0 0.0 0.0 -999 ""
FIBERMAP 180 R-4C11 METROLOGY 0 0 0 1 0 0 -27.119029771019513 -69.17777473280712 143.1 74.20513259113474 -3.761164157919776 96.652725 141.4329 -999.0 -999.0 -999.0 -999.0 -999.0 199.32660962090702 -8.901509759112965 199.34121266814407 -9.04779720013134 55.44916965571107 299.2380756832381 -999.0 6231.0 -999.0 -1 -999 {-999.0 -999.0 -999.0 -999.0 -999.0} "" -999.0 -999.0 -999.0 -999.0 -999 -999 "" "" "" "" 0 0 0.0 0.0 -999 ""
FIBERMAP 182 R+7C8 APOGEE 0 0 0 1 0 0 -68.65618286241654 129.21583597634196 143.1 -100.7409367877348 -106.11263044896236 216.63925 108.501114 -999.0 -999.0 -999.0 -999.0 -999.0 198.78879122653066 -9.211473850917038 198.80343400259846 -9.358123992463929 55.23221427875996 298.2263409162061 -999.0 16600.0 -999.0 2 124 {-999.0 -999.0 -999.0 -999.0 -999.0} "" -999.0 -999.0 -999.0 -999.0 -999 -999 "" ops_sky_apogee_best_unassigned ops_sky sky_apogee 0 0 0.0 0.0 -999 ""
FIBERMAP 182 R+7C8 BOSS 1 1 0 1 0 0 -69.27182748097574 129.6419670714403 143.1 -100.94963456925271 -106.8316608469478 216.63925 108.501114 198.7879943847656 -9.21360379203017 -999.0 -999.0 -999.0 198.7879862711246 -9.213604684797613 198.8027483115834 -9.360348146867414 55.23307526421291 298.22255400663414 5400.0 5400.0 2015.5 1 109 {-999.0 -999.0 -999.0 -999.0 -999.0} "" -999.0 -999.0 -999.0 -999.0 27021603139608430 820070618 "" ops_sky_boss_good ops_sky sky_boss 0 0 0.0 0.0 -999 ""
FIBERMAP 182 R+7C8 METROLOGY 0 0 0 1 0 0 -68.5856148184031 129.95474396322535 143.1 -101.464009022578 -106.28021826468944 216.63925 108.501114 -999.0 -999.0 -999.0 -999.0 -999.0 198.78642974286925 -9.2119677315837 198.80115672590034 -9.358686471628054 55.230810974312725 298.22310938529483 -999.0 6231.0 -999.0 -1 -999 {-999.0 -999.0 -999.0 -999.0 -999.0} "" -999.0 -999.0 -999.0 -999.0 -999 -999 "" "" "" "" 0 0 0.0 0.0 -999 ""
FIBERMAP 183 R+12C1 APOGEE 0 0 0 1 0 0 -155.70090051833017 214.3147229043122 143.1 -153.811666067745 -215.66111835866312 313.30292 71.4563 -999.0 -999.0 -999.0 -999.0 -999.0 198.6263612079437 -9.541553802884385 198.6412259809248 -9.688296051998579 55.31201294205747 297.5977362792281 -999.0 16600.0 -999.0 2 8 {-999.0 -999.0 -999.0 -999.0 -999.0} "" -999.0 -999.0 -999.0 -999.0 -999 -999 "" ops_sky_apogee_best_unassigned ops_sky sky_apogee 0 0 0.0 0.0 -999 ""
FIBERMAP 183 R+12C1 BOSS 1 1 0 1 0 0 -156.37512987176294 213.9871363820133 143.1 -153.28705134630164 -216.1964975776177 313.30292 71.4563 198.62809234414382 -9.543142460017222 -63.278328 -6.9445214 0.74127924 198.62785022785005 -9.543082205540443 198.6428349170153 -9.689914600176447 55.314260059577386 297.59722243834847 5400.0 5400.0 2016.0 1 8 {-999.0 16.640013 16.274847 16.162579 -999.0} sdss_psfmag_ps1 16.602297 16.29236 15.8125 14.839 63050395165368418 1136359994 dark_flexible_3x1 mwm_halo_local_high_boss_triple mwm_halo science 0 0 0.0 0.0 -999 ""
FIBERMAP 183 R+12C1 METROLOGY 0 0 0 1 0 0 -156.3177665660661 214.74113959371334 143.1 -154.02024702603487 -216.38139762616896 313.30292 71.4563 -999.0 -999.0 -999.0 -999.0 -999.0 198.625613494799 -9.543690668709774 198.64056456254934 -9.690498937476454 55.31286161867902 297.5939850328699 -999.0 6231.0 -999.0 -1 -999 {-999.0 -999.0 -999.0 -999.0 -999.0} "" -999.0 -999.0 -999.0 -999.0 -999 -999 "" "" "" "" 0 0 0.0 0.0 -999 ""
FIBERMAP 186 R+12C12 APOGEE 0 0 0 1 0 0 96.06181990775205 248.55107289803746 143.1 -266.1776440999555 12.209730922003157 95.73282 86.820984 -999.0 -999.0 -999.0 -999.0 -999.0 198.2839214193068 -8.85148836342119 198.2981615409176 -8.998629898256286 54.61814986188974 298.17229102439745 -999.0 16600.0 -999.0 2 -999 {-999.0 -999.0 -999.0 -999.0 -999.0} "" -999.0 -999.0 -999.0 -999.0 -999 -999 "" "" "" "" 0 0 0.0 0.0 -999 ""
FIBERMAP 186 R+12C12 BOSS 1 1 0 1 0 0 96.80616596803505 248.5644203596799 143.1 -266.42653142895233 12.911327892910133 95.73282 86.820984 198.28303452521467 -8.849281198517478 -999.0 -999.0 -999.0 198.28305504114067 -8.84926945312879 198.29741354031978 -8.996507238455317 54.616246204632205 298.1743544860939 5400.0 5400.0 2016.0 1 106 {-999.0 21.33135 21.232391 21.103495 20.979654} sdss_psfmag_from_lsdr10 1e+20 1e+20 1e+20 -999.0 63050396915319375 1131653006 dark_flexible_3x1 bhm_spiders_agn_lsdr10_d3 bhm_spiders science 0 0 0.0 0.0 -999 ""
FIBERMAP 186 R+12C12 METROLOGY 0 0 0 1 0 0 96.459226635669 247.91738045733578 143.1 -265.7028629734937 12.78768823994574 95.73282 86.820984 -999.0 -999.0 -999.0 -999.0 -999.0 198.28523291968966 -8.84967359511096 198.29955813153947 -8.996882482113023 54.618133995762484 298.176135777427 -999.0 6231.0 -999.0 -1 -999 {-999.0 -999.0 -999.0 -999.0 -999.0} "" -999.0 -999.0 -999.0 -999.0 -999 -999 "" "" "" "" 0 0 0.0 0.0 -999 ""
FIBERMAP 193 R+4C23 APOGEE 0 0 0 1 0 0 259.0239874401289 79.29864293405501 143.1 -157.40119498733523 220.45515213380148 3.4768436 121.92309 -999.0 -999.0 -999.0 -999.0 -999.0 198.61824601145418 -8.222665060760484 198.63206874758555 -8.369614730217618 54.476892789969995 299.37254997876863 -999.0 16600.0 -999.0 2 86 {-999.0 -999.0 -999.0 -999.0 -999.0} "" -999.0 -999.0 -999.0 -999.0 -999 -999 "" ops_sky_apogee_best_unassigned ops_sky sky_apogee 0 0 0.0 0.0 -999 ""
FIBERMAP 193 R+4C23 BOSS 1 1 0 1 0 0 259.3634712176118 78.64923190971066 143.1 -156.89312576731567 220.98317203176245 3.4768436 121.92309 198.6197808841337 -8.220996055840052 -26.620342 6.0803695 2.81521 198.61968899937497 -8.220983073090657 198.63362983172465 -8.368029331600829 54.477071357688565 299.37634689030034 5400.0 5400.0 2016.0 1 259 {-999.0 18.80747 19.198027 19.377527 -999.0} sdss_psfmag_ps1 18.927746 18.979025 19.094334 -999.0 63050395165389965 1143554093 dark_1x3 mwm_wd_pwd_boss_1x3 mwm_wd science 0 0 0.0 0.0 -999 ""
FIBERMAP 193 R+4C23 METROLOGY 0 0 0 1 0 0 258.6340510030555 78.65776579850382 143.1 -156.66972459325976 220.28878422477413 3.4768436 121.92309 -999.0 -999.0 -999.0 -999.0 -999.0 198.62035966430463 -8.223054165874727 198.6342684894944 -8.370071859929338 54.478860651546526 299.3743326671326 -999.0 6231.0 -999.0 -1 -999 {-999.0 -999.0 -999.0 -999.0 -999.0} "" -999.0 -999.0 -999.0 -999.0 -999 -999 "" "" "" "" 0 0 0.0 0.0 -999 ""
FIBERMAP 197 R0C13 APOGEE 0 0 0 1 0 0 -27.45049696038977 17.149632218474288 143.1 -7.550429613870747 -31.472904679407755 140.58862 77.522285 -999.0 -999.0 -999.0 -999.0 -999.0 199.07531985181257 -8.985578075982545 199.0898498390959 -9.132009822395501 55.310292187412486 298.84681873650516 -999.0 16600.0 -999.0 2 250 {-999.0 -999.0 -999.0 -999.0 -999.0} "" -999.0 -999.0 -999.0 -999.0 -999 -999 "" ops_sky_apogee_best_unassigned ops_sky sky_apogee 0 0 0.0 0.0 -999 ""
FIBERMAP 197 R0C13 BOSS 1 1 0 1 0 0 -26.837176437029925 17.555377469254264 143.1 -8.129828649593325 -31.02008777870243 140.58862 77.522285 199.07340928637274 -8.98412335144323 -999.0 -999.0 -999.0 199.07341780923912 -8.98412763128823 199.0880627567892 -9.130654903078701 55.30806841290591 298.84670952048066 5400.0 5400.0 2016.0 1 518 {-999.0 21.08674 20.71752 20.611025 20.546438} sdss_psfmag_from_lsdr10 20.737482 20.73412 20.140913 -999.0 63050395165381242 1131650963 dark_flexible_3x1 bhm_spiders_agn_lsdr10_d3 bhm_spiders science 0 0 0.0 0.0 -999 ""
FIBERMAP 197 R0C13 METROLOGY 0 0 0 1 0 0 -26.788168985874258 16.811609719935404 143.1 -7.440097352086675 -30.737569072702147 140.58862 77.522285 -999.0 -999.0 -999.0 -999.0 -999.0 199.07557200305564 -8.983300770520382 199.0901837431453 -9.1297997267557 55.309153394247275 298.8501968003259 -999.0 6231.0 -999.0 -1 -999 {-999.0 -999.0 -999.0 -999.0 -999.0} "" -999.0 -999.0 -999.0 -999.0 -999 -999 "" "" "" "" 0 0 0.0 0.0 -999 ""
FIBERMAP 213 R+3C1 APOGEE 0 0 0 1 0 0 -270.2311751082652 73.90900928054835 143.1 15.67741312863241 -279.70544157976974 178.26097 55.79446 -999.0 -999.0 -999.0 -999.0 -999.0 199.14600700811812 -9.735598596395961 199.16116674508487 -9.881855240656824 55.834239175020365 297.88986200542183 -999.0 16600.0 -999.0 2 3 {-999.0 -999.0 -999.0 -999.0 -999.0} "" -999.0 -999.0 -999.0 -999.0 -999 -999 "" ops_sky_apogee_best_unassigned ops_sky sky_apogee 0 0 0.0 0.0 -999 ""
FIBERMAP 213 R+3C1 BOSS 1 1 0 1 0 0 -269.7675865595541 74.50996750481204 143.1 14.960421499785575 -279.4565634538605 178.26097 55.79446 199.1436767578125 -9.734781873271643 -999.0 -999.0 -999.0 199.1436920602185 -9.73474245465694 199.15896633497016 -9.881091498575994 55.83206487686334 297.88853554866677 5400.0 5400.0 2015.5 1 3 {-999.0 -999.0 -999.0 -999.0 -999.0} "" -999.0 -999.0 -999.0 -999.0 27021603139606958 811719772 "" ops_sky_boss_good ops_sky sky_boss 0 0 0.0 0.0 -999 ""
FIBERMAP 213 R+3C1 METROLOGY 0 0 0 1 0 0 -269.4883004521442 73.81782375082145 143.1 15.528117145852507 -278.9720646157929 178.26097 55.79446 -999.0 -999.0 -999.0 -999.0 -999.0 199.14547083844118 -9.733373478022468 199.16071162999253 -9.879695580526958 55.83254825679771 297.89238393449017 -999.0 6231.0 -999.0 -1 -999 {-999.0 -999.0 -999.0 -999.0 -999.0} "" -999.0 -999.0 -999.0 -999.0 -999 -999 "" "" "" "" 0 0 0.0 0.0 -999 ""
FIBERMAP 216 R-9C18 APOGEE 0 0 0 1 0 0 185.28509728972082 -193.10619787311464 143.1 124.31145500589258 236.98373088663854 297.69144 65.537384 -999.0 -999.0 -999.0 -999.0 -999.0 199.4789866278207 -8.173488914780188 199.4929418104822 -8.319683085099662 55.097570712250004 300.3879072289811 -999.0 16600.0 -999.0 2 192 {-999.0 -999.0 -999.0 -999.0 -999.0} "" -999.0 -999.0 -999.0 -999.0 -999 -999 "" ops_sky_apogee_best_unassigned ops_sky sky_apogee 0 0 0.0 0.0 -999 ""
FIBERMAP 216 R-9C18 BOSS 1 1 0 1 0 0 184.52366057604758 -192.99601987451953 143.1 124.4486321796653 236.2267247079721 297.69144 65.537384 199.4793586071473 -8.175736818606792 -14.115824 -1.2916323 0.10063298 199.47929722086977 -8.175669661412039 199.4933694703518 -8.321959977048893 55.09936675569054 300.3853519844999 5400.0 5400.0 2016.0 1 265 {-999.0 18.309536 17.96381 17.781517 -999.0} sdss_psfmag_ps1 18.225607 17.923927 17.49165 -999.0 63050395165391581 976172221 "" ops_std_boss ops_std standard_boss 0 0 0.0 0.0 -999 ""
FIBERMAP 216 R-9C18 METROLOGY 0 0 0 1 0 0 184.98523085066125 -192.4241472629662 143.1 123.75986178347813 236.482919784876 297.69144 65.537384 -999.0 -999.0 -999.0 -999.0 -999.0 199.47725004948103 -8.174875750235184 199.49128859483778 -8.321140621107228 55.097266789458715 300.38411512512107 -999.0 6231.0 -999.0 -1 -999 {-999.0 -999.0 -999.0 -999.0 -999.0} "" -999.0 -999.0 -999.0 -999.0 -999 -999 "" "" "" "" 0 0 0.0 0.0 -999 ""
FIBERMAP 223 R-7C9 APOGEE 0 0 0 1 0 0 -14.460174034330365 -134.38987817005625 143.1 132.0256140657336 28.938846929512057 47.93591 65.754555 -999.0 -999.0 -999.0 -999.0 -999.0 199.50399234699577 -8.802371575361876 199.5184717580803 -8.948447121663362 55.520981016757744 299.5699696906179 -999.0 16600.0 -999.0 2 186 {-999.0 -999.0 -999.0 -999.0 -999.0} "" -999.0 -999.0 -999.0 -999.0 -999 -999 "" "" "" "" 0 0 0.0 0.0 -999 ""
FIBERMAP 223 R-7C9 BOSS 1 1 0 1 0 0 -14.146661902407768 -135.07880743600506 143.1 132.57939935160405 29.454780739871588 47.93591 65.754555 199.50547897574074 -8.800724170522225 -87.739426 15.559594 2.559855 199.50563724648003 -8.80069885124168 199.520230373216 -8.946867095125707 55.52131032765561 299.5740768480756 5400.0 5400.0 2016.0 1 380 {-999.0 13.987754 13.4487 13.256236 -999.0} sdss_psfmag_from_g3xp 13.867148 13.475899 12.915081 11.843 63050395165382095 1135976750 dark_flexible_3x1 mwm_halo_local_high_boss_triple mwm_halo science 0 0 1.5759272575378418 0.0 -999 ""
FIBERMAP 223 R-7C9 METROLOGY 0 0 0 1 0 0 -14.896987766422427 -135.00028778700974 143.1 132.74307063593466 28.718357825133204 47.93591 65.754555 -999.0 -999.0 -999.0 -999.0 -999.0 199.5061874280235 -8.802956717534991 199.52075003655852 -8.94909749488362 55.5231288340461 299.5716219433643 -999.0 6231.0 -999.0 -1 -999 {-999.0 -999.0 -999.0 -999.0 -999.0} "" -999.0 -999.0 -999.0 -999.0 -999 -999 "" "" "" "" 0 0 0.0 0.0 -999 ""
FIBERMAP 224 R+2C5 APOGEE 0 0 0 1 0 0 -182.6759978537218 19.44227844727414 143.1 39.538915492668345 -179.39452465307727 308.86923 59.28461 -999.0 -999.0 -999.0 -999.0 -999.0 199.21965356043864 -9.433844526747162 199.23458492229133 -9.58008049973769 55.70290593522758 298.3896864128802 -999.0 16600.0 -999.0 2 23 {-999.0 -999.0 -999.0 -999.0 -999.0} "" -999.0 -999.0 -999.0 -999.0 -999 -999 "" ops_sky_apogee_best_unassigned ops_sky sky_apogee 0 0 0.0 0.0 -999 ""
FIBERMAP 224 R+2C5 BOSS 1 1 0 1 0 0 -183.43936590911105 19.341276750564614 143.1 39.876958700705536 -180.08634089159816 308.86923 59.28461 199.2205981624185 -9.435906768503518 0.81076956 0.37113002 0.031817373 199.2205870467154 -9.435901255363348 199.23563601016372 -9.582227530964682 55.70505758146975 298.38786410939093 5400.0 5400.0 2016.0 1 34 {-999.0 19.890139 19.68924 19.516327 19.385494} sdss_psfmag_from_gaiadr2 19.81853 19.696701 19.139786 -999.0 63050395165367519 1130021679 dark_flexible_3x1 bhm_gua_dark_d3 bhm_filler science 0 0 0.0 0.0 -999 ""
FIBERMAP 224 R+2C5 METROLOGY 0 0 0 1 0 0 -183.13597583732738 20.03417781150091 143.1 39.123623053948165 -180.01855201973794 308.86923 59.28461 -999.0 -999.0 -999.0 -999.0 -999.0 199.21831085339358 -9.43574694200302 199.2333263319498 -9.58204936026232 55.70316921771335 298.3855826200603 -999.0 6231.0 -999.0 -1 -999 {-999.0 -999.0 -999.0 -999.0 -999.0} "" -999.0 -999.0 -999.0 -999.0 -999 -999 "" "" "" "" 0 0 0.0 0.0 -999 ""
FIBERMAP 226 R-2C25 APOGEE 1 1 0 1 0 0 268.5600039341246 -25.428760310181445 143.1 -61.11888206726206 262.7347330352232 94.8015 115.018364 198.91259779342624 -8.095287971142543 -6.3606067 -0.20198996 0.61143637 198.91257257941686 -8.095305895261403 198.92635293016303 -8.242017636693767 54.61893959193181 299.8629275241779 16000.0 16600.0 2016.0 2 239 {-999.0 12.629912 11.915547 11.646681 -999.0} sdss_psfmag_from_g3xp 12.439275 11.947742 11.2965765 10.001 63050395165390643 1104132982 bright_1x1 mwm_tess_rgb_apogee mwm_tessrgb science 0 0 0.0 0.0 -999 ""
FIBERMAP 226 R-2C25 BOSS 0 0 0 1 0 0 269.22236569969255 -25.0140311821941 143.1 -61.72236419281905 263.2312025642316 94.8015 115.018364 -999.0 -999.0 -999.0 -999.0 -999.0 198.91061871774846 -8.09372635547973 198.92451529787058 -8.24053786883365 54.61659523156786 299.8628678200455 -999.0 5400.0 -999.0 1 349 {-999.0 -999.0 -999.0 -999.0 -999.0} "" -999.0 -999.0 -999.0 -999.0 -999 -999 "" "" "" "" 0 0 0.0 0.0 -999 ""
FIBERMAP 226 R-2C25 METROLOGY 0 0 0 1 0 0 269.20486336600965 -25.784173307881527 143.1 -60.986515174901776 263.45902309667144 94.8015 115.018364 -999.0 -999.0 -999.0 -999.0 -999.0 198.9128890910458 -8.093019329920267 198.9267521420312 -8.23980123517086 54.61781825566592 299.8662991077954 -999.0 6231.0 -999.0 -1 -999 {-999.0 -999.0 -999.0 -999.0 -999.0} "" -999.0 -999.0 -999.0 -999.0 -999 -999 "" "" "" "" 0 0 0.0 0.0 -999 ""
FIBERMAP 229 R+9C7 APOGEE 0 0 0 1 0 0 -62.23242146350808 193.34319364684507 143.1 -163.58898078124514 -120.37311214801147 156.16768 58.788723 -999.0 -999.0 -999.0 -999.0 -999.0 198.59616348034663 -9.253918406479086 198.6107924815758 -9.400730019457887 55.110160620314595 297.9605496414874 -999.0 16600.0 -999.0 2 133 {-999.0 -999.0 -999.0 -999.0 -999.0} "" -999.0 -999.0 -999.0 -999.0 -999 -999 "" ops_sky_apogee_best_unassigned ops_sky sky_apogee 0 0 0.0 0.0 -999 ""
FIBERMAP 229 R+9C7 BOSS 1 1 0 1 0 0 -61.63672662264209 193.78527765161957 143.1 -164.19724457465597 -119.948541664859 156.16768 58.788723 198.59416507459272 -9.252557950443643 -6.4813995 -5.720789 0.10965066 198.5941396771769 -9.252564277697577 198.6088857311389 -9.399470845695587 55.1079044727696 297.96022715441376 5400.0 5400.0 2016.0 1 123 {-999.0 18.153511 17.924871 17.747612 -999.0} sdss_psfmag_ps1 18.102032 17.830091 17.349777 15.864 63050395165375270 976172677 "" ops_std_boss ops_std standard_boss 0 0 0.0 0.0 -999 ""
FIBERMAP 229 R+9C7 METROLOGY 0 0 0 1 0 0 -61.55110160967643 193.044193314727 143.1 -163.52167903373234 -119.63215164370786 156.16768 58.788723 -999.0 -999.0 -999.0 -999.0 -999.0 198.59621638846662 -9.251660358131943 198.61092861790053 -9.398538907754933 55.108902596406374 297.96369468682656 -999.0 6231.0 -999.0 -1 -999 {-999.0 -999.0 -999.0 -999.0 -999.0} "" -999.0 -999.0 -999.0 -999.0 -999 -999 "" "" "" "" 0 0 0.0 0.0 -999 ""
FIBERMAP 230 R+10C2 APOGEE 0 0 0 1 0 0 -170.37329170003446 195.1901742290091 143.1 -131.02011176019354 -223.50485809129833 179.08206 112.13741 -999.0 -999.0 -999.0 -999.0 -999.0 198.6961406267875 -9.565543140403257 198.71104276390395 -9.712221102615494 55.38089847259464 297.63947231333736 -999.0 16600.0 -999.0 2 -999 {-999.0 -999.0 -999.0 -999.0 -999.0} "" -999.0 -999.0 -999.0 -999.0 -999 -999 "" "" "" "" 0 0 0.0 0.0 -999 ""
FIBERMAP 230 R+10C2 BOSS 1 1 0 1 0 0 -170.6641296644522 195.85445391060765 143.1 -131.55771887098166 -223.99146796210562 179.08206 112.13741 198.69436657625036 -9.566924647654043 -999.0 -999.0 -999.0 198.69437579641223 -9.566911630315616 198.70939655941402 -9.713682408442127 55.380526618882264 297.6356848413109 5400.0 5400.0 2016.0 1 18 {-999.0 21.54102 21.437204 21.175402 20.926416} sdss_psfmag_from_lsdr10 1e+20 1e+20 1e+20 -999.0 63050396915217536 1131646935 dark_flexible_3x1 bhm_spiders_agn_lsdr10_d3 bhm_spiders science 0 0 0.0 0.0 -999 ""
FIBERMAP 230 R+10C2 METROLOGY 0 0 0 1 0 0 -169.92630587108368 195.78992574881818 143.1 -131.7306899739991 -223.27134067980055 179.08206 112.13741 -999.0 -999.0 -999.0 -999.0 -999.0 198.6938515261742 -9.564810413437414 198.70883703766447 -9.711556043977462 55.37877851305094 297.638026363258 -999.0 6231.0 -999.0 -1 -999 {-999.0 -999.0 -999.0 -999.0 -999.0} "" -999.0 -999.0 -999.0 -999.0 -999 -999 "" "" "" "" 0 0 0.0 0.0 -999 ""
FIBERMAP 231 R+2C20 APOGEE 0 0 0 1 0 0 153.9934985198982 47.2154879462454 143.1 -93.64489310645011 131.04114099881602 65.19832 151.95491 -999.0 -999.0 -999.0 -999.0 -999.0 198.8118182720627 -8.492297057627855 198.8258934333238 -8.639036249283194 54.79625192285139 299.2244782130627 -999.0 16600.0 -999.0 2 -999 {-999.0 -999.0 -999.0 -999.0 -999.0} "" -999.0 -999.0 -999.0 -999.0 -999 -999 "" "" "" "" 0 0 0.0 0.0 -999 ""
FIBERMAP 231 R+2C20 BOSS 1 1 0 1 0 0 154.56958608011732 47.68356654490707 143.1 -94.27158381965617 131.43886888520947 65.19832 151.95491 198.80978763485945 -8.490854052228661 -10.091556 -25.450397 0.362438 198.80974599561551 -8.49094349735804 198.82393772151852 -8.637780851619556 54.7939613090688 299.2240271013322 5400.0 5400.0 2016.0 1 230 {-999.0 17.404938 17.060387 16.8921 -999.0} sdss_psfmag_ps1 17.330141 17.02285 16.56509 15.704 63050395165389275 944494143 bright_1x1 openfibertargets_nov2020_6c open_fiber science 0 0 0.0 0.0 -999 ""
FIBERMAP 231 R+2C20 METROLOGY 0 0 0 1 0 0 154.69094723610763 46.94518532869624 143.1 -93.60992299108895 131.7882881532905 65.19832 151.95491 -999.0 -999.0 -999.0 -999.0 -999.0 198.81179810595387 -8.489897839572588 198.82595596933993 -8.6367063117692 54.79481845596885 299.22766613792925 -999.0 6231.0 -999.0 -1 -999 {-999.0 -999.0 -999.0 -999.0 -999.0} "" -999.0 -999.0 -999.0 -999.0 -999 -999 "" "" "" "" 0 0 0.0 0.0 -999 ""
FIBERMAP 232 R+13C3 APOGEE 0 0 0 1 0 0 -84.07429568429879 252.1634628147725 143.1 -212.4339644513915 -159.75245126778802 25.282211 88.88988 -999.0 -999.0 -999.0 -999.0 -999.0 198.44704498338453 -9.372016938034294 198.46172975750653 -9.518939703670961 55.068200031682196 297.6391525478573 -999.0 16600.0 -999.0 2 54 {-999.0 -999.0 -999.0 -999.0 -999.0} "" -999.0 -999.0 -999.0 -999.0 -999 -999 "" ops_sky_apogee_best_unassigned ops_sky sky_apogee 0 0 0.0 0.0 -999 ""
FIBERMAP 232 R+13C3 BOSS 1 1 0 1 0 0 -83.8726429620515 251.4580614656174 143.1 -211.82905893582688 -159.33736148618559 25.282211 88.88988 198.44879150390622 -9.37070148882593 -999.0 -999.0 -999.0 198.44876832593303 -9.370684873685915 198.46357171568275 -9.517699000861741 55.068859131652964 297.6428179590157 5400.0 5400.0 2015.5 1 91 {-999.0 -999.0 -999.0 -999.0 -999.0} "" -999.0 -999.0 -999.0 -999.0 27021603139610762 811720434 "" ops_sky_boss_good ops_sky sky_boss 0 0 0.0 0.0 -999 ""
FIBERMAP 232 R+13C3 METROLOGY 0 0 0 1 0 0 -84.57709467515058 251.62685318263223 143.1 -211.76554788842844 -160.05893314161958 25.282211 88.88988 -999.0 -999.0 -999.0 -999.0 -999.0 198.44895890539016 -9.372917756361229 198.46373030758525 -9.519905121629913 55.07034729080485 297.6399605507375 -999.0 6231.0 -999.0 -1 -999 {-999.0 -999.0 -999.0 -999.0 -999.0} "" -999.0 -999.0 -999.0 -999.0 -999 -999 "" "" "" "" 0 0 0.0 0.0 -999 ""
FIBERMAP 234 R+3C20 APOGEE 0 0 0 1 0 0 156.87558661066367 50.478695630942696 143.1 -97.65393794991778 132.7384748995996 218.83713 113.59422 -999.0 -999.0 -999.0 -999.0 -999.0 198.7995562030985 -8.487158662213895 198.8136246800659 -8.63390938996727 54.78362937887121 299.2179692856514 -999.0 16600.0 -999.0 2 69 {-999.0 -999.0 -999.0 -999.0 -999.0} "" -999.0 -999.0 -999.0 -999.0 -999 -999 "" ops_sky_apogee_best_unassigned ops_sky sky_apogee 0 0 0.0 0.0 -999 ""
FIBERMAP 234 R+3C20 BOSS 1 1 0 1 0 0 156.22255467418148 50.845445428190246 143.1 -97.79446138799977 132.0028372654316 218.83713 113.59422 198.79898071289062 -8.489241391915357 -999.0 -999.0 -999.0 198.79896162466252 -8.489235705995881 198.81314975310636 -8.636082795409092 54.7846483990729 299.21454212794777 5400.0 5400.0 2015.5 1 224 {-999.0 -999.0 -999.0 -999.0 -999.0} "" -999.0 -999.0 -999.0 -999.0 27021603139619196 811721646 "" ops_sky_boss_good ops_sky sky_boss 0 0 0.0 0.0 -999 ""
FIBERMAP 234 R+3C20 METROLOGY 0 0 0 1 0 0 156.8571024794148 51.23146196868083 143.1 -98.36188931981917 132.4820443626725 218.83713 113.59422 -999.0 -999.0 -999.0 -999.0 -999.0 198.7972499695975 -8.487796701057306 198.81140312222806 -8.634618266516258 54.782384398007544 299.21459935831876 -999.0 6231.0 -999.0 -1 -999 {-999.0 -999.0 -999.0 -999.0 -999.0} "" -999.0 -999.0 -999.0 -999.0 -999 -999 "" "" "" "" 0 0 0.0 0.0 -999 ""
FIBERMAP 243 R-11C12 APOGEE 0 0 0 1 0 0 60.54850911664319 -218.1708613390779 143.1 187.66646265327643 126.65579580700108 233.58627 71.02738 -999.0 -999.0 -999.0 -999.0 -999.0 199.67346887032173 -8.50660745785654 199.687740074854 -8.652574111828432 55.459637028667146 300.16004495263354 -999.0 16600.0 -999.0 2 183 {-999.0 -999.0 -999.0 -999.0 -999.0} "" -999.0 -999.0 -999.0 -999.0 -999 -999 "" ops_sky_apogee_best_unassigned ops_sky sky_apogee 0 0 0.0 0.0 -999 ""
FIBERMAP 243 R-11C12 BOSS 1 1 0 1 0 0 60.08871495195199 -217.56653972573605 143.1 187.23933236445725 126.02800034306898 233.58627 71.02738 199.67204175130473 -8.508334889916679 12.567424 -24.585007 2.2998118 199.6720924690298 -8.508384630166152 199.68647899870848 -8.654447312125619 55.45989029907604 300.1561015412668 5400.0 5400.0 2016.0 1 376 {-999.0 21.123478 19.725769 18.49014 -999.0} sdss_psfmag_ps1 20.713474 19.173525 18.053537 15.994 63050395165382613 1124114134 dark_1x1 openfibertargets_mwm_snc_further_ext_boss open_fiber science 0 0 0.0 0.0 -999 ""
FIBERMAP 243 R-11C12 METROLOGY 0 0 0 1 0 0 60.82360483252154 -217.4702375178295 143.1 186.91478350754576 126.69430335014823 233.58627 71.02738 -999.0 -999.0 -999.0 -999.0 -999.0 199.671157743827 -8.506375785283085 199.68551005560607 -8.652412697689174 55.4578468970469 300.1577576707706 -999.0 6231.0 -999.0 -1 -999 {-999.0 -999.0 -999.0 -999.0 -999.0} "" -999.0 -999.0 -999.0 -999.0 -999 -999 "" "" "" "" 0 0 0.0 0.0 -999 ""
FIBERMAP 244 R-4C15 APOGEE 1 1 0 1 0 0 73.48231693812714 -67.624377769302 143.1 40.80461614870889 91.14199336585106 48.352375 127.890305 199.22416219434794 -8.613331271481146 -17.137579 -46.867256 4.615126 199.22410083564887 -8.613478378186482 199.23836246176052 -8.75983417333213 55.187525323104396 299.5147786788148 16000.0 16600.0 2016.0 2 199 {-999.0 11.619987 11.206721 11.089272 -999.0} sdss_psfmag_from_g3xp 11.546189 11.235923 10.758932 9.928 63050395165387342 974990899 "" ops_std_apogee ops_std standard_apogee 0 0 0.0 0.0 -999 ""
FIBERMAP 244 R-4C15 BOSS 0 0 0 1 0 0 74.22759762009815 -67.69454737629012 143.1 40.63462803171019 91.87098211695883 48.352375 127.890305 -999.0 -999.0 -999.0 -999.0 -999.0 199.22348609480878 -8.61112097596898 199.23786178325952 -8.757572786958004 55.18570136842812 299.5172755123191 -999.0 5400.0 -999.0 1 280 {-999.0 -999.0 -999.0 -999.0 -999.0} "" -999.0 -999.0 -999.0 -999.0 -999 -999 "" "" "" "" 0 0 0.0 0.0 -999 ""
FIBERMAP 244 R-4C15 METROLOGY 0 0 0 1 0 0 73.78845264555667 -68.3059679084838 143.1 41.353783069766884 91.64860322104805 48.352375 127.890305 -999.0 -999.0 -999.0 -999.0 -999.0 199.22573061877245 -8.61181582352953 199.24007445097243 -8.758238567107925 55.18780999124103 299.5188218671158 -999.0 6231.0 -999.0 -1 -999 {-999.0 -999.0 -999.0 -999.0 -999.0} "" -999.0 -999.0 -999.0 -999.0 -999 -999 "" "" "" "" 0 0 0.0 0.0 -999 ""
FIBERMAP 249 R+8C6 APOGEE 0 0 0 1 0 0 -81.40828667969687 171.69867576533517 143.1 -136.97859084289675 -131.68755890284044 102.11369 73.39219 -999.0 -999.0 -999.0 -999.0 -999.0 198.67765025348328 -9.288491501415725 198.69232691135005 -9.435227086783803 55.194592583583066 298.0008835770278 -999.0 16600.0 -999.0 2 -999 {-999.0 -999.0 -999.0 -999.0 -999.0} "" -999.0 -999.0 -999.0 -999.0 -999 -999 "" "" "" "" 0 0 0.0 0.0 -999 ""
FIBERMAP 249 R+8C6 BOSS 1 1 0 1 0 0 -80.68985710426158 171.64901845906385 143.1 -137.15950829730363 -130.99054187712485 102.11369 73.39219 198.67693864273733 -9.286284834940334 -0.47285235 0.4234657 -0.0037628384 198.67693381297022 -9.28632930504154 198.6917267999695 -9.433158585697383 55.19284178842614 298.0030744323813 5400.0 5400.0 2016.0 1 79 {-999.0 19.38105 19.261477 19.002333 18.75734} sdss_psfmag_from_lsdr10 19.318321 19.082838 18.687653 -999.0 63050395165369394 1131648976 dark_flexible_3x1 bhm_spiders_agn_lsdr10_d3 bhm_spiders science 0 0 0.0 0.0 -999 ""
FIBERMAP 249 R+8C6 METROLOGY 0 0 0 1 0 0 -81.10080947835445 171.0167989528164 143.1 -136.42957782638328 -131.17958598318185 102.11369 73.39219 -999.0 -999.0 -999.0 -999.0 -999.0 198.67918535823475 -9.286954405726439 198.6939458913938 -9.433755344432052 55.19492657735686 298.004643216225 -999.0 6231.0 -999.0 -1 -999 {-999.0 -999.0 -999.0 -999.0 -999.0} "" -999.0 -999.0 -999.0 -999.0 -999 -999 "" "" "" "" 0 0 0.0 0.0 -999 ""
FIBERMAP 253 R+5C3 APOGEE 0 0 0 1 0 0 -200.97288566433105 83.97036004172024 143.1 -15.84361367801534 -217.22376599252266 257.00497 86.91017 -999.0 -999.0 -999.0 -999.0 -999.0 199.04942037642647 -9.54783697223948 199.06440081734377 -9.694207256245075 55.6429609419639 298.0459080804082 -999.0 16600.0 -999.0 2 19 {-999.0 -999.0 -999.0 -999.0 -999.0} "" -999.0 -999.0 -999.0 -999.0 -999 -999 "" ops_sky_apogee_best_unassigned ops_sky sky_apogee 0 0 0.0 0.0 -999 ""
FIBERMAP 253 R+5C3 BOSS 1 1 0 1 0 0 -201.69422445069583 84.14282703228272 143.1 -15.778228351916553 -217.9625173792842 257.00497 86.91017 199.04958885657393 -9.5500108245443 -29.724829 -1.2693661 0.35544577 199.04950036445015 -9.550015370465363 199.06459898938374 -9.696476397110281 55.6445253794981 298.0429750769932 5400.0 5400.0 2016.0 1 28 {-999.0 17.471054 17.145618 17.038618 -999.0} sdss_psfmag_ps1 17.434597 17.154984 16.699152 15.918 63050395165367274 976172223 "" ops_std_boss ops_std standard_boss 0 0 0.0 0.0 -999 ""
FIBERMAP 253 R+5C3 METROLOGY 0 0 0 1 0 0 -201.16790765470992 84.69006565699001 143.1 -16.464187717587603 -217.63710781588387 257.00497 86.91017 -999.0 -999.0 -999.0 -999.0 -999.0 199.04742458347516 -9.54909157285722 199.0624889356103 -9.695528752235695 55.64230734870149 298.0419974266385 -999.0 6231.0 -999.0 -1 -999 {-999.0 -999.0 -999.0 -999.0 -999.0} "" -999.0 -999.0 -999.0 -999.0 -999 -999 "" "" "" "" 0 0 0.0 0.0 -999 ""
FIBERMAP 255 R-5C11 APOGEE 0 0 0 1 0 0 -26.335675837424276 -104.0980370307838 143.1 107.06998268763112 8.064178517737837 232.17384 88.66259 -999.0 -999.0 -999.0 -999.0 -999.0 199.42751653677422 -8.865696082999461 199.44203074508243 -9.011831076140702 55.503181732881025 299.39872955356947 -999.0 16600.0 -999.0 2 170 {-999.0 -999.0 -999.0 -999.0 -999.0} "" -999.0 -999.0 -999.0 -999.0 -999 -999 "" ops_sky_apogee_best_unassigned ops_sky sky_apogee 0 0 0.0 0.0 -999 ""
FIBERMAP 255 R-5C11 BOSS 1 1 0 1 0 0 -26.91771550275564 -103.59749759718477 143.1 106.7800614286728 7.353399615051341 232.17384 88.66259 199.42657470703122 -8.867760987952451 -999.0 -999.0 -999.0 199.42657150880456 -8.867755277396638 199.44120224490132 -9.013984535011135 55.50392083408175 299.39487702642293 5400.0 5400.0 2015.5 1 409 {-999.0 -999.0 -999.0 -999.0 -999.0} "" -999.0 -999.0 -999.0 -999.0 27021603139614432 811720986 "" ops_sky_boss_good ops_sky sky_boss 0 0 0.0 0.0 -999 ""
FIBERMAP 255 R-5C11 METROLOGY 0 0 0 1 0 0 -26.21991624621611 -103.35113669565035 143.1 106.32498935350559 7.936907499596134 232.17384 88.66259 -999.0 -999.0 -999.0 -999.0 -999.0 199.42521812419045 -8.866009719385284 199.43981450828562 -9.012213906744481 55.50173682973476 299.3957488296123 -999.0 6231.0 -999.0 -1 -999 {-999.0 -999.0 -999.0 -999.0 -999.0} "" -999.0 -999.0 -999.0 -999.0 -999 -999 "" "" "" "" 0 0 0.0 0.0 -999 ""
FIBERMAP 266 R-11C1 APOGEE 0 0 0 1 0 0 -155.28973923838842 -216.79055627146417 143.1 254.85739687503175 -78.45287374441578 344.77695 117.22321 -999.0 -999.0 -999.0 -999.0 -999.0 199.87907416612768 -9.127158548067612 199.89391460415402 -9.272843202276333 56.01339511895486 299.54585632215196 -999.0 16600.0 -999.0 2 260 {-999.0 -999.0 -999.0 -999.0 -999.0} "" -999.0 -999.0 -999.0 -999.0 -999 -999 "" ops_sky_apogee_best_unassigned ops_sky sky_apogee 0 0 0.0 0.0 -999 ""
FIBERMAP 266 R-11C1 BOSS 1 1 0 1 0 0 -155.24567914083434 -217.546319750034 143.1 255.56007335739739 -78.17123936988673 344.77695 117.22321 199.88113403320312 -9.126226371428231 -999.0 -999.0 -999.0 199.88109558267755 -9.126206924328 199.89604856344715 -9.271981919635605 56.01446986134013 299.5494441511196 5400.0 5400.0 2015.5 1 354 {-999.0 -999.0 -999.0 -999.0 -999.0} "" -999.0 -999.0 -999.0 -999.0 27021603139613410 811720864 "" ops_sky_boss_good ops_sky sky_boss 0 0 0.0 0.0 -999 ""
FIBERMAP 266 R-11C1 METROLOGY 0 0 0 1 0 0 -155.91547041615254 -217.19041414117663 143.1 255.4351518729081 -78.91932761976935 344.77695 117.22321 -999.0 -999.0 -999.0 -999.0 -999.0 199.88079424742955 -9.128509871595714 199.89571712721397 -9.274258703522166 56.015668131129246 299.5459316712713 -999.0 6231.0 -999.0 -1 -999 {-999.0 -999.0 -999.0 -999.0 -999.0} "" -999.0 -999.0 -999.0 -999.0 -999 -999 "" "" "" "" 0 0 0.0 0.0 -999 ""
FIBERMAP 267 R-9C2 APOGEE 0 0 0 1 0 0 -184.35685265437147 -159.48388363527516 143.1 209.74074365684123 -124.2032477043002 215.91928 13.037237 -999.0 -999.0 -999.0 -999.0 -999.0 199.7414567605714 -9.265917691343745 199.75638063207134 -9.411707639074638 55.99679820550753 299.1998556028123 -999.0 16600.0 -999.0 2 -999 {-999.0 -999.0 -999.0 -999.0 -999.0} "" -999.0 -999.0 -999.0 -999.0 -999 -999 "" "" "" "" 0 0 0.0 0.0 -999 ""
FIBERMAP 267 R-9C2 BOSS 1 1 0 1 0 0 -183.9177158572528 -158.91907312911448 143.1 209.06578960051928 -123.9660841036564 215.91928 13.037237 199.739342175426 -9.265197964036698 -999.0 -999.0 -999.0 199.7393074488898 -9.265130085646378 199.754343539395 -9.411013716217207 55.994803594524676 299.198539386796 5400.0 5400.0 2016.0 1 457 {-999.0 22.93971 21.98733 21.311066 20.820768} sdss_fiber2mag_from_lsdr10 1e+20 1e+20 1e+20 -999.0 63050398344915132 1131648994 dark_flexible_3x1 bhm_spiders_agn_lsdr10_d3 bhm_spiders science 0 0 0.0 0.0 -999 ""
FIBERMAP 267 R-9C2 METROLOGY 0 0 0 1 0 0 -183.61958190918511 -159.6100979969321 143.1 209.62644257996365 -123.46406772402995 215.91928 13.037237 -999.0 -999.0 -999.0 -999.0 -999.0 199.74108906979848 -9.26365369641378 199.75609221247828 -9.409509964835733 55.99518586401756 299.2025739294099 -999.0 6231.0 -999.0 -1 -999 {-999.0 -999.0 -999.0 -999.0 -999.0} "" -999.0 -999.0 -999.0 -999.0 -999 -999 "" "" "" "" 0 0 0.0 0.0 -999 ""
FIBERMAP 274 R+2C17 APOGEE 0 0 0 1 0 0 97.13851904572346 33.48374898034525 143.1 -62.57978147848489 81.485876451296 281.95566 151.79294 -999.0 -999.0 -999.0 -999.0 -999.0 198.90669150834842 -8.64248517899183 198.92090684364064 -8.789118046788388 54.96411061758864 299.12663489428104 -999.0 16600.0 -999.0 2 61 {-999.0 -999.0 -999.0 -999.0 -999.0} "" -999.0 -999.0 -999.0 -999.0 -999 -999 "" ops_sky_apogee_best_unassigned ops_sky sky_apogee 0 0 0.0 0.0 -999 ""
FIBERMAP 274 R+2C17 BOSS 1 1 0 1 0 0 96.85300428342514 32.78467068930284 143.1 -61.82626124010914 81.43699845196163 281.95566 151.79294 198.9088439941406 -8.642490011048707 -999.0 -999.0 -999.0 198.90885145423573 -8.642494622029112 198.92318480598 -8.78922092633151 54.965916009962406 299.1289843038296 5400.0 5400.0 2015.5 1 207 {-999.0 -999.0 -999.0 -999.0 -999.0} "" -999.0 -999.0 -999.0 -999.0 27021603139618145 811721533 "" ops_sky_boss_good ops_sky sky_boss 0 0 0.0 0.0 -999 ""
FIBERMAP 274 R+2C17 METROLOGY 0 0 0 1 0 0 96.39970105090347 33.389510003761345 143.1 -62.2559424479574 80.81519377327336 281.95566 151.79294 -999.0 -999.0 -999.0 -999.0 -999.0 198.90755625485045 -8.644398928240932 198.92185753996807 -8.79109905914905 54.966093659055936 299.12500577025344 -999.0 6231.0 -999.0 -1 -999 {-999.0 -999.0 -999.0 -999.0 -999.0} "" -999.0 -999.0 -999.0 -999.0 -999 -999 "" "" "" "" 0 0 0.0 0.0 -999 ""
FIBERMAP 280 R-3C15 APOGEE 0 0 0 1 0 0 42.45836237616088 -57.8458307054582 143.1 41.377981520928564 58.619859817471244 184.1035 112.79017 -999.0 -999.0 -999.0 -999.0 -999.0 199.22585107900434 -8.712139907938797 199.24019344536828 -8.858479120588113 55.25178980645082 299.3835428660077 -999.0 16600.0 -999.0 2 -999 {-999.0 -999.0 -999.0 -999.0 -999.0} "" -999.0 -999.0 -999.0 -999.0 -999 -999 "" "" "" "" 0 0 0.0 0.0 -999 ""
FIBERMAP 280 R-3C15 BOSS 1 1 0 1 0 0 42.12769493873627 -57.14834053200884 143.1 40.821522794278486 58.0849413857339 184.1035 112.79017 199.2240546233579 -8.713629533307522 -999.0 -999.0 -999.0 199.2240510187001 -8.713631921135617 199.23851025144006 -8.860067163091685 55.251518143216266 299.3795366707324 5400.0 5400.0 2016.0 1 328 {-999.0 19.718552 18.686499 18.20354 17.83873} sdss_fiber2mag_from_lsdr10 18.445852 20.880005 16.790787 14.476 63050395165387192 1058906814 dark_flexible_2x1 bhm_spiders_agn_lsdr10 bhm_spiders science 0 0 0.0 0.0 -999 ""
FIBERMAP 280 R-3C15 METROLOGY 0 0 0 1 0 0 42.8685674991972 -57.22034691363713 143.1 40.65467540567738 58.81033302568682 184.1035 112.79017 -999.0 -999.0 -999.0 -999.0 -999.0 199.2235754074959 -8.711451291636445 199.2379998710104 -8.857860474893439 55.24972448730934 299.3819591612684 -999.0 6231.0 -999.0 -1 -999 {-999.0 -999.0 -999.0 -999.0 -999.0} "" -999.0 -999.0 -999.0 -999.0 -999 -999 "" "" "" "" 0 0 0.0 0.0 -999 ""
FIBERMAP 284 R-1C5 APOGEE 0 0 0 1 0 0 -205.9496850004274 -27.29458791883478 143.1 91.24386724612093 -186.6312989387229 236.78075 84.047806 -999.0 -999.0 -999.0 -999.0 -999.0 199.37836161985626 -9.455518974073863 199.39335176377438 -9.601609577886565 55.83844506756152 298.5341104615683 -999.0 16600.0 -999.0 2 281 {-999.0 -999.0 -999.0 -999.0 -999.0} "" -999.0 -999.0 -999.0 -999.0 -999 -999 "" ops_sky_apogee_best_unassigned ops_sky sky_apogee 0 0 0.0 0.0 -999 ""
FIBERMAP 284 R-1C5 BOSS 1 1 0 1 0 0 -206.42092939117194 -26.713889634668263 143.1 90.84277191450887 -187.26245493257636 236.78075 84.047806 199.37707114871577 -9.457392978053514 -10.537558 -3.3973129 0.2321396 199.37703488688283 -9.457379962991771 199.39214118430186 -9.60356264844683 55.8387391523549 298.530067977346 5400.0 5400.0 2016.0 1 462 {-999.0 17.025505 16.711258 16.594995 16.563353} sdss_psfmag_from_gaia 16.9863 16.7184 16.2739 15.919 63050395165367442 968312514 "" ops_std_boss_gdr2 ops_std standard_boss 0 0 0.0 0.0 -999 ""
FIBERMAP 284 R-1C5 METROLOGY 0 0 0 1 0 0 -205.70754920513662 -26.59256311322387 143.1 90.5013199774448 -186.62449056930583 236.78075 84.047806 -999.0 -999.0 -999.0 -999.0 -999.0 199.37603730980447 -9.455510657578278 199.39110922719465 -9.601668689367564 55.83675923836442 298.53156039068057 -999.0 6231.0 -999.0 -1 -999 {-999.0 -999.0 -999.0 -999.0 -999.0} "" -999.0 -999.0 -999.0 -999.0 -999 -999 "" "" "" "" 0 0 0.0 0.0 -999 ""
FIBERMAP 286 R-5C13 APOGEE 1 0 1 1 0 0 34.426187053707395 -89.33947232997795 143.1 73.79126033183691 60.99830119993066 9.867328 170.06808 199.40402083114964 -8.702998009839726 3.5964394 -15.290774 0.9180735 199.3253581006295 -8.705004499416047 199.33971689739235 -8.851255718724994 55.32297810201333 299.5033489586028 16000.0 16600.0 2016.0 2 162 {-999.0 11.635639 10.863734 10.570521 -999.0} sdss_psfmag_from_g3xp 11.419044 10.898997 10.219466 8.814 63050395165382286 1109285725 bright_1x1 mwm_tess_rgb_apogee mwm_tessrgb science 0 0 0.0 0.0 -999 ""
FIBERMAP 286 R-5C13 BOSS 0 0 1 1 0 0 35.16538095203114 -89.32218906602738 143.1 73.54027596546203 61.69376349415183 9.867328 170.06808 -999.0 -999.0 -999.0 -999.0 -999.0 199.32451379013145 -8.702764234986947 199.33898616532997 -8.849111131535485 55.32105426371972 299.50544293905585 -999.0 5400.0 -999.0 1 392 {-999.0 -999.0 -999.0 -999.0 -999.0} "" -999.0 -999.0 -999.0 -999.0 -999 -999 "" "" "" "" 0 0 0.0 0.0 -999 ""
FIBERMAP 286 R-5C13 METROLOGY 0 0 1 1 0 0 34.808824927372 -89.9775178495017 143.1 74.27485644440631 61.56363533702151 9.867328 170.06808 -999.0 -999.0 -999.0 -999.0 -999.0 199.3268083718775 -8.703182036575527 199.341248834049 -8.849500004854352 55.3230243089344 299.50742258448236 -999.0 6231.0 -999.0 -1 -999 {-999.0 -999.0 -999.0 -999.0 -999.0} "" -999.0 -999.0 -999.0 -999.0 -999 -999 "" "" "" "" 0 0 0.0 0.0 -999 ""
FIBERMAP 290 R+8C13 APOGEE 0 0 0 1 0 0 63.58952980945487 144.2381406991142 143.1 -156.9563295340039 14.523008963772773 240.04659 128.92531 -999.0 -999.0 -999.0 -999.0 -999.0 198.61693264593256 -8.845243790325833 198.63124395090767 -8.992099203412165 54.87038449895888 298.53837175557504 -999.0 16600.0 -999.0 2 -999 {-999.0 -999.0 -999.0 -999.0 -999.0} "" -999.0 -999.0 -999.0 -999.0 -999 -999 "" "" "" "" 0 0 0.0 0.0 -999 ""
FIBERMAP 290 R+8C13 BOSS 1 1 0 1 0 0 62.840318572525554 144.12068155940463 143.1 -156.60717330344386 13.849840099206444 240.04659 128.92531 198.6174202542798 -8.847179960426937 -7.318743 -1.3149196 0.15243904 198.61781124909618 -8.847186336642682 198.63224303363495 -8.994135464528526 54.872431847355706 298.5366971558263 5400.0 5400.0 2016.0 1 157 {-999.0 14.489451 13.844187 13.561295 -999.0} sdss_psfmag_from_g3xp 14.321245 13.853959 13.214467 11.868 63050395165376177 1133177447 dark_flexible_3x1 mwm_halo_mp_xp_boss_triple mwm_halo science 0 0 1.4668625593185425 0.0 -999 ""
FIBERMAP 290 R+8C13 METROLOGY 0 0 0 1 0 0 63.11910970554137 144.81969305499467 143.1 -157.3584963479804 13.892363553780994 240.04659 128.92531 -999.0 -999.0 -999.0 -999.0 -999.0 198.61552724692834 -8.847078201971641 198.62992477949695 -8.994002474921729 54.8705672587831 298.53437595634733 -999.0 6231.0 -999.0 -1 -999 {-999.0 -999.0 -999.0 -999.0 -999.0} "" -999.0 -999.0 -999.0 -999.0 -999 -999 "" "" "" "" 0 0 0.0 0.0 -999 ""
FIBERMAP 294 R+11C8 APOGEE 0 0 0 1 0 0 -20.12459395368778 212.00800192714658 143.1 -194.65166938190828 -86.36756103617087 147.71463 151.5529 -999.0 -999.0 -999.0 -999.0 -999.0 198.50121403436012 -9.150608073261072 198.51573833851387 -9.2975174601624 54.97250926258466 297.9996440891417 -999.0 16600.0 -999.0 2 129 {-999.0 -999.0 -999.0 -999.0 -999.0} "" -999.0 -999.0 -999.0 -999.0 -999 -999 "" ops_sky_apogee_best_unassigned ops_sky sky_apogee 0 0 0.0 0.0 -999 ""
FIBERMAP 294 R+11C8 BOSS 1 1 0 1 0 0 -20.495282613343353 212.63528869319143 143.1 -195.1288556871682 -86.9181497534918 147.71463 151.5529 198.49960327148438 -9.152201197076053 -999.0 -999.0 -999.0 198.49959250126722 -9.152193393684664 198.51423677221305 -9.29919749759153 54.9723960848468 297.99574613455763 5400.0 5400.0 2015.5 1 116 {-999.0 -999.0 -999.0 -999.0 -999.0} "" -999.0 -999.0 -999.0 -999.0 27021603139611199 811720516 "" ops_sky_boss_good ops_sky sky_boss 0 0 0.0 0.0 -999 ""
FIBERMAP 294 R+11C8 METROLOGY 0 0 0 1 0 0 -19.755724419511537 212.6575724673469 143.1 -195.38469744857937 -86.22392900693096 147.71463 151.5529 -999.0 -999.0 -999.0 -999.0 -999.0 198.49881615187024 -9.150128311196163 198.51342485992393 -9.297106892023004 54.97046726238075 297.99772663960204 -999.0 6231.0 -999.0 -1 -999 {-999.0 -999.0 -999.0 -999.0 -999.0} "" -999.0 -999.0 -999.0 -999.0 -999 -999 "" "" "" "" 0 0 0.0 0.0 -999 ""
FIBERMAP 300 R-4C2 APOGEE 0 0 0 1 0 0 -245.58140879946743 -71.63659563337357 143.1 145.86936444040305 -210.1397799652078 245.17554 10.364339 -999.0 -999.0 -999.0 -999.0 -999.0 199.54556047019756 -9.525878648317917 199.56065272176886 -9.671807944707052 56.010944682100586 298.6211275550081 -999.0 16600.0 -999.0 2 -999 {-999.0 -999.0 -999.0 -999.0 -999.0} "" -999.0 -999.0 -999.0 -999.0 -999 -999 "" "" "" "" 0 0 0.0 0.0 -999 ""
FIBERMAP 300 R-4C2 BOSS 1 1 0 1 0 0 -245.4001968272289 -70.89548397411816 143.1 145.10908788090813 -210.20314802859536 245.17554 10.364339 199.54316825668843 -9.526034571204265 -999.0 -999.0 -999.0 199.5431261222229 -9.525997222147868 199.55833200568782 -9.672019378385793 56.00929586173689 298.6182656501353 5400.0 5400.0 2016.0 1 453 {-999.0 21.455185 20.646973 20.15115 19.765583} sdss_fiber2mag_from_lsdr10 20.47372 20.78195 19.005468 -999.0 63050395165367012 1131646954 dark_flexible_3x1 bhm_spiders_agn_lsdr10_d3 bhm_spiders science 0 0 0.0 0.0 -999 ""
FIBERMAP 300 R-4C2 METROLOGY 0 0 0 1 0 0 -244.86554011666243 -71.4197310540271 143.1 145.4365278945494 -209.52977643736455 245.17554 10.364339 -999.0 -999.0 -999.0 -999.0 -999.0 199.54419358744292 -9.524030307695172 199.5593657460979 -9.670026099680364 56.00883882372357 298.62218563790736 -999.0 6231.0 -999.0 -1 -999 {-999.0 -999.0 -999.0 -999.0 -999.0} "" -999.0 -999.0 -999.0 -999.0 -999 -999 "" "" "" "" 0 0 0.0 0.0 -999 ""
FIBERMAP 303 R-1C21 APOGEE 0 0 0 1 0 0 186.62329965149326 -13.801359264498538 143.1 -46.14071026980866 181.34735137737107 61.92173 62.894714 -999.0 -999.0 -999.0 -999.0 -999.0 198.95772100128391 -8.34025742102141 198.9717056201814 -8.486891576436348 54.81033404913069 299.58732604460477 -999.0 16600.0 -999.0 2 -999 {-999.0 -999.0 -999.0 -999.0 -999.0} "" -999.0 -999.0 -999.0 -999.0 -999 -999 "" "" "" "" 0 0 0.0 0.0 -999 ""
FIBERMAP 303 R-1C21 BOSS 1 1 0 1 0 0 187.06443195070665 -14.413016444448624 143.1 -45.70070131216931 181.95977861829599 61.92173 62.894714 198.9587469097225 -8.338219455326744 -0.86750346 -1.4244344 0.12445042 198.95894034490928 -8.338253810226984 198.97304110295738 -8.484983842733966 54.810129761013314 299.59133683043234 5400.0 5400.0 2016.0 1 324 {-999.0 16.984201 16.227917 15.813959 -999.0} sdss_psfmag_ps1 16.828161 16.243694 15.515347 13.95 63050395165390045 1150713678 dark_flexible_3x1 manual_mwm_halo_distant_kgiant_near_boss_triple mwm_halo science 0 0 0.805841326713562 0.0 -999 ""
FIBERMAP 303 R-1C21 METROLOGY 0 0 0 1 0 0 186.31561419339516 -14.483142129985092 143.1 -45.3965543427355 181.27196082352268 61.92173 62.894714 -999.0 -999.0 -999.0 -999.0 -999.0 198.95989444630152 -8.340333609448148 198.9739637637856 -8.487035084065415 54.81214300733789 299.58961268917307 -999.0 6231.0 -999.0 -1 -999 {-999.0 -999.0 -999.0 -999.0 -999.0} "" -999.0 -999.0 -999.0 -999.0 -999 -999 "" "" "" "" 0 0 0.0 0.0 -999 ""
FIBERMAP 306 R+4C10 APOGEE 0 0 0 1 0 0 -50.49091293487325 97.72888735885712 143.1 -76.64819519129613 -78.89434444834167 164.06212 44.31925 -999.0 -999.0 -999.0 -999.0 -999.0 198.86281562559805 -9.12916858954848 198.87741056479808 -9.275766225683732 55.23763285116834 298.41911209536386 -999.0 16600.0 -999.0 2 -999 {-999.0 -999.0 -999.0 -999.0 -999.0} "" -999.0 -999.0 -999.0 -999.0 -999 -999 "" "" "" "" 0 0 0.0 0.0 -999 ""
FIBERMAP 306 R+4C10 BOSS 1 1 0 1 0 0 -49.84230549087325 98.07706292293736 143.1 -77.18420212650443 -78.38979571234482 164.06212 44.31925 198.86101367650727 -9.127586413661101 0.35489133 -0.07209091 0.43633297 198.86101081051055 -9.127583626528294 198.87572151440838 -9.274276319030967 55.235400129323345 298.41931629749945 5400.0 5400.0 2016.0 1 76 {-999.0 19.38598 19.371292 19.022915 18.933435} sdss_fiber2mag_from_lsdr10 18.924177 18.89687 18.209639 -999.0 63050395165369649 1131648979 dark_flexible_3x1 bhm_spiders_agn_lsdr10_d3 bhm_spiders science 0 0 0.0 0.0 -999 ""
FIBERMAP 306 R+4C10 METROLOGY 0 0 0 1 0 0 -49.849813033159045 97.34354448190447 143.1 -76.48625386647203 -78.1641206561232 164.06212 44.31925 -999.0 -999.0 -999.0 -999.0 -999.0 198.86318108725072 -9.12693813222898 198.8778585015143 -9.273602595030956 55.23662144583723 298.42255504877517 -999.0 6231.0 -999.0 -1 -999 {-999.0 -999.0 -999.0 -999.0 -999.0} "" -999.0 -999.0 -999.0 -999.0 -999 -999 "" "" "" "" 0 0 0.0 0.0 -999 ""
FIBERMAP 313 R-10C2 APOGEE 0 0 0 1 0 0 -167.23754934223524 -201.692775401424 143.1 244.332621324156 -94.57402401937166 215.75676 119.35911 -999.0 -999.0 -999.0 -999.0 -999.0 199.84700659466557 -9.175991028708614 199.86188059917924 -9.321697809039145 56.02010747770179 299.4424440433628 -999.0 16600.0 -999.0 2 -999 {-999.0 -999.0 -999.0 -999.0 -999.0} "" -999.0 -999.0 -999.0 -999.0 -999 -999 "" "" "" "" 0 0 0.0 0.0 -999 ""
FIBERMAP 313 R-10C2 BOSS 1 1 0 1 0 0 -167.942817049205 -201.2988519652229 143.1 244.18290811431152 -95.36781870568117 215.75676 119.35911 199.84644569223724 -9.178317268914604 -999.0 -999.0 -999.0 199.8464382092421 -9.178300553029157 199.86142701742915 -9.324099373432407 56.021289256433334 299.43861854148736 5400.0 5400.0 2016.0 1 515 {-999.0 20.9727 20.793158 20.657959 20.53798} sdss_psfmag_from_lsdr10 1e+20 1e+20 1e+20 -999.0 63050396914745544 1131649000 dark_flexible_3x1 bhm_spiders_agn_lsdr10_d3 bhm_spiders science 0 0 0.0 0.0 -999 ""
FIBERMAP 313 R-10C2 METROLOGY 0 0 0 1 0 0 -167.2948083465442 -200.9469740718317 143.1 243.64358043165356 -94.8650127268281 215.75676 119.35911 -999.0 -999.0 -999.0 -999.0 -999.0 199.84487782085048 -9.176831443075736 199.85983298575627 -9.322605887895264 56.01912557152245 299.4388911525396 -999.0 6231.0 -999.0 -1 -999 {-999.0 -999.0 -999.0 -999.0 -999.0} "" -999.0 -999.0 -999.0 -999.0 -999 -999 "" "" "" "" 0 0 0.0 0.0 -999 ""
FIBERMAP 316 R-2C11 APOGEE 0 0 0 1 0 0 -32.82891956191795 -52.730254986865575 143.1 60.42074802007869 -14.39551089223358 346.51886 73.456955 -999.0 -999.0 -999.0 -999.0 -999.0 199.28428849788978 -8.933850287048523 199.2988254486313 -9.0801036273186 55.43730360756403 299.1472355017032 -999.0 16600.0 -999.0 2 299 {-999.0 -999.0 -999.0 -999.0 -999.0} "" -999.0 -999.0 -999.0 -999.0 -999 -999 "" ops_sky_apogee_best_unassigned ops_sky sky_apogee 0 0 0.0 0.0 -999 ""
FIBERMAP 316 R-2C11 BOSS 1 1 0 1 0 0 -33.1898049269475 -53.39165402493289 143.1 61.16245866128742 -14.527817891023426 346.51886 73.456955 199.28650853373185 -8.93414499201988 -5.1083837 -6.645098 0.40696344 199.28648972680418 -8.9341679142543 199.3011430974517 -9.080512827251283 55.439333075358846 299.1492348247482 5400.0 5400.0 2016.0 1 495 {-999.0 17.947445 17.56647 17.416977 17.359695} sdss_psfmag_from_gaia 17.8768 17.5788 17.0784 -999.0 63050395165381362 970775787 "" ops_std_boss_gdr2 ops_std standard_boss 0 0 0.0 0.0 -999 ""
FIBERMAP 316 R-2C11 METROLOGY 0 0 0 1 0 0 -33.579164651546314 -52.74140855088431 143.1 60.66942711951834 -15.103397941577814 346.51886 73.456955 -999.0 -999.0 -999.0 -999.0 -999.0 199.2850120508252 -8.935943295870091 199.2996337625359 -9.08226273623873 55.43928952543201 299.14518359259733 -999.0 6231.0 -999.0 -1 -999 {-999.0 -999.0 -999.0 -999.0 -999.0} "" -999.0 -999.0 -999.0 -999.0 -999 -999 "" "" "" "" 0 0 0.0 0.0 -999 ""
FIBERMAP 318 R-5C18 APOGEE 1 1 0 1 0 0 136.65025893520692 -95.6977369404173 143.1 47.37805130201518 159.95111885595674 130.53693 149.79628 199.24379038704603 -8.405146737499285 3.124668 -3.939857 0.89796114 199.24421513084064 -8.405150976247736 199.25831161075962 -8.551520628264022 55.069423720958845 299.8168923147214 16000.0 16600.0 2016.0 2 216 {-999.0 9.2569 7.8881187 7.127918 -999.0} sdss_psfmag_from_g3xp 8.715638 7.723768 6.737302 4.581 63050395165388522 1107692432 bright_1x1 mwm_tess_rgb_apogee mwm_tessrgb science 0 0 1.4601200819015503 0.0 -999 ""
FIBERMAP 318 R-5C18 BOSS 0 0 0 1 0 0 136.49179529770183 -94.97099184823564 143.1 46.73919961851981 159.57020973355384 130.53693 149.79628 -999.0 -999.0 -999.0 -999.0 -999.0 199.24216059200177 -8.406141151299694 199.25637359869484 -8.552608492833063 55.068650968855295 299.8132880410296 -999.0 5400.0 -999.0 1 308 {-999.0 -999.0 -999.0 -999.0 -999.0} "" -999.0 -999.0 -999.0 -999.0 -999 -999 "" "" "" "" 0 0 0.0 0.0 -999 ""
FIBERMAP 318 R-5C18 METROLOGY 0 0 0 1 0 0 137.2033606223508 -95.17214914463597 143.1 46.704121908153404 160.3087986860769 130.53693 149.79628 -999.0 -999.0 -999.0 -999.0 -999.0 199.2420906227713 -8.403916038765889 199.25626889080434 -8.550356584333318 55.0671273079812 299.816189526367 -999.0 6231.0 -999.0 -1 -999 {-999.0 -999.0 -999.0 -999.0 -999.0} "" -999.0 -999.0 -999.0 -999.0 -999 -999 "" "" "" "" 0 0 0.0 0.0 -999 ""
FIBERMAP 342 R+6C13 APOGEE 0 0 0 1 0 0 60.562166112685816 122.0135942588054 143.1 -134.92091496397234 18.705609124609907 45.67364 87.87908 -999.0 -999.0 -999.0 -999.0 -999.0 198.6844322409085 -8.8326794206997 198.69874904328697 -8.97947801391437 54.91428383811568 298.6283513099662 -999.0 16600.0 -999.0 2 -999 {-999.0 -999.0 -999.0 -999.0 -999.0} "" -999.0 -999.0 -999.0 -999.0 -999 -999 "" "" "" "" 0 0 0.0 0.0 -999 ""
FIBERMAP 342 R+6C13 BOSS 1 1 0 1 0 0 61.09392864731687 121.47774705315933 143.1 -134.58155650987936 19.379917777715093 45.67364 87.87908 198.68531562839573 -8.830507600157134 0.38328156 -0.16883257 0.3684156 198.6852930688972 -8.830531384013529 198.69972681606885 -8.97742432017656 54.91374174715106 298.6321852321041 5400.0 5400.0 2016.0 1 155 {-999.0 19.184084 19.044382 18.942755 18.853773} sdss_psfmag_from_lsdr10 19.049532 18.950075 18.50246 -999.0 63050395165376133 1131653018 dark_flexible_3x1 bhm_spiders_agn_lsdr10_d3 bhm_spiders science 0 0 0.0 0.0 -999 ""
FIBERMAP 342 R+6C13 METROLOGY 0 0 0 1 0 0 60.36388071844633 121.29235843105737 143.1 -134.1740673132415 18.746479236005463 45.67364 87.87908 -999.0 -999.0 -999.0 -999.0 -999.0 198.68655606498822 -8.83248016589328 198.70095807014673 -8.979344841846952 54.915895594663596 298.630920574313 -999.0 6231.0 -999.0 -1 -999 {-999.0 -999.0 -999.0 -999.0 -999.0} "" -999.0 -999.0 -999.0 -999.0 -999 -999 "" "" "" "" 0 0 0.0 0.0 -999 ""
FIBERMAP 351 R0C11 APOGEE 0 0 0 1 0 0 -48.56539355486194 -5.626113986683195 143.1 20.74804152970982 -44.26704186781873 30.235428 61.000755 -999.0 -999.0 -999.0 -999.0 -999.0 199.16229644287102 -9.024493205389453 199.17687867711584 -9.170841778954724 55.40144768923852 298.889220667972 -999.0 16600.0 -999.0 2 251 {-999.0 -999.0 -999.0 -999.0 -999.0} "" -999.0 -999.0 -999.0 -999.0 -999 -999 "" ops_sky_apogee_best_unassigned ops_sky sky_apogee 0 0 0.0 0.0 -999 ""
FIBERMAP 351 R0C11 BOSS 1 1 0 1 0 0 -48.544790459433756 -6.382168143089887 143.1 21.458438115782243 -44.007558560213454 30.235428 61.000755 199.1644023021042 -9.023635646961761 -0.9366287 0.4248712 -2.683479 199.1643788151668 -9.023641124170013 199.1790769995697 -9.170081308510262 55.40265076280203 298.89267214335985 5400.0 5400.0 2016.0 1 519 {-999.0 21.070301 20.810043 20.574987 20.383568} sdss_psfmag_from_gaiadr2 20.775759 20.848845 19.940353 -999.0 63050395165381117 1130021884 dark_flexible_3x1 bhm_gua_dark_d3 bhm_filler science 0 0 0.0 0.0 -999 ""
FIBERMAP 351 R0C11 METROLOGY 0 0 0 1 0 0 -49.19471545515486 -6.019020191391659 143.1 21.320344122121195 -44.73910690420956 30.235428 61.000755 -999.0 -999.0 -999.0 -999.0 -999.0 199.16398719630328 -9.025892444184619 199.17865420726457 -9.172306180003543 55.403731552106635 298.88916911911303 -999.0 6231.0 -999.0 -1 -999 {-999.0 -999.0 -999.0 -999.0 -999.0} "" -999.0 -999.0 -999.0 -999.0 -999 -999 "" "" "" "" 0 0 0.0 0.0 -999 ""
FIBERMAP 357 R-9C9 APOGEE 0 0 0 1 0 0 -22.44316589552301 -186.93411321076428 143.1 184.38470279236094 38.04467933478527 253.2387 89.00019 -999.0 -999.0 -999.0 -999.0 -999.0 199.66413744598302 -8.774799850099237 199.67863042644058 -8.920734248593527 55.62495266403217 299.7865301551357 -999.0 16600.0 -999.0 2 166 {-999.0 -999.0 -999.0 -999.0 -999.0} "" -999.0 -999.0 -999.0 -999.0 -999 -999 "" ops_sky_apogee_best_unassigned ops_sky sky_apogee 0 0 0.0 0.0 -999 ""
FIBERMAP 357 R-9C9 BOSS 1 1 0 1 0 0 -23.14568261885126 -186.72394042104196 143.1 184.4083597555601 37.31180958659063 253.2387 89.00019 199.66415405273435 -8.776928514559444 -999.0 -999.0 -999.0 199.66415870627338 -8.776914619731786 199.67876748164304 -8.922942533449149 55.626470301822295 299.78367882061974 5400.0 5400.0 2015.5 1 399 {-999.0 -999.0 -999.0 -999.0 -999.0} "" -999.0 -999.0 -999.0 -999.0 27021603139614707 811721056 "" ops_sky_boss_good ops_sky sky_boss 0 0 0.0 0.0 -999 ""
FIBERMAP 357 R-9C9 METROLOGY 0 0 0 1 0 0 -22.612750075636 -186.20952675105283 143.1 183.75142733924937 37.65391013297643 253.2387 89.00019 -999.0 -999.0 -999.0 -999.0 -999.0 199.66220782930887 -8.775899027318877 199.67678300580906 -8.921902278683959 55.6242982428104 299.782871626566 -999.0 6231.0 -999.0 -1 -999 {-999.0 -999.0 -999.0 -999.0 -999.0} "" -999.0 -999.0 -999.0 -999.0 -999 -999 "" "" "" "" 0 0 0.0 0.0 -999 ""
FIBERMAP 374 R+10C5 APOGEE 0 0 0 1 0 0 -101.82286367480494 192.88648529395377 143.1 -150.59122431074718 -157.77016971499438 178.70659 123.97577 -999.0 -999.0 -999.0 -999.0 -999.0 198.63599405584995 -9.367124822170444 198.65072272529005 -9.513884831762713 55.21133870560917 297.8482139206773 -999.0 16600.0 -999.0 2 -999 {-999.0 -999.0 -999.0 -999.0 -999.0} "" -999.0 -999.0 -999.0 -999.0 -999 -999 "" "" "" "" 0 0 0.0 0.0 -999 ""
FIBERMAP 374 R+10C5 BOSS 1 1 0 1 0 0 -102.23811561977048 193.5304121857518 143.1 -151.07004687633125 -158.36829699590317 178.70659 123.97577 198.63438784633357 -9.368867458146898 1.233099 -3.1353822 -0.9700913 198.63438017645862 -9.368863212574276 198.6492281939685 -9.515716794757735 55.211320288114166 297.8440929194439 5400.0 5400.0 2016.0 1 152 {-999.0 21.277077 20.3529 19.863771 19.488245} sdss_fiber2mag_from_lsdr10 20.134605 20.399075 18.848326 -999.0 63050395165368612 1131648975 dark_flexible_3x1 bhm_spiders_agn_lsdr10_d3 bhm_spiders science 0 0 0.0 0.0 -999 ""
FIBERMAP 374 R+10C5 METROLOGY 0 0 0 1 0 0 -101.48700065873825 193.55483718572538 143.1 -151.3315868051635 -157.66379699166097 178.70659 123.97577 -999.0 -999.0 -999.0 -999.0 -999.0 198.63358781964692 -9.36678232121366 198.64840044182506 -9.513610717555887 55.20937291832398 297.84609873585197 -999.0 6231.0 -999.0 -1 -999 {-999.0 -999.0 -999.0 -999.0 -999.0} "" -999.0 -999.0 -999.0 -999.0 -999 -999 "" "" "" "" 0 0 0.0 0.0 -999 ""
FIBERMAP 391 R+1C10 APOGEE 0 0 0 1 0 0 -65.8336858599274 9.303906525267525 143.1 12.070888895194452 -65.38014688395538 343.01633 92.65516 -999.0 -999.0 -999.0 -999.0 -999.0 199.13556704563248 -9.088560521310393 199.15019506813326 -9.234923216919972 55.421417632809906 298.77235309686176 -999.0 16600.0 -999.0 2 -999 {-999.0 -999.0 -999.0 -999.0 -999.0} "" -999.0 -999.0 -999.0 -999.0 -999 -999 "" "" "" "" 0 0 0.0 0.0 -999 ""
FIBERMAP 391 R+1C10 BOSS 1 1 0 1 0 0 -66.01070446401995 8.572141621333522 143.1 12.820971473454263 -65.31576876726592 343.01633 92.65516 199.13775604443228 -9.088308965868354 -999.0 -999.0 -999.0 199.13776534367514 -9.088313531818894 199.15250992878237 -9.234767389720894 55.423093821049925 298.77510281023507 5400.0 5400.0 2016.0 1 30 {-999.0 20.643234 20.646347 20.517408 20.379572} sdss_psfmag_from_lsdr10 20.749311 20.632576 19.830093 -999.0 63050395165381087 1131650965 dark_flexible_3x1 bhm_spiders_agn_lsdr10_d3 bhm_spiders science 0 0 0.0 0.0 -999 ""
FIBERMAP 391 R+1C10 METROLOGY 0 0 0 1 0 0 -66.54930823761745 9.086230551983087 143.1 12.504416683840374 -65.98965934148144 343.01633 92.65516 -999.0 -999.0 -999.0 -999.0 -999.0 199.13682416276725 -9.090390428154027 199.1515372751153 -9.236818426291192 55.42364045650766 298.771230369668 -999.0 6231.0 -999.0 -1 -999 {-999.0 -999.0 -999.0 -999.0 -999.0} "" -999.0 -999.0 -999.0 -999.0 -999 -999 "" "" "" "" 0 0 0.0 0.0 -999 ""
FIBERMAP 398 R-5C4 APOGEE 0 0 0 1 0 0 -176.3957355211208 -78.67734471462813 143.1 130.58860726654424 -142.29933040836372 166.61853 54.17581 -999.0 -999.0 -999.0 -999.0 -999.0 199.4992844003381 -9.321371207426496 199.5141939232368 -9.467372878862905 55.84678009520105 298.8534704611484 -999.0 16600.0 -999.0 2 -999 {-999.0 -999.0 -999.0 -999.0 -999.0} "" -999.0 -999.0 -999.0 -999.0 -999 -999 "" "" "" "" 0 0 0.0 0.0 -999 ""
FIBERMAP 398 R-5C4 BOSS 1 1 0 1 0 0 -175.8230578598265 -78.20212404704176 143.1 129.95622620825424 -141.90710264317818 166.61853 54.17581 199.49732858487656 -9.320160854375812 -12.680321 -1.0729041 0.261854 199.49727419568137 -9.320141366374827 199.51229666873814 -9.466236673379587 55.844610997977966 298.85294154292774 5400.0 5400.0 2016.0 1 492 {-999.0 17.82905 17.391619 17.317364 -999.0} sdss_psfmag_ps1 17.653736 17.392004 16.975008 16.31 63050395165378925 944493923 bright_1x1 openfibertargets_nov2020_6c open_fiber science 0 0 0.0 0.0 -999 ""
FIBERMAP 398 R-5C4 METROLOGY 0 0 0 1 0 0 -175.6898815557607 -78.92486925155637 143.1 130.59931031297137 -141.55144189781893 166.61853 54.17581 -999.0 -999.0 -999.0 -999.0 -999.0 199.4992977166475 -9.319106613763003 199.51428738874154 -9.465174280212045 55.84546626674064 298.8566147766854 -999.0 6231.0 -999.0 -1 -999 {-999.0 -999.0 -999.0 -999.0 -999.0} "" -999.0 -999.0 -999.0 -999.0 -999 -999 "" "" "" "" 0 0 0.0 0.0 -999 ""
FIBERMAP 400 R-2C24 APOGEE 0 0 0 1 0 0 256.87633845645706 -58.389007744348575 143.1 -26.156020277848853 262.11606674211816 14.373951 18.929953 -999.0 -999.0 -999.0 -999.0 -999.0 199.0193448545717 -8.097150723190945 199.03314747750744 -8.2437678644249 54.70100801957365 299.9781052449785 -999.0 16600.0 -999.0 2 -999 {-999.0 -999.0 -999.0 -999.0 -999.0} "" -999.0 -999.0 -999.0 -999.0 -999 -999 "" "" "" "" 0 0 0.0 0.0 -999 ""
FIBERMAP 400 R-2C24 BOSS 1 1 0 1 0 0 256.15663496314795 -58.78754971927814 143.1 -25.549689428022845 261.5600851321303 14.373951 18.929953 199.0211266439545 -8.098725333797686 -0.14526592 1.784426 -2.4975188 199.0210764968439 -8.098718574143495 199.03499806597802 -8.245431590443065 54.70348051929704 299.9779412080558 5400.0 5400.0 2016.0 1 335 {-999.0 20.9132 20.526306 20.162098 19.856857} sdss_psfmag_from_gaiadr2 20.788176 20.639807 19.679296 -999.0 63050395165390463 1130022013 dark_flexible_3x1 bhm_gua_dark_d3 bhm_filler science 0 0 0.0 0.0 -999 ""
FIBERMAP 400 R-2C24 METROLOGY 0 0 0 1 0 0 256.20781635173495 -58.053483658336816 143.1 -26.26201758775404 261.3756504067361 14.373951 18.929953 -999.0 -999.0 -999.0 -999.0 -999.0 199.01892777896396 -8.099250461001052 199.0328161040834 -8.245937624618838 54.702153319984696 299.9748658842649 -999.0 6231.0 -999.0 -1 -999 {-999.0 -999.0 -999.0 -999.0 -999.0} "" -999.0 -999.0 -999.0 -999.0 -999 -999 "" "" "" "" 0 0 0.0 0.0 -999 ""
FIBERMAP 401 R+11C3 APOGEE 0 0 0 1 0 0 -127.36722360234413 196.14779399111978 143.1 -145.57686719082974 -183.02787429901917 289.19754 78.43465 -999.0 -999.0 -999.0 -999.0 -999.0 198.6514140440641 -9.443416406581106 198.66620725916982 -9.590151569938959 55.27062131153029 297.7598960217103 -999.0 16600.0 -999.0 2 5 {-999.0 -999.0 -999.0 -999.0 -999.0} "" -999.0 -999.0 -999.0 -999.0 -999 -999 "" ops_sky_apogee_best_unassigned ops_sky sky_apogee 0 0 0.0 0.0 -999 ""
FIBERMAP 401 R+11C3 BOSS 1 1 0 1 0 0 -128.09301109865527 196.08393384250815 143.1 -145.28597060694415 -183.69584190796047 289.19754 78.43465 198.65245843910765 -9.445527606759672 -95.74959 44.69143 2.4918163 198.65216798546598 -9.445368505805058 198.66708119987447 -9.592194791787449 55.27256385247343 297.7580186513967 5400.0 5400.0 2016.0 1 5 {-999.0 18.318695 17.14409 16.088474 -999.0} sdss_psfmag_ps1 17.752192 16.70588 15.738637 13.793 63050395165368500 1136359995 dark_flexible_3x1 mwm_halo_local_high_boss_triple mwm_halo science 0 0 0.0 0.0 -999 ""
FIBERMAP 401 R+11C3 METROLOGY 0 0 0 1 0 0 -127.80011716819735 196.7452479196152 143.1 -146.00602248211263 -183.62798144948994 289.19754 78.43465 -999.0 -999.0 -999.0 -999.0 -999.0 198.6499729514259 -9.445208200629686 198.66485197075644 -9.592010329887227 55.27072443154127 297.7558817062086 -999.0 6231.0 -999.0 -1 -999 {-999.0 -999.0 -999.0 -999.0 -999.0} "" -999.0 -999.0 -999.0 -999.0 -999 -999 "" "" "" "" 0 0 0.0 0.0 -999 ""
FIBERMAP 403 R-11C5 APOGEE 0 0 0 1 0 0 -95.32813519718002 -207.62151792815956 143.1 227.13296969075273 -24.503675683993393 194.84552 77.85517 -999.0 -999.0 -999.0 -999.0 -999.0 199.79474688347057 -8.964180722564231 199.80942915777598 -9.109967238772747 55.845273918884786 299.67481820037153 -999.0 16600.0 -999.0 2 188 {-999.0 -999.0 -999.0 -999.0 -999.0} "" -999.0 -999.0 -999.0 -999.0 -999 -999 "" "" "" "" 0 0 0.0 0.0 -999 ""
FIBERMAP 403 R-11C5 BOSS 1 1 0 1 0 0 -95.39139248037361 -206.86006519174072 143.1 226.43099086011415 -24.80531954625808 194.84552 77.85517 199.7921989245362 -8.965012549411181 -2.0936947 -2.586318 0.04344964 199.79253363142791 -8.965008504390148 199.80732942151883 -9.11088979393784 55.844267689427326 299.6711954358583 5400.0 5400.0 2016.0 1 385 {-999.0 15.519095 14.728576 14.385179 -999.0} sdss_psfmag_from_g3xp 15.288045 14.736649 14.028989 12.503 63050395165380157 1133173925 dark_flexible_3x1 mwm_halo_mp_xp_boss_triple mwm_halo science 0 0 1.2044942378997803 0.0 -999 ""
FIBERMAP 403 R-11C5 METROLOGY 0 0 0 1 0 0 -94.71125891609351 -207.20891279239072 143.1 226.54593722765642 -24.0496641007006 194.84552 77.85517 -999.0 -999.0 -999.0 -999.0 -999.0 199.7929513653252 -8.962750256193704 199.80771322950147 -9.108605191527953 55.843100297694335 299.6747577224764 -999.0 6231.0 -999.0 -1 -999 {-999.0 -999.0 -999.0 -999.0 -999.0} "" -999.0 -999.0 -999.0 -999.0 -999 -999 "" "" "" "" 0 0 0.0 0.0 -999 ""
FIBERMAP 405 R+10C6 APOGEE 0 0 0 1 0 0 -77.66147170027942 209.8943245733483 143.1 -174.3870800455884 -140.25662500881072 165.98825 67.89516 -999.0 -999.0 -999.0 -999.0 -999.0 198.56315726218156 -9.313860018598774 198.57782543019312 -9.460691224846068 55.12194866428583 297.84307334622974 -999.0 16600.0 -999.0 2 -999 {-999.0 -999.0 -999.0 -999.0 -999.0} "" -999.0 -999.0 -999.0 -999.0 -999 -999 "" "" "" "" 0 0 0.0 0.0 -999 ""
FIBERMAP 405 R+10C6 BOSS 1 1 0 1 0 0 -77.21853741112768 210.48318617262905 143.1 -175.08604596909842 -140.02349341169662 165.98825 67.89516 198.5608781170848 -9.313095254646464 -999.0 -999.0 -999.0 198.5608688836187 -9.313077090537517 198.5756546041763 -9.460003163258687 55.119842873882945 297.84169169190096 5400.0 5400.0 2016.0 1 124 {-999.0 20.992723 20.533895 20.02263 19.617626} sdss_fiber2mag_from_lsdr10 20.960299 20.63293 18.908155 -999.0 63050395165374485 1131648972 dark_flexible_3x1 bhm_spiders_agn_lsdr10_d3 bhm_spiders science 0 0 0.0 0.0 -999 ""
FIBERMAP 405 R+10C6 METROLOGY 0 0 0 1 0 0 -76.91852597927237 209.80754973578914 143.1 -174.5405810614532 -139.52458046266878 165.98825 67.89516 -999.0 -999.0 -999.0 -999.0 -999.0 198.56254126090863 -9.311626864413014 198.5772925986247 -9.458525420738608 55.12019193025602 297.84547161275333 -999.0 6231.0 -999.0 -1 -999 {-999.0 -999.0 -999.0 -999.0 -999.0} "" -999.0 -999.0 -999.0 -999.0 -999 -999 "" "" "" "" 0 0 0.0 0.0 -999 ""
FIBERMAP 406 R-1C24 APOGEE 1 1 0 1 0 0 240.27551929381443 -1.799609893627082 143.1 -74.54889477389875 228.4146100916357 111.62907 73.69258 198.87127474012357 -8.198393480762533 -20.077686 -3.6523151 0.980059 198.87120679897257 -8.198417680006573 198.88506090786962 -8.345149907095673 54.653760842132634 299.68094524211284 16000.0 16600.0 2016.0 2 204 {-999.0 12.58782 12.087419 11.922929 -999.0} sdss_psfmag_from_g3xp 12.481207 12.117387 11.587021 10.605 63050395165390205 1104808475 bright_flexible_2x1 mwm_tess_rgb_apogee mwm_tessrgb science 0 0 0.0 0.0 -999 ""
FIBERMAP 406 R-1C24 BOSS 0 0 0 1 0 0 241.0111259021804 -1.7024804683809336 143.1 -74.87445551263657 229.08133021140918 111.62907 73.69258 -999.0 -999.0 -999.0 -999.0 -999.0 198.87009264395277 -8.196289944832051 198.88406282777373 -8.343120871866338 54.65170274954546 299.68254486654246 -999.0 5400.0 -999.0 1 287 {-999.0 -999.0 -999.0 -999.0 -999.0} "" -999.0 -999.0 -999.0 -999.0 -999 -999 "" "" "" "" 0 0 0.0 0.0 -999 ""
FIBERMAP 406 R-1C24 METROLOGY 0 0 0 1 0 0 240.72236402365147 -2.395711179559612 143.1 -74.12544976993729 229.0275172784692 111.62907 73.69258 -999.0 -999.0 -999.0 -999.0 -999.0 198.8724017973167 -8.19643946609629 198.88633911612533 -8.343240736922503 54.653508897954175 299.6848796945476 -999.0 6231.0 -999.0 -1 -999 {-999.0 -999.0 -999.0 -999.0 -999.0} "" -999.0 -999.0 -999.0 -999.0 -999 -999 "" "" "" "" 0 0 0.0 0.0 -999 ""
FIBERMAP 407 R-6C15 APOGEE 1 1 0 1 0 0 78.23436304060677 -130.65328727185818 143.1 99.06422006432537 115.65142685607327 268.07434 74.884674 199.40273912753918 -8.539404250072446 -10.484818 -4.573187 0.32952026 199.4027130648201 -8.539418816623389 199.41695301840673 -8.685625723566373 55.275774365931774 299.81278590530206 16000.0 16600.0 2016.0 2 200 {-999.0 13.969301 13.187663 12.899772 -999.0} sdss_psfmag_from_g3xp 13.744548 13.222136 12.5476465 11.134 63050395165388039 1110136918 bright_flexible_3x1 mwm_tess_rgb_apogee mwm_tessrgb science 0 0 0.0 0.0 -999 ""
FIBERMAP 407 R-6C15 BOSS 0 0 0 1 0 0 77.52981238354563 -130.43320015200203 143.1 99.07912117501007 114.9134819356062 268.07434 74.884674 -999.0 -999.0 -999.0 -999.0 -999.0 199.40269009339244 -8.541508144371276 199.41704709994553 -8.687809962287988 55.277245782537285 299.8099472661383 -999.0 5400.0 -999.0 1 282 {-999.0 -999.0 -999.0 -999.0 -999.0} "" -999.0 -999.0 -999.0 -999.0 -999 -999 "" "" "" "" 0 0 0.0 0.0 -999 ""
FIBERMAP 407 R-6C15 METROLOGY 0 0 0 1 0 0 78.06819308894278 -129.9236205250328 143.1 98.42504362056233 115.26228291509187 268.07434 74.884674 -999.0 -999.0 -999.0 -999.0 -999.0 199.4007288120979 -8.540462654844262 199.4150518558638 -8.686739421829547 55.275045676375015 299.80917051012955 -999.0 6231.0 -999.0 -1 -999 {-999.0 -999.0 -999.0 -999.0 -999.0} "" -999.0 -999.0 -999.0 -999.0 -999 -999 "" "" "" "" 0 0 0.0 0.0 -999 ""
FIBERMAP 408 R+13C11 APOGEE 1 1 0 1 0 0 68.86684181533846 250.8108995368569 143.1 -259.68977154702134 -14.295350722670761 157.32805 144.36978 198.30376597326716 -8.93172229023492 -130.68399 1.1455469 14.99514 198.3033832034131 -8.931713027020663 198.31768985493943 -9.078825701702707 54.68330514675365 298.0848709905033 16000.0 16600.0 2016.0 2 96 {-999.0 9.181329 8.747439 8.613857 -999.0} sdss_psfmag_from_g3xp 9.103615 8.780997 8.287646 7.534 63050395165377376 984807454 bright_1x1 mwm_snc_100pc_apogee mwm_snc science 0 0 0.0 0.0 -999 ""
FIBERMAP 408 R+13C11 BOSS 0 0 0 1 0 0 68.51298303377446 251.45395550664725 143.1 -260.1872523838413 -14.834984969476196 157.32805 144.36978 -999.0 -999.0 -999.0 -999.0 -999.0 198.30174213029522 -8.933245438043981 198.3161697408924 -9.080454057608247 54.683148644420896 298.08104960576196 -999.0 5400.0 -999.0 1 170 {-999.0 -999.0 -999.0 -999.0 -999.0} "" -999.0 -999.0 -999.0 -999.0 -999 -999 "" "" "" "" 0 0 0.0 0.0 -999 ""
FIBERMAP 408 R+13C11 METROLOGY 0 0 0 1 0 0 69.25219033685025 251.4487248129692 143.1 -260.4168919367451 -14.132364789000261 157.32805 144.36978 -999.0 -999.0 -999.0 -999.0 -999.0 198.30103584722312 -8.931147142874101 198.31542762245488 -9.078329835574868 54.681250294045086 298.083129370916 -999.0 6231.0 -999.0 -1 -999 {-999.0 -999.0 -999.0 -999.0 -999.0} "" -999.0 -999.0 -999.0 -999.0 -999 -999 "" "" "" "" 0 0 0.0 0.0 -999 ""
FIBERMAP 418 R-5C2 APOGEE 0 0 0 1 0 0 -227.7550774947966 -84.53649432788347 143.1 152.44433249987665 -189.1418019061435 185.70996 62.281685 -999.0 -999.0 -999.0 -999.0 -999.0 199.56587390287123 -9.462564019646258 199.5809184148436 -9.608484346930142 55.98672573337069 298.7316878467471 -999.0 16600.0 -999.0 2 -999 {-999.0 -999.0 -999.0 -999.0 -999.0} "" -999.0 -999.0 -999.0 -999.0 -999 -999 "" "" "" "" 0 0 0.0 0.0 -999 ""
FIBERMAP 418 R-5C2 BOSS 1 1 0 1 0 0 -227.48032439661785 -83.86385400512843 143.1 151.719297699706 -189.09473822947828 185.70996 62.281685 199.56356321204333 -9.462400396228917 -0.44680887 0.52160394 -0.32067963 199.56355784375984 -9.462359094015428 199.5787156946135 -9.60837248156567 55.98496631113613 298.7294029231667 5400.0 5400.0 2016.0 1 454 {-999.0 20.807327 20.56238 20.53232 20.54399} sdss_psfmag_from_lsdr10 20.55673 20.45195 19.965195 -999.0 63050395165378485 1131646955 dark_flexible_3x1 bhm_spiders_agn_lsdr10_d3 bhm_spiders science 0 0 0.0 0.0 -999 ""
FIBERMAP 418 R-5C2 METROLOGY 0 0 0 1 0 0 -227.01549906729323 -84.4245927355457 143.1 152.10350339544595 -188.4760036626938 185.70996 62.281685 -999.0 -999.0 -999.0 -999.0 -999.0 199.5647975574859 -9.460547835243021 199.5799218710955 -9.606534605190513 55.984735943981384 298.73329439736756 -999.0 6231.0 -999.0 -1 -999 {-999.0 -999.0 -999.0 -999.0 -999.0} "" -999.0 -999.0 -999.0 -999.0 -999 -999 "" "" "" "" 0 0 0.0 0.0 -999 ""
FIBERMAP 420 R+1C6 APOGEE 0 0 0 1 0 0 -175.63622654993495 22.665090729679214 143.1 34.248666750619265 -173.74180920463021 97.89746 160.55121 -999.0 -999.0 -999.0 -999.0 -999.0 199.203422838006 -9.41677624094898 199.21833602113782 -9.563029243794926 55.679738710268694 298.39550382608456 -999.0 16600.0 -999.0 2 -999 {-999.0 -999.0 -999.0 -999.0 -999.0} "" -999.0 -999.0 -999.0 -999.0 -999 -999 "" "" "" "" 0 0 0.0 0.0 -999 ""
FIBERMAP 420 R+1C6 BOSS 1 1 0 1 0 0 -175.49924186784114 23.409319765557626 143.1 33.4994703686196 -173.84810555404934 97.89746 160.55121 199.20101966156852 -9.417063238709698 0.7896295 0.33728302 0.12976085 199.2010170386141 -9.417067844300888 199.21604561502568 -9.563414497790774 55.67821776476008 298.39246466615407 5400.0 5400.0 2016.0 1 20 {-999.0 21.459183 20.859804 20.723255 20.651232} sdss_psfmag_from_lsdr10 20.317963 20.618965 20.194733 -999.0 63050395165367534 1131646944 dark_flexible_3x1 bhm_spiders_agn_lsdr10_d3 bhm_spiders science 0 0 0.0 0.0 -999 ""
FIBERMAP 420 R+1C6 METROLOGY 0 0 0 1 0 0 -174.93443349849062 22.923904813029708 143.1 33.780518334534555 -173.1584663895334 97.89746 160.55121 -999.0 -999.0 -999.0 -999.0 -999.0 199.20192037543552 -9.415032760096029 199.21691470318012 -9.56135297395886 55.67759658458756 298.3962678564252 -999.0 6231.0 -999.0 -1 -999 {-999.0 -999.0 -999.0 -999.0 -999.0} "" -999.0 -999.0 -999.0 -999.0 -999 -999 "" "" "" "" 0 0 0.0 0.0 -999 ""
FIBERMAP 426 R+3C15 APOGEE 0 0 0 1 0 0 70.4264294351554 71.41978936414472 143.1 -90.07545981973357 44.11626452825968 88.20798 61.79949 -999.0 -999.0 -999.0 -999.0 -999.0 198.822095337775 -8.75577390115916 198.83638227662198 -8.902463844542162 54.97123193938701 298.8816808486115 -999.0 16600.0 -999.0 2 -999 {-999.0 -999.0 -999.0 -999.0 -999.0} "" -999.0 -999.0 -999.0 -999.0 -999 -999 "" "" "" "" 0 0 0.0 0.0 -999 ""
FIBERMAP 426 R+3C15 BOSS 1 1 0 1 0 0 71.08063759486527 71.058256989052 143.1 -89.9402571440699 44.85136169212774 88.20798 61.79949 198.82241436862756 -8.753424119566828 -19.894073 2.5110528 1.5638305 198.82234622013672 -8.753423600542506 198.83674920737235 -8.900208628450123 54.97008779221768 298.8851250418594 5400.0 5400.0 2016.0 1 205 {-999.0 17.761404 16.625168 16.215538 -999.0} sdss_psfmag_ps1 17.375008 16.628633 15.78729 14.112 63050395165387414 1096643835 bright_1x1 mwm_bin_vis_boss mwm_filler science 0 0 0.0 0.0 -999 ""
FIBERMAP 426 R+3C15 METROLOGY 0 0 0 1 0 0 70.4394200835352 70.67190604446793 143.1 -89.3703953694632 44.36593611329219 88.20798 61.79949 -999.0 -999.0 -999.0 -999.0 -999.0 198.8241165762535 -8.754921527790756 198.8384877469863 -8.901677861686906 54.972347430952595 298.8850322147075 -999.0 6231.0 -999.0 -1 -999 {-999.0 -999.0 -999.0 -999.0 -999.0} "" -999.0 -999.0 -999.0 -999.0 -999 -999 "" "" "" "" 0 0 0.0 0.0 -999 ""
FIBERMAP 427 R+3C22 APOGEE 1 1 0 1 0 0 194.80855097248752 67.91834953915433 143.1 -126.22990108671233 163.17399648640816 207.54805 48.54311 198.71261875915494 -8.394935458324772 -49.405975 -76.64695 10.17732 198.7124690166975 -8.395168140207565 198.72644644230866 -8.542009154801951 54.65866275134197 299.2458646007011 16000.0 16600.0 2016.0 2 115 {-999.0 13.370975 12.220197 11.718895 -999.0} sdss_psfmag_from_g3xp 12.950049 12.210538 11.351293 9.624 63050395165389415 1094086275 bright_1x1 mwm_bin_vis_apogee mwm_filler science 0 0 0.0 0.0 -999 ""
FIBERMAP 427 R+3C22 BOSS 0 0 0 1 0 0 195.02884137724035 68.62685112271592 143.1 -126.9716570254325 163.15803425093458 207.54805 48.54311 -999.0 -999.0 -999.0 -999.0 -999.0 198.7100510946551 -8.395079722607177 198.724146544939 -8.542019550814773 54.65691448652749 299.2433496044524 -999.0 5400.0 -999.0 1 200 {-999.0 -999.0 -999.0 -999.0 -999.0} "" -999.0 -999.0 -999.0 -999.0 -999 -999 "" "" "" "" 0 0 0.0 0.0 -999 ""
FIBERMAP 427 R+3C22 METROLOGY 0 0 0 1 0 0 195.53563648607104 68.0918491200852 143.1 -126.62517621929555 163.8083990734675 207.54805 48.54311 -999.0 -999.0 -999.0 -999.0 -999.0 198.71113381045927 -8.393118895292513 198.7251943283544 -8.540030684347789 54.65644877574049 299.2471418270759 -999.0 6231.0 -999.0 -1 -999 {-999.0 -999.0 -999.0 -999.0 -999.0} "" -999.0 -999.0 -999.0 -999.0 -999 -999 "" "" "" "" 0 0 0.0 0.0 -999 ""
FIBERMAP 429 R-3C5 APOGEE 0 0 0 1 0 0 -151.57782740872878 -53.97027540286895 143.1 99.28352953467551 -126.60671562195864 43.80792 85.21429 -999.0 -999.0 -999.0 -999.0 -999.0 199.40335341434198 -9.274083094683304 199.4181995530223 -9.420178353615093 55.743508994223994 298.81254719700786 -999.0 16600.0 -999.0 2 289 {-999.0 -999.0 -999.0 -999.0 -999.0} "" -999.0 -999.0 -999.0 -999.0 -999 -999 "" ops_sky_apogee_best_unassigned ops_sky sky_apogee 0 0 0.0 0.0 -999 ""
FIBERMAP 429 R-3C5 BOSS 1 1 0 1 0 0 -151.11360035484225 -54.536886165552495 143.1 99.67349331165629 -125.98668478926457 43.80792 85.21429 199.40449744617132 -9.272149356129646 -999.0 -999.0 -999.0 199.40447938503962 -9.272164219315194 199.41943914166313 -9.418350706784361 55.74330755755543 298.8164373744652 5400.0 5400.0 2016.0 1 474 {-999.0 22.284391 20.927053 20.404535 20.042448} sdss_fiber2mag_from_lsdr10 1e+20 1e+20 1e+20 -999.0 63050396914756308 1128412158 dark_flexible_3x1 bhm_spiders_clusters_lsdr10_d3 bhm_spiders science 0 0 0.0 0.0 -999 ""
FIBERMAP 429 R-3C5 METROLOGY 0 0 0 1 0 0 -151.83404670616676 -54.67965868362768 143.1 100.03752417643413 -126.62454346878276 43.80792 85.21429 -999.0 -999.0 -999.0 -999.0 -999.0 199.40563832803383 -9.274134410878691 199.42056743317949 -9.420293494025893 55.74539582539536 298.8150023118362 -999.0 6231.0 -999.0 -1 -999 {-999.0 -999.0 -999.0 -999.0 -999.0} "" -999.0 -999.0 -999.0 -999.0 -999 -999 "" "" "" "" 0 0 0.0 0.0 -999 ""
FIBERMAP 434 R+1C15 APOGEE 0 0 0 1 0 0 46.65876503355105 34.53966607480181 143.1 -47.5604836623242 33.28287208501009 98.90096 55.794014 -999.0 -999.0 -999.0 -999.0 -999.0 198.95256300314097 -8.788804475904445 198.9669058275921 -8.93537463454191 55.09193831754 298.9794531527791 -999.0 16600.0 -999.0 2 -999 {-999.0 -999.0 -999.0 -999.0 -999.0} "" -999.0 -999.0 -999.0 -999.0 -999 -999 "" "" "" "" 0 0 0.0 0.0 -999 ""
FIBERMAP 434 R+1C15 BOSS 1 1 0 1 0 0 47.38355697525761 34.18494649742023 143.1 -47.45414220999788 34.08273881677489 98.90096 55.794014 198.9527647089295 -8.78626063860874 -5.1135716 0.9779993 1.3915744 198.95274606229668 -8.786260464586285 198.96720413383662 -8.932925492848645 55.090616878141226 298.9830930570704 5400.0 5400.0 2016.0 1 197 {-999.0 -999.0 -999.0 -999.0 -999.0} "" -999.0 16.983608 -999.0 13.617 63050395165387064 1095569857 bright_1x1 mwm_bin_vis_boss mwm_filler science 0 0 0.0 0.0 -999 ""
FIBERMAP 434 R+1C15 METROLOGY 0 0 0 1 0 0 46.73896352862195 33.79598172093623 143.1 -46.88073043657352 33.59494151877322 98.90096 55.794014 -999.0 -999.0 -999.0 -999.0 -999.0 198.95453481200747 -8.787767570463387 198.9689612657586 -8.934403963892551 55.09289651998114 298.98301172717566 -999.0 6231.0 -999.0 -1 -999 {-999.0 -999.0 -999.0 -999.0 -999.0} "" -999.0 -999.0 -999.0 -999.0 -999 -999 "" "" "" "" 0 0 0.0 0.0 -999 ""
FIBERMAP 435 R-5C3 APOGEE 0 0 0 1 0 0 -172.20308738793432 -94.46557169697762 143.1 144.22933301870404 -133.31295946249 45.57097 73.24684 -999.0 -999.0 -999.0 -999.0 -999.0 199.54112845591285 -9.294099049346045 199.55602576507 -9.440066953215437 55.861589549983435 298.9375824749353 -999.0 16600.0 -999.0 2 243 {-999.0 -999.0 -999.0 -999.0 -999.0} "" -999.0 -999.0 -999.0 -999.0 -999 -999 "" ops_sky_apogee_best_unassigned ops_sky sky_apogee 0 0 0.0 0.0 -999 ""
FIBERMAP 435 R-5C3 BOSS 1 1 0 1 0 0 -171.8398780066352 -95.11320091542821 143.1 144.72818291393446 -132.76300702761398 45.57097 73.24684 199.5425837340225 -9.292394688477607 -999.0 -999.0 -999.0 199.54258772325062 -9.292378814148964 199.55759825482392 -9.438437360186912 55.86176470329701 298.94157934393047 5400.0 5400.0 2016.0 1 500 {-999.0 21.891844 21.421038 21.303219 21.237932} sdss_psfmag_from_lsdr10 1e+20 1e+20 1e+20 -999.0 63050399059831729 1131648989 dark_flexible_3x1 bhm_spiders_agn_lsdr10_d3 bhm_spiders science 0 0 0.0 0.0 -999 ""
FIBERMAP 435 R-5C3 METROLOGY 0 0 0 1 0 0 -172.5874456591091 -95.10616732976155 143.1 144.95876615241266 -133.47412716386265 45.57097 73.24684 -999.0 -999.0 -999.0 -999.0 -999.0 199.5433424216515 -9.294571665910176 199.55832258126873 -9.440603204304121 55.863685655782 298.9393886409131 -999.0 6231.0 -999.0 -1 -999 {-999.0 -999.0 -999.0 -999.0 -999.0} "" -999.0 -999.0 -999.0 -999.0 -999 -999 "" "" "" "" 0 0 0.0 0.0 -999 ""
FIBERMAP 438 R+12C2 APOGEE 0 0 0 1 0 0 -149.0682697156299 234.21523729794473 143.1 -174.7874867091309 -215.68742095148895 186.29715 104.917564 -999.0 -999.0 -999.0 -999.0 -999.0 198.56224994153433 -9.54122271941438 198.57709772969577 -9.688020618006647 55.26212878238198 297.529552943884 -999.0 16600.0 -999.0 2 6 {-999.0 -999.0 -999.0 -999.0 -999.0} "" -999.0 -999.0 -999.0 -999.0 -999 -999 "" ops_sky_apogee_best_unassigned ops_sky sky_apogee 0 0 0.0 0.0 -999 ""
FIBERMAP 438 R+12C2 BOSS 1 1 0 1 0 0 -149.36546553029706 234.88152625009124 143.1 -175.32498136078405 -216.18069738744 186.29715 104.917564 198.56050137611706 -9.542603556578245 1.1981893 -1.0527391 0.1056791 198.56050423226816 -9.542589096391742 198.57547126816064 -9.689480052317373 55.2617684451276 297.5258011175263 5400.0 5400.0 2016.0 1 6 {-999.0 20.458546 20.353798 20.216015 20.189339} sdss_psfmag_from_gaiadr2 20.072826 20.361927 19.785145 -999.0 63050395165368252 1130021691 dark_flexible_3x1 bhm_gua_dark_d3 bhm_filler science 0 0 0.0 0.0 -999 ""
FIBERMAP 438 R+12C2 METROLOGY 0 0 0 1 0 0 -148.6107660661372 234.80683913871084 143.1 -175.49367491821195 -215.44134348498295 186.29715 104.917564 -999.0 -999.0 -999.0 -999.0 -999.0 198.55998202066104 -9.540431765454668 198.57491359834103 -9.687297502419359 55.259988633931954 297.52821876384206 -999.0 6231.0 -999.0 -1 -999 {-999.0 -999.0 -999.0 -999.0 -999.0} "" -999.0 -999.0 -999.0 -999.0 -999 -999 "" "" "" "" 0 0 0.0 0.0 -999 ""
FIBERMAP 439 R-6C3 APOGEE 0 0 0 1 0 0 -190.32618177430354 -116.73483510024975 143.1 171.09802949896843 -143.4308333054184 162.9562 134.46222 -999.0 -999.0 -999.0 -999.0 -999.0 199.62329762880242 -9.324433105277578 199.6382410274714 -9.470321944813149 55.943589651766914 298.98702572570687 -999.0 16600.0 -999.0 2 244 {-999.0 -999.0 -999.0 -999.0 -999.0} "" -999.0 -999.0 -999.0 -999.0 -999 -999 "" ops_sky_apogee_best_unassigned ops_sky sky_apogee 0 0 0.0 0.0 -999 ""
FIBERMAP 439 R-6C3 BOSS 1 1 0 1 0 0 -190.63446050494505 -116.04880062170933 143.1 170.5453283158728 -143.94088578637238 162.9562 134.46222 199.62153550716468 -9.325932304182894 1.4540398 0.0459575 -0.78738207 199.62152222492946 -9.325914679987688 199.6365803373311 -9.471896378450834 55.94331327207877 298.98299876171785 5400.0 5400.0 2016.0 1 501 {-999.0 20.261002 19.986834 19.736782 19.531803} sdss_psfmag_from_gaiadr2 20.187283 20.03372 19.318655 -999.0 63050395165378939 1130021848 dark_flexible_3x1 bhm_gua_dark_d3 bhm_filler science 0 0 0.0 0.0 -999 ""
FIBERMAP 439 R-6C3 METROLOGY 0 0 0 1 0 0 -189.87867646631787 -116.13180433063495 143.1 170.38417684110726 -143.19786401704943 162.9562 134.46222 -999.0 -999.0 -999.0 -999.0 -999.0 199.62109396871847 -9.323720287640889 199.6361178505266 -9.469676789640632 55.94155823482906 298.98555821685176 -999.0 6231.0 -999.0 -1 -999 {-999.0 -999.0 -999.0 -999.0 -999.0} "" -999.0 -999.0 -999.0 -999.0 -999 -999 "" "" "" "" 0 0 0.0 0.0 -999 ""
FIBERMAP 441 R-2C4 APOGEE 0 0 0 1 0 0 -191.1312153210209 -27.391074431662126 143.1 86.63247617820244 -172.54892699411621 64.90346 98.00118 -999.0 -999.0 -999.0 -999.0 -999.0 199.3642948191856 -9.413039215633288 199.37924614992016 -9.559148800086403 55.800984940940985 298.5774603755531 -999.0 16600.0 -999.0 2 -999 {-999.0 -999.0 -999.0 -999.0 -999.0} "" -999.0 -999.0 -999.0 -999.0 -999 -999 "" "" "" "" 0 0 0.0 0.0 -999 ""
FIBERMAP 441 R-2C4 BOSS 1 1 0 1 0 0 -190.4388151372001 -27.581210113391215 143.1 86.59302949314343 -171.83200945375933 64.90346 98.00118 199.3641976503896 -9.410768653689168 -38.021782 -23.893698 2.2083426 199.36408948492937 -9.410835199454956 199.37915397430368 -9.557036685102007 55.799589147266516 298.58028521223946 5400.0 5400.0 2016.0 1 472 {-999.0 -999.0 -999.0 -999.0 -999.0} "" -999.0 18.730679 -999.0 14.081 63050395165367552 1094987717 bright_1x1 mwm_bin_vis_boss mwm_filler science 0 0 0.0 0.0 -999 ""
FIBERMAP 441 R-2C4 METROLOGY 0 0 0 1 0 0 -190.9556263817418 -28.1181691580898 143.1 87.26622440915955 -172.15166768438712 64.90346 98.00118 -999.0 -999.0 -999.0 -999.0 -999.0 199.36619838052334 -9.411846398714356 199.38123164028104 -9.558019935767662 55.8018014834729 298.5812097444572 -999.0 6231.0 -999.0 -1 -999 {-999.0 -999.0 -999.0 -999.0 -999.0} "" -999.0 -999.0 -999.0 -999.0 -999 -999 "" "" "" "" 0 0 0.0 0.0 -999 ""
FIBERMAP 442 R+13C12 APOGEE 0 0 0 1 0 0 90.51738968159654 246.2608707229394 143.1 -262.2463225892065 7.679007253445442 201.56157 126.31122 -999.0 -999.0 -999.0 -999.0 -999.0 198.29581076525557 -8.865223459782497 198.31006422065343 -9.012352730488377 54.63590414432155 298.16648313673886 -999.0 16600.0 -999.0 2 59 {-999.0 -999.0 -999.0 -999.0 -999.0} "" -999.0 -999.0 -999.0 -999.0 -999 -999 "" ops_sky_apogee_best_unassigned ops_sky sky_apogee 0 0 0.0 0.0 -999 ""
FIBERMAP 442 R+13C12 BOSS 1 1 0 1 0 0 89.87588350015639 246.64821879383229 143.1 -262.4100364180945 6.9477618214285854 201.56157 126.31122 198.29510926284553 -8.867400439220356 -0.8256188 3.5899162 2.2774346 198.29518299969158 -8.867338458137095 198.30955816974495 -9.014563019831392 54.63689556501267 298.16296233419297 5400.0 5400.0 2016.0 1 97 {-999.0 20.89351 20.681658 20.4978 20.35547} sdss_psfmag_from_gaiadr2 20.476511 20.694311 19.766603 -999.0 63050395165377416 1130021819 dark_flexible_3x1 bhm_gua_dark_d3 bhm_filler science 0 0 0.0 0.0 -999 ""
FIBERMAP 442 R+13C12 METROLOGY 0 0 0 1 0 0 90.54028879591785 247.00918919690386 143.1 -262.96318988554384 7.463230363086083 201.56157 126.31122 -999.0 -999.0 -999.0 -999.0 -999.0 198.29349386279728 -8.865800150172555 198.30783339302832 -9.012999454495239 54.634588552284754 298.1632314622397 -999.0 6231.0 -999.0 -1 -999 {-999.0 -999.0 -999.0 -999.0 -999.0} "" -999.0 -999.0 -999.0 -999.0 -999 -999 "" "" "" "" 0 0 0.0 0.0 -999 ""
FIBERMAP 445 R-4C10 APOGEE 0 0 0 1 0 0 -62.4003672384182 -74.91362302800916 143.1 90.84131680992456 -35.39665149661085 203.7625 79.44261 -999.0 -999.0 -999.0 -999.0 -999.0 199.37769449033317 -8.997604837851425 199.39230586915153 -9.143764745515005 55.549045689412274 299.16359374866363 -999.0 16600.0 -999.0 2 -999 {-999.0 -999.0 -999.0 -999.0 -999.0} "" -999.0 -999.0 -999.0 -999.0 -999 -999 "" "" "" "" 0 0 0.0 0.0 -999 ""
FIBERMAP 445 R-4C10 BOSS 1 1 0 1 0 0 -62.5732030390153 -74.1704724961557 143.1 90.19146975970531 -35.79639569138685 203.7625 79.44261 199.37563605093317 -8.998735976624827 -999.0 -999.0 -999.0 199.3756352296763 -8.998745343850178 199.3903622645248 -9.145000131423865 55.548344496198204 299.1597546570531 5400.0 5400.0 2016.0 1 360 {-999.0 21.238117 21.065495 20.843555 20.63746} sdss_psfmag_from_lsdr10 1e+20 1e+20 1e+20 -999.0 63050397630006230 1131650970 dark_flexible_3x1 bhm_spiders_agn_lsdr10_d3 bhm_spiders science 0 0 0.0 0.0 -999 ""
FIBERMAP 445 R-4C10 METROLOGY 0 0 0 1 0 0 -61.86220334926349 -74.39412534254177 143.1 90.17790317535781 -35.051203774258205 203.7625 79.44261 -999.0 -999.0 -999.0 -999.0 -999.0 199.37563584596052 -8.996513164940257 199.39032839368042 -9.142741883695328 55.546887290151425 299.1628047470113 -999.0 6231.0 -999.0 -1 -999 {-999.0 -999.0 -999.0 -999.0 -999.0} "" -999.0 -999.0 -999.0 -999.0 -999 -999 "" "" "" "" 0 0 0.0 0.0 -999 ""
FIBERMAP 449 R-10C16 APOGEE 0 0 0 1 0 0 149.28030446251313 -188.05989068071875 143.1 130.9529614406378 201.24032580112512 110.58696 143.52847 -999.0 -999.0 -999.0 -999.0 -999.0 199.49963248100863 -8.281078811428843 199.51368033609776 -8.427237781507198 55.18275452707858 300.2675465605417 -999.0 16600.0 -999.0 2 -999 {-999.0 -999.0 -999.0 -999.0 -999.0} "" -999.0 -999.0 -999.0 -999.0 -999 -999 "" "" "" "" 0 0 0.0 0.0 -999 ""
FIBERMAP 449 R-10C16 BOSS 1 1 0 1 0 0 149.57646308385134 -187.22351186193816 143.1 130.06586670832147 201.2557223551306 110.58696 143.52847 199.49682951657005 -8.280918799193017 0.35797125 0.21433221 0.35587016 199.49682483289587 -8.280904737041045 199.51098703970547 -8.427162541046565 55.180671727069395 300.26463395661375 5400.0 5400.0 2016.0 1 333 {-999.0 19.823576 19.864471 19.48645 19.266611} sdss_fiber2mag_from_lsdr10 19.37948 19.461525 18.610659 -999.0 63050395165388448 1131657055 dark_flexible_3x1 bhm_spiders_agn_lsdr10_d3 bhm_spiders science 0 0 0.0 0.0 -999 ""
FIBERMAP 449 R-10C16 METROLOGY 0 0 0 1 0 0 150.00119489380245 -187.8603532083693 143.1 130.53496174903935 201.86059029086425 110.58696 143.52847 -999.0 -999.0 -999.0 -999.0 -999.0 199.49830490925078 -8.279080968058803 199.51243330339696 -8.425310436646209 55.180568014847175 300.2687286106072 -999.0 6231.0 -999.0 -1 -999 {-999.0 -999.0 -999.0 -999.0 -999.0} "" -999.0 -999.0 -999.0 -999.0 -999 -999 "" "" "" "" 0 0 0.0 0.0 -999 ""
FIBERMAP 453 R+7C19 APOGEE 0 0 0 1 0 0 182.6400665850791 156.36469976329894 143.1 -206.23809849990042 123.56521385071392 186.00769 22.156559 -999.0 -999.0 -999.0 -999.0 -999.0 198.4677375653548 -8.514948207560842 198.48175728578553 -8.661983252940464 54.54764409449381 298.8208647673842 -999.0 16600.0 -999.0 2 -999 {-999.0 -999.0 -999.0 -999.0 -999.0} "" -999.0 -999.0 -999.0 -999.0 -999 -999 "" "" "" "" 0 0 0.0 0.0 -999 ""
FIBERMAP 453 R+7C19 BOSS 1 1 0 1 0 0 183.29856853605887 156.70914765029696 143.1 -206.7737108156532 124.08032818377586 186.00769 22.156559 198.46597473639164 -8.513302861662805 -0.27217785 0.44764575 -1.2996384 198.46597278458478 -8.513282500057633 198.48011048265096 -8.66041577867101 54.54539179359268 298.82118533936864 5400.0 5400.0 2016.0 1 249 {-999.0 20.875282 20.609621 20.300705 20.028517} sdss_psfmag_from_lsdr10 20.561504 20.58423 19.765709 -999.0 63050395165389523 1131655017 dark_flexible_3x1 bhm_spiders_agn_lsdr10_d3 bhm_spiders science 0 0 0.0 0.0 -999 ""
FIBERMAP 453 R+7C19 METROLOGY 0 0 0 1 0 0 183.2675207975318 155.95751500416438 143.1 -206.05111472499848 124.2894298732729 186.00769 22.156559 -999.0 -999.0 -999.0 -999.0 -999.0 198.46817513227512 -8.512655891180598 198.4822788972084 -8.65976003110079 54.54663870281801 298.824397077544 -999.0 6231.0 -999.0 -1 -999 {-999.0 -999.0 -999.0 -999.0 -999.0} "" -999.0 -999.0 -999.0 -999.0 -999 -999 "" "" "" "" 0 0 0.0 0.0 -999 ""
FIBERMAP 454 R+10C8 APOGEE 0 0 0 1 0 0 -35.55472138736857 178.57626394719045 143.1 -158.05271096421768 -90.3892091001403 281.97244 52.26144 -999.0 -999.0 -999.0 -999.0 -999.0 198.61312260520356 -9.16324851323165 198.62768405858935 -9.310059071854278 55.066720409358894 298.1026295704272 -999.0 16600.0 -999.0 2 -999 {-999.0 -999.0 -999.0 -999.0 -999.0} "" -999.0 -999.0 -999.0 -999.0 -999 -999 "" "" "" "" 0 0 0.0 0.0 -999 ""
FIBERMAP 454 R+10C8 BOSS 1 1 0 1 0 0 -36.211920452941285 178.86883868528614 143.1 -158.12157471224194 -91.10525757676871 281.97244 52.26144 198.61275205272915 -9.1653452393449 -0.571159 -0.0066987346 0.47063562 198.61273807768816 -9.165353163978327 198.6274196899643 -9.312257099796897 55.06788728952412 298.09934481138214 5400.0 5400.0 2016.0 1 125 {-999.0 20.859161 20.322954 19.869572 19.522081} sdss_fiber2mag_from_lsdr10 20.123182 20.503733 18.89718 16.25 63050395165375312 1131648974 dark_flexible_3x1 bhm_spiders_agn_lsdr10_d3 bhm_spiders science 0 0 0.0 0.0 -999 ""
FIBERMAP 454 R+10C8 METROLOGY 0 0 0 1 0 0 -35.62412967218312 179.32103284208014 143.1 -158.73691706683567 -90.69139081459045 281.97244 52.26144 -999.0 -999.0 -999.0 -999.0 -999.0 198.61086747822583 -9.1641307052998 198.62551406842522 -9.311009997678603 55.06563952897785 298.09899923784417 -999.0 6231.0 -999.0 -1 -999 {-999.0 -999.0 -999.0 -999.0 -999.0} "" -999.0 -999.0 -999.0 -999.0 -999 -999 "" "" "" "" 0 0 0.0 0.0 -999 ""
FIBERMAP 458 R-13C8 APOGEE 1 1 0 1 0 0 20.902961860797756 -268.7854957236485 143.1 248.24442296403748 105.1249278931473 344.20023 65.72324 199.85802028799355 -8.571897443154214 19.914871 -50.093765 4.691884 199.85804982121465 -8.57203876150936 199.87241590047893 -8.71782657994622 55.64125626112868 300.2799396713794 16000.0 16600.0 2016.0 2 265 {-999.0 12.0051565 11.614653 11.477828 -999.0} sdss_psfmag_from_g3xp 11.9351015 11.624204 11.145621 10.322 63050395165382075 1076219010 bright_1x1 mwm_snc_ext_main_apogee mwm_snc science 0 0 0.0 0.0 -999 ""
FIBERMAP 458 R-13C8 BOSS 0 0 0 1 0 0 20.36462210357141 -269.30433275973536 143.1 248.90726594637175 104.77910373431943 344.20023 65.72324 -999.0 -999.0 -999.0 -999.0 -999.0 199.8599476883412 -8.572994824176819 199.87442824314996 -8.718875294349921 55.64345257781772 300.2807940224947 -999.0 5400.0 -999.0 1 359 {-999.0 -999.0 -999.0 -999.0 -999.0} "" -999.0 -999.0 -999.0 -999.0 -999 -999 "" "" "" "" 0 0 0.0 0.0 -999 ""
FIBERMAP 458 R-13C8 METROLOGY 0 0 0 1 0 0 20.17394343126144 -268.59605867380475 143.1 248.29615353629904 104.37350848634202 344.20023 65.72324 -999.0 -999.0 -999.0 -999.0 -999.0 199.85817844524647 -8.57422264901827 199.87262755782263 -8.720077763371792 55.64286854845639 300.27713124133527 -999.0 6231.0 -999.0 -1 -999 {-999.0 -999.0 -999.0 -999.0 -999.0} "" -999.0 -999.0 -999.0 -999.0 -999 -999 "" "" "" "" 0 0 0.0 0.0 -999 ""
FIBERMAP 461 R+11C5 APOGEE 0 0 0 1 0 0 -94.40980114268214 205.83349685438628 143.1 -165.221004700881 -154.84961214035928 239.06168 79.61335 -999.0 -999.0 -999.0 -999.0 -999.0 198.59121997869445 -9.358078976989269 198.60593016776454 -9.50487921587376 55.17110993475056 297.8125545081363 -999.0 16600.0 -999.0 2 147 {-999.0 -999.0 -999.0 -999.0 -999.0} "" -999.0 -999.0 -999.0 -999.0 -999 -999 "" ops_sky_apogee_best_unassigned ops_sky sky_apogee 0 0 0.0 0.0 -999 ""
FIBERMAP 461 R+11C5 BOSS 1 1 0 1 0 0 -94.95760653307194 206.29751051509788 143.1 -165.48715486998503 -155.51633602120393 239.06168 79.61335 198.59024047851562 -9.360068588641525 -999.0 -999.0 -999.0 198.5902605709004 -9.360021311774277 198.6050906385991 -9.506914614119587 55.17172344456118 297.80886005925595 5400.0 5400.0 2015.5 1 150 {-999.0 -999.0 -999.0 -999.0 -999.0} "" -999.0 -999.0 -999.0 -999.0 27021603139608059 820070583 "" ops_sky_boss_good ops_sky sky_boss 0 0 0.0 0.0 -999 ""
FIBERMAP 461 R+11C5 METROLOGY 0 0 0 1 0 0 -94.26155688952555 206.58226897596884 143.1 -165.9780825159748 -154.9466733208459 239.06168 79.61335 -999.0 -999.0 -999.0 -999.0 -999.0 198.58876432204823 -9.358344161190436 198.603559084773 -9.50521279944189 55.1694829387209 297.80955599676247 -999.0 6231.0 -999.0 -1 -999 {-999.0 -999.0 -999.0 -999.0 -999.0} "" -999.0 -999.0 -999.0 -999.0 -999 -999 "" "" "" "" 0 0 0.0 0.0 -999 ""
FIBERMAP 462 R+11C9 APOGEE 0 0 0 1 0 0 0.8847617807027905 210.75074724429314 143.1 -200.12713094423788 -66.04623548059946 173.6021 136.73389 -999.0 -999.0 -999.0 -999.0 -999.0 198.48453659351375 -9.089027385371676 198.49900854426642 -9.23596048025241 54.9212360639103 298.06555383867885 -999.0 16600.0 -999.0 2 128 {-999.0 -999.0 -999.0 -999.0 -999.0} "" -999.0 -999.0 -999.0 -999.0 -999 -999 "" ops_sky_apogee_best_unassigned ops_sky sky_apogee 0 0 0.0 0.0 -999 ""
FIBERMAP 462 R+11C9 BOSS 1 1 0 1 0 0 0.4199871027843045 211.34124293831547 143.1 -200.53957002985524 -66.6743658789767 173.6021 136.73389 198.4831237792969 -9.090809201854157 -999.0 -999.0 -999.0 198.48310914333305 -9.090845273525236 198.49770140304395 -9.237873174476594 54.92141999156219 298.06155207142837 5400.0 5400.0 2015.5 1 115 {-999.0 -999.0 -999.0 -999.0 -999.0} "" -999.0 -999.0 -999.0 -999.0 27021603139611386 820070840 "" ops_sky_boss_good ops_sky sky_boss 0 0 0.0 0.0 -999 ""
FIBERMAP 462 R+11C9 METROLOGY 0 0 0 1 0 0 1.1506863821657571 211.44520291226678 143.1 -200.87005047767957 -66.01446696618768 173.6021 136.73389 -999.0 -999.0 -999.0 -999.0 -999.0 198.4821056954034 -9.088879509679616 198.4966623900268 -9.235881985377446 54.919376680744364 298.06314817793043 -999.0 6231.0 -999.0 -1 -999 {-999.0 -999.0 -999.0 -999.0 -999.0} "" -999.0 -999.0 -999.0 -999.0 -999 -999 "" "" "" "" 0 0 0.0 0.0 -999 ""
FIBERMAP 465 R+5C7 APOGEE 0 0 0 1 0 0 -103.57204063433258 87.7058893104352 143.1 -50.29762528363429 -126.0480492737698 223.02051 144.21613 -999.0 -999.0 -999.0 -999.0 -999.0 198.9436918818462 -9.272243009125841 198.95842181302862 -9.41874794972191 55.38947267117085 298.3111024207167 -999.0 16600.0 -999.0 2 33 {-999.0 -999.0 -999.0 -999.0 -999.0} "" -999.0 -999.0 -999.0 -999.0 -999 -999 "" ops_sky_apogee_best_unassigned ops_sky sky_apogee 0 0 0.0 0.0 -999 ""
FIBERMAP 465 R+5C7 BOSS 1 1 0 1 0 0 -104.30873952165652 87.61861013723234 143.1 -49.9810584844156 -126.71893129676525 223.02051 144.21613 198.94452769988948 -9.274259446549685 -999.0 -999.0 -999.0 198.94452254667948 -9.274244219692589 198.95937131179335 -9.420840609502049 55.391512145228496 298.3092582401701 5400.0 5400.0 2016.0 1 55 {-999.0 22.555643 22.174307 21.885185 21.640476} sdss_psfmag_from_lsdr10 1e+20 1e+20 1e+20 -999.0 63050399060391400 1131648980 dark_flexible_3x1 bhm_spiders_agn_lsdr10_d3 bhm_spiders science 0 0 0.0 0.0 -999 ""
FIBERMAP 465 R+5C7 METROLOGY 0 0 0 1 0 0 -104.00539867120347 88.3092385569069 143.1 -50.73222345696446 -126.65046783936884 223.02051 144.21613 -999.0 -999.0 -999.0 -999.0 -999.0 198.94224155329312 -9.274072039050807 198.9570564587035 -9.420644259307121 55.38960716190416 298.307014168994 -999.0 6231.0 -999.0 -1 -999 {-999.0 -999.0 -999.0 -999.0 -999.0} "" -999.0 -999.0 -999.0 -999.0 -999 -999 "" "" "" "" 0 0 0.0 0.0 -999 ""
FIBERMAP 468 R-2C9 APOGEE 0 0 0 1 0 0 -68.89509174623217 -33.34788596459251 143.1 53.48743152941924 -54.74690473849827 81.32785 34.99477 -999.0 -999.0 -999.0 -999.0 -999.0 199.2629144906577 -9.05634039538191 199.27754679239 -9.202594372325008 55.498552743831745 298.95647078399713 -999.0 16600.0 -999.0 2 300 {-999.0 -999.0 -999.0 -999.0 -999.0} "" -999.0 -999.0 -999.0 -999.0 -999 -999 "" ops_sky_apogee_best_unassigned ops_sky sky_apogee 0 0 0.0 0.0 -999 ""
FIBERMAP 468 R-2C9 BOSS 1 1 0 1 0 0 -68.59014480980741 -34.02036374894583 143.1 54.028334852128076 -54.2443141021671 81.32785 34.99477 199.26447902565076 -9.054745365781024 1.2498665 -1.6514958 -1.0086524 199.2644950537368 -9.054754538254535 199.27924211116272 -9.201100421556252 55.498906022943444 298.9603818629431 5400.0 5400.0 2016.0 1 496 {-999.0 20.555387 19.993847 19.596806 19.337128} sdss_fiber2mag_from_lsdr10 19.95442 20.105051 18.753462 -999.0 63050395165380812 1131650969 dark_flexible_3x1 bhm_spiders_agn_lsdr10_d3 bhm_spiders science 0 0 0.0 0.0 -999 ""
FIBERMAP 468 R-2C9 METROLOGY 0 0 0 1 0 0 -69.32143392389557 -33.95288838652332 143.1 54.19643735695694 -54.95918015729317 81.32785 34.99477 -999.0 -999.0 -999.0 -999.0 -999.0 199.26504786137437 -9.056955823395644 199.2797640718295 -9.20327449469 55.500679010469675 298.9579814312002 -999.0 6231.0 -999.0 -1 -999 {-999.0 -999.0 -999.0 -999.0 -999.0} "" -999.0 -999.0 -999.0 -999.0 -999 -999 "" "" "" "" 0 0 0.0 0.0 -999 ""
FIBERMAP 470 R+2C23 APOGEE 0 0 0 1 0 0 228.73115233871542 48.367659591482806 143.1 -118.45667524190284 201.5461489772678 43.78684 136.38359 -999.0 -999.0 -999.0 -999.0 -999.0 198.7367337847508 -8.279405601247733 198.75062493286111 -8.42624323614131 54.60333980437439 299.42633817730996 -999.0 16600.0 -999.0 2 74 {-999.0 -999.0 -999.0 -999.0 -999.0} "" -999.0 -999.0 -999.0 -999.0 -999 -999 "" ops_sky_apogee_best_unassigned ops_sky sky_apogee 0 0 0.0 0.0 -999 ""
FIBERMAP 470 R+2C23 BOSS 1 1 0 1 0 0 229.48461077814335 48.40073709023942 143.1 -118.72716372384826 202.2501251935586 43.78684 136.38359 198.73580932617188 -8.277151710781524 -999.0 -999.0 -999.0 198.73578250423583 -8.277160289261111 198.7497902422881 -8.424096290935623 54.60133412654131 299.42828246508253 5400.0 5400.0 2015.5 1 233 {-999.0 -999.0 -999.0 -999.0 -999.0} "" -999.0 -999.0 -999.0 -999.0 27021603139619538 811721733 "" ops_sky_boss_good ops_sky sky_boss 0 0 0.0 0.0 -999 ""
FIBERMAP 470 R+2C23 METROLOGY 0 0 0 1 0 0 229.13824872254634 47.74071614963176 143.1 -117.99136908757804 202.13115269479258 43.78684 136.38359 -999.0 -999.0 -999.0 -999.0 -999.0 198.73804199355772 -8.277510677389566 198.75201686138792 -8.424417104656733 54.603234728747005 299.4302824206102 -999.0 6231.0 -999.0 -1 -999 {-999.0 -999.0 -999.0 -999.0 -999.0} "" -999.0 -999.0 -999.0 -999.0 -999 -999 "" "" "" "" 0 0 0.0 0.0 -999 ""
FIBERMAP 472 R-1C15 APOGEE 0 0 0 1 0 0 34.75071696628955 -5.346284902301015 143.1 -5.959048189444097 34.64941896395993 94.670876 109.52608 -999.0 -999.0 -999.0 -999.0 -999.0 199.0803856906314 -8.78478330865663 199.09475426295546 -8.931240984740196 55.18705450476981 299.1250024592274 -999.0 16600.0 -999.0 2 -999 {-999.0 -999.0 -999.0 -999.0 -999.0} "" -999.0 -999.0 -999.0 -999.0 -999 -999 "" "" "" "" 0 0 0.0 0.0 -999 ""
FIBERMAP 472 R-1C15 BOSS 1 1 0 1 0 0 35.43943785384631 -5.054728905674287 143.1 -6.454095759965761 35.209974794075904 94.670876 109.52608 199.07873738417283 -8.782960096399123 -999.0 -999.0 -999.0 199.07874524434786 -8.782962636890488 199.09322864721378 -8.929516554961943 55.184795681293785 299.1256643375038 5400.0 5400.0 2016.0 1 326 {-999.0 22.97108 21.506165 20.830923 20.352896} sdss_fiber2mag_from_lsdr10 1e+20 1e+20 1e+20 -999.0 63050399059879776 1131653023 dark_flexible_3x1 bhm_spiders_agn_lsdr10_d3 bhm_spiders science 0 0 0.0 0.0 -999 ""
FIBERMAP 472 R-1C15 METROLOGY 0 0 0 1 0 0 35.35016640313729 -5.79367577107131 143.1 -5.7250508242061064 35.35983927086943 94.670876 109.52608 -999.0 -999.0 -999.0 -999.0 -999.0 199.08101892568445 -8.782533442393506 199.09546942506472 -8.929058624495513 55.18621704443162 299.1287430637457 -999.0 6231.0 -999.0 -1 -999 {-999.0 -999.0 -999.0 -999.0 -999.0} "" -999.0 -999.0 -999.0 -999.0 -999 -999 "" "" "" "" 0 0 0.0 0.0 -999 ""
FIBERMAP 474 R-3C8 APOGEE 0 0 0 1 0 0 -110.31388922625966 -71.16682259734613 143.1 102.49452373982318 -82.0201988328333 255.81152 91.80813 -999.0 -999.0 -999.0 -999.0 -999.0 199.4133712029374 -9.139009537765318 199.42810797492416 -9.285116051958939 55.66587437745388 299.00945930513376 -999.0 16600.0 -999.0 2 -999 {-999.0 -999.0 -999.0 -999.0 -999.0} "" -999.0 -999.0 -999.0 -999.0 -999 -999 "" "" "" "" 0 0 0.0 0.0 -999 ""
FIBERMAP 474 R-3C8 BOSS 1 1 0 1 0 0 -111.10640243989434 -70.9689334946291 143.1 102.55839069007486 -82.83451015160473 255.81152 91.80813 199.4134926652148 -9.141433739815538 -999.0 -999.0 -999.0 199.4135007512248 -9.141425690574602 199.4283545094945 -9.287624248123272 55.66764819203584 299.0062857109879 5400.0 5400.0 2016.0 1 477 {-999.0 21.58303 20.242285 19.733334 19.377535} sdss_fiber2mag_from_lsdr10 20.400494 21.40912 18.67073 -999.0 63050395165380681 1128412161 dark_flexible_3x1 bhm_spiders_clusters_lsdr10_d3 bhm_spiders science 0 0 0.0 0.0 -999 ""
FIBERMAP 474 R-3C8 METROLOGY 0 0 0 1 0 0 -110.56301610111936 -70.46153257400911 143.1 101.9047904938356 -82.48027108583781 255.81152 91.80813 -999.0 -999.0 -999.0 -999.0 -999.0 199.41153913276065 -9.140388724038294 199.42635898409446 -9.286562988344553 55.66545128619238 299.005537065913 -999.0 6231.0 -999.0 -1 -999 {-999.0 -999.0 -999.0 -999.0 -999.0} "" -999.0 -999.0 -999.0 -999.0 -999 -999 "" "" "" "" 0 0 0.0 0.0 -999 ""
FIBERMAP 477 R-7C14 APOGEE 0 0 0 1 0 0 58.01207785145509 -135.8781391250336 143.1 110.4366090597559 98.13365141123893 235.99928 47.41134 -999.0 -999.0 -999.0 -999.0 -999.0 199.43762295796896 -8.592524586743886 199.4519141827061 -8.738691941639956 55.336308752311744 299.7801131776343 -999.0 16600.0 -999.0 2 197 {-999.0 -999.0 -999.0 -999.0 -999.0} "" -999.0 -999.0 -999.0 -999.0 -999 -999 "" "" "" "" 0 0 0.0 0.0 -999 ""
FIBERMAP 477 R-7C14 BOSS 1 1 0 1 0 0 57.82576681216773 -135.15296128892274 143.1 109.80808137264088 97.72683312811702 235.99928 47.41134 199.43541765095165 -8.593561313816748 -36.002506 -20.49579 8.216132 199.43563407935633 -8.59361582632794 199.45004092933482 -8.739879745858433 55.335647761689735 299.77642428895683 5400.0 5400.0 2016.0 1 272 {-999.0 17.599287 16.10674 14.67425 -999.0} sdss_psfmag_ps1 16.981598 15.380237 14.13522 11.805 63050395165388007 1075842633 bright_1x1 mwm_erosita_stars_boss mwm_erosita science 0 0 1.1210415363311768 0.0 -999 ""
FIBERMAP 477 R-7C14 METROLOGY 0 0 0 1 0 0 58.54842903665369 -135.34505524596022 143.1 109.76088748340536 98.47306841817401 235.99928 47.41134 -999.0 -999.0 -999.0 -999.0 -999.0 199.43553138896598 -8.591370406523435 199.44990373307292 -8.73760786364394 55.334088409802675 299.77933893078 -999.0 6231.0 -999.0 -1 -999 {-999.0 -999.0 -999.0 -999.0 -999.0} "" -999.0 -999.0 -999.0 -999.0 -999 -999 "" "" "" "" 0 0 0.0 0.0 -999 ""
FIBERMAP 479 R-1C14 APOGEE 0 0 0 1 0 0 -5.1855310832799795 -22.868248084906117 143.1 23.33074053100932 2.34038737187052 217.89575 89.190475 -999.0 -999.0 -999.0 -999.0 -999.0 199.1703321814856 -8.882971694934955 199.18480104123807 -9.02933450866029 55.31802248981221 299.0907746381716 -999.0 16600.0 -999.0 2 230 {-999.0 -999.0 -999.0 -999.0 -999.0} "" -999.0 -999.0 -999.0 -999.0 -999 -999 "" ops_sky_apogee_best_unassigned ops_sky sky_apogee 0 0 0.0 0.0 -999 ""
FIBERMAP 479 R-1C14 BOSS 1 1 0 1 0 0 -5.514717422201283 -22.213066589453902 143.1 22.813931346969294 1.8203007608729922 217.89575 89.190475 199.16863871511157 -8.88447120203082 -1.1214398 0.74543035 -1.2409613 199.168641631232 -8.884454782929108 199.18322751429162 -9.030912829170612 55.31781983400133 299.0868983778432 5400.0 5400.0 2016.0 1 339 {-999.0 21.090744 20.246368 19.69203 19.282814} sdss_psfmag_from_lsdr10 21.131502 20.38953 19.233355 -999.0 63050395165381321 1131650966 dark_flexible_3x1 bhm_spiders_agn_lsdr10_d3 bhm_spiders science 0 0 0.0 0.0 -999 ""
FIBERMAP 479 R-1C14 METROLOGY 0 0 0 1 0 0 -4.77467467823884 -22.248961141332536 143.1 22.613103939120332 2.53344483604893 217.89575 89.190475 -999.0 -999.0 -999.0 -999.0 -999.0 199.1680603267297 -8.882314582920914 199.182611403995 -9.028746853609931 55.31597695908181 299.0891663215339 -999.0 6231.0 -999.0 -1 -999 {-999.0 -999.0 -999.0 -999.0 -999.0} "" -999.0 -999.0 -999.0 -999.0 -999 -999 "" "" "" "" 0 0 0.0 0.0 -999 ""
FIBERMAP 480 R+9C15 APOGEE 0 0 0 1 0 0 109.86379122419136 181.3920018481689 143.1 -206.87371920087807 46.6116141093677 168.48253 101.49889 -999.0 -999.0 -999.0 -999.0 -999.0 198.46473021061556 -8.747741698318409 198.47893064000914 -8.894743724648436 54.69216621900826 298.5057004072648 -999.0 16600.0 -999.0 2 -999 {-999.0 -999.0 -999.0 -999.0 -999.0} "" -999.0 -999.0 -999.0 -999.0 -999 -999 "" "" "" "" 0 0 0.0 0.0 -999 ""
FIBERMAP 480 R+9C15 BOSS 1 1 0 1 0 0 109.84008436941615 182.13863402331737 143.1 -207.57419627731727 46.35217785422961 168.48253 101.49889 198.46242480823332 -8.74840482988097 -6.9145603 -3.773351 0.069880985 198.46242427002773 -8.748417999809497 198.4767442328805 -8.89551731601194 54.69097217782239 298.5023105135927 5400.0 5400.0 2016.0 1 237 {-999.0 17.85638 17.798447 17.627117 -999.0} sdss_psfmag_ps1 17.879412 17.582626 17.136965 15.988 63050395165377645 944494025 bright_1x1 openfibertargets_nov2020_6c open_fiber science 0 0 0.0 0.0 -999 ""
FIBERMAP 480 R+9C15 METROLOGY 0 0 0 1 0 0 110.50940055636597 181.7697409208171 143.1 -207.43680850524314 47.103937392097 168.48253 101.49889 -999.0 -999.0 -999.0 -999.0 -999.0 198.46285425860054 -8.746162061180625 198.47713868627693 -8.893234320989738 54.68984052019518 298.50580659587774 -999.0 6231.0 -999.0 -1 -999 {-999.0 -999.0 -999.0 -999.0 -999.0} "" -999.0 -999.0 -999.0 -999.0 -999 -999 "" "" "" "" 0 0 0.0 0.0 -999 ""
FIBERMAP 482 R+7C10 APOGEE 0 0 0 1 0 0 -0.42081569316348855 147.40389423311487 143.1 -139.64354760636348 -47.18009473496617 66.24131 95.82891 -999.0 -999.0 -999.0 -999.0 -999.0 198.669616750351 -9.032496578865985 198.6840882874775 -9.179277771155629 55.028449856525 298.3415708918689 -999.0 16600.0 -999.0 2 137 {-999.0 -999.0 -999.0 -999.0 -999.0} "" -999.0 -999.0 -999.0 -999.0 -999 -999 "" ops_sky_apogee_best_unassigned ops_sky sky_apogee 0 0 0.0 0.0 -999 ""
FIBERMAP 482 R+7C10 BOSS 1 1 0 1 0 0 0.3111230989465188 147.21358835720113 143.1 -139.6953811314391 -46.4256303311961 66.24131 95.82891 198.66928584511626 -9.030121772168732 -0.42120367 0.22238271 0.25552323 198.66927903993192 -9.030135020266298 198.68386703144677 -9.177010758867885 55.02685988293771 298.3444158144265 5400.0 5400.0 2016.0 1 132 {-999.0 20.086475 19.620777 19.245596 19.036062} sdss_fiber2mag_from_lsdr10 19.15617 19.12366 18.150583 -999.0 63050395165375502 1131650956 dark_flexible_3x1 bhm_spiders_agn_lsdr10_d3 bhm_spiders science 0 0 0.0 0.0 -999 ""
FIBERMAP 482 R+7C10 METROLOGY 0 0 0 1 0 0 -0.23901468242224766 146.67748894209313 143.1 -139.012424642021 -46.777163574931315 66.24131 95.82891 -999.0 -999.0 -999.0 -999.0 -999.0 198.67138821704927 -9.031238942945945 198.68594402141377 -9.178086063805347 55.02913182981076 298.3451934864047 -999.0 6231.0 -999.0 -1 -999 {-999.0 -999.0 -999.0 -999.0 -999.0} "" -999.0 -999.0 -999.0 -999.0 -999 -999 "" "" "" "" 0 0 0.0 0.0 -999 ""
FIBERMAP 486 R-1C9 APOGEE 1 1 0 1 0 0 -102.34746419883082 -0.19688679542269583 143.1 32.66835231088724 -96.98944034879052 138.27 64.753654 199.1987937357735 -9.184450880344833 2.0411904 -9.588818 2.1486187 199.19881418485858 -9.184471630097917 199.2135358744905 -9.330763566008795 55.530324828760016 298.71041511194255 16000.0 16600.0 2016.0 2 279 {-999.0 12.330557 12.005519 11.917125 -999.0} sdss_psfmag_from_g3xp 12.288248 12.016315 11.588088 10.859 63050395165369172 974990577 "" ops_std_apogee ops_std standard_apogee 0 0 0.0 0.0 -999 ""
FIBERMAP 486 R-1C9 BOSS 0 0 0 1 0 0 -101.63017290901186 0.016142850114214014 143.1 32.238700788586144 -96.37687074136852 138.27 64.753654 -999.0 -999.0 -999.0 -999.0 -999.0 199.1973973466615 -9.18257496451226 199.2122330486137 -9.328961040718424 55.52819147108075 298.7114613191382 -999.0 5400.0 -999.0 1 458 {-999.0 -999.0 -999.0 -999.0 -999.0} "" -999.0 -999.0 -999.0 -999.0 -999 -999 "" "" "" "" 0 0 0.0 0.0 -999 ""
FIBERMAP 486 R-1C9 METROLOGY 0 0 0 1 0 0 -101.81519489617259 -0.7241172762731694 143.1 32.999379045151294 -96.31738580769714 138.27 64.753654 -999.0 -999.0 -999.0 -999.0 -999.0 199.1997724337258 -9.182430666424226 199.21457574458998 -9.328788405255516 55.52987959306368 298.71426831714143 -999.0 6231.0 -999.0 -1 -999 {-999.0 -999.0 -999.0 -999.0 -999.0} "" -999.0 -999.0 -999.0 -999.0 -999 -999 "" "" "" "" 0 0 0.0 0.0 -999 ""
FIBERMAP 491 R+1C18 APOGEE 0 0 0 1 0 0 112.2510672014527 11.92931589345531 143.1 -46.93680771119647 102.6571436028384 331.18747 113.205025 -999.0 -999.0 -999.0 -999.0 -999.0 198.9548107831747 -8.578332616552935 198.96898528483257 -8.72493286197444 54.9600458742079 299.2655556696083 -999.0 16600.0 -999.0 2 79 {-999.0 -999.0 -999.0 -999.0 -999.0} "" -999.0 -999.0 -999.0 -999.0 -999 -999 "" ops_sky_apogee_best_unassigned ops_sky sky_apogee 0 0 0.0 0.0 -999 ""
FIBERMAP 491 R+1C18 BOSS 1 1 0 1 0 0 112.18544970826396 11.183927868212786 143.1 -46.2091618590933 102.8314823708296 331.18747 113.205025 198.9569091796875 -8.577646518210344 -999.0 -999.0 -999.0 198.95690227088198 -8.577655284518059 198.97119403644422 -8.724349360679888 54.96135979667448 299.26875801865066 5400.0 5400.0 2015.5 1 240 {-999.0 -999.0 -999.0 -999.0 -999.0} "" -999.0 -999.0 -999.0 -999.0 27021603139618267 811721545 "" ops_sky_boss_good ops_sky sky_boss 0 0 0.0 0.0 -999 ""
FIBERMAP 491 R+1C18 METROLOGY 0 0 0 1 0 0 111.57183427057358 11.623192385280214 143.1 -46.43095752291375 102.11020805463063 331.18747 113.205025 -999.0 -999.0 -999.0 -999.0 -999.0 198.956246288648 -8.57985818431276 198.97050642156103 -8.726525411922797 54.96221894542141 299.26508000030003 -999.0 6231.0 -999.0 -1 -999 {-999.0 -999.0 -999.0 -999.0 -999.0} "" -999.0 -999.0 -999.0 -999.0 -999 -999 "" "" "" "" 0 0 0.0 0.0 -999 ""
FIBERMAP 492 R-4C12 APOGEE 0 0 0 1 0 0 13.21488802822858 -77.88946549364334 143.1 69.66544081042302 37.25064337093303 358.98547 116.999146 -999.0 -999.0 -999.0 -999.0 -999.0 199.31270892878695 -8.777063373537368 199.32712392693054 -8.923314994989019 55.35929927982848 299.39174596710257 -999.0 16600.0 -999.0 2 -999 {-999.0 -999.0 -999.0 -999.0 -999.0} "" -999.0 -999.0 -999.0 -999.0 -999 -999 "" "" "" "" 0 0 0.0 0.0 -999 ""
FIBERMAP 492 R-4C12 BOSS 1 1 0 1 0 0 13.560932240866098 -78.56433904498193 143.1 70.19557304409828 37.792965214057645 358.98547 116.999146 199.3142773795414 -8.775292002147925 -999.0 -999.0 -999.0 199.3142630095697 -8.775301448328669 199.32879252420526 -8.921646211028273 55.35950834908315 299.39585611051865 5400.0 5400.0 2016.0 1 408 {-999.0 20.867445 19.81176 19.379057 19.030186} sdss_fiber2mag_from_lsdr10 19.75297 21.65213 18.019901 15.74 63050395165381570 1128414604 dark_flexible_3x1 bhm_spiders_clusters_lsdr10_d3 bhm_spiders science 0 0 0.0 0.0 -999 ""
FIBERMAP 492 R-4C12 METROLOGY 0 0 0 1 0 0 12.810532327053 -78.51874657847182 143.1 70.39049133342418 37.06692206432037 358.98547 116.999146 -999.0 -999.0 -999.0 -999.0 -999.0 199.3149009130138 -8.777529450998726 199.32939963338742 -8.92384658154206 55.36137155173556 299.39354224892634 -999.0 6231.0 -999.0 -1 -999 {-999.0 -999.0 -999.0 -999.0 -999.0} "" -999.0 -999.0 -999.0 -999.0 -999 -999 "" "" "" "" 0 0 0.0 0.0 -999 ""
FIBERMAP 494 R+10C13 APOGEE 0 0 0 1 0 0 97.82171118541885 175.19990491438764 143.1 -197.18025391470383 37.15776469247374 348.33334 48.313496 -999.0 -999.0 -999.0 -999.0 -999.0 198.49419955351706 -8.776419821964248 198.50842899247652 -8.923392035024685 54.732838524072115 298.4988255385567 -999.0 16600.0 -999.0 2 -999 {-999.0 -999.0 -999.0 -999.0 -999.0} "" -999.0 -999.0 -999.0 -999.0 -999 -999 "" "" "" "" 0 0 0.0 0.0 -999 ""
FIBERMAP 494 R+10C13 BOSS 1 1 0 1 0 0 97.23258258688719 174.7295109146921 143.1 -196.54722881295274 36.74840535201775 348.33334 48.313496 198.49596504051266 -8.7775537971238 -1.0163873 0.2843012 0.5089067 198.49595312117836 -8.777557405090961 198.5103031942125 -8.924623162368468 54.735052454759135 298.49918171695913 5400.0 5400.0 2016.0 1 103 {-999.0 19.887062 19.81421 19.750801 19.695631} sdss_psfmag_from_lsdr10 19.887972 19.877588 19.356133 -999.0 63050395165377611 1131653012 dark_flexible_3x1 bhm_spiders_agn_lsdr10_d3 bhm_spiders science 0 0 0.0 0.0 -999 ""
FIBERMAP 494 R+10C13 METROLOGY 0 0 0 1 0 0 97.1276759560276 175.47885529915158 143.1 -197.22450768121215 36.411109897031075 348.33334 48.313496 -999.0 -999.0 -999.0 -999.0 -999.0 198.49388875773997 -8.778597744302667 198.50820536291053 -8.925638136944036 54.73407794041327 298.4955587742543 -999.0 6231.0 -999.0 -1 -999 {-999.0 -999.0 -999.0 -999.0 -999.0} "" -999.0 -999.0 -999.0 -999.0 -999 -999 "" "" "" "" 0 0 0.0 0.0 -999 ""
FIBERMAP 496 R-9C5 APOGEE 0 0 1 1 0 0 -99.31895841743605 -167.0906824603304 143.1 189.9657850878998 -41.15113840959517 13.450047 167.89096 -999.0 -999.0 -999.0 -999.0 -999.0 199.68135930737017 -9.014781795851592 199.69605721207995 -9.160664264437884 55.791378505083976 299.4782608812193 -999.0 16600.0 -999.0 2 268 {-999.0 -999.0 -999.0 -999.0 -999.0} "" -999.0 -999.0 -999.0 -999.0 -999 -999 "" ops_sky_apogee_best_unassigned ops_sky sky_apogee 0 0 0.0 0.0 -999 ""
FIBERMAP 496 R-9C5 BOSS 1 0 1 1 0 0 -98.56562172145108 -167.1188348273584 143.1 189.75339702743798 -40.42784533178092 13.450047 167.89096 199.67102050781247 -9.068380140407044 -999.0 -999.0 -999.0 199.68065426754606 -9.012510640904987 199.6954639181888 -9.158486881989635 55.789540478931464 299.48058387636985 5400.0 5400.0 2015.5 1 364 {-999.0 -999.0 -999.0 -999.0 -999.0} "" -999.0 -999.0 -999.0 -999.0 27021603139613275 811720807 "" ops_sky_boss_good ops_sky sky_boss 0 0 0.0 0.0 -999 ""
FIBERMAP 496 R-9C5 METROLOGY 0 0 1 1 0 0 -98.96815466628432 -167.76136228668983 143.1 190.49043006533822 -40.60563423789463 13.450047 167.89096 -999.0 -999.0 -999.0 -999.0 -999.0 199.68296435254584 -9.013077558955517 199.6977427667407 -9.159025310829628 55.79161809309693 299.4823934056103 -999.0 6231.0 -999.0 -1 -999 {-999.0 -999.0 -999.0 -999.0 -999.0} "" -999.0 -999.0 -999.0 -999.0 -999 -999 "" "" "" "" 0 0 0.0 0.0 -999 ""
FIBERMAP 499 R+7C3 APOGEE 0 0 0 1 0 0 -161.09765951330894 128.10937230357536 143.1 -70.35389804447209 -193.41995766935995 288.22638 139.03822 -999.0 -999.0 -999.0 -999.0 -999.0 198.88205603255665 -9.475713787015703 198.89693447347304 -9.622242483557931 55.46891561798391 297.96406613479195 -999.0 16600.0 -999.0 2 17 {-999.0 -999.0 -999.0 -999.0 -999.0} "" -999.0 -999.0 -999.0 -999.0 -999 -999 "" ops_sky_apogee_best_unassigned ops_sky sky_apogee 0 0 0.0 0.0 -999 ""
FIBERMAP 499 R+7C3 BOSS 1 1 0 1 0 0 -161.38843676305933 127.44394253848907 143.1 -69.63061519373615 -193.48450478452145 288.22638 139.03822 198.88412475585938 -9.475866652946081 -999.0 -999.0 -999.0 198.88414107785684 -9.47587275668278 198.89913736426195 -9.622491257246416 55.47077169229888 297.9661037413405 5400.0 5400.0 2015.5 1 27 {-999.0 -999.0 -999.0 -999.0 -999.0} "" -999.0 -999.0 -999.0 -999.0 27021603139608130 811719961 "" ops_sky_boss_good ops_sky sky_boss 0 0 0.0 0.0 -999 ""
FIBERMAP 499 R+7C3 METROLOGY 0 0 0 1 0 0 -161.84505538119092 128.05968603586075 143.1 -70.06958420126585 -194.11291393010188 288.22638 139.03822 -999.0 -999.0 -999.0 -999.0 -999.0 198.88281696354534 -9.477817602730353 198.89778127237093 -9.624410995604892 55.47091740954836 297.9619844859971 -999.0 6231.0 -999.0 -1 -999 {-999.0 -999.0 -999.0 -999.0 -999.0} "" -999.0 -999.0 -999.0 -999.0 -999 -999 "" "" "" "" 0 0 0.0 0.0 -999 ""
FIBERMAP 500 R-7C10 APOGEE 0 0 0 1 0 0 4.677642238121322 -137.1173044846032 143.1 128.53822015168825 47.95205112126783 15.690984 95.41254 -999.0 -999.0 -999.0 -999.0 -999.0 199.49325854571214 -8.744697987657977 199.5076877620013 -8.890791981210448 55.47597026293084 299.63630093961314 -999.0 16600.0 -999.0 2 190 {-999.0 -999.0 -999.0 -999.0 -999.0} "" -999.0 -999.0 -999.0 -999.0 -999 -999 "" ops_sky_apogee_best_unassigned ops_sky sky_apogee 0 0 0.0 0.0 -999 ""
FIBERMAP 500 R-7C10 BOSS 1 1 0 1 0 0 4.943721430509989 -137.7776838167212 143.1 129.07998632403562 48.41394541833915 15.690984 95.41254 199.49481591456367 -8.743185195243337 -60.50549 1.3647681 1.4826679 199.4948637881051 -8.743180895554973 199.5094069185012 -8.889367868879983 55.476367120265664 299.6401487000981 5400.0 5400.0 2016.0 1 388 {-999.0 17.40402 16.377886 15.854689 -999.0} sdss_psfmag_ps1 17.009459 16.307322 15.492604 13.822 63050395165382144 1136360231 dark_flexible_3x1 mwm_halo_local_high_boss_triple mwm_halo science 0 0 0.7939612865447998 0.0 -999 ""
FIBERMAP 500 R-7C10 METROLOGY 0 0 0 1 0 0 4.214761041066 -137.70354680961344 143.1 129.24103280383252 47.69917341520204 15.690984 95.41254 -999.0 -999.0 -999.0 -999.0 -999.0 199.49540614886948 -8.745370752133534 199.5099186762228 -8.891530200020346 55.4781375540484 299.6377834294068 -999.0 6231.0 -999.0 -1 -999 {-999.0 -999.0 -999.0 -999.0 -999.0} "" -999.0 -999.0 -999.0 -999.0 -999 -999 "" "" "" "" 0 0 0.0 0.0 -999 ""
FIBERMAP 502 R+1C22 APOGEE 0 0 0 1 0 0 183.09054838672034 10.825271155109117 143.1 -68.37196262321972 170.18172088763666 214.2161 131.79938 -999.0 -999.0 -999.0 -999.0 -999.0 198.88956100853335 -8.373963500335167 198.9035584228701 -8.520652554165364 54.78004727781653 299.4675881088815 -999.0 16600.0 -999.0 2 81 {-999.0 -999.0 -999.0 -999.0 -999.0} "" -999.0 -999.0 -999.0 -999.0 -999 -999 "" ops_sky_apogee_best_unassigned ops_sky sky_apogee 0 0 0.0 0.0 -999 ""
FIBERMAP 502 R+1C22 BOSS 1 1 0 1 0 0 182.3475905774929 11.010763103905694 143.1 -68.31206718093999 169.4183353784094 214.2161 131.79938 198.88961791992188 -8.376112501877074 -999.0 -999.0 -999.0 198.88959715709208 -8.376115521138697 198.90371407643443 -8.522900771010118 54.781600610869894 299.46475722984314 5400.0 5400.0 2015.5 1 245 {-999.0 -999.0 -999.0 -999.0 -999.0} "" -999.0 -999.0 -999.0 -999.0 27021603139619246 811721633 "" ops_sky_boss_good ops_sky sky_boss 0 0 0.0 0.0 -999 ""
FIBERMAP 502 R+1C22 METROLOGY 0 0 0 1 0 0 182.8835517541214 11.547874423161312 143.1 -68.99148403889872 169.75610438168468 214.2161 131.79938 -999.0 -999.0 -999.0 -999.0 -999.0 198.8875437376366 -8.375100421813476 198.90162605097566 -8.521860275957069 54.7793467985545 299.46386115170384 -999.0 6231.0 -999.0 -1 -999 {-999.0 -999.0 -999.0 -999.0 -999.0} "" -999.0 -999.0 -999.0 -999.0 -999 -999 "" "" "" "" 0 0 0.0 0.0 -999 ""
FIBERMAP 504 R+7C15 APOGEE 0 0 0 1 0 0 85.9867788491471 121.55523133465178 143.1 -142.55518748778425 42.9602013489629 280.48358 48.30894 -999.0 -999.0 -999.0 -999.0 -999.0 198.66123413022095 -8.75908050254569 198.67548752319988 -8.905910501997703 54.85010131578384 298.7025281304829 -999.0 16600.0 -999.0 2 -999 {-999.0 -999.0 -999.0 -999.0 -999.0} "" -999.0 -999.0 -999.0 -999.0 -999 -999 "" "" "" "" 0 0 0.0 0.0 -999 ""
FIBERMAP 504 R+7C15 BOSS 1 1 0 1 0 0 85.35911253362073 121.94339817194899 143.1 -142.72407002873422 42.241819848276265 280.48358 48.30894 198.66052051587127 -8.761184598254705 -0.90813804 0.53435624 -0.99860996 198.66052872961995 -8.761144110194827 198.67490219517526 -8.908069516085545 54.85101301964257 298.6989834375702 5400.0 5400.0 2016.0 1 195 {-999.0 20.180933 19.97657 19.8594 19.761944} sdss_psfmag_from_lsdr10 20.086184 19.997498 19.578362 -999.0 63050395165376249 1131653017 dark_flexible_3x1 bhm_spiders_agn_lsdr10_d3 bhm_spiders science 0 0 0.0 0.0 -999 ""
FIBERMAP 504 R+7C15 METROLOGY 0 0 0 1 0 0 86.00399837439689 122.30302923833048 143.1 -143.26975863746486 42.73920394750341 280.48358 48.30894 -999.0 -999.0 -999.0 -999.0 -999.0 198.65887932249413 -8.759655572758147 198.67321763779933 -8.906555695135365 54.84876683529801 298.69920321911076 -999.0 6231.0 -999.0 -1 -999 {-999.0 -999.0 -999.0 -999.0 -999.0} "" -999.0 -999.0 -999.0 -999.0 -999 -999 "" "" "" "" 0 0 0.0 0.0 -999 ""
FIBERMAP 508 R-3C10 APOGEE 0 0 0 1 0 0 -69.66490586611654 -59.465501286068275 143.1 78.49801400205759 -47.1880329012402 189.18874 113.29677 -999.0 -999.0 -999.0 -999.0 -999.0 199.33977223964018 -9.033397150796862 199.35440408153568 -9.179585725092041 55.542778476638155 299.0727052672829 -999.0 16600.0 -999.0 2 -999 {-999.0 -999.0 -999.0 -999.0 -999.0} "" -999.0 -999.0 -999.0 -999.0 -999 -999 "" "" "" "" 0 0 0.0 0.0 -999 ""
FIBERMAP 508 R-3C10 BOSS 1 1 0 1 0 0 -70.09455610757543 -58.823287334817834 143.1 78.02538528454009 -47.799269869535635 189.18874 113.29677 199.3382367244032 -9.035180679534571 -999.0 -999.0 -999.0 199.33824959653873 -9.035186587218474 199.35299790124918 -9.181469340392141 55.542895842781434 299.0685748826288 5400.0 5400.0 2016.0 1 494 {-999.0 19.642187 18.901705 18.471352 18.15996} sdss_fiber2mag_from_lsdr10 18.72889 20.04515 17.40469 15.232 63050395165380821 1058904415 dark_flexible_2x1 bhm_spiders_agn_lsdr10 bhm_spiders science 0 0 0.0 0.0 -999 ""
FIBERMAP 508 R-3C10 METROLOGY 0 0 0 1 0 0 -69.3256270754998 -58.79887686479815 143.1 77.75820554517198 -47.07787289702711 189.18874 113.29677 -999.0 -999.0 -999.0 -999.0 -999.0 199.33747016291872 -9.033027947936446 199.35218381803418 -9.17928535502146 55.54089139898604 299.0706644969176 -999.0 6231.0 -999.0 -1 -999 {-999.0 -999.0 -999.0 -999.0 -999.0} "" -999.0 -999.0 -999.0 -999.0 -999 -999 "" "" "" "" 0 0 0.0 0.0 -999 ""
FIBERMAP 510 R-3C24 APOGEE 0 0 0 1 0 0 273.7359731578223 -72.91375429458388 143.1 -17.73347819257091 282.7130380582232 27.681816 25.673485 -999.0 -999.0 -999.0 -999.0 -999.0 199.04516855172886 -8.03542796854126 199.05892679007025 -8.182031777495638 54.680758862714946 300.08824240873565 -999.0 16600.0 -999.0 2 238 {-999.0 -999.0 -999.0 -999.0 -999.0} "" -999.0 -999.0 -999.0 -999.0 -999 -999 "" ops_sky_apogee_best_unassigned ops_sky sky_apogee 0 0 0.0 0.0 -999 ""
FIBERMAP 510 R-3C24 BOSS 1 1 0 1 0 0 273.34902599767696 -73.54212924750809 143.1 -17.014811804567085 282.54553698511023 27.681816 25.673485 199.04707192019794 -8.035818137106585 -16.992628 -1.7472701 0.53457034 199.04724579006572 -8.035857010284921 199.06112204565773 -8.182556814536442 54.682758388731656 300.08997137455106 5400.0 5400.0 2016.0 1 348 {-999.0 16.381557 15.935285 15.838633 -999.0} sdss_psfmag_ps1 16.303831 15.962562 15.451687 14.628 63050395165390487 1136360057 dark_flexible_3x1 mwm_halo_local_high_boss_triple mwm_halo science 0 0 0.7987112402915955 0.0 -999 ""
FIBERMAP 510 R-3C24 METROLOGY 0 0 0 1 0 0 273.0024636680712 -72.8729183816534 143.1 -17.539409911626088 282.0045209792549 27.681816 25.673485 -999.0 -999.0 -999.0 -999.0 -999.0 199.04567166294422 -8.037446417524052 199.05951565818634 -8.184119622737498 54.682550451346096 300.08613165675604 -999.0 6231.0 -999.0 -1 -999 {-999.0 -999.0 -999.0 -999.0 -999.0} "" -999.0 -999.0 -999.0 -999.0 -999 -999 "" "" "" "" 0 0 0.0 0.0 -999 ""
FIBERMAP 511 R-1C13 APOGEE 0 0 0 1 0 0 -1.04909337634491 -31.323317521809262 143.1 30.035571401563335 8.946157998816863 329.52975 96.7498 -999.0 -999.0 -999.0 -999.0 -999.0 199.19095048328913 -8.862925162307818 199.20540778312943 -9.009272636280539 55.321051730080335 299.14071605138884 -999.0 16600.0 -999.0 2 180 {-999.0 -999.0 -999.0 -999.0 -999.0} "" -999.0 -999.0 -999.0 -999.0 -999 -999 "" ops_sky_apogee_best_unassigned ops_sky sky_apogee 0 0 0.0 0.0 -999 ""
FIBERMAP 511 R-1C13 BOSS 1 1 0 1 0 0 -1.3528076908676816 -32.00129362546297 143.1 30.774857223879646 8.873324979906554 329.52975 96.7498 199.19311523437497 -8.863041866649425 -999.0 -999.0 -999.0 199.19312645083247 -8.86304801924647 199.20770046112 -9.009487552075885 55.32293911098094 299.1429471795658 5400.0 5400.0 2015.5 1 431 {-999.0 -999.0 -999.0 -999.0 -999.0} "" -999.0 -999.0 -999.0 -999.0 27021603139614501 811720978 "" ops_sky_boss_good ops_sky sky_boss 0 0 0.0 0.0 -999 ""
FIBERMAP 511 R-1C13 METROLOGY 0 0 0 1 0 0 -1.7913747999543475 -31.398879684068994 143.1 30.342799147022937 8.266263698063167 329.52975 96.7498 -999.0 -999.0 -999.0 -999.0 -999.0 199.19183279578496 -8.864917037993212 199.20637512997962 -9.0113307926728 55.32309542921418 299.1389831500597 -999.0 6231.0 -999.0 -1 -999 {-999.0 -999.0 -999.0 -999.0 -999.0} "" -999.0 -999.0 -999.0 -999.0 -999 -999 "" "" "" "" 0 0 0.0 0.0 -999 ""
FIBERMAP 512 R+9C8 APOGEE 0 0 0 1 0 0 -30.270198899570005 164.53327179735152 143.1 -146.41344451747892 -80.92133724453802 266.94955 136.16454 -999.0 -999.0 -999.0 -999.0 -999.0 198.64878048721238 -9.13470247633623 198.66332799999907 -9.281486354924446 55.07637447879714 298.1799638569507 -999.0 16600.0 -999.0 2 134 {-999.0 -999.0 -999.0 -999.0 -999.0} "" -999.0 -999.0 -999.0 -999.0 -999 -999 "" ops_sky_apogee_best_unassigned ops_sky sky_apogee 0 0 0.0 0.0 -999 ""
FIBERMAP 512 R+9C8 BOSS 1 1 0 1 0 0 -30.797267814059715 164.00579578733849 143.1 -145.74598653603002 -81.25373200233985 266.94955 136.16454 198.65066528320312 -9.135671543415114 -999.0 -999.0 -999.0 198.65064854278688 -9.135654574612104 198.66531569313406 -9.282530132100542 55.07855844808756 298.1806795993011 5400.0 5400.0 2015.5 1 129 {-999.0 -999.0 -999.0 -999.0 -999.0} "" -999.0 -999.0 -999.0 -999.0 27021603139611181 811720485 "" ops_sky_boss_good ops_sky sky_boss 0 0 0.0 0.0 -999 ""
FIBERMAP 512 R+9C8 METROLOGY 0 0 0 1 0 0 -30.988717273533815 164.73603385212306 143.1 -146.37768186935867 -81.66702878660247 266.94955 136.16454 -999.0 -999.0 -999.0 -999.0 -999.0 198.64872813171593 -9.136936406442903 198.6633622762173 -9.283786956311172 55.07783749506746 298.1768618653674 -999.0 6231.0 -999.0 -1 -999 {-999.0 -999.0 -999.0 -999.0 -999.0} "" -999.0 -999.0 -999.0 -999.0 -999 -999 "" "" "" "" 0 0 0.0 0.0 -999 ""
FIBERMAP 513 R+2C25 APOGEE 0 0 0 1 0 0 277.8627808810758 55.565161226528886 143.1 -140.87450357726004 245.85142264920125 105.96047 66.092125 -999.0 -999.0 -999.0 -999.0 -999.0 198.6690615197304 -8.146278999807366 198.6828344963467 -8.293196247283737 54.466755207705646 299.52895062760103 -999.0 16600.0 -999.0 2 108 {-999.0 -999.0 -999.0 -999.0 -999.0} "" -999.0 -999.0 -999.0 -999.0 -999 -999 "" ops_sky_apogee_best_unassigned ops_sky sky_apogee 0 0 0.0 0.0 -999 ""
FIBERMAP 513 R+2C25 BOSS 1 1 0 1 0 0 278.58265144873684 55.485720505155705 143.1 -141.02763595657584 246.55925836614054 105.96047 66.092125 198.66851806640625 -8.144065042128474 -999.0 -999.0 -999.0 198.66850213778918 -8.144080461439131 198.68239222889076 -8.291096408037438 54.465076183254816 299.5312473336122 5400.0 5400.0 2015.5 1 184 {-999.0 -999.0 -999.0 -999.0 -999.0} "" -999.0 -999.0 -999.0 -999.0 27021603139619627 811721759 "" ops_sky_boss_good ops_sky sky_boss 0 0 0.0 0.0 -999 ""
FIBERMAP 513 R+2C25 METROLOGY 0 0 0 1 0 0 278.14081883001273 54.87290354165325 143.1 -140.30630377154355 246.33477406734232 105.96047 66.092125 -999.0 -999.0 -999.0 -999.0 -999.0 198.67070006288643 -8.144726771038371 198.6845573759847 -8.29171296246128 54.46711778193071 299.53278860144155 -999.0 6231.0 -999.0 -1 -999 {-999.0 -999.0 -999.0 -999.0 -999.0} "" -999.0 -999.0 -999.0 -999.0 -999 -999 "" "" "" "" 0 0 0.0 0.0 -999 ""
FIBERMAP 516 R+10C9 APOGEE 0 0 0 1 0 0 -15.736326549209197 187.06955387593288 143.1 -172.39624521760706 -74.29171902860051 233.33437 84.41239 -999.0 -999.0 -999.0 -999.0 -999.0 198.5692607000939 -9.114330129588096 198.5837729054116 -9.261186121651825 55.00236248132214 298.1221082184366 -999.0 16600.0 -999.0 2 -999 {-999.0 -999.0 -999.0 -999.0 -999.0} "" -999.0 -999.0 -999.0 -999.0 -999 -999 "" "" "" "" 0 0 0.0 0.0 -999 ""
FIBERMAP 516 R+10C9 BOSS 1 1 0 1 0 0 -16.279651870778856 187.55904029542603 143.1 -172.687971988437 -74.9622788422505 233.33437 84.41239 198.56820089265454 -9.11628392207707 -0.8678309 -1.1910179 0.11074996 198.5681924250356 -9.116287590915485 198.58282473612985 -9.263237845762793 55.00291140647743 298.1182946434914 5400.0 5400.0 2016.0 1 126 {-999.0 20.770956 20.546907 20.443766 20.36442} sdss_psfmag_from_lsdr10 20.56017 20.5478 19.996843 -999.0 63050395165375439 1131650952 dark_flexible_3x1 bhm_spiders_agn_lsdr10_d3 bhm_spiders science 0 0 0.0 0.0 -999 ""
FIBERMAP 516 R+10C9 METROLOGY 0 0 0 1 0 0 -15.578399451162879 187.8006880965099 143.1 -173.13967074083902 -74.37400068399815 233.33437 84.41239 -999.0 -999.0 -999.0 -999.0 -999.0 198.5668222819081 -9.114536874427976 198.5814192154677 -9.261462053204989 55.00071935410741 298.11920505067064 -999.0 6231.0 -999.0 -1 -999 {-999.0 -999.0 -999.0 -999.0 -999.0} "" -999.0 -999.0 -999.0 -999.0 -999 -999 "" "" "" "" 0 0 0.0 0.0 -999 ""
FIBERMAP 517 R+13C10 APOGEE 0 0 0 1 0 0 70.13139289198844 243.61049473959284 143.1 -253.26324747856515 -10.81106152237913 351.68768 90.579636 -999.0 -999.0 -999.0 -999.0 -999.0 198.32293786605013 -8.921238630641634 198.3372409335658 -9.068336149304727 54.691837740014904 298.11989927478237 -999.0 16600.0 -999.0 2 97 {-999.0 -999.0 -999.0 -999.0 -999.0} "" -999.0 -999.0 -999.0 -999.0 -999 -999 "" "" "" "" 0 0 0.0 0.0 -999 ""
FIBERMAP 517 R+13C10 BOSS 1 1 0 1 0 0 69.99017053061306 242.87138076340494 143.1 -252.51755660175 -10.71040693976682 351.68768 90.579636 198.3250943365064 -8.92078829411035 0.18895233 -0.6720987 -2.2242403 198.32507045403455 -8.920847197926225 198.33949376454882 -9.068037748471065 54.69338888780944 298.12270636278527 5400.0 5400.0 2016.0 1 171 {-999.0 20.97602 20.686243 20.419434 20.19954} sdss_psfmag_from_gaiadr2 21.084469 20.74235 20.179731 -999.0 63050395165377378 1130021817 dark_flexible_3x1 bhm_gua_dark_d3 bhm_filler science 0 0 0.0 0.0 -999 ""
FIBERMAP 517 R+13C10 METROLOGY 0 0 0 1 0 0 69.42816875398962 243.36488750782772 143.1 -252.8071684022637 -11.39995279024253 351.68768 90.579636 -999.0 -999.0 -999.0 -999.0 -999.0 198.3241736599434 -8.922959282618839 198.33856438045166 -9.07012340930605 54.69397460117195 298.1188961673833 -999.0 6231.0 -999.0 -1 -999 {-999.0 -999.0 -999.0 -999.0 -999.0} "" -999.0 -999.0 -999.0 -999.0 -999 -999 "" "" "" "" 0 0 0.0 0.0 -999 ""
FIBERMAP 519 R-5C15 APOGEE 0 0 0 1 0 0 80.8691328035312 -107.78897826534639 143.1 76.54674089598913 110.89350669934822 266.5701 132.8987 -999.0 -999.0 -999.0 -999.0 -999.0 199.33372195473146 -8.553736534718169 199.34795871503434 -8.700003282024966 55.23260899399572 299.71676453616243 -999.0 16600.0 -999.0 2 -999 {-999.0 -999.0 -999.0 -999.0 -999.0} "" -999.0 -999.0 -999.0 -999.0 -999 -999 "" "" "" "" 0 0 0.0 0.0 -999 ""
FIBERMAP 519 R-5C15 BOSS 1 1 0 1 0 0 80.32478074766608 -108.25533157849584 143.1 77.16172380658487 110.52532474950472 266.5701 132.8987 199.33536346261351 -8.554637773545176 -25.160383 -25.66638 0.6188472 199.33553026904647 -8.554705786132423 199.349883853635 -8.701065990752527 55.234751297066964 299.7174687181432 5400.0 5400.0 2016.0 1 281 {-999.0 15.988746 15.564676 15.5415945 -999.0} sdss_psfmag_ps1 15.879145 15.598223 15.1486025 14.294 63050395165388004 1136360007 dark_flexible_3x1 mwm_halo_local_high_boss_triple mwm_halo science 0 0 0.8825256824493408 0.0 -999 ""
FIBERMAP 519 R-5C15 METROLOGY 0 0 0 1 0 0 80.16852629762303 -107.52696921841242 143.1 76.52063741189711 110.14599724286893 266.5701 132.8987 -999.0 -999.0 -999.0 -999.0 -999.0 199.3336066644179 -8.555867627852043 199.3479280177612 -8.702202393099256 55.233993223800255 299.71376741084856 -999.0 6231.0 -999.0 -1 -999 {-999.0 -999.0 -999.0 -999.0 -999.0} "" -999.0 -999.0 -999.0 -999.0 -999 -999 "" "" "" "" 0 0 0.0 0.0 -999 ""
FIBERMAP 520 R+1C14 APOGEE 0 0 0 1 0 0 11.13042534679116 7.978334723684858 143.1 -11.097953098845855 8.022472490847585 256.1063 131.24858 -999.0 -999.0 -999.0 -999.0 -999.0 199.06451936977692 -8.86562660573621 199.07894970864822 -9.012086087404565 55.226178176597635 298.9980352778642 -999.0 16600.0 -999.0 2 121 {-999.0 -999.0 -999.0 -999.0 -999.0} "" -999.0 -999.0 -999.0 -999.0 -999 -999 "" ops_sky_apogee_best_unassigned ops_sky sky_apogee 0 0 0.0 0.0 -999 ""
FIBERMAP 520 R+1C14 BOSS 1 1 0 1 0 0 10.444828158825846 7.677058545431196 143.1 -10.594679634054408 7.46796359729217 256.1063 131.24858 199.06587450966455 -8.867204451425994 22.540665 -8.087625 2.8644192 199.06594117030033 -8.867212960522936 199.08048980544436 -9.013765090051974 55.22841839010946 298.9974427925953 5400.0 5400.0 2016.0 1 101 {-999.0 18.69638 19.15966 19.269566 -999.0} sdss_psfmag_ps1 18.891033 18.84088 18.844976 -999.0 63050395165386883 1143554079 dark_1x3 mwm_wd_pwd_boss_1x3 mwm_wd science 0 0 0.0 0.0 -999 ""
FIBERMAP 520 R+1C14 METROLOGY 0 0 0 1 0 0 10.523669537949921 8.4227681155531 143.1 -11.326827211942502 7.306062453379176 256.1063 131.24858 -999.0 -999.0 -999.0 -999.0 -999.0 199.06372192608015 -8.867728691929553 199.0782374062636 -9.014256030291751 55.227006187547026 298.99430841217395 -999.0 6231.0 -999.0 -1 -999 {-999.0 -999.0 -999.0 -999.0 -999.0} "" -999.0 -999.0 -999.0 -999.0 -999 -999 "" "" "" "" 0 0 0.0 0.0 -999 ""
FIBERMAP 521 R+12C7 APOGEE 0 0 0 1 0 0 -23.422736709394663 252.8155082607162 143.1 -232.30104322975865 -102.44598918497952 143.76138 55.6933 -999.0 -999.0 -999.0 -999.0 -999.0 198.38637449696668 -9.198652667165176 198.4009084614769 -9.345653735679981 54.91370191772334 297.8113383914669 -999.0 16600.0 -999.0 2 -999 {-999.0 -999.0 -999.0 -999.0 -999.0} "" -999.0 -999.0 -999.0 -999.0 -999 -999 "" "" "" "" 0 0 0.0 0.0 -999 ""
FIBERMAP 521 R+12C7 BOSS 1 1 0 1 0 0 -22.731807159144566 253.0509959057498 143.1 -232.74362442491994 -101.86554475575362 143.76138 55.6933 198.3849070337571 -9.19680656238073 -999.0 -999.0 -999.0 198.38489485257605 -9.196802862105756 198.3995466283726 -9.343898977177268 54.9115590117376 297.8122797764424 5400.0 5400.0 2016.0 1 162 {-999.0 21.967949 21.399576 20.976053 20.669495} sdss_fiber2mag_from_lsdr10 1e+20 1e+20 1e+20 -999.0 63050399060407808 1131648971 dark_flexible_3x1 bhm_spiders_agn_lsdr10_d3 bhm_spiders science 0 0 0.0 0.0 -999 ""
FIBERMAP 521 R+12C7 METROLOGY 0 0 0 1 0 0 -22.85249259918965 252.33144228218373 143.1 -232.0229995627024 -101.75162364823564 143.76138 55.6933 -999.0 -999.0 -999.0 -999.0 -999.0 198.38708075392967 -9.19651568594021 198.40169893441362 -9.34358346945213 54.913027811729656 297.8150041321646 -999.0 6231.0 -999.0 -1 -999 {-999.0 -999.0 -999.0 -999.0 -999.0} "" -999.0 -999.0 -999.0 -999.0 -999 -999 "" "" "" "" 0 0 0.0 0.0 -999 ""
FIBERMAP 522 R-4C13 APOGEE 0 0 0 1 0 0 18.123661715742358 -83.83192362607858 143.1 73.74255133117431 43.79137014544704 154.58113 173.29971 -999.0 -999.0 -999.0 -999.0 -999.0 199.3252223942912 -8.757219150821367 199.3396239599034 -8.903462560826894 55.35618074754938 299.43250757608604 -999.0 16600.0 -999.0 2 -999 {-999.0 -999.0 -999.0 -999.0 -999.0} "" -999.0 -999.0 -999.0 -999.0 -999 -999 "" "" "" "" 0 0 0.0 0.0 -999 ""
FIBERMAP 522 R-4C13 BOSS 1 1 0 1 0 0 17.503775967920177 -83.42678932159656 143.1 73.55510994194114 43.07498173472282 154.58113 173.29971 199.32457073760858 -8.759281786282566 0.7511008 -0.16910501 0.19616108 199.32457549072925 -8.75927338487102 199.33909416456697 -8.905611390269785 55.35714588621631 299.4290070016947 5400.0 5400.0 2016.0 1 406 {-999.0 19.572546 19.414932 19.36871 19.346888} sdss_psfmag_from_lsdr10 19.62005 19.535234 19.19877 -999.0 63050395165381571 1131653026 dark_flexible_3x1 bhm_spiders_agn_lsdr10_d3 bhm_spiders science 0 0 0.0 0.0 -999 ""
FIBERMAP 522 R-4C13 METROLOGY 0 0 0 1 0 0 18.149918571403663 -83.08438848019787 143.1 73.02536119841842 43.579025866302764 154.58113 173.29971 -999.0 -999.0 -999.0 -999.0 -999.0 199.32298827710085 -8.757764996015032 199.3374726097088 -8.904077929097989 55.35493415853864 299.42929173326274 -999.0 6231.0 -999.0 -1 -999 {-999.0 -999.0 -999.0 -999.0 -999.0} "" -999.0 -999.0 -999.0 -999.0 -999 -999 "" "" "" "" 0 0 0.0 0.0 -999 ""
FIBERMAP 525 R+2C1 APOGEE 0 0 0 1 0 0 -278.6222573318161 54.45004442661863 143.1 36.79260385782894 -281.48673975842104 160.02318 72.96073 -999.0 -999.0 -999.0 -999.0 -999.0 199.2107523041082 -9.740920710716072 199.22593396574734 -9.88711890886605 55.8875492036507 297.95303544537273 -999.0 16600.0 -999.0 2 4 {-999.0 -999.0 -999.0 -999.0 -999.0} "" -999.0 -999.0 -999.0 -999.0 -999 -999 "" ops_sky_apogee_best_unassigned ops_sky sky_apogee 0 0 0.0 0.0 -999 ""
FIBERMAP 525 R+2C1 BOSS 1 1 0 1 0 0 -278.1937372582999 55.07702790775329 143.1 36.06206309733997 -281.2793751808114 160.02318 72.96073 199.20860262640159 -9.740167152913532 -76.72544 -4.5455565 2.08051 199.20839461136043 -9.740185756617716 199.22369060032236 -9.886476281530303 55.88541745254363 297.9514882651051 5400.0 5400.0 2016.0 1 4 {-999.0 20.393423 18.868591 17.774313 -999.0} sdss_psfmag_ps1 19.873709 18.42317 17.271923 15.161 63050395165366666 1136359965 dark_flexible_3x1 mwm_halo_local_high_boss_triple mwm_halo science 0 0 0.0 0.0 -999 ""
FIBERMAP 525 R+2C1 METROLOGY 0 0 0 1 0 0 -277.88518438830846 54.37188940460805 143.1 36.6327928450923 -280.76299976799766 160.02318 72.96073 -999.0 -999.0 -999.0 -999.0 -999.0 199.21018755540462 -9.738721390927553 199.2254500665598 -9.884984999587589 55.88585102215777 297.955491296408 -999.0 6231.0 -999.0 -1 -999 {-999.0 -999.0 -999.0 -999.0 -999.0} "" -999.0 -999.0 -999.0 -999.0 -999 -999 "" "" "" "" 0 0 0.0 0.0 -999 ""
FIBERMAP 526 R+6C6 APOGEE 0 0 0 1 0 0 -93.8904796446634 128.0343130066912 143.1 -91.61202726171375 -129.66630903281606 99.51153 31.928764 -999.0 -999.0 -999.0 -999.0 -999.0 198.8167914587582 -9.282874542621753 198.83149831966944 -9.42948942115989 55.2983952062463 298.1588280224685 -999.0 16600.0 -999.0 2 -999 {-999.0 -999.0 -999.0 -999.0 -999.0} "" -999.0 -999.0 -999.0 -999.0 -999 -999 "" "" "" "" 0 0 0.0 0.0 -999 ""
FIBERMAP 526 R+6C6 BOSS 1 1 0 1 0 0 -93.39648825083525 127.45539059479086 143.1 -91.21983505322173 -129.0141465860714 99.51153 31.928764 198.81784615887554 -9.28085332817859 -999.0 -999.0 -999.0 198.81783968201017 -9.280865374948213 198.83266277962355 -9.427572239396548 55.29809689349663 298.16271871303434 5400.0 5400.0 2016.0 1 56 {-999.0 21.032604 20.836853 20.668932 20.543547} sdss_psfmag_from_gaiadr2 20.533352 20.842012 19.869705 -999.0 63050395165369385 1130021711 dark_flexible_3x1 bhm_gua_dark_d3 bhm_filler science 0 0 0.0 0.0 -999 ""
FIBERMAP 526 R+6C6 METROLOGY 0 0 0 1 0 0 -94.12393839573429 127.32368284384663 143.1 -90.86407368660326 -129.66215826335193 99.51153 31.928764 -999.0 -999.0 -999.0 -999.0 -999.0 198.8189540555309 -9.282871600061982 198.83374571183367 -9.429550936365962 55.30016626538933 298.16117312113283 -999.0 6231.0 -999.0 -1 -999 {-999.0 -999.0 -999.0 -999.0 -999.0} "" -999.0 -999.0 -999.0 -999.0 -999 -999 "" "" "" "" 0 0 0.0 0.0 -999 ""
FIBERMAP 527 R0C23 APOGEE 0 0 0 1 0 0 191.09321704239554 -14.522296525591644 143.1 -46.87567673884858 185.81479302197246 269.70898 73.07001 -999.0 -999.0 -999.0 -999.0 -999.0 198.95550009177867 -8.326771792460775 198.96947347838 -8.473409981216596 54.800015434868506 299.60285953749656 -999.0 16600.0 -999.0 2 84 {-999.0 -999.0 -999.0 -999.0 -999.0} "" -999.0 -999.0 -999.0 -999.0 -999 -999 "" ops_sky_apogee_best_unassigned ops_sky sky_apogee 0 0 0.0 0.0 -999 ""
FIBERMAP 527 R0C23 BOSS 1 1 0 1 0 0 190.3803130215897 -14.351500302184908 143.1 -46.8113840041076 185.0845702248028 269.70898 73.07001 198.95553588867185 -8.328985195384035 -999.0 -999.0 -999.0 198.95556009756132 -8.328821725706186 198.96965264472306 -8.475556238467522 54.80152432239483 299.6001938115932 5400.0 5400.0 2015.5 1 257 {-999.0 -999.0 -999.0 -999.0 -999.0} "" -999.0 -999.0 -999.0 -999.0 27021603139619693 820071346 "" ops_sky_boss_good ops_sky sky_boss 0 0 0.0 0.0 -999 ""
FIBERMAP 527 R0C23 METROLOGY 0 0 0 1 0 0 190.89194292193068 -13.809621961909443 143.1 -47.48759930258777 185.39775397863656 269.70898 73.07001 -999.0 -999.0 -999.0 -999.0 -999.0 198.95351831644035 -8.32787847039863 198.9675763962872 -8.474587533608075 54.79932609512411 299.5992073060212 -999.0 6231.0 -999.0 -1 -999 {-999.0 -999.0 -999.0 -999.0 -999.0} "" -999.0 -999.0 -999.0 -999.0 -999 -999 "" "" "" "" 0 0 0.0 0.0 -999 ""
FIBERMAP 529 R-10C15 APOGEE 0 0 0 1 0 0 124.1001045927504 -210.47839377272498 143.1 160.20286442861558 184.47785035493888 284.2111 61.848335 -999.0 -999.0 -999.0 -999.0 -999.0 199.58905995384438 -8.331855845417342 199.60316814393116 -8.47792598681299 55.283069558001294 300.29994064235024 -999.0 16600.0 -999.0 2 228 {-999.0 -999.0 -999.0 -999.0 -999.0} "" -999.0 -999.0 -999.0 -999.0 -999 -999 "" ops_sky_apogee_best_unassigned ops_sky sky_apogee 0 0 0.0 0.0 -999 ""
FIBERMAP 529 R-10C15 BOSS 1 1 0 1 0 0 123.3805808475589 -210.30719099764562 143.1 160.26887252549517 183.74122131728254 284.2111 61.848335 199.58905304194448 -8.333940837440046 -34.267815 -10.227143 1.0036552 199.5891714724714 -8.333962764208112 199.6033960486642 -8.48012840379105 55.28466428310861 300.2972441589318 5400.0 5400.0 2016.0 1 330 {-999.0 16.844446 16.107157 15.898713 -999.0} sdss_psfmag_ps1 16.607601 16.163685 15.532423 14.284 63050395165388312 1136360047 dark_flexible_3x1 mwm_halo_local_high_boss_triple mwm_halo science 0 0 0.7809372544288635 0.0 -999 ""
FIBERMAP 529 R-10C15 METROLOGY 0 0 0 1 0 0 123.89797757802127 -209.76473079951288 143.1 159.59027527647072 184.05968885872576 284.2111 61.848335 -999.0 -999.0 -999.0 -999.0 -999.0 199.5871582710234 -8.332992168337764 199.60134915182937 -8.47913260593643 55.28247555536669 300.2962827946085 -999.0 6231.0 -999.0 -1 -999 {-999.0 -999.0 -999.0 -999.0 -999.0} "" -999.0 -999.0 -999.0 -999.0 -999 -999 "" "" "" "" 0 0 0.0 0.0 -999 ""
FIBERMAP 530 R+6C5 APOGEE 1 1 0 1 0 0 -146.76939690278112 119.54532073438178 143.1 -66.78026727278012 -177.11510793039577 161.56374 120.72228 198.89312472272672 -9.426446677511578 -37.24435 -31.763115 3.1182346 198.8930216257784 -9.426542690512658 198.90786324044916 -9.573069103815579 55.44677025365469 298.0437955059388 16000.0 16600.0 2016.0 2 30 {-999.0 12.262413 11.832396 11.69645 -999.0} sdss_psfmag_from_g3xp 12.179731 11.8539505 11.363791 10.501 63050395165368849 974990584 "" ops_std_apogee ops_std standard_apogee 0 0 0.0 0.0 -999 ""
FIBERMAP 530 R+6C5 BOSS 0 0 0 1 0 0 -146.9448273054206 120.2682149899893 143.1 -67.41008268280532 -177.5108838177337 161.56374 120.72228 -999.0 -999.0 -999.0 -999.0 -999.0 198.8909493444041 -9.427695675900866 198.90590853110348 -9.574315604116043 55.446037343885095 298.0399602451973 -999.0 5400.0 -999.0 1 50 {-999.0 -999.0 -999.0 -999.0 -999.0} "" -999.0 -999.0 -999.0 -999.0 -999 -999 "" "" "" "" 0 0 0.0 0.0 -999 ""
FIBERMAP 530 R+6C5 METROLOGY 0 0 0 1 0 0 -146.22220832260416 120.06024003935009 143.1 -67.44220355012787 -176.75964943723784 161.56374 120.72228 -999.0 -999.0 -999.0 -999.0 -999.0 198.89087443674208 -9.425477153617988 198.9057986110123 -9.57207145315339 55.44455582346872 298.0429382449536 -999.0 6231.0 -999.0 -1 -999 {-999.0 -999.0 -999.0 -999.0 -999.0} "" -999.0 -999.0 -999.0 -999.0 -999 -999 "" "" "" "" 0 0 0.0 0.0 -999 ""
FIBERMAP 531 R-4C14 APOGEE 0 0 0 1 0 0 49.68860389793409 -61.898487821591104 143.1 42.92631478875968 66.76218038590399 96.90807 90.034195 -999.0 -999.0 -999.0 -999.0 -999.0 199.2306091288565 -8.687435655385931 199.24493242530582 -8.833774374846701 55.239667691067126 299.42218744789903 -999.0 16600.0 -999.0 2 -999 {-999.0 -999.0 -999.0 -999.0 -999.0} "" -999.0 -999.0 -999.0 -999.0 -999 -999 "" "" "" "" 0 0 0.0 0.0 -999 ""
FIBERMAP 531 R-4C14 BOSS 1 1 0 1 0 0 50.394318522861994 -61.7738779147256 143.1 42.58418214323476 67.3918337738355 96.90807 90.034195 199.22948007379537 -8.68537218446058 -999.0 -999.0 -999.0 199.22946848056958 -8.685389342695235 199.24390590076132 -8.831824160769852 55.237643436620495 299.42369072764797 5400.0 5400.0 2016.0 1 270 {-999.0 21.206781 20.157104 19.742022 19.40395} sdss_fiber2mag_from_lsdr10 20.183094 21.338806 18.691952 -999.0 63050395165387216 1128414601 dark_flexible_3x1 bhm_spiders_clusters_lsdr10_d3 bhm_spiders science 0 0 0.0 0.0 -999 ""
FIBERMAP 531 R-4C14 METROLOGY 0 0 0 1 0 0 50.15116733623846 -62.48630861259814 143.1 43.33691914624782 67.38736503144438 96.90807 90.034195 -999.0 -999.0 -999.0 -999.0 -999.0 199.23181696711526 -8.685425785714559 199.2462220459604 -8.831831641604508 55.2394123543177 299.42623783035395 -999.0 6231.0 -999.0 -1 -999 {-999.0 -999.0 -999.0 -999.0 -999.0} "" -999.0 -999.0 -999.0 -999.0 -999 -999 "" "" "" "" 0 0 0.0 0.0 -999 ""
FIBERMAP 534 R-5C9 APOGEE 0 0 1 1 0 0 -55.14061646945208 -89.24722156690623 143.1 102.1292822307945 -23.963522508740482 10.116495 170.03653 -999.0 -999.0 -999.0 -999.0 -999.0 199.4123545933725 -8.962899000615884 199.42694552751948 -9.109032960386472 55.5534564073045 299.2494114989396 -999.0 16600.0 -999.0 2 266 {-999.0 -999.0 -999.0 -999.0 -999.0} "" -999.0 -999.0 -999.0 -999.0 -999 -999 "" ops_sky_apogee_best_unassigned ops_sky sky_apogee 0 0 0.0 0.0 -999 ""
FIBERMAP 534 R-5C9 BOSS 1 0 1 1 0 0 -54.398887075697736 -89.25027562135458 143.1 101.89677823269768 -23.259201524839572 10.116495 170.03653 199.39209866241424 -8.95572538001669 -37.384747 -81.16498 2.28356 199.41158334930768 -8.960681030538419 199.42628733244146 -9.106909347870568 55.551606268814794 299.25158324213044 5400.0 5400.0 2016.0 1 361 {-999.0 18.671154 17.348745 16.499397 -999.0} sdss_psfmag_ps1 18.103853 17.09422 16.092001 14.24 63050395165380993 1136360158 dark_flexible_3x1 mwm_halo_local_high_boss_triple mwm_halo science 0 0 0.0 0.0 -999 ""
FIBERMAP 534 R-5C9 METROLOGY 0 0 1 1 0 0 -54.768575306504665 -89.90611282835101 143.1 102.63600855073135 -23.401621060831495 10.116495 170.03653 -999.0 -999.0 -999.0 -999.0 -999.0 199.413894714895 -8.961141522381848 199.42856700766345 -9.107341237179142 55.55361972966439 299.25351923255187 -999.0 6231.0 -999.0 -1 -999 {-999.0 -999.0 -999.0 -999.0 -999.0} "" -999.0 -999.0 -999.0 -999.0 -999 -999 "" "" "" "" 0 0 0.0 0.0 -999 ""
FIBERMAP 536 R+4C9 APOGEE 0 0 0 1 0 0 -80.92515351787151 93.51065348712763 143.1 -62.98940881631821 -106.41516744148214 190.98047 42.15212 -999.0 -999.0 -999.0 -999.0 -999.0 198.90472371274979 -9.212689741338899 198.91939599360092 -9.359237954104664 55.32220707792213 298.35040766051486 -999.0 16600.0 -999.0 2 40 {-999.0 -999.0 -999.0 -999.0 -999.0} "" -999.0 -999.0 -999.0 -999.0 -999 -999 "" ops_sky_apogee_best_unassigned ops_sky sky_apogee 0 0 0.0 0.0 -999 ""
FIBERMAP 536 R+4C9 BOSS 1 1 0 1 0 0 -80.4766427723307 94.11287530670236 143.1 -63.702813472012444 -106.18098800407871 190.98047 42.15212 198.90239534274036 -9.211953944677687 -0.16887997 0.3539555 -0.39923888 198.90238221057848 -9.2119362527549 198.9171705462112 -9.358579447515403 55.32008227319939 298.348895273164 5400.0 5400.0 2016.0 1 66 {-999.0 19.635284 19.417751 19.22808 19.079842} sdss_psfmag_from_gaiadr2 19.639465 19.433235 18.913866 -999.0 63050395165369515 1130021712 dark_flexible_3x1 bhm_gua_dark_d3 bhm_filler science 0 0 0.0 0.0 -999 ""
FIBERMAP 536 R+4C9 METROLOGY 0 0 0 1 0 0 -80.18543293895222 93.42051445892018 143.1 -63.13869615548095 -105.68511348474752 190.98047 42.15212 -999.0 -999.0 -999.0 -999.0 -999.0 198.90414304707517 -9.210474603436197 198.91889741074385 -9.357090170970453 55.320479256096064 298.35281083003656 -999.0 6231.0 -999.0 -1 -999 {-999.0 -999.0 -999.0 -999.0 -999.0} "" -999.0 -999.0 -999.0 -999.0 -999 -999 "" "" "" "" 0 0 0.0 0.0 -999 ""
FIBERMAP 537 R-10C13 APOGEE 0 0 0 1 0 0 100.55988695182931 -188.2806192648205 143.1 146.62449587953535 155.11079299908934 22.346409 123.01356 -999.0 -999.0 -999.0 -999.0 -999.0 199.54793601817642 -8.420351413269344 199.56210884962604 -8.566445316806519 55.309146634833276 300.1351303570301 -999.0 16600.0 -999.0 2 -999 {-999.0 -999.0 -999.0 -999.0 -999.0} "" -999.0 -999.0 -999.0 -999.0 -999 -999 "" "" "" "" 0 0 0.0 0.0 -999 ""
FIBERMAP 537 R-10C13 BOSS 1 1 0 1 0 0 101.21971439060617 -188.78486494272417 143.1 146.89324438835772 155.8965111120642 22.346409 123.01356 199.54875928365493 -8.417900935438373 -33.38767 8.131283 1.8177866 199.54866769373461 -8.417850091097767 199.56295336281732 -8.564039306930557 55.30823522409766 300.13930874531627 5400.0 5400.0 2016.0 1 378 {-999.0 18.567312 17.136597 16.489931 -999.0} sdss_psfmag_ps1 17.94308 17.167217 16.041512 14.181 63050395165388244 1096754118 bright_1x1 mwm_bin_vis_boss mwm_filler science 0 0 0.0 0.0 -999 ""
FIBERMAP 537 R-10C13 METROLOGY 0 0 0 1 0 0 100.50806035879747 -189.02681777798628 143.1 147.34853351508812 155.29846633686225 22.346409 123.01356 -999.0 -999.0 -999.0 -999.0 -999.0 199.5501187128314 -8.419663510419674 199.5643736627984 -8.565824036721624 55.310459204461736 300.1385003617296 -999.0 6231.0 -999.0 -1 -999 {-999.0 -999.0 -999.0 -999.0 -999.0} "" -999.0 -999.0 -999.0 -999.0 -999 -999 "" "" "" "" 0 0 0.0 0.0 -999 ""
FIBERMAP 538 R+13C9 APOGEE 1 1 0 1 0 0 43.92421911782678 271.25815169903507 143.1 -271.1631148273848 -44.436694507231984 129.54619 31.071747 198.26833363703776 -9.022717618415546 1.7242044 -1.5865873 0.33636388 198.26835409324076 -9.022715215665293 198.2827229776567 -9.169844034727433 54.71303900047379 297.9244684813549 16000.0 16600.0 2016.0 2 98 {-999.0 13.699797 12.948982 12.671932 -999.0} sdss_psfmag_from_g3xp 13.492406 12.98453 12.320927 11.017 63050395165375253 1108553090 bright_flexible_3x1 mwm_tess_rgb_apogee mwm_tessrgb science 0 0 0.0 0.0 -999 ""
FIBERMAP 538 R+13C9 BOSS 0 0 0 1 0 0 44.61203738374532 270.9999128503586 143.1 -271.13652791003744 -43.702508151592525 129.54619 31.071747 -999.0 -999.0 -999.0 -999.0 -999.0 198.26833078192593 -9.0203998715298 198.28281812603416 -9.167623486249791 54.71173031880136 297.92757813486145 -999.0 5400.0 -999.0 1 172 {-999.0 -999.0 -999.0 -999.0 -999.0} "" -999.0 -999.0 -999.0 -999.0 -999 -999 "" "" "" "" 0 0 0.0 0.0 -999 ""
FIBERMAP 538 R+13C9 METROLOGY 0 0 0 1 0 0 44.070643956023616 270.53528475250175 143.1 -270.52411992007916 -44.06843208052147 129.54619 31.071747 -999.0 -999.0 -999.0 -999.0 -999.0 198.27016758286493 -9.021549638833266 198.28462216387322 -9.168744745098497 54.71382214850786 297.9279781558161 -999.0 6231.0 -999.0 -1 -999 {-999.0 -999.0 -999.0 -999.0 -999.0} "" -999.0 -999.0 -999.0 -999.0 -999 -999 "" "" "" "" 0 0 0.0 0.0 -999 ""
FIBERMAP 539 R-12C10 APOGEE 0 0 0 1 0 0 52.0425223784457 -236.61578250589596 143.1 207.85654395542136 124.4437149068341 271.87714 161.83597 -999.0 -999.0 -999.0 -999.0 -999.0 199.7350086168451 -8.513426719484533 199.74929877346165 -8.659336181214808 55.51052581714916 300.2201456896841 -999.0 16600.0 -999.0 2 -999 {-999.0 -999.0 -999.0 -999.0 -999.0} "" -999.0 -999.0 -999.0 -999.0 -999 -999 "" "" "" "" 0 0 0.0 0.0 -999 ""
FIBERMAP 539 R-12C10 BOSS 1 1 0 1 0 0 51.85759098585884 -237.27753814784114 143.1 208.54275085985654 124.4783710571766 271.87714 161.83597 199.7370094359453 -8.513234836971181 -0.39485312 0.27012175 0.12575877 199.73700519608852 -8.513218926779137 199.7514094532945 -8.659221544264039 55.512046792232745 300.2226765692398 5400.0 5400.0 2016.0 1 368 {-999.0 19.803024 19.62547 19.50805 19.406832} sdss_psfmag_from_lsdr10 19.97784 19.752748 19.388067 -999.0 63050395165382512 1131655031 dark_flexible_3x1 bhm_spiders_agn_lsdr10_d3 bhm_spiders science 0 0 0.0 0.0 -999 ""
FIBERMAP 539 R-12C10 METROLOGY 0 0 0 1 0 0 51.321848447858414 -236.8161005095002 143.1 208.27521508290954 123.8239034303225 271.87714 161.83597 -999.0 -999.0 -999.0 -999.0 -999.0 199.73626689368666 -8.515199890718668 199.7506403882088 -8.661175967781789 55.51272587843564 300.2191724989737 -999.0 6231.0 -999.0 -1 -999 {-999.0 -999.0 -999.0 -999.0 -999.0} "" -999.0 -999.0 -999.0 -999.0 -999 -999 "" "" "" "" 0 0 0.0 0.0 -999 ""
FIBERMAP 540 R-12C4 APOGEE 0 0 0 1 0 0 -68.68221877136757 -237.7889896310091 143.1 247.28303237614642 10.337703751068814 53.439526 32.533127 -999.0 -999.0 -999.0 -999.0 -999.0 199.85597159344496 -8.85864821061906 199.87057909189582 -9.004394503240151 55.82414425006504 299.888097663911 -999.0 16600.0 -999.0 2 -999 {-999.0 -999.0 -999.0 -999.0 -999.0} "" -999.0 -999.0 -999.0 -999.0 -999 -999 "" "" "" "" 0 0 0.0 0.0 -999 ""
FIBERMAP 540 R-12C4 BOSS 1 1 0 1 0 0 -68.71050717640937 -238.5300926823125 143.1 247.99476796161454 10.546080263702734 53.439526 32.533127 199.85805741498152 -8.857905696273464 -3.9359791 -3.9274852 -2.2859714 199.85804125838658 -8.857921653920094 199.8727617267856 -9.00375942852081 55.82539203002386 299.8914251070582 5400.0 5400.0 2016.0 1 426 {-999.0 21.095543 20.768572 20.462706 20.208586} sdss_psfmag_from_gaiadr2 21.265993 20.846899 20.279413 -999.0 63050395165380235 1130021866 dark_flexible_3x1 bhm_gua_dark_d3 bhm_filler science 0 0 0.0 0.0 -999 ""
FIBERMAP 540 R-12C4 METROLOGY 0 0 0 1 0 0 -69.3528209744582 -238.12033673301258 143.1 247.81006196606134 9.806957492710065 53.439526 32.533127 -999.0 -999.0 -999.0 -999.0 -999.0 199.85755895528212 -8.860183369962385 199.87224917179776 -9.005994806524221 55.826436072296815 299.88779265110526 -999.0 6231.0 -999.0 -1 -999 {-999.0 -999.0 -999.0 -999.0 -999.0} "" -999.0 -999.0 -999.0 -999.0 -999 -999 "" "" "" "" 0 0 0.0 0.0 -999 ""
FIBERMAP 541 R-13C2 APOGEE 0 0 0 1 0 0 -130.57385970910215 -260.3860216012478 143.1 288.35320717899657 -41.180074746071966 210.48607 134.41939 -999.0 -999.0 -999.0 -999.0 -999.0 199.9807755720736 -9.014201579725558 199.99554448779656 -9.159809526757975 56.018444843200555 299.8160815146094 -999.0 16600.0 -999.0 2 155 {-999.0 -999.0 -999.0 -999.0 -999.0} "" -999.0 -999.0 -999.0 -999.0 -999 -999 "" ops_sky_apogee_best_unassigned ops_sky sky_apogee 0 0 0.0 0.0 -999 ""
FIBERMAP 541 R-13C2 BOSS 1 1 0 1 0 0 -131.31401562597367 -260.1919677061848 143.1 288.4040944502044 -41.9435206096587 210.48607 134.41939 199.98082518337776 -9.016313358301623 -13.962799 -15.161696 2.0946279 199.98078006935663 -9.016409657088827 199.9956633367375 -9.16210969811777 56.020006672758484 299.8130529609975 5400.0 5400.0 2016.0 1 436 {-999.0 20.333208 20.906284 21.110708 -999.0} sdss_psfmag_ps1 20.20301 20.583376 19.962345 -999.0 63050395165380030 1092143686 dark_flexible_2x1 mwm_cb_galex_mag_boss mwm_cb science 0 0 0.0 0.0 -999 ""
FIBERMAP 541 R-13C2 METROLOGY 0 0 0 1 0 0 -130.7818260799187 -259.6722133918151 143.1 287.74233352104886 -41.603819558584775 210.48607 134.41939 -999.0 -999.0 -999.0 -999.0 -999.0 199.9788687075537 -9.015424184938068 199.9937188119735 -9.16109994937962 56.01788524185989 299.8122439800357 -999.0 6231.0 -999.0 -1 -999 {-999.0 -999.0 -999.0 -999.0 -999.0} "" -999.0 -999.0 -999.0 -999.0 -999 -999 "" "" "" "" 0 0 0.0 0.0 -999 ""
FIBERMAP 542 R+1C25 APOGEE 0 0 0 1 0 0 237.54993657738964 10.56761379512845 143.1 -85.41122000384561 221.90510915116744 278.32962 20.858871 -999.0 -999.0 -999.0 -999.0 -999.0 198.83794340763416 -8.218021710518057 198.85180642252976 -8.36478014428332 54.6410568899109 299.618476024281 -999.0 16600.0 -999.0 2 -999 {-999.0 -999.0 -999.0 -999.0 -999.0} "" -999.0 -999.0 -999.0 -999.0 -999 -999 "" "" "" "" 0 0 0.0 0.0 -999 ""
FIBERMAP 542 R+1C25 BOSS 1 1 0 1 0 0 237.1657236417984 11.229975231738468 143.1 -85.9173740369269 221.33056439052461 278.32962 20.858871 198.8362762208116 -8.219639373094836 -2.5905488 -3.6232688 -0.15911622 198.83626136588165 -8.219626389070768 198.85024344249666 -8.36648337957789 54.64095865252753 299.61450437952305 5400.0 5400.0 2016.0 1 192 {-999.0 17.866583 18.386702 18.71639 -999.0} sdss_psfmag_ps1 17.991116 18.119354 18.415009 -999.0 63050395165390190 1092143733 dark_flexible_2x1 mwm_cb_galex_mag_boss mwm_cb science 0 0 0.0 0.0 -999 ""
FIBERMAP 542 R+1C25 METROLOGY 0 0 0 1 0 0 237.93136163249196 11.21105232687511 143.1 -86.14241803827385 222.06259316259724 278.32962 20.858871 -999.0 -999.0 -999.0 -999.0 -999.0 198.83560130901955 -8.217415234502182 198.8495480286067 -8.364245571772368 54.63899788775891 299.61671493764703 -999.0 6231.0 -999.0 -1 -999 {-999.0 -999.0 -999.0 -999.0 -999.0} "" -999.0 -999.0 -999.0 -999.0 -999 -999 "" "" "" "" 0 0 0.0 0.0 -999 ""
FIBERMAP 545 R-11C6 APOGEE 0 0 0 1 0 0 -68.17971196374896 -224.2955675613041 143.1 234.32829180760143 6.53185083909589 245.47614 91.24972 -999.0 -999.0 -999.0 -999.0 -999.0 199.8165761964841 -8.870199690825888 199.83118431209766 -9.01598038296805 55.801688775460626 299.8279066741184 -999.0 16600.0 -999.0 2 171 {-999.0 -999.0 -999.0 -999.0 -999.0} "" -999.0 -999.0 -999.0 -999.0 -999 -999 "" ops_sky_apogee_best_unassigned ops_sky sky_apogee 0 0 0.0 0.0 -999 ""
FIBERMAP 545 R-11C6 BOSS 1 1 0 1 0 0 -68.85747479868536 -224.02820852072853 143.1 234.28986532772947 5.804305195467891 245.47614 91.24972 199.81638302691616 -8.872330588679265 -3.2352293 0.6785261 -0.9312615 199.81638191098892 -8.872307904755193 199.83110504399133 -9.01818171287849 55.80303810958316 299.8248089792352 5400.0 5400.0 2016.0 1 413 {-999.0 20.399359 20.148945 19.92449 19.742819} sdss_psfmag_from_gaiadr2 20.45947 20.182133 19.648249 -999.0 63050395165381642 1130021891 dark_flexible_3x1 bhm_gua_dark_d3 bhm_filler science 0 0 0.0 0.0 -999 ""
FIBERMAP 545 R-11C6 METROLOGY 0 0 0 1 0 0 -68.29476455778187 -223.55426823606027 143.1 233.66186172927812 6.187487613057848 245.47614 91.24972 -999.0 -999.0 -999.0 -999.0 -999.0 199.81453984559514 -8.871174956014839 199.82922949794147 -9.017024200935154 55.800874092996665 299.82428082428487 -999.0 6231.0 -999.0 -1 -999 {-999.0 -999.0 -999.0 -999.0 -999.0} "" -999.0 -999.0 -999.0 -999.0 -999 -999 "" "" "" "" 0 0 0.0 0.0 -999 ""
FIBERMAP 549 R+8C4 APOGEE 0 0 0 1 0 0 -127.99521553948065 162.04871200983422 143.1 -113.04279504778769 -172.80146843637445 9.357547 148.22377 -999.0 -999.0 -999.0 -999.0 -999.0 198.7510632376187 -9.413027117648909 198.76585770857093 -9.55967997793897 55.328775101700465 297.908969862243 -999.0 16600.0 -999.0 2 -999 {-999.0 -999.0 -999.0 -999.0 -999.0} "" -999.0 -999.0 -999.0 -999.0 -999 -999 "" "" "" "" 0 0 0.0 0.0 -999 ""
FIBERMAP 549 R+8C4 BOSS 1 1 0 1 0 0 -127.33324729516124 161.82729835159122 143.1 -113.04292402655928 -172.1034816822076 9.357547 148.22377 198.75091552734372 -9.410873164983954 -999.0 -999.0 -999.0 198.75091482031584 -9.410871498098352 198.76582535047748 -9.55761691692555 55.327468505395295 297.9117769524151 5400.0 5400.0 2015.5 1 58 {-999.0 -999.0 -999.0 -999.0 -999.0} "" -999.0 -999.0 -999.0 -999.0 27021603139607988 811719964 "" ops_sky_boss_good ops_sky sky_boss 0 0 0.0 0.0 -999 ""
FIBERMAP 549 R+8C4 METROLOGY 0 0 0 1 0 0 -127.89057463758691 161.30807140978115 143.1 -112.37368528979755 -172.46718725058906 9.357547 148.22377 -999.0 -999.0 -999.0 -999.0 -999.0 198.75298441007334 -9.412028976303313 198.76786299736614 -9.558746306225718 55.32974470867146 297.91241548283955 -999.0 6231.0 -999.0 -1 -999 {-999.0 -999.0 -999.0 -999.0 -999.0} "" -999.0 -999.0 -999.0 -999.0 -999 -999 "" "" "" "" 0 0 0.0 0.0 -999 ""
FIBERMAP 551 R-1C12 APOGEE 0 0 0 1 0 0 -28.581973026611408 -29.421608066582174 143.1 36.97027049420982 -17.765687526898247 281.01602 132.20888 -999.0 -999.0 -999.0 -999.0 -999.0 199.21221951927026 -8.94405492124124 199.22674793433202 -9.090371142527212 55.388733134740484 299.05381992162495 -999.0 16600.0 -999.0 2 -999 {-999.0 -999.0 -999.0 -999.0 -999.0} "" -999.0 -999.0 -999.0 -999.0 -999 -999 "" "" "" "" 0 0 0.0 0.0 -999 ""
FIBERMAP 551 R-1C12 BOSS 1 1 0 1 0 0 -29.03575252013546 -30.029171552999824 143.1 37.69041255859405 -18.00316783719905 281.01602 132.20888 199.21448264912425 -8.944492241967113 -46.800472 -71.899956 1.5006131 199.21434101812986 -8.944694911776692 199.2289864190774 -9.091102772043273 55.39090742912997 299.0552860350486 5400.0 5400.0 2016.0 1 507 {-999.0 18.695747 17.48432 17.179907 -999.0} sdss_psfmag_ps1 18.239677 17.509577 16.690224 15.039 63050395165381181 1136360159 dark_flexible_3x1 mwm_halo_local_high_boss_triple mwm_halo science 0 0 0.0 0.0 -999 ""
FIBERMAP 551 R-1C12 METROLOGY 0 0 0 1 0 0 -29.325663821167808 -29.341469318849477 143.1 37.13030070473154 -18.49633252354715 281.01602 132.20888 -999.0 -999.0 -999.0 -999.0 -999.0 199.21265418912984 -8.946220006334798 199.2272675810941 -9.092602604531086 55.39054282433259 299.0513502407327 -999.0 6231.0 -999.0 -1 -999 {-999.0 -999.0 -999.0 -999.0 -999.0} "" -999.0 -999.0 -999.0 -999.0 -999 -999 "" "" "" "" 0 0 0.0 0.0 -999 ""
FIBERMAP 553 R+3C6 APOGEE 0 0 0 1 0 0 -144.210044599937 44.332214257230866 143.1 3.7290011216603567 -150.8180610473422 283.7345 109.586075 -999.0 -999.0 -999.0 -999.0 -999.0 199.10970217413652 -9.347449675337945 199.12453478799455 -9.493796455158112 55.56425833916834 298.3886382381954 -999.0 16600.0 -999.0 2 -999 {-999.0 -999.0 -999.0 -999.0 -999.0} "" -999.0 -999.0 -999.0 -999.0 -999 -999 "" "" "" "" 0 0 0.0 0.0 -999 ""
FIBERMAP 553 R+3C6 BOSS 1 1 0 1 0 0 -144.82930916942402 43.92913885592695 143.1 4.307754888914722 -151.27736176521816 283.7345 109.586075 199.11120465502665 -9.34878723545663 -29.033817 -10.272235 0.82906705 199.11136567135048 -9.348814208020993 199.12631603175896 -9.495251261619762 55.566539064535995 298.38857567495495 5400.0 5400.0 2016.0 1 40 {-999.0 16.383066 15.772681 15.61015 -999.0} sdss_psfmag_ps1 16.24892 15.848231 15.278404 14.11 63050395165368958 1136360009 dark_flexible_3x1 mwm_halo_local_high_boss_triple mwm_halo science 0 0 0.8635714054107666 0.0 -999 ""
FIBERMAP 553 R+3C6 METROLOGY 0 0 0 1 0 0 -144.87846429474405 44.66794231442918 143.1 3.622777892726405 -151.55844500519285 283.7345 109.586075 -999.0 -999.0 -999.0 -999.0 -999.0 199.1092925129193 -9.34970625680961 199.1242101493341 -9.496118957544905 55.565461898127054 298.38508022425185 -999.0 6231.0 -999.0 -1 -999 {-999.0 -999.0 -999.0 -999.0 -999.0} "" -999.0 -999.0 -999.0 -999.0 -999 -999 "" "" "" "" 0 0 0.0 0.0 -999 ""
FIBERMAP 555 R-12C1 APOGEE 0 0 0 1 0 0 -164.1825765906356 -227.4405820347901 143.1 267.77867022531973 -83.50562767732212 103.86669 150.57405 -999.0 -999.0 -999.0 -999.0 -999.0 199.91830923061394 -9.142276536004031 199.9331721067449 -9.287922835888159 56.05286497434767 299.56923375246225 -999.0 16600.0 -999.0 2 249 {-999.0 -999.0 -999.0 -999.0 -999.0} "" -999.0 -999.0 -999.0 -999.0 -999 -999 "" ops_sky_apogee_best_unassigned ops_sky sky_apogee 0 0 0.0 0.0 -999 ""
FIBERMAP 555 R-12C1 BOSS 1 1 0 1 0 0 -163.97539039109782 -226.72860722569996 143.1 267.03777960374606 -83.53511838138655 103.86669 150.57405 199.9159521291037 -9.142261039746412 -4.3882575 -7.641708 0.16532692 199.91592803830858 -9.142276531380016 199.9309030241801 -9.288016968699536 56.051199086584674 299.5665487148559 5400.0 5400.0 2016.0 1 517 {-999.0 17.991735 17.653967 17.536865 -999.0} sdss_psfmag_ps1 17.91334 17.646284 17.200354 16.577 63050395165379623 976172152 "" ops_std_boss ops_std standard_boss 0 0 0.0 0.0 -999 ""
FIBERMAP 555 R-12C1 METROLOGY 0 0 0 1 0 0 -163.4577834689525 -227.25713164092693 143.1 267.3746866710265 -82.87655692628984 103.86669 150.57405 -999.0 -999.0 -999.0 -999.0 -999.0 199.9170390128661 -9.140325905875057 199.93198067240473 -9.286039561906394 56.05075874076464 299.5704911299207 -999.0 6231.0 -999.0 -1 -999 {-999.0 -999.0 -999.0 -999.0 -999.0} "" -999.0 -999.0 -999.0 -999.0 -999 -999 "" "" "" "" 0 0 0.0 0.0 -999 ""
FIBERMAP 557 R+4C13 APOGEE 0 0 0 1 0 0 32.63484171897282 75.30353662235595 143.1 -81.76447644745812 7.04747226473058 323.4072 137.85114 -999.0 -999.0 -999.0 -999.0 -999.0 198.84740153397698 -8.868320492584289 198.8617840225636 -9.01497112472414 55.061706484023524 298.7571000527183 -999.0 16600.0 -999.0 2 -999 {-999.0 -999.0 -999.0 -999.0 -999.0} "" -999.0 -999.0 -999.0 -999.0 -999 -999 "" "" "" "" 0 0 0.0 0.0 -999 ""
FIBERMAP 557 R+4C13 BOSS 1 1 0 1 0 0 32.80166774795197 74.57393265016212 143.1 -81.12556774725388 7.437218414506254 323.4072 137.85114 198.8492031905341 -8.867039297961394 -999.0 -999.0 -999.0 198.84919886303283 -8.867041237939187 198.8636984183645 -9.013784893259349 55.06242619926317 298.76078938757496 5400.0 5400.0 2016.0 1 112 {-999.0 21.919535 21.624922 21.454401 21.31173} sdss_psfmag_from_lsdr10 1e+20 1e+20 1e+20 -999.0 63050396915341135 1131653019 dark_flexible_3x1 bhm_spiders_agn_lsdr10_d3 bhm_spiders science 0 0 0.0 0.0 -999 ""
FIBERMAP 557 R+4C13 METROLOGY 0 0 0 1 0 0 32.08323722983408 74.79833299572793 143.1 -81.11035169018128 6.68474291476671 323.4072 137.85114 -999.0 -999.0 -999.0 -999.0 -999.0 198.84926790585502 -8.869352273673195 198.8637359744588 -9.016068756177516 55.063894924428574 298.7577346646487 -999.0 6231.0 -999.0 -1 -999 {-999.0 -999.0 -999.0 -999.0 -999.0} "" -999.0 -999.0 -999.0 -999.0 -999 -999 "" "" "" "" 0 0 0.0 0.0 -999 ""
FIBERMAP 558 R+4C15 APOGEE 1 1 0 1 0 0 77.60300360318979 92.58136656856817 143.1 -112.41972426798645 44.20554219923977 92.890274 73.99401 198.75362119814173 -8.755355958091021 -15.3202095 -20.601585 3.813863 198.75356818714022 -8.755421392338906 198.76783943685734 -8.902171394778195 54.91854423517043 298.807615253779 16000.0 16600.0 2016.0 2 67 {-999.0 12.190227 11.732116 11.599464 -999.0} sdss_psfmag_from_g3xp 12.101935 11.766932 11.26752 10.412 63050395165387427 974990907 "" ops_std_apogee ops_std standard_apogee 0 0 0.0 0.0 -999 ""
FIBERMAP 558 R+4C15 BOSS 0 0 0 1 0 0 78.31780465104957 92.441590382323 143.1 -112.51403409144514 44.92771915034532 92.890274 73.99401 -999.0 -999.0 -999.0 -999.0 -999.0 198.75310764967418 -8.75311187582612 198.76749514534583 -8.89995766378305 54.916883036579485 298.81022896988526 -999.0 5400.0 -999.0 1 220 {-999.0 -999.0 -999.0 -999.0 -999.0} "" -999.0 -999.0 -999.0 -999.0 -999 -999 "" "" "" "" 0 0 0.0 0.0 -999 ""
FIBERMAP 558 R+4C15 METROLOGY 0 0 0 1 0 0 77.83860423014595 91.87714701401131 143.1 -111.82671332643994 44.652448332194766 92.890274 73.99401 -999.0 -999.0 -999.0 -999.0 -999.0 198.75523484718545 -8.753971957527721 198.76959000434044 -8.900788819230367 54.919012865804085 298.81138050090607 -999.0 6231.0 -999.0 -1 -999 {-999.0 -999.0 -999.0 -999.0 -999.0} "" -999.0 -999.0 -999.0 -999.0 -999 -999 "" "" "" "" 0 0 0.0 0.0 -999 ""
FIBERMAP 560 R+6C18 APOGEE 0 0 0 1 0 0 148.89872031200423 129.69090100606866 143.1 -170.23605145975367 100.03504060322395 139.06897 98.23727 -999.0 -999.0 -999.0 -999.0 -999.0 198.57718519877344 -8.586092442100808 198.59128398394364 -8.73302189149022 54.67644462554551 298.8439479550481 -999.0 16600.0 -999.0 2 -999 {-999.0 -999.0 -999.0 -999.0 -999.0} "" -999.0 -999.0 -999.0 -999.0 -999 -999 "" "" "" "" 0 0 0.0 0.0 -999 ""
FIBERMAP 560 R+6C18 BOSS 1 1 0 1 0 0 149.29525128371853 130.3152447008531 143.1 -170.95393675046475 100.21290900006315 139.06897 98.23727 198.57477600066935 -8.585441509091204 -4.8700633 3.7057326 3.5484657 198.57482731198445 -8.585428986469804 198.58904416930784 -8.7324565803579 54.674371662762056 298.8422859149806 5400.0 5400.0 2016.0 1 211 {-999.0 19.34752 19.406448 19.626917 -999.0} sdss_psfmag_ps1 19.445133 19.367218 19.39307 -999.0 63050395165389133 1143554088 dark_1x3 mwm_wd_pwd_boss_1x3 mwm_wd science 0 0 0.0 0.0 -999 ""
FIBERMAP 560 R+6C18 METROLOGY 0 0 0 1 0 0 149.646002094821 129.6582183827603 143.1 -170.4422220366019 100.75402980526371 139.06897 98.23727 -999.0 -999.0 -999.0 -999.0 -999.0 198.57640671415444 -8.583804714171807 198.59058888337677 -8.7308039858768 54.674510469761586 298.84616963707856 -999.0 6231.0 -999.0 -1 -999 {-999.0 -999.0 -999.0 -999.0 -999.0} "" -999.0 -999.0 -999.0 -999.0 -999 -999 "" "" "" "" 0 0 0.0 0.0 -999 ""
FIBERMAP 562 R+5C17 APOGEE 0 0 0 1 0 0 135.57148704245017 84.19673017785608 143.1 -122.866168071258 101.83569293397416 346.25223 79.32544 -999.0 -999.0 -999.0 -999.0 -999.0 198.72205537181898 -8.580690794763129 198.73618128136718 -8.727494996349227 54.7838501097315 299.0082988674188 -999.0 16600.0 -999.0 2 -999 {-999.0 -999.0 -999.0 -999.0 -999.0} "" -999.0 -999.0 -999.0 -999.0 -999 -999 "" "" "" "" 0 0 0.0 0.0 -999 ""
FIBERMAP 562 R+5C17 BOSS 1 1 0 1 0 0 135.22404343671244 83.47386092374055 143.1 -122.07043369508786 101.7356407922176 346.25223 79.32544 198.72432965651063 -8.580872773214358 -0.48196912 0.44168773 0.22231716 198.7243211038707 -8.580856699611475 198.73856605286892 -8.727754734924227 54.785838463641234 299.01053996566327 5400.0 5400.0 2016.0 1 214 {-999.0 20.353825 20.092102 19.855465 19.662607} sdss_psfmag_from_gaiadr2 20.392437 20.131746 19.553482 -999.0 63050395165389069 1130021994 dark_flexible_3x1 bhm_gua_dark_d3 bhm_filler science 0 0 0.0 0.0 -999 ""
FIBERMAP 562 R+5C17 METROLOGY 0 0 0 1 0 0 134.8284465611969 84.11077053607585 143.1 -122.54883992063664 101.15837866110603 346.25223 79.32544 -999.0 -999.0 -999.0 -999.0 -999.0 198.72286941821446 -8.582619893386587 198.73708189221668 -8.729491762841453 54.78580382460696 299.0065975391211 -999.0 6231.0 -999.0 -1 -999 {-999.0 -999.0 -999.0 -999.0 -999.0} "" -999.0 -999.0 -999.0 -999.0 -999 -999 "" "" "" "" 0 0 0.0 0.0 -999 ""
FIBERMAP 563 R-1C20 APOGEE 1 1 0 1 0 0 140.0094820758519 -32.608717936242826 143.1 -13.512796823086555 143.11419439583383 251.06726 110.927086 199.05764336223956 -8.455811186891 -37.109997 -19.707209 4.5441966 199.05752378381953 -8.455876685500098 199.07162196809645 -8.602404804081099 54.96015207411712 299.54263839105676 16000.0 16600.0 2016.0 2 226 {-999.0 10.551984 10.271375 10.197916 -999.0} sdss_psfmag_from_g3xp 10.526417 10.277438 9.874099 9.252 63050395165387874 974990888 "" ops_std_apogee ops_std standard_apogee 0 0 0.0 0.0 -999 ""
FIBERMAP 563 R-1C20 BOSS 0 0 0 1 0 0 139.2778117137971 -32.60382314637176 143.1 -13.285230718608993 142.418827793704 251.06726 110.927086 -999.0 -999.0 -999.0 -999.0 -999.0 199.05809626904846 -8.457819914380122 199.07231310038696 -8.604443217817426 54.96197981738363 299.5406666949097 -999.0 5400.0 -999.0 1 325 {-999.0 -999.0 -999.0 -999.0 -999.0} "" -999.0 -999.0 -999.0 -999.0 -999 -999 "" "" "" "" 0 0 0.0 0.0 -999 ""
FIBERMAP 563 R-1C20 METROLOGY 0 0 0 1 0 0 139.64522172675933 -31.94993874235577 143.1 -14.021886243293112 142.5597067428134 251.06726 110.927086 -999.0 -999.0 -999.0 -999.0 -999.0 199.05586891956773 -8.45740325794169 199.07005180570104 -8.604001400699818 54.95997721404402 299.5387716359932 -999.0 6231.0 -999.0 -1 -999 {-999.0 -999.0 -999.0 -999.0 -999.0} "" -999.0 -999.0 -999.0 -999.0 -999 -999 "" "" "" "" 0 0 0.0 0.0 -999 ""
FIBERMAP 564 R+1C4 APOGEE 0 0 0 1 0 0 -201.11389397268255 38.68187663972388 143.1 27.146359152756478 -202.98443267915923 130.41794 22.53288 -999.0 -999.0 -999.0 -999.0 -999.0 199.18149581070628 -9.505023565195158 199.19647573709892 -9.651282932639283 55.718055232171295 298.24933571319866 -999.0 16600.0 -999.0 2 -999 {-999.0 -999.0 -999.0 -999.0 -999.0} "" -999.0 -999.0 -999.0 -999.0 -999 -999 "" "" "" "" 0 0 0.0 0.0 -999 ""
FIBERMAP 564 R+1C4 BOSS 1 1 0 1 0 0 -200.43411618122053 38.37443165222557 143.1 27.22215802139271 -202.24225439930134 130.41794 22.53288 199.18163224392978 -9.502700802823925 -1.509877 -1.5351709 -2.41163 199.18162285418725 -9.502747484570994 199.1967167600843 -9.649098271360048 55.71687753303365 298.2526295345993 5400.0 5400.0 2016.0 1 63 {-999.0 20.764381 20.674917 20.452116 20.436687} sdss_psfmag_from_gaiadr2 20.521029 20.745148 20.426512 -999.0 63050395165367313 1130021675 dark_flexible_3x1 bhm_gua_dark_d3 bhm_filler science 0 0 0.0 0.0 -999 ""
FIBERMAP 564 R+1C4 METROLOGY 0 0 0 1 0 0 -201.04117643430683 37.937423567724935 143.1 27.829215527315256 -202.6792131661327 130.41794 22.53288 -999.0 -999.0 -999.0 -999.0 -999.0 199.18352266732984 -9.50411956728259 199.19858536609854 -9.650442607814252 55.71915590289851 298.2528057298433 -999.0 6231.0 -999.0 -1 -999 {-999.0 -999.0 -999.0 -999.0 -999.0} "" -999.0 -999.0 -999.0 -999.0 -999 -999 "" "" "" "" 0 0 0.0 0.0 -999 ""
FIBERMAP 568 R-13C13 APOGEE 0 0 0 1 0 0 129.31674869912658 -271.4701740344327 143.1 216.38329395360225 208.78132668208073 340.33936 54.0998 -999.0 -999.0 -999.0 -999.0 -999.0 199.75962884525777 -8.259345987207501 199.7737117873104 -8.405271779035107 55.36460936656006 300.58922592418764 -999.0 16600.0 -999.0 2 179 {-999.0 -999.0 -999.0 -999.0 -999.0} "" -999.0 -999.0 -999.0 -999.0 -999 -999 "" ops_sky_apogee_best_unassigned ops_sky sky_apogee 0 0 0.0 0.0 -999 ""
FIBERMAP 568 R-13C13 BOSS 1 1 0 1 0 0 128.69674667314877 -271.87908330033406 143.1 216.96781378065214 208.3231781372612 340.33936 54.0998 199.76124354190142 -8.260691811215343 -0.30048898 -0.31947222 -0.6588164 199.76125924116064 -8.260671620500695 199.77545750591935 -8.406691769627875 55.3668448058896 300.5892960986352 5400.0 5400.0 2016.0 1 430 {-999.0 20.37066 20.072824 19.797428 19.569962} sdss_psfmag_from_gaiadr2 20.343029 20.13373 19.42009 -999.0 63050395165391112 1130022027 dark_flexible_3x1 bhm_gua_dark_d3 bhm_filler science 0 0 0.0 0.0 -999 ""
FIBERMAP 568 R-13C13 METROLOGY 0 0 0 1 0 0 128.6492765613151 -271.1311865707093 143.1 216.27367923959847 208.04080682756214 340.33936 54.0998 -999.0 -999.0 -999.0 -999.0 -999.0 199.75923800292983 -8.261492109800566 199.7734042734627 -8.407486761123499 55.365814900271204 300.5859129318894 -999.0 6231.0 -999.0 -1 -999 {-999.0 -999.0 -999.0 -999.0 -999.0} "" -999.0 -999.0 -999.0 -999.0 -999 -999 "" "" "" "" 0 0 0.0 0.0 -999 ""
FIBERMAP 569 R+13C1 APOGEE 0 0 0 1 0 0 -157.4190737992991 262.69034516817635 143.1 -199.1390048759079 -232.64319207627082 158.13698 95.884094 -999.0 -999.0 -999.0 -999.0 -999.0 198.4880695388957 -9.591607647741428 198.50293773858675 -9.738462139561793 55.23568325079832 297.38081429815566 -999.0 16600.0 -999.0 2 7 {-999.0 -999.0 -999.0 -999.0 -999.0} "" -999.0 -999.0 -999.0 -999.0 -999 -999 "" "" "" "" 0 0 0.0 0.0 -999 ""
FIBERMAP 569 R+13C1 BOSS 1 1 0 1 0 0 -157.23338725977084 263.40966030757767 143.1 -199.88003276227988 -232.69539960562514 158.13698 95.884094 198.4853829313051 -9.591662187446321 -14.119304 11.265496 1.9375296 198.48573461288694 -9.59160599177801 198.50072113437977 -9.738554121533149 55.23401864926136 297.37832776559645 5400.0 5400.0 2016.0 1 7 {-999.0 14.660053 13.992406 13.74334 -999.0} sdss_psfmag_from_g3xp 14.485955 14.02342 13.395437 12.202 63050395165368231 1075906025 bright_1x1 mwm_erosita_stars_boss mwm_erosita science 0 0 1.4051836729049683 0.0 -999 ""
FIBERMAP 569 R+13C1 METROLOGY 0 0 0 1 0 0 -156.69385519465587 262.8847457495867 143.1 -199.55350708042283 -232.0171930793812 158.13698 95.884094 -999.0 -999.0 -999.0 -999.0 -999.0 198.48671159077693 -9.589657196747808 198.50166312335864 -9.736578815034283 55.2335336488976 297.3820596735039 -999.0 6231.0 -999.0 -1 -999 {-999.0 -999.0 -999.0 -999.0 -999.0} "" -999.0 -999.0 -999.0 -999.0 -999 -999 "" "" "" "" 0 0 0.0 0.0 -999 ""
FIBERMAP 570 R+1C20 APOGEE 1 0 0 1 0 0 149.47405170976452 26.50103359829723 143.1 -72.56790013344988 133.3296070198886 358.22122 163.84613 198.83303191889325 -8.499376885796304 -1.7672958 -10.273767 0.24330895 198.87641196466876 -8.485389185603687 198.8904953687553 -8.632072714479127 54.841105895723736 299.3043150996251 16000.0 16600.0 2016.0 2 80 {-999.0 13.724499 13.089872 12.815962 -999.0} sdss_psfmag_from_g3xp 13.55687 13.099688 12.467214 11.172 63050395165389272 1106956347 bright_flexible_3x1 mwm_tess_rgb_apogee mwm_tessrgb science 0 0 0.0 0.0 -999 ""
FIBERMAP 570 R+1C20 BOSS 0 0 0 1 0 0 150.19619849278453 26.29630576440103 143.1 -72.60295024875342 134.0793631066263 358.22122 163.84613 -999.0 -999.0 -999.0 -999.0 -999.0 198.87616099125378 -8.482965786863131 198.89036019116952 -8.629746002056057 54.83952193348008 299.30728378118073 -999.0 5400.0 -999.0 1 242 {-999.0 -999.0 -999.0 -999.0 -999.0} "" -999.0 -999.0 -999.0 -999.0 -999 -999 "" "" "" "" 0 0 0.0 0.0 -999 ""
FIBERMAP 570 R+1C20 METROLOGY 0 0 0 1 0 0 149.6736451755736 25.776796470798534 143.1 -71.94447987865111 133.74872193693577 358.22122 163.84613 -999.0 -999.0 -999.0 -999.0 -999.0 198.8782015205852 -8.48397891308431 198.89236857647336 -8.630729941338643 54.84167970029197 299.30816063774995 -999.0 6231.0 -999.0 -1 -999 {-999.0 -999.0 -999.0 -999.0 -999.0} "" -999.0 -999.0 -999.0 -999.0 -999 -999 "" "" "" "" 0 0 0.0 0.0 -999 ""
FIBERMAP 571 R+11C2 APOGEE 0 0 0 1 0 0 -137.5726790323911 207.15308771322455 143.1 -152.77386904729823 -196.19800253993483 296.57574 139.86667 -999.0 -999.0 -999.0 -999.0 -999.0 198.62944000491794 -9.482987742674737 198.64425902455434 -9.629736078677329 55.27814662969087 297.6818099656481 -999.0 16600.0 -999.0 2 -999 {-999.0 -999.0 -999.0 -999.0 -999.0} "" -999.0 -999.0 -999.0 -999.0 -999 -999 "" "" "" "" 0 0 0.0 0.0 -999 ""
FIBERMAP 571 R+11C2 BOSS 1 1 0 1 0 0 -137.81847132491978 206.37682068812302 143.1 -151.9597604605789 -196.18471622601567 296.57574 139.86667 198.6318023191292 -9.48290327441209 -0.07759679 -0.20946102 0.34067112 198.63180030366703 -9.482885147441252 198.6467381775891 -9.629723377246018 55.280058581369644 297.68448345695083 5400.0 5400.0 2016.0 1 17 {-999.0 20.32306 20.181662 20.040325 19.909071} sdss_psfmag_from_lsdr10 20.40594 20.105225 19.573015 -999.0 63050395165368458 1131646933 dark_flexible_3x1 bhm_spiders_agn_lsdr10_d3 bhm_spiders science 0 0 0.0 0.0 -999 ""
FIBERMAP 571 R+11C2 METROLOGY 0 0 0 1 0 0 -138.28880256467008 206.9370661788527 143.1 -152.3417510459309 -196.80851528533987 296.57574 139.86667 -999.0 -999.0 -999.0 -999.0 -999.0 198.6306413073761 -9.484817255651238 198.64554688807516 -9.631630146253665 55.280316193348284 297.6805776570342 -999.0 6231.0 -999.0 -1 -999 {-999.0 -999.0 -999.0 -999.0 -999.0} "" -999.0 -999.0 -999.0 -999.0 -999 -999 "" "" "" "" 0 0 0.0 0.0 -999 ""
FIBERMAP 573 R-6C13 APOGEE 0 0 0 1 0 0 52.56501113096077 -115.45277345168891 143.1 92.79678422149468 86.486094186385 299.47803 166.77542 -999.0 -999.0 -999.0 -999.0 -999.0 199.38360662281195 -8.627760072379731 199.39791497380543 -8.773970712291113 55.31788039874465 299.67242218008676 -999.0 16600.0 -999.0 2 -999 {-999.0 -999.0 -999.0 -999.0 -999.0} "" -999.0 -999.0 -999.0 -999.0 -999 -999 "" "" "" "" 0 0 0.0 0.0 -999 ""
FIBERMAP 573 R-6C13 BOSS 1 1 0 1 0 0 52.782608082138026 -116.14777507654006 143.1 93.38676793917703 86.91300270622045 299.47803 166.77542 199.38509695734385 -8.626324592478976 1.6512365 -2.69292 0.07745797 199.38534599960573 -8.626329584259471 199.39976892938114 -8.772633726966468 55.31843403416108 299.67628776743516 5400.0 5400.0 2016.0 1 393 {-999.0 16.300589 15.692514 15.511029 -999.0} sdss_psfmag_ps1 16.084698 15.650881 15.0313015 13.814 63050395165387956 1133065845 dark_flexible_3x1 mwm_halo_vmp_xp_boss_triple mwm_halo science 0 0 0.8909503221511841 0.0 -999 ""
FIBERMAP 573 R-6C13 METROLOGY 0 0 0 1 0 0 52.05069284905522 -115.99588938930613 143.1 93.47502628519855 86.17075392186044 299.47803 166.77542 -999.0 -999.0 -999.0 -999.0 -999.0 199.38566136705518 -8.628598098800067 199.400053532907 -8.774874725431264 55.320083394601504 299.6735760359321 -999.0 6231.0 -999.0 -1 -999 {-999.0 -999.0 -999.0 -999.0 -999.0} "" -999.0 -999.0 -999.0 -999.0 -999 -999 "" "" "" "" 0 0 0.0 0.0 -999 ""
FIBERMAP 574 R-2C2 APOGEE 0 0 1 1 0 0 -244.88333785968138 -31.02775548693168 143.1 107.14011343294736 -222.3657116845906 10.145319 169.6892 -999.0 -999.0 -999.0 -999.0 -999.0 199.42684763477246 -9.563064555843678 199.44193975751284 -9.709095513411333 55.9430988279134 298.43815866459954 -999.0 16600.0 -999.0 2 -999 {-999.0 -999.0 -999.0 -999.0 -999.0} "" -999.0 -999.0 -999.0 -999.0 -999 -999 "" "" "" "" 0 0 0.0 0.0 -999 ""
FIBERMAP 574 R-2C2 BOSS 1 0 1 1 0 0 -244.06629548344642 -31.11203999876221 143.1 106.9607351494671 -221.56419464851493 10.145319 169.6892 199.48057241355156 -9.563068319196722 -3.0762682 -11.999324 0.114689894 199.4261994895758 -9.560583458358598 199.4414040559151 -9.706706023938812 55.94119197239104 298.44089735207336 5400.0 5400.0 2016.0 1 513 {-999.0 18.280619 17.822313 17.68719 -999.0} sdss_psfmag_ps1 18.192263 17.845396 17.352371 16.17 63050395165366995 944493778 bright_1x1 openfibertargets_nov2020_6c open_fiber science 0 0 0.0 0.0 -999 ""
FIBERMAP 574 R-2C2 METROLOGY 0 0 1 1 0 0 -244.54430267285898 -31.694503834430495 143.1 107.66476529696712 -221.83261488194748 10.145319 169.6892 -999.0 -999.0 -999.0 -999.0 -999.0 199.42840595350347 -9.561448497501488 199.44357931429056 -9.70754325189304 55.943388418930354 298.4421264527343 -999.0 6231.0 -999.0 -1 -999 {-999.0 -999.0 -999.0 -999.0 -999.0} "" -999.0 -999.0 -999.0 -999.0 -999 -999 "" "" "" "" 0 0 0.0 0.0 -999 ""
FIBERMAP 576 R+4C19 APOGEE 0 0 0 1 0 0 135.67863014432606 71.8274563102005 143.1 -111.1708938242083 105.86288505040787 269.47253 22.072968 -999.0 -999.0 -999.0 -999.0 -999.0 198.75790521697232 -8.568508463610954 198.7720292447982 -8.715283200141855 54.80351906416057 299.0636355467124 -999.0 16600.0 -999.0 2 65 {-999.0 -999.0 -999.0 -999.0 -999.0} "" -999.0 -999.0 -999.0 -999.0 -999 -999 "" ops_sky_apogee_best_unassigned ops_sky sky_apogee 0 0 0.0 0.0 -999 ""
FIBERMAP 576 R+4C19 BOSS 1 1 0 1 0 0 135.44169085728728 72.53003377806246 143.1 -111.76192279610761 105.41523066394399 269.47253 22.072968 198.75586818626658 -8.569587950543275 20.927034 -48.352436 3.1408916 198.75592429077201 -8.569722227959495 198.77016713066143 -8.716594360688559 54.80292699914607 299.0598517516234 5400.0 5400.0 2016.0 1 217 {-999.0 18.888245 17.58974 16.398697 -999.0} sdss_psfmag_ps1 18.409485 17.050074 15.908388 13.86 63050395165389074 1094387753 bright_1x1 mwm_bin_vis_boss mwm_filler science 0 0 0.0 0.0 -999 ""
FIBERMAP 576 R+4C19 METROLOGY 0 0 0 1 0 0 136.17226814441594 72.39753944534291 143.1 -111.86814455348097 106.15005656315661 269.47253 22.072968 -999.0 -999.0 -999.0 -999.0 -999.0 198.75562648017078 -8.567511221128344 198.76983398762547 -8.714356797124744 54.80125369170893 299.06249151794947 -999.0 6231.0 -999.0 -1 -999 {-999.0 -999.0 -999.0 -999.0 -999.0} "" -999.0 -999.0 -999.0 -999.0 -999 -999 "" "" "" "" 0 0 0.0 0.0 -999 ""
FIBERMAP 578 R+9C13 APOGEE 0 0 0 1 0 0 93.20123735166884 160.28205311728257 143.1 -181.56788011204958 37.51078366547585 11.461381 47.907455 -999.0 -999.0 -999.0 -999.0 -999.0 198.5418722145499 -8.775426728788352 198.5561116115307 -8.922357864847537 54.768824379599195 298.5515242404959 -999.0 16600.0 -999.0 2 92 {-999.0 -999.0 -999.0 -999.0 -999.0} "" -999.0 -999.0 -999.0 -999.0 -999 -999 "" ops_sky_apogee_best_unassigned ops_sky sky_apogee 0 0 0.0 0.0 -999 ""
FIBERMAP 578 R+9C13 BOSS 1 1 0 1 0 0 92.84051456683866 159.6426677503345 143.1 -180.84709573474285 37.37164443394174 11.461381 47.907455 198.54391791240369 -8.775749282866265 -999.0 -999.0 -999.0 198.5438933006576 -8.775744013301281 198.55825253172884 -8.922768533538392 54.77072712737952 298.5532762708464 5400.0 5400.0 2016.0 1 159 {-999.0 20.741005 20.875204 20.600498 20.31338} sdss_psfmag_from_lsdr10 20.3347 20.873293 20.265818 -999.0 63050395165376224 1131653013 dark_flexible_3x1 bhm_spiders_agn_lsdr10_d3 bhm_spiders science 0 0 0.0 0.0 -999 ""
FIBERMAP 578 R+9C13 METROLOGY 0 0 0 1 0 0 92.45025125554807 160.27328937501508 143.1 -181.32123201248868 36.80143550062636 11.461381 47.907455 -999.0 -999.0 -999.0 -999.0 -999.0 198.54244903738342 -8.777491974798542 198.55677555719535 -8.924490501094148 54.77067541807864 298.5493646357919 -999.0 6231.0 -999.0 -1 -999 {-999.0 -999.0 -999.0 -999.0 -999.0} "" -999.0 -999.0 -999.0 -999.0 -999 -999 "" "" "" "" 0 0 0.0 0.0 -999 ""
FIBERMAP 579 R+10C17 APOGEE 1 1 0 1 0 0 171.78145772991022 202.42452362027134 143.1 -246.46859244060002 98.65059465719699 116.78063 131.4635 198.34500697217734 -8.59021749571004 -13.589146 -8.0833845 0.60159487 198.34496637527485 -8.590244373651421 198.3590181501604 -8.73737352295043 54.50105723752617 298.5881943015375 16000.0 16600.0 2016.0 2 103 {-999.0 12.173802 11.399334 11.116816 -999.0} sdss_psfmag_from_g3xp 11.958937 11.439978 10.768286 9.388 63050395165378148 1104943586 bright_1x1 mwm_tess_rgb_apogee mwm_tessrgb science 0 0 0.0 0.0 -999 ""
FIBERMAP 579 R+10C17 BOSS 0 0 0 1 0 0 172.0275672585605 203.12321556572005 143.1 -247.2092404236262 98.66222889391047 116.78063 131.4635 -999.0 -999.0 -999.0 -999.0 -999.0 198.34259847605242 -8.59011325440869 198.3567698098882 -8.737340715969898 54.49931013146989 298.58582868900635 -999.0 5400.0 -999.0 1 177 {-999.0 -999.0 -999.0 -999.0 -999.0} "" -999.0 -999.0 -999.0 -999.0 -999 -999 "" "" "" "" 0 0 0.0 0.0 -999 ""
FIBERMAP 579 R+10C17 METROLOGY 0 0 0 1 0 0 172.51928636942472 202.55831356341406 143.1 -246.8296220512647 99.30778701961849 116.78063 131.4635 -999.0 -999.0 -999.0 -999.0 -999.0 198.34374953040174 -8.588171696893113 198.3578855536407 -8.735371194403331 54.49892678717257 298.5896592413798 -999.0 6231.0 -999.0 -1 -999 {-999.0 -999.0 -999.0 -999.0 -999.0} "" -999.0 -999.0 -999.0 -999.0 -999 -999 "" "" "" "" 0 0 0.0 0.0 -999 ""
FIBERMAP 583 R+3C18 APOGEE 0 0 0 1 0 0 118.80945804044204 41.343997919075235 143.1 -76.91096416678482 99.54096456166711 286.04837 82.447876 -999.0 -999.0 -999.0 -999.0 -999.0 198.8628468114737 -8.587716460801643 198.87700884170363 -8.734396258742684 54.89585356732337 299.1523182063154 -999.0 16600.0 -999.0 2 70 {-999.0 -999.0 -999.0 -999.0 -999.0} "" -999.0 -999.0 -999.0 -999.0 -999 -999 "" ops_sky_apogee_best_unassigned ops_sky sky_apogee 0 0 0.0 0.0 -999 ""
FIBERMAP 583 R+3C18 BOSS 1 1 0 1 0 0 118.07036574819334 41.23614008676672 143.1 -76.57412387807335 98.87434394663721 286.04837 82.447876 198.86372860720965 -8.589626179558302 2.9330745 0.33179757 1.1180263 198.86371829910755 -8.589591662968214 198.8779997857299 -8.736366039373184 54.89786077612972 299.1507526717551 5400.0 5400.0 2016.0 1 226 {-999.0 -999.0 -999.0 -999.0 -999.0} "" -999.0 17.605356 -999.0 13.814 63050395165386391 1094390304 bright_1x1 mwm_bin_vis_boss mwm_filler science 0 0 0.0 0.0 -999 ""
FIBERMAP 583 R+3C18 METROLOGY 0 0 0 1 0 0 118.33665969630077 41.92373106771947 143.1 -77.31065112705691 98.90864131883816 286.04837 82.447876 -999.0 -999.0 -999.0 -999.0 -999.0 198.8614849097508 -8.58950323225938 198.8757324723183 -8.73625248619426 54.89605707579308 299.1484314875571 -999.0 6231.0 -999.0 -1 -999 {-999.0 -999.0 -999.0 -999.0 -999.0} "" -999.0 -999.0 -999.0 -999.0 -999 -999 "" "" "" "" 0 0 0.0 0.0 -999 ""
FIBERMAP 584 R+9C4 APOGEE 0 0 0 1 0 0 -134.11021305111888 158.48771276130282 143.1 -107.72534958662348 -177.4699294177492 282.41934 61.4903 -999.0 -999.0 -999.0 -999.0 -999.0 198.7673758278073 -9.427184347586525 198.78218579398936 -9.573820830388213 55.35017693468557 297.9070698495384 -999.0 16600.0 -999.0 2 -999 {-999.0 -999.0 -999.0 -999.0 -999.0} "" -999.0 -999.0 -999.0 -999.0 -999 -999 "" "" "" "" 0 0 0.0 0.0 -999 ""
FIBERMAP 584 R+9C4 BOSS 1 1 0 1 0 0 -134.84284822414077 158.69577367488984 143.1 -107.69013143161108 -178.23068902461975 282.41934 61.4903 198.76733724933348 -9.429477743194697 -999.0 -999.0 -999.0 198.76734061997183 -9.429432199313032 198.78227011238346 -9.576160380326046 55.35169522896997 297.90393571699724 5400.0 5400.0 2016.0 1 15 {-999.0 21.256363 21.158619 20.844637 20.551964} sdss_psfmag_from_lsdr10 20.798044 20.941645 20.29294 -999.0 63050395165368485 1131646938 dark_flexible_3x1 bhm_spiders_agn_lsdr10_d3 bhm_spiders science 0 0 0.0 0.0 -999 ""
FIBERMAP 584 R+9C4 METROLOGY 0 0 0 1 0 0 -134.2971699433849 159.21196778353624 143.1 -108.35279723490473 -177.87706726673164 282.41934 61.4903 -999.0 -999.0 -999.0 -999.0 -999.0 198.7653250900454 -9.428408724393606 198.7802198891211 -9.575112752664024 55.3494601095544 297.90317135012083 -999.0 6231.0 -999.0 -1 -999 {-999.0 -999.0 -999.0 -999.0 -999.0} "" -999.0 -999.0 -999.0 -999.0 -999 -999 "" "" "" "" 0 0 0.0 0.0 -999 ""
FIBERMAP 585 R+12C4 APOGEE 0 0 0 1 0 0 -110.5286140708396 234.6821204902553 143.1 -187.4614071500374 -179.29001057742235 235.71841 42.121662 -999.0 -999.0 -999.0 -999.0 -999.0 198.52333450086275 -9.431406753869489 198.53808541344017 -9.578254768516206 55.164054244779166 297.6391434164774 -999.0 16600.0 -999.0 2 -999 {-999.0 -999.0 -999.0 -999.0 -999.0} "" -999.0 -999.0 -999.0 -999.0 -999 -999 "" "" "" "" 0 0 0.0 0.0 -999 ""
FIBERMAP 585 R+12C4 BOSS 1 1 0 1 0 0 -110.65085057826403 235.3793776982619 143.1 -188.08379395185804 -179.62720852458185 235.71841 42.121662 198.52133338042927 -9.432336016210073 -999.0 -999.0 -999.0 198.52131222522803 -9.432322641590865 198.53618220331293 -9.579264552345109 55.163204526537605 297.63572211277403 5400.0 5400.0 2016.0 1 98 {-999.0 21.752079 20.881826 20.597834 20.399914} sdss_psfmag_from_lsdr10 1e+20 1e+20 1e+20 -999.0 63050397630515650 1131646932 dark_flexible_3x1 bhm_spiders_agn_lsdr10_d3 bhm_spiders science 0 0 0.0 0.0 -999 ""
FIBERMAP 585 R+12C4 METROLOGY 0 0 0 1 0 0 -109.93653055001131 235.13921492378046 143.1 -188.082758608904 -178.87362836842195 235.71841 42.121662 -999.0 -999.0 -999.0 -999.0 -999.0 198.5213100770543 -9.430110970449364 198.53614462649 -9.577027069040007 55.161791178142025 297.63875926957957 -999.0 6231.0 -999.0 -1 -999 {-999.0 -999.0 -999.0 -999.0 -999.0} "" -999.0 -999.0 -999.0 -999.0 -999 -999 "" "" "" "" 0 0 0.0 0.0 -999 ""
FIBERMAP 586 R-5C20 APOGEE 0 0 0 1 0 0 184.27440556163066 -109.950081440229 143.1 45.77866133330662 209.63437069157203 253.18529 108.66157 -999.0 -999.0 -999.0 -999.0 -999.0 199.2392283168715 -8.255190934234902 199.25320198062752 -8.401588061299117 54.969230618464096 300.01164952678266 -999.0 16600.0 -999.0 2 224 {-999.0 -999.0 -999.0 -999.0 -999.0} "" -999.0 -999.0 -999.0 -999.0 -999 -999 "" ops_sky_apogee_best_unassigned ops_sky sky_apogee 0 0 0.0 0.0 -999 ""
FIBERMAP 586 R-5C20 BOSS 1 1 0 1 0 0 183.5552541039929 -109.94440984267342 143.1 46.00151774234114 208.95062872315668 253.18529 108.66157 199.23980712890622 -8.257126966404755 -999.0 -999.0 -999.0 199.23980588275015 -8.257108925395377 199.25389747410316 -8.403601917817642 54.97105315813656 300.00973526129394 5400.0 5400.0 2015.5 1 322 {-999.0 -999.0 -999.0 -999.0 -999.0} "" -999.0 -999.0 -999.0 -999.0 27021603139618923 811721637 "" ops_sky_boss_good ops_sky sky_boss 0 0 0.0 0.0 -999 ""
FIBERMAP 586 R-5C20 METROLOGY 0 0 0 1 0 0 183.8924924043312 -109.29927588355899 143.1 45.282735397316195 209.06567416560713 253.18529 108.66157 -999.0 -999.0 -999.0 -999.0 -999.0 199.23764594219 -8.25675478428737 199.25170386999628 -8.403222368101694 54.96914780580172 300.0078087729605 -999.0 6231.0 -999.0 -1 -999 {-999.0 -999.0 -999.0 -999.0 -999.0} "" -999.0 -999.0 -999.0 -999.0 -999 -999 "" "" "" "" 0 0 0.0 0.0 -999 ""
FIBERMAP 590 R+11C14 APOGEE 1 1 0 1 0 0 137.62372656938393 210.4406225884195 143.1 -243.22941383696192 63.71617050142775 359.37936 105.0723 198.3543436870693 -8.695826894989999 -29.18983 -3.7978723 0.27215034 198.35425993971387 -8.695841420543196 198.36839545592795 -8.842946433323068 54.57465789900964 298.4567615520478 16000.0 16600.0 2016.0 2 55 {-999.0 13.332764 12.656449 12.381225 -999.0} sdss_psfmag_from_g3xp 13.15539 12.677107 12.032829 10.67 63050395165377751 1105565942 bright_flexible_2x1 mwm_tess_rgb_apogee mwm_tessrgb science 0 0 0.0 0.0 -999 ""
FIBERMAP 590 R+11C14 BOSS 0 0 0 1 0 0 137.86676502454893 209.72748594554633 143.1 -242.6303077015098 64.17295960825821 359.37936 105.0723 -999.0 -999.0 -999.0 -999.0 -999.0 198.3559513279813 -8.69436174174442 198.37020611836704 -8.841561305009861 54.57517983559121 298.46055984533945 -999.0 5400.0 -999.0 1 92 {-999.0 -999.0 -999.0 -999.0 -999.0} "" -999.0 -999.0 -999.0 -999.0 -999 -999 "" "" "" "" 0 0 0.0 0.0 -999 ""
FIBERMAP 590 R+11C14 METROLOGY 0 0 0 1 0 0 137.12810276434445 209.88085507384557 143.1 -242.54131476201619 63.423842098843195 359.37936 105.0723 -999.0 -999.0 -999.0 -999.0 -999.0 198.35620192854557 -8.696643375730082 198.37042451985644 -8.843815225605184 54.576763643146 298.4577681837501 -999.0 6231.0 -999.0 -1 -999 {-999.0 -999.0 -999.0 -999.0 -999.0} "" -999.0 -999.0 -999.0 -999.0 -999 -999 "" "" "" "" 0 0 0.0 0.0 -999 ""
FIBERMAP 591 R+11C1 APOGEE 0 0 0 1 0 0 -174.2903118221046 220.80829066436183 143.1 -154.069595812632 -235.34953947314136 97.926125 145.57228 -999.0 -999.0 -999.0 -999.0 -999.0 198.62569119966034 -9.600722114350345 198.64060285649498 -9.747456106421357 55.348061609280215 297.51526701778977 -999.0 16600.0 -999.0 2 9 {-999.0 -999.0 -999.0 -999.0 -999.0} "" -999.0 -999.0 -999.0 -999.0 -999 -999 "" ops_sky_apogee_best_unassigned ops_sky sky_apogee 0 0 0.0 0.0 -999 ""
FIBERMAP 591 R+11C1 BOSS 1 1 0 1 0 0 -173.93585385976849 221.4632154397392 143.1 -154.80312733256093 -235.22127260431313 97.926125 145.57228 198.6234172798742 -9.599977010005034 -104.49811 -86.007935 3.5729663 198.6233422131498 -9.600212298506067 198.63837114792136 -9.747039826663192 55.34607389063494 297.5134563075969 5400.0 5400.0 2016.0 1 9 {-999.0 17.828146 16.681803 15.772152 -999.0} sdss_psfmag_ps1 17.268303 16.332428 15.366339 13.571 63050395165368214 1136359981 dark_flexible_3x1 mwm_halo_local_high_boss_triple mwm_halo science 0 0 0.8178271055221558 0.0 -999 ""
FIBERMAP 591 R+11C1 METROLOGY 0 0 0 1 0 0 -173.54543818264113 220.84545004680916 143.1 -154.34123045079343 -234.65499932547323 97.926125 145.57228 -999.0 -999.0 -999.0 -999.0 -999.0 198.62475201645373 -9.598594474411788 198.6397465059432 -9.745395116208948 55.34612571319405 297.517203425118 -999.0 6231.0 -999.0 -1 -999 {-999.0 -999.0 -999.0 -999.0 -999.0} "" -999.0 -999.0 -999.0 -999.0 -999 -999 "" "" "" "" 0 0 0.0 0.0 -999 ""
FIBERMAP 593 R-1C22 APOGEE 0 0 0 1 0 0 200.1886188449916 -33.3713400260887 143.1 -31.88847311666663 200.4216458012542 334.05365 86.54566 -999.0 -999.0 -999.0 -999.0 -999.0 199.00147402163606 -8.282722041164226 199.01542157857568 -8.429326379869451 54.80671348005889 299.71209447199567 -999.0 16600.0 -999.0 2 205 {-999.0 -999.0 -999.0 -999.0 -999.0} "" -999.0 -999.0 -999.0 -999.0 -999 -999 "" ops_sky_apogee_best_unassigned ops_sky sky_apogee 0 0 0.0 0.0 -999 ""
FIBERMAP 593 R-1C22 BOSS 1 1 0 1 0 0 199.80789259577094 -34.016290348328035 143.1 -31.156063290529342 200.2653042305379 334.05365 86.54566 199.00360107421872 -8.28304153513676 -999.0 -999.0 -999.0 199.0035896882603 -8.283044098336726 199.01765525234657 -8.429743356605597 54.80867712132297 299.7139952723678 5400.0 5400.0 2015.5 1 289 {-999.0 -999.0 -999.0 -999.0 -999.0} "" -999.0 -999.0 -999.0 -999.0 27021603139619710 811721708 "" ops_sky_boss_good ops_sky sky_boss 0 0 0.0 0.0 -999 ""
FIBERMAP 593 R-1C22 METROLOGY 0 0 0 1 0 0 199.4461219643536 -33.35896420924067 143.1 -31.66456499102814 199.71363862609567 334.05365 86.54566 -999.0 -999.0 -999.0 -999.0 -999.0 199.00205853722258 -8.284705836732734 199.0160918775208 -8.431378746112028 54.808537473209945 299.710097255533 -999.0 6231.0 -999.0 -1 -999 {-999.0 -999.0 -999.0 -999.0 -999.0} "" -999.0 -999.0 -999.0 -999.0 -999 -999 "" "" "" "" 0 0 0.0 0.0 -999 ""
FIBERMAP 595 R-3C1 APOGEE 0 0 0 1 0 0 -274.65217129492396 -57.7774721062174 143.1 141.9534079409846 -242.10481926086013 207.04959 85.54526 -999.0 -999.0 -999.0 -999.0 -999.0 199.53324742685473 -9.622009165086805 199.54841694369452 -9.767935312928481 56.06177733809976 298.4735010192447 -999.0 16600.0 -999.0 2 271 {-999.0 -999.0 -999.0 -999.0 -999.0} "" -999.0 -999.0 -999.0 -999.0 -999 -999 "" ops_sky_apogee_best_unassigned ops_sky sky_apogee 0 0 0.0 0.0 -999 ""
FIBERMAP 595 R-3C1 BOSS 1 1 0 1 0 0 -274.9494759533925 -57.08575818528402 143.1 141.3918383718706 -242.6062679413352 207.04959 85.54526 199.53140495824553 -9.623402140707828 0.4481417 -4.256592 -1.0889388 199.53139923252448 -9.623413146153162 199.5466836074171 -9.769431015548214 56.061380814288924 298.4694967518902 5400.0 5400.0 2016.0 1 443 {-999.0 20.747429 20.585627 20.44678 20.358} sdss_psfmag_from_gaiadr2 20.40127 20.578848 19.84664 -999.0 63050395165366823 1130021669 dark_flexible_3x1 bhm_gua_dark_d3 bhm_filler science 0 0 0.0 0.0 -999 ""
FIBERMAP 595 R-3C1 METROLOGY 0 0 0 1 0 0 -274.19724039396914 -57.19159172696729 143.1 141.25346166458527 -241.85936562685387 207.04959 85.54526 -999.0 -999.0 -999.0 -999.0 -999.0 199.53104568159765 -9.621247528169759 199.54629579441144 -9.767240468008703 56.05971198468932 298.47212886015745 -999.0 6231.0 -999.0 -1 -999 {-999.0 -999.0 -999.0 -999.0 -999.0} "" -999.0 -999.0 -999.0 -999.0 -999 -999 "" "" "" "" 0 0 0.0 0.0 -999 ""
FIBERMAP 596 R-5C10 APOGEE 0 0 0 1 0 0 -49.89074456844213 -107.04020021384174 143.1 117.33550484739393 -13.338388444589098 254.47621 64.450066 -999.0 -999.0 -999.0 -999.0 -999.0 199.459008745179 -8.930644062170296 199.4735839747866 -9.076740838403259 55.5685119490054 299.3452394707027 -999.0 16600.0 -999.0 2 269 {-999.0 -999.0 -999.0 -999.0 -999.0} "" -999.0 -999.0 -999.0 -999.0 -999 -999 "" ops_sky_apogee_best_unassigned ops_sky sky_apogee 0 0 0.0 0.0 -999 ""
FIBERMAP 596 R-5C10 BOSS 1 1 0 1 0 0 -50.470507040331114 -106.56748150091748 143.1 117.07124213823691 -14.038178613932295 254.47621 64.450066 199.4581604003906 -8.93265507030361 -999.0 -999.0 -999.0 199.4581452875187 -8.932681519878962 199.47283686831884 -9.078872166350466 55.56929727426124 299.3415001618282 5400.0 5400.0 2015.5 1 370 {-999.0 -999.0 -999.0 -999.0 -999.0} "" -999.0 -999.0 -999.0 -999.0 27021603139614235 811721003 "" ops_sky_boss_good ops_sky sky_boss 0 0 0.0 0.0 -999 ""
FIBERMAP 596 R-5C10 METROLOGY 0 0 0 1 0 0 -49.78156394951439 -106.30009860624516 143.1 116.59904641443134 -13.46974034568885 254.47621 64.450066 -999.0 -999.0 -999.0 -999.0 -999.0 199.4567415119326 -8.93098459036971 199.4713988123275 -9.077150298036287 55.5671065205113 299.3422545652637 -999.0 6231.0 -999.0 -1 -999 {-999.0 -999.0 -999.0 -999.0 -999.0} "" -999.0 -999.0 -999.0 -999.0 -999 -999 "" "" "" "" 0 0 0.0 0.0 -999 ""
FIBERMAP 601 R+5C20 APOGEE 0 0 0 1 0 0 179.8902682379574 105.31872613007039 143.1 -156.96059006271213 137.1579722850405 146.3457 113.796364 -999.0 -999.0 -999.0 -999.0 -999.0 198.61822714526144 -8.473810592695571 198.63224665716007 -8.620721616558749 54.636704072019825 299.03854392566296 -999.0 16600.0 -999.0 2 117 {-999.0 -999.0 -999.0 -999.0 -999.0} "" -999.0 -999.0 -999.0 -999.0 -999 -999 "" ops_sky_apogee_best_unassigned ops_sky sky_apogee 0 0 0.0 0.0 -999 ""
FIBERMAP 601 R+5C20 BOSS 1 1 0 1 0 0 180.00959250934338 106.05486317549894 143.1 -157.6965083181737 137.03749741488215 146.3457 113.796364 198.6158211884574 -8.474039810638708 -5.9004326 -0.083610415 0.24610512 198.61582069270912 -8.474045682750914 198.62995886256556 -8.621055210371116 54.63516641044887 299.0356202690787 5400.0 5400.0 2016.0 1 202 {-999.0 18.875494 18.46588 18.158562 -999.0} sdss_psfmag_ps1 18.734142 18.436434 17.981153 -999.0 63050395165389228 944494129 bright_1x1 openfibertargets_nov2020_6c open_fiber science 0 0 0.0 0.0 -999 ""
FIBERMAP 601 R+5C20 METROLOGY 0 0 0 1 0 0 180.59246584526886 105.5904033989562 143.1 -157.44106450542333 137.7376163802829 146.3457 113.796364 -999.0 -999.0 -999.0 -999.0 -999.0 198.61662126323282 -8.47193648292944 198.630724227389 -8.618918312077907 54.634396698922686 299.0393042767787 -999.0 6231.0 -999.0 -1 -999 {-999.0 -999.0 -999.0 -999.0 -999.0} "" -999.0 -999.0 -999.0 -999.0 -999 -999 "" "" "" "" 0 0 0.0 0.0 -999 ""
FIBERMAP 602 R+3C5 APOGEE 0 0 0 1 0 0 -164.57949519342407 41.247010184167294 143.1 13.11915476571017 -169.15443988794044 311.12646 83.41463 -999.0 -999.0 -999.0 -999.0 -999.0 199.13851198711657 -9.402903338966741 199.15339720137354 -9.54921621692699 55.62113193422762 298.3436245609864 -999.0 16600.0 -999.0 2 24 {-999.0 -999.0 -999.0 -999.0 -999.0} "" -999.0 -999.0 -999.0 -999.0 -999 -999 "" ops_sky_apogee_best_unassigned ops_sky sky_apogee 0 0 0.0 0.0 -999 ""
FIBERMAP 602 R+3C5 BOSS 1 1 0 1 0 0 -165.20111920011072 40.84250983392059 143.1 13.700008560160315 -169.6155257328686 311.12646 83.41463 199.14019449729483 -9.404281701142946 -999.0 -999.0 -999.0 199.1401849073545 -9.404269939830552 199.15518771907955 -9.550672802258262 55.62342066047399 298.34356630410883 5400.0 5400.0 2016.0 1 41 {-999.0 22.1874 21.701437 21.440624 21.23074} sdss_psfmag_from_lsdr10 1e+20 1e+20 1e+20 -999.0 63050398345048477 1131646943 dark_flexible_3x1 bhm_spiders_agn_lsdr10_d3 bhm_spiders science 0 0 0.0 0.0 -999 ""
FIBERMAP 602 R+3C5 METROLOGY 0 0 0 1 0 0 -165.26113936738085 41.5800450659235 143.1 13.01968237135289 -169.9065093563898 311.12646 83.41463 -999.0 -999.0 -999.0 -999.0 -999.0 199.13812757677428 -9.40519514476333 199.15309773719434 -9.551573716763471 55.62237531676768 298.340038995916 -999.0 6231.0 -999.0 -1 -999 {-999.0 -999.0 -999.0 -999.0 -999.0} "" -999.0 -999.0 -999.0 -999.0 -999 -999 "" "" "" "" 0 0 0.0 0.0 -999 ""
FIBERMAP 603 R-11C2 APOGEE 0 0 0 1 0 0 -127.97343816352017 -212.58222615045133 143.1 242.1975312528963 -53.885522489822435 36.541344 78.720665 -999.0 -999.0 -999.0 -999.0 -999.0 199.84062109831396 -9.052998567064867 199.85538935814475 -9.198729667262784 55.936855135336394 299.60459894602945 -999.0 16600.0 -999.0 2 -999 {-999.0 -999.0 -999.0 -999.0 -999.0} "" -999.0 -999.0 -999.0 -999.0 -999 -999 "" "" "" "" 0 0 0.0 0.0 -999 ""
FIBERMAP 603 R-11C2 BOSS 1 1 0 1 0 0 -127.65750843939747 -213.25701771293612 143.1 242.7371430685566 -53.371783008318815 36.541344 78.720665 199.84226745312327 -9.05134307478528 0.35922635 -0.38548726 0.14802869 199.842169528868 -9.051351798387174 199.85704983889002 -9.197174157255608 55.937125532935035 299.6086044311511 5400.0 5400.0 2016.0 1 516 {-999.0 19.603785 19.409956 19.243874 19.120533} sdss_psfmag_from_gaiadr2 19.562515 19.414282 18.904596 -999.0 63050395165379997 1130021861 dark_flexible_3x1 bhm_gua_dark_d3 bhm_filler science 0 0 0.0 0.0 -999 ""
FIBERMAP 603 R-11C2 METROLOGY 0 0 0 1 0 0 -128.39545197886278 -213.19980412646413 143.1 242.91708828838603 -54.08970244007456 36.541344 78.720665 -999.0 -999.0 -999.0 -999.0 -999.0 199.84279092676732 -9.053557513059939 199.8576412071534 -9.199352768405799 55.93896465544958 299.60627326111955 -999.0 6231.0 -999.0 -1 -999 {-999.0 -999.0 -999.0 -999.0 -999.0} "" -999.0 -999.0 -999.0 -999.0 -999 -999 "" "" "" "" 0 0 0.0 0.0 -999 ""
FIBERMAP 606 R-1C4 APOGEE 0 0 0 1 0 0 -205.2600865769115 -3.5114653943487806 143.1 68.47244684219478 -193.52534632967135 96.34831 79.88914 -999.0 -999.0 -999.0 -999.0 -999.0 199.3084387871546 -9.476422492453663 199.32342813711773 -9.622572720697868 55.79782721978015 298.42816922220175 -999.0 16600.0 -999.0 2 -999 {-999.0 -999.0 -999.0 -999.0 -999.0} "" -999.0 -999.0 -999.0 -999.0 -999 -999 "" "" "" "" 0 0 0.0 0.0 -999 ""
FIBERMAP 606 R-1C4 BOSS 1 1 0 1 0 0 -204.48984020398618 -3.5415432188205322 143.1 68.2565180501469 -192.7854074193327 96.34831 79.88914 199.307500912909 -9.47411866603791 -30.737654 -6.7732673 0.83203846 199.3076827495107 -9.47415023626455 199.32278528497739 -9.620392653881282 55.79596860303078 298.4304886596736 5400.0 5400.0 2016.0 1 510 {-999.0 15.988985 15.579719 15.327373 -999.0} sdss_psfmag_ps1 15.86445 15.511958 14.993217 13.98 63050395165367407 1136360008 dark_flexible_3x1 mwm_halo_local_high_boss_triple mwm_halo science 0 0 0.9411516785621643 0.0 -999 ""
FIBERMAP 606 R-1C4 METROLOGY 0 0 0 1 0 0 -204.9173283976315 -4.176307516459563 143.1 68.99410955748891 -192.989324137146 96.34831 79.88914 -999.0 -999.0 -999.0 -999.0 -999.0 199.30998857977207 -9.474815862875662 199.32505959166406 -9.621030273772453 55.79811659569976 298.43210025067873 -999.0 6231.0 -999.0 -1 -999 {-999.0 -999.0 -999.0 -999.0 -999.0} "" -999.0 -999.0 -999.0 -999.0 -999 -999 "" "" "" "" 0 0 0.0 0.0 -999 ""
FIBERMAP 609 R+3C17 APOGEE 0 0 0 1 0 0 110.73897564385712 42.68729591014496 143.1 -75.62345841573 91.46173756396325 339.4972 72.94555 -999.0 -999.0 -999.0 -999.0 -999.0 198.86673886796623 -8.612207418024274 198.88092127097536 -8.758880054113243 54.91438042010015 299.12367640697585 -999.0 16600.0 -999.0 2 -999 {-999.0 -999.0 -999.0 -999.0 -999.0} "" -999.0 -999.0 -999.0 -999.0 -999 -999 "" "" "" "" 0 0 0.0 0.0 -999 ""
FIBERMAP 609 R+3C17 BOSS 1 1 0 1 0 0 110.19038798546981 42.037246979114755 143.1 -74.83294020533425 91.14783799332237 339.4972 72.94555 198.8690185546875 -8.61301431847177 -999.0 -999.0 -999.0 198.8690043029146 -8.613017474720115 198.88330558084454 -8.759783515408456 54.916775074143 299.12506275824865 5400.0 5400.0 2015.5 1 227 {-999.0 -999.0 -999.0 -999.0 -999.0} "" -999.0 -999.0 -999.0 -999.0 27021603139618192 811721507 "" ops_sky_boss_good ops_sky sky_boss 0 0 0.0 0.0 -999 ""
FIBERMAP 609 R+3C17 METROLOGY 0 0 0 1 0 0 109.99483022754903 42.76309707229814 143.1 -75.45917076803366 90.73203807223936 339.4972 72.94555 -999.0 -999.0 -999.0 -999.0 -999.0 198.86710604336605 -8.614294766317451 198.8813745662394 -8.761035208716871 54.91609408227829 299.1212727709722 -999.0 6231.0 -999.0 -1 -999 {-999.0 -999.0 -999.0 -999.0 -999.0} "" -999.0 -999.0 -999.0 -999.0 -999 -999 "" "" "" "" 0 0 0.0 0.0 -999 ""
FIBERMAP 616 R+10C3 APOGEE 0 0 0 1 0 0 -121.83117032488633 195.42091777847082 143.1 -146.6445577685389 -177.54757465613173 3.5441828 120.6432 -999.0 -999.0 -999.0 -999.0 -999.0 198.64812800970842 -9.426872394683421 198.662907228682 -9.573612894596684 55.25781628376349 297.77913315671697 -999.0 16600.0 -999.0 2 13 {-999.0 -999.0 -999.0 -999.0 -999.0} "" -999.0 -999.0 -999.0 -999.0 -999 -999 "" ops_sky_apogee_best_unassigned ops_sky sky_apogee 0 0 0.0 0.0 -999 ""
FIBERMAP 616 R+10C3 BOSS 1 1 0 1 0 0 -121.40815284298844 194.8212689890282 143.1 -146.21018684232473 -176.9561360179838 3.5441828 120.6432 198.6492919921875 -9.425052517223477 -999.0 -999.0 -999.0 198.64931403175024 -9.425031143726464 198.66421036746453 -9.5718630525801 55.25773962813188 297.7829402851174 5400.0 5400.0 2015.5 1 16 {-999.0 -999.0 -999.0 -999.0 -999.0} "" -999.0 -999.0 -999.0 -999.0 27021603139608036 820070582 "" ops_sky_boss_good ops_sky sky_boss 0 0 0.0 0.0 -999 ""
FIBERMAP 616 R+10C3 METROLOGY 0 0 0 1 0 0 -122.156094497702 194.74079119599347 143.1 -145.89650143718765 -177.63983762866957 3.5441828 120.6432 -999.0 -999.0 -999.0 -999.0 -999.0 198.65028637824108 -9.42715277337479 198.66515112664808 -9.573957392724218 55.25976595417973 297.78106602111336 -999.0 6231.0 -999.0 -1 -999 {-999.0 -999.0 -999.0 -999.0 -999.0} "" -999.0 -999.0 -999.0 -999.0 -999 -999 "" "" "" "" 0 0 0.0 0.0 -999 ""
FIBERMAP 617 R-4C3 APOGEE 0 0 0 1 0 0 -209.06998025429388 -80.875092469252 143.1 143.0423512626666 -172.58549249906238 140.88943 164.48566 -999.0 -999.0 -999.0 -999.0 -999.0 199.53723224680857 -9.412738048610278 199.55222768073634 -9.558691747551403 55.93341738009747 298.76906962876143 -999.0 16600.0 -999.0 2 242 {-999.0 -999.0 -999.0 -999.0 -999.0} "" -999.0 -999.0 -999.0 -999.0 -999 -999 "" ops_sky_apogee_best_unassigned ops_sky sky_apogee 0 0 0.0 0.0 -999 ""
FIBERMAP 617 R-4C3 BOSS 1 1 0 1 0 0 -209.49337020021508 -80.2461870909924 143.1 142.58035571422343 -173.1865693897302 140.88943 164.48566 199.5357447404987 -9.414525281141858 -999.0 -999.0 -999.0 199.53572506777022 -9.414496221669593 199.55083584451177 -9.560542196377549 55.93351450527908 298.76496032415764 5400.0 5400.0 2016.0 1 499 {-999.0 23.914442 23.029562 22.318819 21.815725} sdss_fiber2mag_from_lsdr10 1e+20 1e+20 1e+20 -999.0 63050398345015155 1131646953 dark_flexible_3x1 bhm_spiders_agn_lsdr10_d3 bhm_spiders science 0 0 0.0 0.0 -999 ""
FIBERMAP 617 R-4C3 METROLOGY 0 0 0 1 0 0 -208.74851743460383 -80.19017468437531 143.1 142.2908501469048 -172.49803235346087 140.88943 164.48566 -999.0 -999.0 -999.0 -999.0 -999.0 199.5348990778937 -9.412474649008931 199.54997557622232 -9.558495842254445 55.9315677854619 298.76684746614904 -999.0 6231.0 -999.0 -1 -999 {-999.0 -999.0 -999.0 -999.0 -999.0} "" -999.0 -999.0 -999.0 -999.0 -999 -999 "" "" "" "" 0 0 0.0 0.0 -999 ""
FIBERMAP 618 R+8C5 APOGEE 0 0 0 1 0 0 -103.07264184519877 163.36497655104134 143.1 -122.20054405658698 -149.58614659769057 34.33408 124.518654 -999.0 -999.0 -999.0 -999.0 -999.0 198.72295618159873 -9.342790053939426 198.7376874324881 -9.48947798921817 55.26337511809253 297.9752271614281 -999.0 16600.0 -999.0 2 42 {-999.0 -999.0 -999.0 -999.0 -999.0} "" -999.0 -999.0 -999.0 -999.0 -999 -999 "" ops_sky_apogee_best_unassigned ops_sky sky_apogee 0 0 0.0 0.0 -999 ""
FIBERMAP 618 R+8C5 BOSS 1 1 0 1 0 0 -102.38108214959301 163.10103885285582 143.1 -122.16974055700467 -148.84660377318377 34.33408 124.518654 198.72289155316386 -9.340495014259156 0.66375136 -5.7145615 0.10978918 198.72289441591127 -9.340507762167737 198.7377418176103 -9.487288545043903 55.262055244853734 297.9782943117418 5400.0 5400.0 2016.0 1 70 {-999.0 18.28117 17.937696 17.807184 17.764822} sdss_psfmag_from_gaia 18.2284 17.9475 17.4783 16.506 63050395165369333 968313463 "" ops_std_boss_gdr2 ops_std standard_boss 0 0 0.0 0.0 -999 ""
FIBERMAP 618 R+8C5 METROLOGY 0 0 0 1 0 0 -102.95369363117244 162.63312258719023 143.1 -121.54430696833639 -149.24108695503878 34.33408 124.518654 -999.0 -999.0 -999.0 -999.0 -999.0 198.7248289291262 -9.341754456812604 198.7396443693017 -9.488507159144925 55.26428256510336 297.97866830418127 -999.0 6231.0 -999.0 -1 -999 {-999.0 -999.0 -999.0 -999.0 -999.0} "" -999.0 -999.0 -999.0 -999.0 -999 -999 "" "" "" "" 0 0 0.0 0.0 -999 ""
FIBERMAP 621 R-1C10 APOGEE 0 0 0 1 0 0 -78.68960177189109 -29.54327368415533 143.1 52.98812188404462 -65.24209542246244 242.09915 140.8852 -999.0 -999.0 -999.0 -999.0 -999.0 199.26135632701778 -9.08818829407023 199.2760143687275 -9.234438865655237 55.51749095894441 298.9111835640472 -999.0 16600.0 -999.0 2 -999 {-999.0 -999.0 -999.0 -999.0 -999.0} "" -999.0 -999.0 -999.0 -999.0 -999 -999 "" "" "" "" 0 0 0.0 0.0 -999 ""
FIBERMAP 621 R-1C10 BOSS 1 1 0 1 0 0 -79.38358740291676 -29.829284598856937 143.1 53.47958213256427 -65.80940341709592 242.09915 140.8852 199.2627825025481 -9.089862144940966 -999.0 -999.0 -999.0 199.26278154982853 -9.089855164054121 199.27755696799932 -9.236197136994601 55.51978178415116 298.9104727105475 5400.0 5400.0 2016.0 1 509 {-999.0 22.109623 21.063189 21.04014 21.171358} sdss_psfmag_from_lsdr10 20.50156 20.89488 20.487143 -999.0 63050395165380762 1131650968 dark_flexible_3x1 bhm_spiders_agn_lsdr10_d3 bhm_spiders science 0 0 0.0 0.0 -999 ""
FIBERMAP 621 R-1C10 METROLOGY 0 0 0 1 0 0 -79.28753644678056 -29.093860353955936 143.1 52.75172596648501 -65.95172120382108 242.09915 140.8852 -999.0 -999.0 -999.0 -999.0 -999.0 199.2605814760184 -9.090319397360737 199.2753239726004 -9.236636933745409 55.51835002124274 298.9074126091171 -999.0 6231.0 -999.0 -1 -999 {-999.0 -999.0 -999.0 -999.0 -999.0} "" -999.0 -999.0 -999.0 -999.0 -999 -999 "" "" "" "" 0 0 0.0 0.0 -999 ""
FIBERMAP 622 R-9C14 APOGEE 0 0 0 1 0 0 119.7920173601656 -176.9536420127405 143.1 129.77995218946535 169.75303510532567 36.998386 66.78785 -999.0 -999.0 -999.0 -999.0 -999.0 199.49634745865188 -8.376017293662827 199.51047285503773 -8.522164682462826 55.241565104966575 300.13682430233644 -999.0 16600.0 -999.0 2 198 {-999.0 -999.0 -999.0 -999.0 -999.0} "" -999.0 -999.0 -999.0 -999.0 -999 -999 "" ops_sky_apogee_best_unassigned ops_sky sky_apogee 0 0 0.0 0.0 -999 ""
FIBERMAP 622 R-9C14 BOSS 1 1 0 1 0 0 119.96096583003438 -177.67425743721594 143.1 130.4096638249495 170.14194121563733 36.998386 66.78785 199.49818791556172 -8.37472100167793 -999.0 -999.0 -999.0 199.49818229456366 -8.37471448577584 199.51242200694446 -8.520956259919702 55.24226049945835 300.14062392621656 5400.0 5400.0 2016.0 1 274 {-999.0 -999.0 -999.0 -999.0 -999.0} "" -999.0 -999.0 -999.0 -999.0 63050399059972569 1164553321 dark_1x1 openfibertargets_bhm_iragn_boss open_fiber science 0 0 0.0 0.0 -999 ""
FIBERMAP 622 R-9C14 METROLOGY 0 0 0 1 0 0 119.24926703806241 -177.46539864245375 143.1 130.43748087661046 169.40078150420973 36.998386 66.78785 -999.0 -999.0 -999.0 -999.0 -999.0 199.49832631129297 -8.376953528869295 199.51253530632164 -8.52316766110363 55.24377116861047 300.13778429235117 -999.0 6231.0 -999.0 -1 -999 {-999.0 -999.0 -999.0 -999.0 -999.0} "" -999.0 -999.0 -999.0 -999.0 -999 -999 "" "" "" "" 0 0 0.0 0.0 -999 ""
FIBERMAP 625 R+1C2 APOGEE 0 0 0 1 0 0 -265.2574316776149 23.14931678374201 143.1 62.23225971428911 -258.8796195471032 98.88401 158.79169 -999.0 -999.0 -999.0 -999.0 -999.0 199.28889632170217 -9.673073620207633 199.30404304882563 -9.819212075138081 55.90562705275567 298.13322331357205 -999.0 16600.0 -999.0 2 -999 {-999.0 -999.0 -999.0 -999.0 -999.0} "" -999.0 -999.0 -999.0 -999.0 -999 -999 "" "" "" "" 0 0 0.0 0.0 -999 ""
FIBERMAP 625 R+1C2 BOSS 1 1 0 1 0 0 -265.13190899125163 23.859759527084705 143.1 61.51873914841148 -258.98606220342475 98.88401 158.79169 199.2862381991652 -9.673279456008705 -4.838134 -5.472206 0.17865738 199.28659216173187 -9.673304621953914 199.3018537142807 -9.819535423900414 55.904139962168735 298.13037638405626 5400.0 5400.0 2016.0 1 11 {-999.0 14.07631 14.178291 14.284812 -999.0} sdss_psfmag_from_g3xp 14.17406 14.092403 13.951356 13.577 63050395165366727 1061041608 dark_flexible_2x1 manual_mwm_halo_distant_bhb_boss mwm_halo science 0 0 1.2980611324310303 0.0 -999 ""
FIBERMAP 625 R+1C2 METROLOGY 0 0 0 1 0 0 -264.55013885763145 23.392699370621116 143.1 61.77699891478535 -258.2861640863962 98.88401 158.79169 -999.0 -999.0 -999.0 -999.0 -999.0 199.2874332804934 -9.671278212069982 199.30266071957567 -9.817482972386324 55.903484699184766 298.1341248162636 -999.0 6231.0 -999.0 -1 -999 {-999.0 -999.0 -999.0 -999.0 -999.0} "" -999.0 -999.0 -999.0 -999.0 -999 -999 "" "" "" "" 0 0 0.0 0.0 -999 ""
FIBERMAP 628 R-7C16 APOGEE 0 0 0 1 0 0 129.75353925294652 -131.4728727673431 143.1 83.49094088661795 164.76506917404186 328.04898 166.48445 -999.0 -999.0 -999.0 -999.0 -999.0 199.35480621177337 -8.390780503633104 199.36891413904675 -8.537053223181877 55.14399194285677 299.95903529000697 -999.0 16600.0 -999.0 2 207 {-999.0 -999.0 -999.0 -999.0 -999.0} "" -999.0 -999.0 -999.0 -999.0 -999 -999 "" ops_sky_apogee_best_unassigned ops_sky sky_apogee 0 0 0.0 0.0 -999 ""
FIBERMAP 628 R-7C16 BOSS 1 1 0 1 0 0 130.29004446650893 -132.01236047156908 143.1 83.83224630978856 165.44503048828062 328.04898 166.48445 199.3557468698188 -8.388594697382173 -999.0 -999.0 -999.0 199.35576013946675 -8.388577834824183 199.36998211053356 -8.53494598390941 55.14344671818798 299.96304769372296 5400.0 5400.0 2016.0 1 292 {-999.0 21.092411 20.929487 20.789827 20.69982} sdss_psfmag_from_gaiadr2 20.792122 20.922983 20.233562 -999.0 63050395165388363 1130021980 dark_flexible_3x1 bhm_gua_dark_d3 bhm_filler science 0 0 0.0 0.0 -999 ""
FIBERMAP 628 R-7C16 METROLOGY 0 0 0 1 0 0 129.56578977016858 -132.19882622893675 143.1 84.23891833215238 164.81742727928548 328.04898 166.48445 -999.0 -999.0 -999.0 -999.0 -999.0 199.35705213603057 -8.390481636153922 199.37124315670064 -8.53682113425582 55.145607305727324 299.96193656014776 -999.0 6231.0 -999.0 -1 -999 {-999.0 -999.0 -999.0 -999.0 -999.0} "" -999.0 -999.0 -999.0 -999.0 -999 -999 "" "" "" "" 0 0 0.0 0.0 -999 ""
FIBERMAP 629 R0C19 APOGEE 0 0 0 1 0 0 127.60165237258396 -14.912068383701106 143.1 -26.355978746788498 125.73203254002372 23.902552 31.67865 -999.0 -999.0 -999.0 -999.0 -999.0 199.01806460255543 -8.508466733456448 199.03219667988822 -8.65502175802274 54.96371682534477 299.4287510884531 -999.0 16600.0 -999.0 2 90 {-999.0 -999.0 -999.0 -999.0 -999.0} "" -999.0 -999.0 -999.0 -999.0 -999 -999 "" ops_sky_apogee_best_unassigned ops_sky sky_apogee 0 0 0.0 0.0 -999 ""
FIBERMAP 629 R0C19 BOSS 1 1 0 1 0 0 127.18441717950552 -15.527594744731994 143.1 -25.639883748542687 125.53173284855995 23.902552 31.67865 199.02014323761506 -8.508893302773588 -0.30121678 -1.5117972 0.12709959 199.02013060703095 -8.50891651173716 199.03438059252414 -8.655565444816135 54.965726806821415 299.4304191755093 5400.0 5400.0 2016.0 1 253 {-999.0 20.785692 20.644632 20.550087 20.469177} sdss_psfmag_from_lsdr10 20.694542 20.580978 19.84379 -999.0 63050395165387757 1131655022 dark_flexible_3x1 bhm_spiders_agn_lsdr10_d3 bhm_spiders science 0 0 0.0 0.0 -999 ""
FIBERMAP 629 R0C19 METROLOGY 0 0 0 1 0 0 126.84894877864373 -14.864398083085765 143.1 -26.162299671979902 125.00314546952916 23.902552 31.67865 -999.0 -999.0 -999.0 -999.0 -999.0 199.01855587939392 -8.510530359332668 199.03277364280882 -8.657153285048997 54.96551516976234 299.4265239543271 -999.0 6231.0 -999.0 -1 -999 {-999.0 -999.0 -999.0 -999.0 -999.0} "" -999.0 -999.0 -999.0 -999.0 -999 -999 "" "" "" "" 0 0 0.0 0.0 -999 ""
FIBERMAP 632 R-6C1 APOGEE 0 0 0 1 0 0 -230.99745288282668 -136.9443611619654 143.1 203.16959614138125 -175.58391496122567 319.9333 28.481281 -999.0 -999.0 -999.0 -999.0 -999.0 199.7209873729432 -9.421030213830711 199.73603698999966 -9.566815681300186 56.07930268435911 298.96201285240613 -999.0 16600.0 -999.0 2 274 {-999.0 -999.0 -999.0 -999.0 -999.0} "" -999.0 -999.0 -999.0 -999.0 -999 -999 "" ops_sky_apogee_best_unassigned ops_sky sky_apogee 0 0 0.0 0.0 -999 ""
FIBERMAP 632 R-6C1 BOSS 1 1 0 1 0 0 -231.74016426606957 -136.79867367801978 143.1 203.26715832673855 -176.33443419256713 319.9333 28.481281 199.72116362323774 -9.42326818354381 1.5036162 0.43221375 -1.5272485 199.72116030635138 -9.423195718891167 199.73632521837067 -9.569071630060234 56.0809463224092 298.95919732262064 5400.0 5400.0 2016.0 1 446 {-999.0 20.589453 20.231245 20.204557 20.237394} sdss_psfmag_from_lsdr10 20.463007 20.427061 19.699629 -999.0 63050395165378430 1131646958 dark_flexible_3x1 bhm_spiders_agn_lsdr10_d3 bhm_spiders science 0 0 0.0 0.0 -999 ""
FIBERMAP 632 R-6C1 METROLOGY 0 0 0 1 0 0 -231.2661928541645 -136.2413018230092 143.1 202.58820270143937 -176.06187756920568 319.9333 28.481281 -999.0 -999.0 -999.0 -999.0 -999.0 199.71916365102896 -9.422444591453168 199.73429527898452 -9.568296673349483 56.07890427446226 298.9580121772503 -999.0 6231.0 -999.0 -1 -999 {-999.0 -999.0 -999.0 -999.0 -999.0} "" -999.0 -999.0 -999.0 -999.0 -999 -999 "" "" "" "" 0 0 0.0 0.0 -999 ""
FIBERMAP 633 R+7C5 APOGEE 0 0 0 1 0 0 -116.58157523609378 141.23447792684843 143.1 -96.9278125058105 -155.37263906415106 350.5348 155.99197 -999.0 -999.0 -999.0 -999.0 -999.0 198.8004751664969 -9.360569171629466 198.81524019615256 -9.507186678849894 55.33427194528895 298.0344803302831 -999.0 16600.0 -999.0 2 34 {-999.0 -999.0 -999.0 -999.0 -999.0} "" -999.0 -999.0 -999.0 -999.0 -999 -999 "" ops_sky_apogee_best_unassigned ops_sky sky_apogee 0 0 0.0 0.0 -999 ""
FIBERMAP 633 R+7C5 BOSS 1 1 0 1 0 0 -115.97447016315455 140.80252397767657 143.1 -96.71088298390568 -154.65985839035937 350.5348 155.99197 198.800772055099 -9.358210636213569 -27.66778 -55.253475 0.9621684 198.80098971421637 -9.358377076675879 198.8158707376333 -9.505086741079957 55.33345140278265 298.0380502780014 5400.0 5400.0 2016.0 1 57 {-999.0 15.275331 14.9117 14.767083 -999.0} sdss_psfmag_from_g3xp 15.212245 14.910122 14.433331 13.545 63050395165369258 1135976702 dark_flexible_3x1 mwm_halo_local_high_boss_triple mwm_halo science 0 0 1.0948801040649414 0.0 -999 ""
FIBERMAP 633 R+7C5 METROLOGY 0 0 0 1 0 0 -116.63063767983057 140.49137988353635 143.1 -96.20759216763568 -155.18332858149705 350.5348 155.99197 -999.0 -999.0 -999.0 -999.0 -999.0 198.80255508850442 -9.360011045308129 198.8174044789846 -9.506692936350722 55.335635123779994 298.0374958940215 -999.0 6231.0 -999.0 -1 -999 {-999.0 -999.0 -999.0 -999.0 -999.0} "" -999.0 -999.0 -999.0 -999.0 -999 -999 "" "" "" "" 0 0 0.0 0.0 -999 ""
FIBERMAP 634 R+2C21 APOGEE 0 0 0 1 0 0 180.18358462379067 47.49889079703603 143.1 -102.22548743278051 155.7861888148252 37.073826 154.99918 -999.0 -999.0 -999.0 -999.0 -999.0 198.78579462417034 -8.41746267238324 198.79980496247958 -8.56423614712698 54.728766643190866 299.29606967012313 -999.0 16600.0 -999.0 2 73 {-999.0 -999.0 -999.0 -999.0 -999.0} "" -999.0 -999.0 -999.0 -999.0 -999 -999 "" ops_sky_apogee_best_unassigned ops_sky sky_apogee 0 0 0.0 0.0 -999 ""
FIBERMAP 634 R+2C21 BOSS 1 1 0 1 0 0 180.9231533534327 47.6100453981523 143.1 -102.56560511812917 156.4522149321496 37.073826 154.99918 198.78462132269607 -8.415268600693096 -0.42956057 0.12089233 -0.18782295 198.78460949751252 -8.415302949206724 198.79873611951803 -8.562174301947527 54.72663903065973 299.2976582905367 5400.0 5400.0 2016.0 1 231 {-999.0 18.702202 18.630358 18.49569 18.36223} sdss_psfmag_from_lsdr10 18.848442 18.575874 18.114447 -999.0 63050395165389324 1058909144 dark_flexible_2x1 bhm_spiders_agn_lsdr10 bhm_spiders science 0 0 0.0 0.0 -999 ""
FIBERMAP 634 R+2C21 METROLOGY 0 0 0 1 0 0 180.651909621468 46.92194554275205 143.1 -101.82702442887393 156.41338538149813 37.073826 154.99918 -999.0 -999.0 -999.0 -999.0 -999.0 198.7868890592522 -8.415426292108268 198.80098273953524 -8.562268277466654 54.72841217023072 299.29998176484827 -999.0 6231.0 -999.0 -1 -999 {-999.0 -999.0 -999.0 -999.0 -999.0} "" -999.0 -999.0 -999.0 -999.0 -999 -999 "" "" "" "" 0 0 0.0 0.0 -999 ""
FIBERMAP 636 R-3C16 APOGEE 0 0 0 1 0 0 70.09744106949306 -45.65259508985778 143.1 21.043916926543538 80.9591467166224 138.73047 101.73515 -999.0 -999.0 -999.0 -999.0 -999.0 199.16342970522086 -8.644303536372375 199.17770304185058 -8.790708752141947 55.16102205844341 299.40620237526036 -999.0 16600.0 -999.0 2 220 {-999.0 -999.0 -999.0 -999.0 -999.0} "" -999.0 -999.0 -999.0 -999.0 -999 -999 "" ops_sky_apogee_best_unassigned ops_sky sky_apogee 0 0 0.0 0.0 -999 ""
FIBERMAP 636 R-3C16 BOSS 1 1 0 1 0 0 70.45886671454565 -44.990611814289394 143.1 20.30148080998388 81.09178062353182 138.73047 101.73515 199.16104837251723 -8.643737921346975 -999.0 -999.0 -999.0 199.16104603806176 -8.64375633550388 199.17543478618745 -8.790258792765348 55.15900743159149 299.40431014953305 5400.0 5400.0 2016.0 1 317 {-999.0 22.64216 21.22036 20.571068 20.103397} sdss_fiber2mag_from_lsdr10 1e+20 1e+20 1e+20 -999.0 63050398344961917 1131653024 dark_flexible_3x1 bhm_spiders_agn_lsdr10_d3 bhm_spiders science 0 0 0.0 0.0 -999 ""
FIBERMAP 636 R-3C16 METROLOGY 0 0 0 1 0 0 70.84811849109835 -45.632914635358475 143.1 20.787014916997506 81.66473757968328 138.73047 101.73515 -999.0 -999.0 -999.0 -999.0 -999.0 199.16257277737807 -8.642038984169229 199.17692748323122 -8.788513415474133 55.159032795764254 299.40831002172297 -999.0 6231.0 -999.0 -1 -999 {-999.0 -999.0 -999.0 -999.0 -999.0} "" -999.0 -999.0 -999.0 -999.0 -999 -999 "" "" "" "" 0 0 0.0 0.0 -999 ""
FIBERMAP 642 R-2C18 APOGEE 0 0 0 1 0 0 123.07790096004311 -23.653935025581795 143.1 -16.63073620508983 124.21671888256868 95.28281 68.33574 -999.0 -999.0 -999.0 -999.0 -999.0 199.04789332928888 -8.513078195655325 199.06203550108148 -8.659606096864229 54.98936372313338 299.45537290210115 -999.0 16600.0 -999.0 2 -999 {-999.0 -999.0 -999.0 -999.0 -999.0} "" -999.0 -999.0 -999.0 -999.0 -999 -999 "" "" "" "" 0 0 0.0 0.0 -999 ""
FIBERMAP 642 R-2C18 BOSS 1 1 0 1 0 0 123.80212048653406 -23.874659374863306 143.1 -16.651275296602467 124.973517224884 95.28281 68.33574 199.04771935713302 -8.510612848859113 -999.0 -999.0 -999.0 199.04770777165731 -8.510627435336106 199.06196490874584 -8.657251641306997 54.987808333995375 299.45845605176015 5400.0 5400.0 2016.0 1 299 {-999.0 22.211205 21.632772 21.461477 21.348959} sdss_psfmag_from_lsdr10 1e+20 1e+20 1e+20 -999.0 63050399059904157 1131655024 dark_flexible_3x1 bhm_spiders_agn_lsdr10_d3 bhm_spiders science 0 0 0.0 0.0 -999 ""
FIBERMAP 642 R-2C18 METROLOGY 0 0 0 1 0 0 123.25602000719104 -24.380414083668956 143.1 -15.998374758689783 124.61618199790541 95.28281 68.33574 -999.0 -999.0 -999.0 -999.0 -999.0 199.04974128337082 -8.51172546580507 199.06396658231233 -8.658320557326357 54.9900142114871 299.4592209556 -999.0 6231.0 -999.0 -1 -999 {-999.0 -999.0 -999.0 -999.0 -999.0} "" -999.0 -999.0 -999.0 -999.0 -999 -999 "" "" "" "" 0 0 0.0 0.0 -999 ""
FIBERMAP 643 R+9C3 APOGEE 1 1 0 1 0 0 -143.50184140453263 186.80622335993598 143.1 -131.59805023233028 -195.36297302097194 73.690414 122.7472 198.69428852742638 -9.48081580713157 -10.473315 -3.7121887 0.08642955 198.69425778568814 -9.480816908847409 198.70909181339618 -9.62750917832128 55.326956928557834 297.7544161014754 16000.0 16600.0 2016.0 2 35 {-999.0 13.827624 13.045252 12.704393 -999.0} sdss_psfmag_from_g3xp 13.598281 13.053315 12.350348 10.848 63050395165368472 1151937753 bright_1x1 mwm_galactic_core_dist_apogee_sparse mwm_galactic science 0 0 0.0 0.0 -999 ""
FIBERMAP 643 R+9C3 BOSS 0 0 0 1 0 0 -142.7598166637934 187.02975412922834 143.1 -132.04550910976306 -194.73028239539522 73.690414 122.7472 -999.0 -999.0 -999.0 -999.0 -999.0 198.6927491481878 -9.478837755821166 198.70769925780962 -9.625623510066106 55.32471092642338 297.75552250931884 -999.0 5400.0 -999.0 1 59 {-999.0 -999.0 -999.0 -999.0 -999.0} "" -999.0 -999.0 -999.0 -999.0 -999 -999 "" "" "" "" 0 0 0.0 0.0 -999 ""
FIBERMAP 643 R+9C3 METROLOGY 0 0 0 1 0 0 -142.96355805202887 186.29596164333014 143.1 -131.2850229427757 -194.69060091838975 73.690414 122.7472 -999.0 -999.0 -999.0 -999.0 -999.0 198.69508957448633 -9.478788068765 198.7100067867707 -9.625545753207163 55.32644845088369 297.7581075658793 -999.0 6231.0 -999.0 -1 -999 {-999.0 -999.0 -999.0 -999.0 -999.0} "" -999.0 -999.0 -999.0 -999.0 -999 -999 "" "" "" "" 0 0 0.0 0.0 -999 ""
FIBERMAP 646 R-9C11 APOGEE 0 0 0 1 0 0 50.59353837152574 -170.34381108715968 143.1 145.4733955764507 102.03720138616669 44.68749 81.0013 -999.0 -999.0 -999.0 -999.0 -999.0 199.54483899715052 -8.580847033410837 199.5591440074811 -8.726919253911502 55.410092339832715 299.9156079565116 -999.0 16600.0 -999.0 2 164 {-999.0 -999.0 -999.0 -999.0 -999.0} "" -999.0 -999.0 -999.0 -999.0 -999 -999 "" ops_sky_apogee_best_unassigned ops_sky sky_apogee 0 0 0.0 0.0 -999 ""
FIBERMAP 646 R-9C11 BOSS 1 1 0 1 0 0 51.04998716196469 -170.93224107889384 143.1 145.8865181982981 102.65678110042806 44.68749 81.0013 199.54605102539062 -8.578825391755814 -999.0 -999.0 -999.0 199.54603564404363 -8.578841905766483 199.56045392425278 -8.725008222653893 55.4098585989662 299.9196531791657 5400.0 5400.0 2015.5 1 397 {-999.0 -999.0 -999.0 -999.0 -999.0} "" -999.0 -999.0 -999.0 -999.0 27021603139615019 811721095 "" ops_sky_boss_good ops_sky sky_boss 0 0 0.0 0.0 -999 ""
FIBERMAP 646 R-9C11 METROLOGY 0 0 0 1 0 0 50.29778468998305 -171.03289343550915 143.1 146.22068655967254 101.97544186038614 44.68749 81.0013 -999.0 -999.0 -999.0 -999.0 -999.0 199.54711358751157 -8.580920207593211 199.56150132424125 -8.727058336979365 55.41196836019344 299.91805447302033 -999.0 6231.0 -999.0 -1 -999 {-999.0 -999.0 -999.0 -999.0 -999.0} "" -999.0 -999.0 -999.0 -999.0 -999 -999 "" "" "" "" 0 0 0.0 0.0 -999 ""
FIBERMAP 651 R-2C19 APOGEE 0 0 0 1 0 0 152.62351471475466 -32.97831797273816 143.1 -17.165591092681005 155.19286568515244 61.811993 62.914143 -999.0 -999.0 -999.0 -999.0 -999.0 199.04636799401183 -8.419330481439143 199.06043443029228 -8.565874089162401 54.92830195689297 299.57925943290655 -999.0 16600.0 -999.0 2 240 {-999.0 -999.0 -999.0 -999.0 -999.0} "" -999.0 -999.0 -999.0 -999.0 -999 -999 "" ops_sky_apogee_best_unassigned ops_sky sky_apogee 0 0 0.0 0.0 -999 ""
FIBERMAP 651 R-2C19 BOSS 1 1 0 1 0 0 153.0567808348498 -33.566896895076596 143.1 -16.744969843952767 155.79050948431149 61.811993 62.914143 199.04754638671872 -8.417353576463555 -999.0 -999.0 -999.0 199.0475357205542 -8.41736235002485 199.06171785439176 -8.564001408818894 54.92808107080497 299.58317761191046 5400.0 5400.0 2015.5 1 303 {-999.0 -999.0 -999.0 -999.0 -999.0} "" -999.0 -999.0 -999.0 -999.0 27021603139618803 811721600 "" ops_sky_boss_good ops_sky sky_boss 0 0 0.0 0.0 -999 ""
FIBERMAP 651 R-2C19 METROLOGY 0 0 0 1 0 0 152.31328597423803 -33.65793713997867 143.1 -16.422679759856056 155.11437675506843 61.811993 62.914143 -999.0 -999.0 -999.0 -999.0 -999.0 199.04855249077406 -8.419416779689191 199.0627033190592 -8.566027357189613 54.93012542436536 299.58154993505946 -999.0 6231.0 -999.0 -1 -999 {-999.0 -999.0 -999.0 -999.0 -999.0} "" -999.0 -999.0 -999.0 -999.0 -999 -999 "" "" "" "" 0 0 0.0 0.0 -999 ""
FIBERMAP 652 R-4C22 APOGEE 0 0 0 1 0 0 224.39145018364147 -88.22002156560116 143.1 12.44112739677324 240.7793355404006 248.3817 137.08923 -999.0 -999.0 -999.0 -999.0 -999.0 199.13723929972804 -8.161313091852508 199.15111660943285 -8.307815661382353 54.83157511717363 300.02339684540067 -999.0 16600.0 -999.0 2 -999 {-999.0 -999.0 -999.0 -999.0 -999.0} "" -999.0 -999.0 -999.0 -999.0 -999 -999 "" "" "" "" 0 0 0.0 0.0 -999 ""
FIBERMAP 652 R-4C22 BOSS 1 1 0 1 0 0 223.71317135023878 -88.58153048489983 143.1 12.999194512749805 240.25088219588 248.3817 137.08923 199.1388364523602 -8.162790345850578 -999.0 -999.0 -999.0 199.1388298751741 -8.162779298489719 199.1528254561457 -8.309377447301381 54.83387447188736 300.0232120979414 5400.0 5400.0 2016.0 1 278 {-999.0 22.286173 21.219198 20.728172 20.356604} sdss_fiber2mag_from_lsdr10 1e+20 1e+20 1e+20 -999.0 63050396914793882 1131657052 dark_flexible_3x1 bhm_spiders_agn_lsdr10_d3 bhm_spiders science 0 0 0.0 0.0 -999 ""
FIBERMAP 652 R-4C22 METROLOGY 0 0 0 1 0 0 223.76551033871317 -87.8105126800721 143.1 12.251459138147775 240.05581793102425 248.3817 137.08923 -999.0 -999.0 -999.0 -999.0 -999.0 199.13657853202093 -8.163350123089067 199.1505410409576 -8.309922636409478 54.83249579402565 300.0199611020361 -999.0 6231.0 -999.0 -1 -999 {-999.0 -999.0 -999.0 -999.0 -999.0} "" -999.0 -999.0 -999.0 -999.0 -999 -999 "" "" "" "" 0 0 0.0 0.0 -999 ""
FIBERMAP 653 R+5C11 APOGEE 0 0 0 1 0 0 -24.45525136570943 82.86143535813041 143.1 -70.81284268705994 -49.487357921280065 272.48386 62.780495 -999.0 -999.0 -999.0 -999.0 -999.0 198.88081899549638 -9.039991907911991 198.89534673291053 -9.186587184756265 55.19546456028248 298.56030841861013 -999.0 16600.0 -999.0 2 142 {-999.0 -999.0 -999.0 -999.0 -999.0} "" -999.0 -999.0 -999.0 -999.0 -999 -999 "" ops_sky_apogee_best_unassigned ops_sky sky_apogee 0 0 0.0 0.0 -999 ""
FIBERMAP 653 R+5C11 BOSS 1 1 0 1 0 0 -25.118073223784215 83.19817047978478 143.1 -70.92179743977789 -50.222753287372825 272.48386 62.780495 198.8803470195143 -9.042142195966171 -5.5937624 -14.991884 2.0794573 198.88032289788492 -9.042158477418626 198.8949696876458 -9.188847452330254 55.19659481446374 298.55681760344225 5400.0 5400.0 2016.0 1 143 {-999.0 20.332676 21.198046 21.241411 -999.0} sdss_psfmag_ps1 20.345793 20.62813 20.21154 -999.0 63050395165375587 1092143662 dark_flexible_2x1 mwm_cb_galex_mag_boss mwm_cb science 0 0 0.0 0.0 -999 ""
FIBERMAP 653 R+5C11 METROLOGY 0 0 0 1 0 0 -24.496949640930524 83.60562894329365 143.1 -71.50529747463376 -49.763080779893315 272.48386 62.780495 -999.0 -999.0 -999.0 -999.0 -999.0 198.8785580039202 -9.040790937225248 198.8931700034036 -9.187455153841924 55.19433788942291 298.55676036676925 -999.0 6231.0 -999.0 -1 -999 {-999.0 -999.0 -999.0 -999.0 -999.0} "" -999.0 -999.0 -999.0 -999.0 -999 -999 "" "" "" "" 0 0 0.0 0.0 -999 ""
FIBERMAP 656 R+4C4 APOGEE 0 0 0 1 0 0 -166.14851876058583 84.934473604019 143.1 -27.8099293545305 -184.50721663067608 43.96136 101.89343 -999.0 -999.0 -999.0 -999.0 -999.0 199.01271247126124 -9.44913191484497 199.02760309353948 -9.595549416943914 55.553145097747574 298.14256865101777 -999.0 16600.0 -999.0 2 -999 {-999.0 -999.0 -999.0 -999.0 -999.0} "" -999.0 -999.0 -999.0 -999.0 -999 -999 "" "" "" "" 0 0 0.0 0.0 -999 ""
FIBERMAP 656 R+4C4 BOSS 1 1 0 1 0 0 -165.54756071747804 84.51402595676056 143.1 -27.60195992828713 -183.8039166488677 43.96136 101.89343 199.013265326924 -9.446926709038651 -14.349139 -16.466595 0.48830703 199.0132266289624 -9.446978293456887 199.02823224135705 -9.593487299140264 55.55234502029594 298.1461031131008 5400.0 5400.0 2016.0 1 37 {-999.0 17.24752 16.86168 16.688353 -999.0} sdss_psfmag_ps1 17.153408 16.824858 16.324617 15.311 63050395165368791 944493870 bright_1x1 openfibertargets_nov2020_6c open_fiber science 0 0 0.0 0.0 -999 ""
FIBERMAP 656 R+4C4 METROLOGY 0 0 0 1 0 0 -166.19697504460018 84.18804865445232 143.1 -27.08674662162319 -184.31627550301516 43.96136 101.89343 -999.0 -999.0 -999.0 -999.0 -999.0 199.01483833677702 -9.448577975165051 199.02981261196987 -9.59505934148747 55.554543397974676 298.1456467161113 -999.0 6231.0 -999.0 -1 -999 {-999.0 -999.0 -999.0 -999.0 -999.0} "" -999.0 -999.0 -999.0 -999.0 -999 -999 "" "" "" "" 0 0 0.0 0.0 -999 ""
FIBERMAP 657 R-1C7 APOGEE 1 1 0 1 0 0 -127.35205285565068 -29.823741959480465 143.1 68.69790843556692 -111.29770165182167 32.249737 39.37138 199.30950247477446 -9.22778579431912 -2.4255896 -10.227128 0.39480734 199.30949734256467 -9.227818124147014 199.3242819090691 -9.374004604373289 55.642455164302504 298.7726561296333 16000.0 16600.0 2016.0 2 280 {-999.0 13.390352 12.646266 12.363421 -999.0} sdss_psfmag_from_g3xp 13.187367 12.678362 12.013134 10.642 63050395165380590 1110150456 bright_flexible_2x1 mwm_tess_rgb_apogee mwm_tessrgb science 0 0 0.0 0.0 -999 ""
FIBERMAP 657 R-1C7 BOSS 0 0 0 1 0 0 -127.59399033629214 -30.543094685793616 143.1 69.45682412623198 -111.29882266666112 32.249737 39.37138 -999.0 -999.0 -999.0 -999.0 -999.0 199.31174792258443 -9.227782318799436 199.32664838619098 -9.374059045622827 55.644303367382285 298.77518624166396 -999.0 5400.0 -999.0 1 460 {-999.0 -999.0 -999.0 -999.0 -999.0} "" -999.0 -999.0 -999.0 -999.0 -999 -999 "" "" "" "" 0 0 0.0 0.0 -999 ""
FIBERMAP 657 R-1C7 METROLOGY 0 0 0 1 0 0 -128.0889793538843 -29.978397990760044 143.1 69.0784381971114 -111.94741635389926 32.249737 39.37138 -999.0 -999.0 -999.0 -999.0 -999.0 199.31062313659535 -9.229786182878518 199.3254922805969 -9.376037466542847 55.64466288114467 298.7711899379279 -999.0 6231.0 -999.0 -1 -999 {-999.0 -999.0 -999.0 -999.0 -999.0} "" -999.0 -999.0 -999.0 -999.0 -999 -999 "" "" "" "" 0 0 0.0 0.0 -999 ""
FIBERMAP 658 R-3C12 APOGEE 0 0 0 1 0 0 0.7816278417404519 -70.902944821982 143.1 66.98630802787625 23.24340253422434 344.91272 82.487686 -999.0 -999.0 -999.0 -999.0 -999.0 199.3044829464455 -8.819579718105478 199.31893091361837 -8.965832265814203 55.38010253701711 299.32495974286894 -999.0 16600.0 -999.0 2 177 {-999.0 -999.0 -999.0 -999.0 -999.0} "" -999.0 -999.0 -999.0 -999.0 -999 -999 "" ops_sky_apogee_best_unassigned ops_sky sky_apogee 0 0 0.0 0.0 -999 ""
FIBERMAP 658 R-3C12 BOSS 1 1 0 1 0 0 0.47250495013251914 -71.56413544720341 143.1 67.711393366637 23.160113634375673 344.91272 82.487686 199.30637063294571 -8.819721244762471 -5.4087753 -1.4610219 0.12854646 199.3066355114347 -8.819725528050833 199.3211997080242 -8.966070202430757 55.38198358507134 299.32714457840166 5400.0 5400.0 2016.0 1 421 {-999.0 15.740816 15.187747 14.965902 -999.0} sdss_psfmag_ps1 15.573409 15.170583 14.588275 13.406 63050395165381493 1071827377 dark_flexible_2x1 mwm_halo_mp_xp_boss mwm_halo science 0 0 1.0397429466247559 0.0 -999 ""
FIBERMAP 658 R-3C12 METROLOGY 0 0 0 1 0 0 0.0321609885539651 -70.95377321455297 143.1 67.27236216277592 22.548844914716923 344.91272 82.487686 -999.0 -999.0 -999.0 -999.0 -999.0 199.30532573513548 -8.821605638596823 199.31985841158678 -8.96792453626672 55.38213992869524 299.3231423898369 -999.0 6231.0 -999.0 -1 -999 {-999.0 -999.0 -999.0 -999.0 -999.0} "" -999.0 -999.0 -999.0 -999.0 -999 -999 "" "" "" "" 0 0 0.0 0.0 -999 ""
FIBERMAP 659 R+7C14 APOGEE 0 0 0 1 0 0 87.97635046693645 133.96616631129987 143.1 -154.95539419728357 40.90801643882407 315.68433 144.8011 -999.0 -999.0 -999.0 -999.0 -999.0 198.62326518152761 -8.765250749442659 198.63751490257653 -8.912112834677687 54.82487578615546 298.65312463255617 -999.0 16600.0 -999.0 2 94 {-999.0 -999.0 -999.0 -999.0 -999.0} "" -999.0 -999.0 -999.0 -999.0 -999 -999 "" ops_sky_apogee_best_unassigned ops_sky sky_apogee 0 0 0.0 0.0 -999 ""
FIBERMAP 659 R+7C14 BOSS 1 1 0 1 0 0 88.11285136316803 133.22832801563456 143.1 -154.29905304391824 41.27161980026333 315.68433 144.8011 198.6250791902306 -8.76403677334008 0.39360392 0.20615952 -0.15208462 198.62509363556282 -8.764038845146759 198.63946157683108 -8.910994662442606 54.82566540191253 298.6567348839564 5400.0 5400.0 2016.0 1 167 {-999.0 19.402704 19.020618 18.912155 18.846903} sdss_psfmag_from_lsdr10 19.372307 19.055395 18.482485 -999.0 63050395165376258 1131653015 dark_flexible_3x1 bhm_spiders_agn_lsdr10_d3 bhm_spiders science 0 0 0.0 0.0 -999 ""
FIBERMAP 659 R+7C14 METROLOGY 0 0 0 1 0 0 87.40505983043577 133.47246928569152 143.1 -154.30593295747101 40.5229677090481 315.68433 144.8011 -999.0 -999.0 -999.0 -999.0 -999.0 198.62508115640944 -8.766331005268244 198.63941724301628 -8.913259516147546 54.82705778768009 298.65363306087266 -999.0 6231.0 -999.0 -1 -999 {-999.0 -999.0 -999.0 -999.0 -999.0} "" -999.0 -999.0 -999.0 -999.0 -999 -999 "" "" "" "" 0 0 0.0 0.0 -999 ""
FIBERMAP 662 R+12C15 APOGEE 0 0 0 1 0 0 152.40440041634693 248.29699047917182 143.1 -283.8179535343733 65.71773908004177 127.618484 92.96742 -999.0 -999.0 -999.0 -999.0 -999.0 198.2311487987221 -8.68966685849537 198.24525236750515 -8.836878181760516 54.47611843175893 298.33330964162474 -999.0 16600.0 -999.0 2 109 {-999.0 -999.0 -999.0 -999.0 -999.0} "" -999.0 -999.0 -999.0 -999.0 -999 -999 "" ops_sky_apogee_best_unassigned ops_sky sky_apogee 0 0 0.0 0.0 -999 ""
FIBERMAP 662 R+12C15 BOSS 1 1 0 1 0 0 152.95572254025348 248.80618665459474 143.1 -284.47577464956424 66.07893357348854 127.618484 92.96742 198.22906494140625 -8.688476697162073 -999.0 -999.0 -999.0 198.22908043329596 -8.688486848180492 198.24330327611221 -8.83579607546598 54.47393962119001 298.3326818836093 5400.0 5400.0 2015.5 1 187 {-999.0 -999.0 -999.0 -999.0 -999.0} "" -999.0 -999.0 -999.0 -999.0 27021603139612446 811720692 "" ops_sky_boss_good ops_sky sky_boss 0 0 0.0 0.0 -999 ""
FIBERMAP 662 R+12C15 METROLOGY 0 0 0 1 0 0 153.11914587177654 248.06073618191186 143.1 -283.82075945726206 66.47048223185357 127.618484 92.96742 -999.0 -999.0 -999.0 -999.0 -999.0 198.23104327784716 -8.687319258657002 198.2452314624934 -8.834599797907886 54.47467361451033 298.33634173715615 -999.0 6231.0 -999.0 -1 -999 {-999.0 -999.0 -999.0 -999.0 -999.0} "" -999.0 -999.0 -999.0 -999.0 -999 -999 "" "" "" "" 0 0 0.0 0.0 -999 ""
FIBERMAP 666 R-7C1 APOGEE 0 0 0 1 0 0 -214.42963951528003 -145.70290972977128 143.1 206.21690218353064 -157.0936637648803 233.00383 141.99857 -999.0 -999.0 -999.0 -999.0 -999.0 199.73045706724926 -9.365244788004407 199.74546200430348 -9.511029935157966 56.05129206430037 299.05002201374793 -999.0 16600.0 -999.0 2 275 {-999.0 -999.0 -999.0 -999.0 -999.0} "" -999.0 -999.0 -999.0 -999.0 -999 -999 "" ops_sky_apogee_best_unassigned ops_sky sky_apogee 0 0 0.0 0.0 -999 ""
FIBERMAP 666 R-7C1 BOSS 1 1 0 1 0 0 -215.15153714918816 -145.9051805945973 143.1 206.63781349205286 -157.71401585668048 233.00383 141.99857 199.7316585983405 -9.36705977467852 -999.0 -999.0 -999.0 199.731627440817 -9.367022470895751 199.74674758045956 -9.51289744465329 56.053454745614765 299.0488642975471 5400.0 5400.0 2016.0 1 447 {-999.0 21.298206 20.86925 20.890602 -999.0} sdss_psfmag_ps1 -999.0 -999.0 -999.0 -999.0 63050398344915070 1128048985 dark_flexible_3x1 bhm_csc_boss_d3 bhm_csc science 0 0 0.0 0.0 -999 ""
FIBERMAP 666 R-7C1 METROLOGY 0 0 0 1 0 0 -214.95734952078487 -145.17713892579343 143.1 205.88581263329945 -157.7609316579693 233.00383 141.99857 -999.0 -999.0 -999.0 -999.0 -999.0 199.72940382692468 -9.367229627314384 199.74449144452558 -9.513080767242434 56.0518457717575 299.04609246393835 -999.0 6231.0 -999.0 -1 -999 {-999.0 -999.0 -999.0 -999.0 -999.0} "" -999.0 -999.0 -999.0 -999.0 -999 -999 "" "" "" "" 0 0 0.0 0.0 -999 ""
FIBERMAP 670 R+9C6 APOGEE 0 0 0 1 0 0 -89.81780140038886 182.75655692925216 143.1 -144.79543057407673 -143.17135931465384 151.0884 111.29216 -999.0 -999.0 -999.0 -999.0 -999.0 198.65371501069967 -9.323106741969788 198.66841319017726 -9.469857955165917 55.19766275418818 297.9276684819538 -999.0 16600.0 -999.0 2 149 {-999.0 -999.0 -999.0 -999.0 -999.0} "" -999.0 -999.0 -999.0 -999.0 -999 -999 "" ops_sky_apogee_best_unassigned ops_sky sky_apogee 0 0 0.0 0.0 -999 ""
FIBERMAP 670 R+9C6 BOSS 1 1 0 1 0 0 -89.6987119655877 183.4732403776342 143.1 -145.5128272477024 -143.28588295150158 151.0884 111.29216 198.65136697796424 -9.323394102867777 0.1620255 -0.15930821 0.2315097 198.65136145636782 -9.323387409627042 198.6661775917231 -9.470233240099825 55.19616869489831 297.924751831512 5400.0 5400.0 2016.0 1 153 {-999.0 20.087065 19.885717 19.712366 19.581062} sdss_psfmag_from_gaiadr2 19.933416 19.893383 19.253376 -999.0 63050395165368665 1130021697 dark_flexible_3x1 bhm_gua_dark_d3 bhm_filler science 0 0 0.0 0.0 -999 ""
FIBERMAP 670 R+9C6 METROLOGY 0 0 0 1 0 0 -89.13293215102374 183.03741796219558 143.1 -145.27911416599272 -142.6110616131453 151.0884 111.29216 -999.0 -999.0 -999.0 -999.0 -999.0 198.65208846913995 -9.32139796557486 198.6668696736391 -9.468217222945128 55.195450246890346 297.92826204908664 -999.0 6231.0 -999.0 -1 -999 {-999.0 -999.0 -999.0 -999.0 -999.0} "" -999.0 -999.0 -999.0 -999.0 -999 -999 "" "" "" "" 0 0 0.0 0.0 -999 ""
FIBERMAP 679 R+6C12 APOGEE 0 0 0 1 0 0 20.63813004246916 97.08461035083418 143.1 -98.6112262898057 -11.241102385005222 309.71313 63.434532 -999.0 -999.0 -999.0 -999.0 -999.0 198.79560348414677 -8.923749924542474 198.8100182172093 -9.07043756931877 55.05692825192105 298.6256575619427 -999.0 16600.0 -999.0 2 -999 {-999.0 -999.0 -999.0 -999.0 -999.0} "" -999.0 -999.0 -999.0 -999.0 -999 -999 "" "" "" "" 0 0 0.0 0.0 -999 ""
FIBERMAP 679 R+6C12 BOSS 1 1 0 1 0 0 19.88992872558352 96.91839631188364 143.1 -98.21615829172654 -11.897840413717402 309.71313 63.434532 198.79665334216483 -8.92564435811669 -999.0 -999.0 -999.0 198.7966394131218 -8.925657701249062 198.8111737897235 -9.07243835772178 55.059073969935746 298.6241955239114 5400.0 5400.0 2016.0 1 122 {-999.0 21.433338 19.952019 19.465479 -999.0} sdss_psfmag_ps1 -999.0 -999.0 -999.0 -999.0 63050397630609756 1116030406 dark_1x1 openfibertargets_bhm_racsradio_boss open_fiber science 0 0 0.0 0.0 -999 ""
FIBERMAP 679 R+6C12 METROLOGY 0 0 0 1 0 0 20.120205809079387 97.62428868582987 143.1 -98.95860946029488 -11.903504613465081 309.71313 63.434532 -999.0 -999.0 -999.0 -999.0 -999.0 198.794384361493 -8.925698547179742 198.80888484665456 -9.072454476593624 55.05732708331715 298.6216910071646 -999.0 6231.0 -999.0 -1 -999 {-999.0 -999.0 -999.0 -999.0 -999.0} "" -999.0 -999.0 -999.0 -999.0 -999 -999 "" "" "" "" 0 0 0.0 0.0 -999 ""
FIBERMAP 680 R-6C10 APOGEE 0 0 0 1 0 0 -43.73776053148926 -118.83013972250649 143.1 126.56267280591175 -3.7620332710211812 254.03293 31.848509 -999.0 -999.0 -999.0 -999.0 -999.0 199.48729736971444 -8.90158032338672 199.50185513785357 -9.047655948386979 55.57155499700929 299.416341115354 -999.0 16600.0 -999.0 2 -999 {-999.0 -999.0 -999.0 -999.0 -999.0} "" -999.0 -999.0 -999.0 -999.0 -999 -999 "" "" "" "" 0 0 0.0 0.0 -999 ""
FIBERMAP 680 R-6C10 BOSS 1 1 0 1 0 0 -43.9332148361773 -118.117147011645 143.1 125.94860154183765 -4.173654589687029 254.03293 31.848509 199.48535651772195 -8.902741014788743 -1.2169085 0.043531317 0.14829998 199.48536464072143 -8.902738081154084 199.50003767849114 -9.04890877794504 55.570967849115455 299.4126115485119 5400.0 5400.0 2016.0 1 411 {-999.0 20.309113 19.672716 19.263437 18.895851} sdss_psfmag_from_gdr3 20.377249 20.188494 19.05485 -999.0 63050395165381046 1128634963 dark_flexible_3x1 bhm_spiders_agn_gaiadr3_d3 bhm_spiders science 0 0 0.0 0.0 -999 ""
FIBERMAP 680 R-6C10 METROLOGY 0 0 0 1 0 0 -43.21545283729942 -118.29470262126472 143.1 125.889176698019 -3.4366799675785593 254.03293 31.848509 -999.0 -999.0 -999.0 -999.0 -999.0 199.48522782476707 -8.900528560332228 199.49986647906633 -9.046673224686623 55.56941472008563 299.4154711530049 -999.0 6231.0 -999.0 -1 -999 {-999.0 -999.0 -999.0 -999.0 -999.0} "" -999.0 -999.0 -999.0 -999.0 -999 -999 "" "" "" "" 0 0 0.0 0.0 -999 ""
FIBERMAP 682 R-8C1 APOGEE 0 0 0 1 0 0 -212.16646488976426 -172.95250430694634 143.1 231.3383255046592 -146.29948016267605 295.99554 47.661865 -999.0 -999.0 -999.0 -999.0 -999.0 199.80711376314596 -9.332320791541738 199.82211032306964 -9.478040758212328 56.08898583350961 299.1814605538521 -999.0 16600.0 -999.0 2 257 {-999.0 -999.0 -999.0 -999.0 -999.0} "" -999.0 -999.0 -999.0 -999.0 -999 -999 "" ops_sky_apogee_best_unassigned ops_sky sky_apogee 0 0 0.0 0.0 -999 ""
FIBERMAP 682 R-8C1 BOSS 1 1 0 1 0 0 -212.8710936424831 -172.73673527136913 143.1 231.35734606347637 -147.0361287229402 295.99554 47.661865 199.80704659358668 -9.33448099292552 0.5188194 0.48418912 -0.7791348 199.80704225131237 -9.33444448597771 199.8221536746314 -9.48025541983652 56.09042101968994 299.1784362444962 5400.0 5400.0 2016.0 1 527 {-999.0 20.44068 20.05889 19.711832 19.641142} sdss_fiber2mag_from_lsdr10 19.774652 19.659643 18.731178 -999.0 63050395165378739 1131648999 dark_flexible_3x1 bhm_spiders_agn_lsdr10_d3 bhm_spiders science 0 0 0.0 0.0 -999 ""
FIBERMAP 682 R-8C1 METROLOGY 0 0 0 1 0 0 -212.34456744727942 -172.2231069804893 143.1 230.7031915501418 -146.69985380207396 295.99554 47.661865 -999.0 -999.0 -999.0 -999.0 -999.0 199.80513157641204 -9.333495107574073 199.82020967120036 -9.479282087285604 56.08832054215085 299.1776109300652 -999.0 6231.0 -999.0 -1 -999 {-999.0 -999.0 -999.0 -999.0 -999.0} "" -999.0 -999.0 -999.0 -999.0 -999 -999 "" "" "" "" 0 0 0.0 0.0 -999 ""
FIBERMAP 684 R-12C13 APOGEE 0 0 0 1 0 0 102.51376678498568 -236.50106641321327 143.1 191.72988310068067 172.26713024845546 174.912 141.13863 -999.0 -999.0 -999.0 -999.0 -999.0 199.68528249359846 -8.368965829693588 199.6994415155359 -8.51494273596834 55.379656651557596 300.35844282191647 -999.0 16600.0 -999.0 2 -999 {-999.0 -999.0 -999.0 -999.0 -999.0} "" -999.0 -999.0 -999.0 -999.0 -999 -999 "" "" "" "" 0 0 0.0 0.0 -999 ""
FIBERMAP 684 R-12C13 BOSS 1 1 0 1 0 0 101.97910059896051 -235.99004393312748 143.1 191.4149864428218 171.5979467164891 174.912 141.13863 199.68421339685835 -8.370909431674551 -0.33203757 0.32366094 -0.56883067 199.68422651399308 -8.370877722926982 199.69850107328386 -8.516950946173626 55.380245101324604 300.35468759295856 5400.0 5400.0 2016.0 1 429 {-999.0 19.80865 19.629519 19.4916 19.368706} sdss_psfmag_from_lsdr10 19.858084 19.733295 19.27493 -999.0 63050395165391041 1131657059 dark_flexible_3x1 bhm_spiders_agn_lsdr10_d3 bhm_spiders science 0 0 0.0 0.0 -999 ""
FIBERMAP 684 R-12C13 METROLOGY 0 0 0 1 0 0 102.70179353969606 -235.77708840504647 143.1 190.98369090024133 172.21566201154025 174.912 141.13863 -999.0 -999.0 -999.0 -999.0 -999.0 199.68297180386512 -8.36900741173632 199.69721219479754 -8.515054966831382 55.37804698392971 300.3557836769531 -999.0 6231.0 -999.0 -1 -999 {-999.0 -999.0 -999.0 -999.0 -999.0} "" -999.0 -999.0 -999.0 -999.0 -999 -999 "" "" "" "" 0 0 0.0 0.0 -999 ""
FIBERMAP 686 R+8C2 APOGEE 0 0 0 1 0 0 -159.1598036948318 146.2804813102383 143.1 -88.19982997269886 -197.34926861416758 50.9255 20.054958 -999.0 -999.0 -999.0 -999.0 -999.0 198.8272965444983 -9.487378436967074 198.84217021734685 -9.633953453575847 55.43387627302921 297.8887439978695 -999.0 16600.0 -999.0 2 -999 {-999.0 -999.0 -999.0 -999.0 -999.0} "" -999.0 -999.0 -999.0 -999.0 -999 -999 "" "" "" "" 0 0 0.0 0.0 -999 ""
FIBERMAP 686 R+8C2 BOSS 1 1 0 1 0 0 -159.43128747644496 145.5464951474144 143.1 -87.41766098607826 -197.37376301907412 50.9255 20.054958 198.8295771015973 -9.48740299866742 -0.15387745 0.06589546 -0.6231369 198.82955969437435 -9.487411665228592 198.84455140076682 -9.634076366583201 55.43579302095632 297.8911429605312 5400.0 5400.0 2016.0 1 71 {-999.0 18.776102 18.658298 18.517145 18.383043} sdss_psfmag_from_lsdr10 18.721107 18.612865 18.20838 -999.0 63050395165368110 1058899816 dark_flexible_2x1 bhm_spiders_agn_lsdr10 bhm_spiders science 0 0 0.0 0.0 -999 ""
FIBERMAP 686 R+8C2 METROLOGY 0 0 0 1 0 0 -159.89200460985893 146.12757599041748 143.1 -87.82246008104285 -197.99505785554533 50.9255 20.054958 -999.0 -999.0 -999.0 -999.0 -999.0 198.82833866104446 -9.4893356403688 198.84329832544267 -9.635975140036933 55.4360032405076 297.88716727446524 -999.0 6231.0 -999.0 -1 -999 {-999.0 -999.0 -999.0 -999.0 -999.0} "" -999.0 -999.0 -999.0 -999.0 -999 -999 "" "" "" "" 0 0 0.0 0.0 -999 ""
FIBERMAP 696 R+9C5 APOGEE 0 0 0 1 0 0 -109.88288535213792 168.76642010550304 143.1 -125.16116977173775 -157.7582597598415 193.2441 135.06674 -999.0 -999.0 -999.0 -999.0 -999.0 198.71389050369262 -9.367445067305324 198.72863912974162 -9.514137210843822 55.27171796052603 297.93159024998437 -999.0 16600.0 -999.0 2 45 {-999.0 -999.0 -999.0 -999.0 -999.0} "" -999.0 -999.0 -999.0 -999.0 -999 -999 "" ops_sky_apogee_best_unassigned ops_sky sky_apogee 0 0 0.0 0.0 -999 ""
FIBERMAP 696 R+9C5 BOSS 1 1 0 1 0 0 -110.54650452552187 169.12218679368374 143.1 -125.28791834156895 -158.50045116845217 193.2441 135.06674 198.71334521299462 -9.369646737855556 -0.85384065 -0.99724555 -0.117252484 198.71335099011256 -9.369635435560534 198.7282192409657 -9.51642005429205 55.27281235712467 297.927999154428 5400.0 5400.0 2016.0 1 80 {-999.0 18.336563 18.12443 17.881891 -999.0} sdss_psfmag_ps1 18.371346 18.046688 17.567068 -999.0 63050395165368625 944493866 bright_1x1 openfibertargets_nov2020_6c open_fiber science 0 0 0.0 0.0 -999 ""
FIBERMAP 696 R+9C5 METROLOGY 0 0 0 1 0 0 -109.89640734451683 169.51237704376388 143.1 -125.86423888232214 -158.00782382786102 193.2441 135.06674 -999.0 -999.0 -999.0 -999.0 -999.0 198.71159898002406 -9.368188310961783 198.72643219566714 -9.514948514549815 55.270517062395726 297.9281000425377 -999.0 6231.0 -999.0 -1 -999 {-999.0 -999.0 -999.0 -999.0 -999.0} "" -999.0 -999.0 -999.0 -999.0 -999 -999 "" "" "" "" 0 0 0.0 0.0 -999 ""
FIBERMAP 697 R-7C20 APOGEE 0 0 0 1 0 0 220.2045650496291 -143.2124792656781 143.1 65.91700884903025 254.26184487764098 289.4418 139.97577 -999.0 -999.0 -999.0 -999.0 -999.0 199.30062611560072 -8.121094223994003 199.31450313817209 -8.267457028063673 54.92910697933383 300.25826811593754 -999.0 16600.0 -999.0 2 194 {-999.0 -999.0 -999.0 -999.0 -999.0} "" -999.0 -999.0 -999.0 -999.0 -999 -999 "" ops_sky_apogee_best_unassigned ops_sky sky_apogee 0 0 0.0 0.0 -999 ""
FIBERMAP 697 R-7C20 BOSS 1 1 0 1 0 0 219.96719865746348 -143.88500732891563 143.1 66.63007191147126 254.2501978619031 289.4418 139.97577 199.30270532450996 -8.121029532301012 -2.9878259 -2.292707 0.7035226 199.30268843947385 -8.121034074906575 199.3166818704832 -8.267492254185564 54.930775417667036 300.26064571988644 5400.0 5400.0 2016.0 1 267 {-999.0 18.49034 18.432758 18.722958 -999.0} sdss_psfmag_ps1 18.621994 18.47305 18.316414 -999.0 63050395165388981 1144198439 dark_1x3 mwm_wd_gaia_boss_1x3 mwm_wd science 0 0 0.0 0.0 -999 ""
FIBERMAP 697 R-7C20 METROLOGY 0 0 0 1 0 0 219.47511008450638 -143.3545264134603 143.1 66.28321090663405 253.61521348890992 289.4418 139.97577 -999.0 -999.0 -999.0 -999.0 -999.0 199.30167800456428 -8.122917559998866 199.3156398826519 -8.269348799805531 54.931187820605096 300.2570199031408 -999.0 6231.0 -999.0 -1 -999 {-999.0 -999.0 -999.0 -999.0 -999.0} "" -999.0 -999.0 -999.0 -999.0 -999 -999 "" "" "" "" 0 0 0.0 0.0 -999 ""
FIBERMAP 700 R+2C2 APOGEE 0 0 0 1 0 0 -260.4809824873577 54.53256621545319 143.1 30.95691960037426 -264.31029844216147 191.97952 40.94271 -999.0 -999.0 -999.0 -999.0 -999.0 199.19293841672268 -9.689453525793082 199.20807289118477 -9.83567524403378 55.84181190477521 298.0054234031211 -999.0 16600.0 -999.0 2 -999 {-999.0 -999.0 -999.0 -999.0 -999.0} "" -999.0 -999.0 -999.0 -999.0 -999 -999 "" "" "" "" 0 0 0.0 0.0 -999 ""
FIBERMAP 700 R+2C2 BOSS 1 1 0 1 0 0 -260.0178563264268 55.125052222981395 143.1 30.24810857545536 -264.05916998227417 191.97952 40.94271 199.19039476248034 -9.688498024428709 -8.993682 -38.629715 0.8147765 199.19064946762987 -9.68860975892377 199.20589831100324 -9.834924004978182 55.83966622068284 298.00410114366196 5400.0 5400.0 2016.0 1 10 {-999.0 15.543153 15.168213 15.255444 -999.0} sdss_psfmag_ps1 15.465229 15.198317 14.75563 13.954 63050395165367077 1136359983 dark_flexible_3x1 mwm_halo_local_high_boss_triple mwm_halo science 0 0 0.9844446182250977 0.0 -999 ""
FIBERMAP 700 R+2C2 METROLOGY 0 0 0 1 0 0 -259.7370914097272 54.454308427228625 143.1 30.795042189543476 -263.58006047870686 191.97952 40.94271 -999.0 -999.0 -999.0 -999.0 -999.0 199.19236814665322 -9.687247646417172 199.2075835441757 -9.833534958272551 55.84010438196423 298.0078767899276 -999.0 6231.0 -999.0 -1 -999 {-999.0 -999.0 -999.0 -999.0 -999.0} "" -999.0 -999.0 -999.0 -999.0 -999 -999 "" "" "" "" 0 0 0.0 0.0 -999 ""
FIBERMAP 701 R+2C8 APOGEE 0 0 0 1 0 0 -106.16413938504245 18.755558237210106 143.1 15.907806444064812 -106.62350817192439 344.84686 44.302784 -999.0 -999.0 -999.0 -999.0 -999.0 199.14725953534406 -9.213654748006668 199.16199238111074 -9.359988218017797 55.50914751535814 298.61378983727053 -999.0 16600.0 -999.0 2 -999 {-999.0 -999.0 -999.0 -999.0 -999.0} "" -999.0 -999.0 -999.0 -999.0 -999 -999 "" "" "" "" 0 0 0.0 0.0 -999 ""
FIBERMAP 701 R+2C8 BOSS 1 1 0 1 0 0 -106.84832372482772 18.39215458348135 143.1 16.469544469082646 -107.15696014210366 344.84686 44.302784 199.14887323082183 -9.215245507152739 -0.3750642 -0.04413516 -0.042253036 199.1488781749269 -9.215237930674423 199.16372882639644 -9.36166222627119 55.51153218370464 298.61339050257345 5400.0 5400.0 2016.0 1 45 {-999.0 19.67418 19.315292 19.21362 19.153303} sdss_psfmag_from_lsdr10 19.599361 19.341719 18.94586 -999.0 63050395165369176 1131648982 dark_flexible_3x1 bhm_spiders_agn_lsdr10_d3 bhm_spiders science 0 0 0.0 0.0 -999 ""
FIBERMAP 701 R+2C8 METROLOGY 0 0 0 1 0 0 -106.80751926213097 19.137082221454413 143.1 15.750210007143608 -107.35468198332454 344.84686 44.302784 -999.0 -999.0 -999.0 -999.0 -999.0 199.14670007214457 -9.215872828510356 199.1615178053147 -9.362272751759255 55.510218316269594 298.6101313996828 -999.0 6231.0 -999.0 -1 -999 {-999.0 -999.0 -999.0 -999.0 -999.0} "" -999.0 -999.0 -999.0 -999.0 -999 -999 "" "" "" "" 0 0 0.0 0.0 -999 ""
FIBERMAP 702 R-4C16 APOGEE 0 0 0 1 0 0 94.6989552702965 -61.262807328171434 143.1 28.038748943475028 109.24191698080678 101.598145 84.94031 -999.0 -999.0 -999.0 -999.0 -999.0 199.18492898185445 -8.558571364512865 199.19913744449252 -8.704970493864574 55.122661523526745 299.54538747155823 -999.0 16600.0 -999.0 2 -999 {-999.0 -999.0 -999.0 -999.0 -999.0} "" -999.0 -999.0 -999.0 -999.0 -999 -999 "" "" "" "" 0 0 0.0 0.0 -999 ""
FIBERMAP 702 R-4C16 BOSS 1 1 0 1 0 0 95.43090857775582 -61.175488995701706 143.1 27.723651099011985 109.90828653614768 101.598145 84.94031 199.18366381784162 -8.556322521911463 -7.3957767 -24.675293 0.576974 199.1838612035036 -8.556397103207793 199.1981839989313 -8.702892915716777 55.12060965789374 299.54713133761743 5400.0 5400.0 2016.0 1 318 {-999.0 16.358425 16.066942 15.918758 -999.0} sdss_psfmag_ps1 16.306824 16.005938 15.537701 14.668 63050395165388104 1136360017 dark_flexible_3x1 mwm_halo_local_high_boss_triple mwm_halo science 0 0 0.7750071287155151 0.0 -999 ""
FIBERMAP 702 R-4C16 METROLOGY 0 0 0 1 0 0 95.1425861806404 -61.86504468352524 143.1 28.469032490304077 109.8537240163465 101.598145 84.94031 -999.0 -999.0 -999.0 -999.0 -999.0 199.18618466223094 -8.5565809539665 199.20047513591044 -8.70304762887799 55.12245142538492 299.5494519419503 -999.0 6231.0 -999.0 -1 -999 {-999.0 -999.0 -999.0 -999.0 -999.0} "" -999.0 -999.0 -999.0 -999.0 -999 -999 "" "" "" "" 0 0 0.0 0.0 -999 ""
FIBERMAP 703 R0C3 APOGEE 0 0 0 1 0 0 -232.1727494042878 -10.320810187652462 143.1 83.47064734191702 -216.88446907450026 355.54437 80.11398 -999.0 -999.0 -999.0 -999.0 -999.0 199.35431849375513 -9.546739294728114 199.36937798889574 -9.692837896710538 55.87711948259903 298.38098957502393 -999.0 16600.0 -999.0 2 252 {-999.0 -999.0 -999.0 -999.0 -999.0} "" -999.0 -999.0 -999.0 -999.0 -999 -999 "" ops_sky_apogee_best_unassigned ops_sky sky_apogee 0 0 0.0 0.0 -999 ""
FIBERMAP 703 R0C3 BOSS 1 1 0 1 0 0 -232.44424800298847 -11.0203397966337 143.1 84.22014728643529 -216.91991288442756 355.54437 80.11398 199.3565368652344 -9.546782679959776 -999.0 -999.0 -999.0 199.35651475251538 -9.546782336611955 199.37168986027598 -9.69296975662911 55.87898059480922 298.3833457279968 5400.0 5400.0 2015.5 1 521 {-999.0 -999.0 -999.0 -999.0 -999.0} "" -999.0 -999.0 -999.0 -999.0 27021603139607434 811719819 "" ops_sky_boss_good ops_sky sky_boss 0 0 0.0 0.0 -999 ""
FIBERMAP 703 R0C3 METROLOGY 0 0 0 1 0 0 -232.90967239179483 -10.428606454381598 143.1 83.80674078593022 -217.54905216517824 355.54437 80.11398 -999.0 -999.0 -999.0 -999.0 -999.0 199.35528858980598 -9.54873961179326 199.37043241124252 -9.694902105274592 55.87922111716321 298.3792756339032 -999.0 6231.0 -999.0 -1 -999 {-999.0 -999.0 -999.0 -999.0 -999.0} "" -999.0 -999.0 -999.0 -999.0 -999 -999 "" "" "" "" 0 0 0.0 0.0 -999 ""
FIBERMAP 708 R+12C13 APOGEE 0 0 0 1 0 0 114.63025809949406 244.55625850262103 143.1 -268.28252408589464 31.08524357541272 69.101715 125.168724 -999.0 -999.0 -999.0 -999.0 -999.0 198.27774630481704 -8.794396672543893 198.29194093630838 -8.941552190700966 54.57765041255588 298.24252409373133 -999.0 16600.0 -999.0 2 -999 {-999.0 -999.0 -999.0 -999.0 -999.0} "" -999.0 -999.0 -999.0 -999.0 -999 -999 "" "" "" "" 0 0 0.0 0.0 -999 ""
FIBERMAP 708 R+12C13 BOSS 1 1 0 1 0 0 115.35449117908374 244.75667416581388 143.1 -268.70241737451335 31.708399053869844 69.101715 125.168724 198.27635637704876 -8.792421642282106 -0.07224491 -0.19295873 -0.075779945 198.27636669209548 -8.79241522066124 198.2906798380418 -8.939667655086554 54.57549923847125 298.2437142678868 5400.0 5400.0 2016.0 1 105 {-999.0 19.02643 18.939405 18.771458 18.60649} sdss_psfmag_from_lsdr10 19.099909 18.88218 18.478756 -999.0 63050395165377550 1131653005 dark_flexible_3x1 bhm_spiders_agn_lsdr10_d3 bhm_spiders science 0 0 0.0 0.0 -999 ""
FIBERMAP 708 R+12C13 METROLOGY 0 0 0 1 0 0 115.16024359140707 244.02841989550913 143.1 -267.95019588536616 31.755325470811492 69.101715 125.168724 -999.0 -999.0 -999.0 -999.0 -999.0 198.2786308559192 -8.792298813186743 198.29291030753154 -8.939522282402383 54.577126504892675 298.24628949571184 -999.0 6231.0 -999.0 -1 -999 {-999.0 -999.0 -999.0 -999.0 -999.0} "" -999.0 -999.0 -999.0 -999.0 -999 -999 "" "" "" "" 0 0 0.0 0.0 -999 ""
FIBERMAP 711 R-8C15 APOGEE 0 0 0 1 0 0 126.59718001311894 -142.76451812034713 143.1 95.20007016045292 165.355611987038 84.65426 64.15818 -999.0 -999.0 -999.0 -999.0 -999.0 199.39064010814454 -8.389064376332815 199.40475412872024 -8.535305132265297 55.17001609918515 300.0012608962955 -999.0 16600.0 -999.0 2 201 {-999.0 -999.0 -999.0 -999.0 -999.0} "" -999.0 -999.0 -999.0 -999.0 -999 -999 "" ops_sky_apogee_best_unassigned ops_sky sky_apogee 0 0 0.0 0.0 -999 ""
FIBERMAP 711 R-8C15 BOSS 1 1 0 1 0 0 127.25767278372169 -143.10081931748104 143.1 95.309352614498 166.0886610613932 84.65426 64.15818 199.390869140625 -8.386716931299887 -999.0 -999.0 -999.0 199.39088460837178 -8.38670375142899 199.40511223263775 -8.533040565458721 55.16883094945575 300.0046959059916 5400.0 5400.0 2015.5 1 284 {-999.0 -999.0 -999.0 -999.0 -999.0} "" -999.0 -999.0 -999.0 -999.0 27021603139618637 811721563 "" ops_sky_boss_good ops_sky sky_boss 0 0 0.0 0.0 -999 ""
FIBERMAP 711 R-8C15 METROLOGY 0 0 0 1 0 0 126.61603754141792 -143.5133130481798 143.1 95.90413710063147 165.61113620884677 84.65426 64.15818 -999.0 -999.0 -999.0 -999.0 -999.0 199.39275334915126 -8.38815459587127 199.40694981875708 -8.53446231762596 55.17113688766727 300.0048359198415 -999.0 6231.0 -999.0 -1 -999 {-999.0 -999.0 -999.0 -999.0 -999.0} "" -999.0 -999.0 -999.0 -999.0 -999 -999 "" "" "" "" 0 0 0.0 0.0 -999 ""
FIBERMAP 712 R-7C5 APOGEE 1 1 0 1 0 0 -144.3103499654873 -130.0028939210288 143.1 169.0757067524241 -95.58506007266286 236.11855 24.06652 199.6179993864822 -9.17968248375065 -7.5964737 -6.118073 0.22772105 199.61737000760013 -9.1797650879665 199.63219066993804 -9.32568097908391 55.8474908152817 299.1801165937201 16000.0 16600.0 2016.0 2 298 {-999.0 13.695023 13.041366 12.794193 -999.0} sdss_psfmag_from_g3xp 13.52869 13.070585 12.447876 11.209 63050395165379303 1107674140 bright_flexible_3x1 mwm_tess_rgb_apogee mwm_tessrgb science 0 0 0.0 0.0 -999 ""
FIBERMAP 712 R-7C5 BOSS 0 0 0 1 0 0 -144.1727603478094 -129.2827496491735 143.1 168.34915698348 -95.68313908999966 236.11855 24.06652 -999.0 -999.0 -999.0 -999.0 -999.0 199.61508403043635 -9.180003661939232 199.63001835483237 -9.326013714268838 55.84604300674056 299.1772391420102 -999.0 5400.0 -999.0 1 489 {-999.0 -999.0 -999.0 -999.0 -999.0} "" -999.0 -999.0 -999.0 -999.0 -999 -999 "" "" "" "" 0 0 0.0 0.0 -999 ""
FIBERMAP 712 R-7C5 METROLOGY 0 0 0 1 0 0 -143.61148574262816 -129.75695181548204 143.1 168.62069381981672 -95.00040941219562 236.11855 24.06652 -999.0 -999.0 -999.0 -999.0 -999.0 199.6159732357838 -9.177974019196123 199.63087376399847 -9.32395746799845 55.845393475799284 299.18102548374367 -999.0 6231.0 -999.0 -1 -999 {-999.0 -999.0 -999.0 -999.0 -999.0} "" -999.0 -999.0 -999.0 -999.0 -999 -999 "" "" "" "" 0 0 0.0 0.0 -999 ""
FIBERMAP 713 R+3C9 APOGEE 0 0 0 1 0 0 -61.40436888482607 64.34497346766014 143.1 -41.52802645446161 -78.64819493817303 55.46689 75.33921 -999.0 -999.0 -999.0 -999.0 -999.0 198.97073750302596 -9.128629244347216 198.98535816667038 -9.275131936426872 55.32021119178501 298.5372936197653 -999.0 16600.0 -999.0 2 22 {-999.0 -999.0 -999.0 -999.0 -999.0} "" -999.0 -999.0 -999.0 -999.0 -999 -999 "" ops_sky_apogee_best_unassigned ops_sky sky_apogee 0 0 0.0 0.0 -999 ""
FIBERMAP 713 R+3C9 BOSS 1 1 0 1 0 0 -60.88760832207421 63.79631136193744 143.1 -41.17175503060093 -77.9840450235839 55.46689 75.33921 198.97173035674894 -9.126555718579398 -8.690264 -5.010543 0.06937601 198.97169312933627 -9.126568357717627 198.98642933011536 -9.273163622449081 55.31979844422992 298.541152703109 5400.0 5400.0 2016.0 1 32 {-999.0 17.47247 17.059052 16.831787 -999.0} sdss_psfmag_ps1 17.34568 17.008654 16.499825 15.515 63050395165369681 943928364 bright_1x1 openfibertargets_nov2020_6b open_fiber science 0 0 0.0 0.0 -999 ""
FIBERMAP 713 R+3C9 METROLOGY 0 0 0 1 0 0 -61.6233215646208 63.63931755214815 143.1 -40.789393495716844 -78.63186731228714 55.46689 75.33921 -999.0 -999.0 -999.0 -999.0 -999.0 198.97289651585555 -9.12856934042917 198.9876014709189 -9.275136848756487 55.32193765216615 298.53972959994394 -999.0 6231.0 -999.0 -1 -999 {-999.0 -999.0 -999.0 -999.0 -999.0} "" -999.0 -999.0 -999.0 -999.0 -999 -999 "" "" "" "" 0 0 0.0 0.0 -999 ""
FIBERMAP 718 R+2C7 APOGEE 0 0 0 1 0 0 -142.2217807000845 54.03456506159846 143.1 -6.102350672805909 -152.01187223763853 145.46613 85.11831 -999.0 -999.0 -999.0 -999.0 -999.0 199.07948032820957 -9.351032792241114 199.0943082186625 -9.497405855638148 55.54325824723953 298.350687210113 -999.0 16600.0 -999.0 2 29 {-999.0 -999.0 -999.0 -999.0 -999.0} "" -999.0 -999.0 -999.0 -999.0 -999 -999 "" ops_sky_apogee_best_unassigned ops_sky sky_apogee 0 0 0.0 0.0 -999 ""
FIBERMAP 718 R+2C7 BOSS 1 1 0 1 0 0 -141.74576909652436 54.6458110752787 143.1 -6.833040453687355 -151.75447883487163 145.46613 85.11831 199.07711962156927 -9.350235068039844 1.035832 -0.013498675 0.64608777 199.07711566384253 -9.350225716807074 199.09205866679497 -9.49669298746156 55.541081152927326 298.3492178566039 5400.0 5400.0 2016.0 1 48 {-999.0 20.682545 20.444937 19.988142 19.633705} sdss_fiber2mag_from_lsdr10 20.056665 20.124815 19.060808 -999.0 63050395165369057 1131648981 dark_flexible_3x1 bhm_spiders_agn_lsdr10_d3 bhm_spiders science 0 0 0.0 0.0 -999 ""
FIBERMAP 718 R+2C7 METROLOGY 0 0 0 1 0 0 -141.48237746298184 53.93458024356067 143.1 -6.242200937426239 -151.27899447972172 145.46613 85.11831 -999.0 -999.0 -999.0 -999.0 -999.0 199.07896527963456 -9.348832947960489 199.09387463349435 -9.495272721068643 55.54159044007468 298.3531562682849 -999.0 6231.0 -999.0 -1 -999 {-999.0 -999.0 -999.0 -999.0 -999.0} "" -999.0 -999.0 -999.0 -999.0 -999 -999 "" "" "" "" 0 0 0.0 0.0 -999 ""
FIBERMAP 720 R-7C15 APOGEE 0 0 0 1 0 0 117.12454342502612 -146.63776357577083 143.1 101.87920799721218 157.60233529924875 13.547895 61.651157 -999.0 -999.0 -999.0 -999.0 -999.0 199.4111222672023 -8.41252889646968 199.42525982848792 -8.558747617396184 55.20061991619577 299.992652891271 -999.0 16600.0 -999.0 2 -999 {-999.0 -999.0 -999.0 -999.0 -999.0} "" -999.0 -999.0 -999.0 -999.0 -999 -999 "" "" "" "" 0 0 0.0 0.0 -999 ""
FIBERMAP 720 R-7C15 BOSS 1 1 0 1 0 0 116.88799261924734 -147.39547573078013 143.1 102.67278881951168 157.61849624462712 13.547895 61.651157 199.41347226405173 -8.41234787648003 -0.082696095 -0.1000477 -0.7370372 199.41346826414036 -8.4123386336014 199.42772153189003 -8.558651045384506 55.20242224689548 299.99552504502856 5400.0 5400.0 2016.0 1 283 {-999.0 19.817238 19.59385 19.398394 19.222921} sdss_psfmag_from_lsdr10 19.700243 19.521935 18.985605 -999.0 63050395165388342 1131655027 dark_flexible_3x1 bhm_spiders_agn_lsdr10_d3 bhm_spiders science 0 0 0.0 0.0 -999 ""
FIBERMAP 720 R-7C15 METROLOGY 0 0 0 1 0 0 116.40197462747753 -146.83113510833257 143.1 102.29189343677594 156.9785224207509 13.547895 61.651157 -999.0 -999.0 -999.0 -999.0 -999.0 199.4123531271531 -8.414276307165718 199.42657505900024 -8.560562280046927 55.20278277147413 299.99168268599095 -999.0 6231.0 -999.0 -1 -999 {-999.0 -999.0 -999.0 -999.0 -999.0} "" -999.0 -999.0 -999.0 -999.0 -999 -999 "" "" "" "" 0 0 0.0 0.0 -999 ""
FIBERMAP 722 R-4C20 APOGEE 0 0 0 1 0 0 192.3751716862556 -67.01689828913602 143.1 2.495963483872981 203.69044434938849 66.31013 86.37156 -999.0 -999.0 -999.0 -999.0 -999.0 199.10675149702666 -8.27293603265254 199.12071260874143 -8.419448527813786 54.880297439899124 299.8412552014735 -999.0 16600.0 -999.0 2 -999 {-999.0 -999.0 -999.0 -999.0 -999.0} "" -999.0 -999.0 -999.0 -999.0 -999 -999 "" "" "" "" 0 0 0.0 0.0 -999 ""
FIBERMAP 722 R-4C20 BOSS 1 1 0 1 0 0 193.03984630032227 -67.36094774933073 143.1 2.61126612286789 204.4299179341591 66.31013 86.37156 199.1070086800642 -8.27044434867272 -6.5504856 -39.741993 0.9687996 199.10699006720344 -8.270557170705928 199.1210661644535 -8.41716659337676 54.87910083096276 299.8446869234845 5400.0 5400.0 2016.0 1 312 {-999.0 17.993584 17.035112 16.677774 -999.0} sdss_psfmag_ps1 17.696375 17.040104 16.271954 14.602 63050395165390087 1136360060 dark_flexible_3x1 mwm_halo_local_high_boss_triple mwm_halo science 0 0 0.0 0.0 -999 ""
FIBERMAP 722 R-4C20 METROLOGY 0 0 0 1 0 0 192.4209897916682 -67.76348982271546 143.1 3.1893846521877895 203.9708349033318 66.31013 86.37156 -999.0 -999.0 -999.0 -999.0 -999.0 199.10879265026387 -8.271940822227098 199.12283710677104 -8.418520999161178 54.881313529950006 299.8448364970854 -999.0 6231.0 -999.0 -1 -999 {-999.0 -999.0 -999.0 -999.0 -999.0} "" -999.0 -999.0 -999.0 -999.0 -999 -999 "" "" "" "" 0 0 0.0 0.0 -999 ""
FIBERMAP 725 R-11C8 APOGEE 0 0 0 1 0 0 -16.987923258166273 -234.09425279822008 143.1 227.37342847783734 58.18471005400014 320.86127 33.212246 -999.0 -999.0 -999.0 -999.0 -999.0 199.795093753597 -8.713864847689061 199.80956527342596 -8.859688877666924 55.68506311666382 300.01659900622764 -999.0 16600.0 -999.0 2 173 {-999.0 -999.0 -999.0 -999.0 -999.0} "" -999.0 -999.0 -999.0 -999.0 -999 -999 "" ops_sky_apogee_best_unassigned ops_sky sky_apogee 0 0 0.0 0.0 -999 ""
FIBERMAP 725 R-11C8 BOSS 1 1 0 1 0 0 -17.732403980688098 -233.98803360470217 143.1 227.50897836206855 57.44503894207954 320.86127 33.212246 199.79557225800394 -8.715949110562068 -36.368748 -29.833647 2.7994494 199.79543059131285 -8.716001193880338 199.8100174487871 -8.861918567517648 55.68683789962261 300.0140770212983 5400.0 5400.0 2016.0 1 415 {-999.0 22.354527 21.043274 19.660143 -999.0} sdss_psfmag_ps1 20.904568 19.912128 18.679802 15.694 63050395165381968 1096354112 bright_1x1 mwm_bin_vis_boss mwm_filler science 0 0 0.0 0.0 -999 ""
FIBERMAP 725 R-11C8 METROLOGY 0 0 0 1 0 0 -17.293760088770014 -233.4115841570445 143.1 226.8231440038493 57.67804133114417 320.86127 33.212246 -999.0 -999.0 -999.0 -999.0 -999.0 199.79341118155205 -8.71531197382597 199.80796485685505 -8.86120467351749 55.68482502482486 300.01273642747685 -999.0 6231.0 -999.0 -1 -999 {-999.0 -999.0 -999.0 -999.0 -999.0} "" -999.0 -999.0 -999.0 -999.0 -999 -999 "" "" "" "" 0 0 0.0 0.0 -999 ""
FIBERMAP 727 R+5C12 APOGEE 0 0 0 1 0 0 -4.947960945971577 101.0752416872314 143.1 -94.27521204093536 -36.769841377471685 192.11609 88.82443 -999.0 -999.0 -999.0 -999.0 -999.0 198.80880799239662 -9.001254788354895 198.82328764798706 -9.147919126947315 55.115822470340476 298.5347601313594 -999.0 16600.0 -999.0 2 132 {-999.0 -999.0 -999.0 -999.0 -999.0} "" -999.0 -999.0 -999.0 -999.0 -999 -999 "" ops_sky_apogee_best_unassigned ops_sky sky_apogee 0 0 0.0 0.0 -999 ""
FIBERMAP 727 R+5C12 BOSS 1 1 0 1 0 0 -5.096666511678475 101.80782552683694 143.1 -94.92269725517536 -37.143350341025275 192.11609 88.82443 198.806662790258 -9.002326121041696 -1.2720551 1.7015771 2.1507115 198.8066479408453 -9.002310675986314 198.8212457211505 -9.149070602044745 55.11497690074493 298.53097962372556 5400.0 5400.0 2016.0 1 121 {-999.0 20.837067 20.780254 20.509502 20.247808} sdss_psfmag_from_lsdr10 20.7169 20.881285 20.041815 -999.0 63050395165375585 1131650959 dark_flexible_3x1 bhm_spiders_agn_lsdr10_d3 bhm_spiders science 0 0 0.0 0.0 -999 ""
FIBERMAP 727 R+5C12 METROLOGY 0 0 0 1 0 0 -4.387615740837386 101.5603064934301 143.1 -94.9130139863579 -36.392432176871566 192.11609 88.82443 -999.0 -999.0 -999.0 -999.0 -999.0 198.8067044649743 -9.000061682423247 198.82126708290707 -9.146795308948748 55.11356431280296 298.53409850133147 -999.0 6231.0 -999.0 -1 -999 {-999.0 -999.0 -999.0 -999.0 -999.0} "" -999.0 -999.0 -999.0 -999.0 -999 -999 "" "" "" "" 0 0 0.0 0.0 -999 ""
FIBERMAP 728 R+7C12 APOGEE 0 0 0 1 0 0 37.294405966182104 125.95063711456305 143.1 -131.26984540148894 -4.607744107130641 268.7031 137.35115 -999.0 -999.0 -999.0 -999.0 -999.0 198.6954755735114 -8.90342681829015 198.7098509203861 -9.050205039365906 54.96728910518369 298.5446264511723 -999.0 16600.0 -999.0 2 143 {-999.0 -999.0 -999.0 -999.0 -999.0} "" -999.0 -999.0 -999.0 -999.0 -999 -999 "" ops_sky_apogee_best_unassigned ops_sky sky_apogee 0 0 0.0 0.0 -999 ""
FIBERMAP 728 R+7C12 BOSS 1 1 0 1 0 0 36.76824838005244 125.41798173082088 143.1 -130.59776525625315 -4.937630929906021 268.7031 137.35115 198.69735717773438 -8.904336236863784 -999.0 -999.0 -999.0 198.69735033012907 -8.904339603393739 198.7118451833859 -9.051210473756296 54.96945290776654 298.5454200508583 5400.0 5400.0 2015.5 1 144 {-999.0 -999.0 -999.0 -999.0 -999.0} "" -999.0 -999.0 -999.0 -999.0 27021603139611518 811720566 "" ops_sky_boss_good ops_sky sky_boss 0 0 0.0 0.0 -999 ""
FIBERMAP 728 R+7C12 METROLOGY 0 0 0 1 0 0 36.53905056403195 126.11837684734039 143.1 -131.1891816766578 -5.377251790048606 268.7031 137.35115 -999.0 -999.0 -999.0 -999.0 -999.0 198.6955546257329 -8.905697205956258 198.710016605124 -9.052542674757225 54.96888537203111 298.54163779103294 -999.0 6231.0 -999.0 -1 -999 {-999.0 -999.0 -999.0 -999.0 -999.0} "" -999.0 -999.0 -999.0 -999.0 -999 -999 "" "" "" "" 0 0 0.0 0.0 -999 ""
FIBERMAP 729 R-8C19 APOGEE 0 0 0 1 0 0 210.2550776503299 -157.9538948541901 143.1 83.05332557232244 249.50558271810212 298.30472 153.82802 -999.0 -999.0 -999.0 -999.0 -999.0 199.35297747636358 -8.135502808269777 199.36687655015055 -8.281816394351836 54.977938670024706 300.29751092996787 -999.0 16600.0 -999.0 2 193 {-999.0 -999.0 -999.0 -999.0 -999.0} "" -999.0 -999.0 -999.0 -999.0 -999 -999 "" ops_sky_apogee_best_unassigned ops_sky sky_apogee 0 0 0.0 0.0 -999 ""
FIBERMAP 729 R-8C19 BOSS 1 1 0 1 0 0 210.27128121980638 -158.69395458426607 143.1 83.7499515582927 249.755818040207 298.30472 153.82802 199.35498319928303 -8.13466216780929 -0.6215983 0.8671806 -1.1492273 199.35498739046506 -8.134657844367066 199.3690019766267 -8.281066846385103 54.97905891861691 300.30087654459925 5400.0 5400.0 2016.0 1 266 {-999.0 21.040426 20.711227 20.403078 20.146969} sdss_psfmag_from_gaiadr2 20.818253 20.790886 19.826935 -999.0 63050395165388972 1130021993 dark_flexible_3x1 bhm_gua_dark_d3 bhm_filler science 0 0 0.0 0.0 -999 ""
FIBERMAP 729 R-8C19 METROLOGY 0 0 0 1 0 0 209.61651651203758 -158.3532406937631 143.1 83.6346668320816 249.0268002133115 298.30472 153.82802 -999.0 -999.0 -999.0 -999.0 -999.0 199.35468933046485 -8.136826355805837 199.36867280848332 -8.283207769768396 54.98019430343162 300.2976631555611 -999.0 6231.0 -999.0 -1 -999 {-999.0 -999.0 -999.0 -999.0 -999.0} "" -999.0 -999.0 -999.0 -999.0 -999 -999 "" "" "" "" 0 0 0.0 0.0 -999 ""
FIBERMAP 731 R0C27 APOGEE 0 0 0 1 0 0 312.9981616475972 -2.9753855610459206 143.1 -96.51368236891331 297.7476772908056 65.17559 23.272505 -999.0 -999.0 -999.0 -999.0 -999.0 198.80506405855039 -7.990603327592245 198.81874084420986 -8.137425800415654 54.47011544313935 299.8830458534506 -999.0 16600.0 -999.0 2 -999 {-999.0 -999.0 -999.0 -999.0 -999.0} "" -999.0 -999.0 -999.0 -999.0 -999 -999 "" "" "" "" 0 0 0.0 0.0 -999 ""
FIBERMAP 731 R0C27 BOSS 1 1 0 1 0 0 312.9979622807918 -3.7419957799851606 143.1 -95.7866738954789 297.9907846122106 65.17559 23.272505 198.80722045898438 -7.989834028729433 -999.0 -999.0 -999.0 198.80718698215387 -7.989846970888531 198.8209819818611 -8.136766099819305 54.47139053398455 299.886369940831 5400.0 5400.0 2015.5 1 182 {-999.0 -999.0 -999.0 -999.0 -999.0} "" -999.0 -999.0 -999.0 -999.0 27021603139620125 820071362 "" ops_sky_boss_good ops_sky sky_boss 0 0 0.0 0.0 -999 ""
FIBERMAP 731 R0C27 METROLOGY 0 0 0 1 0 0 312.34356898141954 -3.3373339802751003 143.1 -95.96271568816688 297.24182405505934 65.17559 23.272505 -999.0 -999.0 -999.0 -999.0 -999.0 198.80665086526602 -7.992044528260995 198.82041394223086 -8.138935893976624 54.47235488932013 299.882887904639 -999.0 6231.0 -999.0 -1 -999 {-999.0 -999.0 -999.0 -999.0 -999.0} "" -999.0 -999.0 -999.0 -999.0 -999 -999 "" "" "" "" 0 0 0.0 0.0 -999 ""
FIBERMAP 732 R-10C12 APOGEE 0 0 0 1 0 0 47.24825248495246 -201.48803815105072 143.1 176.06787729448422 108.74913638272304 265.0586 34.550114 -999.0 -999.0 -999.0 -999.0 -999.0 199.63826139198267 -8.560681374988484 199.65257002257488 -8.706671846336219 55.46785123232812 300.04754426999455 -999.0 16600.0 -999.0 2 -999 {-999.0 -999.0 -999.0 -999.0 -999.0} "" -999.0 -999.0 -999.0 -999.0 -999 -999 "" "" "" "" 0 0 0.0 0.0 -999 ""
FIBERMAP 732 R-10C12 BOSS 1 1 0 1 0 0 46.85189524108581 -200.83267418998736 143.1 175.5722128781906 108.16529643395715 265.0586 34.550114 199.63668823242188 -8.56232149486 -999.0 -999.0 -999.0 199.63668426307513 -8.562322657432611 199.65110818559026 -8.708409157985155 55.4678618725988 300.0435580290517 5400.0 5400.0 2015.5 1 402 {-999.0 -999.0 -999.0 -999.0 -999.0} "" -999.0 -999.0 -999.0 -999.0 27021603139615158 811721102 "" ops_sky_boss_good ops_sky sky_boss 0 0 0.0 0.0 -999 ""
FIBERMAP 732 R-10C12 METROLOGY 0 0 0 1 0 0 47.61686549512538 -200.83717513510393 143.1 175.33370503789732 108.89211497225934 265.0586 34.550114 -999.0 -999.0 -999.0 -999.0 -999.0 199.63600767799895 -8.560133736608186 199.65039725161387 -8.706194315642357 55.46589941745393 300.0457529155792 -999.0 6231.0 -999.0 -1 -999 {-999.0 -999.0 -999.0 -999.0 -999.0} "" -999.0 -999.0 -999.0 -999.0 -999 -999 "" "" "" "" 0 0 0.0 0.0 -999 ""
FIBERMAP 736 R+11C12 APOGEE 0 0 0 1 0 0 90.85266615352064 210.42815386285025 143.1 -228.37402429122426 19.369038824973853 344.21005 119.91147 -999.0 -999.0 -999.0 -999.0 -999.0 198.3989281492148 -8.830107362338678 198.41317789250365 -8.977153513764694 54.69330959343483 298.3241576438484 -999.0 16600.0 -999.0 2 145 {-999.0 -999.0 -999.0 -999.0 -999.0} "" -999.0 -999.0 -999.0 -999.0 -999 -999 "" ops_sky_apogee_best_unassigned ops_sky sky_apogee 0 0 0.0 0.0 -999 ""
FIBERMAP 736 R+11C12 BOSS 1 1 0 1 0 0 91.03837825853671 209.69199658752333 143.1 -227.73489516809414 19.778773668933688 344.21005 119.91147 198.400706828534 -8.828768039693516 0.21663718 -1.0502312 0.26075095 198.40072114441423 -8.828772695741042 198.41509001564805 -8.975912627619529 54.69400392780179 298.3278786680095 5400.0 5400.0 2016.0 1 148 {-999.0 20.40325 20.413754 20.29589 20.168446} sdss_psfmag_from_lsdr10 20.21498 20.269712 19.944208 -999.0 63050395165377454 1131653008 dark_flexible_3x1 bhm_spiders_agn_lsdr10_d3 bhm_spiders science 0 0 0.0 0.0 -999 ""
FIBERMAP 736 R+11C12 METROLOGY 0 0 0 1 0 0 90.31629019097693 209.89714805153335 143.1 -227.70026539826583 19.028938813681656 344.21005 119.91147 -999.0 -999.0 -999.0 -999.0 -999.0 198.40081636796288 -8.831066975119736 198.41515310590933 -8.97817951242674 54.69547298574384 298.32488943340155 -999.0 6231.0 -999.0 -1 -999 {-999.0 -999.0 -999.0 -999.0 -999.0} "" -999.0 -999.0 -999.0 -999.0 -999 -999 "" "" "" "" 0 0 0.0 0.0 -999 ""
FIBERMAP 738 R-6C11 APOGEE 0 0 0 1 0 0 -10.90868171005678 -106.99361503055391 143.1 104.91973065268381 23.611927136684915 148.84189 107.20209 -999.0 -999.0 -999.0 -999.0 -999.0 199.42090783174064 -8.8185101141722 199.43538157778733 -8.96465820605078 55.46808334125193 299.45554957468835 -999.0 16600.0 -999.0 2 -999 {-999.0 -999.0 -999.0 -999.0 -999.0} "" -999.0 -999.0 -999.0 -999.0 -999 -999 "" "" "" "" 0 0 0.0 0.0 -999 ""
FIBERMAP 738 R-6C11 BOSS 1 1 0 1 0 0 -10.741592254737487 -106.25627603545392 143.1 104.16751356995029 23.536364583625723 148.84189 107.20209 199.4185352404368 -8.81856926667199 1.4387952 -19.266232 0.22304457 199.41854308024105 -8.81863178357085 199.4331314951753 -8.964875940003289 55.46650869418067 299.452755998613 5400.0 5400.0 2016.0 1 389 {-999.0 17.433563 17.28529 17.050184 -999.0} sdss_psfmag_ps1 17.440813 17.17395 16.739767 16.189 63050395165381437 944494051 bright_1x1 openfibertargets_nov2020_6c open_fiber science 0 0 0.0 0.0 -999 ""
FIBERMAP 738 R-6C11 METROLOGY 0 0 0 1 0 0 -10.193190558364567 -106.77550811033758 143.1 104.48583586137106 24.22117838984683 148.84189 107.20209 -999.0 -999.0 -999.0 -999.0 -999.0 199.41956174614484 -8.81657782055007 199.43411607668486 -8.962794750967669 55.465932698039346 299.4566788536049 -999.0 6231.0 -999.0 -1 -999 {-999.0 -999.0 -999.0 -999.0 -999.0} "" -999.0 -999.0 -999.0 -999.0 -999 -999 "" "" "" "" 0 0 0.0 0.0 -999 ""
FIBERMAP 740 R-10C6 APOGEE 0 0 0 1 0 0 -49.451323270437925 -204.48397283290458 143.1 209.59800217245916 18.003682195524682 26.118841 47.86458 -999.0 -999.0 -999.0 -999.0 -999.0 199.74117886960312 -8.835508798247535 199.75574034768533 -8.981363734397306 55.722283017960045 299.79038866334065 -999.0 16600.0 -999.0 2 -999 {-999.0 -999.0 -999.0 -999.0 -999.0} "" -999.0 -999.0 -999.0 -999.0 -999 -999 "" "" "" "" 0 0 0.0 0.0 -999 ""
FIBERMAP 740 R-10C6 BOSS 1 1 0 1 0 0 -49.7087219746915 -205.2073805204921 143.1 210.36566989133541 17.989186841699578 26.118841 47.86458 199.7434544084369 -8.835447495005562 0.12100196 -0.05556897 -0.18291363 199.7434561932311 -8.835453935840704 199.758131782688 -8.981400302767929 55.72412130849852 299.7930232582897 5400.0 5400.0 2016.0 1 384 {-999.0 18.604904 18.482128 18.39492 18.319715} sdss_psfmag_from_lsdr10 18.67222 18.523024 18.123056 -999.0 63050395165381681 1058906822 dark_flexible_2x1 bhm_spiders_agn_lsdr10 bhm_spiders science 0 0 0.0 0.0 -999 ""
FIBERMAP 740 R-10C6 METROLOGY 0 0 0 1 0 0 -50.17700986819146 -204.66529348434005 143.1 210.0002497382182 17.373088288760094 26.118841 47.86458 -999.0 -999.0 -999.0 -999.0 -999.0 199.7424081911741 -8.837344508203826 199.75705292717169 -8.983265043845831 55.72449606818221 299.78926812675223 -999.0 6231.0 -999.0 -1 -999 {-999.0 -999.0 -999.0 -999.0 -999.0} "" -999.0 -999.0 -999.0 -999.0 -999 -999 "" "" "" "" 0 0 0.0 0.0 -999 ""
FIBERMAP 745 R+1C8 APOGEE 0 0 0 1 0 0 -132.29104265991748 14.02691948098165 143.1 28.683584550396205 -129.8978734968967 186.9722 137.9567 -999.0 -999.0 -999.0 -999.0 -999.0 199.18646858595565 -9.284176300096846 199.2012688066419 -9.430464271171052 55.58355674691248 298.559836959585 -999.0 16600.0 -999.0 2 -999 {-999.0 -999.0 -999.0 -999.0 -999.0} "" -999.0 -999.0 -999.0 -999.0 -999 -999 "" "" "" "" 0 0 0.0 0.0 -999 ""
FIBERMAP 745 R+1C8 BOSS 1 1 0 1 0 0 -132.89470785887676 14.425951489946033 143.1 28.49678186089169 -130.59694395882195 186.9722 137.9567 199.18576721386353 -9.286279927259145 -999.0 -999.0 -999.0 199.1857903678978 -9.286263671103669 199.2007080360588 -9.432644079137312 55.584493860983066 298.5562198883644 5400.0 5400.0 2016.0 1 47 {-999.0 21.648554 20.213219 19.661167 19.290377} sdss_fiber2mag_from_lsdr10 20.14401 21.379356 18.366392 -999.0 63050395165369022 1128412138 dark_flexible_3x1 bhm_spiders_clusters_lsdr10_d3 bhm_spiders science 0 0 0.0 0.0 -999 ""
FIBERMAP 745 R+1C8 METROLOGY 0 0 0 1 0 0 -132.2373597629715 14.772986745624447 143.1 27.959082243858827 -130.08374492350583 186.9722 137.9567 -999.0 -999.0 -999.0 -999.0 -999.0 199.18417475822955 -9.28474949910215 199.1990579414811 -9.431105466932085 55.58226096274673 298.55653232342473 -999.0 6231.0 -999.0 -1 -999 {-999.0 -999.0 -999.0 -999.0 -999.0} "" -999.0 -999.0 -999.0 -999.0 -999 -999 "" "" "" "" 0 0 0.0 0.0 -999 ""
FIBERMAP 746 R-9C7 APOGEE 0 0 0 1 0 0 -37.64818876994515 -180.1232157342557 143.1 182.75177083962353 21.46482591154096 26.74514 64.29229 -999.0 -999.0 -999.0 -999.0 -999.0 199.659218007589 -8.82504358383675 199.67375185638048 -8.970974855907434 55.6533904019702 299.71265207811484 -999.0 16600.0 -999.0 2 187 {-999.0 -999.0 -999.0 -999.0 -999.0} "" -999.0 -999.0 -999.0 -999.0 -999 -999 "" ops_sky_apogee_best_unassigned ops_sky sky_apogee 0 0 0.0 0.0 -999 ""
FIBERMAP 746 R-9C7 BOSS 1 1 0 1 0 0 -37.61850958074602 -180.89450679026658 143.1 183.47373550831992 21.737751389578552 26.74514 64.29229 199.6614074707031 -8.824111425348462 -999.0 -999.0 -999.0 199.6613701917078 -8.824115124685765 199.67601776797028 -8.970138225573121 55.654576435426286 299.7163287137163 5400.0 5400.0 2015.5 1 383 {-999.0 -999.0 -999.0 -999.0 -999.0} "" -999.0 -999.0 -999.0 -999.0 27021603139614678 811721028 "" ops_sky_boss_good ops_sky sky_boss 0 0 0.0 0.0 -999 ""
FIBERMAP 746 R-9C7 METROLOGY 0 0 0 1 0 0 -38.27745522596119 -180.5224656604618 143.1 183.33007132822095 20.99482673514313 26.74514 64.29229 -999.0 -999.0 -999.0 -999.0 -999.0 199.66099075859688 -8.82639078063826 199.67560784139664 -8.9723873369161 55.65570310823531 299.7128045598478 -999.0 6231.0 -999.0 -1 -999 {-999.0 -999.0 -999.0 -999.0 -999.0} "" -999.0 -999.0 -999.0 -999.0 -999 -999 "" "" "" "" 0 0 0.0 0.0 -999 ""
FIBERMAP 749 R-2C15 APOGEE 0 0 0 1 0 0 43.61190014785795 -52.222472873711276 143.1 35.679486460894694 57.92904745546539 267.78326 114.607864 -999.0 -999.0 -999.0 -999.0 -999.0 199.20835008421238 -8.71422180644927 199.2226902294518 -8.860576328342209 55.239786031077315 299.36139507968625 -999.0 16600.0 -999.0 2 227 {-999.0 -999.0 -999.0 -999.0 -999.0} "" -999.0 -999.0 -999.0 -999.0 -999 -999 "" ops_sky_apogee_best_unassigned ops_sky sky_apogee 0 0 0.0 0.0 -999 ""
FIBERMAP 749 R-2C15 BOSS 1 1 0 1 0 0 42.918480309445926 -52.5001117991712 143.1 36.16282832990441 57.35961899028473 267.78326 114.607864 199.20975341246645 -8.715820109520005 -999.0 -999.0 -999.0 199.20974041202246 -8.715821475012351 199.22419828822672 -8.862269168208236 55.242012723255534 299.3607679868864 5400.0 5400.0 2016.0 1 327 {-999.0 20.245646 19.159126 18.719784 18.371399} sdss_fiber2mag_from_lsdr10 19.027145 20.51052 17.444069 15.251 63050395165387211 1128414597 dark_flexible_3x1 bhm_spiders_clusters_lsdr10_d3 bhm_spiders science 0 0 0.0 0.0 -999 ""
FIBERMAP 749 R-2C15 METROLOGY 0 0 0 1 0 0 43.00895505305233 -51.780248084703985 143.1 35.451497282972966 57.2169518991561 267.78326 114.607864 -999.0 -999.0 -999.0 -999.0 -999.0 199.20759122488926 -8.716274546321086 199.2220160890497 -8.862697264763867 55.240621952164055 299.35778204750784 -999.0 6231.0 -999.0 -1 -999 {-999.0 -999.0 -999.0 -999.0 -999.0} "" -999.0 -999.0 -999.0 -999.0 -999 -999 "" "" "" "" 0 0 0.0 0.0 -999 ""
FIBERMAP 750 R+11C10 APOGEE 0 0 0 1 0 0 47.26730731881457 204.70301750057342 143.1 -209.11257988089844 -20.144212869052815 350.61395 91.71037 -999.0 -999.0 -999.0 -999.0 -999.0 198.45732085912283 -8.949921656172453 198.47167746953198 -9.096899307996104 54.81332309161335 298.2250144871679 -999.0 16600.0 -999.0 2 127 {-999.0 -999.0 -999.0 -999.0 -999.0} "" -999.0 -999.0 -999.0 -999.0 -999 -999 "" ops_sky_apogee_best_unassigned ops_sky sky_apogee 0 0 0.0 0.0 -999 ""
FIBERMAP 750 R+11C10 BOSS 1 1 0 1 0 0 47.12987576623596 203.9796801449022 143.1 -208.38305240537673 -20.04497058731666 350.61395 91.71037 198.45914517358185 -8.949508656548053 -4.3531938 -12.578411 0.18595167 198.45937697384522 -8.94953800859179 198.4738531802367 -9.096608453672978 54.81481756962836 298.22773998305394 5400.0 5400.0 2016.0 1 114 {-999.0 16.385443 16.071777 15.650079 -999.0} sdss_psfmag_ps1 16.251965 15.845199 15.258568 14.094 63050395165375962 1133161663 dark_flexible_3x1 mwm_halo_mp_xp_boss_triple mwm_halo science 0 0 0.8523880839347839 0.0 -999 ""
FIBERMAP 750 R+11C10 METROLOGY 0 0 0 1 0 0 46.55967939933874 204.4109453243771 143.1 -208.611042380521 -20.722533648248636 350.61395 91.71037 -999.0 -999.0 -999.0 -999.0 -999.0 198.458680195861 -8.951618060702508 198.47312402575903 -9.098662002235454 54.81554001867748 298.2241776339093 -999.0 6231.0 -999.0 -1 -999 {-999.0 -999.0 -999.0 -999.0 -999.0} "" -999.0 -999.0 -999.0 -999.0 -999 -999 "" "" "" "" 0 0 0.0 0.0 -999 ""
FIBERMAP 752 R-8C5 APOGEE 0 0 0 1 0 0 -125.3224190094952 -148.0189077168336 143.1 180.13342530806378 -71.86190109693777 166.10756 100.56037 -999.0 -999.0 -999.0 -999.0 -999.0 199.65126409165197 -9.107862063590892 199.66603279847538 -9.253757934042413 55.827695658075974 299.3168632954254 -999.0 16600.0 -999.0 2 285 {-999.0 -999.0 -999.0 -999.0 -999.0} "" -999.0 -999.0 -999.0 -999.0 -999 -999 "" ops_sky_apogee_best_unassigned ops_sky sky_apogee 0 0 0.0 0.0 -999 ""
FIBERMAP 752 R-8C5 BOSS 1 1 0 1 0 0 -125.32411031538348 -147.27379193675986 143.1 179.42739917036496 -72.0999796521264 166.10756 100.56037 199.6490478515625 -9.108517347887812 -999.0 -999.0 -999.0 199.64904573007618 -9.108516707738712 199.66392835672423 -9.254506896497725 55.826566580227386 299.3134852170418 5400.0 5400.0 2015.5 1 468 {-999.0 -999.0 -999.0 -999.0 -999.0} "" -999.0 -999.0 -999.0 -999.0 27021603139613221 811720831 "" ops_sky_boss_good ops_sky sky_boss 0 0 0.0 0.0 -999 ""
FIBERMAP 752 R-8C5 METROLOGY 0 0 0 1 0 0 -124.66856569769283 -147.66320705170153 143.1 179.58861776396805 -71.35476613317542 166.10756 100.56037 -999.0 -999.0 -999.0 -999.0 -999.0 199.6495977395477 -9.106294616450255 199.66444635597895 -9.252258458734524 55.82553389832098 299.3171555559088 -999.0 6231.0 -999.0 -1 -999 {-999.0 -999.0 -999.0 -999.0 -999.0} "" -999.0 -999.0 -999.0 -999.0 -999 -999 "" "" "" "" 0 0 0.0 0.0 -999 ""
FIBERMAP 754 R+8C15 APOGEE 0 0 0 1 0 0 112.64910217481857 147.0077832473385 143.1 -175.15253149281983 60.165208674206816 214.85384 162.53212 -999.0 -999.0 -999.0 -999.0 -999.0 198.56169941066446 -8.70681129513052 198.575889443478 -8.85373572020568 54.740814963133914 298.6652394735467 -999.0 16600.0 -999.0 2 78 {-999.0 -999.0 -999.0 -999.0 -999.0} "" -999.0 -999.0 -999.0 -999.0 -999 -999 "" ops_sky_apogee_best_unassigned ops_sky sky_apogee 0 0 0.0 0.0 -999 ""
FIBERMAP 754 R+8C15 BOSS 1 1 0 1 0 0 111.94358219111805 146.806693726325 143.1 -174.73793812134886 59.560011921158946 214.85384 162.53212 198.56277465820312 -8.70852393924828 -999.0 -999.0 -999.0 198.56278218540118 -8.708530697236911 198.57709289059812 -8.85554938202554 54.74288105472496 298.6640974515939 5400.0 5400.0 2015.5 1 238 {-999.0 -999.0 -999.0 -999.0 -999.0} "" -999.0 -999.0 -999.0 -999.0 27021603139612321 811720678 "" ops_sky_boss_good ops_sky sky_boss 0 0 0.0 0.0 -999 ""
FIBERMAP 754 R+8C15 METROLOGY 0 0 0 1 0 0 112.11339209738809 147.53186626669608 143.1 -175.47948163121754 59.4908902854617 214.85384 162.53212 -999.0 -999.0 -999.0 -999.0 -999.0 198.56052634649689 -8.708756964257317 198.5748029882236 -8.855750518171124 54.741250677397474 298.66135746697586 -999.0 6231.0 -999.0 -1 -999 {-999.0 -999.0 -999.0 -999.0 -999.0} "" -999.0 -999.0 -999.0 -999.0 -999 -999 "" "" "" "" 0 0 0.0 0.0 -999 ""
FIBERMAP 755 R-9C15 APOGEE 0 0 0 1 0 0 133.0525563555365 -161.52270414873647 143.1 110.93897288738245 177.4302011928664 77.14532 90.869385 -999.0 -999.0 -999.0 -999.0 -999.0 199.43870152234263 -8.352709856145312 199.45279573445941 -8.498912876822587 55.1829581366194 300.1035841749915 -999.0 16600.0 -999.0 2 -999 {-999.0 -999.0 -999.0 -999.0 -999.0} "" -999.0 -999.0 -999.0 -999.0 -999 -999 "" "" "" "" 0 0 0.0 0.0 -999 ""
FIBERMAP 755 R-9C15 BOSS 1 1 0 1 0 0 133.80686641909622 -161.69914560217555 143.1 110.8668924047273 178.2014792581363 77.14532 90.869385 199.43838478466452 -8.350246747577293 -0.6195959 -0.41634193 0.53156304 199.4383870267191 -8.350243095025498 199.45259444040437 -8.496542802117778 55.181279228912025 300.10653473942347 5400.0 5400.0 2016.0 1 329 {-999.0 20.597622 20.431417 20.289312 20.195726} sdss_psfmag_from_gaiadr2 20.483295 20.425777 19.91341 -999.0 63050395165388383 1130021981 dark_flexible_3x1 bhm_gua_dark_d3 bhm_filler science 0 0 0.0 0.0 -999 ""
FIBERMAP 755 R-9C15 METROLOGY 0 0 0 1 0 0 133.29109706331565 -162.23164458877943 143.1 111.53552736902523 177.8813935352655 77.14532 90.869385 -999.0 -999.0 -999.0 -999.0 -999.0 199.44048282707914 -8.351215006942923 199.4546587940315 -8.497485457306565 55.18344813456598 300.1075752682834 -999.0 6231.0 -999.0 -1 -999 {-999.0 -999.0 -999.0 -999.0 -999.0} "" -999.0 -999.0 -999.0 -999.0 -999 -999 "" "" "" "" 0 0 0.0 0.0 -999 ""
FIBERMAP 764 R-10C8 APOGEE 0 0 0 1 0 0 -4.742869597712744 -185.16289257944263 143.1 177.0876461045918 54.26702230568515 75.60203 57.724678 -999.0 -999.0 -999.0 -999.0 -999.0 199.6417646269101 -8.725638465522426 199.65621149702974 -8.871600679839084 55.57647559752444 299.82821731652257 -999.0 16600.0 -999.0 2 -999 {-999.0 -999.0 -999.0 -999.0 -999.0} "" -999.0 -999.0 -999.0 -999.0 -999 -999 "" "" "" "" 0 0 0.0 0.0 -999 ""
FIBERMAP 764 R-10C8 BOSS 1 1 0 1 0 0 -4.200633320516278 -185.73298091871663 143.1 177.45615001441053 54.962129769077855 75.60203 57.724678 199.64279824375222 -8.723384359306333 8.578512 -16.128027 0.21983218 199.64283125327975 -8.723420894625368 199.6573906628455 -8.869476592721679 55.576009254818295 299.8324226582619 5400.0 5400.0 2016.0 1 405 {-999.0 17.730017 17.29999 17.406816 -999.0} sdss_psfmag_ps1 17.627954 17.370548 16.955227 15.519 63050395165382183 944494061 bright_1x1 openfibertargets_nov2020_6c open_fiber science 0 0 0.0 0.0 -999 ""
FIBERMAP 764 R-10C8 METROLOGY 0 0 0 1 0 0 -4.947762678516092 -185.88227915301417 143.1 177.83483724112287 54.30103972618028 75.60203 57.724678 -999.0 -999.0 -999.0 -999.0 -999.0 199.64404792359284 -8.72544421686256 199.65857694155306 -8.871471821526272 55.57818752036599 299.83104116054994 -999.0 6231.0 -999.0 -1 -999 {-999.0 -999.0 -999.0 -999.0 -999.0} "" -999.0 -999.0 -999.0 -999.0 -999 -999 "" "" "" "" 0 0 0.0 0.0 -999 ""
FIBERMAP 767 R+3C3 APOGEE 0 0 0 1 0 0 -202.49567181331267 73.22260273898479 143.1 -5.1686725694567395 -215.25678427600675 91.51906 75.182686 -999.0 -999.0 -999.0 -999.0 -999.0 199.08220756105064 -9.541953295539708 199.09719179071374 -9.688295402757841 55.66458496055074 298.08976058880535 -999.0 16600.0 -999.0 2 36 {-999.0 -999.0 -999.0 -999.0 -999.0} "" -999.0 -999.0 -999.0 -999.0 -999 -999 "" ops_sky_apogee_best_unassigned ops_sky sky_apogee 0 0 0.0 0.0 -999 ""
FIBERMAP 767 R+3C3 BOSS 1 1 0 1 0 0 -201.78562490188938 73.05821456044714 143.1 -5.238135041071268 -214.53130445765257 91.51906 75.182686 199.08187866210935 -9.539690414773716 -999.0 -999.0 -999.0 199.08187846776414 -9.539723747841391 199.0969770383009 -9.686157625340897 55.66308854537965 298.09249318442534 5400.0 5400.0 2015.5 1 60 {-999.0 -999.0 -999.0 -999.0 -999.0} "" -999.0 -999.0 -999.0 -999.0 27021603139607391 820070551 "" ops_sky_boss_good ops_sky sky_boss 0 0 0.0 0.0 -999 ""
FIBERMAP 767 R+3C3 METROLOGY 0 0 0 1 0 0 -202.27652715013326 72.50884299805647 143.1 -4.56139248731165 -214.82245492707915 91.51906 75.182686 -999.0 -999.0 -999.0 -999.0 -999.0 199.0839885889872 -9.540660904150528 199.09905552628925 -9.687066935975484 55.66525806067439 298.0934927292228 -999.0 6231.0 -999.0 -1 -999 {-999.0 -999.0 -999.0 -999.0 -999.0} "" -999.0 -999.0 -999.0 -999.0 -999 -999 "" "" "" "" 0 0 0.0 0.0 -999 ""
FIBERMAP 768 R+6C11 APOGEE 0 0 0 1 0 0 2.3961061626476563 135.7546094471087 143.1 -129.49100253313813 -40.811830343681905 129.53888 61.33815 -999.0 -999.0 -999.0 -999.0 -999.0 198.70075712756744 -9.013267376868397 198.7152207986934 -9.16002434612445 55.04034201466189 298.4013562841013 -999.0 16600.0 -999.0 2 -999 {-999.0 -999.0 -999.0 -999.0 -999.0} "" -999.0 -999.0 -999.0 -999.0 -999 -999 "" "" "" "" 0 0 0.0 0.0 -999 ""
FIBERMAP 768 R+6C11 BOSS 1 1 0 1 0 0 3.1624259526786798 135.88805454326712 143.1 -129.86074727510757 -40.12751154249349 129.53888 61.33815 198.6994511413134 -9.01111519601141 -1.8990692 1.3951049 -0.91988397 198.69944526696995 -9.011113870598804 198.71402519708408 -9.157966253154292 55.038132259258475 298.4028635691059 5400.0 5400.0 2016.0 1 142 {-999.0 20.860537 20.415495 20.385792 20.427011} sdss_psfmag_from_lsdr10 20.508577 20.51024 20.080313 -999.0 63050395165375665 1131650958 dark_flexible_3x1 bhm_spiders_agn_lsdr10_d3 bhm_spiders science 0 0 0.0 0.0 -999 ""
FIBERMAP 768 R+6C11 METROLOGY 0 0 0 1 0 0 2.8910122755084977 135.19374747099596 143.1 -129.1162266003733 -40.16453228279499 129.53888 61.33815 -999.0 -999.0 -999.0 -999.0 -999.0 198.7017470219059 -9.011263058270135 198.71629408830393 -9.158086786150632 55.03995306891566 298.4051500732452 -999.0 6231.0 -999.0 -1 -999 {-999.0 -999.0 -999.0 -999.0 -999.0} "" -999.0 -999.0 -999.0 -999.0 -999 -999 "" "" "" "" 0 0 0.0 0.0 -999 ""
FIBERMAP 769 R-5C12 APOGEE 0 0 0 1 0 0 1.5926525258602702 -92.47741914283823 143.1 87.18710998333466 30.859478742829438 134.88138 135.72221 -999.0 -999.0 -999.0 -999.0 -999.0 199.36649551122377 -8.796492208074188 199.38093869116472 -8.94269259901239 55.41263210753223 299.42502223518494 -999.0 16600.0 -999.0 2 161 {-999.0 -999.0 -999.0 -999.0 -999.0} "" -999.0 -999.0 -999.0 -999.0 -999 -999 "" ops_sky_apogee_best_unassigned ops_sky sky_apogee 0 0 0.0 0.0 -999 ""
FIBERMAP 769 R-5C12 BOSS 1 1 0 1 0 0 1.6158400283319825 -91.73046192586675 143.1 86.47144198675205 30.644407336505488 134.88138 135.72221 199.36410543606246 -8.79696777549704 -32.089832 -18.674461 0.650771 199.36423427772883 -8.797032094039675 199.37879275474552 -8.943328547457876 55.41140252165048 299.42178058186573 5400.0 5400.0 2016.0 1 390 {-999.0 16.455988 15.914889 15.882794 -999.0} sdss_psfmag_ps1 16.338259 16.009096 15.518128 14.664 63050395165381540 1136360192 dark_flexible_3x1 mwm_halo_local_high_boss_triple mwm_halo science 0 0 0.7856466174125671 0.0 -999 ""
FIBERMAP 769 R-5C12 METROLOGY 0 0 0 1 0 0 2.240464788735073 -92.11332491128394 143.1 86.63626038889286 31.358221389826316 134.88138 135.72221 -999.0 -999.0 -999.0 -999.0 -999.0 199.36478047281798 -8.794889217652711 199.3793046174385 -8.941158841076419 55.41041080873728 299.4252947446846 -999.0 6231.0 -999.0 -1 -999 {-999.0 -999.0 -999.0 -999.0 -999.0} "" -999.0 -999.0 -999.0 -999.0 -999 -999 "" "" "" "" 0 0 0.0 0.0 -999 ""
FIBERMAP 770 R-13C4 APOGEE 0 0 0 1 0 0 -61.42920348636322 -258.22336507472903 143.1 264.3582533059226 23.700627735147407 15.407932 77.16698 -999.0 -999.0 -999.0 -999.0 -999.0 199.9077715164195 -8.818189560593005 199.92235673290384 -8.9638943455318 55.83739933095569 300.00182863663485 -999.0 16600.0 -999.0 2 261 {-999.0 -999.0 -999.0 -999.0 -999.0} "" -999.0 -999.0 -999.0 -999.0 -999 -999 "" ops_sky_apogee_best_unassigned ops_sky sky_apogee 0 0 0.0 0.0 -999 ""
FIBERMAP 770 R-13C4 BOSS 1 1 0 1 0 0 -61.425376640918415 -258.92751997595167 143.1 265.0247601643408 23.92773172619438 15.407932 77.16698 199.90970755516204 -8.817397565386528 -0.6632452 -0.34893483 -0.33630443 199.90967916271853 -8.81740830872975 199.92437705054294 -8.963204850373344 55.83848662590542 300.0050517893623 5400.0 5400.0 2016.0 1 355 {-999.0 20.51085 20.324423 20.165241 20.0498} sdss_psfmag_from_gaiadr2 20.446167 20.325686 19.81071 -999.0 63050395165380433 1130021870 dark_flexible_3x1 bhm_gua_dark_d3 bhm_filler science 0 0 0.0 0.0 -999 ""
FIBERMAP 770 R-13C4 METROLOGY 0 0 0 1 0 0 -62.06115585905706 -258.6419286807222 143.1 264.95572058914274 23.23421112774041 15.407932 77.16698 -999.0 -999.0 -999.0 -999.0 -999.0 199.90955654817657 -8.819527713549306 199.9242242099857 -8.965297574054617 55.83971451246367 300.0020218881581 -999.0 6231.0 -999.0 -1 -999 {-999.0 -999.0 -999.0 -999.0 -999.0} "" -999.0 -999.0 -999.0 -999.0 -999 -999 "" "" "" "" 0 0 0.0 0.0 -999 ""
FIBERMAP 771 R-13C5 APOGEE 0 0 0 1 0 0 -41.25653655652205 -267.3708194859133 143.1 266.63028327552774 45.73264019653808 16.554846 40.411697 -999.0 -999.0 -999.0 -999.0 -999.0 199.9145004460937 -8.751571989142676 199.9290307683707 -8.89728065580315 55.79964702703167 300.1002196530987 -999.0 16600.0 -999.0 2 262 {-999.0 -999.0 -999.0 -999.0 -999.0} "" -999.0 -999.0 -999.0 -999.0 -999 -999 "" ops_sky_apogee_best_unassigned ops_sky sky_apogee 0 0 0.0 0.0 -999 ""
FIBERMAP 771 R-13C5 BOSS 1 1 0 1 0 0 -41.66993924849439 -268.0090161343614 143.1 267.3666592753092 45.54316949845512 16.554846 40.411697 199.91663234730814 -8.752040143430905 -1.4008808 -2.6562135 1.4872313 199.9166155429741 -8.752052623250789 199.93125965177762 -8.897852947215817 55.80170134611932 300.1019595327067 5400.0 5400.0 2016.0 1 356 {-999.0 20.53785 20.197517 20.208475 20.290943} sdss_psfmag_from_lsdr10 20.630661 20.533777 19.892656 -999.0 63050395165381860 1131653032 dark_flexible_3x1 bhm_spiders_agn_lsdr10_d3 bhm_spiders science 0 0 0.0 0.0 -999 ""
FIBERMAP 771 R-13C5 METROLOGY 0 0 0 1 0 0 -42.013476474812954 -267.32992362408646 143.1 266.83173074158515 45.00188597212807 16.554846 40.411697 -999.0 -999.0 -999.0 -999.0 -999.0 199.9150817918363 -8.753706463313568 199.9296949630434 -8.899481397824717 55.80156482493251 300.0979720945613 -999.0 6231.0 -999.0 -1 -999 {-999.0 -999.0 -999.0 -999.0 -999.0} "" -999.0 -999.0 -999.0 -999.0 -999 -999 "" "" "" "" 0 0 0.0 0.0 -999 ""
FIBERMAP 773 R+3C12 APOGEE 0 0 0 1 0 0 -16.16656273768122 64.51751459425608 143.1 -56.04860264644257 -35.805787355874365 63.258533 165.08508 -999.0 -999.0 -999.0 -999.0 -999.0 198.92622510864524 -8.99854304754369 198.94073033992163 -9.145104629790339 55.20422312311377 298.6661888610044 -999.0 16600.0 -999.0 2 131 {-999.0 -999.0 -999.0 -999.0 -999.0} "" -999.0 -999.0 -999.0 -999.0 -999 -999 "" ops_sky_apogee_best_unassigned ops_sky sky_apogee 0 0 0.0 0.0 -999 ""
FIBERMAP 773 R+3C12 BOSS 1 1 0 1 0 0 -15.66286718442219 65.07956342174964 143.1 -56.74142669955023 -35.50652885590417 63.258533 165.08508 198.92395019531247 -8.99756070743841 -999.0 -999.0 -999.0 198.9239447459074 -8.997559013069537 198.9385659060955 -9.14421648908678 55.20200346006788 298.6650420077625 5400.0 5400.0 2015.5 1 119 {-999.0 -999.0 -999.0 -999.0 -999.0} "" -999.0 -999.0 -999.0 -999.0 27021603139611315 811720494 "" ops_sky_boss_good ops_sky sky_boss 0 0 0.0 0.0 -999 ""
FIBERMAP 773 R+3C12 METROLOGY 0 0 0 1 0 0 -15.432658530130823 64.37300566395797 143.1 -56.144487303962805 -35.06399364340444 63.258533 165.08508 -999.0 -999.0 -999.0 -999.0 -999.0 198.92580906181166 -8.99624790853261 198.94039637325318 -9.142877379214847 55.20256527193485 298.6688584613662 -999.0 6231.0 -999.0 -1 -999 {-999.0 -999.0 -999.0 -999.0 -999.0} "" -999.0 -999.0 -999.0 -999.0 -999 -999 "" "" "" "" 0 0 0.0 0.0 -999 ""
FIBERMAP 774 R-6C6 APOGEE 0 0 0 1 0 0 -123.9181369790199 -134.05659060909505 143.1 166.44785748899392 -74.96144890709697 298.58813 38.302715 -999.0 -999.0 -999.0 -999.0 -999.0 199.60939814059876 -9.117334521332186 199.62416460674467 -9.263267027104984 55.801797664614966 299.2571073657686 -999.0 16600.0 -999.0 2 -999 {-999.0 -999.0 -999.0 -999.0 -999.0} "" -999.0 -999.0 -999.0 -999.0 -999 -999 "" "" "" "" 0 0 0.0 0.0 -999 ""
FIBERMAP 774 R-6C6 BOSS 1 1 0 1 0 0 -124.62851079608023 -133.7476208720096 143.1 166.38032291490902 -75.7331240544198 298.58813 38.302715 199.60889788815868 -9.119551112349578 -6.3999066 -8.370331 0.06423559 199.60913228227378 -9.11960528677503 199.62401466666972 -9.26563008762277 55.80318232927961 299.25369023788033 5400.0 5400.0 2016.0 1 483 {-999.0 15.201346 15.685153 15.591576 -999.0} sdss_psfmag_ps1 15.279863 15.234592 15.151654 14.948 63050395165379359 1061026891 dark_flexible_2x1 manual_mwm_halo_distant_bhb_boss mwm_halo science 0 0 0.9754273295402527 0.0 -999 ""
FIBERMAP 774 R-6C6 METROLOGY 0 0 0 1 0 0 -124.01609122076495 -133.31503603705045 143.1 165.77575892697143 -75.28967946986495 298.58813 38.302715 -999.0 -999.0 -999.0 -999.0 -999.0 199.6073379827964 -9.118301771085076 199.6221865167023 -9.264302219171103 55.80094518931758 299.25348017360034 -999.0 6231.0 -999.0 -1 -999 {-999.0 -999.0 -999.0 -999.0 -999.0} "" -999.0 -999.0 -999.0 -999.0 -999 -999 "" "" "" "" 0 0 0.0 0.0 -999 ""
FIBERMAP 775 R-7C2 APOGEE 0 0 0 1 0 0 -177.67690832913684 -141.74129934219656 143.1 190.7961843840253 -123.49983017262852 343.04932 109.09271 -999.0 -999.0 -999.0 -999.0 -999.0 199.68363137774156 -9.264004721018543 199.69853917500643 -9.409847705247993 55.95145345304695 299.13785862658943 -999.0 16600.0 -999.0 2 -999 {-999.0 -999.0 -999.0 -999.0 -999.0} "" -999.0 -999.0 -999.0 -999.0 -999 -999 "" "" "" "" 0 0 0.0 0.0 -999 ""
FIBERMAP 775 R-7C2 BOSS 1 1 0 1 0 0 -177.61593527955375 -142.4570053108594 143.1 191.4555083599203 -123.21487084574878 343.04932 109.09271 199.68560917961898 -9.263075760847446 -1.821221 0.39300123 -0.0029534106 199.68556591393218 -9.263065335117052 199.70058706850136 -9.408998369547803 55.95248009164201 299.14131695199944 5400.0 5400.0 2016.0 1 455 {-999.0 20.707119 20.501183 20.323286 20.18715} sdss_psfmag_from_gaiadr2 20.549414 20.510984 19.856184 -999.0 63050395165379148 1130021850 dark_flexible_3x1 bhm_gua_dark_d3 bhm_filler science 0 0 0.0 0.0 -999 ""
FIBERMAP 775 R-7C2 METROLOGY 0 0 0 1 0 0 -178.30497721555358 -142.14753534590787 143.1 191.38072941653684 -123.96647659592325 343.04932 109.09271 -999.0 -999.0 -999.0 -999.0 -999.0 199.6853957142114 -9.265383286114 199.7003865647531 -9.411290142500105 55.953777433894075 299.13792413365707 -999.0 6231.0 -999.0 -1 -999 {-999.0 -999.0 -999.0 -999.0 -999.0} "" -999.0 -999.0 -999.0 -999.0 -999 -999 "" "" "" "" 0 0 0.0 0.0 -999 ""
FIBERMAP 777 R+4C22 APOGEE 0 0 0 1 1 0 228.09579203836975 57.57507757003307 143.1 -126.98605209594774 198.02153705360843 336.00995 49.69609 -999.0 -999.0 -999.0 -999.0 -999.0 198.7106378533686 -8.290050743366328 198.72453209192975 -8.436909532156186 54.59026526197029 299.3837397125094 -999.0 16600.0 -999.0 2 -999 {-999.0 -999.0 -999.0 -999.0 -999.0} "" -999.0 -999.0 -999.0 -999.0 -999 -999 "" "" "" "" 0 0 0.0 0.0 -999 ""
FIBERMAP 777 R+4C22 BOSS 1 0 0 1 1 0 227.32199849619184 57.26155283191649 143.1 -126.44317325656307 197.38728243693078 336.00995 49.69609 198.63102255466754 -8.371842153615349 -45.189484 3.992226 1.078751 198.7121500048649 -8.291835436402572 198.72616460823974 -8.438789781950685 54.59270816119744 299.38301707456634 5400.0 5400.0 2016.0 1 246 {-999.0 17.078604 16.267374 15.884979 -999.0} sdss_psfmag_ps1 16.816671 16.303617 15.631073 14.284 63050395165389781 1136360018 dark_flexible_3x1 mwm_halo_local_high_boss_triple mwm_halo science 0 0 0.785000205039978 0.0 -999 ""
FIBERMAP 777 R+4C22 METROLOGY 0 0 0 1 1 0 227.47458966841123 57.99173790214307 143.1 -127.18400529533247 197.3002421692088 336.00995 49.69609 -999.0 -999.0 -999.0 -999.0 -999.0 198.70989939588873 -8.292095515936897 198.72388012898307 -8.439024255379302 54.59111689412407 299.38021845453324 -999.0 6231.0 -999.0 -1 -999 {-999.0 -999.0 -999.0 -999.0 -999.0} "" -999.0 -999.0 -999.0 -999.0 -999 -999 "" "" "" "" 0 0 0.0 0.0 -999 ""
FIBERMAP 778 R-4C7 APOGEE 0 0 0 1 0 0 -133.41302301370456 -72.03716960466097 143.1 110.65072866825653 -103.64794625478545 239.74553 20.188393 -999.0 -999.0 -999.0 -999.0 -999.0 199.4383281821499 -9.204518881150355 199.45312534908203 -9.35059307377491 55.7263730969337 298.9470629906014 -999.0 16600.0 -999.0 2 297 {-999.0 -999.0 -999.0 -999.0 -999.0} "" -999.0 -999.0 -999.0 -999.0 -999 -999 "" ops_sky_apogee_best_unassigned ops_sky sky_apogee 0 0 0.0 0.0 -999 ""
FIBERMAP 778 R-4C7 BOSS 1 1 0 1 0 0 -133.1672857153368 -71.33949138765546 143.1 109.91116009597148 -103.63634326545653 239.74553 20.188393 199.43766755077874 -9.204255178739983 -0.21593195 -0.42274585 0.10449899 199.43599309501707 -9.204439748562287 199.45090443958895 -9.350608275445413 55.724683160495765 298.9445855364542 5400.0 5400.0 2016.0 1 488 {-999.0 20.112764 20.002676 19.871853 19.839632} sdss_psfmag_from_gaiadr2 19.94951 20.004482 19.626009 -999.0 63050395165380636 1130021872 dark_flexible_3x1 bhm_gua_dark_d3 bhm_filler science 0 0 0.0 0.0 -999 ""
FIBERMAP 778 R-4C7 METROLOGY 0 0 0 1 0 0 -132.67679220732177 -71.88909847272313 143.1 110.27666388742539 -102.99680142270732 239.74553 20.188393 -999.0 -999.0 -999.0 -999.0 -999.0 199.43716241297153 -9.202538755759843 199.4520399278946 -9.348680385545187 55.72433500257142 298.94849635250375 -999.0 6231.0 -999.0 -1 -999 {-999.0 -999.0 -999.0 -999.0 -999.0} "" -999.0 -999.0 -999.0 -999.0 -999 -999 "" "" "" "" 0 0 0.0 0.0 -999 ""
FIBERMAP 782 R-9C4 APOGEE 0 0 0 1 0 0 -135.21013814574363 -191.41189829011853 143.1 224.4192587355402 -67.46654195232597 291.10242 46.707855 -999.0 -999.0 -999.0 -999.0 -999.0 199.78645962403232 -9.09422932727977 199.80124965888092 -9.240003865804779 55.921966024238166 299.4870339314335 -999.0 16600.0 -999.0 2 -999 {-999.0 -999.0 -999.0 -999.0 -999.0} "" -999.0 -999.0 -999.0 -999.0 -999 -999 "" "" "" "" 0 0 0.0 0.0 -999 ""
FIBERMAP 782 R-9C4 BOSS 1 1 0 1 0 0 -135.88801296651292 -191.1513985723584 143.1 224.38737221225443 -68.19201686853874 291.10242 46.707855 199.78618751787906 -9.096365439808693 -40.590393 -4.6645713 6.3860188 199.78627911063498 -9.096341466008326 199.80118418378936 -9.24220814833721 55.92331933032594 299.4839264661219 5400.0 5400.0 2016.0 1 466 {-999.0 18.857553 17.852728 15.992091 -999.0} sdss_psfmag_ps1 18.281229 16.705137 15.4831085 13.2 63050395165379286 1075842629 bright_1x1 mwm_erosita_stars_boss mwm_erosita science 0 0 0.7527444362640381 0.0 -999 ""
FIBERMAP 782 R-9C4 METROLOGY 0 0 0 1 0 0 -135.31867386552463 -190.6718184198831 143.1 223.7519167793368 -67.8043384782085 291.10242 46.707855 -999.0 -999.0 -999.0 -999.0 -999.0 199.7844129976805 -9.095211236966296 199.79928456285722 -9.241053646439598 55.92113838864142 299.48338556226105 -999.0 6231.0 -999.0 -1 -999 {-999.0 -999.0 -999.0 -999.0 -999.0} "" -999.0 -999.0 -999.0 -999.0 -999 -999 "" "" "" "" 0 0 0.0 0.0 -999 ""
FIBERMAP 783 R+5C15 APOGEE 0 0 0 1 0 0 77.79257690539278 110.2091311965795 143.1 -129.1955786480645 38.79084553856286 93.85412 115.36332 -999.0 -999.0 -999.0 -999.0 -999.0 198.702116272663 -8.771780185420639 198.71638890379222 -8.918572626730843 54.889451581511025 298.729710160019 -999.0 16600.0 -999.0 2 -999 {-999.0 -999.0 -999.0 -999.0 -999.0} "" -999.0 -999.0 -999.0 -999.0 -999 -999 "" "" "" "" 0 0 0.0 0.0 -999 ""
FIBERMAP 783 R+5C15 BOSS 1 1 0 1 0 0 78.54234982690187 110.58174997437214 143.1 -129.78687061547373 39.38356791415619 93.85412 115.36332 198.70010375976562 -8.769851596131247 -999.0 -999.0 -999.0 198.70012813859876 -8.769865819331278 198.71451722222628 -8.916755306037569 54.88687055237753 298.7301358678707 5400.0 5400.0 2015.5 1 221 {-999.0 -999.0 -999.0 -999.0 -999.0} "" -999.0 -999.0 -999.0 -999.0 27021603139611616 811720533 "" ops_sky_boss_good ops_sky sky_boss 0 0 0.0 0.0 -999 ""
FIBERMAP 783 R+5C15 METROLOGY 0 0 0 1 0 0 78.44463233062811 109.8426316205671 143.1 -129.05498257265404 39.525477775118596 93.85412 115.36332 -999.0 -999.0 -999.0 -999.0 -999.0 198.70239101936647 -8.769460950365207 198.71674672751328 -8.91632159675108 54.88830673038894 298.7331354962651 -999.0 6231.0 -999.0 -1 -999 {-999.0 -999.0 -999.0 -999.0 -999.0} "" -999.0 -999.0 -999.0 -999.0 -999 -999 "" "" "" "" 0 0 0.0 0.0 -999 ""
FIBERMAP 785 R+5C13 APOGEE 0 0 0 1 0 0 27.243669972848362 90.43760551657886 143.1 -94.40451956882266 -2.8678018983781848 185.3209 150.06293 -999.0 -999.0 -999.0 -999.0 -999.0 198.80855329870448 -8.898357379378808 198.8229507935257 -9.045037529662963 55.05086698634834 298.67414943846296 -999.0 16600.0 -999.0 2 150 {-999.0 -999.0 -999.0 -999.0 -999.0} "" -999.0 -999.0 -999.0 -999.0 -999 -999 "" ops_sky_apogee_best_unassigned ops_sky sky_apogee 0 0 0.0 0.0 -999 ""
FIBERMAP 785 R+5C13 BOSS 1 1 0 1 0 0 26.548389618150665 90.73089322272496 143.1 -94.46197367137478 -3.6201875803208066 185.3209 150.06293 198.80820426353347 -8.900559163236018 -999.0 -999.0 -999.0 198.80820125437722 -8.900548394167082 198.82271825820385 -9.047322827059215 55.052127406727514 298.67079759848843 5400.0 5400.0 2016.0 1 154 {-999.0 21.668306 20.66013 20.175867 19.808613} sdss_fiber2mag_from_lsdr10 1e+20 1e+20 1e+20 -999.0 63050398345543956 1131650960 dark_flexible_3x1 bhm_spiders_agn_lsdr10_d3 bhm_spiders science 0 0 0.0 0.0 -999 ""
FIBERMAP 785 R+5C13 METROLOGY 0 0 0 1 0 0 27.150262906824793 91.18240886808904 143.1 -95.08114193696701 -3.192751613530164 185.3209 150.06293 -999.0 -999.0 -999.0 -999.0 -999.0 198.80632700538126 -8.899274527194247 198.82080917048347 -9.046024075897616 55.04984495274937 298.6704869656049 -999.0 6231.0 -999.0 -1 -999 {-999.0 -999.0 -999.0 -999.0 -999.0} "" -999.0 -999.0 -999.0 -999.0 -999 -999 "" "" "" "" 0 0 0.0 0.0 -999 ""
FIBERMAP 788 R+7C6 APOGEE 0 0 0 1 0 0 -96.4962599451736 151.67902657059307 143.1 -113.20635740777742 -139.64130328933084 97.556046 90.68432 -999.0 -999.0 -999.0 -999.0 -999.0 198.75052946834464 -9.312830447126958 198.76524373412678 -9.459498806447712 55.265991809600024 298.04609877477657 -999.0 16600.0 -999.0 2 -999 {-999.0 -999.0 -999.0 -999.0 -999.0} "" -999.0 -999.0 -999.0 -999.0 -999 -999 "" "" "" "" 0 0 0.0 0.0 -999 ""
FIBERMAP 788 R+7C6 BOSS 1 1 0 1 0 0 -95.74643414332728 151.82479613914546 143.1 -113.58255430553876 -138.97653643855713 97.556046 90.68432 198.74901351440607 -9.311146651079898 -45.323845 132.50848 12.216385 198.74921747850559 -9.310771478630583 198.7640476540538 -9.457533845070794 55.26384502082518 298.04750757596054 5400.0 5400.0 2016.0 1 69 {-999.0 17.01515 15.7197 14.333415 -999.0} sdss_psfmag_ps1 16.339983 14.842492 13.649022 11.398 63050395165369363 1151082606 bright_1x1 mwm_snc_100pc_boss_single mwm_snc science 0 0 1.2198777198791504 0.0 -999 ""
FIBERMAP 788 R+7C6 METROLOGY 0 0 0 1 0 0 -96.01834159803616 151.10362039208476 143.1 -112.81239845402662 -139.00549819170476 97.556046 90.68432 -999.0 -999.0 -999.0 -999.0 -999.0 198.75159836108642 -9.310912065140368 198.76639583058682 -9.457646099640106 55.26572719244373 298.04988505935086 -999.0 6231.0 -999.0 -1 -999 {-999.0 -999.0 -999.0 -999.0 -999.0} "" -999.0 -999.0 -999.0 -999.0 -999 -999 "" "" "" "" 0 0 0.0 0.0 -999 ""
FIBERMAP 794 R-11C15 APOGEE 0 0 0 1 0 0 143.37212234134233 -225.78300627850646 143.1 168.59931211695968 207.60988941426245 254.82394 121.97343 -999.0 -999.0 -999.0 -999.0 -999.0 199.61434431288737 -8.262279283850228 199.62840006205477 -8.408337120764102 55.257112053323965 300.42144561142334 -999.0 16600.0 -999.0 2 -999 {-999.0 -999.0 -999.0 -999.0 -999.0} "" -999.0 -999.0 -999.0 -999.0 -999 -999 "" "" "" "" 0 0 0.0 0.0 -999 ""
FIBERMAP 794 R-11C15 BOSS 1 1 0 1 0 0 142.7121493873641 -226.01594477924002 143.1 169.02965147712894 207.0579908496748 254.82394 121.97343 199.6155502284944 -8.263888361469444 0.026544085 0.019151794 -0.14567834 199.61554670819007 -8.263850348195925 199.62971854511932 -8.410003057354995 55.259184569425905 300.4206985696146 5400.0 5400.0 2016.0 1 332 {-999.0 20.360018 19.968594 19.507801 19.131802} sdss_psfmag_from_lsdr10 20.25272 19.752327 19.219316 -999.0 63050395165391162 1131657056 dark_flexible_3x1 bhm_spiders_agn_lsdr10_d3 bhm_spiders science 0 0 0.0 0.0 -999 ""
FIBERMAP 794 R-11C15 METROLOGY 0 0 0 1 0 0 142.82123995341604 -225.27701535816428 143.1 168.29433316059396 206.9269255677949 254.82394 121.97343 -999.0 -999.0 -999.0 -999.0 -999.0 199.6133738868693 -8.264224334965984 199.62751313773424 -8.410351698671821 55.257747105131195 300.41775441124815 -999.0 6231.0 -999.0 -1 -999 {-999.0 -999.0 -999.0 -999.0 -999.0} "" -999.0 -999.0 -999.0 -999.0 -999 -999 "" "" "" "" 0 0 0.0 0.0 -999 ""
FIBERMAP 797 R0C6 APOGEE 0 0 0 1 0 0 -180.38834028868558 -21.788233032412663 143.1 77.9101019762122 -164.1400507469856 337.97928 23.600801 -999.0 -999.0 -999.0 -999.0 -999.0 199.33756609993853 -9.387677627747376 199.35248961615252 -9.533814995718242 55.76454388334142 298.5831039671184 -999.0 16600.0 -999.0 2 -999 {-999.0 -999.0 -999.0 -999.0 -999.0} "" -999.0 -999.0 -999.0 -999.0 -999 -999 "" "" "" "" 0 0 0.0 0.0 -999 ""
FIBERMAP 797 R0C6 BOSS 1 1 0 1 0 0 -181.25061083147216 -21.76592711103924 143.1 78.1626059321524 -164.9647858826104 337.97928 23.600801 199.3382508373395 -9.390166209223969 -999.0 -999.0 -999.0 199.33824883932868 -9.390132630994477 199.35328972237323 -9.536360528332638 55.76675543928304 298.5804606692386 5400.0 5400.0 2016.0 1 451 {-999.0 21.85375 21.837374 21.5868 21.337643} sdss_psfmag_from_lsdr10 1e+20 1e+20 1e+20 -999.0 63050397630000525 1131646949 dark_flexible_3x1 bhm_spiders_agn_lsdr10_d3 bhm_spiders science 0 0 0.0 0.0 -999 ""
FIBERMAP 797 R0C6 METROLOGY 0 0 0 1 0 0 -180.80779826920016 -21.16891629650226 143.1 77.45595107224511 -164.73435600174406 337.97928 23.600801 -999.0 -999.0 -999.0 -999.0 -999.0 199.33612327534377 -9.389486788903591 199.3511304530573 -9.53569076079962 55.764677052992376 298.5790129051052 -999.0 6231.0 -999.0 -1 -999 {-999.0 -999.0 -999.0 -999.0 -999.0} "" -999.0 -999.0 -999.0 -999.0 -999 -999 "" "" "" "" 0 0 0.0 0.0 -999 ""
FIBERMAP 798 R+9C9 APOGEE 0 0 0 1 0 0 -9.818062070005697 155.4140093663684 143.1 -144.25684222603923 -58.633262065641496 319.2577 63.357323 -999.0 -999.0 -999.0 -999.0 -999.0 198.65544349763968 -9.067179240300884 198.66993912991052 -9.213967523090306 55.03926841900493 298.27910806266556 -999.0 16600.0 -999.0 2 135 {-999.0 -999.0 -999.0 -999.0 -999.0} "" -999.0 -999.0 -999.0 -999.0 -999 -999 "" ops_sky_apogee_best_unassigned ops_sky sky_apogee 0 0 0.0 0.0 -999 ""
FIBERMAP 798 R+9C9 BOSS 1 1 0 1 0 0 -10.48586556927383 155.12032879654652 143.1 -143.76641848692918 -59.17330852137187 319.2577 63.357323 198.65677975597396 -9.06877029034663 1.331665 -0.66516864 -0.74737656 198.65676414835693 -9.068752041246505 198.6713797826418 -9.21563267507884 55.04141952300631 298.2783932958403 5400.0 5400.0 2016.0 1 130 {-999.0 20.774555 20.390903 20.029669 19.727066} sdss_psfmag_from_gaiadr2 20.693829 20.502548 19.591326 -999.0 63050395165375472 1130021790 dark_flexible_3x1 bhm_gua_dark_d3 bhm_filler science 0 0 0.0 0.0 -999 ""
FIBERMAP 798 R+9C9 METROLOGY 0 0 0 1 0 0 -10.450266066786023 155.84958144722222 143.1 -144.4692371179808 -59.37099129879367 319.2577 63.357323 -999.0 -999.0 -999.0 -999.0 -999.0 198.6546268212098 -9.069378135006884 198.6692088821717 -9.216233969302477 55.04012376980978 298.2752352154257 -999.0 6231.0 -999.0 -1 -999 {-999.0 -999.0 -999.0 -999.0 -999.0} "" -999.0 -999.0 -999.0 -999.0 -999 -999 "" "" "" "" 0 0 0.0 0.0 -999 ""
FIBERMAP 801 R+7C20 APOGEE 0 0 0 1 0 0 219.94609054367524 146.90036960438417 143.1 -209.10314108396554 161.9446556590904 58.140293 117.39917 -999.0 -999.0 -999.0 -999.0 -999.0 198.4597163464872 -8.399119292730852 198.47364433850078 -8.546179057727938 54.46815536212982 298.9665718194315 -999.0 16600.0 -999.0 2 89 {-999.0 -999.0 -999.0 -999.0 -999.0} "" -999.0 -999.0 -999.0 -999.0 -999 -999 "" ops_sky_apogee_best_unassigned ops_sky sky_apogee 0 0 0.0 0.0 -999 ""
FIBERMAP 801 R+7C20 BOSS 1 1 0 1 0 0 220.6765470441965 146.84689546207727 143.1 -209.28425613110772 162.65428866304285 58.140293 117.39917 198.4586814960757 -8.396860976813338 -20.762241 -3.5666504 0.2813064 198.45905968377446 -8.396883333781876 198.4731055572979 -8.54404099634124 54.466388495964615 298.9688372126587 5400.0 5400.0 2016.0 1 263 {-999.0 13.680168 13.373641 13.257779 -999.0} sdss_psfmag_from_g3xp 13.642233 13.369602 12.922113 12.102 63050395165389580 1093736092 bright_1x1 mwm_astar_core_boss_single mwm_ob science 0 0 1.575353980064392 0.0 -999 ""
FIBERMAP 801 R+7C20 METROLOGY 0 0 0 1 0 0 220.26613903547693 146.23433534603151 143.1 -208.57314062133463 162.45952152535426 58.140293 117.39917 -999.0 -999.0 -999.0 -999.0 -999.0 198.46121274287373 -8.397464087417514 198.47522556964225 -8.544592313990394 54.46835976594731 298.970388960483 -999.0 6231.0 -999.0 -1 -999 {-999.0 -999.0 -999.0 -999.0 -999.0} "" -999.0 -999.0 -999.0 -999.0 -999 -999 "" "" "" "" 0 0 0.0 0.0 -999 ""
FIBERMAP 803 R-5C19 APOGEE 0 0 0 1 0 0 171.4436344751308 -87.28942558345899 143.1 28.36254212020863 190.2757416560921 46.111984 139.47554 -999.0 -999.0 -999.0 -999.0 -999.0 199.18593950920373 -8.31348479657297 199.19994953926152 -8.459920552876117 54.96637407155141 299.87481952428345 -999.0 16600.0 -999.0 2 -999 {-999.0 -999.0 -999.0 -999.0 -999.0} "" -999.0 -999.0 -999.0 -999.0 -999 -999 "" "" "" "" 0 0 0.0 0.0 -999 ""
FIBERMAP 803 R-5C19 BOSS 1 1 0 1 0 0 172.17559972210455 -87.20299972523314 143.1 28.048286783466168 190.9424057745806 46.111984 139.47554 199.18487548828125 -8.311313920183252 -999.0 -999.0 -999.0 199.1848692710106 -8.311317784266366 199.19899379926585 -8.457851325826681 54.964320687939114 299.8765253743418 5400.0 5400.0 2015.5 1 313 {-999.0 -999.0 -999.0 -999.0 -999.0} "" -999.0 -999.0 -999.0 -999.0 27021603139618838 811721631 "" ops_sky_boss_good ops_sky sky_boss 0 0 0.0 0.0 -999 ""
FIBERMAP 803 R-5C19 METROLOGY 0 0 0 1 0 0 171.88845384771494 -87.89078566075872 143.1 28.79161660198635 190.88839724326556 46.111984 139.47554 -999.0 -999.0 -999.0 -999.0 -999.0 199.18718270179852 -8.311485063984417 199.20127482564624 -8.457989167388929 54.9661388055432 299.87886500421433 -999.0 6231.0 -999.0 -1 -999 {-999.0 -999.0 -999.0 -999.0 -999.0} "" -999.0 -999.0 -999.0 -999.0 -999 -999 "" "" "" "" 0 0 0.0 0.0 -999 ""
FIBERMAP 810 R+10C16 APOGEE 0 0 0 1 0 0 142.0789356365245 199.893184576787 143.1 -234.64164253205348 71.28826661826426 177.9883 94.7469 -999.0 -999.0 -999.0 -999.0 -999.0 198.38047874942757 -8.67296606270556 198.3946023211994 -8.820052054038344 54.58041242133867 298.5155657843634 -999.0 16600.0 -999.0 2 -999 {-999.0 -999.0 -999.0 -999.0 -999.0} "" -999.0 -999.0 -999.0 -999.0 -999 -999 "" "" "" "" 0 0 0.0 0.0 -999 ""
FIBERMAP 810 R+10C16 BOSS 1 1 0 1 0 0 142.02882236021128 200.6383899323411 143.1 -235.3323861010963 71.0042430553685 177.9883 94.7469 198.37828052966205 -8.673299127526215 -23.041103 -144.60301 3.1271815 198.37823283756413 -8.673720940700314 198.39247645628245 -8.820904588099928 54.57931491420545 298.5121429443311 5400.0 5400.0 2016.0 1 185 {-999.0 20.565027 18.862175 18.28832 -999.0} sdss_psfmag_ps1 19.838854 18.837988 17.90315 16.236 63050395165377765 1074563291 dark_flexible_2x1 mwm_halo_local_high_boss mwm_halo science 0 0 0.0 0.0 -999 ""
FIBERMAP 810 R+10C16 METROLOGY 0 0 0 1 0 0 142.69800136191031 200.31301292796002 143.1 -235.2362193318781 71.74206195596396 177.9883 94.7469 -999.0 -999.0 -999.0 -999.0 -999.0 198.37852909701402 -8.67150453378884 198.3927370680184 -8.818661111864712 54.578104582384846 298.51543231005314 -999.0 6231.0 -999.0 -1 -999 {-999.0 -999.0 -999.0 -999.0 -999.0} "" -999.0 -999.0 -999.0 -999.0 -999 -999 "" "" "" "" 0 0 0.0 0.0 -999 ""
FIBERMAP 811 R-13C1 APOGEE 1 1 0 1 0 0 -155.81160483102934 -240.6059873577517 143.1 277.60622139519603 -71.3895184977128 148.00171 98.854095 199.9479246341595 -9.105581206609108 -7.8072734 -0.56446767 5.7439294 199.94816830836234 -9.105566832377448 199.96300721818182 -9.251191134013727 56.05212618912051 299.6535255558557 16000.0 16600.0 2016.0 2 154 {-999.0 8.959049 8.28785 8.036075 -999.0} sdss_psfmag_from_g3xp 8.788058 8.326814 7.6955104 6.447 63050395165379641 1104894873 bright_1x1 mwm_tess_rgb_apogee mwm_tessrgb science 0 0 0.9085222482681274 0.0 -999 ""
FIBERMAP 811 R-13C1 BOSS 0 0 0 1 0 0 -155.51958265711397 -239.92307104683718 143.1 276.86596166913824 -71.3293405149251 148.00171 98.854095 -999.0 -999.0 -999.0 -999.0 -999.0 199.94578227572444 -9.105294054075909 199.9607329512312 -9.251012671538996 56.05028395508011 299.6512069118931 -999.0 5400.0 -999.0 1 435 {-999.0 -999.0 -999.0 -999.0 -999.0} "" -999.0 -999.0 -999.0 -999.0 -999 -999 "" "" "" "" 0 0 0.0 0.0 -999 ""
FIBERMAP 811 R-13C1 METROLOGY 0 0 0 1 0 0 -155.07267381599013 -240.509467902559 143.1 277.2801840109959 -70.71945239465373 148.00171 98.854095 -999.0 -999.0 -999.0 -999.0 -999.0 199.94712917099523 -9.103487740111454 199.9620467282466 -9.24917929853088 56.05011253440083 299.65521617107794 -999.0 6231.0 -999.0 -1 -999 {-999.0 -999.0 -999.0 -999.0 -999.0} "" -999.0 -999.0 -999.0 -999.0 -999 -999 "" "" "" "" 0 0 0.0 0.0 -999 ""
FIBERMAP 812 R-8C7 APOGEE 0 0 0 1 0 0 -79.73061178032489 -172.15577199958986 143.1 188.55211863031906 -20.968818743208487 292.89142 42.049805 -999.0 -999.0 -999.0 -999.0 -999.0 199.67703534850583 -8.953635470787349 199.69168096684473 -9.099531092983382 55.74909761057472 299.5571303322004 -999.0 16600.0 -999.0 2 -999 {-999.0 -999.0 -999.0 -999.0 -999.0} "" -999.0 -999.0 -999.0 -999.0 -999 -999 "" "" "" "" 0 0 0.0 0.0 -999 ""
FIBERMAP 812 R-8C7 BOSS 1 1 0 1 0 0 -80.4791269349285 -171.75536438581253 143.1 188.40998202880462 -21.805681080569894 292.89142 42.049805 199.6765559089531 -8.95608584381796 -1.1058832 0.549127 3.6554573 199.67654787828295 -8.956085565887527 199.69130930272684 -9.102074306145838 55.750436353350025 299.5532333432386 5400.0 5400.0 2016.0 1 373 {-999.0 21.169792 20.716372 20.296968 19.941036} sdss_psfmag_from_gaiadr2 21.194 20.866049 19.959238 -999.0 63050395165381601 1130021889 dark_flexible_3x1 bhm_gua_dark_d3 bhm_filler science 0 0 0.0 0.0 -999 ""
FIBERMAP 812 R-8C7 METROLOGY 0 0 0 1 0 0 -79.80971616353472 -171.41197047138957 143.1 187.871907058516 -21.279887862525875 292.89142 42.049805 -999.0 -999.0 -999.0 -999.0 -999.0 199.67496148522986 -8.95452320087054 199.6896889631331 -9.100487260616188 55.74819192471291 299.55359338405606 -999.0 6231.0 -999.0 -1 -999 {-999.0 -999.0 -999.0 -999.0 -999.0} "" -999.0 -999.0 -999.0 -999.0 -999 -999 "" "" "" "" 0 0 0.0 0.0 -999 ""
FIBERMAP 813 R+1C24 APOGEE 0 0 0 1 0 0 223.6090405598213 10.451689766216097 143.1 -80.87692113136451 208.72231649652798 229.06653 104.17422 -999.0 -999.0 -999.0 -999.0 -999.0 198.8516593638191 -8.257706070312755 198.86555660607905 -8.404446338183721 54.676888729595746 299.5808165861471 -999.0 16600.0 -999.0 2 112 {-999.0 -999.0 -999.0 -999.0 -999.0} "" -999.0 -999.0 -999.0 -999.0 -999 -999 "" ops_sky_apogee_best_unassigned ops_sky sky_apogee 0 0 0.0 0.0 -999 ""
FIBERMAP 813 R+1C24 BOSS 1 1 0 1 0 0 222.91646102624344 10.771764146328687 143.1 -80.96063309427127 207.9639907011467 229.06653 104.17422 198.8512734855601 -8.259856816283092 1.233453 -3.8662856 -1.1003157 198.85126242656662 -8.259854760357694 198.86527932599472 -8.406692173788471 54.678114108943 299.5775270055844 5400.0 5400.0 2016.0 1 191 {-999.0 21.155151 20.982725 20.8357 20.73535} sdss_psfmag_from_gaiadr2 21.08093 20.978941 20.490131 -999.0 63050395165390176 1130022008 dark_flexible_3x1 bhm_gua_dark_d3 bhm_filler science 0 0 0.0 0.0 -999 ""
FIBERMAP 813 R+1C24 METROLOGY 0 0 0 1 0 0 223.54705340424587 11.197619187929169 143.1 -81.56458293176165 208.42680362394054 229.06653 104.17422 -999.0 -999.0 -999.0 -999.0 -999.0 198.84944144835703 -8.258456778422273 198.86342342802618 -8.405268488129868 54.675792192391896 299.5773893542489 -999.0 6231.0 -999.0 -1 -999 {-999.0 -999.0 -999.0 -999.0 -999.0} "" -999.0 -999.0 -999.0 -999.0 -999 -999 "" "" "" "" 0 0 0.0 0.0 -999 ""
FIBERMAP 815 R-12C7 APOGEE 0 0 0 1 0 0 -19.82931086631012 -244.27072067571666 143.1 237.92511900666412 58.72000768808395 270.76334 128.52649 -999.0 -999.0 -999.0 -999.0 -999.0 199.82719319250708 -8.712264430806826 199.84167058567073 -8.858059281850688 55.70832132928599 300.0549856262284 -999.0 16600.0 -999.0 2 -999 {-999.0 -999.0 -999.0 -999.0 -999.0} "" -999.0 -999.0 -999.0 -999.0 -999 -999 "" "" "" "" 0 0 0.0 0.0 -999 ""
FIBERMAP 815 R-12C7 BOSS 1 1 0 1 0 0 -20.35551670744458 -244.726154080144 143.1 238.5239880132692 58.36556744070243 270.76334 128.52649 199.82894897460935 -8.713241093440246 -999.0 -999.0 -999.0 199.82892600009876 -8.713238300434526 199.84351791926827 -8.859125364572515 55.71040485129692 300.0556186186978 5400.0 5400.0 2015.5 1 366 {-999.0 -999.0 -999.0 -999.0 -999.0} "" -999.0 -999.0 -999.0 -999.0 27021603139614813 820071058 "" ops_sky_boss_good ops_sky sky_boss 0 0 0.0 0.0 -999 ""
FIBERMAP 815 R-12C7 METROLOGY 0 0 0 1 0 0 -20.532075590414003 -244.0145567450955 143.1 237.9052431540258 57.97230672520535 270.76334 128.52649 -999.0 -999.0 -999.0 -999.0 -999.0 199.82712161929757 -8.714443346771953 199.84168204067407 -8.860305256421967 55.70977365166262 300.05194465695945 -999.0 6231.0 -999.0 -1 -999 {-999.0 -999.0 -999.0 -999.0 -999.0} "" -999.0 -999.0 -999.0 -999.0 -999 -999 "" "" "" "" 0 0 0.0 0.0 -999 ""
FIBERMAP 817 R+10C12 APOGEE 0 0 0 1 0 0 55.54480078454719 206.78177925658866 143.1 -213.71078367714463 -12.954732712544718 162.16948 83.08674 -999.0 -999.0 -999.0 -999.0 -999.0 198.443343246624 -8.928103866705692 198.4576795618368 -9.075096879521807 54.78890146419735 298.2395277953915 -999.0 16600.0 -999.0 2 -999 {-999.0 -999.0 -999.0 -999.0 -999.0} "" -999.0 -999.0 -999.0 -999.0 -999 -999 "" "" "" "" 0 0 0.0 0.0 -999 ""
FIBERMAP 817 R+10C12 BOSS 1 1 0 1 0 0 55.915420317845715 207.4992023189677 143.1 -214.50870891396804 -12.830975345410948 162.16948 83.08674 198.44071179855493 -8.927620766220143 -0.044592086 0.367201 0.36077955 198.44074393809342 -8.927629774973514 198.4551987952392 -9.074719727947834 54.786754328139686 298.23738039215016 5400.0 5400.0 2016.0 1 147 {-999.0 19.102314 19.086935 18.988903 18.886272} sdss_psfmag_from_lsdr10 19.087101 18.952656 18.586363 -999.0 63050395165375985 1131650951 dark_flexible_3x1 bhm_spiders_agn_lsdr10_d3 bhm_spiders science 0 0 0.0 0.0 -999 ""
FIBERMAP 817 R+10C12 METROLOGY 0 0 0 1 0 0 56.28803078291069 206.86608457272408 143.1 -214.0266032446106 -12.27671370085456 162.16948 83.08674 -999.0 -999.0 -999.0 -999.0 -999.0 198.4422189313291 -8.92598398110683 198.45663897223756 -9.073046100395691 54.78681686875143 298.24118769180666 -999.0 6231.0 -999.0 -1 -999 {-999.0 -999.0 -999.0 -999.0 -999.0} "" -999.0 -999.0 -999.0 -999.0 -999 -999 "" "" "" "" 0 0 0.0 0.0 -999 ""
FIBERMAP 822 R+8C14 APOGEE 0 0 0 1 0 0 77.76450698736886 136.76923609419822 143.1 -154.37253430281257 30.33494146212528 310.1248 23.825806 -999.0 -999.0 -999.0 -999.0 -999.0 198.62496041220228 -8.797310730488062 198.6392357720989 -8.944166460363697 54.84637601940268 298.6117405090993 -999.0 16600.0 -999.0 2 -999 {-999.0 -999.0 -999.0 -999.0 -999.0} "" -999.0 -999.0 -999.0 -999.0 -999 -999 "" "" "" "" 0 0 0.0 0.0 -999 ""
FIBERMAP 822 R+8C14 BOSS 1 1 0 1 0 0 77.11609920877775 137.05485616865468 143.1 -154.43759328662844 29.629436581343402 310.1248 23.825806 198.62457275390625 -8.79933964717074 -999.0 -999.0 -999.0 198.62457160300747 -8.799341992880166 198.6389672203794 -8.94629273066613 54.84750791693091 298.6085805295364 5400.0 5400.0 2015.5 1 168 {-999.0 -999.0 -999.0 -999.0 -999.0} "" -999.0 -999.0 -999.0 -999.0 27021603139611610 820070849 "" ops_sky_boss_good ops_sky sky_boss 0 0 0.0 0.0 -999 ""
FIBERMAP 822 R+8C14 METROLOGY 0 0 0 1 0 0 77.71130070546626 137.5153375004174 143.1 -155.06314594391134 30.04770055176153 310.1248 23.825806 -999.0 -999.0 -999.0 -999.0 -999.0 198.62267593001926 -8.798093905785604 198.6370364902849 -8.945019570438507 54.84522447375519 298.60821452741925 -999.0 6231.0 -999.0 -1 -999 {-999.0 -999.0 -999.0 -999.0 -999.0} "" -999.0 -999.0 -999.0 -999.0 -999 -999 "" "" "" "" 0 0 0.0 0.0 -999 ""
FIBERMAP 823 R-1C16 APOGEE 0 0 0 1 0 0 61.780148107435046 -1.7786746675386595 143.1 -17.920302382107074 59.14808616498475 111.230515 71.2302 -999.0 -999.0 -999.0 -999.0 -999.0 199.04370986651213 -8.710377679803774 199.05801008626202 -8.856879186356311 55.1118163962407 299.1852880501037 -999.0 16600.0 -999.0 2 219 {-999.0 -999.0 -999.0 -999.0 -999.0} "" -999.0 -999.0 -999.0 -999.0 -999 -999 "" ops_sky_apogee_best_unassigned ops_sky sky_apogee 0 0 0.0 0.0 -999 ""
FIBERMAP 823 R-1C16 BOSS 1 1 0 1 0 0 62.51312671460276 -1.730363306159191 143.1 -18.198736902694556 59.82780747462085 111.230515 71.2302 199.04271647963054 -8.708172985236061 0.057929814 0.15644073 0.17093287 199.0427287477064 -8.708181995479856 199.05714386069576 -8.854779592064135 55.109822230430595 299.18717437967024 5400.0 5400.0 2016.0 1 316 {-999.0 19.000746 18.820873 18.816332 18.851511} sdss_psfmag_from_lsdr10 18.85848 18.705507 18.398874 -999.0 63050395165387286 1131653022 dark_flexible_3x1 bhm_spiders_agn_lsdr10_d3 bhm_spiders science 0 0 0.0 0.0 -999 ""
FIBERMAP 823 R-1C16 METROLOGY 0 0 0 1 0 0 62.186164311765815 -2.398704904919299 143.1 -17.461208924850368 59.729871573106436 111.230515 71.2302 -999.0 -999.0 -999.0 -999.0 -999.0 199.04502588389502 -8.708503087894124 199.0594086374781 -8.855071707595961 55.11173670503844 299.18926340200903 -999.0 6231.0 -999.0 -1 -999 {-999.0 -999.0 -999.0 -999.0 -999.0} "" -999.0 -999.0 -999.0 -999.0 -999 -999 "" "" "" "" 0 0 0.0 0.0 -999 ""
FIBERMAP 826 R+6C9 APOGEE 0 0 0 1 0 0 -42.02393970274601 96.56339333599576 143.1 -78.23013808653485 -70.49557038018762 329.89975 53.85979 -999.0 -999.0 -999.0 -999.0 -999.0 198.8579764041047 -9.103685236199366 198.87254973975746 -9.25029096628231 55.217926167892585 298.44864301833417 -999.0 16600.0 -999.0 2 -999 {-999.0 -999.0 -999.0 -999.0 -999.0} "" -999.0 -999.0 -999.0 -999.0 -999 -999 "" "" "" "" 0 0 0.0 0.0 -999 ""
FIBERMAP 826 R+6C9 BOSS 1 1 0 1 0 0 -42.6926008122754 96.26481823101184 143.1 -77.73480088264121 -71.03487671144053 329.89975 53.85979 198.85934232543835 -9.105276025375883 -0.3652021 -0.18229984 -0.7198586 198.85933592491543 -9.10526979393898 198.87402835189096 -9.251967424425152 55.22011419142958 298.44795764141975 5400.0 5400.0 2016.0 1 135 {-999.0 20.170723 20.012981 19.950598 19.90923} sdss_psfmag_from_lsdr10 20.148712 20.104513 19.672434 -999.0 63050395165369671 1131650961 dark_flexible_3x1 bhm_spiders_agn_lsdr10_d3 bhm_spiders science 0 0 0.0 0.0 -999 ""
FIBERMAP 826 R+6C9 METROLOGY 0 0 0 1 0 0 -42.63237576478077 96.9984838727944 143.1 -78.44961949524681 -71.21060862436586 329.89975 53.85979 -999.0 -999.0 -999.0 -999.0 -999.0 198.85716510535272 -9.10583143313496 198.87182416946723 -9.252504435547374 55.21875608506604 298.4448331040463 -999.0 6231.0 -999.0 -1 -999 {-999.0 -999.0 -999.0 -999.0 -999.0} "" -999.0 -999.0 -999.0 -999.0 -999 -999 "" "" "" "" 0 0 0.0 0.0 -999 ""
FIBERMAP 829 R-13C9 APOGEE 0 0 0 1 0 0 35.56617213474309 -260.7172245739119 143.1 235.93999936795197 116.4688534251279 235.00967 156.18536 -999.0 -999.0 -999.0 -999.0 -999.0 199.82052892445108 -8.537704080039873 199.83485793592115 -8.683531560011115 55.590764333383376 300.2839129839201 -999.0 16600.0 -999.0 2 157 {-999.0 -999.0 -999.0 -999.0 -999.0} "" -999.0 -999.0 -999.0 -999.0 -999 -999 "" ops_sky_apogee_best_unassigned ops_sky sky_apogee 0 0 0.0 0.0 -999 ""
FIBERMAP 829 R-13C9 BOSS 1 1 0 1 0 0 34.919863027317 -261.08424877918554 143.1 236.4931502858338 115.972466034523 235.00967 156.18536 199.8216861782532 -8.539059145780566 10.752536 -20.819576 2.874806 199.82210491081074 -8.539110876335453 199.83654889177308 -8.685031431898897 55.59300916383539 300.2837943125539 5400.0 5400.0 2016.0 1 438 {-999.0 15.156397 14.185337 13.800792 -999.0} sdss_psfmag_from_g3xp 14.831111 14.2069435 13.441873 11.9 63050395165382480 1078090114 bright_flexible_2x1 mwm_snc_ext_main_boss mwm_snc science 0 0 1.3862370252609253 0.0 -999 ""
FIBERMAP 829 R-13C9 METROLOGY 0 0 0 1 0 0 34.90645611037658 -260.34308153904345 143.1 235.794586529522 115.72453117739329 235.00967 156.18536 -999.0 -999.0 -999.0 -999.0 -999.0 199.82006266737628 -8.53985993875435 199.83447469200598 -8.68575540552736 55.59190998839021 300.28047403884153 -999.0 6231.0 -999.0 -1 -999 {-999.0 -999.0 -999.0 -999.0 -999.0} "" -999.0 -999.0 -999.0 -999.0 -999 -999 "" "" "" "" 0 0 0.0 0.0 -999 ""
FIBERMAP 833 R0C10 APOGEE 0 0 0 1 0 0 -101.20425566518071 15.607600579984167 143.1 17.318785539867417 -100.9211965669773 172.33598 63.049843 -999.0 -999.0 -999.0 -999.0 -999.0 199.15161282171056 -9.19637261643325 199.16633263692052 -9.342704810367394 55.50161864748707 298.6422822448153 -999.0 16600.0 -999.0 2 -999 {-999.0 -999.0 -999.0 -999.0 -999.0} "" -999.0 -999.0 -999.0 -999.0 -999 -999 "" "" "" "" 0 0 0.0 0.0 -999 ""
FIBERMAP 833 R0C10 BOSS 1 1 0 1 0 0 -100.79428976856393 16.21287974540522 143.1 16.61471457014038 -100.72453793662359 172.33598 63.049843 199.14920615781978 -9.195541626647767 36.942318 -65.55608 12.897443 199.14934190131314 -9.195738426555959 199.16417676322249 -9.342165326019916 55.49962498413027 298.6406624978059 5400.0 5400.0 2016.0 1 448 {-999.0 18.585361 18.24367 18.262491 -999.0} sdss_psfmag_ps1 18.47918 18.306263 17.991402 -999.0 63050395165369186 1143554035 dark_1x3 mwm_wd_pwd_boss_1x3 mwm_wd science 0 0 0.0 0.0 -999 ""
FIBERMAP 833 R0C10 METROLOGY 0 0 0 1 0 0 -100.45897817869356 15.543884923105514 143.1 17.14267841937168 -100.19425911332783 172.33598 63.049843 -999.0 -999.0 -999.0 -999.0 -999.0 199.15100142597336 -9.194167458603417 199.1658025012432 -9.340566882245003 55.49986802011377 298.64463757094086 -999.0 6231.0 -999.0 -1 -999 {-999.0 -999.0 -999.0 -999.0 -999.0} "" -999.0 -999.0 -999.0 -999.0 -999 -999 "" "" "" "" 0 0 0.0 0.0 -999 ""
FIBERMAP 834 R+2C24 APOGEE 0 0 0 1 0 0 251.83008861291074 29.001768810462835 143.1 -107.42361861431988 229.5960122938108 280.75992 133.213 -999.0 -999.0 -999.0 -999.0 -999.0 198.77081094577377 -8.194947262913216 198.7846423178421 -8.341768117859392 54.57526323939951 299.57560286621896 -999.0 16600.0 -999.0 2 -999 {-999.0 -999.0 -999.0 -999.0 -999.0} "" -999.0 -999.0 -999.0 -999.0 -999 -999 "" "" "" "" 0 0 0.0 0.0 -999 ""
FIBERMAP 834 R+2C24 BOSS 1 1 0 1 0 0 251.3658590101205 28.389242365762588 143.1 -106.69545386482812 229.35019764765642 280.75992 133.213 198.7729169626082 -8.195570582728294 -999.0 -999.0 -999.0 198.7729058984739 -8.19557313447336 198.7868566148776 -8.342489571041432 54.57740877018279 299.5770638559238 5400.0 5400.0 2016.0 1 193 {-999.0 20.463755 19.65586 19.209543 18.878399} sdss_fiber2mag_from_lsdr10 19.498318 20.848442 18.040403 15.839 63050395165390571 1131657047 dark_flexible_3x1 bhm_spiders_agn_lsdr10_d3 bhm_spiders science 0 0 0.0 0.0 -999 ""
FIBERMAP 834 R+2C24 METROLOGY 0 0 0 1 0 0 251.08459552375948 29.062910210706853 143.1 -107.24500200620504 228.86968737566926 280.75992 133.213 -999.0 -999.0 -999.0 -999.0 -999.0 198.77123595052439 -8.197006707934829 198.78515390805387 -8.343896747973469 54.57701385625827 299.5733384768934 -999.0 6231.0 -999.0 -1 -999 {-999.0 -999.0 -999.0 -999.0 -999.0} "" -999.0 -999.0 -999.0 -999.0 -999 -999 "" "" "" "" 0 0 0.0 0.0 -999 ""
FIBERMAP 836 R+9C2 APOGEE 0 0 0 1 0 0 -179.28764931650574 180.361616752514 143.1 -114.12967741573443 -227.2518929873706 150.83176 121.043304 -999.0 -999.0 -999.0 -999.0 -999.0 198.7478827078932 -9.577076247576839 198.76280764979765 -9.723707351004919 55.428096663498074 297.6791500197205 -999.0 16600.0 -999.0 2 -999 {-999.0 -999.0 -999.0 -999.0 -999.0} "" -999.0 -999.0 -999.0 -999.0 -999 -999 "" "" "" "" 0 0 0.0 0.0 -999 ""
FIBERMAP 836 R+9C2 BOSS 1 1 0 1 0 0 -179.30486216270143 181.09118053741085 143.1 -114.81603021443252 -227.49975430443513 150.83176 121.043304 198.7456445997997 -9.577733405234051 0.6332301 -0.46269226 -0.60463625 198.74565780741176 -9.57773080098144 198.76070044504263 -9.72445512368109 55.426927363744575 297.6758504980303 5400.0 5400.0 2016.0 1 19 {-999.0 20.025616 19.74182 19.681402 19.660374} sdss_psfmag_from_lsdr10 19.848942 19.639168 19.14215 -999.0 63050395165368026 1131646937 dark_flexible_3x1 bhm_spiders_agn_lsdr10_d3 bhm_spiders science 0 0 0.0 0.0 -999 ""
FIBERMAP 836 R+9C2 METROLOGY 0 0 0 1 0 0 -178.64842289967 180.75005954729266 143.1 -114.70089089994057 -226.76901936532363 150.83176 121.043304 -999.0 -999.0 -999.0 -999.0 -999.0 198.74601980571668 -9.57560222393632 198.76102746226888 -9.722300660224356 55.42584787146946 297.6791849225267 -999.0 6231.0 -999.0 -1 -999 {-999.0 -999.0 -999.0 -999.0 -999.0} "" -999.0 -999.0 -999.0 -999.0 -999 -999 "" "" "" "" 0 0 0.0 0.0 -999 ""
FIBERMAP 843 R+7C18 APOGEE 0 0 0 1 0 0 175.02116886277085 116.75441716273846 143.1 -166.25930057355103 128.91149915286843 342.52286 52.765377 -999.0 -999.0 -999.0 -999.0 -999.0 198.58971870032835 -8.498746928314457 198.60375172223848 -8.645678886417082 54.63072736851956 298.9743435723725 -999.0 16600.0 -999.0 2 119 {-999.0 -999.0 -999.0 -999.0 -999.0} "" -999.0 -999.0 -999.0 -999.0 -999 -999 "" ops_sky_apogee_best_unassigned ops_sky sky_apogee 0 0 0.0 0.0 -999 ""
FIBERMAP 843 R+7C18 BOSS 1 1 0 1 0 0 174.39824374591208 116.3196517187772 143.1 -165.6493346964927 128.4587846439457 342.52286 52.765377 198.5914205649409 -8.499960673209962 -3.3816588 -10.550968 0.23103052 198.5914153377858 -8.499987677906207 198.60556877136798 -8.647014334621474 54.63296333878139 298.9745239969366 5400.0 5400.0 2016.0 1 204 {-999.0 16.845638 16.5917 16.411678 -999.0} sdss_psfmag_ps1 16.851582 16.571783 16.122187 15.223 63050395165389200 976172618 "" ops_std_boss ops_std standard_boss 0 0 0.0 0.0 -999 ""
FIBERMAP 843 R+7C18 METROLOGY 0 0 0 1 0 0 174.34015347894217 117.06379761426179 143.1 -166.33654199346523 128.16753306328013 342.52286 52.765377 -999.0 -999.0 -999.0 -999.0 -999.0 198.58932236016074 -8.500877440566835 198.60344230679266 -8.647878468487745 54.63188382939371 298.97106825138655 -999.0 6231.0 -999.0 -1 -999 {-999.0 -999.0 -999.0 -999.0 -999.0} "" -999.0 -999.0 -999.0 -999.0 -999 -999 "" "" "" "" 0 0 0.0 0.0 -999 ""
FIBERMAP 844 R-3C20 APOGEE 0 0 0 1 0 0 180.8933978471819 -51.69797967303154 143.1 -8.386412251985293 187.94103555095296 36.43153 107.477264 -999.0 -999.0 -999.0 -999.0 -999.0 199.07338529722574 -8.320414477810376 199.08737780340084 -8.466949306851669 54.88546488273793 299.74113812117383 -999.0 16600.0 -999.0 2 214 {-999.0 -999.0 -999.0 -999.0 -999.0} "" -999.0 -999.0 -999.0 -999.0 -999 -999 "" ops_sky_apogee_best_unassigned ops_sky sky_apogee 0 0 0.0 0.0 -999 ""
FIBERMAP 844 R-3C20 BOSS 1 1 0 1 0 0 181.53231428405752 -52.11875469998155 143.1 -8.190179106062198 188.68043382860802 36.43153 107.477264 199.07387200876093 -8.318031060585838 0.6283335 -0.459972 -0.03295462 199.0738692508437 -8.31802707054621 199.08797691141842 -8.464658436418725 54.88445160757345 299.7448555565827 5400.0 5400.0 2016.0 1 306 {-999.0 20.160229 19.906635 19.67876 19.493927} sdss_psfmag_from_gaiadr2 20.097475 19.941626 19.278376 -999.0 63050395165388656 1130021988 dark_flexible_3x1 bhm_gua_dark_d3 bhm_filler science 0 0 0.0 0.0 -999 ""
FIBERMAP 844 R-3C20 METROLOGY 0 0 0 1 0 0 180.86744199983823 -52.44163978616594 143.1 -7.672992184667469 188.15243545857462 36.43153 107.477264 -999.0 -999.0 -999.0 -999.0 -999.0 199.07548390204582 -8.319623809107433 199.08956002286777 -8.466226114802623 54.886658325602504 299.7445081254482 -999.0 6231.0 -999.0 -1 -999 {-999.0 -999.0 -999.0 -999.0 -999.0} "" -999.0 -999.0 -999.0 -999.0 -999 -999 "" "" "" "" 0 0 0.0 0.0 -999 ""
FIBERMAP 845 R+9C16 APOGEE 1 1 0 1 0 0 154.71397901595677 180.7672714212077 143.1 -220.51525823279883 89.33948626805447 15.109107 135.07849 198.42338025448296 -8.61834138294978 -14.223842 -14.75955 0.68995976 198.4237262394472 -8.618401795251385 198.4378169222157 -8.765458928803758 54.57923962181238 298.6351426740724 16000.0 16600.0 2016.0 2 76 {-999.0 13.405108 11.570531 8.735222 -999.0} sdss_psfmag_gaia 11.7526245 9.443568 8.038033 4.764 63050395165377824 1154271734 bright_1x1 mwm_galactic_core_dist_apogee_sparse mwm_galactic science 0 0 1.3983144760131836 0.0 -999 ""
FIBERMAP 845 R+9C16 BOSS 0 0 0 1 0 0 155.32891297119184 180.34105549440804 143.1 -220.306254468134 90.05786969573398 15.109107 135.07849 -999.0 -999.0 -999.0 -999.0 -999.0 198.42422609877875 -8.616122361328483 198.43843489792675 -8.763275457003514 54.5783382989692 298.638732205738 -999.0 5400.0 -999.0 1 235 {-999.0 -999.0 -999.0 -999.0 -999.0} "" -999.0 -999.0 -999.0 -999.0 -999 -999 "" "" "" "" 0 0 0.0 0.0 -999 ""
FIBERMAP 845 R+9C16 METROLOGY 0 0 0 1 0 0 154.64175623710068 180.0310127467306 143.1 -219.79417307550446 89.50466416332101 15.109107 135.07849 -999.0 -999.0 -999.0 -999.0 -999.0 198.42577312027223 -8.617807892342208 198.43994961582644 -8.764932173066198 54.58054463232099 298.63813974436283 -999.0 6231.0 -999.0 -1 -999 {-999.0 -999.0 -999.0 -999.0 -999.0} "" -999.0 -999.0 -999.0 -999.0 -999 -999 "" "" "" "" 0 0 0.0 0.0 -999 ""
FIBERMAP 850 R+3C23 APOGEE 0 0 0 1 0 0 251.58010612773973 66.78115457373998 143.1 -143.1689330806537 217.3690541086071 65.77505 72.44367 -999.0 -999.0 -999.0 -999.0 -999.0 198.66156655971156 -8.231869091217686 198.6754051744315 -8.378779642965673 54.51575841887153 299.4074866775328 -999.0 16600.0 -999.0 2 -999 {-999.0 -999.0 -999.0 -999.0 -999.0} "" -999.0 -999.0 -999.0 -999.0 -999 -999 "" "" "" "" 0 0 0.0 0.0 -999 ""
FIBERMAP 850 R+3C23 BOSS 1 1 0 1 0 0 252.18557769025085 66.17027546704043 143.1 -142.78181770867906 218.13707063527283 65.77505 72.44367 198.66271836702657 -8.229451144209825 -23.510351 -1.053365 0.62521195 198.66263809618587 -8.229454840577834 198.67659395187616 -8.376462324853957 54.51518548735696 299.41185328158144 5400.0 5400.0 2016.0 1 194 {-999.0 17.168646 16.658752 16.316807 -999.0} sdss_psfmag_ps1 16.994911 16.560652 15.958071 14.785 63050395165389895 1136360058 dark_flexible_3x1 mwm_halo_local_high_boss_triple mwm_halo science 0 0 0.0 0.0 -999 ""
FIBERMAP 850 R+3C23 METROLOGY 0 0 0 1 0 0 251.44065207516502 66.0462730975708 143.1 -142.42781691287294 217.47004225277112 65.77505 72.44367 -999.0 -999.0 -999.0 -999.0 -999.0 198.66371304872348 -8.231446552100106 198.67763697699138 -8.378425156550003 54.51723242559465 299.41038383778243 -999.0 6231.0 -999.0 -1 -999 {-999.0 -999.0 -999.0 -999.0 -999.0} "" -999.0 -999.0 -999.0 -999.0 -999 -999 "" "" "" "" 0 0 0.0 0.0 -999 ""
FIBERMAP 853 R+1C21 APOGEE 0 0 0 1 0 0 159.07094018914444 6.104014070793619 143.1 -56.27196903805848 148.9032748341983 257.88968 93.64556 -999.0 -999.0 -999.0 -999.0 -999.0 198.926465767545 -8.43828804773676 198.94052218970046 -8.584934726073856 54.84920398672512 299.4221459041158 -999.0 16600.0 -999.0 2 -999 {-999.0 -999.0 -999.0 -999.0 -999.0} "" -999.0 -999.0 -999.0 -999.0 -999 -999 "" "" "" "" 0 0 0.0 0.0 -999 ""
FIBERMAP 853 R+1C21 BOSS 1 1 0 1 0 0 158.32097163600412 6.226708598369251 143.1 -56.15030038770951 148.15317111786922 257.88968 93.64556 198.9267116051944 -8.440370126580671 1.1010265 -2.6500075 -0.013554905 198.9266925359258 -8.440399030074138 198.9408682658335 -8.587141409874345 54.850874650304725 299.419572249714 5400.0 5400.0 2016.0 1 243 {-999.0 20.821104 20.647654 20.499786 20.398327} sdss_psfmag_from_gaiadr2 20.530745 20.6442 19.936573 -999.0 63050395165387901 1130021976 dark_flexible_3x1 bhm_gua_dark_d3 bhm_filler science 0 0 0.0 0.0 -999 ""
FIBERMAP 853 R+1C21 METROLOGY 0 0 0 1 0 0 158.79368233666887 6.79872717707328 143.1 -56.84274479619123 148.41988388130852 257.88968 93.64556 -999.0 -999.0 -999.0 -999.0 -999.0 198.9245986252692 -8.439601388636916 198.93873996513298 -8.58631847151315 54.84872876194058 299.4183427178952 -999.0 6231.0 -999.0 -1 -999 {-999.0 -999.0 -999.0 -999.0 -999.0} "" -999.0 -999.0 -999.0 -999.0 -999 -999 "" "" "" "" 0 0 0.0 0.0 -999 ""
FIBERMAP 855 R+8C7 APOGEE 0 0 1 1 0 0 -66.77875918295027 162.87489268030225 143.1 -133.25427864003444 -115.01460188845341 10.403911 170.04045 -999.0 -999.0 -999.0 -999.0 -999.0 198.68906233673616 -9.238092312783703 198.7037017559893 -9.384825540184666 55.17198017944176 298.0821882571103 -999.0 16600.0 -999.0 2 -999 {-999.0 -999.0 -999.0 -999.0 -999.0} "" -999.0 -999.0 -999.0 -999.0 -999 -999 "" "" "" "" 0 0 0.0 0.0 -999 ""
FIBERMAP 855 R+8C7 BOSS 1 0 1 1 0 0 -66.02695499290458 162.8943233486459 143.1 -133.51130138607098 -114.3078632830922 10.403911 170.04045 198.6745206576846 -9.212740663141414 -999.0 -999.0 -999.0 198.68810788022503 -9.23589831549758 198.7028635228271 -9.382725661662043 55.170024628488775 298.0841608709347 5400.0 5400.0 2016.0 1 108 {-999.0 20.955217 20.865778 20.605492 20.587135} sdss_psfmag_from_gaiadr2 20.016802 20.961159 19.973335 -999.0 63050395165375287 1130021786 dark_flexible_3x1 bhm_gua_dark_d3 bhm_filler science 0 0 0.0 0.0 -999 ""
FIBERMAP 855 R+8C7 METROLOGY 0 0 1 1 0 0 -66.38654441794833 162.23797369415834 143.1 -132.774790157238 -114.44054389985534 10.403911 170.04045 -999.0 -999.0 -999.0 -999.0 -999.0 198.69038163143654 -9.236349479463453 198.70510468879093 -9.383148430158798 55.17201723372961 298.08599522722716 -999.0 6231.0 -999.0 -1 -999 {-999.0 -999.0 -999.0 -999.0 -999.0} "" -999.0 -999.0 -999.0 -999.0 -999 -999 "" "" "" "" 0 0 0.0 0.0 -999 ""
FIBERMAP 861 R+12C6 APOGEE 0 0 0 1 0 0 -32.87889433273797 232.11273573262505 143.1 -209.66838120599456 -104.84251208074389 347.225 126.032555 -999.0 -999.0 -999.0 -999.0 -999.0 198.45536208328642 -9.206268290522477 198.4699188900122 -9.353208841825115 54.97175715444551 297.87467259573464 -999.0 16600.0 -999.0 2 -999 {-999.0 -999.0 -999.0 -999.0 -999.0} "" -999.0 -999.0 -999.0 -999.0 -999 -999 "" "" "" "" 0 0 0.0 0.0 -999 ""
FIBERMAP 861 R+12C6 BOSS 1 1 0 1 0 0 -32.587777231891636 231.43956915340527 143.1 -209.12243560122366 -104.35281711299217 347.225 126.032555 198.45688680393354 -9.204708536801116 7.998372 -9.718309 4.5424004 198.45687841284666 -9.204717688405923 198.47155365678157 -9.351750540225053 54.97211451784513 297.8784095925293 5400.0 5400.0 2016.0 1 163 {-999.0 18.488699 17.14342 16.04577 -999.0} sdss_psfmag_ps1 18.006094 16.68535 15.542101 13.4 63050395165374640 1077940818 bright_flexible_2x1 mwm_snc_ext_main_boss mwm_snc science 0 0 0.0 0.0 -999 ""
FIBERMAP 861 R+12C6 METROLOGY 0 0 0 1 0 0 -33.31939830600274 231.50820743193594 143.1 -208.95533048932762 -105.06836702283826 347.225 126.032555 -999.0 -999.0 -999.0 -999.0 -999.0 198.4573876320563 -9.20692719104476 198.4720309273148 -9.353932801978122 54.97383971729612 297.8759408922831 -999.0 6231.0 -999.0 -1 -999 {-999.0 -999.0 -999.0 -999.0 -999.0} "" -999.0 -999.0 -999.0 -999.0 -999 -999 "" "" "" "" 0 0 0.0 0.0 -999 ""
FIBERMAP 862 R+6C19 APOGEE 0 0 0 1 0 0 195.24672403652625 131.29982290689543 143.1 -186.47102842802047 143.47434417971616 115.20488 24.237032 -999.0 -999.0 -999.0 -999.0 -999.0 198.5282905299496 -8.454777962501826 198.5422761819193 -8.601769910852076 54.5558820799671 298.9665378660657 -999.0 16600.0 -999.0 2 118 {-999.0 -999.0 -999.0 -999.0 -999.0} "" -999.0 -999.0 -999.0 -999.0 -999 -999 "" ops_sky_apogee_best_unassigned ops_sky sky_apogee 0 0 0.0 0.0 -999 ""
FIBERMAP 862 R+6C19 BOSS 1 1 0 1 0 0 195.84852065700946 130.81555203029652 143.1 -186.20280417303545 144.19869470272528 115.20488 24.237032 198.52896046621768 -8.452470432996074 0.38481584 0.67204845 1.282602 198.5289756036219 -8.452473922055956 198.5430789980487 -8.599562282592835 54.555097852168096 298.97035057215714 5400.0 5400.0 2016.0 1 203 {-999.0 20.165905 20.182228 20.034124 19.875145} sdss_psfmag_from_lsdr10 20.348825 20.200935 19.635654 -999.0 63050395165389544 1131655019 dark_flexible_3x1 bhm_spiders_agn_lsdr10_d3 bhm_spiders science 0 0 0.0 0.0 -999 ""
FIBERMAP 862 R+6C19 METROLOGY 0 0 0 1 0 0 195.1345280935609 130.55305233296545 143.1 -185.72728912358545 143.60495327827365 115.20488 24.237032 -999.0 -999.0 -999.0 -999.0 -999.0 198.53041764077886 -8.454269171718272 198.54448889812204 -8.601328611267645 54.557295437602924 298.96951658656894 -999.0 6231.0 -999.0 -1 -999 {-999.0 -999.0 -999.0 -999.0 -999.0} "" -999.0 -999.0 -999.0 -999.0 -999 -999 "" "" "" "" 0 0 0.0 0.0 -999 ""
FIBERMAP 863 R+9C12 APOGEE 0 0 0 1 0 0 56.06435103641431 195.9038450999985 143.1 -203.5605702453794 -9.009772925129075 152.8763 37.558308 -999.0 -999.0 -999.0 -999.0 -999.0 198.47433469713087 -8.916243084963188 198.48866892868978 -9.063211174689359 54.80533196036222 298.28883037703815 -999.0 16600.0 -999.0 2 144 {-999.0 -999.0 -999.0 -999.0 -999.0} "" -999.0 -999.0 -999.0 -999.0 -999 -999 "" ops_sky_apogee_best_unassigned ops_sky sky_apogee 0 0 0.0 0.0 -999 ""
FIBERMAP 863 R+9C12 BOSS 1 1 0 1 0 0 56.84512178580032 196.0338320333709 143.1 -203.93162200247608 -8.310653363741434 152.8763 37.558308 198.4727720841383 -8.913921641261664 -6.51817 -27.072666 0.8711909 198.47303416908173 -8.914029268352255 198.48748574268177 -9.061093466623094 54.80309504103833 298.2904262650451 5400.0 5400.0 2016.0 1 146 {-999.0 16.316576 15.511813 15.388607 -999.0} sdss_psfmag_ps1 15.849745 15.514549 15.004674 14.053 63050395165375978 1136360062 dark_flexible_3x1 mwm_halo_local_high_boss_triple mwm_halo science 0 0 0.9244633913040161 0.0 -999 ""
FIBERMAP 863 R+9C12 METROLOGY 0 0 0 1 0 0 56.5625710099481 195.34233555251683 143.1 -203.1862319553363 -8.359126947902016 152.8763 37.558308 -999.0 -999.0 -999.0 -999.0 -999.0 198.47531257242326 -8.914210395094269 198.4897309779692 -9.061245774291045 54.80491928598261 298.292628650379 -999.0 6231.0 -999.0 -1 -999 {-999.0 -999.0 -999.0 -999.0 -999.0} "" -999.0 -999.0 -999.0 -999.0 -999 -999 "" "" "" "" 0 0 0.0 0.0 -999 ""
FIBERMAP 864 R-6C5 APOGEE 0 0 0 1 0 0 -146.8671710638897 -113.07235664196371 143.1 153.83261810171663 -103.38277394297363 161.4051 120.87008 -999.0 -999.0 -999.0 -999.0 -999.0 199.57068589004456 -9.203476915684998 199.58551487545128 -9.34943161822029 55.826875264990925 299.09545158632034 -999.0 16600.0 -999.0 2 294 {-999.0 -999.0 -999.0 -999.0 -999.0} "" -999.0 -999.0 -999.0 -999.0 -999 -999 "" ops_sky_apogee_best_unassigned ops_sky sky_apogee 0 0 0.0 0.0 -999 ""
FIBERMAP 864 R-6C5 BOSS 1 1 0 1 0 0 -146.952184957136 -112.3192849885148 143.1 153.1454915285542 -103.70238883646485 161.4051 120.87008 199.56851941067208 -9.204397624233234 -999.0 -999.0 -999.0 199.56851772250354 -9.204391105748636 199.58346115761287 -9.350439702395777 55.82594368740618 299.0917793131583 5400.0 5400.0 2016.0 1 485 {-999.0 22.092783 21.920893 21.822342 21.741175} sdss_psfmag_from_lsdr10 1e+20 1e+20 1e+20 -999.0 63050399059831911 1131648990 dark_flexible_3x1 bhm_spiders_agn_lsdr10_d3 bhm_spiders science 0 0 0.0 0.0 -999 ""
FIBERMAP 864 R-6C5 METROLOGY 0 0 0 1 0 0 -146.2690720397814 -112.63353136608787 143.1 153.22668142086974 -102.95488945965675 161.4051 120.87008 -999.0 -999.0 -999.0 -999.0 -999.0 199.56882247709405 -9.202167400998567 199.58373176050918 -9.348189971209187 55.82472717101144 299.09518172819355 -999.0 6231.0 -999.0 -1 -999 {-999.0 -999.0 -999.0 -999.0 -999.0} "" -999.0 -999.0 -999.0 -999.0 -999 -999 "" "" "" "" 0 0 0.0 0.0 -999 ""
FIBERMAP 867 R-6C9 APOGEE 0 0 0 1 0 0 -40.96784088120106 -127.89271532204751 143.1 134.27726399143413 1.7407261035715613 280.46338 125.25777 -999.0 -999.0 -999.0 -999.0 -999.0 199.51093612909878 -8.884880793265781 199.5254855495209 -9.030937573517441 55.578906741089824 299.465428241227 -999.0 16600.0 -999.0 2 -999 {-999.0 -999.0 -999.0 -999.0 -999.0} "" -999.0 -999.0 -999.0 -999.0 -999 -999 "" "" "" "" 0 0 0.0 0.0 -999 ""
FIBERMAP 867 R-6C9 BOSS 1 1 0 1 0 0 -41.48241288112373 -128.4362559280485 143.1 134.9559892724338 1.4252800241027885 280.46338 125.25777 199.51297772306916 -8.885737599260995 0.9178482 -0.81118405 -0.2905545 199.5129671932236 -8.885743010412389 199.5276324460615 -9.03189136757851 55.58114881508694 299.4665165205431 5400.0 5400.0 2016.0 1 371 {-999.0 20.418142 20.263409 20.129333 20.048292} sdss_psfmag_from_gaiadr2 20.274082 20.25515 19.74484 -999.0 63050395165381060 1130021883 dark_flexible_3x1 bhm_gua_dark_d3 bhm_filler science 0 0 0.0 0.0 -999 ""
FIBERMAP 867 R-6C9 METROLOGY 0 0 0 1 0 0 -41.69529552308824 -127.71862350491386 143.1 134.34304952819951 0.9956596350197979 280.46338 125.25777 -999.0 -999.0 -999.0 -999.0 -999.0 199.5111365275769 -8.887073364592325 199.52576997496976 -9.033196664225793 55.58056212504486 299.46266362862644 -999.0 6231.0 -999.0 -1 -999 {-999.0 -999.0 -999.0 -999.0 -999.0} "" -999.0 -999.0 -999.0 -999.0 -999 -999 "" "" "" "" 0 0 0.0 0.0 -999 ""
FIBERMAP 873 R+3C16 APOGEE 0 0 0 1 0 0 98.12855096565461 56.55169840861125 143.1 -84.76837992248589 75.10368984568332 43.88724 58.621098 -999.0 -999.0 -999.0 -999.0 -999.0 198.8385780078756 -8.661785026343699 198.85279374298443 -8.808474830051352 54.92432465086458 299.02627856890314 -999.0 16600.0 -999.0 2 71 {-999.0 -999.0 -999.0 -999.0 -999.0} "" -999.0 -999.0 -999.0 -999.0 -999 -999 "" ops_sky_apogee_best_unassigned ops_sky sky_apogee 0 0 0.0 0.0 -999 ""
FIBERMAP 873 R+3C16 BOSS 1 1 0 1 0 0 98.20828601073664 55.80273281698074 143.1 -84.0834716308977 75.41699589646954 43.88724 58.621098 198.84055022142607 -8.66073041335659 -11.2666025 6.5888753 1.1115475 198.8405179482388 -8.660700955001577 198.85485108384648 -8.807484561250916 54.92527044679683 299.0298531639591 5400.0 5400.0 2016.0 1 228 {-999.0 17.475677 16.556948 16.13446 -999.0} sdss_psfmag_ps1 17.099205 16.49447 15.68449 14.007 63050395165387487 1095458847 bright_1x1 mwm_bin_vis_boss mwm_filler science 0 0 0.0 0.0 -999 ""
FIBERMAP 873 R+3C16 METROLOGY 0 0 0 1 0 0 97.53209787782306 56.10087587173049 143.1 -84.15158909336095 74.68117366487824 43.88724 58.621098 -999.0 -999.0 -999.0 -999.0 -999.0 198.8403287737458 -8.662952230730307 198.854630267223 -8.809708634141407 54.926510510335234 299.0266178458537 -999.0 6231.0 -999.0 -1 -999 {-999.0 -999.0 -999.0 -999.0 -999.0} "" -999.0 -999.0 -999.0 -999.0 -999 -999 "" "" "" "" 0 0 0.0 0.0 -999 ""
FIBERMAP 874 R+8C3 APOGEE 0 0 1 1 0 0 -154.03405473481095 162.91234213943042 143.1 -105.59788600628066 -197.76712477688363 10.807165 169.60767 -999.0 -999.0 -999.0 -999.0 -999.0 198.77393918107683 -9.488428459687478 198.7887998901058 -9.635050036874622 55.39329450122575 297.82971071876455 -999.0 16600.0 -999.0 2 16 {-999.0 -999.0 -999.0 -999.0 -999.0} "" -999.0 -999.0 -999.0 -999.0 -999 -999 "" ops_sky_apogee_best_unassigned ops_sky sky_apogee 0 0 0.0 0.0 -999 ""
FIBERMAP 874 R+8C3 BOSS 1 0 1 1 0 0 -153.29143655434473 162.83951897635052 143.1 -105.76451287559203 -197.039818617643 10.807165 169.60767 198.74404907226562 -9.523142369542057 -999.0 -999.0 -999.0 198.77328928225657 -9.486178481265426 198.7882656984625 -9.63289270919702 55.39154328483529 297.8321150214575 5400.0 5400.0 2015.5 1 25 {-999.0 -999.0 -999.0 -999.0 -999.0} "" -999.0 -999.0 -999.0 -999.0 27021603139607799 820070558 "" ops_sky_boss_good ops_sky sky_boss 0 0 0.0 0.0 -999 ""
FIBERMAP 874 R+8C3 METROLOGY 0 0 1 1 0 0 -153.72494472884497 162.229573155595 143.1 -105.04854517752499 -197.25732038994738 10.807165 169.60767 -999.0 -999.0 -999.0 -999.0 -999.0 198.7755016724634 -9.48690018050481 198.79044588287297 -9.633586361696622 55.3936595221704 297.8335045325275 -999.0 6231.0 -999.0 -1 -999 {-999.0 -999.0 -999.0 -999.0 -999.0} "" -999.0 -999.0 -999.0 -999.0 -999 -999 "" "" "" "" 0 0 0.0 0.0 -999 ""
FIBERMAP 876 R+5C22 APOGEE 1 1 0 1 0 0 230.7050045705163 89.81157767040598 143.1 -158.38268678521524 190.26496289001494 187.66185 156.38867 198.61470785016877 -8.313535829095713 5.761607 -1.7529471 0.60659987 198.61471462267008 -8.313537728407665 198.62860777343576 -8.46047644973659 54.532136044617765 299.24816934221684 16000.0 16600.0 2016.0 2 87 {-999.0 12.897174 11.957995 11.604725 -999.0} sdss_psfmag_from_g3xp 12.599541 11.989612 11.246052 9.631 63050395165389816 1108582076 bright_1x1 mwm_tess_rgb_apogee mwm_tessrgb science 0 0 0.0 0.0 -999 ""
FIBERMAP 876 R+5C22 BOSS 0 0 0 1 0 0 229.9889256734626 89.98768174395016 143.1 -158.32241966901424 189.5300449535823 187.66185 156.38867 -999.0 -999.0 -999.0 -999.0 -999.0 198.61475344214605 -8.315638646063618 198.62876733242547 -8.462674172800806 54.533656298164765 299.2454206208782 -999.0 5400.0 -999.0 1 260 {-999.0 -999.0 -999.0 -999.0 -999.0} "" -999.0 -999.0 -999.0 -999.0 -999 -999 "" "" "" "" 0 0 0.0 0.0 -999 ""
FIBERMAP 876 R+5C22 METROLOGY 0 0 0 1 0 0 230.521225181014 90.53827456465443 143.1 -159.01345839393568 189.86006316901336 187.66185 156.38867 -999.0 -999.0 -999.0 -999.0 -999.0 198.61265836723112 -8.314642286624014 198.62663730922998 -8.461652257675956 54.531380772457915 299.2444687618047 -999.0 6231.0 -999.0 -1 -999 {-999.0 -999.0 -999.0 -999.0 -999.0} "" -999.0 -999.0 -999.0 -999.0 -999 -999 "" "" "" "" 0 0 0.0 0.0 -999 ""
FIBERMAP 878 R-3C23 APOGEE 0 0 0 1 0 0 247.6884110500119 -63.45287005679223 143.1 -18.43822618569106 255.01063001753593 340.04095 115.61074 -999.0 -999.0 -999.0 -999.0 -999.0 199.04288919071797 -8.118484040662524 199.05671349222985 -8.265077026999604 54.73257213688003 299.97585003541576 -999.0 16600.0 -999.0 2 -999 {-999.0 -999.0 -999.0 -999.0 -999.0} "" -999.0 -999.0 -999.0 -999.0 -999 -999 "" "" "" "" 0 0 0.0 0.0 -999 ""
FIBERMAP 878 R-3C23 BOSS 1 1 0 1 0 0 247.76417196618428 -64.20393508049014 143.1 -17.750065833076746 255.3208338533064 340.04095 115.61074 199.04488886806524 -8.117438676230996 -11.040717 -5.4730353 0.30177358 199.0448755434745 -8.11744511235759 199.05881663545676 -8.264134036195667 54.733558445437666 299.9794197874328 5400.0 5400.0 2016.0 1 279 {-999.0 17.373016 17.014074 16.96939 -999.0} sdss_psfmag_ps1 17.290966 17.023174 16.59262 15.854 63050395165390438 944494076 bright_1x1 openfibertargets_nov2020_6c open_fiber science 0 0 0.0 0.0 -999 ""
FIBERMAP 878 R-3C23 METROLOGY 0 0 0 1 0 0 247.079246399949 -63.88693991972891 143.1 -17.83328701040668 254.57074324390666 340.04095 115.61074 -999.0 -999.0 -999.0 -999.0 -999.0 199.04464783311576 -8.119678090147142 199.05855744633584 -8.266339222664394 54.734781149769304 299.9762104005654 -999.0 6231.0 -999.0 -1 -999 {-999.0 -999.0 -999.0 -999.0 -999.0} "" -999.0 -999.0 -999.0 -999.0 -999 -999 "" "" "" "" 0 0 0.0 0.0 -999 ""
FIBERMAP 879 R0C22 APOGEE 0 0 0 1 0 0 163.97690221935883 2.633115763065334 143.1 -54.53764556005867 154.65694523192525 189.315 98.12653 -999.0 -999.0 -999.0 -999.0 -999.0 198.93181965753885 -8.420890478015302 198.94586331030428 -8.567535104594375 54.842174196731406 299.45127102366865 -999.0 16600.0 -999.0 2 -999 {-999.0 -999.0 -999.0 -999.0 -999.0} "" -999.0 -999.0 -999.0 -999.0 -999 -999 "" "" "" "" 0 0 0.0 0.0 -999 ""
FIBERMAP 879 R0C22 BOSS 1 1 0 1 0 0 163.7693964385287 3.3795346316326564 143.1 -55.17958875171089 154.22328764860075 189.315 98.12653 198.929621054745 -8.421944764611187 -79.50383 -31.296455 1.1361779 198.9297100177083 -8.42204304582087 198.94387172003712 -8.568785659434594 54.84145539111279 299.44741685503885 5400.0 5400.0 2016.0 1 255 {-999.0 15.179038 14.815143 14.672254 -999.0} sdss_psfmag_from_g3xp 15.115897 14.818651 14.344192 13.442 63050395165389340 1135976725 dark_flexible_3x1 mwm_halo_local_high_boss_triple mwm_halo science 0 0 1.1216057538986206 0.0 -999 ""
FIBERMAP 879 R0C22 METROLOGY 0 0 0 1 0 0 164.49003289309493 3.177353880498543 143.1 -55.216574834106254 154.9708031938267 189.315 98.12653 -999.0 -999.0 -999.0 -999.0 -999.0 198.92962848576605 -8.419791407914616 198.94375505552534 -8.566507154557767 54.839913013515265 299.4503361132262 -999.0 6231.0 -999.0 -1 -999 {-999.0 -999.0 -999.0 -999.0 -999.0} "" -999.0 -999.0 -999.0 -999.0 -999 -999 "" "" "" "" 0 0 0.0 0.0 -999 ""
FIBERMAP 881 R+5C5 APOGEE 0 0 1 1 0 0 -144.73916469944265 104.68098876581237 143.1 -53.32935518438496 -170.47248109894107 8.376072 172.24767 -999.0 -999.0 -999.0 -999.0 -999.0 198.9343314964669 -9.406588780476413 198.94916756661303 -9.553081822232723 55.466191609002585 298.1161074738639 -999.0 16600.0 -999.0 2 27 {-999.0 -999.0 -999.0 -999.0 -999.0} "" -999.0 -999.0 -999.0 -999.0 -999 -999 "" ops_sky_apogee_best_unassigned ops_sky sky_apogee 0 0 0.0 0.0 -999 ""
FIBERMAP 881 R+5C5 BOSS 1 0 1 1 0 0 -143.9962113765254 104.66280240924026 143.1 -53.54789827168238 -169.7621970277533 8.376072 172.24767 198.93881791674806 -9.428179838219407 -999.0 -999.0 -999.0 198.93352448303216 -9.404409394657353 198.9484755779697 -9.550995391936905 55.464357795019225 298.11823594085394 5400.0 5400.0 2016.0 1 43 {-999.0 20.99469 20.368233 19.961382 19.595009} sdss_psfmag_from_gdr3 21.119665 20.875612 19.806568 -999.0 63050395165368834 1128634903 dark_flexible_3x1 bhm_spiders_agn_gaiadr3_d3 bhm_spiders science 0 0 0.0 0.0 -999 ""
FIBERMAP 881 R+5C5 METROLOGY 0 0 1 1 0 0 -144.39258093255614 104.01855211040485 143.1 -52.81118758825135 -169.9335946721884 8.376072 172.24767 -999.0 -999.0 -999.0 -999.0 -999.0 198.9358137706125 -9.404980506086238 198.95073274920207 -9.551538348533464 55.466437018834796 298.11993355005797 -999.0 6231.0 -999.0 -1 -999 {-999.0 -999.0 -999.0 -999.0 -999.0} "" -999.0 -999.0 -999.0 -999.0 -999 -999 "" "" "" "" 0 0 0.0 0.0 -999 ""
FIBERMAP 882 R-1C8 APOGEE 0 0 0 1 0 0 -131.78792806157375 -21.06576968116908 143.1 61.80087857531545 -118.28354784826766 144.20671 154.68146 -999.0 -999.0 -999.0 -999.0 -999.0 199.28828379616397 -9.248990322637987 199.30308052825637 -9.395192627172898 55.63953480960326 298.7201552993556 -999.0 16600.0 -999.0 2 -999 {-999.0 -999.0 -999.0 -999.0 -999.0} "" -999.0 -999.0 -999.0 -999.0 -999 -999 "" "" "" "" 0 0 0.0 0.0 -999 ""
FIBERMAP 882 R-1C8 BOSS 1 1 0 1 0 0 -132.15927491472954 -20.406323933552507 143.1 61.29340610811701 -118.84496688583619 144.20671 154.68146 199.286453276007 -9.25070035897354 -32.420666 8.618777 1.0505643 199.2866373012628 -9.250656627118204 199.3015504656072 -9.396952341656025 55.63946836319016 298.71604912861886 5400.0 5400.0 2016.0 1 459 {-999.0 16.410471 15.799319 15.608572 -999.0} sdss_psfmag_ps1 16.265259 15.826539 15.217832 14.077 63050395165369043 1136360010 dark_flexible_3x1 mwm_halo_local_high_boss_triple mwm_halo science 0 0 0.8640134334564209 0.0 -999 ""
FIBERMAP 882 R-1C8 METROLOGY 0 0 0 1 0 0 -131.40556250608972 -20.422889599991027 143.1 61.06991161350409 -118.1249947652072 144.20671 154.68146 -999.0 -999.0 -999.0 -999.0 -999.0 199.28599245736754 -9.24851498520766 199.30087097894898 -9.394785481060595 55.637584155071934 298.7182863450093 -999.0 6231.0 -999.0 -1 -999 {-999.0 -999.0 -999.0 -999.0 -999.0} "" -999.0 -999.0 -999.0 -999.0 -999 -999 "" "" "" "" 0 0 0.0 0.0 -999 ""
FIBERMAP 883 R+4C1 APOGEE 1 1 0 1 0 0 -251.89126467099385 89.29255486379255 143.1 -4.730648149721363 -267.19667401760887 113.23909 119.27649 199.0835064823254 -9.69800144669287 -26.49866 -10.31089 2.103917 199.08344011232268 -9.698069238897986 199.098552210427 -9.844387014016775 55.762608051906454 297.8741106114559 16000.0 16600.0 2016.0 2 2 {-999.0 12.785076 12.156969 11.960643 -999.0} sdss_psfmag_from_g3xp 12.631623 12.206134 11.621514 10.538 63050395165366353 1118113159 bright_1x1 openfibertargets_mwm_snc_further_ext_apogee_bright open_fiber science 0 0 0.0 0.0 -999 ""
FIBERMAP 883 R+4C1 BOSS 0 0 0 1 0 0 -251.4615948201753 89.8999401578013 143.1 -5.442969649510297 -266.98199934577497 113.23909 119.27649 -999.0 -999.0 -999.0 -999.0 -999.0 199.08113913257418 -9.69733021574686 199.09636617702597 -9.843740592660028 55.76051738549462 297.8726384889942 -999.0 5400.0 -999.0 1 2 {-999.0 -999.0 -999.0 -999.0 -999.0} "" -999.0 -999.0 -999.0 -999.0 -999 -999 "" "" "" "" 0 0 0.0 0.0 -999 ""
FIBERMAP 883 R+4C1 METROLOGY 0 0 0 1 0 0 -251.1572755630653 89.20246691773508 143.1 -4.878164951333708 -266.47207119279307 113.23909 119.27649 -999.0 -999.0 -999.0 -999.0 -999.0 199.08290494995668 -9.69587935816372 199.09809835644592 -9.842262754933476 55.76094007633111 297.8765799768012 -999.0 6231.0 -999.0 -1 -999 {-999.0 -999.0 -999.0 -999.0 -999.0} "" -999.0 -999.0 -999.0 -999.0 -999 -999 "" "" "" "" 0 0 0.0 0.0 -999 ""
FIBERMAP 884 R+2C18 APOGEE 0 0 0 1 0 0 129.40028532190308 45.65852666981337 143.1 -84.36342917688226 108.21452735560511 61.835545 69.77115 -999.0 -999.0 -999.0 -999.0 -999.0 198.84006336726821 -8.561422673180259 198.8541995219731 -8.708126502326547 54.86175641416283 299.1627166415815 -999.0 16600.0 -999.0 2 -999 {-999.0 -999.0 -999.0 -999.0 -999.0} "" -999.0 -999.0 -999.0 -999.0 -999 -999 "" "" "" "" 0 0 0.0 0.0 -999 ""
FIBERMAP 884 R+2C18 BOSS 1 1 0 1 0 0 129.92269587543 44.97447155005617 143.1 -83.88056319798595 108.9270041278123 61.835545 69.77115 198.84139535846464 -8.559114070219135 2.3488305 -0.14412649 -0.40503168 198.84139115688154 -8.559117470675654 198.85564365707285 -8.705916280952001 54.86145571269685 299.1672581564329 5400.0 5400.0 2016.0 1 208 {-999.0 21.834148 21.441362 20.896961 20.467083} sdss_fiber2mag_from_lsdr10 20.459774 20.661722 20.052101 -999.0 63050395165387822 1131655020 dark_flexible_3x1 bhm_spiders_agn_lsdr10_d3 bhm_spiders science 0 0 0.0 0.0 -999 ""
FIBERMAP 884 R+2C18 METROLOGY 0 0 0 1 0 0 129.17451213187454 44.945417503233365 143.1 -83.61556400296188 108.22675278176123 61.835545 69.77115 -999.0 -999.0 -999.0 -999.0 -999.0 198.84222218724088 -8.561254770564672 198.85644315436116 -8.708025369632857 54.86340549023459 299.16529919810665 -999.0 6231.0 -999.0 -1 -999 {-999.0 -999.0 -999.0 -999.0 -999.0} "" -999.0 -999.0 -999.0 -999.0 -999 -999 "" "" "" "" 0 0 0.0 0.0 -999 ""
FIBERMAP 888 R-5C14 APOGEE 0 0 0 1 0 0 42.20655504808691 -113.2463062671091 143.1 93.99190794810232 75.9633341139699 294.6697 35.457027 -999.0 -999.0 -999.0 -999.0 -999.0 199.38729849454626 -8.659667381789898 199.4016338774701 -8.805869844930518 55.341098402156206 299.63343032078143 -999.0 16600.0 -999.0 2 196 {-999.0 -999.0 -999.0 -999.0 -999.0} "" -999.0 -999.0 -999.0 -999.0 -999 -999 "" ops_sky_apogee_best_unassigned ops_sky sky_apogee 0 0 0.0 0.0 -999 ""
FIBERMAP 888 R-5C14 BOSS 1 1 0 1 0 0 41.5542876283159 -112.87864746835051 143.1 93.8502799090013 75.22813295322163 294.6697 35.457027 199.38679020314734 -8.661768533469955 3.8292782 -1.0973656 2.758612 199.38679978731255 -8.661762720205976 199.40125212547935 -8.808060003012875 55.34220778132635 299.63004403679224 5400.0 5400.0 2016.0 1 271 {-999.0 20.960804 20.69212 20.447975 20.248312} sdss_psfmag_from_gaiadr2 20.678028 20.7358 19.82237 -999.0 63050395165382295 1130021900 dark_flexible_3x1 bhm_gua_dark_d3 bhm_filler science 0 0 0.0 0.0 -999 ""
FIBERMAP 888 R-5C14 METROLOGY 0 0 0 1 0 0 42.19010421305391 -112.49484634497597 143.1 93.28455009880537 75.7092462814058 294.6697 35.457027 -999.0 -999.0 -999.0 -999.0 -999.0 199.38510594944077 -8.66032102268546 199.39952404602013 -8.806593220548564 55.33995693019174 299.6301091387227 -999.0 6231.0 -999.0 -1 -999 {-999.0 -999.0 -999.0 -999.0 -999.0} "" -999.0 -999.0 -999.0 -999.0 -999 -999 "" "" "" "" 0 0 0.0 0.0 -999 ""
FIBERMAP 889 R-7C3 APOGEE 0 0 0 1 0 0 -151.42817212121977 -135.69623181673478 143.1 176.73342488518972 -100.52772598752642 25.736763 89.07696 -999.0 -999.0 -999.0 -999.0 -999.0 199.6407707554817 -9.194664606261355 199.6556096688489 -9.340556992399405 55.874795095681485 299.1856939708116 -999.0 16600.0 -999.0 2 245 {-999.0 -999.0 -999.0 -999.0 -999.0} "" -999.0 -999.0 -999.0 -999.0 -999 -999 "" ops_sky_apogee_best_unassigned ops_sky sky_apogee 0 0 0.0 0.0 -999 ""
FIBERMAP 889 R-7C3 BOSS 1 1 0 1 0 0 -151.221965284921 -136.40216684920668 143.1 177.33739114781162 -100.10814835214224 25.736763 89.07696 199.64261433181906 -9.193303165977836 -7.1206393 -8.486583 0.22912647 199.64255268403915 -9.193324193021304 199.65750480697113 -9.33930718949568 55.87545013136384 299.18952948463686 5400.0 5400.0 2016.0 1 502 {-999.0 17.362177 17.021418 16.892248 16.850916} sdss_psfmag_from_gaia 17.325 17.031 16.5784 15.6 63050395165379200 968312472 "" ops_std_boss_gdr2 ops_std standard_boss 0 0 0.0 0.0 -999 ""
FIBERMAP 889 R-7C3 METROLOGY 0 0 0 1 0 0 -151.92650555290174 -136.2529115743963 143.1 177.4194559108235 -100.82360376901856 25.736763 89.07696 -999.0 -999.0 -999.0 -999.0 -999.0 199.64285825777577 -9.195528991882325 199.65778002693173 -9.341485292218149 55.87704018036401 299.1868321601966 -999.0 6231.0 -999.0 -1 -999 {-999.0 -999.0 -999.0 -999.0 -999.0} "" -999.0 -999.0 -999.0 -999.0 -999 -999 "" "" "" "" 0 0 0.0 0.0 -999 ""
FIBERMAP 890 R+11C6 APOGEE 0 0 0 1 0 0 -65.25655263412776 230.07398735991163 143.1 -197.45953642475067 -134.89789442702238 161.11844 66.99896 -999.0 -999.0 -999.0 -999.0 -999.0 198.49265430786494 -9.29729133638246 198.50729180678684 -9.444186003760874 55.05715144184994 297.79023072230086 -999.0 16600.0 -999.0 2 146 {-999.0 -999.0 -999.0 -999.0 -999.0} "" -999.0 -999.0 -999.0 -999.0 -999 -999 "" ops_sky_apogee_best_unassigned ops_sky sky_apogee 0 0 0.0 0.0 -999 ""
FIBERMAP 890 R+11C6 BOSS 1 1 0 1 0 0 -64.73600818928921 230.63040048421004 143.1 -198.1523636435019 -134.5808702272393 161.11844 66.99896 198.49041542479583 -9.29626173218515 -999.0 -999.0 -999.0 198.49039609533256 -9.296244518470816 198.5051512842142 -9.44323421924787 55.05490495433417 297.7892466971191 5400.0 5400.0 2016.0 1 149 {-999.0 20.90878 20.81922 20.553665 20.534742} sdss_psfmag_from_gaiadr2 20.539694 20.918085 20.502726 -999.0 63050395165374511 1130021776 dark_flexible_3x1 bhm_gua_dark_d3 bhm_filler science 0 0 0.0 0.0 -999 ""
FIBERMAP 890 R+11C6 METROLOGY 0 0 0 1 0 0 -64.53153099918244 229.89639737771267 143.1 -197.52123263946757 -134.15402487944303 161.11844 66.99896 -999.0 -999.0 -999.0 -999.0 -999.0 198.49232172190474 -9.295015232637663 198.5070426730449 -9.441977123851236 55.055588190631404 297.7929889100713 -999.0 6231.0 -999.0 -1 -999 {-999.0 -999.0 -999.0 -999.0 -999.0} "" -999.0 -999.0 -999.0 -999.0 -999 -999 "" "" "" "" 0 0 0.0 0.0 -999 ""
FIBERMAP 892 R-3C17 APOGEE 0 0 0 1 0 0 91.62742265226734 -46.42283023587337 143.1 14.94140541917796 101.61959686096685 141.45369 102.65016 -999.0 -999.0 -999.0 -999.0 -999.0 199.14472422907951 -8.581634658855178 199.1589426625343 -8.72806608561483 55.10680854908815 299.4699685085422 -999.0 16600.0 -999.0 2 -999 {-999.0 -999.0 -999.0 -999.0 -999.0} "" -999.0 -999.0 -999.0 -999.0 -999 -999 "" "" "" "" 0 0 0.0 0.0 -999 ""
FIBERMAP 892 R-3C17 BOSS 1 1 0 1 0 0 91.95374719241858 -45.7325281149336 143.1 14.183255610129672 101.70995837008954 141.45369 102.65016 199.14230346679685 -8.581183149824739 -999.0 -999.0 -999.0 199.14228885550997 -8.581206808664785 199.15662291604667 -8.727735805322608 55.10483179171049 299.46785716342436 5400.0 5400.0 2015.5 1 298 {-999.0 -999.0 -999.0 -999.0 -999.0} "" -999.0 -999.0 -999.0 -999.0 27021603139618057 820071240 "" ops_sky_boss_good ops_sky sky_boss 0 0 0.0 0.0 -999 ""
FIBERMAP 892 R-3C17 METROLOGY 0 0 0 1 0 0 92.3722741144694 -46.354313697347735 143.1 14.640043107264066 102.30416426916389 141.45369 102.65016 -999.0 -999.0 -999.0 -999.0 -999.0 199.14372651429892 -8.579423854249356 199.15802642370522 -8.725924830415678 55.10474541608856 299.47184197057095 -999.0 6231.0 -999.0 -1 -999 {-999.0 -999.0 -999.0 -999.0 -999.0} "" -999.0 -999.0 -999.0 -999.0 -999 -999 "" "" "" "" 0 0 0.0 0.0 -999 ""
FIBERMAP 893 R+11C7 APOGEE 0 0 0 1 0 0 -42.659721973607354 200.30895182088517 143.1 -176.40604351528572 -104.02381760509796 256.9074 93.977234 -999.0 -999.0 -999.0 -999.0 -999.0 198.55695777248468 -9.204284248268246 198.57153791638575 -9.35113732200471 55.04898177683136 297.986260108957 -999.0 16600.0 -999.0 2 130 {-999.0 -999.0 -999.0 -999.0 -999.0} "" -999.0 -999.0 -999.0 -999.0 -999 -999 "" ops_sky_apogee_best_unassigned ops_sky sky_apogee 0 0 0.0 0.0 -999 ""
FIBERMAP 893 R+11C7 BOSS 1 1 0 1 0 0 -43.425811608489546 200.40044129315936 143.1 -176.24966809315407 -104.77930484768129 256.9074 93.977234 198.55728149414062 -9.206518333827944 -999.0 -999.0 -999.0 198.55727095029164 -9.20650563275596 198.5719717422122 -9.353451344900071 55.05075722597104 297.9835638691439 5400.0 5400.0 2015.5 1 117 {-999.0 -999.0 -999.0 -999.0 -999.0} "" -999.0 -999.0 -999.0 -999.0 27021603139611149 820070836 "" ops_sky_boss_good ops_sky sky_boss 0 0 0.0 0.0 -999 ""
FIBERMAP 893 R+11C7 METROLOGY 0 0 0 1 0 0 -42.94490905996412 201.00036518131176 143.1 -176.9711737861183 -104.51368029838262 256.9074 93.977234 -999.0 -999.0 -999.0 -999.0 -999.0 198.5550727888919 -9.20573323352058 198.56973876799566 -9.352654545482505 55.048536843482225 297.9822584274653 -999.0 6231.0 -999.0 -1 -999 {-999.0 -999.0 -999.0 -999.0 -999.0} "" -999.0 -999.0 -999.0 -999.0 -999 -999 "" "" "" "" 0 0 0.0 0.0 -999 ""
FIBERMAP 900 R-5C6 APOGEE 0 0 0 1 0 0 -126.3936602740206 -77.72289357375493 143.1 113.81455847398892 -95.18731278468822 146.62495 60.963936 -999.0 -999.0 -999.0 -999.0 -999.0 199.44806484555545 -9.178875215191617 199.46284314012792 -9.32494447942764 55.71760949107867 298.9931244461481 -999.0 16600.0 -999.0 2 -999 {-999.0 -999.0 -999.0 -999.0 -999.0} "" -999.0 -999.0 -999.0 -999.0 -999 -999 "" "" "" "" 0 0 0.0 0.0 -999 ""
FIBERMAP 900 R-5C6 BOSS 1 1 0 1 0 0 -125.61642319621525 -77.40116418692682 143.1 113.26280663817491 -94.552396683967 146.62495 60.963936 199.44630427156085 -9.176893380642584 -999.0 -999.0 -999.0 199.44631094716996 -9.17690353703051 199.46120196314837 -9.32306700678076 55.7151679828025 298.99389152650605 5400.0 5400.0 2016.0 1 484 {-999.0 22.20455 20.845364 20.325554 19.965382} sdss_fiber2mag_from_lsdr10 1e+20 1e+20 1e+20 -999.0 63050398344990983 1128412175 dark_flexible_3x1 bhm_spiders_clusters_lsdr10_d3 bhm_spiders science 0 0 0.0 0.0 -999 ""
FIBERMAP 900 R-5C6 METROLOGY 0 0 0 1 0 0 -125.76179624337799 -78.12320103505957 143.1 113.99362125948278 -94.46109773509279 146.62495 60.963936 -999.0 -999.0 -999.0 -999.0 -999.0 199.44859898320186 -9.176660713250318 199.46345782266178 -9.32279599039237 55.71672220180616 298.9967613151062 -999.0 6231.0 -999.0 -1 -999 {-999.0 -999.0 -999.0 -999.0 -999.0} "" -999.0 -999.0 -999.0 -999.0 -999 -999 "" "" "" "" 0 0 0.0 0.0 -999 ""
FIBERMAP 909 R+1C23 APOGEE 0 0 0 1 0 0 204.8475668862367 36.88788118059166 143.1 -99.99102061570532 182.54161574558395 159.71942 63.456608 -999.0 -999.0 -999.0 -999.0 -999.0 198.79292592840545 -8.33666587307023 198.8068737786142 -8.48344551755226 54.68267705984695 299.41154939964474 -999.0 16600.0 -999.0 2 -999 {-999.0 -999.0 -999.0 -999.0 -999.0} "" -999.0 -999.0 -999.0 -999.0 -999 -999 "" "" "" "" 0 0 0.0 0.0 -999 ""
FIBERMAP 909 R+1C23 BOSS 1 1 0 1 0 0 205.38324080400534 37.3905665056522 143.1 -100.63770154125437 182.89003800897342 159.71942 63.456608 198.79099444056277 -8.335323540897127 -67.026924 -40.27071 1.5588604 198.7908095986517 -8.335474014572183 198.80487433364613 -8.482352556805727 54.68045683822306 299.4108238016486 5400.0 5400.0 2016.0 1 190 {-999.0 18.478401 17.521172 16.493095 -999.0} sdss_psfmag_ps1 18.010878 17.10318 16.181618 14.424 63050395165389473 1136359990 dark_flexible_3x1 mwm_halo_local_high_boss_triple mwm_halo science 0 0 0.0 0.0 -999 ""
FIBERMAP 909 R+1C23 METROLOGY 0 0 0 1 0 0 205.56515714033813 36.676782994870536 143.1 -100.01858389675444 183.28907279782544 159.71942 63.456608 -999.0 -999.0 -999.0 -999.0 -999.0 198.79272631830548 -8.33426979110818 198.80675697366587 -8.481119392282476 54.68110444550012 299.41452090512735 -999.0 6231.0 -999.0 -1 -999 {-999.0 -999.0 -999.0 -999.0 -999.0} "" -999.0 -999.0 -999.0 -999.0 -999 -999 "" "" "" "" 0 0 0.0 0.0 -999 ""
FIBERMAP 911 R+5C9 APOGEE 0 0 0 1 0 0 -51.67508544673042 75.67243011847218 143.1 -55.35713981820201 -73.01726714405842 352.3342 27.09623 -999.0 -999.0 -999.0 -999.0 -999.0 198.92824587282735 -9.111475051026789 198.94284242541676 -9.25801779908916 55.27680338712299 298.5144333675592 -999.0 16600.0 -999.0 2 43 {-999.0 -999.0 -999.0 -999.0 -999.0} "" -999.0 -999.0 -999.0 -999.0 -999 -999 "" ops_sky_apogee_best_unassigned ops_sky sky_apogee 0 0 0.0 0.0 -999 ""
FIBERMAP 911 R+5C9 BOSS 1 1 0 1 0 0 -52.37373455251058 75.45418986339973 143.1 -54.92846369140552 -73.6105054560463 352.3342 27.09623 198.929443359375 -9.113239668289381 -999.0 -999.0 -999.0 198.9294128251897 -9.113225906079585 198.94412823810183 -9.259860576928913 55.27894790463278 298.5133128032921 5400.0 5400.0 2015.5 1 77 {-999.0 -999.0 -999.0 -999.0 -999.0} "" -999.0 -999.0 -999.0 -999.0 27021603139608536 820070635 "" ops_sky_boss_good ops_sky sky_boss 0 0 0.0 0.0 -999 ""
FIBERMAP 911 R+5C9 METROLOGY 0 0 0 1 0 0 -52.238699732722374 76.1671080189516 143.1 -55.64735042184055 -73.7087137570491 352.3342 27.09623 -999.0 -999.0 -999.0 -999.0 -999.0 198.92723082285207 -9.113553112500425 198.94191277427467 -9.260163240942022 55.277435424816034 298.5104899869256 -999.0 6231.0 -999.0 -1 -999 {-999.0 -999.0 -999.0 -999.0 -999.0} "" -999.0 -999.0 -999.0 -999.0 -999 -999 "" "" "" "" 0 0 0.0 0.0 -999 ""
FIBERMAP 913 R-2C5 APOGEE 1 1 0 1 0 0 -169.5100956678829 -23.30991935169924 143.1 75.90066503760453 -153.34172288625413 94.76456 74.23106 199.33143241134513 -9.355049025133438 -1.7115209 -4.780039 0.42633262 199.33144910618878 -9.355048211511063 199.3463441089591 -9.50119594634394 55.7393516554688 298.62146569183346 16000.0 16600.0 2016.0 2 287 {-999.0 14.117006 13.327794 13.020419 -999.0} sdss_psfmag_from_g3xp 13.895503 13.358119 12.6679735 11.188 63050395165367597 1110731825 bright_flexible_3x1 mwm_tess_rgb_apogee mwm_tessrgb science 0 0 0.0 0.0 -999 ""
FIBERMAP 913 R-2C5 BOSS 0 0 0 1 0 0 -168.7979880653411 -23.448987753433215 143.1 75.80653886017473 -152.62232464654582 94.76456 74.23106 -999.0 -999.0 -999.0 -999.0 -999.0 199.33107739227432 -9.352839450772304 199.34608569214333 -9.49907953154368 55.73782438340626 298.62410730691215 -999.0 5400.0 -999.0 1 471 {-999.0 -999.0 -999.0 -999.0 -999.0} "" -999.0 -999.0 -999.0 -999.0 -999 -999 "" "" "" "" 0 0 0.0 0.0 -999 ""
FIBERMAP 913 R-2C5 METROLOGY 0 0 0 1 0 0 -169.26289264560575 -24.017600696815038 143.1 76.49327644278175 -152.8827160188488 94.76456 74.23106 -999.0 -999.0 -999.0 -999.0 -999.0 199.33322722482137 -9.353669261363152 199.34820409685256 -9.499881303478132 55.73995392705929 298.62532933417253 -999.0 6231.0 -999.0 -1 -999 {-999.0 -999.0 -999.0 -999.0 -999.0} "" -999.0 -999.0 -999.0 -999.0 -999 -999 "" "" "" "" 0 0 0.0 0.0 -999 ""
FIBERMAP 915 R+5C16 APOGEE 0 0 0 1 0 0 89.48112670826671 92.01939406563326 143.1 -115.65654656939856 55.64743306392825 199.03423 122.51416 -999.0 -999.0 -999.0 -999.0 -999.0 198.74373121609685 -8.720703410506319 198.75797272644104 -8.867467300191905 54.889071846665274 298.8437145033366 -999.0 16600.0 -999.0 2 68 {-999.0 -999.0 -999.0 -999.0 -999.0} "" -999.0 -999.0 -999.0 -999.0 -999 -999 "" ops_sky_apogee_best_unassigned ops_sky sky_apogee 0 0 0.0 0.0 -999 ""
FIBERMAP 915 R+5C16 BOSS 1 1 0 1 0 0 88.90870256965765 92.48778952928573 143.1 -115.91903865848266 54.9559735910338 199.03423 122.51416 198.7427832589281 -8.722705609017876 -16.631786 -0.08073852 0.41135645 198.74274505012278 -8.722676960436326 198.75710615254263 -8.869536590998086 54.889715050933766 298.8399849512286 5400.0 5400.0 2016.0 1 222 {-999.0 16.767412 16.494534 16.51229 -999.0} sdss_psfmag_ps1 16.69726 16.39126 15.934449 15.285 63050395165387513 976172765 "" ops_std_boss ops_std standard_boss 0 0 0.0 0.0 -999 ""
FIBERMAP 915 R+5C16 METROLOGY 0 0 0 1 0 0 89.59524780656014 92.75193607340334 143.1 -116.38740448465295 55.523165181342165 199.03423 122.51416 -999.0 -999.0 -999.0 -999.0 -999.0 198.74133505066823 -8.72097609933985 198.75566098528236 -8.867810254885974 54.887517658549314 298.84074393714457 -999.0 6231.0 -999.0 -1 -999 {-999.0 -999.0 -999.0 -999.0 -999.0} "" -999.0 -999.0 -999.0 -999.0 -999 -999 "" "" "" "" 0 0 0.0 0.0 -999 ""
FIBERMAP 922 R-1C18 APOGEE 0 0 0 1 0 0 108.2288961894459 -13.201883302971352 143.1 -21.829414415105308 106.81888266524759 5.99956 147.34886 -999.0 -999.0 -999.0 -999.0 -999.0 199.0318766467384 -8.565776500740482 199.0460577772675 -8.712310536490369 55.01078066716679 299.36701355203155 -999.0 16600.0 -999.0 2 212 {-999.0 -999.0 -999.0 -999.0 -999.0} "" -999.0 -999.0 -999.0 -999.0 -999 -999 "" ops_sky_apogee_best_unassigned ops_sky sky_apogee 0 0 0.0 0.0 -999 ""
FIBERMAP 922 R-1C18 BOSS 1 1 0 1 0 0 108.84369629579365 -13.644161868191416 143.1 -21.605136626463004 107.54223691221057 5.99956 147.34886 199.0324692159497 -8.563422617805026 -2.919111 3.118893 -0.10813679 199.03243907617286 -8.563431094043425 199.04673545703247 -8.71006053687656 55.00986421756433 299.3707826802906 5400.0 5400.0 2016.0 1 301 {-999.0 20.95398 20.864592 20.638596 20.623007} sdss_psfmag_from_gaiadr2 20.357073 20.93699 20.267294 -999.0 63050395165387734 1130021972 dark_flexible_3x1 bhm_gua_dark_d3 bhm_filler science 0 0 0.0 0.0 -999 ""
FIBERMAP 922 R-1C18 METROLOGY 0 0 0 1 0 0 108.15652412502548 -13.939815517844945 143.1 -21.10669492948421 106.98445012469716 5.99956 147.34886 -999.0 -999.0 -999.0 -999.0 -999.0 199.03399793722974 -8.565139555810035 199.04826286350465 -8.711740273259329 55.01209799122414 299.3702010631667 -999.0 6231.0 -999.0 -1 -999 {-999.0 -999.0 -999.0 -999.0 -999.0} "" -999.0 -999.0 -999.0 -999.0 -999 -999 "" "" "" "" 0 0 0.0 0.0 -999 ""
FIBERMAP 923 R+4C16 APOGEE 0 0 0 1 0 0 104.16450850319956 77.6847044211852 143.1 -106.72355801054475 74.12043482903609 11.743729 105.30491 -999.0 -999.0 -999.0 -999.0 -999.0 198.7712543591797 -8.664710608717161 198.7854575668631 -8.811458968870204 54.874706267438626 298.9489969651055 -999.0 16600.0 -999.0 2 -999 {-999.0 -999.0 -999.0 -999.0 -999.0} "" -999.0 -999.0 -999.0 -999.0 -999 -999 "" "" "" "" 0 0 0.0 0.0 -999 ""
FIBERMAP 923 R+4C16 BOSS 1 1 0 1 0 0 104.51550083554565 77.00191469562536 143.1 -106.18748955899576 74.66996110045393 11.743729 105.30491 198.7730322113279 -8.663004704331097 -100.35513 26.906445 17.9895 198.77273079209075 -8.662913370445736 198.78705104497976 -8.80975612427771 54.87484809588205 298.9530204733803 5400.0 5400.0 2016.0 1 219 {-999.0 22.293692 20.634134 17.967903 -999.0} sdss_psfmag_ps1 20.900526 18.459534 16.952911 13.743 63050395165387543 1151139320 dark_1x1 mwm_snc_100pc_boss_single mwm_snc science 0 0 0.0 0.0 -999 ""
FIBERMAP 923 R+4C16 METROLOGY 0 0 0 1 0 0 103.76848235404951 77.0501482723808 143.1 -105.99614887999685 73.94628622524247 11.743729 105.30491 -999.0 -999.0 -999.0 -999.0 -999.0 198.7733335902514 -8.665127537092427 198.7876222489864 -8.811942379253694 54.876668589140884 298.9506989096725 -999.0 6231.0 -999.0 -1 -999 {-999.0 -999.0 -999.0 -999.0 -999.0} "" -999.0 -999.0 -999.0 -999.0 -999 -999 "" "" "" "" 0 0 0.0 0.0 -999 ""
FIBERMAP 924 R-11C4 APOGEE 0 0 1 1 0 0 -100.56481115531393 -205.78881244789721 143.1 227.05703515943134 -30.05104114845823 11.3101425 171.13408 -999.0 -999.0 -999.0 -999.0 -999.0 199.79452160706307 -8.98097458197989 199.80921799399016 -9.126758774562068 55.85583512379776 299.65156005825133 -999.0 16600.0 -999.0 2 178 {-999.0 -999.0 -999.0 -999.0 -999.0} "" -999.0 -999.0 -999.0 -999.0 -999 -999 "" ops_sky_apogee_best_unassigned ops_sky sky_apogee 0 0 0.0 0.0 -999 ""
FIBERMAP 924 R-11C4 BOSS 1 0 1 1 0 0 -99.82325360281598 -205.7358953548326 143.1 226.7715105418256 -29.364646479664195 11.3101425 171.13408 199.84002756742439 -8.947385958579815 -999.0 -999.0 -999.0 199.79357532572436 -8.978810067680605 199.80838299115817 -9.124688261725314 55.85387873984517 299.65346168954727 5400.0 5400.0 2016.0 1 424 {-999.0 nan nan nan nan} undefined 1e+20 1e+20 1e+20 -999.0 63050399059900191 1131650974 dark_flexible_3x1 bhm_spiders_agn_lsdr10_d3 bhm_spiders science 0 0 0.0 0.0 -999 ""
FIBERMAP 924 R-11C4 METROLOGY 0 0 1 1 0 0 -100.14939504804892 -206.4120512743642 143.1 227.51618797690625 -29.45932389723391 11.3101425 171.13408 -999.0 -999.0 -999.0 -999.0 -999.0 199.79591247481883 -8.97912362525947 199.81068883501587 -9.124973327864225 55.85581305356663 299.6556602886435 -999.0 6231.0 -999.0 -1 -999 {-999.0 -999.0 -999.0 -999.0 -999.0} "" -999.0 -999.0 -999.0 -999.0 -999 -999 "" "" "" "" 0 0 0.0 0.0 -999 ""
FIBERMAP 926 R+12C11 APOGEE 0 0 0 1 0 0 75.74563334828287 244.24570442984992 143.1 -255.64736254772848 -5.688900550766102 62.41404 108.648445 -999.0 -999.0 -999.0 -999.0 -999.0 198.3157341187537 -8.905719402721708 198.33002349578055 -9.052825452732339 54.676583853869985 298.13315275958576 -999.0 16600.0 -999.0 2 -999 {-999.0 -999.0 -999.0 -999.0 -999.0} "" -999.0 -999.0 -999.0 -999.0 -999 -999 "" "" "" "" 0 0 0.0 0.0 -999 ""
FIBERMAP 926 R+12C11 BOSS 1 1 0 1 0 0 76.50222793713836 244.1311253551954 143.1 -255.77882963256968 -4.935089207619929 62.41404 108.648445 198.31520407215623 -8.903321436283038 -0.08295674 -0.39107504 0.8666597 198.3152096432555 -8.903342910557878 198.32961716712816 -9.050544661405697 54.67484575097705 298.1357995219132 5400.0 5400.0 2016.0 1 107 {-999.0 20.1981 19.819654 19.76129 19.755833} sdss_psfmag_from_lsdr10 20.216955 19.901972 19.32176 -999.0 63050395165377388 1131650950 dark_flexible_3x1 bhm_spiders_agn_lsdr10_d3 bhm_spiders science 0 0 0.0 0.0 -999 ""
FIBERMAP 926 R+12C11 METROLOGY 0 0 0 1 0 0 76.0130615903085 243.54714852502684 143.1 -255.06982323179216 -5.2136110411453185 62.41404 108.648445 -999.0 -999.0 -999.0 -999.0 -999.0 198.31734873305766 -8.904219989055763 198.33172338467136 -9.051392878514505 54.67699982808643 298.13690124869953 -999.0 6231.0 -999.0 -1 -999 {-999.0 -999.0 -999.0 -999.0 -999.0} "" -999.0 -999.0 -999.0 -999.0 -999 -999 "" "" "" "" 0 0 0.0 0.0 -999 ""
FIBERMAP 928 R-10C10 APOGEE 0 0 0 1 0 0 29.647797791869003 -210.56126973050905 143.1 190.2574467433397 94.93888251222454 327.42136 77.29883 -999.0 -999.0 -999.0 -999.0 -999.0 199.68168022190838 -8.602531170409316 199.6960332344314 -8.748475733478584 55.527632744046066 300.03978987330674 -999.0 16600.0 -999.0 2 -999 {-999.0 -999.0 -999.0 -999.0 -999.0} "" -999.0 -999.0 -999.0 -999.0 -999 -999 "" "" "" "" 0 0 0.0 0.0 -999 ""
FIBERMAP 928 R-10C10 BOSS 1 1 0 1 0 0 29.104828252542994 -211.0710622078466 143.1 190.9131824770978 94.58579768026792 327.42136 77.29883 199.68365496399917 -8.60351468762875 0.38277757 -0.40906668 -0.20031051 199.68361324179264 -8.60348623775447 199.69808150943527 -8.74952349986286 55.52985695941798 300.040671586645 5400.0 5400.0 2016.0 1 403 {-999.0 19.935808 19.67994 19.449614 19.262526} sdss_psfmag_from_gaiadr2 19.909056 19.716225 19.08436 -999.0 63050395165382431 1130021904 dark_flexible_3x1 bhm_gua_dark_d3 bhm_filler science 0 0 0.0 0.0 -999 ""
FIBERMAP 928 R-10C10 METROLOGY 0 0 0 1 0 0 28.922190727280277 -210.37963106553096 143.1 190.31548955305487 94.19317290946482 327.42136 77.29883 -999.0 -999.0 -999.0 -999.0 -999.0 199.68185480293724 -8.60468420498084 199.69629137379957 -8.750696074899254 55.529255632358065 300.0370749582937 -999.0 6231.0 -999.0 -1 -999 {-999.0 -999.0 -999.0 -999.0 -999.0} "" -999.0 -999.0 -999.0 -999.0 -999 -999 "" "" "" "" 0 0 0.0 0.0 -999 ""
FIBERMAP 929 R-3C18 APOGEE 0 0 0 1 0 0 113.81959808974082 -67.43002597293491 143.1 27.818620067341 129.3305110089617 224.52606 117.13952 -999.0 -999.0 -999.0 -999.0 -999.0 199.18426465935912 -8.49771860168783 199.19842360793552 -8.644127619947248 55.08324440211196 299.62641034047084 -999.0 16600.0 -999.0 2 217 {-999.0 -999.0 -999.0 -999.0 -999.0} "" -999.0 -999.0 -999.0 -999.0 -999 -999 "" ops_sky_apogee_best_unassigned ops_sky sky_apogee 0 0 0.0 0.0 -999 ""
FIBERMAP 929 R-3C18 BOSS 1 1 0 1 0 0 113.1069462860178 -67.2052543579098 143.1 27.831650094587577 128.5833973998982 224.52606 117.13952 199.18420568245543 -8.499825314728168 0.74552864 -0.57908636 -2.6046975 199.18420182127306 -8.49982220981584 199.1984788232662 -8.646326614768027 55.08469232356496 299.6235172682673 5400.0 5400.0 2016.0 1 309 {-999.0 21.026003 20.679148 20.35318 20.081537} sdss_psfmag_from_gaiadr2 20.767824 20.769312 19.739517 -999.0 63050395165388458 1130021983 dark_flexible_3x1 bhm_gua_dark_d3 bhm_filler science 0 0 0.0 0.0 -999 ""
FIBERMAP 929 R-3C18 METROLOGY 0 0 0 1 0 0 113.67025123133872 -66.69759618515891 143.1 27.17148445896096 128.95644282458724 224.52606 117.13952 -999.0 -999.0 -999.0 -999.0 -999.0 199.18221258470223 -8.498703756508199 199.19645528567037 -8.645183004576097 55.08242290256572 299.6228189868691 -999.0 6231.0 -999.0 -1 -999 {-999.0 -999.0 -999.0 -999.0 -999.0} "" -999.0 -999.0 -999.0 -999.0 -999 -999 "" "" "" "" 0 0 0.0 0.0 -999 ""
FIBERMAP 931 R+4C2 APOGEE 0 0 0 1 0 0 -236.50449837767755 85.37292438374016 143.1 -5.897066022678409 -251.36207190039423 158.0304 105.643585 -999.0 -999.0 -999.0 -999.0 -999.0 199.07989412647498 -9.650546382857891 199.09496642752788 -9.796874367277242 55.730360635634206 297.9364213018319 -999.0 16600.0 -999.0 2 -999 {-999.0 -999.0 -999.0 -999.0 -999.0} "" -999.0 -999.0 -999.0 -999.0 -999 -999 "" "" "" "" 0 0 0.0 0.0 -999 ""
FIBERMAP 931 R+4C2 BOSS 1 1 0 1 0 0 -236.42601588481347 86.12109965585346 143.1 -6.63143782672805 -251.52509589262587 158.0304 105.643585 199.0774491040537 -9.650864636480602 20.335604 -38.989216 1.9952911 199.07752341656672 -9.650958513982992 199.09271163126493 -9.797379199211775 55.72893196615447 297.93326908413894 5400.0 5400.0 2016.0 1 74 {-999.0 19.729218 19.859886 19.830341 -999.0} sdss_psfmag_ps1 19.720306 19.648804 19.557604 -999.0 63050395165367210 1143554028 dark_1x3 mwm_wd_pwd_boss_1x3 mwm_wd science 0 0 0.0 0.0 -999 ""
FIBERMAP 931 R+4C2 METROLOGY 0 0 0 1 0 0 -235.82864962861046 85.69343442286618 143.1 -6.415484345636807 -250.82291123618674 158.0304 105.643585 -999.0 -999.0 -999.0 -999.0 -999.0 199.07821933861803 -9.648921055387977 199.09337314018865 -9.795315740369617 55.72816218038774 297.93686059023986 -999.0 6231.0 -999.0 -1 -999 {-999.0 -999.0 -999.0 -999.0 -999.0} "" -999.0 -999.0 -999.0 -999.0 -999 -999 "" "" "" "" 0 0 0.0 0.0 -999 ""
FIBERMAP 933 R+1C7 APOGEE 0 0 0 1 0 0 -145.20453800759807 27.161401803806985 143.1 20.32700103930731 -146.31165858540345 13.117396 169.77864 -999.0 -999.0 -999.0 -999.0 -999.0 199.16073248701343 -9.333846982463374 199.1755668811801 -9.480150429911776 55.594960361824484 298.4632161610397 -999.0 16600.0 -999.0 2 14 {-999.0 -999.0 -999.0 -999.0 -999.0} "" -999.0 -999.0 -999.0 -999.0 -999 -999 "" ops_sky_apogee_best_unassigned ops_sky sky_apogee 0 0 0.0 0.0 -999 ""
FIBERMAP 933 R+1C7 BOSS 1 1 0 1 0 0 -144.44507161632762 27.236824218962763 143.1 20.014451877942342 -145.61542412973634 13.117396 169.77864 199.15965464631503 -9.331712169209473 -999.0 -999.0 -999.0 199.1596670577778 -9.33171337545939 199.17461544125 -9.4781100656837 55.59295061746017 298.4649900569408 5400.0 5400.0 2016.0 1 21 {-999.0 22.130573 20.727179 20.185776 19.817806} sdss_fiber2mag_from_lsdr10 1e+20 1e+20 1e+20 -999.0 63050399059940953 1128412136 dark_flexible_3x1 bhm_spiders_clusters_lsdr10_d3 bhm_spiders science 0 0 0.0 0.0 -999 ""
FIBERMAP 933 R+1C7 METROLOGY 0 0 0 1 0 0 -144.77847371513715 26.552812227586465 143.1 20.768883193445834 -145.71449327520997 13.117396 169.77864 -999.0 -999.0 -999.0 -999.0 -999.0 199.1620211833935 -9.33205649342759 199.1769375593923 -9.478424969007074 55.5949330625794 298.46709529457223 -999.0 6231.0 -999.0 -1 -999 {-999.0 -999.0 -999.0 -999.0 -999.0} "" -999.0 -999.0 -999.0 -999.0 -999 -999 "" "" "" "" 0 0 0.0 0.0 -999 ""
FIBERMAP 937 R+8C19 APOGEE 1 1 0 1 0 0 188.2232544992677 172.8558332942406 143.1 -223.6478843591282 123.62579051433671 205.0528 15.081274 198.41483185080452 -8.514759334026325 -21.137825 -25.316862 3.4492404 198.4147589381261 -8.514791434677804 198.42876725683698 -8.661872170283436 54.506963830485496 298.7639890805791 16000.0 16600.0 2016.0 2 101 {-999.0 12.446248 12.029471 11.906402 -999.0} sdss_psfmag_from_g3xp 12.3732605 12.05472 11.573732 10.731 63050395165378164 974990599 "" ops_std_apogee ops_std standard_apogee 0 0 0.0 0.0 -999 ""
FIBERMAP 937 R+8C19 BOSS 0 0 0 1 0 0 188.79105258133688 173.35492605586987 143.1 -224.3013537356781 124.00581497155416 205.0528 15.081274 -999.0 -999.0 -999.0 -999.0 -999.0 198.4126493517339 -8.51354316042411 198.42677614907836 -8.660722422434509 54.50471148596499 298.7633839042302 -999.0 5400.0 -999.0 1 175 {-999.0 -999.0 -999.0 -999.0 -999.0} "" -999.0 -999.0 -999.0 -999.0 -999 -999 "" "" "" "" 0 0 0.0 0.0 -999 ""
FIBERMAP 937 R+8C19 METROLOGY 0 0 0 1 0 0 188.93472186142853 172.61481766734462 143.1 -223.64513495047223 124.37693627035331 205.0528 15.081274 -999.0 -999.0 -999.0 -999.0 -999.0 198.4146445288921 -8.512426049004404 198.4287369009786 -8.659576414292678 54.505490892214645 298.76702243022464 -999.0 6231.0 -999.0 -1 -999 {-999.0 -999.0 -999.0 -999.0 -999.0} "" -999.0 -999.0 -999.0 -999.0 -999 -999 "" "" "" "" 0 0 0.0 0.0 -999 ""
FIBERMAP 939 R+2C6 APOGEE 0 0 0 1 0 0 -149.9436950946956 19.774768840167102 143.1 28.835493299814537 -148.46133837524974 342.61346 51.773502 -999.0 -999.0 -999.0 -999.0 -999.0 199.18687675689924 -9.340357013218865 199.20172308028862 -9.486636200615962 55.61913068176166 298.48288482797903 -999.0 16600.0 -999.0 2 -999 {-999.0 -999.0 -999.0 -999.0 -999.0} "" -999.0 -999.0 -999.0 -999.0 -999 -999 "" "" "" "" 0 0 0.0 0.0 -999 ""
FIBERMAP 939 R+2C6 BOSS 1 1 0 1 0 0 -150.53606393783699 19.343004644467637 143.1 29.432915679087653 -148.88603011171847 342.61346 51.773502 199.1886179616677 -9.341632465160984 0.098577574 -0.095934756 0.28984183 199.1886086275586 -9.341614665376271 199.2035722851232 -9.487984018202441 55.621396666664005 298.48304885082166 5400.0 5400.0 2016.0 1 49 {-999.0 19.653673 19.418776 19.455994 19.55953} sdss_psfmag_from_lsdr10 19.54004 19.443338 19.31247 -999.0 63050395165368968 1131648984 dark_flexible_3x1 bhm_spiders_agn_lsdr10_d3 bhm_spiders science 0 0 0.0 0.0 -999 ""
FIBERMAP 939 R+2C6 METROLOGY 0 0 0 1 0 0 -150.62389943153178 20.085928408468284 143.1 28.756307416914453 -149.20510001405415 342.61346 51.773502 -999.0 -999.0 -999.0 -999.0 -999.0 199.1865639623749 -9.342622836919679 199.20149509984094 -9.48896781668204 55.62041652651899 298.479417465317 -999.0 6231.0 -999.0 -1 -999 {-999.0 -999.0 -999.0 -999.0 -999.0} "" -999.0 -999.0 -999.0 -999.0 -999 -999 "" "" "" "" 0 0 0.0 0.0 -999 ""
FIBERMAP 947 R+11C15 APOGEE 0 0 0 1 0 0 159.96169536372557 212.1784529979119 143.1 -251.96664965084963 84.34682606976025 4.2351913 108.16303 -999.0 -999.0 -999.0 -999.0 -999.0 198.32803079509247 -8.633456187648935 198.34211229029586 -8.780593243521194 54.515266697887064 298.5122287559768 -999.0 16600.0 -999.0 2 -999 {-999.0 -999.0 -999.0 -999.0 -999.0} "" -999.0 -999.0 -999.0 -999.0 -999 -999 "" "" "" "" 0 0 0.0 0.0 -999 ""
FIBERMAP 947 R+11C15 BOSS 1 1 0 1 0 0 160.25757425136683 211.52063954119834 143.1 -251.43677401733495 84.83616387953111 4.2351913 108.16303 198.32953546038667 -8.631877654641135 1.6323296 0.3317043 0.5852053 198.32952770596347 -8.631882087018603 198.3437285181452 -8.779114189447505 54.51557850774529 298.51594025034336 5400.0 5400.0 2016.0 1 186 {-999.0 20.419292 20.126146 20.101744 20.128033} sdss_psfmag_from_lsdr10 20.42593 20.163206 19.785952 -999.0 63050395165378107 1131653007 dark_flexible_3x1 bhm_spiders_agn_lsdr10_d3 bhm_spiders science 0 0 0.0 0.0 -999 ""
FIBERMAP 947 R+11C15 METROLOGY 0 0 0 1 0 0 159.50813276698165 211.58365959879671 143.1 -251.25868577513464 84.10549863640406 4.2351913 108.16303 -999.0 -999.0 -999.0 -999.0 -999.0 198.33004262669735 -8.634101461340286 198.3442111981526 -8.781305544249669 54.517327462915205 298.5135218072678 -999.0 6231.0 -999.0 -1 -999 {-999.0 -999.0 -999.0 -999.0 -999.0} "" -999.0 -999.0 -999.0 -999.0 -999 -999 "" "" "" "" 0 0 0.0 0.0 -999 ""
FIBERMAP 949 R+1C19 APOGEE 0 0 0 1 0 0 140.788475675674 14.081916134559048 143.1 -58.03484707496523 129.03484091461337 20.784822 74.05758 -999.0 -999.0 -999.0 -999.0 -999.0 198.92092871587496 -8.498407743031517 198.93503198476208 -8.645050090033566 54.88332450309872 299.33562663561935 -999.0 16600.0 -999.0 2 -999 {-999.0 -999.0 -999.0 -999.0 -999.0} "" -999.0 -999.0 -999.0 -999.0 -999 -999 "" "" "" "" 0 0 0.0 0.0 -999 ""
FIBERMAP 949 R+1C19 BOSS 1 1 0 1 0 0 140.87644651895792 13.341573876855705 143.1 -57.36072970533606 129.35321987992376 20.784822 74.05758 198.92253389861492 -8.497248903246934 2.3247895 -12.333526 0.22591716 198.9228533441762 -8.497288830225544 198.9370736866564 -8.64402562666235 54.88422865517378 299.33923417320034 5400.0 5400.0 2016.0 1 241 {-999.0 15.211214 14.734209 14.530981 -999.0} sdss_psfmag_from_g3xp 15.107076 14.740283 14.191564 13.131 63050395165387841 1150897093 dark_flexible_3x1 manual_mwm_halo_mp_wise_boss_triple mwm_halo science 0 0 1.1619623899459839 0.0 -999 ""
FIBERMAP 949 R+1C19 METROLOGY 0 0 0 1 0 0 140.1742818839967 13.654992015937054 143.1 -57.435087836663904 128.587917391536 20.784822 74.05758 -999.0 -999.0 -999.0 -999.0 -999.0 198.9226471310005 -8.499618823117466 198.93683597624886 -8.64632823912617 54.885513571025655 299.3358873549708 -999.0 6231.0 -999.0 -1 -999 {-999.0 -999.0 -999.0 -999.0 -999.0} "" -999.0 -999.0 -999.0 -999.0 -999 -999 "" "" "" "" 0 0 0.0 0.0 -999 ""
FIBERMAP 952 R+4C8 APOGEE 0 0 0 1 0 0 -77.81192085645665 60.33117813804015 143.1 -32.514701346329616 -92.93296319727436 2.9712918 44.980713 -999.0 -999.0 -999.0 -999.0 -999.0 198.99841280327394 -9.171994984024247 199.01307524185677 -9.31846670172302 55.368702403796554 298.50814729198 -999.0 16600.0 -999.0 2 -999 {-999.0 -999.0 -999.0 -999.0 -999.0} "" -999.0 -999.0 -999.0 -999.0 -999 -999 "" "" "" "" 0 0 0.0 0.0 -999 ""
FIBERMAP 952 R+4C8 BOSS 1 1 0 1 0 0 -78.30469456977505 59.77917587219066 143.1 -31.834870263535443 -93.22505340364637 2.9712918 44.980713 199.00036205750095 -9.172836754186454 0.31358045 0.23975411 0.12772831 199.0003672477136 -9.17284312067208 199.01514766287596 -9.31940584955984 55.37088414095549 298.50911805478347 5400.0 5400.0 2016.0 1 33 {-999.0 20.105232 19.8796 19.68151 19.524916} sdss_psfmag_from_gaiadr2 20.173449 19.899256 19.425978 -999.0 63050395165369533 1130021713 dark_flexible_3x1 bhm_gua_dark_d3 bhm_filler science 0 0 0.0 0.0 -999 ""
FIBERMAP 952 R+4C8 METROLOGY 0 0 0 1 0 0 -78.54280144807578 60.49027489347713 143.1 -32.43360932265098 -93.6765194245386 2.9712918 44.980713 -999.0 -999.0 -999.0 -999.0 -999.0 198.99855521170988 -9.174244660254473 199.01330321904902 -9.32078245935549 55.37033037199646 298.5052222517936 -999.0 6231.0 -999.0 -1 -999 {-999.0 -999.0 -999.0 -999.0 -999.0} "" -999.0 -999.0 -999.0 -999.0 -999 -999 "" "" "" "" 0 0 0.0 0.0 -999 ""
FIBERMAP 953 R+4C11 APOGEE 0 0 0 1 1 0 -42.97522783270831 74.04365189493714 143.1 -56.57367889530342 -64.25062744814733 247.5837 44.217342 -999.0 -999.0 -999.0 -999.0 -999.0 198.92452929761825 -9.08487135618178 198.93910354573484 -9.231421391458387 55.257234447428154 298.5467034603881 -999.0 16600.0 -999.0 2 -999 {-999.0 -999.0 -999.0 -999.0 -999.0} "" -999.0 -999.0 -999.0 -999.0 -999 -999 "" "" "" "" 0 0 0.0 0.0 -999 ""
FIBERMAP 953 R+4C11 BOSS 1 0 0 1 1 0 -43.25486808054478 74.78662433697183 143.1 -57.189460920679856 -64.75159342402205 247.5837 44.217342 198.93905639648435 -9.045952480247607 -999.0 -999.0 -999.0 198.9224847050636 -9.086332227287462 198.9371768524428 -9.232977185707503 55.25673131918978 298.5424834221974 5400.0 5400.0 2015.5 1 118 {-999.0 -999.0 -999.0 -999.0 -999.0} "" -999.0 -999.0 -999.0 -999.0 27021603139608562 811720047 "" ops_sky_boss_good ops_sky sky_boss 0 0 0.0 0.0 -999 ""
FIBERMAP 953 R+4C11 METROLOGY 0 0 0 1 1 0 -42.52793996329909 74.64317819016985 143.1 -57.28413939534158 -64.01675214527587 247.5837 44.217342 -999.0 -999.0 -999.0 -999.0 -999.0 198.9222234229668 -9.084134037832024 198.9368805232807 -9.230753112935194 55.25510712892623 298.54519835759436 -999.0 6231.0 -999.0 -1 -999 {-999.0 -999.0 -999.0 -999.0 -999.0} "" -999.0 -999.0 -999.0 -999.0 -999 -999 "" "" "" "" 0 0 0.0 0.0 -999 ""
FIBERMAP 955 R-1C19 APOGEE 0 0 0 1 1 0 136.40327419350868 -12.454986193074813 143.1 -31.479269141386897 133.298456019128 40.69061 104.118225 -999.0 -999.0 -999.0 -999.0 -999.0 199.0023843923361 -8.48554621461886 199.01649471834946 -8.632118619965336 54.937154627406905 299.442237570839 -999.0 16600.0 -999.0 2 -999 {-999.0 -999.0 -999.0 -999.0 -999.0} "" -999.0 -999.0 -999.0 -999.0 -999 -999 "" "" "" "" 0 0 0.0 0.0 -999 ""
FIBERMAP 955 R-1C19 BOSS 0 0 0 1 1 0 136.99430109245156 -12.873362918061606 143.1 -31.270111674176302 133.99168146073546 40.69061 104.118225 -999.0 -999.0 -999.0 -999.0 -999.0 199.00289712788927 -8.48328856393623 199.01712295021662 -8.629956802856814 54.93625438020324 299.4458256102151 -999.0 5400.0 -999.0 1 302 {-999.0 -999.0 -999.0 -999.0 -999.0} "" -999.0 -999.0 -999.0 -999.0 -999 -999 "" "" "" "" 0 0 0.0 0.0 -999 ""
FIBERMAP 955 R-1C19 METROLOGY 0 0 0 1 1 0 136.34311480387373 -13.200559170478666 143.1 -30.753180125706574 133.4780291816999 40.69061 104.118225 -999.0 -999.0 -999.0 -999.0 -999.0 199.00451009743287 -8.484857292310691 199.018704303003 -8.631496669125589 54.938440663800264 299.4454966429174 -999.0 6231.0 -999.0 -1 -999 {-999.0 -999.0 -999.0 -999.0 -999.0} "" -999.0 -999.0 -999.0 -999.0 -999 -999 "" "" "" "" 0 0 0.0 0.0 -999 ""
FIBERMAP 960 R+13C6 APOGEE 0 0 0 1 0 0 -47.77437764071449 257.33427374105963 143.1 -228.85761009432832 -126.97176160533333 174.63818 102.40348 -999.0 -999.0 -999.0 -999.0 -999.0 198.39688943463315 -9.272790757006714 198.4114839101734 -9.419771610151358 54.96786796831028 297.7214111601485 -999.0 16600.0 -999.0 2 51 {-999.0 -999.0 -999.0 -999.0 -999.0} "" -999.0 -999.0 -999.0 -999.0 -999 -999 "" ops_sky_apogee_best_unassigned ops_sky sky_apogee 0 0 0.0 0.0 -999 ""
FIBERMAP 960 R+13C6 BOSS 1 1 0 1 0 0 -47.88517873988303 258.0869697927852 143.1 -229.5361965053921 -127.3157102509675 174.63818 102.40348 198.39474878943034 -9.273721520554572 -15.361062 -4.8575583 0.11216463 198.39470091467925 -9.273724653708793 198.40941510616483 -9.420800389291276 54.966904164792474 297.7178010091056 5400.0 5400.0 2016.0 1 88 {-999.0 17.498486 17.253391 17.168941 17.159483} sdss_psfmag_from_gaia 17.4702 17.2518 16.8472 16.012 63050395165374560 970775725 "" ops_std_boss_gdr2 ops_std standard_boss 0 0 0.0 0.0 -999 ""
FIBERMAP 960 R+13C6 METROLOGY 0 0 0 1 0 0 -47.18982479848736 257.8048126063764 143.1 -229.48932037465028 -126.56678724342848 174.63818 102.40348 -999.0 -999.0 -999.0 -999.0 -999.0 198.3948325280814 -9.271514520312316 198.40951115165205 -9.418564087126867 54.96559230497878 297.7209602207404 -999.0 6231.0 -999.0 -1 -999 {-999.0 -999.0 -999.0 -999.0 -999.0} "" -999.0 -999.0 -999.0 -999.0 -999 -999 "" "" "" "" 0 0 0.0 0.0 -999 ""
FIBERMAP 961 R-2C8 APOGEE 0 0 0 1 0 0 -127.73341671519144 -53.382103941301054 143.1 91.1583742717238 -104.18269945473205 288.169 33.322376 -999.0 -999.0 -999.0 -999.0 -999.0 199.37850161179244 -9.206208956607894 199.39328541026043 -9.352336746608277 55.681666703717426 298.8785427335979 -999.0 16600.0 -999.0 2 -999 {-999.0 -999.0 -999.0 -999.0 -999.0} "" -999.0 -999.0 -999.0 -999.0 -999 -999 "" "" "" "" 0 0 0.0 0.0 -999 ""
FIBERMAP 961 R-2C8 BOSS 1 1 0 1 0 0 -128.36767756528275 -52.82553563396159 143.1 90.83189636981976 -104.96077926228014 288.169 33.322376 199.37741199653186 -9.208530480603416 -999.0 -999.0 -999.0 199.3774248081206 -9.20852420660357 199.3923253367841 -9.354744884428781 55.68245019858085 298.87416818365205 5400.0 5400.0 2016.0 1 497 {-999.0 21.906178 20.524364 20.000801 19.641182} sdss_fiber2mag_from_lsdr10 20.392761 21.220379 18.981277 -999.0 63050395165380576 1128412144 dark_flexible_3x1 bhm_spiders_clusters_lsdr10_d3 bhm_spiders science 0 0 0.0 0.0 -999 ""
FIBERMAP 961 R-2C8 METROLOGY 0 0 0 1 0 0 -127.63779159781792 -52.640245428022816 143.1 90.42455189833339 -104.32746306797576 288.169 33.322376 -999.0 -999.0 -999.0 -999.0 -999.0 199.37621897133457 -9.20664417135451 199.3910850398039 -9.352840074561007 55.68029919473077 298.8754213506222 -999.0 6231.0 -999.0 -1 -999 {-999.0 -999.0 -999.0 -999.0 -999.0} "" -999.0 -999.0 -999.0 -999.0 -999 -999 "" "" "" "" 0 0 0.0 0.0 -999 ""
FIBERMAP 966 R-8C2 APOGEE 0 0 0 1 0 0 -161.83000071955217 -150.23653789193347 143.1 193.8225955860239 -105.77675027009809 51.79545 74.729706 -999.0 -999.0 -999.0 -999.0 -999.0 199.69297172591686 -9.210392901840343 199.70783675069993 -9.356235403647641 55.92459642119389 299.22230635659673 -999.0 16600.0 -999.0 2 -999 {-999.0 -999.0 -999.0 -999.0 -999.0} "" -999.0 -999.0 -999.0 -999.0 -999 -999 "" "" "" "" 0 0 0.0 0.0 -999 ""
FIBERMAP 966 R-8C2 BOSS 1 1 0 1 0 0 -161.37200943517752 -150.7983506104954 143.1 194.20998859758018 -105.16415530156597 51.79545 74.729706 199.69409713265105 -9.208468238677577 -999.0 -999.0 -999.0 199.69408273710948 -9.208465066141935 199.70906006947257 -9.354398748241676 55.92436588249014 299.22620733851545 5400.0 5400.0 2016.0 1 456 {-999.0 22.081167 21.624 21.077055 20.645918} sdss_fiber2mag_from_lsdr10 1e+20 1e+20 1e+20 -999.0 63050397629979018 1131648993 dark_flexible_3x1 bhm_spiders_agn_lsdr10_d3 bhm_spiders science 0 0 0.0 0.0 -999 ""
FIBERMAP 966 R-8C2 METROLOGY 0 0 0 1 0 0 -162.1103130043807 -150.93002418579246 143.1 194.56916206969697 -105.82246968461435 51.79545 74.729706 -999.0 -999.0 -999.0 -999.0 -999.0 199.69523874639307 -9.210494799545978 199.71018585934144 -9.356401071615885 55.926494223598006 299.2246998279545 -999.0 6231.0 -999.0 -1 -999 {-999.0 -999.0 -999.0 -999.0 -999.0} "" -999.0 -999.0 -999.0 -999.0 -999 -999 "" "" "" "" 0 0 0.0 0.0 -999 ""
FIBERMAP 968 R0C21 APOGEE 1 1 0 1 0 0 159.68979205794685 -17.45123067145556 143.1 -34.131894079843335 156.9657515010448 311.2105 80.522484 198.99453506521894 -8.413957707050763 -49.218952 7.687488 5.1073756 198.99436917769228 -8.413937045280303 199.00842037927146 -8.56052751090457 54.88531864306848 299.5292533566342 16000.0 16600.0 2016.0 2 83 {-999.0 11.291759 10.898766 10.762982 -999.0} sdss_psfmag_from_g3xp 11.222294 10.913476 10.431844 9.547 63050395165387923 996674740 bright_1x1 mwm_bin_gaia_sb_apogee mwm_bin science 0 0 0.0 0.0 -999 ""
FIBERMAP 968 R0C21 BOSS 0 0 0 1 0 0 159.02682324460292 -17.82142600203653 143.1 -33.57044888125784 156.45457279967528 311.2105 80.522484 -999.0 -999.0 -999.0 -999.0 -999.0 198.99595632505782 -8.415322958474668 199.01012624227428 -8.562008063072733 54.88756223109631 299.52914580334254 -999.0 5400.0 -999.0 1 254 {-999.0 -999.0 -999.0 -999.0 -999.0} "" -999.0 -999.0 -999.0 -999.0 -999 -999 "" "" "" "" 0 0 0.0 0.0 -999 ""
FIBERMAP 968 R0C21 METROLOGY 0 0 0 1 0 0 159.03152683972644 -17.091457077865034 143.1 -34.26414140044291 156.22736537233845 311.2105 80.522484 -999.0 -999.0 -999.0 -999.0 -999.0 198.99385776897932 -8.416017601919831 199.00799457590426 -8.562677177439141 54.88636757649769 299.5259101395386 -999.0 6231.0 -999.0 -1 -999 {-999.0 -999.0 -999.0 -999.0 -999.0} "" -999.0 -999.0 -999.0 -999.0 -999 -999 "" "" "" "" 0 0 0.0 0.0 -999 ""
FIBERMAP 970 R-3C14 APOGEE 0 0 0 1 0 0 14.097440772989508 -52.515851047242656 143.1 45.3245845618226 30.03479789845879 215.57692 52.042427 -999.0 -999.0 -999.0 -999.0 -999.0 199.23795377802293 -8.798920744174081 199.25236965624617 -8.945235964221366 55.316251945577584 299.2794238817993 -999.0 16600.0 -999.0 2 231 {-999.0 -999.0 -999.0 -999.0 -999.0} "" -999.0 -999.0 -999.0 -999.0 -999 -999 "" ops_sky_apogee_best_unassigned ops_sky sky_apogee 0 0 0.0 0.0 -999 ""
FIBERMAP 970 R-3C14 BOSS 1 1 0 1 0 0 14.076500389803357 -51.78967339526022 143.1 44.642625690075235 29.784476555132404 215.57692 52.042427 199.23575552117063 -8.799573175221981 -999.0 -999.0 -999.0 199.23577110676155 -8.799566308508087 199.25030296535397 -8.945977631954793 55.315146789416964 299.2761378508477 5400.0 5400.0 2016.0 1 340 {-999.0 20.595705 19.957132 19.548838 19.269983} sdss_fiber2mag_from_lsdr10 19.723116 20.649391 18.481697 -999.0 63050395165381525 1131653025 dark_flexible_3x1 bhm_spiders_agn_lsdr10_d3 bhm_spiders science 0 0 0.0 0.0 -999 ""
FIBERMAP 970 R-3C14 METROLOGY 0 0 0 1 0 0 14.732888516015183 -52.13201608662209 143.1 44.75893972313569 30.51555073028491 215.57692 52.042427 -999.0 -999.0 -999.0 -999.0 -999.0 199.23616576922674 -8.797370604327169 199.25066306593067 -8.943755205154485 55.31400929286985 299.2795506406834 -999.0 6231.0 -999.0 -1 -999 {-999.0 -999.0 -999.0 -999.0 -999.0} "" -999.0 -999.0 -999.0 -999.0 -999 -999 "" "" "" "" 0 0 0.0 0.0 -999 ""
FIBERMAP 974 R+9C1 APOGEE 0 0 0 1 0 0 -176.647993205546 170.91258162018576 143.1 -106.00728114011167 -221.75000791918467 354.40063 106.88105 -999.0 -999.0 -999.0 -999.0 -999.0 198.7727507898004 -9.560644316607569 198.7876690867471 -9.707256141391841 55.4371642667555 297.728654389946 -999.0 16600.0 -999.0 2 47 {-999.0 -999.0 -999.0 -999.0 -999.0} "" -999.0 -999.0 -999.0 -999.0 -999 -999 "" ops_sky_apogee_best_unassigned ops_sky sky_apogee 0 0 0.0 0.0 -999 ""
FIBERMAP 974 R+9C1 BOSS 1 1 0 1 0 0 -176.44341111307577 170.17063732756776 143.1 -105.36865312568682 -221.32054283061393 354.40063 106.88105 198.77453979111138 -9.559265879912587 11.436926 -10.761778 3.9433742 198.7745792393329 -9.559289842314568 198.7896145629128 -9.70599169158887 55.43788729550194 297.73249750629105 5400.0 5400.0 2016.0 1 83 {-999.0 19.69831 18.033875 17.180923 -999.0} sdss_psfmag_ps1 18.956406 17.93851 16.685032 14.63 63050395165368075 1077940811 bright_flexible_2x1 mwm_snc_ext_main_boss mwm_snc science 0 0 0.0 0.0 -999 ""
FIBERMAP 974 R+9C1 METROLOGY 0 0 0 1 0 0 -177.1681497407383 170.382444935762 143.1 -105.33949390700694 -222.07500354082626 354.40063 106.88105 -999.0 -999.0 -999.0 -999.0 -999.0 198.77468621959548 -9.561623664867282 198.78969010573792 -9.708299156833421 55.43937439490895 297.7293845924303 -999.0 6231.0 -999.0 -1 -999 {-999.0 -999.0 -999.0 -999.0 -999.0} "" -999.0 -999.0 -999.0 -999.0 -999 -999 "" "" "" "" 0 0 0.0 0.0 -999 ""
FIBERMAP 976 R-8C8 APOGEE 0 0 0 1 0 0 -42.723371972517405 -147.27748324327084 143.1 153.21619541042529 6.228102785866209 20.026814 159.16063 -999.0 -999.0 -999.0 -999.0 -999.0 199.5689324696046 -8.871256651866917 199.58348402594618 -9.017262968983447 55.61433191242451 299.54868930248995 -999.0 16600.0 -999.0 2 -999 {-999.0 -999.0 -999.0 -999.0 -999.0} "" -999.0 -999.0 -999.0 -999.0 -999 -999 "" "" "" "" 0 0 0.0 0.0 -999 ""
FIBERMAP 976 R-8C8 BOSS 1 1 0 1 0 0 -42.009502865860355 -147.2294216040153 143.1 152.944062405707 6.889782589058843 20.026814 159.16063 199.56804772300885 -8.869141844140389 -1.1747578 -1.2701881 0.02155465 199.56805067309412 -8.869153493982575 199.58271468034707 -9.01525448331758 55.612465761384875 299.5505705398556 5400.0 5400.0 2016.0 1 382 {-999.0 18.318153 17.453815 17.254889 -999.0} sdss_psfmag_ps1 18.028334 17.491806 16.82288 15.437 63050395165381716 1061137875 dark_flexible_2x1 manual_mwm_halo_distant_kgiant_far_boss mwm_halo science 0 0 0.0 0.0 -999 ""
FIBERMAP 976 R-8C8 METROLOGY 0 0 0 1 0 0 -42.34509864628779 -147.92277969255542 143.1 153.70805244490336 6.791599402574896 20.026814 159.16063 -999.0 -999.0 -999.0 -999.0 -999.0 199.57043986043925 -8.869476495848332 199.58507226078768 -9.015548754373825 55.61444690192378 299.5527985586491 -999.0 6231.0 -999.0 -1 -999 {-999.0 -999.0 -999.0 -999.0 -999.0} "" -999.0 -999.0 -999.0 -999.0 -999 -999 "" "" "" "" 0 0 0.0 0.0 -999 ""
FIBERMAP 977 R+4C7 APOGEE 0 0 0 1 0 0 -110.71510351035815 63.64520538932138 143.1 -25.214891548765028 -125.18547031219535 283.284 109.86571 -999.0 -999.0 -999.0 -999.0 -999.0 199.02078643441334 -9.269766199673429 199.0355335645488 -9.41620343693258 55.44722329597868 298.3984590110211 -999.0 16600.0 -999.0 2 31 {-999.0 -999.0 -999.0 -999.0 -999.0} "" -999.0 -999.0 -999.0 -999.0 -999 -999 "" ops_sky_apogee_best_unassigned ops_sky sky_apogee 0 0 0.0 0.0 -999 ""
FIBERMAP 977 R+4C7 BOSS 1 1 0 1 0 0 -111.32236252806938 63.20930422172644 143.1 -24.608820605767978 -125.62296885771502 283.284 109.86571 199.0225261166278 -9.271073116737458 0.058215275 0.042100735 0.24195163 199.02251961474212 -9.27106383423561 199.03738488704766 -9.417591747712057 55.44951662074719 298.39856641130393 5400.0 5400.0 2016.0 1 52 {-999.0 19.640106 19.467287 19.319939 19.219164} sdss_psfmag_from_gaiadr2 19.625187 19.463629 19.033092 -999.0 63050395165369104 1130021707 dark_flexible_3x1 bhm_gua_dark_d3 bhm_filler science 0 0 0.0 0.0 -999 ""
FIBERMAP 977 R+4C7 METROLOGY 0 0 0 1 0 0 -111.41038836461512 63.945528595229376 143.1 -25.279015700758755 -125.94009309255338 283.284 109.86571 -999.0 -999.0 -999.0 -999.0 -999.0 199.020488802549 -9.272060681759143 199.03532132346254 -9.418564054099864 55.44853792263075 298.39498231264497 -999.0 6231.0 -999.0 -1 -999 {-999.0 -999.0 -999.0 -999.0 -999.0} "" -999.0 -999.0 -999.0 -999.0 -999 -999 "" "" "" "" 0 0 0.0 0.0 -999 ""
FIBERMAP 978 R-1C23 APOGEE 0 0 0 1 0 0 218.26043794013623 -39.51728682505099 143.1 -31.795911742008023 219.50893210204185 343.07135 45.549835 -999.0 -999.0 -999.0 -999.0 -999.0 199.0018641770321 -8.225209229134196 199.01576578075515 -8.371822078337523 54.77010872941757 299.78901180773056 -999.0 16600.0 -999.0 2 -999 {-999.0 -999.0 -999.0 -999.0 -999.0} "" -999.0 -999.0 -999.0 -999.0 -999 -999 "" "" "" "" 0 0 0.0 0.0 -999 ""
FIBERMAP 978 R-1C23 BOSS 1 1 0 1 0 0 217.60344603552954 -39.85140119886432 143.1 -31.270577513385785 218.99197017384367 343.07135 45.549835 199.00310979853987 -8.226556029929354 1.3615803 -26.664587 0.5656761 199.00334508475305 -8.226626712938645 199.01736547524365 -8.373335128686408 54.77229343829586 299.7887597877096 5400.0 5400.0 2016.0 1 288 {-999.0 16.077837 15.7786875 15.560213 -999.0} sdss_psfmag_ps1 16.019062 15.703868 15.215048 14.323 63050395165390121 1136360050 dark_flexible_3x1 mwm_halo_local_high_boss_triple mwm_halo science 0 0 0.877393901348114 0.0 -999 ""
FIBERMAP 978 R-1C23 METROLOGY 0 0 0 1 0 0 217.62346476481954 -39.12516007166241 143.1 -31.96559562470238 218.78046854127751 343.07135 45.549835 -999.0 -999.0 -999.0 -999.0 -999.0 199.0012456979327 -8.22725659488858 199.01523291995738 -8.373939254833427 54.771062494074116 299.78561003706795 -999.0 6231.0 -999.0 -1 -999 {-999.0 -999.0 -999.0 -999.0 -999.0} "" -999.0 -999.0 -999.0 -999.0 -999 -999 "" "" "" "" 0 0 0.0 0.0 -999 ""
FIBERMAP 980 R+4C20 APOGEE 0 0 0 1 0 0 185.87329412870145 60.62315777041357 143.1 -116.47641744808799 157.01630608493147 327.7962 74.423065 -999.0 -999.0 -999.0 -999.0 -999.0 198.7422126140768 -8.413755706623018 198.7562109080635 -8.560567883940209 54.69317880873468 299.2534830135394 -999.0 16600.0 -999.0 2 -999 {-999.0 -999.0 -999.0 -999.0 -999.0} "" -999.0 -999.0 -999.0 -999.0 -999 -999 "" "" "" "" 0 0 0.0 0.0 -999 ""
FIBERMAP 980 R+4C20 BOSS 1 1 0 1 0 0 185.32032011419767 60.10039347216858 143.1 -115.80520598078539 156.65785123814499 327.7962 74.423065 198.74405786452678 -8.41467595934093 3.8106084 -0.46576756 -0.64139235 198.7441083491305 -8.41469512785757 198.7582262097634 -8.561602063792346 54.69537430395826 299.25429600200533 5400.0 5400.0 2016.0 1 213 {-999.0 20.933556 20.608286 20.304169 20.051573} sdss_psfmag_from_gaiadr2 20.830732 20.685596 19.847782 -999.0 63050395165389408 1130021996 dark_flexible_3x1 bhm_gua_dark_d3 bhm_filler science 0 0 0.0 0.0 -999 ""
FIBERMAP 980 R+4C20 METROLOGY 0 0 0 1 0 0 185.15903940668434 60.845280279116224 143.1 -116.46036666886346 156.26851323133226 327.7962 74.423065 -999.0 -999.0 -999.0 -999.0 -999.0 198.7421172388362 -8.415878101499008 198.75620206231895 -8.562759230039436 54.69456607916603 299.2505478968124 -999.0 6231.0 -999.0 -1 -999 {-999.0 -999.0 -999.0 -999.0 -999.0} "" -999.0 -999.0 -999.0 -999.0 -999 -999 "" "" "" "" 0 0 0.0 0.0 -999 ""
FIBERMAP 981 R-9C12 APOGEE 0 0 0 1 0 0 63.0822012150093 -163.38394781726657 143.1 134.91015838576115 111.67086377532006 60.98462 115.21977 -999.0 -999.0 -999.0 -999.0 -999.0 199.5124688482855 -8.551634344777206 199.52674263894426 -8.697740324266585 55.366804117971945 299.9188063525249 -999.0 16600.0 -999.0 2 168 {-999.0 -999.0 -999.0 -999.0 -999.0} "" -999.0 -999.0 -999.0 -999.0 -999 -999 "" ops_sky_apogee_best_unassigned ops_sky sky_apogee 0 0 0.0 0.0 -999 ""
FIBERMAP 981 R-9C12 BOSS 1 1 0 1 0 0 63.81685092031387 -163.3929630010895 143.1 134.68555393917413 112.3703632419782 60.98462 115.21977 199.51171875000003 -8.549354649480108 -999.0 -999.0 -999.0 199.5117119014348 -8.549380044325178 199.5260985068079 -8.695582099147783 55.36493044815872 299.9209988675839 5400.0 5400.0 2015.5 1 401 {-999.0 -999.0 -999.0 -999.0 -999.0} "" -999.0 -999.0 -999.0 -999.0 27021603139615040 811721069 "" ops_sky_boss_good ops_sky sky_boss 0 0 0.0 0.0 -999 ""
FIBERMAP 981 R-9C12 METROLOGY 0 0 0 1 0 0 63.42097357083343 -164.04290917341618 143.1 135.42750957725465 112.20124001615514 60.98462 115.21977 -999.0 -999.0 -999.0 -999.0 -999.0 199.51403256565908 -8.549908490965375 199.52838755823518 -8.696081426554745 55.366985918280164 299.92288112033964 -999.0 6231.0 -999.0 -1 -999 {-999.0 -999.0 -999.0 -999.0 -999.0} "" -999.0 -999.0 -999.0 -999.0 -999 -999 "" "" "" "" 0 0 0.0 0.0 -999 ""
FIBERMAP 982 R+12C10 APOGEE 0 0 0 1 0 0 52.62760494137959 229.29920328601884 143.1 -234.1373182901196 -22.86726573467461 284.2176 156.25217 -999.0 -999.0 -999.0 -999.0 -999.0 198.38103456831456 -8.957917727602903 198.39537962382155 -9.104959825629548 54.75954708296987 298.132451085206 -999.0 16600.0 -999.0 2 -999 {-999.0 -999.0 -999.0 -999.0 -999.0} "" -999.0 -999.0 -999.0 -999.0 -999 -999 "" "" "" "" 0 0 0.0 0.0 -999 ""
FIBERMAP 982 R+12C10 BOSS 1 1 0 1 0 0 52.50232789221385 228.51888922800458 143.1 -233.35761956355188 -22.73841533869483 284.2176 156.25217 198.38322827421788 -8.95751264426991 -999.0 -999.0 -999.0 198.3832570266151 -8.957444234174133 198.39772199486845 -9.104579059781521 54.76111563154057 298.13546985633224 5400.0 5400.0 2016.0 1 160 {-999.0 21.114565 20.759058 20.424557 20.145462} sdss_psfmag_from_gaiadr2 21.235628 20.854332 20.189545 -999.0 63050395165375944 1130021795 dark_flexible_3x1 bhm_gua_dark_d3 bhm_filler science 0 0 0.0 0.0 -999 ""
FIBERMAP 982 R+12C10 METROLOGY 0 0 0 1 0 0 51.93618822078872 229.01382435322338 143.1 -233.64727261027897 -23.432338306188424 284.2176 156.25217 -999.0 -999.0 -999.0 -999.0 -999.0 198.38236605386265 -8.959572247512867 198.39679853282905 -9.106680710721944 54.76171601777026 298.13163809518153 -999.0 6231.0 -999.0 -1 -999 {-999.0 -999.0 -999.0 -999.0 -999.0} "" -999.0 -999.0 -999.0 -999.0 -999 -999 "" "" "" "" 0 0 0.0 0.0 -999 ""
FIBERMAP 987 R-13C12 APOGEE 0 0 0 1 0 0 84.06732261375517 -244.38210135668967 143.1 205.05742979600083 157.27629583497156 193.40918 71.237625 -999.0 -999.0 -999.0 -999.0 -999.0 199.7260590673703 -8.414295087313121 199.7402644579687 -8.56022785064219 55.43973045826215 300.34353126319945 -999.0 16600.0 -999.0 2 160 {-999.0 -999.0 -999.0 -999.0 -999.0} "" -999.0 -999.0 -999.0 -999.0 -999 -999 "" ops_sky_apogee_best_unassigned ops_sky sky_apogee 0 0 0.0 0.0 -999 ""
FIBERMAP 987 R-13C12 BOSS 1 1 0 1 0 0 84.10890036359785 -243.62878232255466 143.1 204.3298926999554 157.07664412269926 193.40918 71.237625 199.72375381678228 -8.41481061735063 -999.0 -999.0 -999.0 199.7237414355223 -8.414789563067727 199.73806071092156 -8.560819771947187 55.438449756189335 300.3402527238543 5400.0 5400.0 2016.0 1 350 {-999.0 22.356802 21.7944 21.260107 20.838713} sdss_fiber2mag_from_lsdr10 1e+20 1e+20 1e+20 -999.0 63050398344949642 1131655030 dark_flexible_3x1 bhm_spiders_agn_lsdr10_d3 bhm_spiders science 0 0 0.0 0.0 -999 ""
FIBERMAP 987 R-13C12 METROLOGY 0 0 0 1 0 0 84.73367223008663 -244.04067659918485 143.1 204.5221936048484 157.79981122889643 193.40918 71.237625 -999.0 -999.0 -999.0 -999.0 -999.0 199.7243855993939 -8.412608923788953 199.73867089315877 -8.558611847344567 55.43748359174014 300.34391037261213 -999.0 6231.0 -999.0 -1 -999 {-999.0 -999.0 -999.0 -999.0 -999.0} "" -999.0 -999.0 -999.0 -999.0 -999 -999 "" "" "" "" 0 0 0.0 0.0 -999 ""
FIBERMAP 992 R-2C20 APOGEE 0 0 0 1 0 0 166.5448332891386 -54.804678357922235 143.1 -0.8867034426538742 175.3208390187153 341.2798 71.0846 -999.0 -999.0 -999.0 -999.0 -999.0 199.09632446230023 -8.358537314214288 199.11035238963336 -8.505045921482846 54.927319840784776 299.7155831619744 -999.0 16600.0 -999.0 2 -999 {-999.0 -999.0 -999.0 -999.0 -999.0} "" -999.0 -999.0 -999.0 -999.0 -999 -999 "" "" "" "" 0 0 0.0 0.0 -999 ""
FIBERMAP 992 R-2C20 BOSS 1 1 0 1 0 0 166.07942339736704 -55.388729042596026 143.1 -0.18516651074983462 175.06486790145465 341.2798 71.0846 199.0983368849944 -8.359065499022016 13.547953 -29.492218 10.863086 199.09835662546539 -8.3591522920872 199.1125023073431 -8.505755385097293 54.92940710139234 299.71700526371376 5400.0 5400.0 2016.0 1 304 {-999.0 20.487349 18.727982 17.060638 -999.0} sdss_psfmag_ps1 19.838095 17.704336 16.361082 13.771 63050395165388631 1151112161 dark_1x1 mwm_snc_100pc_boss_single mwm_snc science 0 0 0.0 0.0 -999 ""
FIBERMAP 992 R-2C20 METROLOGY 0 0 0 1 0 0 165.8040865294328 -54.70079161776045 143.1 -0.7501268226119021 174.58544891389633 341.2798 71.0846 -999.0 -999.0 -999.0 -999.0 -999.0 199.096657139963 -8.360604102068208 199.11077053362237 -8.507181164109891 54.9290050803818 299.71319044446966 -999.0 6231.0 -999.0 -1 -999 {-999.0 -999.0 -999.0 -999.0 -999.0} "" -999.0 -999.0 -999.0 -999.0 -999 -999 "" "" "" "" 0 0 0.0 0.0 -999 ""
FIBERMAP 998 R+3C8 APOGEE 0 0 0 1 0 0 -79.7758839979543 52.922331800279885 143.1 -24.865898532717928 -92.44398998688143 52.9909 31.422739 -999.0 -999.0 -999.0 -999.0 -999.0 199.02192902099353 -9.170546078971146 199.03659603730785 -9.316997221531935 55.385852569440786 298.53579478700624 -999.0 16600.0 -999.0 2 -999 {-999.0 -999.0 -999.0 -999.0 -999.0} "" -999.0 -999.0 -999.0 -999.0 -999 -999 "" "" "" "" 0 0 0.0 0.0 -999 ""
FIBERMAP 998 R+3C8 BOSS 1 1 0 1 0 0 -79.84278220854901 52.16514413426625 143.1 -24.126657105819262 -92.26712086072388 52.9909 31.422739 199.02406228445275 -9.169960998710721 -0.030056989 0.24301198 0.10935877 199.02407168790288 -9.169972196381439 199.03885546961658 -9.31651438061093 55.38728530837137 298.5389200836421 5400.0 5400.0 2016.0 1 53 {-999.0 20.101284 19.616564 19.175442 18.797953} sdss_psfmag_from_gaiadr2 20.191341 19.781721 18.900034 -999.0 63050395165369574 1130021714 dark_flexible_3x1 bhm_gua_dark_d3 bhm_filler science 0 0 0.0 0.0 -999 ""
FIBERMAP 998 R+3C8 METROLOGY 0 0 0 1 0 0 -80.45286434245283 52.60421888014184 143.1 -24.349394169480583 -92.98498446205146 52.9909 31.422739 -999.0 -999.0 -999.0 -999.0 -999.0 199.02341586021097 -9.172183431566692 199.03816820033762 -9.318699543715011 55.388128787900364 298.535175785684 -999.0 6231.0 -999.0 -1 -999 {-999.0 -999.0 -999.0 -999.0 -999.0} "" -999.0 -999.0 -999.0 -999.0 -999 -999 "" "" "" "" 0 0 0.0 0.0 -999 ""
FIBERMAP 1001 R+8C12 APOGEE 0 0 0 1 0 0 26.99166633127326 164.2668770506934 143.1 -164.3338288134096 -26.537701361497692 201.16533 56.584763 -999.0 -999.0 -999.0 -999.0 -999.0 198.59410307167803 -8.96969685654821 198.60850717314656 -9.116553195820225 54.93099312343435 298.3453379821126 -999.0 16600.0 -999.0 2 -999 {-999.0 -999.0 -999.0 -999.0 -999.0} "" -999.0 -999.0 -999.0 -999.0 -999 -999 "" "" "" "" 0 0 0.0 0.0 -999 ""
FIBERMAP 1001 R+8C12 BOSS 1 1 0 1 0 0 27.113676952003683 164.9692600392349 143.1 -165.0385920307176 -26.64491647053929 201.16533 56.584763 198.5917710690477 -8.969922478758312 -5.0060744 -6.0561957 0.49609685 198.5917624848365 -8.969931796055931 198.60628501877102 -9.116884387238402 54.92949031364019 298.3424966391555 5400.0 5400.0 2016.0 1 145 {-999.0 18.791655 18.099117 17.955914 -999.0} sdss_psfmag_ps1 18.4602 18.108679 17.617237 -999.0 63050395165375874 944493919 bright_1x1 openfibertargets_nov2020_6c open_fiber science 0 0 0.0 0.0 -999 ""
FIBERMAP 1001 R+8C12 METROLOGY 0 0 0 1 0 0 27.695132759120956 164.52110765799182 143.1 -164.79816197965957 -25.951317110235784 201.16533 56.584763 -999.0 -999.0 -999.0 -999.0 -999.0 198.59251482600067 -8.967860655082802 198.60700223686956 -9.114786202076795 54.92872797609779 298.3461150717059 -999.0 6231.0 -999.0 -1 -999 {-999.0 -999.0 -999.0 -999.0 -999.0} "" -999.0 -999.0 -999.0 -999.0 -999 -999 "" "" "" "" 0 0 0.0 0.0 -999 ""
FIBERMAP 1002 R+12C5 APOGEE 0 0 0 1 0 0 -49.27754704016873 243.68281447917693 143.1 -215.43543255638178 -124.06464050830888 91.41885 42.18226 -999.0 -999.0 -999.0 -999.0 -999.0 198.43778848877386 -9.264257399908283 198.45238641952938 -9.411204350463533 54.99421003199822 297.77673045881517 -999.0 16600.0 -999.0 2 -999 {-999.0 -999.0 -999.0 -999.0 -999.0} "" -999.0 -999.0 -999.0 -999.0 -999 -999 "" "" "" "" 0 0 0.0 0.0 -999 ""
FIBERMAP 1002 R+12C5 BOSS 1 1 0 1 0 0 -48.77336725600392 243.1581015528962 143.1 -215.0978784453271 -123.42002109923632 91.41885 42.18226 198.43837154631 -9.262116961063255 -42.520077 -35.287987 1.5399145 198.43868018554846 -9.26223281625344 198.45339608315726 -9.409272443793578 54.99379259264465 297.78044887399005 5400.0 5400.0 2016.0 1 164 {-999.0 13.37218 13.114419 13.026204 -999.0} sdss_psfmag_from_g3xp 13.344022 13.101677 12.695366 11.974 63050395165374609 1135976705 dark_flexible_3x1 mwm_halo_local_high_boss_triple mwm_halo science 0 0 1.6631736755371094 0.0 -999 ""
FIBERMAP 1002 R+12C5 METROLOGY 0 0 0 1 0 0 -49.4870353164316 242.96475258845683 143.1 -214.6880392016413 -124.0354009341427 91.41885 42.18226 -999.0 -999.0 -999.0 -999.0 -999.0 198.43992683787172 -9.264146715687168 198.45461072157968 -9.411158579123382 54.99590259747329 297.77916634000286 -999.0 6231.0 -999.0 -1 -999 {-999.0 -999.0 -999.0 -999.0 -999.0} "" -999.0 -999.0 -999.0 -999.0 -999 -999 "" "" "" "" 0 0 0.0 0.0 -999 ""
FIBERMAP 1003 R-2C13 APOGEE 0 0 0 1 0 0 9.310306464674564 -41.66772957304116 143.1 36.557029333434635 22.052523767770552 312.1018 143.26773 -999.0 -999.0 -999.0 -999.0 -999.0 199.21100916767256 -8.823139210610117 199.22543865060675 -8.969474820705585 55.31109807839489 299.21683514234985 -999.0 16600.0 -999.0 2 -999 {-999.0 -999.0 -999.0 -999.0 -999.0} "" -999.0 -999.0 -999.0 -999.0 -999 -999 "" "" "" "" 0 0 0.0 0.0 -999 ""
FIBERMAP 1003 R-2C13 BOSS 1 1 0 1 0 0 9.388364351456005 -42.42242403374983 143.1 37.24790235168872 22.36605758866033 312.1018 143.26773 199.21304617053116 -8.822079327379186 0.001834291 -0.17936508 -0.049802016 199.21304038116875 -8.822080100940214 199.22758550659978 -8.968508235835637 55.31212299576643 299.2205128594322 5400.0 5400.0 2016.0 1 420 {-999.0 19.163008 18.851278 18.49685 18.363205} sdss_fiber2mag_from_lsdr10 18.446106 18.374153 17.535938 15.61 63050395165381510 1059167851 dark_flexible_2x1 bhm_spiders_agn_hard bhm_spiders science 0 0 0.0 0.0 -999 ""
FIBERMAP 1003 R-2C13 METROLOGY 0 0 0 1 0 0 8.714859484606027 -42.12043379295008 143.1 37.17528518096157 21.631558821003676 312.1018 143.26773 -999.0 -999.0 -999.0 -999.0 -999.0 199.21285233075557 -8.824335625455477 199.2273663669987 -8.97073689025815 55.313370525701764 299.21724554934326 -999.0 6231.0 -999.0 -1 -999 {-999.0 -999.0 -999.0 -999.0 -999.0} "" -999.0 -999.0 -999.0 -999.0 -999 -999 "" "" "" "" 0 0 0.0 0.0 -999 ""
FIBERMAP 1005 R+8C16 APOGEE 0 0 0 1 0 0 137.86701964263594 171.52394766328553 143.1 -206.40353145271862 76.29772282758164 104.0775 88.25256 -999.0 -999.0 -999.0 -999.0 -999.0 198.466525556706 -8.65787732299073 198.4806563155172 -8.804891523806491 54.636960284890236 298.62831017267996 -999.0 16600.0 -999.0 2 -999 {-999.0 -999.0 -999.0 -999.0 -999.0} "" -999.0 -999.0 -999.0 -999.0 -999 -999 "" "" "" "" 0 0 0.0 0.0 -999 ""
FIBERMAP 1005 R+8C16 BOSS 1 1 0 1 0 0 138.5902319471389 171.71160025113934 143.1 -206.8109980778131 76.92396091872365 104.0775 88.25256 198.4651235365256 -8.655870640566521 -999.0 -999.0 -999.0 198.46513156111814 -8.65587025397318 198.4793800152737 -8.80298177977719 54.63477779515738 298.62950053073007 5400.0 5400.0 2016.0 1 210 {-999.0 21.862425 20.872002 20.326271 19.905254} sdss_fiber2mag_from_lsdr10 1e+20 1e+20 1e+20 -999.0 63050397630509188 1131653010 dark_flexible_3x1 bhm_spiders_agn_lsdr10_d3 bhm_spiders science 0 0 0.0 0.0 -999 ""
FIBERMAP 1005 R+8C16 METROLOGY 0 0 0 1 0 0 138.37797486946747 170.97766662483588 143.1 -206.0476754789098 76.95561210801742 104.0775 88.25256 -999.0 -999.0 -999.0 -999.0 -999.0 198.4674599426724 -8.655791172618912 198.48167495494943 -8.802873546573952 54.63647112091673 298.63211387290494 -999.0 6231.0 -999.0 -1 -999 {-999.0 -999.0 -999.0 -999.0 -999.0} "" -999.0 -999.0 -999.0 -999.0 -999 -999 "" "" "" "" 0 0 0.0 0.0 -999 ""
FIBERMAP 1007 R+12C9 APOGEE 0 0 0 1 0 0 23.268750713482774 224.54125177181908 143.1 -220.30803125216926 -49.19705543297281 220.86153 159.17685 -999.0 -999.0 -999.0 -999.0 -999.0 198.42302715882806 -9.037772873689635 198.4374443395816 -9.184766748165039 54.84180463939278 298.06924042084347 -999.0 16600.0 -999.0 2 -999 {-999.0 -999.0 -999.0 -999.0 -999.0} "" -999.0 -999.0 -999.0 -999.0 -999 -999 "" "" "" "" 0 0 0.0 0.0 -999 ""
FIBERMAP 1007 R+12C9 BOSS 1 1 0 1 0 0 22.540570475099006 224.27556652248003 143.1 -219.82499278149038 -49.803239463489746 220.86153 159.17685 198.42434611228666 -9.039535471612433 0.60339826 2.3692257 -0.2070232 198.42433841539446 -9.039528032824476 198.43887680325975 -9.186614661574378 54.844062537352386 298.0682636510502 5400.0 5400.0 2016.0 1 161 {-999.0 nan nan nan nan} undefined 19.832384 20.503548 19.844175 -999.0 63050395165375825 1130021794 dark_flexible_3x1 bhm_gua_dark_d3 bhm_filler science 0 0 0.0 0.0 -999 ""
FIBERMAP 1007 R+12C9 METROLOGY 0 0 0 1 0 0 22.690448029806287 225.0156611128408 143.1 -220.57436040281158 -49.89599789335552 220.86153 159.17685 -999.0 -999.0 -999.0 -999.0 -999.0 198.42205275692498 -9.039834052243485 198.43655697666247 -9.186895922271038 54.84244787542347 298.06540136170054 -999.0 6231.0 -999.0 -1 -999 {-999.0 -999.0 -999.0 -999.0 -999.0} "" -999.0 -999.0 -999.0 -999.0 -999 -999 "" "" "" "" 0 0 0.0 0.0 -999 ""
FIBERMAP 1008 R0C26 APOGEE 0 0 0 1 0 0 290.0488545815043 4.700858675535281 143.1 -96.50941128371605 273.5496030132944 81.69633 29.219288 -999.0 -999.0 -999.0 -999.0 -999.0 198.80472431673584 -8.062993891246833 198.8184581715983 -8.209805438667322 54.516398028537026 299.7872312088854 -999.0 16600.0 -999.0 2 106 {-999.0 -999.0 -999.0 -999.0 -999.0} "" -999.0 -999.0 -999.0 -999.0 -999 -999 "" ops_sky_apogee_best_unassigned ops_sky sky_apogee 0 0 0.0 0.0 -999 ""
FIBERMAP 1008 R0C26 BOSS 1 1 0 1 0 0 290.3505196600272 4.024236631787893 143.1 -95.96353657723476 274.050396846583 81.69633 29.219288 198.8063266100352 -8.061403696165323 -0.18029672 0.15441208 -0.16451143 198.8062893035644 -8.06142727766696 198.82014058927132 -8.208335773216216 54.51673148463406 299.7910140242433 5400.0 5400.0 2016.0 1 180 {-999.0 20.065102 19.88268 19.57708 19.2996} sdss_psfmag_from_lsdr10 20.212374 20.100742 19.296415 -999.0 63050395165390732 1131659056 dark_flexible_3x1 bhm_spiders_agn_lsdr10_d3 bhm_spiders science 0 0 0.0 0.0 -999 ""
FIBERMAP 1008 R0C26 METROLOGY 0 0 0 1 0 0 289.59434201396647 4.123153720604875 143.1 -95.8173501937254 273.30195146231335 81.69633 29.219288 -999.0 -999.0 -999.0 -999.0 -999.0 198.80673756540997 -8.06363831240687 198.82055713725424 -8.21051827051726 54.518448574221786 299.7885868596835 -999.0 6231.0 -999.0 -1 -999 {-999.0 -999.0 -999.0 -999.0 -999.0} "" -999.0 -999.0 -999.0 -999.0 -999 -999 "" "" "" "" 0 0 0.0 0.0 -999 ""
FIBERMAP 1015 R+8C1 APOGEE 0 0 0 1 0 0 -188.9028542998049 146.9274638715599 143.1 -79.37389041002844 -225.75872086989486 343.58163 99.92765 -999.0 -999.0 -999.0 -999.0 -999.0 198.8544195412175 -9.573037927788961 198.86936923542498 -9.71957635945926 55.508015819111776 297.7995943972729 -999.0 16600.0 -999.0 2 48 {-999.0 -999.0 -999.0 -999.0 -999.0} "" -999.0 -999.0 -999.0 -999.0 -999 -999 "" ops_sky_apogee_best_unassigned ops_sky sky_apogee 0 0 0.0 0.0 -999 ""
FIBERMAP 1015 R+8C1 BOSS 1 1 0 1 0 0 -188.96078968401116 146.1643060467361 143.1 -78.63183222554817 -225.57145793288254 343.58163 99.92765 198.85664395014265 -9.572385322251876 -26.7717 -12.8952055 0.4377009 198.85656852056835 -9.57241835110279 198.87163553362473 -9.719046255178567 55.50944037452383 297.80277370840867 5400.0 5400.0 2016.0 1 84 {-999.0 17.484968 17.077515 16.986456 -999.0} sdss_psfmag_ps1 17.389797 17.105013 16.637377 15.819 63050395165367988 944493842 bright_1x1 openfibertargets_nov2020_6c open_fiber science 0 0 0.0 0.0 -999 ""
FIBERMAP 1015 R+8C1 METROLOGY 0 0 0 1 0 0 -189.5693138036502 146.59682027462003 143.1 -78.8488426790719 -226.2857620444502 343.58163 99.92765 -999.0 -999.0 -999.0 -999.0 -999.0 198.85592424355204 -9.57462804415537 198.87095964116816 -9.72123031369999 55.51027107398411 297.7990176252985 -999.0 6231.0 -999.0 -1 -999 {-999.0 -999.0 -999.0 -999.0 -999.0} "" -999.0 -999.0 -999.0 -999.0 -999 -999 "" "" "" "" 0 0 0.0 0.0 -999 ""
FIBERMAP 1020 R-3C9 APOGEE 0 0 0 1 0 0 -91.89398700869184 -52.9143468493018 143.1 79.34058629966059 -70.34608054397029 167.92795 107.29368 -999.0 -999.0 -999.0 -999.0 -999.0 199.3423112178317 -9.103657427230303 199.3570015350673 -9.249833139010809 55.58918878991573 298.9793375135087 -999.0 16600.0 -999.0 2 291 {-999.0 -999.0 -999.0 -999.0 -999.0} "" -999.0 -999.0 -999.0 -999.0 -999 -999 "" ops_sky_apogee_best_unassigned ops_sky sky_apogee 0 0 0.0 0.0 -999 ""
FIBERMAP 1020 R-3C9 BOSS 1 1 0 1 0 0 -91.86446453566474 -52.150593133454336 143.1 78.60698036112076 -70.56047540153583 167.92795 107.29368 199.33973372253783 -9.104145370724888 -3.1092257 -38.411743 1.106882 199.33998581327938 -9.104254415245935 199.35479136739366 -9.250524897560652 55.587935088186 298.9759497741376 5400.0 5400.0 2016.0 1 478 {-999.0 16.097183 15.74371 15.469903 -999.0} sdss_psfmag_ps1 15.973689 15.621361 15.093027 14.086 63050395165380770 1136360107 dark_flexible_3x1 mwm_halo_local_high_boss_triple mwm_halo science 0 0 0.9022697806358337 0.0 -999 ""
FIBERMAP 1020 R-3C9 METROLOGY 0 0 0 1 0 0 -91.23073628813265 -52.57791405770214 143.1 78.81106727174398 -69.82391942394727 167.92795 107.29368 -999.0 -999.0 -999.0 -999.0 -999.0 199.34065503142037 -9.102052771914702 199.35542625519327 -9.248296700410897 55.58701287349384 298.97970628410354 -999.0 6231.0 -999.0 -1 -999 {-999.0 -999.0 -999.0 -999.0 -999.0} "" -999.0 -999.0 -999.0 -999.0 -999 -999 "" "" "" "" 0 0 0.0 0.0 -999 ""
FIBERMAP 1021 R+4C5 APOGEE 1 1 0 1 0 0 -147.6447114925075 64.63113300551575 143.1 -14.429587468499538 -160.51721158661275 325.09454 94.47681 199.05384132668016 -9.376691697195907 7.3496513 -3.9795182 1.0912775 199.05386801000606 -9.37672189447819 199.06871031135722 -9.523113810889416 55.539622045056994 298.28733116638665 16000.0 16600.0 2016.0 2 25 {-999.0 12.544079 11.819429 11.559888 -999.0} sdss_psfmag_from_g3xp 12.348235 11.860731 11.213432 9.899 63050395165368878 1108204201 bright_1x1 mwm_tess_rgb_apogee mwm_tessrgb science 0 0 0.0 0.0 -999 ""
FIBERMAP 1021 R+4C5 BOSS 0 0 0 1 0 0 -147.98532837614786 63.989262155157675 143.1 -13.712827147379512 -160.63649640307906 325.09454 94.47681 -999.0 -999.0 -999.0 -999.0 -999.0 199.05594856482972 -9.377058637016296 199.0709081183286 -9.523540555352287 55.5415810806425 298.2891356045232 -999.0 5400.0 -999.0 1 42 {-999.0 -999.0 -999.0 -999.0 -999.0} "" -999.0 -999.0 -999.0 -999.0 -999 -999 "" "" "" "" 0 0 0.0 0.0 -999 ""
FIBERMAP 1021 R+4C5 METROLOGY 0 0 0 1 0 0 -148.39412066241854 64.60917710834808 143.1 -14.17093025003786 -161.22087766913427 325.09454 94.47681 -999.0 -999.0 -999.0 -999.0 -999.0 199.05457054568032 -9.378868781332645 199.0694982243706 -9.525325602526648 55.54161060020423 298.2851369001257 -999.0 6231.0 -999.0 -1 -999 {-999.0 -999.0 -999.0 -999.0 -999.0} "" -999.0 -999.0 -999.0 -999.0 -999 -999 "" "" "" "" 0 0 0.0 0.0 -999 ""
FIBERMAP 1022 R-11C3 APOGEE 0 0 0 1 0 0 -124.31160617892738 -193.9854948783294 143.1 223.40086687500497 -56.31513538862895 139.0447 62.002617 -999.0 -999.0 -999.0 -999.0 -999.0 199.78337508678743 -9.060494406519414 199.79813590171045 -9.206276837615649 55.89811843269538 299.5299369111117 -999.0 16600.0 -999.0 2 152 {-999.0 -999.0 -999.0 -999.0 -999.0} "" -999.0 -999.0 -999.0 -999.0 -999 -999 "" ops_sky_apogee_best_unassigned ops_sky sky_apogee 0 0 0.0 0.0 -999 ""
FIBERMAP 1022 R-11C3 BOSS 1 1 0 1 0 0 -123.62432815084227 -193.70762612431298 143.1 222.9192562735626 -55.751603891536746 139.0447 62.002617 199.78181701360432 -9.058705772492067 0.80553037 0.12574635 -0.57413936 199.78183046714966 -9.058708729324863 199.79670274217563 -9.204585310225955 55.89595035442845 299.5306549578438 5400.0 5400.0 2016.0 1 433 {-999.0 19.826168 19.592346 19.385626 19.22066} sdss_psfmag_from_gaiadr2 19.720186 19.61636 18.951153 -999.0 63050395165380103 1130021863 dark_flexible_3x1 bhm_gua_dark_d3 bhm_filler science 0 0 0.0 0.0 -999 ""
FIBERMAP 1022 R-11C3 METROLOGY 0 0 0 1 0 0 -123.72139368453195 -194.4451625322512 143.1 223.64943731058474 -55.6095778576116 139.0447 62.002617 -999.0 -999.0 -999.0 -999.0 -999.0 199.78412404975634 -9.058308519551739 199.798964412926 -9.204156856512972 55.89739823197122 299.53378071188433 -999.0 6231.0 -999.0 -1 -999 {-999.0 -999.0 -999.0 -999.0 -999.0} "" -999.0 -999.0 -999.0 -999.0 -999 -999 "" "" "" "" 0 0 0.0 0.0 -999 ""
FIBERMAP 1024 R+6C15 APOGEE 0 0 0 1 0 0 93.58921923679111 125.65452153676529 143.1 -148.85513678648348 48.868308242451285 38.530087 143.02531 -999.0 -999.0 -999.0 -999.0 -999.0 198.64200111454002 -8.741142120106376 198.65623604437735 -8.887991589367504 54.824040964147 298.7058682006767 -999.0 16600.0 -999.0 2 113 {-999.0 -999.0 -999.0 -999.0 -999.0} "" -999.0 -999.0 -999.0 -999.0 -999 -999 "" ops_sky_apogee_best_unassigned ops_sky sky_apogee 0 0 0.0 0.0 -999 ""
FIBERMAP 1024 R+6C15 BOSS 1 1 0 1 0 0 94.34542059820103 125.63694617824304 143.1 -149.07846374141246 49.59096097787362 38.530087 143.02531 198.64119116151716 -8.73877379533338 -15.446396 -20.419931 3.618661 198.64114228887476 -8.738834156534349 198.6554939120948 -8.885779954532024 54.82207766720963 298.7080462037144 5400.0 5400.0 2016.0 1 196 {-999.0 21.16771 19.643574 18.07938 -999.0} sdss_psfmag_ps1 20.649664 18.874096 17.614515 15.134 63050395165376270 1096738711 bright_1x1 mwm_bin_vis_boss mwm_filler science 0 0 0.0 0.0 -999 ""
FIBERMAP 1024 R+6C15 METROLOGY 0 0 0 1 0 0 93.98346791796007 124.98348651736522 143.1 -148.34394295769826 49.45512219555583 38.530087 143.02531 -999.0 -999.0 -999.0 -999.0 -999.0 198.64340494600035 -8.739269901511763 198.65772377160897 -8.886186674396106 54.82404431612258 298.70990872980565 -999.0 6231.0 -999.0 -1 -999 {-999.0 -999.0 -999.0 -999.0 -999.0} "" -999.0 -999.0 -999.0 -999.0 -999 -999 "" "" "" "" 0 0 0.0 0.0 -999 ""
FIBERMAP 1027 R+8C18 APOGEE 0 0 0 1 0 0 177.70091525842568 142.65826466233094 143.1 -191.67332418890902 123.2315809251421 259.9341 121.06307 -999.0 -999.0 -999.0 -999.0 -999.0 198.51210650836902 -8.515939295245833 198.5261364541759 -8.662935857269108 54.58224038217871 298.86742899898945 -999.0 16600.0 -999.0 2 -999 {-999.0 -999.0 -999.0 -999.0 -999.0} "" -999.0 -999.0 -999.0 -999.0 -999 -999 "" "" "" "" 0 0 0.0 0.0 -999 ""
FIBERMAP 1027 R+8C18 BOSS 1 1 0 1 0 0 177.02367475407453 142.4026706306795 143.1 -191.21602137150748 122.67049835255685 259.9341 121.06307 198.51333618164062 -8.517528806947382 -999.0 -999.0 -999.0 198.51333973989628 -8.517517241814206 198.52749060773306 -8.664608873058695 54.58433539734794 298.8666534219911 5400.0 5400.0 2015.5 1 250 {-999.0 -999.0 -999.0 -999.0 -999.0} "" -999.0 -999.0 -999.0 -999.0 27021603139619119 811721650 "" ops_sky_boss_good ops_sky sky_boss 0 0 0.0 0.0 -999 ""
FIBERMAP 1027 R+8C18 METROLOGY 0 0 0 1 0 0 177.12225302760615 143.1322353781131 143.1 -191.93912330092326 122.53243672580969 259.9341 121.06307 -999.0 -999.0 -999.0 -999.0 -999.0 198.5111366810283 -8.517943309115273 198.52525357391107 -8.665009468297745 54.58287551276669 298.86370476862413 -999.0 6231.0 -999.0 -1 -999 {-999.0 -999.0 -999.0 -999.0 -999.0} "" -999.0 -999.0 -999.0 -999.0 -999 -999 "" "" "" "" 0 0 0.0 0.0 -999 ""
FIBERMAP 1029 R+7C2 APOGEE 0 0 0 1 0 0 -184.2482959249261 120.52824793332262 143.1 -55.81779146532042 -212.96676726101526 317.14746 89.728935 -999.0 -999.0 -999.0 -999.0 -999.0 198.92668575553813 -9.534759605754424 198.9416234749874 -9.681240219732786 55.54009174044026 297.9307664460999 -999.0 16600.0 -999.0 2 -999 {-999.0 -999.0 -999.0 -999.0 -999.0} "" -999.0 -999.0 -999.0 -999.0 -999 -999 "" "" "" "" 0 0 0.0 0.0 -999 ""
FIBERMAP 1029 R+7C2 BOSS 1 1 0 1 0 0 -184.75936112793264 119.96917677243069 143.1 -55.125452132328476 -213.27395911075186 317.14746 89.728935 198.92868526161723 -9.535586071898578 -999.0 -999.0 -999.0 198.92868314072314 -9.53564133498589 198.94373903970825 -9.682211401992252 55.54232940231307 297.93171011996935 5400.0 5400.0 2016.0 1 72 {-999.0 23.383423 23.14657 22.385355 21.86529} sdss_fiber2mag_from_lsdr10 1e+20 1e+20 1e+20 -999.0 63050399060434592 1131646942 dark_flexible_3x1 bhm_spiders_agn_lsdr10_d3 bhm_spiders science 0 0 0.0 0.0 -999 ""
FIBERMAP 1029 R+7C2 METROLOGY 0 0 0 1 0 0 -184.97772876549664 120.69385574682589 143.1 -55.74333308005226 -213.7110170364744 317.14746 89.728935 -999.0 -999.0 -999.0 -999.0 -999.0 198.92681101316037 -9.53701101003163 198.94183439578205 -9.683556632601858 55.54169324148053 297.92778585238847 -999.0 6231.0 -999.0 -1 -999 {-999.0 -999.0 -999.0 -999.0 -999.0} "" -999.0 -999.0 -999.0 -999.0 -999 -999 "" "" "" "" 0 0 0.0 0.0 -999 ""
FIBERMAP 1030 R-7C6 APOGEE 0 0 0 1 0 0 -101.136599604939 -147.5190707491366 143.1 171.98368236787823 -49.08610656910681 256.18732 129.3643 -999.0 -999.0 -999.0 -999.0 -999.0 199.6263829868951 -9.038910035992492 199.641087957708 -9.184838903960443 55.76489294567743 299.38370752460133 -999.0 16600.0 -999.0 2 -999 {-999.0 -999.0 -999.0 -999.0 -999.0} "" -999.0 -999.0 -999.0 -999.0 -999 -999 "" "" "" "" 0 0 0.0 0.0 -999 ""
FIBERMAP 1030 R-7C6 BOSS 1 1 0 1 0 0 -101.88426841129696 -147.83157594834861 143.1 172.5173033051317 -49.695911731872 256.18732 129.3643 199.62797572789114 -9.040688288992229 -999.0 -999.0 -999.0 199.62796140084757 -9.04067989107294 199.6427822714477 -9.186699781249196 55.76736706420836 299.38304446065194 5400.0 5400.0 2016.0 1 504 {-999.0 23.278149 22.179535 21.604824 21.167515} sdss_fiber2mag_from_lsdr10 1e+20 1e+20 1e+20 -999.0 63050399059875046 1131650972 dark_flexible_3x1 bhm_spiders_agn_lsdr10_d3 bhm_spiders science 0 0 0.0 0.0 -999 ""
FIBERMAP 1030 R-7C6 METROLOGY 0 0 0 1 0 0 -101.75827189487273 -147.1031118801067 143.1 171.78654347416008 -49.80762443859535 256.18732 129.3643 -999.0 -999.0 -999.0 -999.0 -999.0 199.62578088713263 -9.041054688355736 199.64056923741566 -9.187050227870682 55.76590352324943 299.380094791156 -999.0 6231.0 -999.0 -1 -999 {-999.0 -999.0 -999.0 -999.0 -999.0} "" -999.0 -999.0 -999.0 -999.0 -999 -999 "" "" "" "" 0 0 0.0 0.0 -999 ""
FIBERMAP 1031 R+1C16 APOGEE 1 1 0 1 0 0 61.09835070014764 25.257981566476744 143.1 -43.341681050654934 49.921037564060704 333.20355 170.36229 198.96554743513963 -8.738299083085417 14.814708 -5.748519 2.256267 198.96559231580673 -8.738309905019829 198.97989752736544 -8.8848762439398 55.069899840996996 299.0619340830332 16000.0 16600.0 2016.0 2 114 {-999.0 12.347416 12.045845 11.967749 -999.0} sdss_psfmag_from_g3xp 12.311386 12.053106 11.640322 10.956 63050395165387084 974990890 "" ops_std_apogee ops_std standard_apogee 0 0 0.0 0.0 -999 ""
FIBERMAP 1031 R+1C16 BOSS 0 0 0 1 0 0 61.72438831705251 24.836064274629898 143.1 -43.14027743599527 50.648585898624866 333.20355 170.36229 -999.0 -999.0 -999.0 -999.0 -999.0 198.96607023134158 -8.735976188452334 198.98049089274718 -8.882637313956966 55.06893477561514 299.0656079610363 -999.0 5400.0 -999.0 1 198 {-999.0 -999.0 -999.0 -999.0 -999.0} "" -999.0 -999.0 -999.0 -999.0 -999 -999 "" "" "" "" 0 0 0.0 0.0 -999 ""
FIBERMAP 1031 R+1C16 METROLOGY 0 0 0 1 0 0 61.04833827513812 24.512631555567015 143.1 -42.619023771268175 50.11016191721158 333.20355 170.36229 -999.0 -999.0 -999.0 -999.0 -999.0 198.96769852495186 -8.73763487005828 198.9820876598278 -8.884267418477872 55.07118815693755 299.06515127142734 -999.0 6231.0 -999.0 -1 -999 {-999.0 -999.0 -999.0 -999.0 -999.0} "" -999.0 -999.0 -999.0 -999.0 -999 -999 "" "" "" "" 0 0 0.0 0.0 -999 ""
FIBERMAP 1033 R-9C16 APOGEE 0 0 0 1 0 0 162.9366564677215 -174.03367499758727 143.1 113.31840511049613 209.73863692939136 32.18443 83.369804 -999.0 -999.0 -999.0 -999.0 -999.0 199.44571020247412 -8.255331477711897 199.45972589543157 -8.401543115053196 55.12540773189492 300.2415691073276 -999.0 16600.0 -999.0 2 208 {-999.0 -999.0 -999.0 -999.0 -999.0} "" -999.0 -999.0 -999.0 -999.0 -999 -999 "" ops_sky_apogee_best_unassigned ops_sky sky_apogee 0 0 0.0 0.0 -999 ""
FIBERMAP 1033 R-9C16 BOSS 1 1 0 1 0 0 163.2835753040655 -174.69178642449725 143.1 113.8323649290605 210.27646840637826 32.18443 83.369804 199.44717407226562 -8.253593293483632 -999.0 -999.0 -999.0 199.44717338507326 -8.253594896944781 199.46130326136222 -8.399901929346838 55.12553977781091 300.2455229961937 5400.0 5400.0 2015.5 1 294 {-999.0 -999.0 -999.0 -999.0 -999.0} "" -999.0 -999.0 -999.0 -999.0 27021603139618882 811721616 "" ops_sky_boss_good ops_sky sky_boss 0 0 0.0 0.0 -999 ""
FIBERMAP 1033 R-9C16 METROLOGY 0 0 0 1 0 0 162.52885441749908 -174.6583213512766 143.1 114.040154462609 209.55017668232853 32.18443 83.369804 -999.0 -999.0 -999.0 -999.0 -999.0 199.4478665515813 -8.25577561738615 199.46196567754032 -8.402054349099554 55.127429876518526 300.2433882077236 -999.0 6231.0 -999.0 -1 -999 {-999.0 -999.0 -999.0 -999.0 -999.0} "" -999.0 -999.0 -999.0 -999.0 -999 -999 "" "" "" "" 0 0 0.0 0.0 -999 ""
FIBERMAP 1038 R+9C11 APOGEE 0 0 0 1 0 0 49.67982223511431 178.82046267240008 143.1 -185.33486019280187 -9.642268528959699 39.545746 89.072075 -999.0 -999.0 -999.0 -999.0 -999.0 198.52998518076092 -8.918309524419147 198.54433392558553 -9.065229214727033 54.84944892789923 298.34586624176734 -999.0 16600.0 -999.0 2 140 {-999.0 -999.0 -999.0 -999.0 -999.0} "" -999.0 -999.0 -999.0 -999.0 -999 -999 "" ops_sky_apogee_best_unassigned ops_sky sky_apogee 0 0 0.0 0.0 -999 ""
FIBERMAP 1038 R+9C11 BOSS 1 1 0 1 0 0 50.16162150693903 178.2440663028567 143.1 -184.94119395661852 -9.002469055327659 39.545746 89.072075 198.53105197608312 -8.916183049605376 -8.415055 -31.055176 3.5918288 198.53101159986417 -8.916281717083898 198.5454780976528 -9.063295396886023 54.84911779457458 298.3497136991126 5400.0 5400.0 2016.0 1 139 {-999.0 19.880287 18.439491 17.180561 -999.0} sdss_psfmag_ps1 19.377146 17.895086 16.740183 14.618 63050395165375968 1120206204 dark_1x1 openfibertargets_mwm_snc_further_ext_boss open_fiber science 0 0 0.0 0.0 -999 ""
FIBERMAP 1038 R+9C11 METROLOGY 0 0 0 1 0 0 49.40633390695936 178.12567537964568 143.1 -184.5892257199286 -9.681104170290732 39.545746 89.072075 -999.0 -999.0 -999.0 -999.0 -999.0 198.53209166130375 -8.918369600211214 198.54652628992835 -9.065355220751606 54.85121517630154 298.3480519199024 -999.0 6231.0 -999.0 -1 -999 {-999.0 -999.0 -999.0 -999.0 -999.0} "" -999.0 -999.0 -999.0 -999.0 -999 -999 "" "" "" "" 0 0 0.0 0.0 -999 ""
FIBERMAP 1045 R+11C11 APOGEE 0 0 0 1 0 0 77.85850223673167 212.38600322506522 143.1 -226.1066611548641 6.425847481075319 69.24095 23.593887 -999.0 -999.0 -999.0 -999.0 -999.0 198.40571391659645 -8.869310324620656 198.41999571486235 -9.016344672276386 54.72310626131071 298.2785775599874 -999.0 16600.0 -999.0 2 126 {-999.0 -999.0 -999.0 -999.0 -999.0} "" -999.0 -999.0 -999.0 -999.0 -999 -999 "" ops_sky_apogee_best_unassigned ops_sky sky_apogee 0 0 0.0 0.0 -999 ""
FIBERMAP 1045 R+11C11 BOSS 1 1 0 1 0 0 77.91283089264628 211.6513294582358 143.1 -225.42724208194184 6.710525943453158 69.24095 23.593887 198.4076057954247 -8.868341751052666 -999.0 -999.0 -999.0 198.4076262257138 -8.868357340654265 198.4220274233811 -9.015485121905957 54.724132726840445 298.2819134866551 5400.0 5400.0 2016.0 1 113 {-999.0 22.073326 21.293802 20.839664 20.497543} sdss_fiber2mag_from_lsdr10 1e+20 1e+20 1e+20 -999.0 63050397630619516 1131653009 dark_flexible_3x1 bhm_spiders_agn_lsdr10_d3 bhm_spiders science 0 0 0.0 0.0 -999 ""
FIBERMAP 1045 R+11C11 METROLOGY 0 0 0 1 0 0 77.24969479130199 211.96442243113722 143.1 -225.51367821907039 5.982335818386312 69.24095 23.593887 -999.0 -999.0 -999.0 -999.0 -999.0 198.40735463407194 -8.870587505220888 198.42172358312507 -9.01768827066443 54.72527813139147 298.2786134820885 -999.0 6231.0 -999.0 -1 -999 {-999.0 -999.0 -999.0 -999.0 -999.0} "" -999.0 -999.0 -999.0 -999.0 -999 -999 "" "" "" "" 0 0 0.0 0.0 -999 ""
FIBERMAP 1047 R+10C15 APOGEE 1 1 0 1 0 0 122.2017905198329 182.56315881425894 143.1 -211.89994676405843 57.9395496399843 249.92592 88.29334 198.43636522225793 -8.688673413005217 -6.513389 -7.2723413 0.76983 198.44954027133264 -8.713425285524853 198.46371056183443 -8.860445649176405 54.658909779450575 298.53548080728126 16000.0 16600.0 2016.0 2 77 {-999.0 11.921714 11.155428 10.876115 -999.0} sdss_psfmag_from_g3xp 11.7056265 11.191448 10.526259 9.16 63050395165377736 1110316920 bright_1x1 mwm_tess_rgb_apogee mwm_tessrgb science 0 0 0.0 0.0 -999 ""
FIBERMAP 1047 R+10C15 BOSS 0 0 0 1 0 0 121.50953452403081 182.81053552460185 143.1 -211.9148251720516 57.20460244451956 249.92592 88.29334 -999.0 -999.0 -999.0 -999.0 -999.0 198.44932350878645 -8.715542711391015 198.46361500296075 -8.86265850568229 54.66022786716852 298.5324035816239 -999.0 5400.0 -999.0 1 236 {-999.0 -999.0 -999.0 -999.0 -999.0} "" -999.0 -999.0 -999.0 -999.0 -999 -999 "" "" "" "" 0 0 0.0 0.0 -999 ""
FIBERMAP 1047 R+10C15 METROLOGY 0 0 0 1 0 0 122.09596271935317 183.30098327143057 143.1 -212.56600940681787 57.605036715985044 249.92592 88.29334 -999.0 -999.0 -999.0 -999.0 -999.0 198.4473452205408 -8.71434647403056 198.46160145621695 -8.86143707923618 54.65791286060506 298.531882719369 -999.0 6231.0 -999.0 -1 -999 {-999.0 -999.0 -999.0 -999.0 -999.0} "" -999.0 -999.0 -999.0 -999.0 -999 -999 "" "" "" "" 0 0 0.0 0.0 -999 ""
FIBERMAP 1048 R-5C8 APOGEE 0 0 0 1 0 0 -90.24079972010729 -104.0261112676169 143.1 127.28312148193596 -52.557270637486475 215.47261 113.115944 -999.0 -999.0 -999.0 -999.0 -999.0 199.48948119449557 -9.04960163410839 199.50416225984543 -9.195652955106597 55.6673386920126 299.2165061013708 -999.0 16600.0 -999.0 2 -999 {-999.0 -999.0 -999.0 -999.0 -999.0} "" -999.0 -999.0 -999.0 -999.0 -999 -999 "" "" "" "" 0 0 0.0 0.0 -999 ""
FIBERMAP 1048 R-5C8 BOSS 1 1 0 1 0 0 -90.88619265000796 -103.61954119086408 143.1 127.102413732551 -53.29830213452028 215.47261 113.115944 199.48886472814868 -9.051772779207814 1.3513952 -1.5950203 -0.45875162 199.4888722517257 -9.051781626465445 199.50366964378782 -9.197926003339205 55.66840422220562 299.2128431211435 5400.0 5400.0 2016.0 1 481 {-999.0 20.484413 20.218348 19.97703 19.779919} sdss_psfmag_from_gaiadr2 19.939245 20.260506 19.089842 -999.0 63050395165380871 1130021880 dark_flexible_3x1 bhm_gua_dark_d3 bhm_filler science 0 0 0.0 0.0 -999 ""
FIBERMAP 1048 R-5C8 METROLOGY 0 0 0 1 0 0 -90.22689447901318 -103.2782443937241 143.1 126.56953677325069 -52.78143272825615 215.47261 113.115944 -999.0 -999.0 -999.0 -999.0 -999.0 199.48728562351238 -9.050247644463763 199.502048872895 -9.196367383695762 55.66617873502259 299.21318090046066 -999.0 6231.0 -999.0 -1 -999 {-999.0 -999.0 -999.0 -999.0 -999.0} "" -999.0 -999.0 -999.0 -999.0 -999 -999 "" "" "" "" 0 0 0.0 0.0 -999 ""
FIBERMAP 1050 R+12C14 APOGEE 0 0 0 1 0 0 135.90251641664398 225.25416053084294 143.1 -256.7302332570544 57.3826969961126 202.18806 170.97267 -999.0 -999.0 -999.0 -999.0 -999.0 198.3131560413113 -8.714945387121364 198.3272972327984 -8.862082726887964 54.55506439311175 298.3870972515979 -999.0 16600.0 -999.0 2 56 {-999.0 -999.0 -999.0 -999.0 -999.0} "" -999.0 -999.0 -999.0 -999.0 -999 -999 "" ops_sky_apogee_best_unassigned ops_sky sky_apogee 0 0 0.0 0.0 -999 ""
FIBERMAP 1050 R+12C14 BOSS 1 1 0 1 0 0 135.17682344174747 225.08426025843286 143.1 -256.33881314700415 56.74847259687902 202.18806 170.97267 198.31420898437497 -8.71677899814263 -999.0 -999.0 -999.0 198.31421216608248 -8.716767794094405 198.3284752259367 -8.86399967749274 54.557173510481945 298.3857827843645 5400.0 5400.0 2015.5 1 93 {-999.0 -999.0 -999.0 -999.0 -999.0} "" -999.0 -999.0 -999.0 -999.0 27021603139612268 811720724 "" ops_sky_boss_good ops_sky sky_boss 0 0 0.0 0.0 -999 ""
FIBERMAP 1050 R+12C14 METROLOGY 0 0 0 1 0 0 135.4018993076218 225.8123407970549 143.1 -257.10065375506 56.7308345152966 202.18806 170.97267 -999.0 -999.0 -999.0 -999.0 -999.0 198.31188547655367 -8.71683489515635 198.32611400874202 -8.864041635278985 54.55538323090304 298.3832021145105 -999.0 6231.0 -999.0 -1 -999 {-999.0 -999.0 -999.0 -999.0 -999.0} "" -999.0 -999.0 -999.0 -999.0 -999 -999 "" "" "" "" 0 0 0.0 0.0 -999 ""
FIBERMAP 1052 R-8C18 APOGEE 0 0 0 1 0 0 200.26585840369566 -148.07075292060617 143.1 76.85178837262272 236.8966357725847 98.41304 12.891728 -999.0 -999.0 -999.0 -999.0 -999.0 199.3341207984804 -8.17333422708788 199.34804697283676 -8.319658924184537 54.9881635443181 300.2261943979625 -999.0 16600.0 -999.0 2 -999 {-999.0 -999.0 -999.0 -999.0 -999.0} "" -999.0 -999.0 -999.0 -999.0 -999 -999 "" "" "" "" 0 0 0.0 0.0 -999 ""
FIBERMAP 1052 R-8C18 BOSS 1 1 0 1 0 0 200.55536783465848 -148.76873182422213 143.1 77.42177271304303 237.39268085216594 98.41304 12.891728 199.33557952592378 -8.171691018503283 -52.963604 -21.500854 1.4337561 199.3357488211034 -8.171733325509319 199.34978988424996 -8.318153755025238 54.98850860250582 300.2301384599707 5400.0 5400.0 2016.0 1 275 {-999.0 15.981158 15.237466 15.126333 -999.0} sdss_psfmag_ps1 15.781236 15.327717 14.710251 13.476 63050395165388934 1136360055 dark_flexible_3x1 mwm_halo_local_high_boss_triple mwm_halo science 0 0 0.9958420991897583 0.0 -999 ""
FIBERMAP 1052 R-8C18 METROLOGY 0 0 0 1 0 0 199.80939546755565 -148.66332342672888 143.1 77.55856484003564 236.651852593998 98.41304 12.891728 -999.0 -999.0 -999.0 -999.0 -999.0 199.33621788380867 -8.173946731666504 199.3502280056922 -8.32033891747419 54.99025055102606 300.22771797954323 -999.0 6231.0 -999.0 -1 -999 {-999.0 -999.0 -999.0 -999.0 -999.0} "" -999.0 -999.0 -999.0 -999.0 -999 -999 "" "" "" "" 0 0 0.0 0.0 -999 ""
FIBERMAP 1055 R+1C11 APOGEE 0 0 0 1 0 0 -52.02276961542614 27.292427531711418 143.1 -9.370013458988618 -57.99277161343045 19.24566 153.37587 -999.0 -999.0 -999.0 -999.0 -999.0 199.0696577074201 -9.06608328800667 199.08425162069113 -9.212507899296407 55.35674228459346 298.7308262966553 -999.0 16600.0 -999.0 2 21 {-999.0 -999.0 -999.0 -999.0 -999.0} "" -999.0 -999.0 -999.0 -999.0 -999 -999 "" ops_sky_apogee_best_unassigned ops_sky sky_apogee 0 0 0.0 0.0 -999 ""
FIBERMAP 1055 R+1C11 BOSS 1 1 0 1 0 0 -51.26337268957967 27.207715167151107 143.1 -9.530691294544638 -57.24578162053135 19.24566 153.37587 199.06904491364767 -9.063754378408076 -0.6643114 -0.34993622 0.86203295 199.06904303567757 -9.063757755134779 199.08375147577283 -9.210276532262647 55.35495365959687 298.7333286225966 5400.0 5400.0 2016.0 1 31 {-999.0 20.678583 20.502682 20.352766 20.248653} sdss_psfmag_from_gaiadr2 20.494776 20.500046 19.8926 -999.0 63050395165369694 1130021717 dark_flexible_3x1 bhm_gua_dark_d3 bhm_filler science 0 0 0.0 0.0 -999 ""
FIBERMAP 1055 R+1C11 METROLOGY 0 0 0 1 0 0 -51.7264679059984 26.612900110403878 143.1 -8.819681548002064 -57.496141574889855 19.24566 153.37587 -999.0 -999.0 -999.0 -999.0 -999.0 199.0712613147835 -9.064551438373611 199.08593789074826 -9.21104169264468 55.357112047104884 298.7346738004408 -999.0 6231.0 -999.0 -1 -999 {-999.0 -999.0 -999.0 -999.0 -999.0} "" -999.0 -999.0 -999.0 -999.0 -999 -999 "" "" "" "" 0 0 0.0 0.0 -999 ""
FIBERMAP 1059 R+3C13 APOGEE 0 0 0 1 1 0 8.265748419960355 43.928834252587905 143.1 -44.27919302437299 -6.103466628369307 270.72473 105.773415 -999.0 -999.0 -999.0 -999.0 -999.0 198.96249264471786 -8.90841075723091 198.97693389053666 -9.054954004102104 55.175172538071095 298.8282708024067 -999.0 16600.0 -999.0 2 125 {-999.0 -999.0 -999.0 -999.0 -999.0} "" -999.0 -999.0 -999.0 -999.0 -999 -999 "" ops_sky_apogee_best_unassigned ops_sky sky_apogee 0 0 0.0 0.0 -999 ""
FIBERMAP 1059 R+3C13 BOSS 1 0 0 1 1 0 7.552921954764177 43.71381343812782 143.1 -43.8490703433939 -6.711170494482631 270.72473 105.773415 198.91770767438777 -8.846369794830235 -999.0 -999.0 -999.0 198.96366708027537 -8.910167852824456 198.9782271399364 -9.056803875432044 55.17733058217078 298.8271689290364 5400.0 5400.0 2016.0 1 111 {-999.0 21.370808 21.438797 21.091152 21.0163} sdss_fiber2mag_from_lsdr10 21.068035 20.894949 20.665907 -999.0 63050395165386967 1131653020 dark_flexible_3x1 bhm_spiders_agn_lsdr10_d3 bhm_spiders science 0 0 0.0 0.0 -999 ""
FIBERMAP 1059 R+3C13 METROLOGY 0 0 0 1 1 0 7.728048917809107 44.44165956134319 143.1 -44.59483655831629 -6.776098687647256 270.72473 105.773415 -999.0 -999.0 -999.0 -999.0 -999.0 198.9614039776703 -8.910389359772685 198.97593050431271 -9.057000686354206 55.17569525133033 298.8243955309166 -999.0 6231.0 -999.0 -1 -999 {-999.0 -999.0 -999.0 -999.0 -999.0} "" -999.0 -999.0 -999.0 -999.0 -999 -999 "" "" "" "" 0 0 0.0 0.0 -999 ""
FIBERMAP 1061 R+9C10 APOGEE 0 0 0 1 0 0 22.886137066044988 171.81712261759785 143.1 -170.19046141799674 -32.82700202367558 338.35602 125.521675 -999.0 -999.0 -999.0 -999.0 -999.0 198.57615450847894 -8.988711669665392 198.5905693767122 -9.135580694268995 54.92909951027693 298.3002169432124 -999.0 16600.0 -999.0 2 136 {-999.0 -999.0 -999.0 -999.0 -999.0} "" -999.0 -999.0 -999.0 -999.0 -999 -999 "" ops_sky_apogee_best_unassigned ops_sky sky_apogee 0 0 0.0 0.0 -999 ""
FIBERMAP 1061 R+9C10 BOSS 1 1 0 1 0 0 23.073618234252713 171.09755203621262 143.1 -169.56762222149726 -32.420853709620346 338.35602 125.521675 198.57787352152073 -8.987408662402968 -999.0 -999.0 -999.0 198.57787919283197 -8.98740371022408 198.59241228603685 -9.134365633236698 54.929757853795515 298.3038483374442 5400.0 5400.0 2016.0 1 131 {-999.0 21.785452 21.745943 21.49939 21.256351} sdss_psfmag_from_lsdr10 1e+20 1e+20 1e+20 -999.0 63050398345507752 1131650953 dark_flexible_3x1 bhm_spiders_agn_lsdr10_d3 bhm_spiders science 0 0 0.0 0.0 -999 ""
FIBERMAP 1061 R+9C10 METROLOGY 0 0 0 1 0 0 22.362381481436497 171.28052832398566 143.1 -169.51540847992095 -33.15336104849544 338.35602 125.521675 -999.0 -999.0 -999.0 -999.0 -999.0 198.5780476222375 -8.989655670239259 198.59254884640302 -9.136590404540293 54.93125566311413 298.3009756452062 -999.0 6231.0 -999.0 -1 -999 {-999.0 -999.0 -999.0 -999.0 -999.0} "" -999.0 -999.0 -999.0 -999.0 -999 -999 "" "" "" "" 0 0 0.0 0.0 -999 ""
FIBERMAP 1062 R-12C6 APOGEE 0 0 0 1 0 0 -55.79906512787412 -215.82507166704013 143.1 222.3668639750853 15.583661922960466 176.46225 52.197254 -999.0 -999.0 -999.0 -999.0 -999.0 199.78011098042674 -8.842820083283595 199.7946875843876 -8.988638312180925 55.75649296795735 299.82420843983573 -999.0 16600.0 -999.0 2 -999 {-999.0 -999.0 -999.0 -999.0 -999.0} "" -999.0 -999.0 -999.0 -999.0 -999 -999 "" "" "" "" 0 0 0.0 0.0 -999 ""
FIBERMAP 1062 R-12C6 BOSS 1 1 0 1 0 0 -55.31565005537496 -215.33042519135455 143.1 221.7443911673235 15.885080516168166 176.46225 52.197254 199.77813720703125 -8.84180657032745 -999.0 -999.0 -999.0 199.77814221882863 -8.841811778873355 199.79283099272993 -8.987725397428068 55.75449986522364 299.82336784012557 5400.0 5400.0 2015.5 1 365 {-999.0 -999.0 -999.0 -999.0 -999.0} "" -999.0 -999.0 -999.0 -999.0 27021603139614643 811720995 "" ops_sky_boss_good ops_sky sky_boss 0 0 0.0 0.0 -999 ""
FIBERMAP 1062 R-12C6 METROLOGY 0 0 0 1 0 0 -55.06608056274967 -215.97417513475776 143.1 222.27562799365475 16.326041728114216 176.46225 52.197254 -999.0 -999.0 -999.0 -999.0 -999.0 199.77982551195444 -8.84049964161457 199.7944814080363 -8.986385442073898 55.75489392614596 299.82705173608764 -999.0 6231.0 -999.0 -1 -999 {-999.0 -999.0 -999.0 -999.0 -999.0} "" -999.0 -999.0 -999.0 -999.0 -999 -999 "" "" "" "" 0 0 0.0 0.0 -999 ""
FIBERMAP 1065 R-10C5 APOGEE 0 0 0 1 1 0 -75.95855209428106 -202.10002029903913 143.1 215.74990265011758 -7.888628266737878 349.9628 95.3511 -999.0 -999.0 -999.0 -999.0 -999.0 199.76002348328421 -8.913917354104107 199.77465524638308 -9.059743223045542 55.78677130670794 299.7045457692945 -999.0 16600.0 -999.0 2 -999 {-999.0 -999.0 -999.0 -999.0 -999.0} "" -999.0 -999.0 -999.0 -999.0 -999 -999 "" "" "" "" 0 0 0.0 0.0 -999 ""
FIBERMAP 1065 R-10C5 BOSS 1 0 0 1 1 0 -76.01631975953778 -202.81564804585312 143.1 216.44683677197202 -7.716290741376992 349.9628 95.3511 199.7305237831175 -9.007560405555347 0.8799592 0.5477806 0.5266426 199.76208100718816 -8.913301475604232 199.77682623971282 -9.059218691860151 55.788085094103934 299.7077000510791 5400.0 5400.0 2016.0 1 423 {-999.0 20.023102 19.299786 18.888245 18.606955} sdss_fiber2mag_from_lsdr10 19.095259 19.629204 17.831173 15.864 63050395165380137 1058904420 dark_flexible_2x1 bhm_spiders_agn_lsdr10 bhm_spiders science 0 0 0.0 0.0 -999 ""
FIBERMAP 1065 R-10C5 METROLOGY 0 0 0 1 1 0 -76.63390711615338 -202.42156937962858 143.1 216.26914956126103 -8.426990992672417 349.9628 95.3511 -999.0 -999.0 -999.0 -999.0 -999.0 199.76160631603906 -8.915482260713858 199.77632110668344 -9.061373181689223 55.789078264524385 299.7041857262401 -999.0 6231.0 -999.0 -1 -999 {-999.0 -999.0 -999.0 -999.0 -999.0} "" -999.0 -999.0 -999.0 -999.0 -999 -999 "" "" "" "" 0 0 0.0 0.0 -999 ""
FIBERMAP 1066 R-11C10 APOGEE 0 0 0 1 0 0 45.596868607795386 -213.07378973407145 143.1 187.57826680380037 110.86012539882385 352.2095 126.39721 -999.0 -999.0 -999.0 -999.0 -999.0 199.67336128166173 -8.554358271144578 199.68767227840112 -8.700317747133067 55.49032816202779 300.09551737864075 -999.0 16600.0 -999.0 2 175 {-999.0 -999.0 -999.0 -999.0 -999.0} "" -999.0 -999.0 -999.0 -999.0 -999 -999 "" ops_sky_apogee_best_unassigned ops_sky sky_apogee 0 0 0.0 0.0 -999 ""
FIBERMAP 1066 R-11C10 BOSS 1 1 0 1 0 0 45.95652808648198 -213.71872872701337 143.1 188.07569228794557 111.40585781849927 352.2095 126.39721 199.674781943407 -8.55261038339922 -999.0 -999.0 -999.0 199.67479787839096 -8.552592983670726 199.68922181724747 -8.698646263330554 55.490424793905866 300.0995154683443 5400.0 5400.0 2016.0 1 417 {-999.0 21.060978 20.936659 20.812742 20.765167} sdss_psfmag_from_gaiadr2 20.582458 20.929647 20.180775 -999.0 63050395165382453 1130021905 dark_flexible_3x1 bhm_gua_dark_d3 bhm_filler science 0 0 0.0 0.0 -999 ""
FIBERMAP 1066 R-11C10 METROLOGY 0 0 0 1 0 0 45.23489934254954 -213.72573887373477 143.1 188.31136048538437 110.723791500849 352.2095 126.39721 -999.0 -999.0 -999.0 -999.0 -999.0 199.67558475101688 -8.554666936640315 199.689978251997 -8.700692298303034 55.49231387987212 300.0976007157837 -999.0 6231.0 -999.0 -1 -999 {-999.0 -999.0 -999.0 -999.0 -999.0} "" -999.0 -999.0 -999.0 -999.0 -999 -999 "" "" "" "" 0 0 0.0 0.0 -999 ""
FIBERMAP 1067 R+3C14 APOGEE 1 0 1 1 0 0 34.33661396646131 66.02099332421764 143.1 -73.50230470371555 11.607161396502272 10.94096 169.80626 198.85909726751467 -8.824330718405212 -8.803498 -5.8818955 0.22515126 198.87279142839958 -8.854514482448584 198.88716871713848 -9.001144906358903 55.07244278827181 298.80345227318867 16000.0 16600.0 2016.0 2 122 {-999.0 13.738396 13.0898485 12.818388 -999.0} sdss_psfmag_from_g3xp 13.562217 13.107519 12.46662 11.162 63050395165386996 1110217961 bright_flexible_3x1 mwm_tess_rgb_apogee mwm_tessrgb science 0 0 0.0 0.0 -999 ""
FIBERMAP 1067 R+3C14 BOSS 0 0 1 1 0 0 35.06667376212119 65.93476428644207 143.1 -73.65223371871704 12.326813526699667 10.94096 169.80626 -999.0 -999.0 -999.0 -999.0 -999.0 198.8721721196934 -8.852226988477534 198.88666501500518 -8.998952749747357 55.07067369802918 298.80587450997143 -999.0 5400.0 -999.0 1 102 {-999.0 -999.0 -999.0 -999.0 -999.0} "" -999.0 -999.0 -999.0 -999.0 -999 -999 "" "" "" "" 0 0 0.0 0.0 -999 ""
FIBERMAP 1067 R+3C14 METROLOGY 0 0 1 1 0 0 34.63364778274297 65.32803595847545 143.1 -72.9394700703821 12.108747876058558 10.94096 169.80626 -999.0 -999.0 -999.0 -999.0 -999.0 198.87438689735447 -8.85291788676516 198.88884752555373 -8.999614827310943 55.0727638282773 298.80735292320037 -999.0 6231.0 -999.0 -1 -999 {-999.0 -999.0 -999.0 -999.0 -999.0} "" -999.0 -999.0 -999.0 -999.0 -999 -999 "" "" "" "" 0 0 0.0 0.0 -999 ""
FIBERMAP 1072 R-5C17 APOGEE 0 0 0 1 0 0 130.95672988973064 -95.76410869750787 143.1 49.24792410069435 154.57324166712777 292.685 171.90741 -999.0 -999.0 -999.0 -999.0 -999.0 199.2499529950807 -8.421417812036573 199.26406390754767 -8.567779841332527 55.084214798886315 299.80147080005383 -999.0 16600.0 -999.0 2 -999 {-999.0 -999.0 -999.0 -999.0 -999.0} "" -999.0 -999.0 -999.0 -999.0 -999 -999 "" "" "" "" 0 0 0.0 0.0 -999 ""
FIBERMAP 1072 R-5C17 BOSS 1 1 0 1 0 0 131.15038289141137 -96.4735114912582 143.1 49.85916286596446 154.98201556433378 292.685 171.90741 199.2517331308755 -8.420024724610595 0.11629221 -0.086887605 0.16076884 199.25172975863788 -8.420026055834505 199.26595601364045 -8.566482639598002 55.084818820638596 299.80530594128675 5400.0 5400.0 2016.0 1 296 {-999.0 19.850115 19.687784 19.543005 19.405643} sdss_psfmag_from_gdr3 19.798655 19.68033 19.146954 -999.0 63050395165388519 1128635002 dark_flexible_3x1 bhm_spiders_agn_gaiadr3_d3 bhm_spiders science 0 0 0.0 0.0 -999 ""
FIBERMAP 1072 R-5C17 METROLOGY 0 0 0 1 0 0 130.42869810723116 -96.29390172640358 143.1 49.91788479865353 154.24066920495187 292.685 171.90741 -999.0 -999.0 -999.0 -999.0 -999.0 199.251949933717 -8.42227663172251 199.26614516226437 -8.568705480745766 55.086387616323194 299.80253519985655 -999.0 6231.0 -999.0 -1 -999 {-999.0 -999.0 -999.0 -999.0 -999.0} "" -999.0 -999.0 -999.0 -999.0 -999 -999 "" "" "" "" 0 0 0.0 0.0 -999 ""
FIBERMAP 1073 R+13C13 APOGEE 1 1 0 1 0 0 118.07378224024038 266.7949527436251 143.1 -290.4634298059194 27.292781351240397 127.00018 97.89718 198.21048397015767 -8.805675659794566 -4.88094 1.7676744 0.7272624 198.2104742423479 -8.805711076015372 198.22466240890833 -8.952922306548977 54.53291184388983 298.1555382388408 16000.0 16600.0 2016.0 2 58 {-999.0 11.890252 11.181791 10.918172 -999.0} sdss_psfmag_from_g3xp 11.699391 11.218824 10.571825 9.243 63050395165377528 974990625 "" ops_std_apogee ops_std standard_apogee 0 0 0.0 0.0 -999 ""
FIBERMAP 1073 R+13C13 BOSS 0 0 0 1 0 0 118.59542757046327 267.35295096844754 143.1 -291.15810949494175 27.61034641798405 127.00018 97.89718 -999.0 -999.0 -999.0 -999.0 -999.0 198.20829427674823 -8.80465500181689 198.2226018015923 -8.951963714861005 54.530723847974095 298.15463472857806 -999.0 5400.0 -999.0 1 96 {-999.0 -999.0 -999.0 -999.0 -999.0} "" -999.0 -999.0 -999.0 -999.0 -999 -999 "" "" "" "" 0 0 0.0 0.0 -999 ""
FIBERMAP 1073 R+13C13 METROLOGY 0 0 0 1 0 0 118.80162266203295 266.61634648477906 143.1 -290.5250569153536 28.0396463715343 127.00018 97.89718 -999.0 -999.0 -999.0 -999.0 -999.0 198.21018773207334 -8.803383337192558 198.22446050651763 -8.95066357932965 54.53134413093614 298.1583616292114 -999.0 6231.0 -999.0 -1 -999 {-999.0 -999.0 -999.0 -999.0 -999.0} "" -999.0 -999.0 -999.0 -999.0 -999 -999 "" "" "" "" 0 0 0.0 0.0 -999 ""
FIBERMAP 1075 R-7C7 APOGEE 0 0 0 1 0 0 -65.22922374884931 -132.47267514399434 143.1 146.32000231772244 -19.81182801989686 18.24053 112.931114 -999.0 -999.0 -999.0 -999.0 -999.0 199.54784260844914 -8.950242335220047 199.56245496198778 -9.096255836243536 55.64864350286447 299.41738944084904 -999.0 16600.0 -999.0 2 267 {-999.0 -999.0 -999.0 -999.0 -999.0} "" -999.0 -999.0 -999.0 -999.0 -999 -999 "" ops_sky_apogee_best_unassigned ops_sky sky_apogee 0 0 0.0 0.0 -999 ""
FIBERMAP 1075 R-7C7 BOSS 1 1 0 1 0 0 -64.74364786139903 -133.026881999635 143.1 146.69142857182854 -19.175489543230565 18.24053 112.931114 199.54895419616014 -8.948200226310325 -999.0 -999.0 -999.0 199.5489318583112 -8.948226821743257 199.56365723939678 -9.094332865075838 55.648335654824784 299.421357124119 5400.0 5400.0 2016.0 1 362 {-999.0 22.044249 21.75834 21.334864 21.023924} sdss_fiber2mag_from_lsdr10 1e+20 1e+20 1e+20 -999.0 63050397630020295 1131650971 dark_flexible_3x1 bhm_spiders_agn_lsdr10_d3 bhm_spiders science 0 0 0.0 0.0 -999 ""
FIBERMAP 1075 R-7C7 METROLOGY 0 0 0 1 0 0 -65.45697300205899 -133.18575620133487 143.1 147.06846797297783 -19.80148533478299 18.24053 112.931114 -999.0 -999.0 -999.0 -999.0 -999.0 199.55013604602212 -8.95015359749283 199.56483087550953 -9.09623183297509 55.65043801620238 299.4200679343464 -999.0 6231.0 -999.0 -1 -999 {-999.0 -999.0 -999.0 -999.0 -999.0} "" -999.0 -999.0 -999.0 -999.0 -999 -999 "" "" "" "" 0 0 0.0 0.0 -999 ""
FIBERMAP 1076 R-13C6 APOGEE 0 0 0 1 0 0 -12.107700406915466 -258.1241017183135 143.1 248.6111349877168 70.43869445371006 66.31376 12.167156 -999.0 -999.0 -999.0 -999.0 -999.0 199.8595646920788 -8.676850956625769 199.87401948297077 -8.822621464518518 55.710001469912534 300.1396410674924 -999.0 16600.0 -999.0 2 263 {-999.0 -999.0 -999.0 -999.0 -999.0} "" -999.0 -999.0 -999.0 -999.0 -999 -999 "" ops_sky_apogee_best_unassigned ops_sky sky_apogee 0 0 0.0 0.0 -999 ""
FIBERMAP 1076 R-13C6 BOSS 1 1 0 1 0 0 -12.257849087400214 -258.8727800539704 143.1 249.36872827080575 70.53391997893429 66.31376 12.167156 199.8617566046434 -8.67641264381366 8.029338 -18.869581 0.20713373 199.8617591684645 -8.676469009728816 199.87632731562417 -8.822331636398308 55.71156020582735 300.1426403681665 5400.0 5400.0 2016.0 1 357 {-999.0 18.032547 17.509398 17.391367 -999.0} sdss_psfmag_ps1 17.902895 17.583809 17.047766 15.959 63050395165382016 944494058 bright_1x1 openfibertargets_nov2020_6c open_fiber science 0 0 0.0 0.0 -999 ""
FIBERMAP 1076 R-13C6 METROLOGY 0 0 0 1 0 0 -12.824842034988063 -258.36818548638627 143.1 249.07018637012263 69.83612230141307 66.31376 12.167156 -999.0 -999.0 -999.0 -999.0 -999.0 199.8609377173337 -8.678591531876517 199.8754753973036 -8.824427924695925 55.712265253102586 300.13883075042486 -999.0 6231.0 -999.0 -1 -999 {-999.0 -999.0 -999.0 -999.0 -999.0} "" -999.0 -999.0 -999.0 -999.0 -999 -999 "" "" "" "" 0 0 0.0 0.0 -999 ""
FIBERMAP 1077 R-13C11 APOGEE 1 1 0 1 0 0 76.97676246321086 -272.6165430719214 143.1 234.0813051979905 159.51327173337046 319.93582 50.840862 199.81430134887543 -8.407855658349364 -14.02548 -4.594233 0.6060366 199.8142387220054 -8.40783407891578 199.82845731157056 -8.553687129939984 55.50202220020517 300.45183013706435 16000.0 16600.0 2016.0 2 159 {-999.0 14.126531 13.327164 13.046221 -999.0} sdss_psfmag_from_g3xp 13.89558 13.371321 12.696487 11.32 63050395165385443 1107755718 bright_flexible_3x1 mwm_tess_rgb_apogee mwm_tessrgb science 0 0 0.0 0.0 -999 ""
FIBERMAP 1077 R-13C11 BOSS 0 0 0 1 0 0 76.2607562578475 -272.7546922570793 143.1 234.4395427913317 158.87815617234662 319.93582 50.840862 -999.0 -999.0 -999.0 -999.0 -999.0 199.81520264415494 -8.409670198675567 199.82953652885305 -8.555617407519561 55.50408500680036 300.45045141271476 -999.0 5400.0 -999.0 1 351 {-999.0 -999.0 -999.0 -999.0 -999.0} "" -999.0 -999.0 -999.0 -999.0 -999 -999 "" "" "" "" 0 0 0.0 0.0 -999 ""
FIBERMAP 1077 R-13C11 METROLOGY 0 0 0 1 0 0 76.48828571639186 -272.0504532230172 143.1 233.69953142154623 158.87041122656052 319.93582 50.840862 -999.0 -999.0 -999.0 -999.0 -999.0 199.81303675539357 -8.409680430411376 199.82733801938116 -8.55560261205951 55.50241803171183 300.4479871380015 -999.0 6231.0 -999.0 -1 -999 {-999.0 -999.0 -999.0 -999.0 -999.0} "" -999.0 -999.0 -999.0 -999.0 -999 -999 "" "" "" "" 0 0 0.0 0.0 -999 ""
FIBERMAP 1079 R+9C17 APOGEE 0 0 0 1 0 0 174.95417594586607 162.7985234739653 143.1 -209.89978717486466 114.23511739261986 304.4684 112.59069 -999.0 -999.0 -999.0 -999.0 -999.0 198.45643403558998 -8.543143525620751 198.47047327589917 -8.6901839990229 54.55681089295167 298.77101967660684 -999.0 16600.0 -999.0 2 -999 {-999.0 -999.0 -999.0 -999.0 -999.0} "" -999.0 -999.0 -999.0 -999.0 -999 -999 "" "" "" "" 0 0 0.0 0.0 -999 ""
FIBERMAP 1079 R+9C17 BOSS 1 1 0 1 0 0 174.59645788579635 162.1822626931492 143.1 -209.20188449821634 114.0914884509326 304.4684 112.59069 198.4584045410156 -8.543460774728771 -999.0 -999.0 -999.0 198.45841144028714 -8.543466659084045 198.47257102126252 -8.6906017054609 54.55868261981678 298.7727191420196 5400.0 5400.0 2015.5 1 251 {-999.0 -999.0 -999.0 -999.0 -999.0} "" -999.0 -999.0 -999.0 -999.0 27021603139612399 811720665 "" ops_sky_boss_good ops_sky sky_boss 0 0 0.0 0.0 -999 ""
FIBERMAP 1079 R+9C17 METROLOGY 0 0 0 1 0 0 174.20670128752914 162.82644930323102 143.1 -209.68904471203086 113.51745494148673 304.4684 112.59069 -999.0 -999.0 -999.0 -999.0 -999.0 198.45691743667885 -8.545210265231798 198.47104414591251 -8.692319030244818 54.55859658452744 298.76877909470164 -999.0 6231.0 -999.0 -1 -999 {-999.0 -999.0 -999.0 -999.0 -999.0} "" -999.0 -999.0 -999.0 -999.0 -999 -999 "" "" "" "" 0 0 0.0 0.0 -999 ""
FIBERMAP 1082 R-2C22 APOGEE 0 0 0 1 0 0 216.54749187300604 -47.14907907648631 143.1 -24.0153628130343 220.30669012104755 357.04175 86.90319 -999.0 -999.0 -999.0 -999.0 -999.0 199.025671998707 -8.222816641185304 199.03957646794004 -8.369408786058862 54.78662822629063 299.8184298048433 -999.0 16600.0 -999.0 2 -999 {-999.0 -999.0 -999.0 -999.0 -999.0} "" -999.0 -999.0 -999.0 -999.0 -999 -999 "" "" "" "" 0 0 0.0 0.0 -999 ""
FIBERMAP 1082 R-2C22 BOSS 1 1 0 1 0 0 216.4944648077327 -47.877854650359296 143.1 -23.307465650514846 220.48769564336163 357.04175 86.90319 199.02770683538313 -8.222133296525534 -999.0 -999.0 -999.0 199.02771703308923 -8.222133200750756 199.04173861145557 -8.368820725950508 54.7878912111052 299.8215928793488 5400.0 5400.0 2016.0 1 311 {-999.0 21.69023 21.664259 21.657648 21.664444} sdss_psfmag_from_lsdr10 1e+20 1e+20 1e+20 -999.0 63050399059945840 1131657051 dark_flexible_3x1 bhm_spiders_agn_lsdr10_d3 bhm_spiders science 0 0 0.0 0.0 -999 ""
FIBERMAP 1082 R-2C22 METROLOGY 0 0 0 1 0 0 215.86999871815974 -47.466098384940096 143.1 -23.499732728343748 219.76486229307102 357.04175 86.90319 -999.0 -999.0 -999.0 -999.0 -999.0 199.02715476277345 -8.22430248418738 199.0411447409325 -8.370962653365368 54.7888153508711 299.81809016348836 -999.0 6231.0 -999.0 -1 -999 {-999.0 -999.0 -999.0 -999.0 -999.0} "" -999.0 -999.0 -999.0 -999.0 -999 -999 "" "" "" "" 0 0 0.0 0.0 -999 ""
FIBERMAP 1084 R-6C17 APOGEE 0 0 0 1 0 0 116.35161719065536 -128.45919043757792 143.1 84.88650944651285 151.10013143971622 284.61923 22.79462 -999.0 -999.0 -999.0 -999.0 -999.0 199.35913938450534 -8.432087836155567 199.3732820195538 -8.578350338404352 55.17383164195921 299.90849485388026 -999.0 16600.0 -999.0 2 209 {-999.0 -999.0 -999.0 -999.0 -999.0} "" -999.0 -999.0 -999.0 -999.0 -999 -999 "" ops_sky_apogee_best_unassigned ops_sky sky_apogee 0 0 0.0 0.0 -999 ""
FIBERMAP 1084 R-6C17 BOSS 1 1 0 1 0 0 115.87226045173419 -127.90492840202288 143.1 84.5130571183802 150.46967281567095 284.61923 22.79462 199.35791015625 -8.433851235106985 -999.0 -999.0 -999.0 199.357914698377 -8.433840360817232 199.37217411800896 -8.580199439412683 55.17417913111207 299.9047809127679 5400.0 5400.0 2015.5 1 295 {-999.0 -999.0 -999.0 -999.0 -999.0} "" -999.0 -999.0 -999.0 -999.0 27021603139618537 811721591 "" ops_sky_boss_good ops_sky sky_boss 0 0 0.0 0.0 -999 ""
FIBERMAP 1084 R-6C17 METROLOGY 0 0 0 1 0 0 116.60972619436643 -127.75489393297366 143.1 84.13673865770141 151.12136559006967 284.61923 22.79462 -999.0 -999.0 -999.0 -999.0 -999.0 199.3568027234323 -8.431876171584081 199.37102754279135 -8.578209424406975 55.17203219342214 299.9061775533702 -999.0 6231.0 -999.0 -1 -999 {-999.0 -999.0 -999.0 -999.0 -999.0} "" -999.0 -999.0 -999.0 -999.0 -999 -999 "" "" "" "" 0 0 0.0 0.0 -999 ""
FIBERMAP 1088 R+6C21 APOGEE 0 0 0 1 1 0 242.12185742978525 122.98589091070994 143.1 -193.46386107030327 190.5626843527027 63.73209 64.72035 -999.0 -999.0 -999.0 -999.0 -999.0 198.5078659136593 -8.312815038412658 198.52173671727314 -8.459846504470367 54.450147357678205 299.1332872924927 -999.0 16600.0 -999.0 2 88 {-999.0 -999.0 -999.0 -999.0 -999.0} "" -999.0 -999.0 -999.0 -999.0 -999 -999 "" ops_sky_apogee_best_unassigned ops_sky sky_apogee 0 0 0.0 0.0 -999 ""
FIBERMAP 1088 R+6C21 BOSS 1 0 0 1 1 0 242.576807253798 122.40994989764435 143.1 -193.062105515839 191.1768790752716 63.73209 64.72035 198.58869143816304 -8.379394706001975 -18.585144 -4.20321 0.39678586 198.5089873179011 -8.310872080805527 198.52297641607765 -8.45800018999745 54.44992126673717 299.1370795191596 5400.0 5400.0 2016.0 1 262 {-999.0 17.829334 17.027319 16.57845 -999.0} sdss_psfmag_ps1 17.430603 17.008163 16.363659 15.112 63050395165389612 944494164 bright_1x1 openfibertargets_nov2020_6c open_fiber science 0 0 0.0 0.0 -999 ""
FIBERMAP 1088 R+6C21 METROLOGY 0 0 0 1 1 0 241.85093575973815 122.29153866654025 143.1 -192.71945370746002 190.52614449873298 63.73209 64.72035 -999.0 -999.0 -999.0 -999.0 -999.0 198.51001254911074 -8.312819627066585 198.52396948011267 -8.459918964441213 54.45189887667702 299.1356043461616 -999.0 6231.0 -999.0 -1 -999 {-999.0 -999.0 -999.0 -999.0 -999.0} "" -999.0 -999.0 -999.0 -999.0 -999 -999 "" "" "" "" 0 0 0.0 0.0 -999 ""
FIBERMAP 1089 R+7C13 APOGEE 0 0 0 1 0 0 46.49030616134182 119.93441746964238 143.1 -128.4833800184316 6.021699295771224 277.48108 71.2745 -999.0 -999.0 -999.0 -999.0 -999.0 198.70407704302 -8.871194384942468 198.7184288379002 -9.017969998948017 54.95361041127009 298.59756352262235 -999.0 16600.0 -999.0 2 91 {-999.0 -999.0 -999.0 -999.0 -999.0} "" -999.0 -999.0 -999.0 -999.0 -999 -999 "" ops_sky_apogee_best_unassigned ops_sky sky_apogee 0 0 0.0 0.0 -999 ""
FIBERMAP 1089 R+7C13 BOSS 1 1 0 1 0 0 45.766406486465705 120.03637727311627 143.1 -128.3503228626321 5.302896139393733 277.48108 71.2745 198.70430046334462 -8.873282606035133 -0.22260825 0.66710484 0.18460801 198.70429780177602 -8.87327855350182 198.71876963419277 -9.020148211124818 54.95524212953098 298.5949832132012 5400.0 5400.0 2016.0 1 156 {-999.0 20.423107 19.844414 19.35729 18.924398} sdss_psfmag_from_gaiadr2 20.598053 20.048382 19.144531 -999.0 63050395165376099 1130021798 dark_flexible_3x1 bhm_gua_dark_d3 bhm_filler science 0 0 0.0 0.0 -999 ""
FIBERMAP 1089 R+7C13 METROLOGY 0 0 0 1 0 0 46.22756971159272 120.62667626416228 143.1 -129.05643705903694 5.552857313008082 277.48108 71.2745 -999.0 -999.0 -999.0 -999.0 -999.0 198.70215478194842 -8.872542247296652 198.71659201016837 -9.019387094711382 54.953091385620496 298.5936579958396 -999.0 6231.0 -999.0 -1 -999 {-999.0 -999.0 -999.0 -999.0 -999.0} "" -999.0 -999.0 -999.0 -999.0 -999 -999 "" "" "" "" 0 0 0.0 0.0 -999 ""
FIBERMAP 1090 R+2C22 APOGEE 0 0 0 1 0 0 200.52239627868752 26.048366916968302 143.1 -88.33968728344048 181.8803311694756 261.5186 120.23366 -999.0 -999.0 -999.0 -999.0 -999.0 198.82855590807145 -8.338648475469766 198.84251265458965 -8.48539657050609 54.71106576337907 299.44786173256364 -999.0 16600.0 -999.0 2 -999 {-999.0 -999.0 -999.0 -999.0 -999.0} "" -999.0 -999.0 -999.0 -999.0 -999 -999 "" "" "" "" 0 0 0.0 0.0 -999 ""
FIBERMAP 1090 R+2C22 BOSS 1 1 0 1 0 0 199.84030811646878 25.735128313924022 143.1 -87.82618398624527 181.33294621433592 261.5186 120.23366 198.82999014065808 -8.34013814315111 -0.23322432 0.30705965 -0.62073463 198.82997928655325 -8.34015398223619 198.84405560000164 -8.486997388373865 54.71326224193075 299.44741387664317 5400.0 5400.0 2016.0 1 232 {-999.0 19.761625 19.598923 19.579714 19.592785} sdss_psfmag_from_lsdr10 19.838903 19.641445 19.251064 -999.0 63050395165389467 1131657049 dark_flexible_3x1 bhm_spiders_agn_lsdr10_d3 bhm_spiders science 0 0 0.0 0.0 -999 ""
FIBERMAP 1090 R+2C22 METROLOGY 0 0 0 1 0 0 199.92856468732433 26.503188044330628 143.1 -88.5825133755707 181.1728799214108 261.5186 120.23366 -999.0 -999.0 -999.0 -999.0 -999.0 198.8276844131756 -8.340639617558871 198.8417271842751 -8.487457533643473 54.71178272825478 299.44425678400495 -999.0 6231.0 -999.0 -1 -999 {-999.0 -999.0 -999.0 -999.0 -999.0} "" -999.0 -999.0 -999.0 -999.0 -999 -999 "" "" "" "" 0 0 0.0 0.0 -999 ""
FIBERMAP 1097 R-1C6 APOGEE 0 0 0 1 0 0 -155.02285808367105 -7.830980657870638 143.1 56.624855515605425 -144.5165624166669 72.09611 81.43804 -999.0 -999.0 -999.0 -999.0 -999.0 199.27228342348934 -9.3284068501598 199.28714149844666 -9.474611570521201 55.677210488646665 298.59312714974976 -999.0 16600.0 -999.0 2 -999 {-999.0 -999.0 -999.0 -999.0 -999.0} "" -999.0 -999.0 -999.0 -999.0 -999 -999 "" "" "" "" 0 0 0.0 0.0 -999 ""
FIBERMAP 1097 R-1C6 BOSS 1 1 0 1 0 0 -154.27360231763708 -8.28475287644021 143.1 56.81736054990817 -143.66206165188336 72.09611 81.43804 199.27276611328125 -9.32580923185995 -999.0 -999.0 -999.0 199.27278737427088 -9.325790805454794 199.2877589170248 -9.47208733607348 55.67610002350968 298.5972899257226 5400.0 5400.0 2015.5 1 461 {-999.0 -999.0 -999.0 -999.0 -999.0} "" -999.0 -999.0 -999.0 -999.0 27021603139608234 811720027 "" ops_sky_boss_good ops_sky sky_boss 0 0 0.0 0.0 -999 ""
FIBERMAP 1097 R-1C6 METROLOGY 0 0 0 1 0 0 -154.96093150953288 -8.576408934911166 143.1 57.31206132746735 -144.2212660374969 72.09611 81.43804 -999.0 -999.0 -999.0 -999.0 -999.0 199.2743445375911 -9.32752455231925 199.28928516440976 -9.473793388571654 55.678342847968686 298.5966106770859 -999.0 6231.0 -999.0 -1 -999 {-999.0 -999.0 -999.0 -999.0 -999.0} "" -999.0 -999.0 -999.0 -999.0 -999 -999 "" "" "" "" 0 0 0.0 0.0 -999 ""
FIBERMAP 1102 R+4C17 APOGEE 0 0 0 1 0 0 130.02360864440644 75.75172423178068 143.1 -113.09740286075039 99.25502780093389 28.4042 77.29324 -999.0 -999.0 -999.0 -999.0 -999.0 198.75194294260618 -8.588521380059111 198.76608152837366 -8.735298269741103 54.811658902342906 299.03030888005287 -999.0 16600.0 -999.0 2 66 {-999.0 -999.0 -999.0 -999.0 -999.0} "" -999.0 -999.0 -999.0 -999.0 -999 -999 "" ops_sky_apogee_best_unassigned ops_sky sky_apogee 0 0 0.0 0.0 -999 ""
FIBERMAP 1102 R+4C17 BOSS 1 1 0 1 0 0 130.2409198233998 75.03710844402981 143.1 -112.48872913793204 99.68789021214575 28.4042 77.29324 198.75366210937497 -8.58707760906023 -999.0 -999.0 -999.0 198.75364316529618 -8.587071257865784 198.76789925062053 -8.733942656974559 54.812189679374264 299.0341043886541 5400.0 5400.0 2015.5 1 218 {-999.0 -999.0 -999.0 -999.0 -999.0} "" -999.0 -999.0 -999.0 -999.0 27021603139618213 811721519 "" ops_sky_boss_good ops_sky sky_boss 0 0 0.0 0.0 -999 ""
FIBERMAP 1102 R+4C17 METROLOGY 0 0 0 1 0 0 129.5133923154412 75.21029986801386 143.1 -112.42206666982209 98.9430404022588 28.4042 77.29324 -999.0 -999.0 -999.0 -999.0 -999.0 198.75386082457337 -8.589343851253714 198.76808523622174 -8.736187563572734 54.81375450033537 299.03129291681523 -999.0 6231.0 -999.0 -1 -999 {-999.0 -999.0 -999.0 -999.0 -999.0} "" -999.0 -999.0 -999.0 -999.0 -999 -999 "" "" "" "" 0 0 0.0 0.0 -999 ""
FIBERMAP 1110 R-12C9 APOGEE 0 0 0 1 0 0 38.58277161058719 -224.3565440515059 143.1 200.50328165412827 107.78971113456419 64.66871 74.316574 -999.0 -999.0 -999.0 -999.0 -999.0 199.71279585152965 -8.56371367263057 199.72712324325755 -8.709635760659319 55.52616967916529 300.1272512910238 -999.0 16600.0 -999.0 2 -999 {-999.0 -999.0 -999.0 -999.0 -999.0} "" -999.0 -999.0 -999.0 -999.0 -999 -999 "" "" "" "" 0 0 0.0 0.0 -999 ""
FIBERMAP 1110 R-12C9 BOSS 1 1 0 1 0 0 39.1563256460179 -224.82739578793948 143.1 200.76774433514439 108.4830215811288 64.66871 74.316574 199.71349437512532 -8.561501767104003 9.112839 0.27038857 1.0863036 199.71351425591422 -8.561506135894382 199.72795388091788 -8.707522663732355 55.52543742482958 300.1310416734767 5400.0 5400.0 2016.0 1 367 {-999.0 19.757559 18.45945 17.443275 -999.0} sdss_psfmag_ps1 19.07072 17.983355 16.827885 14.661 63050395165382444 1095395076 bright_1x1 mwm_bin_vis_boss mwm_filler science 0 0 0.0 0.0 -999 ""
FIBERMAP 1110 R-12C9 METROLOGY 0 0 0 1 0 0 38.449452320575666 -225.0925631977969 143.1 201.24352966019165 107.89687768217536 64.66871 74.316574 -999.0 -999.0 -999.0 -999.0 -999.0 199.71503478250332 -8.563290772279952 199.72944394063973 -8.709278779614472 55.527695080844005 300.1303431788436 -999.0 6231.0 -999.0 -1 -999 {-999.0 -999.0 -999.0 -999.0 -999.0} "" -999.0 -999.0 -999.0 -999.0 -999 -999 "" "" "" "" 0 0 0.0 0.0 -999 ""
FIBERMAP 1117 R-12C14 APOGEE 0 0 0 1 0 0 118.5966682216867 -237.90503854934437 143.1 187.9570390847854 187.9634633393779 223.54137 87.93623 -999.0 -999.0 -999.0 -999.0 -999.0 199.67357028203745 -8.321632379189726 199.68768747006322 -8.467627207795314 55.34019055951866 300.40870770119454 -999.0 16600.0 -999.0 2 233 {-999.0 -999.0 -999.0 -999.0 -999.0} "" -999.0 -999.0 -999.0 -999.0 -999 -999 "" ops_sky_apogee_best_unassigned ops_sky sky_apogee 0 0 0.0 0.0 -999 ""
FIBERMAP 1117 R-12C14 BOSS 1 1 0 1 0 0 118.08037509669788 -237.38679054229777 143.1 187.62945976105934 187.30940909184068 223.54137 87.93623 199.6724694709568 -8.323511617061692 -999.0 -999.0 -999.0 199.6724687829242 -8.323502666225624 199.6867015460681 -8.469594084907625 55.340719482745804 300.40496110850836 5400.0 5400.0 2016.0 1 342 {-999.0 22.338385 21.331427 20.865599 20.518845} sdss_fiber2mag_from_lsdr10 1e+20 1e+20 1e+20 -999.0 63050397630119613 1131657058 dark_flexible_3x1 bhm_spiders_agn_lsdr10_d3 bhm_spiders science 0 0 0.0 0.0 -999 ""
FIBERMAP 1117 R-12C14 METROLOGY 0 0 0 1 0 0 118.80941696657263 -237.1935655582041 143.1 187.21485895136868 187.93940663036184 223.54137 87.93623 -999.0 -999.0 -999.0 -999.0 -999.0 199.6712650505271 -8.321592947507002 199.68546360446112 -8.467658593457235 55.33853363158455 300.4061633000444 -999.0 6231.0 -999.0 -1 -999 {-999.0 -999.0 -999.0 -999.0 -999.0} "" -999.0 -999.0 -999.0 -999.0 -999 -999 "" "" "" "" 0 0 0.0 0.0 -999 ""
FIBERMAP 1119 R-13C14 APOGEE 0 0 0 1 0 0 135.50783135847627 -237.18871793453752 143.1 181.9107454532577 203.77229340776407 160.65457 74.626564 -999.0 -999.0 -999.0 -999.0 -999.0 199.65492915427816 -8.273976309623677 199.66900289491673 -8.419995424992969 55.29527271685548 300.45149433491366 -999.0 16600.0 -999.0 2 -999 {-999.0 -999.0 -999.0 -999.0 -999.0} "" -999.0 -999.0 -999.0 -999.0 -999 -999 "" "" "" "" 0 0 0.0 0.0 -999 ""
FIBERMAP 1119 R-13C14 BOSS 1 1 0 1 0 0 135.9382467091145 -236.5695393181287 143.1 181.1870042302385 203.98393220166477 160.65457 74.626564 199.65259303310222 -8.273264313828172 -0.72549546 0.16957083 -0.06614405 199.65260220470537 -8.27324242896262 199.66678922702624 -8.419359897150626 55.29319241830084 300.4498546912595 5400.0 5400.0 2016.0 1 343 {-999.0 18.67788 18.776743 18.64608 18.492672} sdss_psfmag_from_lsdr10 18.747871 18.652754 18.34105 -999.0 63050395165391093 1131657057 dark_flexible_3x1 bhm_spiders_agn_lsdr10_d3 bhm_spiders science 0 0 0.0 0.0 -999 ""
FIBERMAP 1119 R-13C14 METROLOGY 0 0 0 1 0 0 136.25360376068716 -237.24635248057302 143.1 181.72871479374172 204.4977702291746 160.65457 74.626564 -999.0 -999.0 -999.0 -999.0 -999.0 199.65431038542692 -8.271691021373398 199.6684640531039 -8.417779935765608 55.293431967627285 300.45385345647355 -999.0 6231.0 -999.0 -1 -999 {-999.0 -999.0 -999.0 -999.0 -999.0} "" -999.0 -999.0 -999.0 -999.0 -999 -999 "" "" "" "" 0 0 0.0 0.0 -999 ""
FIBERMAP 1120 R-8C16 APOGEE 0 0 0 1 0 0 122.80032299870784 -172.14053147104457 143.1 124.26114046965415 171.0781687723751 289.08932 49.084972 -999.0 -999.0 -999.0 -999.0 -999.0 199.4794722303559 -8.371976897215028 199.49359077517954 -8.518140158830258 55.22620365455357 300.1233572760933 -999.0 16600.0 -999.0 2 -999 {-999.0 -999.0 -999.0 -999.0 -999.0} "" -999.0 -999.0 -999.0 -999.0 -999 -999 "" "" "" "" 0 0 0.0 0.0 -999 ""
FIBERMAP 1120 R-8C16 BOSS 1 1 0 1 0 0 122.07619209211231 -171.8760105845727 143.1 124.24012096639825 170.30755491264182 289.08932 49.084972 199.47908351392573 -8.374169087087367 4.647828 -1.949537 2.3471253 199.47932885984721 -8.37416688535948 199.49356427076384 -8.520425810757969 55.22765608725339 300.12026251057324 5400.0 5400.0 2016.0 1 293 {-999.0 18.063 16.634869 15.6620655 15.056497} sdss_psfmag_from_lsdr10 17.432209 16.785019 15.042909 12.868 63050395165388353 1058911474 bright_flexible_2x1 bhm_spiders_agn_lsdr10 bhm_spiders science 0 0 0.8490307927131653 0.0 -999 ""
FIBERMAP 1120 R-8C16 METROLOGY 0 0 0 1 0 0 122.67072538931963 -171.40384790502932 143.1 123.6037034275946 170.72147798873237 289.08932 49.084972 -999.0 -999.0 -999.0 -999.0 -999.0 199.4774313477133 -8.372914701868012 199.49163272211445 -8.519148370653054 55.225372108100835 300.1198179563658 -999.0 6231.0 -999.0 -1 -999 {-999.0 -999.0 -999.0 -999.0 -999.0} "" -999.0 -999.0 -999.0 -999.0 -999 -999 "" "" "" "" 0 0 0.0 0.0 -999 ""
FIBERMAP 1122 R-6C16 APOGEE 0 0 0 1 0 0 128.01757929684516 -102.62644366337611 143.1 56.6879842632803 153.96404001415362 103.746025 38.992924 -999.0 -999.0 -999.0 -999.0 -999.0 199.27275258905487 -8.42329215447659 199.28686982653971 -8.569633494470244 55.10270748082121 299.8242570466466 -999.0 16600.0 -999.0 2 -999 {-999.0 -999.0 -999.0 -999.0 -999.0} "" -999.0 -999.0 -999.0 -999.0 -999 -999 "" "" "" "" 0 0 0.0 0.0 -999 ""
FIBERMAP 1122 R-6C16 BOSS 1 1 0 1 0 0 128.6107360214031 -103.09169765967556 143.1 56.940917599563974 154.6741623562561 103.746025 38.992924 199.27342786112857 -8.420995503749905 -0.10812824 0.16466331 -0.022156116 199.27343299314091 -8.420988906942352 199.28766449927969 -8.567425891064802 55.10189441614488 299.8280984367865 5400.0 5400.0 2016.0 1 291 {-999.0 18.705986 18.552439 18.419102 18.339365} sdss_psfmag_from_gaiadr2 18.624685 18.54398 18.099825 -999.0 63050395165388515 1130021986 dark_flexible_3x1 bhm_gua_dark_d3 bhm_filler science 0 0 0.0 0.0 -999 ""
FIBERMAP 1122 R-6C16 METROLOGY 0 0 0 1 0 0 127.92395213085851 -103.3685569772207 143.1 57.42141417089201 154.11077906835663 103.746025 38.992924 -999.0 -999.0 -999.0 -999.0 -999.0 199.2749466005566 -8.422703120057573 199.28914694222544 -8.569111302413374 55.10410008932179 299.8274817527095 -999.0 6231.0 -999.0 -1 -999 {-999.0 -999.0 -999.0 -999.0 -999.0} "" -999.0 -999.0 -999.0 -999.0 -999 -999 "" "" "" "" 0 0 0.0 0.0 -999 ""
FIBERMAP 1123 R-1C3 APOGEE 1 0 0 1 1 0 -255.89135123621065 -15.109056183288544 143.1 95.53863445398396 -237.85622303547018 228.45096 41.578056 199.39865908677223 -9.48900634168547 -21.536146 -1.4101772 2.0022383 199.3911645512486 -9.609735800162534 199.40628605544862 -9.75579192595099 55.94485715958655 298.333846596516 16000.0 16600.0 2016.0 2 248 {-999.0 13.542516 13.052366 12.912159 -999.0} sdss_psfmag_from_g3xp 13.445665 13.094038 12.578865 11.692 63050395165367415 1103604696 bright_flexible_5x1 mwm_tess_2min_apogee mwm_planet science 0 0 0.0 0.0 -999 ""
FIBERMAP 1123 R-1C3 BOSS 0 0 0 1 1 0 -255.91703700899546 -14.329441825389058 143.1 94.80750976117041 -238.12800325648232 228.45096 41.578056 -999.0 -999.0 -999.0 -999.0 -999.0 199.3888107332068 -9.610477524307983 199.40404705158517 -9.756626134294535 55.94365468728215 298.33022236226975 -999.0 5400.0 -999.0 1 511 {-999.0 -999.0 -999.0 -999.0 -999.0} "" -999.0 -999.0 -999.0 -999.0 -999 -999 "" "" "" "" 0 0 0.0 0.0 -999 ""
FIBERMAP 1123 R-1C3 METROLOGY 0 0 0 1 1 0 -255.2561519906065 -14.70581521984445 143.1 94.95466655912496 -237.38186465806788 228.45096 41.578056 -999.0 -999.0 -999.0 -999.0 -999.0 199.3893179048913 -9.608303120369598 199.404520010522 -9.754425963481648 55.94264473527224 298.333810624717 -999.0 6231.0 -999.0 -1 -999 {-999.0 -999.0 -999.0 -999.0 -999.0} "" -999.0 -999.0 -999.0 -999.0 -999 -999 "" "" "" "" 0 0 0.0 0.0 -999 ""
FIBERMAP 1124 R-4C19 APOGEE 1 1 0 1 0 0 138.4756989970606 -82.14298978625266 143.1 33.94530401110617 157.38028706232473 236.24261 66.615265 199.20298691642176 -8.41271510893794 29.19923 -47.592583 5.2360225 199.20305206066246 -8.412868906010043 199.21714617112013 -8.559274149076687 55.04315262005027 299.7609408298704 16000.0 16600.0 2016.0 2 215 {-999.0 11.8973675 11.365447 11.202378 -999.0} sdss_psfmag_from_g3xp 11.783004 11.406955 10.868575 9.922 63050395165388549 1103604626 bright_1x1 mwm_tess_2min_apogee mwm_planet science 0 0 0.0 0.0 -999 ""
FIBERMAP 1124 R-4C19 BOSS 0 0 0 1 0 0 138.06476131943973 -81.53033655974362 143.1 33.49476778292085 156.79617603766513 236.24261 66.615265 -999.0 -999.0 -999.0 -999.0 -999.0 199.20156902789196 -8.41447294023578 199.21578046076354 -8.560975275838326 55.043205907777406 299.75715108745527 -999.0 5400.0 -999.0 1 307 {-999.0 -999.0 -999.0 -999.0 -999.0} "" -999.0 -999.0 -999.0 -999.0 -999 -999 "" "" "" "" 0 0 0.0 0.0 -999 ""
FIBERMAP 1124 R-4C19 METROLOGY 0 0 0 1 0 0 138.80186586774408 -81.47352023145345 143.1 33.20695891378352 157.47711061772998 236.24261 66.615265 -999.0 -999.0 -999.0 -999.0 -999.0 199.20072348463646 -8.412421483817484 199.21490011226672 -8.55889768602776 55.04120628146921 299.75896123951054 -999.0 6231.0 -999.0 -1 -999 {-999.0 -999.0 -999.0 -999.0 -999.0} "" -999.0 -999.0 -999.0 -999.0 -999 -999 "" "" "" "" 0 0 0.0 0.0 -999 ""
FIBERMAP 1128 R+2C19 APOGEE 0 0 0 1 0 0 127.83245275867039 19.152602326987502 143.1 -58.731364808296824 115.13990711389627 307.72296 46.13484 -999.0 -999.0 -999.0 -999.0 -999.0 198.91870311711938 -8.540485369584594 198.93283953047 -8.687123238766452 54.908427353147346 299.2767926125115 -999.0 16600.0 -999.0 2 72 {-999.0 -999.0 -999.0 -999.0 -999.0} "" -999.0 -999.0 -999.0 -999.0 -999 -999 "" ops_sky_apogee_best_unassigned ops_sky sky_apogee 0 0 0.0 0.0 -999 ""
FIBERMAP 1128 R+2C19 BOSS 1 1 0 1 0 0 127.09409872159124 19.217755987740663 143.1 -58.558818558862576 114.41907851071566 307.72296 46.13484 198.91910778688592 -8.542478218513546 -3.2923567 -5.89208 0.43575034 198.919080955642 -8.542516535108266 198.93333662062696 -8.689249536478435 54.91015896229257 299.2744821763549 5400.0 5400.0 2016.0 1 229 {-999.0 16.961319 16.509483 16.431961 -999.0} sdss_psfmag_ps1 16.846731 16.559265 16.08259 15.231 63050395165387812 976172645 "" ops_std_boss ops_std standard_boss 0 0 0.0 0.0 -999 ""
FIBERMAP 1128 R+2C19 METROLOGY 0 0 0 1 0 0 127.51951700833187 19.823039759138485 143.1 -59.26779796663048 114.63038855054852 307.72296 46.13484 -999.0 -999.0 -999.0 -999.0 -999.0 198.91693466093986 -8.541890273905803 198.93115605903404 -8.6885981239762 54.90808129557573 299.27297173326315 -999.0 6231.0 -999.0 -1 -999 {-999.0 -999.0 -999.0 -999.0 -999.0} "" -999.0 -999.0 -999.0 -999.0 -999 -999 "" "" "" "" 0 0 0.0 0.0 -999 ""
FIBERMAP 1133 R0C15 APOGEE 1 1 0 1 0 0 28.517461554949286 9.398785634278369 143.1 -17.96297092181666 24.059086241598997 41.853836 131.76959 199.04297725396066 -8.816795853329458 164.50726 -36.477806 10.8047495 199.0434671614877 -8.816905906678482 199.05785329497814 -8.963391436230763 55.17922513711769 299.04098578654003 16000.0 16600.0 2016.0 2 110 {-999.0 10.349651 9.874703 9.706359 -999.0} sdss_psfmag_from_g3xp 10.25119 9.898352 9.373167 8.428 63050395165386920 984762704 bright_1x1 mwm_snc_100pc_apogee mwm_snc science 0 0 0.0 0.0 -999 ""
FIBERMAP 1133 R0C15 BOSS 0 0 0 1 0 0 29.25954458178449 9.303741574128228 143.1 -18.108356780997568 24.79293710396259 41.853836 131.76959 -999.0 -999.0 -999.0 -999.0 -999.0 199.04289410328616 -8.814566497346867 199.05739503750112 -8.961147300806806 55.17745377141246 299.0435255741375 -999.0 5400.0 -999.0 1 188 {-999.0 -999.0 -999.0 -999.0 -999.0} "" -999.0 -999.0 -999.0 -999.0 -999 -999 "" "" "" "" 0 0 0.0 0.0 -999 ""
FIBERMAP 1133 R0C15 METROLOGY 0 0 0 1 0 0 28.78242387746493 8.701016179761272 143.1 -17.385394764476622 24.531787827380636 41.853836 131.76959 -999.0 -999.0 -999.0 -999.0 -999.0 199.04514712313087 -8.8153866233851 199.059616120148 -8.961938546803253 55.17965286294917 299.0448861176029 -999.0 6231.0 -999.0 -1 -999 {-999.0 -999.0 -999.0 -999.0 -999.0} "" -999.0 -999.0 -999.0 -999.0 -999 -999 "" "" "" "" 0 0 0.0 0.0 -999 ""
FIBERMAP 1134 R-4C17 APOGEE 0 0 0 1 0 0 128.22760711689153 -69.44572617035803 143.1 25.157407498010375 143.63275391609616 62.278313 75.23148 -999.0 -999.0 -999.0 -999.0 -999.0 199.17611016862395 -8.454418946411268 199.19023228151173 -8.600841858620248 55.04933129905646 299.67546796459703 -999.0 16600.0 -999.0 2 210 {-999.0 -999.0 -999.0 -999.0 -999.0} "" -999.0 -999.0 -999.0 -999.0 -999 -999 "" ops_sky_apogee_best_unassigned ops_sky sky_apogee 0 0 0.0 0.0 -999 ""
FIBERMAP 1134 R-4C17 BOSS 1 1 0 1 0 0 128.773843649655 -69.94627235350283 143.1 25.45869787079443 144.30958431063405 62.278313 75.23148 199.17675851504242 -8.452275828601621 -71.2281 22.065636 11.350046 199.17692963473465 -8.452211209167816 199.19116655479968 -8.598729603190273 55.048689395387875 299.67933312633727 5400.0 5400.0 2016.0 1 297 {-999.0 16.349342 14.914983 13.862405 -999.0} sdss_psfmag_from_g3xp 15.770135 14.535335 13.436483 11.449 63050395165388472 1150959309 bright_1x1 mwm_snc_100pc_boss_single mwm_snc science 0 0 1.3660436868667603 0.0 -999 ""
FIBERMAP 1134 R-4C17 METROLOGY 0 0 0 1 0 0 128.06469739186105 -70.17208727709965 143.1 25.897888190781135 143.70879592331275 62.278313 75.23148 -999.0 -999.0 -999.0 -999.0 -999.0 199.17831218165338 -8.45404165508276 199.19251787940584 -8.600531359513747 55.050869146228536 299.67840900382805 -999.0 6231.0 -999.0 -1 -999 {-999.0 -999.0 -999.0 -999.0 -999.0} "" -999.0 -999.0 -999.0 -999.0 -999 -999 "" "" "" "" 0 0 0.0 0.0 -999 ""
FIBERMAP 1138 R+7C7 APOGEE 1 1 0 1 0 0 -72.11519084491175 143.5022554217076 143.1 -113.19039248921524 -113.92669702021641 20.815174 143.82547 198.7505864342768 -9.235026539021971 -0.50665075 -0.3963795 0.44737718 198.75058402537928 -9.235017792143278 198.765236189274 -9.381697803228661 55.21749002156369 298.15280063492474 16000.0 16600.0 2016.0 2 44 {-999.0 13.022702 12.268313 11.996515 -999.0} sdss_psfmag_from_g3xp 12.812442 12.306365 11.646032 10.316 63050395165369447 1110055044 bright_1x1 mwm_tess_rgb_apogee mwm_tessrgb science 0 0 0.0 0.0 -999 ""
FIBERMAP 1138 R+7C7 BOSS 0 0 0 1 0 0 -71.40974554230408 143.28702226674864 143.1 -113.21018034731367 -113.18944422953501 20.815174 143.82547 -999.0 -999.0 -999.0 -999.0 -999.0 198.75035891999227 -9.232738713329613 198.7651271302144 -9.379512160690659 55.21604220915838 298.1556769639949 -999.0 5400.0 -999.0 1 78 {-999.0 -999.0 -999.0 -999.0 -999.0} "" -999.0 -999.0 -999.0 -999.0 -999 -999 "" "" "" "" 0 0 0.0 0.0 -999 ""
FIBERMAP 1138 R+7C7 METROLOGY 0 0 0 1 0 0 -71.93465630879867 142.7806191959682 143.1 -112.5633898983812 -113.52648034778784 20.815174 143.82547 -999.0 -999.0 -999.0 -999.0 -999.0 198.75236278783856 -9.233805809011226 198.76709891977634 -9.38055101374338 55.21821067353972 298.1563817609102 -999.0 6231.0 -999.0 -1 -999 {-999.0 -999.0 -999.0 -999.0 -999.0} "" -999.0 -999.0 -999.0 -999.0 -999 -999 "" "" "" "" 0 0 0.0 0.0 -999 ""
FIBERMAP 1139 R-5C16 APOGEE 1 1 0 1 0 0 109.42326517285565 -80.48909383815847 143.1 41.5972500762134 129.30615799103379 103.73949 70.54532 199.22654915256194 -8.497831082834896 -7.7053976 -3.8833647 0.051130213 199.22652431159187 -8.4978401974367 199.24069239669257 -8.644211477937548 55.11542167580004 299.67301150841143 16000.0 16600.0 2016.0 2 206 {-999.0 13.548379 12.504331 12.057178 -999.0} sdss_psfmag_from_g3xp 13.196765 12.498052 11.691463 10.052 63050395165388120 1150917791 dark_flexible_3x1 manual_mwm_halo_vmp_wise_apogee_triple mwm_halo science 0 0 0.0 0.0 -999 ""
FIBERMAP 1139 R-5C16 BOSS 0 0 0 1 0 0 110.16892938105678 -80.54005764606484 143.1 41.408928164974625 130.02941514791993 103.73949 70.54532 -999.0 -999.0 -999.0 -999.0 -999.0 199.22585030314374 -8.495492062497126 199.24013250864834 -8.641959926633653 55.11355569250836 299.6754177484381 -999.0 5400.0 -999.0 1 290 {-999.0 -999.0 -999.0 -999.0 -999.0} "" -999.0 -999.0 -999.0 -999.0 -999 -999 "" "" "" "" 0 0 0.0 0.0 -999 ""
FIBERMAP 1139 R-5C16 METROLOGY 0 0 0 1 0 0 109.69846086868355 -81.17309993633684 143.1 42.15852727465455 129.7841954396103 103.73949 70.54532 -999.0 -999.0 -999.0 -999.0 -999.0 199.22818713369315 -8.496250406038262 199.24243752501786 -8.64268896359274 55.11577347353853 299.6769875330657 -999.0 6231.0 -999.0 -1 -999 {-999.0 -999.0 -999.0 -999.0 -999.0} "" -999.0 -999.0 -999.0 -999.0 -999 -999 "" "" "" "" 0 0 0.0 0.0 -999 ""
FIBERMAP 1141 R+13C2 APOGEE 1 1 0 1 0 0 -118.92689505572622 267.2832505536647 143.1 -215.71039628873137 -197.6002631761039 91.86686 97.775925 198.43728445130745 -9.485958361887489 1.5342613 -7.6449466 2.7224562 198.43727691368997 -9.48592782252569 198.45204866608412 -9.632841908909096 55.13107712967747 297.47232028548643 16000.0 16600.0 2016.0 2 60 {-999.0 11.246516 11.003856 10.951408 -999.0} sdss_psfmag_from_g3xp 11.234766 11.006897 10.627726 10.054 63050395165368396 974990533 "" ops_std_apogee ops_std standard_apogee 0 0 0.0 0.0 -999 ""
FIBERMAP 1141 R+13C2 BOSS 0 0 0 1 0 0 -118.18624878968255 267.24771449861726 143.1 -215.91175518217008 -196.8866605804265 91.86686 97.775925 -999.0 -999.0 -999.0 -999.0 -999.0 198.43656834199172 -9.483658340232726 198.45145734885557 -9.630665536638023 55.129275510012036 297.47468686795304 -999.0 5400.0 -999.0 1 100 {-999.0 -999.0 -999.0 -999.0 -999.0} "" -999.0 -999.0 -999.0 -999.0 -999 -999 "" "" "" "" 0 0 0.0 0.0 -999 ""
FIBERMAP 1141 R+13C2 METROLOGY 0 0 0 1 0 0 -118.58419773294591 266.6100430212074 143.1 -215.18078168221317 -197.06164379063122 91.86686 97.775925 -999.0 -999.0 -999.0 -999.0 -999.0 198.438784093915 -9.48426944298558 198.45364035887417 -9.631248519006677 55.131328915016184 297.47620724820416 -999.0 6231.0 -999.0 -1 -999 {-999.0 -999.0 -999.0 -999.0 -999.0} "" -999.0 -999.0 -999.0 -999.0 -999 -999 "" "" "" "" 0 0 0.0 0.0 -999 ""
FIBERMAP 1146 R-1C11 APOGEE 0 0 0 1 0 0 -62.9585383542218 -27.372425992058968 143.1 45.93708362682528 -51.01392389443842 206.82996 137.64458 -999.0 -999.0 -999.0 -999.0 -999.0 199.23971665284745 -9.045006709652622 199.25433411494055 -9.191283133168865 55.47364442169741 298.94639641039146 -999.0 16600.0 -999.0 2 247 {-999.0 -999.0 -999.0 -999.0 -999.0} "" -999.0 -999.0 -999.0 -999.0 -999 -999 "" ops_sky_apogee_best_unassigned ops_sky sky_apogee 0 0 0.0 0.0 -999 ""
FIBERMAP 1146 R-1C11 BOSS 1 1 0 1 0 0 -63.6703457867021 -27.196726487782172 143.1 45.99637875996176 -51.744662978529355 206.82996 137.64458 199.23980712890622 -9.047132848538595 -999.0 -999.0 -999.0 199.2398099853365 -9.047162924027345 199.25454502833747 -9.19353208258003 55.47522650932198 298.94355247396857 5400.0 5400.0 2015.5 1 508 {-999.0 -999.0 -999.0 -999.0 -999.0} "" -999.0 -999.0 -999.0 -999.0 27021603139614307 820071045 "" ops_sky_boss_good ops_sky sky_boss 0 0 0.0 0.0 -999 ""
FIBERMAP 1146 R-1C11 METROLOGY 0 0 0 1 0 0 -63.17206596180549 -26.659532012574704 143.1 45.328841845883225 -51.44265205501428 206.82996 137.64458 -999.0 -999.0 -999.0 -999.0 -999.0 199.23779526852314 -9.046276583547966 199.25249629617872 -9.192621284369087 55.47308334785188 298.9425441856207 -999.0 6231.0 -999.0 -1 -999 {-999.0 -999.0 -999.0 -999.0 -999.0} "" -999.0 -999.0 -999.0 -999.0 -999 -999 "" "" "" "" 0 0 0.0 0.0 -999 ""
FIBERMAP 1147 R+8C8 APOGEE 0 0 0 1 0 0 -57.700117052221344 173.25766151001645 143.1 -145.9810913465562 -109.7008384755374 200.29135 19.948307 -999.0 -999.0 -999.0 -999.0 -999.0 198.65007012223165 -9.221858033861054 198.66468703618693 -9.36862764905759 55.13178152861674 298.06237417960403 -999.0 16600.0 -999.0 2 -999 {-999.0 -999.0 -999.0 -999.0 -999.0} "" -999.0 -999.0 -999.0 -999.0 -999 -999 "" "" "" "" 0 0 0.0 0.0 -999 ""
FIBERMAP 1147 R+8C8 BOSS 1 1 0 1 0 0 -57.13484135095032 173.756456631352 143.1 -146.63347796388672 -109.32311142809765 200.29135 19.948307 198.64791870117185 -9.220689392365472 -999.0 -999.0 -999.0 198.6479036334763 -9.220650376414046 198.66263745240167 -9.367515130478125 55.12950665251276 298.0616919551235 5400.0 5400.0 2015.5 1 137 {-999.0 -999.0 -999.0 -999.0 -999.0} "" -999.0 -999.0 -999.0 -999.0 27021603139611135 811720498 "" ops_sky_boss_good ops_sky sky_boss 0 0 0.0 0.0 -999 ""
FIBERMAP 1147 R+8C8 METROLOGY 0 0 0 1 0 0 -56.99327104856084 173.01298428609627 143.1 -145.97340313060005 -108.9529128971921 200.29135 19.948307 -999.0 -999.0 -999.0 -999.0 -999.0 198.64993967538857 -9.2195786204124 198.6646395868487 -9.36641539095692 55.130366325983246 298.0653495513953 -999.0 6231.0 -999.0 -1 -999 {-999.0 -999.0 -999.0 -999.0 -999.0} "" -999.0 -999.0 -999.0 -999.0 -999 -999 "" "" "" "" 0 0 0.0 0.0 -999 ""
FIBERMAP 1154 R+2C15 APOGEE 0 0 0 1 0 0 36.20108109135358 23.02324873845823 143.1 -33.3210166972678 27.02120158802886 276.47104 76.71195 -999.0 -999.0 -999.0 -999.0 -999.0 198.99628418609663 -8.807863210472151 199.01065227124082 -8.95439186447323 55.137434275060606 299.001518173526 -999.0 16600.0 -999.0 2 120 {-999.0 -999.0 -999.0 -999.0 -999.0} "" -999.0 -999.0 -999.0 -999.0 -999 -999 "" ops_sky_apogee_best_unassigned ops_sky sky_apogee 0 0 0.0 0.0 -999 ""
FIBERMAP 1154 R+2C15 BOSS 1 1 0 1 0 0 35.45327649452866 23.0712870604184 143.1 -33.129241379470336 26.296843239039788 276.47104 76.71195 198.99673461914062 -8.80995592025134 -999.0 -999.0 -999.0 198.99673252154787 -8.809951888708259 199.01121942454552 -8.956574315636693 55.13924921168854 298.9991821258254 5400.0 5400.0 2015.5 1 206 {-999.0 -999.0 -999.0 -999.0 -999.0} "" -999.0 -999.0 -999.0 -999.0 27021603139617865 820071210 "" ops_sky_boss_good ops_sky sky_boss 0 0 0.0 0.0 -999 ""
FIBERMAP 1154 R+2C15 METROLOGY 0 0 0 1 0 0 35.87242606287572 23.687681040069926 143.1 -33.846766663570186 26.49868290143281 276.47104 76.71195 -999.0 -999.0 -999.0 -999.0 -999.0 198.99455843243865 -8.809361160561748 199.00901120564492 -8.955958826143027 55.13717075030374 298.9976009280129 -999.0 6231.0 -999.0 -1 -999 {-999.0 -999.0 -999.0 -999.0 -999.0} "" -999.0 -999.0 -999.0 -999.0 -999 -999 "" "" "" "" 0 0 0.0 0.0 -999 ""
FIBERMAP 1157 R+10C1 APOGEE 0 0 0 1 0 0 -185.28216428074668 208.586744119645 143.1 -138.99195640892498 -241.89395582386757 130.3906 96.56792 -999.0 -999.0 -999.0 -999.0 -999.0 198.67184255199882 -9.620658218457564 198.6867822845262 -9.767349112822435 55.396149623015134 297.5371454920066 -999.0 16600.0 -999.0 2 46 {-999.0 -999.0 -999.0 -999.0 -999.0} "" -999.0 -999.0 -999.0 -999.0 -999 -999 "" ops_sky_apogee_best_unassigned ops_sky sky_apogee 0 0 0.0 0.0 -999 ""
FIBERMAP 1157 R+10C1 BOSS 1 1 0 1 0 0 -184.7775692485604 209.1211915548919 143.1 -139.65889265205232 -241.58508462851995 130.3906 96.56792 198.66967048546962 -9.619615359769513 -999.0 -999.0 -999.0 198.66969199141582 -9.619611162735177 198.68474840026568 -9.76639536397452 55.39398387767457 297.53628859057136 5400.0 5400.0 2016.0 1 81 {-999.0 22.299198 22.376265 21.943296 21.546974} sdss_psfmag_from_lsdr10 1e+20 1e+20 1e+20 -999.0 63050396915217405 1131646934 dark_flexible_3x1 bhm_spiders_agn_lsdr10_d3 bhm_spiders science 0 0 0.0 0.0 -999 ""
FIBERMAP 1157 R+10C1 METROLOGY 0 0 0 1 0 0 -184.54919110815953 208.43456224464921 143.1 -139.0802696466906 -241.1506098385662 130.3906 96.56792 -999.0 -999.0 -999.0 -999.0 -999.0 198.6714643723986 -9.618391723667079 198.68648680892613 -9.765148699174901 55.39456241931027 297.5398775763827 -999.0 6231.0 -999.0 -1 -999 {-999.0 -999.0 -999.0 -999.0 -999.0} "" -999.0 -999.0 -999.0 -999.0 -999 -999 "" "" "" "" 0 0 0.0 0.0 -999 ""
FIBERMAP 1160 R-9C13 APOGEE 0 0 0 1 0 0 98.00990929198471 -170.76361853523952 143.1 130.82311598227744 147.1334446521201 60.308464 56.708195 -999.0 -999.0 -999.0 -999.0 -999.0 199.4997208983088 -8.444345641912253 199.51390335193878 -8.590479528020643 55.28814679860425 300.04892137145254 -999.0 16600.0 -999.0 2 185 {-999.0 -999.0 -999.0 -999.0 -999.0} "" -999.0 -999.0 -999.0 -999.0 -999 -999 "" ops_sky_apogee_best_unassigned ops_sky sky_apogee 0 0 0.0 0.0 -999 ""
FIBERMAP 1160 R-9C13 BOSS 1 1 0 1 0 0 98.25393868072774 -171.49101358512695 143.1 131.43542829442663 147.595698561029 60.308464 56.708195 199.5015299468923 -8.442808316607094 -999.0 -999.0 -999.0 199.5015121649924 -8.442814821520592 199.515808686411 -8.589042857496047 55.28866465100706 300.0529813911034 5400.0 5400.0 2016.0 1 379 {-999.0 18.459002 17.624964 17.355455 -999.0} sdss_psfmag_ps1 17.798744 19.125696 16.963358 15.458 63050395165388241 1115909863 bright_1x1 openfibertargets_bhm_racsradio_boss open_fiber science 0 0 0.0 0.0 -999 ""
FIBERMAP 1160 R-9C13 METROLOGY 0 0 0 1 0 0 97.51075907473307 -171.31194011694026 143.1 131.5014805109184 146.83413974145603 60.308464 56.708195 -999.0 -999.0 -999.0 -999.0 -999.0 199.50177129212162 -8.445123504898772 199.51603719561433 -8.591323872111609 55.290305250572175 300.0501701873185 -999.0 6231.0 -999.0 -1 -999 {-999.0 -999.0 -999.0 -999.0 -999.0} "" -999.0 -999.0 -999.0 -999.0 -999 -999 "" "" "" "" 0 0 0.0 0.0 -999 ""
FIBERMAP 1161 R-13C7 APOGEE 0 0 0 1 0 0 4.3213617344247215 -249.17084545262264 143.1 234.90709394479555 83.17624068855866 31.425913 96.26422 -999.0 -999.0 -999.0 -999.0 -999.0 199.8177835497383 -8.638295699486825 199.83219656054484 -8.7841104021958 55.653582684034276 300.14472324360844 -999.0 16600.0 -999.0 2 264 {-999.0 -999.0 -999.0 -999.0 -999.0} "" -999.0 -999.0 -999.0 -999.0 -999 -999 "" ops_sky_apogee_best_unassigned ops_sky sky_apogee 0 0 0.0 0.0 -999 ""
FIBERMAP 1161 R-13C7 BOSS 1 1 0 1 0 0 4.763845300118067 -249.79396541282804 143.1 235.35754374273003 83.793587182382 31.425913 96.26422 199.81925861233293 -8.636299944466671 -59.20249 -6.5391846 1.7049074 199.81905037940177 -8.63633065184026 199.83357542061447 -8.782238795795624 55.653420403466164 300.14881656618496 5400.0 5400.0 2016.0 1 358 {-999.0 19.330029 17.857988 17.001009 -999.0} sdss_psfmag_ps1 18.72965 17.600851 16.549427 14.58 63050395165382052 1136360162 dark_flexible_3x1 mwm_halo_local_high_boss_triple mwm_halo science 0 0 0.0 0.0 -999 ""
FIBERMAP 1161 R-13C7 METROLOGY 0 0 0 1 0 0 4.029417753299114 -249.86581883118072 143.1 235.65876208053083 83.11996336170253 31.425913 96.26422 -999.0 -999.0 -999.0 -999.0 -999.0 199.8200470892004 -8.638380611348385 199.83454193481282 -8.784260797743302 55.655453104903735 300.147164275665 -999.0 6231.0 -999.0 -1 -999 {-999.0 -999.0 -999.0 -999.0 -999.0} "" -999.0 -999.0 -999.0 -999.0 -999 -999 "" "" "" "" 0 0 0.0 0.0 -999 ""
FIBERMAP 1164 R+8C9 APOGEE 0 0 0 1 0 0 -6.6381076491395135 140.21012274287332 143.1 -130.84882758089236 -50.79263729226974 29.679523 23.050005 -999.0 -999.0 -999.0 -999.0 -999.0 198.6965582963685 -9.043526060534786 198.71104498274292 -9.190282112527019 55.05608771925491 298.35568435624947 -999.0 16600.0 -999.0 2 -999 {-999.0 -999.0 -999.0 -999.0 -999.0} "" -999.0 -999.0 -999.0 -999.0 -999 -999 "" "" "" "" 0 0 0.0 0.0 -999 ""
FIBERMAP 1164 R+8C9 BOSS 1 1 0 1 0 0 -7.070122218586226 139.61403768820247 143.1 -130.14647750208317 -51.013121682116086 29.679523 23.050005 198.69856340690035 -9.044153765333856 -0.8114681 1.4208999 1.1329149 198.69853077002662 -9.044130409398985 198.7131366688194 -9.190978447910291 55.05813351938953 298.3569945316506 5400.0 5400.0 2016.0 1 128 {-999.0 20.718422 20.34032 20.343822 20.421467} sdss_psfmag_from_lsdr10 20.288801 20.288628 19.835344 -999.0 63050395165375660 1131650957 dark_flexible_3x1 bhm_spiders_agn_lsdr10_d3 bhm_spiders science 0 0 0.0 0.0 -999 ""
FIBERMAP 1164 R+8C9 METROLOGY 0 0 0 1 0 0 -7.380999408223245 140.29735834960346 143.1 -130.6957806193426 -51.52477690120241 29.679523 23.050005 -999.0 -999.0 -999.0 -999.0 -999.0 198.6968640104515 -9.045709787084387 198.71143725612922 -9.192532454926504 55.0577989972947 298.35304487642514 -999.0 6231.0 -999.0 -1 -999 {-999.0 -999.0 -999.0 -999.0 -999.0} "" -999.0 -999.0 -999.0 -999.0 -999 -999 "" "" "" "" 0 0 0.0 0.0 -999 ""
FIBERMAP 1165 R+13C8 APOGEE 0 0 0 1 0 0 19.6408432113303 255.55365010468023 143.1 -248.5644474480913 -62.479547270176646 340.18063 150.82207 -999.0 -999.0 -999.0 -999.0 -999.0 198.33693819646442 -9.077582924186963 198.3513659074864 -9.224644723531625 54.800182970406695 297.9232156966368 -999.0 16600.0 -999.0 2 99 {-999.0 -999.0 -999.0 -999.0 -999.0} "" -999.0 -999.0 -999.0 -999.0 -999 -999 "" ops_sky_apogee_best_unassigned ops_sky sky_apogee 0 0 0.0 0.0 -999 ""
FIBERMAP 1165 R+13C8 BOSS 1 1 0 1 0 0 20.14980924348567 255.032435360081 143.1 -248.231729514627 -61.831499462905725 340.18063 150.82207 198.3378474941133 -9.075474238625066 -1.0780922 -12.132774 0.09677128 198.33782138287052 -9.075536625209919 198.35236761760768 -9.222692070849211 54.79974182270855 297.9269347790223 5400.0 5400.0 2016.0 1 173 {-999.0 18.24269 17.849463 17.441374 -999.0} sdss_psfmag_ps1 17.915182 17.630579 17.19524 16.014 63050395165375216 944493978 bright_1x1 openfibertargets_nov2020_6c open_fiber science 0 0 0.0 0.0 -999 ""
FIBERMAP 1165 R+13C8 METROLOGY 0 0 0 1 0 0 19.432600009211686 254.8441020595557 143.1 -247.82552257063085 -62.45182905203875 340.18063 150.82207 -999.0 -999.0 -999.0 -999.0 -999.0 198.33904346189635 -9.077456127401708 198.35355749613268 -9.224583562234542 54.801838274023446 297.9256341478041 -999.0 6231.0 -999.0 -1 -999 {-999.0 -999.0 -999.0 -999.0 -999.0} "" -999.0 -999.0 -999.0 -999.0 -999 -999 "" "" "" "" 0 0 0.0 0.0 -999 ""
FIBERMAP 1166 R0C7 APOGEE 0 0 0 1 0 0 -135.65429538716796 -4.776428079255989 143.1 47.581415684076966 -127.11955698687966 56.965054 29.28091 -999.0 -999.0 -999.0 -999.0 -999.0 199.2445599511732 -9.275764003874135 199.25936779429696 -9.422001399007199 55.622851521359074 298.6351986316336 -999.0 16600.0 -999.0 2 277 {-999.0 -999.0 -999.0 -999.0 -999.0} "" -999.0 -999.0 -999.0 -999.0 -999 -999 "" ops_sky_apogee_best_unassigned ops_sky sky_apogee 0 0 0.0 0.0 -999 ""
FIBERMAP 1166 R0C7 BOSS 1 1 0 1 0 0 -135.79525307549278 -5.491220899250543 143.1 48.303959802168244 -127.0263701448989 56.965054 29.28091 199.24677011771166 -9.275406547887936 -23.238337 -13.354168 3.5101254 199.24668853883554 -9.27544983475843 199.261612293986 -9.421777497557825 55.62443354242927 298.6379708787924 5400.0 5400.0 2016.0 1 450 {-999.0 -999.0 -999.0 -999.0 -999.0} "" -999.0 18.449192 -999.0 12.884 63050395165369034 1095128308 bright_1x1 mwm_bin_vis_boss mwm_filler science 0 0 0.0 0.0 -999 ""
FIBERMAP 1166 R0C7 METROLOGY 0 0 0 1 0 0 -136.36329067542314 -4.989648684459009 143.1 48.00861541297639 -127.72419923021353 56.965054 29.28091 -999.0 -999.0 -999.0 -999.0 -999.0 199.2458163254954 -9.277603101286102 199.2607088622467 -9.423905107862982 55.62507679759954 298.63404740615306 -999.0 6231.0 -999.0 -1 -999 {-999.0 -999.0 -999.0 -999.0 -999.0} "" -999.0 -999.0 -999.0 -999.0 -999 -999 "" "" "" "" 0 0 0.0 0.0 -999 ""
FIBERMAP 1171 R+5C19 APOGEE 0 0 0 1 0 0 167.85383024013865 117.44844184871113 143.1 -164.64274297479602 121.89474412898954 145.84196 49.837624 -999.0 -999.0 -999.0 -999.0 -999.0 198.59455609960673 -8.519961749375858 198.6086067799846 -8.66688625539272 54.647872005424524 298.9512348231875 -999.0 16600.0 -999.0 2 -999 {-999.0 -999.0 -999.0 -999.0 -999.0} "" -999.0 -999.0 -999.0 -999.0 -999 -999 "" "" "" "" 0 0 0.0 0.0 -999 ""
FIBERMAP 1171 R+5C19 BOSS 1 1 0 1 0 0 168.59178577120937 117.67166718852621 143.1 -165.08862079523868 122.52367302209053 145.84196 49.837624 198.59293297575266 -8.517911022450505 -52.84873 -13.857207 0.55732447 198.59304180097806 -8.517932272913017 198.60720962725782 -8.664954683517351 54.64557994523358 298.9523073900057 5400.0 5400.0 2016.0 1 212 {-999.0 15.633159 15.866831 15.3015785 -999.0} sdss_psfmag_ps1 15.601102 15.361178 14.955551 14.247 63050395165389153 1136359991 dark_flexible_3x1 mwm_halo_local_high_boss_triple mwm_halo science 0 0 0.9481655359268188 0.0 -999 ""
FIBERMAP 1171 R+5C19 METROLOGY 0 0 0 1 0 0 168.3894662268495 116.92633811712479 143.1 -164.31764620034843 122.5683641009704 145.84196 49.837624 -999.0 -999.0 -999.0 -999.0 -999.0 198.59540626924863 -8.517806141087219 198.6095407530446 -8.664799232306262 54.647265259313244 298.9550370874449 -999.0 6231.0 -999.0 -1 -999 {-999.0 -999.0 -999.0 -999.0 -999.0} "" -999.0 -999.0 -999.0 -999.0 -999 -999 "" "" "" "" 0 0 0.0 0.0 -999 ""
FIBERMAP 1173 R-8C17 APOGEE 1 1 0 1 0 0 153.19432285190626 -174.11627377173687 143.1 116.48862010883569 200.52659342555867 302.54263 64.46863 199.45546856420154 -8.283123633307548 2.0933135 6.8789535 6.163144 199.45547380098282 -8.283105098937266 199.46951429169098 -8.429303659771929 55.15072173730783 300.21540822961225 16000.0 16600.0 2016.0 2 221 {-999.0 11.373033 10.908738 10.766612 -999.0} sdss_psfmag_from_g3xp 11.283864 10.942985 10.4344635 9.582 63050395165388436 1103604633 bright_1x1 mwm_tess_2min_apogee mwm_planet science 0 0 0.0 0.0 -999 ""
FIBERMAP 1173 R-8C17 BOSS 0 0 0 1 0 0 152.44015256532552 -174.1714184487182 143.1 116.78025991219829 199.82894557592516 302.54263 64.46863 -999.0 -999.0 -999.0 -999.0 -999.0 199.45627343202005 -8.285082888261774 199.47043096220978 -8.431376720172015 55.15275217482299 300.21366067335777 -999.0 5400.0 -999.0 1 319 {-999.0 -999.0 -999.0 -999.0 -999.0} "" -999.0 -999.0 -999.0 -999.0 -999 -999 "" "" "" "" 0 0 0.0 0.0 -999 ""
FIBERMAP 1173 R-8C17 METROLOGY 0 0 0 1 0 0 152.77981480407087 -173.49982984417124 143.1 116.03562242922112 199.93789372307538 302.54263 64.46863 -999.0 -999.0 -999.0 -999.0 -999.0 199.45404956799783 -8.284743347885009 199.46817371064128 -8.431011952893368 55.15081100107087 300.2116268581018 -999.0 6231.0 -999.0 -1 -999 {-999.0 -999.0 -999.0 -999.0 -999.0} "" -999.0 -999.0 -999.0 -999.0 -999 -999 "" "" "" "" 0 0 0.0 0.0 -999 ""
FIBERMAP 1175 R-8C4 APOGEE 0 0 0 1 0 0 -132.5775405113612 -135.48855522729139 143.1 170.55393538846388 -82.71835052108547 134.59892 56.374096 -999.0 -999.0 -999.0 -999.0 -999.0 199.6219377499065 -9.140800646331352 199.636726908161 -9.286718235525594 55.82625722638044 299.2388356999434 -999.0 16600.0 -999.0 2 -999 {-999.0 -999.0 -999.0 -999.0 -999.0} "" -999.0 -999.0 -999.0 -999.0 -999 -999 "" "" "" "" 0 0 0.0 0.0 -999 ""
FIBERMAP 1175 R-8C4 BOSS 1 1 0 1 0 0 -131.8644387856584 -135.34378672115832 143.1 170.1903427474731 -82.08808991012977 134.59892 56.374096 199.6208805309979 -9.138697456728746 -36.86247 -37.92595 5.7505345 199.620768041776 -9.138828050289428 199.63566928398757 -9.284839294856884 55.82425862712542 299.2402436339696 5400.0 5400.0 2016.0 1 490 {-999.0 19.246653 17.866442 16.288124 -999.0} sdss_psfmag_ps1 18.686474 16.987246 15.7377205 13.348 63050395165379323 1077940823 bright_flexible_2x1 mwm_snc_ext_main_boss mwm_snc science 0 0 0.0 0.0 -999 ""
FIBERMAP 1175 R-8C4 METROLOGY 0 0 0 1 0 0 -132.0842942913647 -136.050877539898 143.1 170.93062289308514 -82.07216300706968 134.59892 56.374096 -999.0 -999.0 -999.0 -999.0 -999.0 199.62308806605245 -9.138811961006073 199.63795754134878 -9.284794942084021 55.825976547605116 299.24285430880326 -999.0 6231.0 -999.0 -1 -999 {-999.0 -999.0 -999.0 -999.0 -999.0} "" -999.0 -999.0 -999.0 -999.0 -999 -999 "" "" "" "" 0 0 0.0 0.0 -999 ""
FIBERMAP 1180 R+3C19 APOGEE 0 0 0 1 0 0 124.33234777663972 58.80571233451712 143.1 -95.22197567002654 99.23633310135591 244.02936 34.803288 -999.0 -999.0 -999.0 -999.0 -999.0 198.80670934128756 -8.588606703022936 198.82085988549863 -8.735335634723445 54.85355497257407 299.0898530510821 -999.0 16600.0 -999.0 2 -999 {-999.0 -999.0 -999.0 -999.0 -999.0} "" -999.0 -999.0 -999.0 -999.0 -999 -999 "" "" "" "" 0 0 0.0 0.0 -999 ""
FIBERMAP 1180 R+3C19 BOSS 1 1 0 1 0 0 124.24675260449695 59.572720360758915 143.1 -95.92213305862632 98.91174406747265 244.02936 34.803288 198.80424740916803 -8.589452555838637 -33.510242 -4.0853457 0.9026184 198.80439710116784 -8.589446347852785 198.81866585470448 -8.736272880537955 54.852472731486 299.0862052007463 5400.0 5400.0 2016.0 1 225 {-999.0 15.994456 15.547456 15.446204 -999.0} sdss_psfmag_ps1 15.829352 15.52303 15.03608 14.169 63050395165387621 1136359984 dark_flexible_3x1 mwm_halo_local_high_boss_triple mwm_halo science 0 0 0.9087395071983337 0.0 -999 ""
FIBERMAP 1180 R+3C19 METROLOGY 0 0 0 1 0 0 124.91586227695393 59.27369635638022 143.1 -95.85093376161271 99.6411336676055 244.02936 34.803288 -999.0 -999.0 -999.0 -999.0 -999.0 198.80464435890812 -8.587252436104679 198.81887797091701 -8.734051973096877 54.851226301303825 299.08941886078566 -999.0 6231.0 -999.0 -1 -999 {-999.0 -999.0 -999.0 -999.0 -999.0} "" -999.0 -999.0 -999.0 -999.0 -999 -999 "" "" "" "" 0 0 0.0 0.0 -999 ""
FIBERMAP 1181 R-7C8 APOGEE 0 0 0 1 0 0 -59.895609780790174 -145.0309860789472 143.1 156.5358261381506 -10.768592740138738 216.66977 143.2231 -999.0 -999.0 -999.0 -999.0 -999.0 199.5791167378678 -8.922797230942583 199.59371358336978 -9.068786524156698 55.65495662200688 299.4897628031764 -999.0 16600.0 -999.0 2 270 {-999.0 -999.0 -999.0 -999.0 -999.0} "" -999.0 -999.0 -999.0 -999.0 -999 -999 "" ops_sky_apogee_best_unassigned ops_sky sky_apogee 0 0 0.0 0.0 -999 ""
FIBERMAP 1181 R-7C8 BOSS 1 1 0 1 0 0 -60.63493246384464 -144.85690848524078 143.1 156.6053916806464 -11.52490867400112 216.66977 143.2231 199.5792824435231 -8.924992751586087 -999.0 -999.0 -999.0 199.57928262305387 -8.925002023599374 199.59399566818718 -9.071084126677068 55.656634989014705 299.486938035894 5400.0 5400.0 2016.0 1 372 {-999.0 21.331757 20.591953 20.106352 19.614117} sdss_psfmag_from_gaiadr2 21.37536 20.828129 19.660923 -999.0 63050395165381025 1130021882 dark_flexible_3x1 bhm_gua_dark_d3 bhm_filler science 0 0 0.0 0.0 -999 ""
FIBERMAP 1181 R-7C8 METROLOGY 0 0 0 1 0 0 -60.11768042201596 -144.31808288920055 143.1 155.93028689585304 -11.205424834081093 216.66977 143.2231 -999.0 -999.0 -999.0 -999.0 -999.0 199.5772667597361 -8.924062090378877 199.59194615826027 -9.070119730288173 55.65446054069319 299.4859705438895 -999.0 6231.0 -999.0 -1 -999 {-999.0 -999.0 -999.0 -999.0 -999.0} "" -999.0 -999.0 -999.0 -999.0 -999 -999 "" "" "" "" 0 0 0.0 0.0 -999 ""
FIBERMAP 1188 R+1C9 APOGEE 0 0 0 1 0 0 -103.12517557430982 36.69547728039215 143.1 -2.068352219512327 -109.43531138041351 128.72777 82.153114 -999.0 -999.0 -999.0 -999.0 -999.0 199.0919827627761 -9.222135359591459 199.1067088712233 -9.368516671645903 55.47204756763549 298.5416217661258 -999.0 16600.0 -999.0 2 28 {-999.0 -999.0 -999.0 -999.0 -999.0} "" -999.0 -999.0 -999.0 -999.0 -999 -999 "" ops_sky_apogee_best_unassigned ops_sky sky_apogee 0 0 0.0 0.0 -999 ""
FIBERMAP 1188 R+1C9 BOSS 1 1 0 1 0 0 -102.50518273152467 37.083128061129386 143.1 -2.6327105777632793 -108.97042481341987 128.72777 82.153114 199.09011840820312 -9.220689392365472 -999.0 -999.0 -999.0 199.09013093757542 -9.220691106713195 199.1049717918819 -9.367166827320947 55.46986606015075 298.5415784486352 5400.0 5400.0 2015.5 1 46 {-999.0 -999.0 -999.0 -999.0 -999.0} "" -999.0 -999.0 -999.0 -999.0 27021603139608313 811720032 "" ops_sky_boss_good ops_sky sky_boss 0 0 0.0 0.0 -999 ""
FIBERMAP 1188 R+1C9 METROLOGY 0 0 0 1 0 0 -102.46850414836118 36.355755435705746 143.1 -1.9546133382867399 -108.70480033251268 128.72777 82.153114 -999.0 -999.0 -999.0 -999.0 -999.0 199.092249608587 -9.219924910923082 199.1070573757696 -9.36637263995793 55.47096980791137 298.54494750954876 -999.0 6231.0 -999.0 -1 -999 {-999.0 -999.0 -999.0 -999.0 -999.0} "" -999.0 -999.0 -999.0 -999.0 -999 -999 "" "" "" "" 0 0 0.0 0.0 -999 ""
FIBERMAP 1191 R0C18 APOGEE 0 0 0 1 0 0 79.39524815734174 6.69148227753778 143.1 -31.542648699271034 73.1636232929388 140.93092 124.61335 -999.0 -999.0 -999.0 -999.0 -999.0 199.00192480029676 -8.66780983272142 199.01618144940755 -8.814354806165026 55.05288457087865 299.1968394430016 -999.0 16600.0 -999.0 2 -999 {-999.0 -999.0 -999.0 -999.0 -999.0} "" -999.0 -999.0 -999.0 -999.0 -999 -999 "" "" "" "" 0 0 0.0 0.0 -999 ""
FIBERMAP 1191 R0C18 BOSS 1 1 0 1 0 0 79.46907984104955 7.438916593812991 143.1 -32.27484187427577 72.99642428262042 140.93092 124.61335 198.99953452181282 -8.668147258896031 -1.1255937 -7.8791122 0.39387617 198.99953950554598 -8.66817656263609 199.01391302562183 -8.814818706232828 55.051447448811736 299.1937289296509 5400.0 5400.0 2016.0 1 252 {-999.0 16.833857 16.45743 16.281546 -999.0} sdss_psfmag_ps1 16.699993 16.418568 15.950915 15.243 63050395165387632 976172125 "" ops_std_boss ops_std standard_boss 0 0 0.0 0.0 -999 ""
FIBERMAP 1191 R0C18 METROLOGY 0 0 0 1 0 0 80.07508313096496 7.003448021546349 143.1 -32.05422990966929 73.709275604008 140.93092 124.61335 -999.0 -999.0 -999.0 -999.0 -999.0 199.00025024489318 -8.66603439266199 199.01458901221577 -8.812649285373114 55.05058590748201 299.19739498201693 -999.0 6231.0 -999.0 -1 -999 {-999.0 -999.0 -999.0 -999.0 -999.0} "" -999.0 -999.0 -999.0 -999.0 -999 -999 "" "" "" "" 0 0 0.0 0.0 -999 ""
FIBERMAP 1195 R-8C11 APOGEE 0 0 0 1 0 0 30.98143171492148 -168.29226954921361 143.1 149.75222731636933 82.78875012928827 321.19727 99.07308 -999.0 -999.0 -999.0 -999.0 -999.0 199.5580431178708 -8.63915693393852 199.5723993657715 -8.785208314674469 55.45753303813571 299.85160440167067 -999.0 16600.0 -999.0 2 -999 {-999.0 -999.0 -999.0 -999.0 -999.0} "" -999.0 -999.0 -999.0 -999.0 -999 -999 "" "" "" "" 0 0 0.0 0.0 -999 ""
FIBERMAP 1195 R-8C11 BOSS 1 1 0 1 0 0 30.611717905899976 -168.93967119162153 143.1 150.48346665025224 82.64362917323149 321.19727 99.07308 199.56022174732675 -8.639476500870696 -1.1261979 1.3450247 1.1157901 199.56022285973862 -8.639473406467971 199.57469442256775 -8.785617350864712 55.459535955140055 299.85361531962667 5400.0 5400.0 2016.0 1 396 {-999.0 21.090687 20.923996 20.781519 20.687403} sdss_psfmag_from_gaiadr2 20.7275 20.918491 20.155952 -999.0 63050395165382334 1130021902 dark_flexible_3x1 bhm_gua_dark_d3 bhm_filler science 0 0 0.0 0.0 -999 ""
FIBERMAP 1195 R-8C11 METROLOGY 0 0 0 1 0 0 30.23344118959529 -168.28937285828349 143.1 149.98686760904593 82.07854191160818 321.19727 99.07308 -999.0 -999.0 -999.0 -999.0 -999.0 199.5587587657109 -8.641200168964978 199.5731989732102 -8.787318368564383 55.45949223600403 299.8496418001514 -999.0 6231.0 -999.0 -1 -999 {-999.0 -999.0 -999.0 -999.0 -999.0} "" -999.0 -999.0 -999.0 -999.0 -999 -999 "" "" "" "" 0 0 0.0 0.0 -999 ""
FIBERMAP 1196 R-12C2 APOGEE 0 0 0 1 0 0 -128.6626128245626 -223.31389074835835 143.1 252.59265197737935 -51.13316828654776 43.084274 132.20898 -999.0 -999.0 -999.0 -999.0 -999.0 199.87224109688825 -9.04458972453968 199.88700983586443 -9.190293057339996 55.95550884898721 299.6517638930014 -999.0 16600.0 -999.0 2 153 {-999.0 -999.0 -999.0 -999.0 -999.0} "" -999.0 -999.0 -999.0 -999.0 -999 -999 "" ops_sky_apogee_best_unassigned ops_sky sky_apogee 0 0 0.0 0.0 -999 ""
FIBERMAP 1196 R-12C2 BOSS 1 1 0 1 0 0 -127.92818818607057 -223.32799256038436 143.1 252.37294240149512 -50.432267916372005 43.084274 132.20898 199.87152099609375 -9.04241139860109 -999.0 -999.0 -999.0 199.87147012508646 -9.042381202530139 199.88634975141179 -9.188178014117042 55.95365731449098 299.6539294099695 5400.0 5400.0 2015.5 1 434 {-999.0 -999.0 -999.0 -999.0 -999.0} "" -999.0 -999.0 -999.0 -999.0 27021603139613648 820070995 "" ops_sky_boss_good ops_sky sky_boss 0 0 0.0 0.0 -999 ""
FIBERMAP 1196 R-12C2 METROLOGY 0 0 0 1 0 0 -128.33440136192866 -223.9768900671493 143.1 253.11718387744574 -50.61152499603647 43.084274 132.20898 -999.0 -999.0 -999.0 -999.0 -999.0 199.87381023248943 -9.042952402255201 199.88865888989585 -9.188720778067518 55.95575855747095 299.6557818373959 -999.0 6231.0 -999.0 -1 -999 {-999.0 -999.0 -999.0 -999.0 -999.0} "" -999.0 -999.0 -999.0 -999.0 -999 -999 "" "" "" "" 0 0 0.0 0.0 -999 ""
FIBERMAP 1197 R-12C11 APOGEE 0 0 0 1 0 0 80.76473398413772 -223.23066396661875 143.1 186.0485153405035 147.43182890005664 61.0005 89.40202 -999.0 -999.0 -999.0 -999.0 -999.0 199.66830077102335 -8.443839509144402 199.68251857306564 -8.58982044955784 55.4152334289702 300.2387379077755 -999.0 16600.0 -999.0 2 -999 {-999.0 -999.0 -999.0 -999.0 -999.0} "" -999.0 -999.0 -999.0 -999.0 -999 -999 "" "" "" "" 0 0 0.0 0.0 -999 ""
FIBERMAP 1197 R-12C11 BOSS 1 1 0 1 0 0 81.41214559186034 -223.6157089619166 143.1 186.20817107250056 148.16794328798574 61.0005 89.40202 199.66876544001124 -8.441501996758529 -24.697119 -0.120461196 3.873766 199.66868763189925 -8.441504643744498 199.68301776605836 -8.587580936308608 55.41416572822108 300.2423133711598 5400.0 5400.0 2016.0 1 369 {-999.0 19.506344 19.376165 19.418741 -999.0} sdss_psfmag_ps1 19.653728 19.524342 19.381557 -999.0 63050395165382653 1143554063 dark_1x3 mwm_wd_pwd_boss_1x3 mwm_wd science 0 0 0.0 0.0 -999 ""
FIBERMAP 1197 R-12C11 METROLOGY 0 0 0 1 0 0 80.76834906021061 -223.97865136492243 143.1 186.75665397650147 147.67264304335947 61.0005 89.40202 -999.0 -999.0 -999.0 -999.0 -999.0 199.67042877530412 -8.443006964599538 199.68472816236135 -8.589054414382787 55.41640852827538 300.24225229850356 -999.0 6231.0 -999.0 -1 -999 {-999.0 -999.0 -999.0 -999.0 -999.0} "" -999.0 -999.0 -999.0 -999.0 -999 -999 "" "" "" "" 0 0 0.0 0.0 -999 ""
FIBERMAP 1199 R+1C1 APOGEE 0 0 0 1 0 0 -276.4439032561808 27.556101841231296 143.1 61.60369609976353 -270.8858600381834 22.409609 151.58832 -999.0 -999.0 -999.0 -999.0 -999.0 199.28688818589924 -9.709079787064997 199.30206415442137 -9.855214693811226 55.926501085005214 298.08076430244006 -999.0 16600.0 -999.0 2 10 {-999.0 -999.0 -999.0 -999.0 -999.0} "" -999.0 -999.0 -999.0 -999.0 -999 -999 "" ops_sky_apogee_best_unassigned ops_sky sky_apogee 0 0 0.0 0.0 -999 ""
FIBERMAP 1199 R+1C1 BOSS 1 1 0 1 0 0 -275.68178964202224 27.520700086773928 143.1 61.395396838236444 -270.1519434544307 22.409609 151.58832 199.28614924858044 -9.70675405976049 -0.93583685 0.62319887 -0.35643873 199.2861359272446 -9.706775451412263 199.30142502433773 -9.853001545710997 55.92463159522534 298.08315864175495 5400.0 5400.0 2016.0 1 12 {-999.0 20.39374 20.190495 20.015272 19.881966} sdss_psfmag_from_gaiadr2 20.119505 20.199036 19.43398 -999.0 63050395165366682 1130021668 dark_flexible_3x1 bhm_gua_dark_d3 bhm_filler science 0 0 0.0 0.0 -999 ""
FIBERMAP 1199 R+1C1 METROLOGY 0 0 0 1 0 0 -276.1107475019959 26.890417441065324 143.1 62.129205000659205 -270.358676122893 22.409609 151.58832 -999.0 -999.0 -999.0 -999.0 -999.0 199.28842906813026 -9.707469925884201 199.30368669343397 -9.85366830694754 55.926791201027314 298.0847002778219 -999.0 6231.0 -999.0 -1 -999 {-999.0 -999.0 -999.0 -999.0 -999.0} "" -999.0 -999.0 -999.0 -999.0 -999 -999 "" "" "" "" 0 0 0.0 0.0 -999 ""
FIBERMAP 1204 R+8C11 APOGEE 0 0 0 1 0 0 36.38050929510426 140.82083498343923 143.1 -145.08060734200694 -10.193657127955927 6.1007648 54.33998 -999.0 -999.0 -999.0 -999.0 -999.0 198.65313147395375 -8.92028108332586 198.66751034110746 -9.067093627097911 54.945360567325544 298.47600294962564 -999.0 16600.0 -999.0 2 -999 {-999.0 -999.0 -999.0 -999.0 -999.0} "" -999.0 -999.0 -999.0 -999.0 -999 -999 "" "" "" "" 0 0 0.0 0.0 -999 ""
FIBERMAP 1204 R+8C11 BOSS 1 1 0 1 0 0 36.02222082987717 140.19463301479516 143.1 -144.37309681496924 -10.334671961979817 6.1007648 54.33998 198.65509950686925 -8.92060475877609 -999.0 -999.0 -999.0 198.65511280865798 -8.920623716266595 198.669610940217 -9.067528884416507 54.947248493811486 298.47768031479404 5400.0 5400.0 2016.0 1 140 {-999.0 21.632982 21.186977 21.130302 21.136087} sdss_psfmag_from_lsdr10 20.555056 20.626778 20.681854 -999.0 63050395165376047 1131650955 dark_flexible_3x1 bhm_spiders_agn_lsdr10_d3 bhm_spiders science 0 0 0.0 0.0 -999 ""
FIBERMAP 1204 R+8C11 METROLOGY 0 0 0 1 0 0 35.63252473775212 140.81667340215017 143.1 -144.83927587172192 -10.901619627568573 6.1007648 54.33998 -999.0 -999.0 -999.0 -999.0 -999.0 198.65369891672626 -8.922368353902433 198.66816451174748 -9.069247731157898 54.94721564007969 298.4737894855934 -999.0 6231.0 -999.0 -1 -999 {-999.0 -999.0 -999.0 -999.0 -999.0} "" -999.0 -999.0 -999.0 -999.0 -999 -999 "" "" "" "" 0 0 0.0 0.0 -999 ""
FIBERMAP 1205 R-2C3 APOGEE 0 0 1 1 0 0 -223.3233874498988 -30.976687415576063 143.1 100.2492824843693 -201.93749742021845 10.710335 169.76427 -999.0 -999.0 -999.0 -999.0 -999.0 199.40588080283388 -9.50161089212233 199.42091633517475 -9.647669875462187 55.88848582164399 298.50048581966996 -999.0 16600.0 -999.0 2 288 {-999.0 -999.0 -999.0 -999.0 -999.0} "" -999.0 -999.0 -999.0 -999.0 -999 -999 "" ops_sky_apogee_best_unassigned ops_sky sky_apogee 0 0 0.0 0.0 -999 ""
FIBERMAP 1205 R-2C3 BOSS 1 0 1 1 0 0 -222.57768864809864 -31.022922781269077 143.1 100.0564658054015 -201.2157081086088 10.710335 169.76427 199.44881749236086 -9.550657823745592 -30.772398 -3.5519705 0.63018095 199.40519819345022 -9.499382252782292 199.42034650162293 -9.64553313163019 55.886709502820835 298.502828391969 5400.0 5400.0 2016.0 1 473 {-999.0 15.984002 15.53644 15.435487 -999.0} sdss_psfmag_ps1 15.871389 15.577495 15.111488 14.231 63050395165366969 1136359982 dark_flexible_3x1 mwm_halo_local_high_boss_triple mwm_halo science 0 0 0.9116653203964233 0.0 -999 ""
FIBERMAP 1205 R-2C3 METROLOGY 0 0 1 1 0 0 -223.01384965449765 -31.658511731954306 143.1 100.79759175748825 -201.4275871837786 10.710335 169.76427 -999.0 -999.0 -999.0 -999.0 -999.0 199.40751774400988 -9.50007255920256 199.42263468731562 -9.646195469818844 55.88888282561969 298.50442739779777 -999.0 6231.0 -999.0 -1 -999 {-999.0 -999.0 -999.0 -999.0 -999.0} "" -999.0 -999.0 -999.0 -999.0 -999 -999 "" "" "" "" 0 0 0.0 0.0 -999 ""
FIBERMAP 1206 R0C2 APOGEE 0 0 0 1 0 0 -259.4872359118932 7.276486480453828 143.1 75.4525506342199 -248.37047427179152 29.090488 126.04867 -999.0 -999.0 -999.0 -999.0 -999.0 199.32950737887674 -9.641458916635518 199.34463879941438 -9.787565688305417 55.917206469601766 298.2218544226945 -999.0 16600.0 -999.0 2 253 {-999.0 -999.0 -999.0 -999.0 -999.0} "" -999.0 -999.0 -999.0 -999.0 -999 -999 "" ops_sky_apogee_best_unassigned ops_sky sky_apogee 0 0 0.0 0.0 -999 ""
FIBERMAP 1206 R0C2 BOSS 1 1 0 1 0 0 -258.79150591524774 6.959750672201473 143.1 75.53209691429275 -247.6102205715275 29.090488 126.04867 199.32968611589558 -9.639051439250364 -7.7041574 -4.4859724 0.17808077 199.3296440821385 -9.639092222021064 199.34488865337096 -9.785289643061716 55.91598007381781 298.22530396657993 5400.0 5400.0 2016.0 1 522 {-999.0 17.10735 16.843945 16.751331 16.736437} sdss_psfmag_from_gaia 17.0756 16.845 16.4289 15.711 63050395165366737 968909204 "" ops_std_boss_gdr2 ops_std standard_boss 0 0 0.0 0.0 -999 ""
FIBERMAP 1206 R0C2 METROLOGY 0 0 0 1 0 0 -259.4111738265415 6.532927032153848 143.1 76.13349817483497 -248.06236686748116 29.090488 126.04867 -999.0 -999.0 -999.0 -999.0 -999.0 199.33153129386088 -9.640516715559828 199.34674493101875 -9.786686602439541 55.91828124671725 298.2253899128614 -999.0 6231.0 -999.0 -1 -999 {-999.0 -999.0 -999.0 -999.0 -999.0} "" -999.0 -999.0 -999.0 -999.0 -999 -999 "" "" "" "" 0 0 0.0 0.0 -999 ""
FIBERMAP 1209 R-2C21 APOGEE 0 0 0 1 0 0 162.56077112813546 -26.28989560056263 143.1 -26.66170112045738 162.49327966413276 204.47322 40.061783 -999.0 -999.0 -999.0 -999.0 -999.0 199.0172916052364 -8.39723963397087 199.031334211155 -8.543812382251142 54.89206976533118 299.57678024404544 -999.0 16600.0 -999.0 2 218 {-999.0 -999.0 -999.0 -999.0 -999.0} "" -999.0 -999.0 -999.0 -999.0 -999 -999 "" ops_sky_apogee_best_unassigned ops_sky sky_apogee 0 0 0.0 0.0 -999 ""
FIBERMAP 1209 R-2C21 BOSS 1 1 0 1 0 0 162.8513983296798 -25.59363072779702 143.1 -27.414176025793733 162.54789846567536 204.47322 40.061783 199.01484597052954 -8.396906292443761 -2.1351278 2.0047278 1.1813636 199.01485772068324 -8.396912396796669 199.02901675268095 -8.54358366454174 54.89016105171922 299.5745392348638 5400.0 5400.0 2016.0 1 310 {-999.0 20.794199 20.67514 20.550083 20.508245} sdss_psfmag_from_gaiadr2 20.442736 20.670408 20.067816 -999.0 63050395165388635 1130021987 dark_flexible_3x1 bhm_gua_dark_d3 bhm_filler science 0 0 0.0 0.0 -999 ""
FIBERMAP 1209 R-2C21 METROLOGY 0 0 0 1 0 0 163.29901154869512 -26.19592578137815 143.1 -26.985101617302295 163.16350007357477 204.47322 40.061783 -999.0 -999.0 -999.0 -999.0 -999.0 199.01620571415583 -8.395059968626915 199.0303303252938 -8.54170303759783 54.88995804020469 299.57849753957703 -999.0 6231.0 -999.0 -1 -999 {-999.0 -999.0 -999.0 -999.0 -999.0} "" -999.0 -999.0 -999.0 -999.0 -999 -999 "" "" "" "" 0 0 0.0 0.0 -999 ""
FIBERMAP 1210 R-3C6 APOGEE 0 0 0 1 0 0 -144.66518268167226 -48.35703987396489 143.1 91.76688564361913 -121.83318928891808 54.835606 142.52687 -999.0 -999.0 -999.0 -999.0 -999.0 199.38030213466456 -9.259663176473786 199.39513058172122 -9.40578132919526 55.71676430341785 298.8069486121528 -999.0 16600.0 -999.0 2 -999 {-999.0 -999.0 -999.0 -999.0 -999.0} "" -999.0 -999.0 -999.0 -999.0 -999 -999 "" "" "" "" 0 0 0.0 0.0 -999 ""
FIBERMAP 1210 R-3C6 BOSS 1 1 0 1 0 0 -143.94938887249506 -48.12977223938599 143.1 91.32420806720067 -121.22655834151378 54.835606 142.52687 199.37886517681667 -9.257789018970366 -999.0 -999.0 -999.0 199.3788709441405 -9.257788709522229 199.39381253346664 -9.404000477280265 55.71463263151784 298.8079501292485 5400.0 5400.0 2016.0 1 475 {-999.0 21.764507 20.408178 19.899677 19.546238} sdss_fiber2mag_from_lsdr10 1e+20 1e+20 1e+20 -999.0 63050399059908750 1128412145 dark_flexible_3x1 bhm_spiders_clusters_lsdr10_d3 bhm_spiders science 0 0 0.0 0.0 -999 ""
FIBERMAP 1210 R-3C6 METROLOGY 0 0 0 1 0 0 -144.10978662568002 -48.85807224595732 143.1 92.06573012397658 -121.14751899207886 54.835606 142.52687 -999.0 -999.0 -999.0 -999.0 -999.0 199.381191187493 -9.257586654857938 199.39610057657012 -9.40377028052127 55.71624084106151 298.8107916425617 -999.0 6231.0 -999.0 -1 -999 {-999.0 -999.0 -999.0 -999.0 -999.0} "" -999.0 -999.0 -999.0 -999.0 -999 -999 "" "" "" "" 0 0 0.0 0.0 -999 ""
FIBERMAP 1211 R-11C11 APOGEE 0 0 0 1 1 0 41.478874848361905 -209.80209292202 143.1 185.7827632766939 105.91687304545556 180.16145 101.6864 -999.0 -999.0 -999.0 -999.0 -999.0 199.66793137556095 -8.569299063690675 199.6822536502956 -8.715261211910581 55.495842706561284 300.06924094720114 -999.0 16600.0 -999.0 2 182 {-999.0 -999.0 -999.0 -999.0 -999.0} "" -999.0 -999.0 -999.0 -999.0 -999 -999 "" ops_sky_apogee_best_unassigned ops_sky sky_apogee 0 0 0.0 0.0 -999 ""
FIBERMAP 1211 R-11C11 BOSS 1 0 0 1 1 0 41.26439082203638 -209.09518175607892 143.1 185.18049828903202 105.48913669636471 180.16145 101.6864 199.69384687806414 -8.499591014761972 -23.053303 -12.281761 0.6067733 199.66602630573178 -8.57047101947724 199.68046327378022 -8.716529498762643 55.495303560139305 300.0655171225261 5400.0 5400.0 2016.0 1 375 {-999.0 15.296296 14.749188 14.552924 -999.0} sdss_psfmag_from_g3xp 15.171388 14.779404 14.21285 13.073 63050395165382608 1135976752 dark_flexible_3x1 mwm_halo_local_high_boss_triple mwm_halo science 0 0 1.155664086341858 0.0 -999 ""
FIBERMAP 1211 R-11C11 METROLOGY 0 0 0 1 1 0 41.9958184291756 -209.26221512856608 143.1 185.10675863119252 106.23573045220662 180.16145 101.6864 -999.0 -999.0 -999.0 -999.0 -999.0 199.6658544632378 -8.56822332558709 199.68025717734065 -8.714255452892303 55.49368480100558 300.0683593746292 -999.0 6231.0 -999.0 -1 -999 {-999.0 -999.0 -999.0 -999.0 -999.0} "" -999.0 -999.0 -999.0 -999.0 -999 -999 "" "" "" "" 0 0 0.0 0.0 -999 ""
FIBERMAP 1214 R+5C1 APOGEE 0 0 0 1 0 0 -227.55865892183323 114.66433782193164 143.1 -36.51202802526894 -252.17520948519922 111.86744 63.012127 -999.0 -999.0 -999.0 -999.0 -999.0 198.98594282904693 -9.65282971256926 199.0009919280617 -9.79924048038848 55.65919017911068 297.831215053085 -999.0 16600.0 -999.0 2 1 {-999.0 -999.0 -999.0 -999.0 -999.0} "" -999.0 -999.0 -999.0 -999.0 -999 -999 "" ops_sky_apogee_best_unassigned ops_sky sky_apogee 0 0 0.0 0.0 -999 ""
FIBERMAP 1214 R+5C1 BOSS 1 1 0 1 0 0 -226.7803004116162 114.63189176484107 143.1 -36.728285639233476 -251.42682656834842 111.86744 63.012127 198.98510628047515 -9.650436852834167 12.452333 -33.18242 3.3689222 198.98516088275548 -9.65050310408638 199.00032451083723 -9.797005678762792 55.65728894586027 297.8336013523992 5400.0 5400.0 2016.0 1 1 {-999.0 19.936062 18.498106 17.661781 -999.0} sdss_psfmag_ps1 19.654047 18.3158 17.184107 14.982 63050395165366473 1096456632 bright_1x1 mwm_bin_vis_boss mwm_filler science 0 0 0.0 0.0 -999 ""
FIBERMAP 1214 R+5C1 METROLOGY 0 0 0 1 0 0 -227.22567464172613 113.98920347706232 143.1 -35.97750370714672 -251.64518907626703 111.86744 63.012127 -999.0 -999.0 -999.0 -999.0 -999.0 198.98749105159118 -9.651234534055304 199.00262283626705 -9.797709214965758 55.659502316646865 297.83511102494555 -999.0 6231.0 -999.0 -1 -999 {-999.0 -999.0 -999.0 -999.0 -999.0} "" -999.0 -999.0 -999.0 -999.0 -999 -999 "" "" "" "" 0 0 0.0 0.0 -999 ""
FIBERMAP 1216 R-2C17 APOGEE 0 0 0 1 0 0 89.55847682441393 -28.837864924979208 143.1 -1.0770858888725616 94.07682170060134 61.123463 141.87988 -999.0 -999.0 -999.0 -999.0 -999.0 199.09553630171308 -8.604458173751414 199.10976247170993 -8.75092984977402 55.08392152014719 299.38503807193877 -999.0 16600.0 -999.0 2 211 {-999.0 -999.0 -999.0 -999.0 -999.0} "" -999.0 -999.0 -999.0 -999.0 -999 -999 "" ops_sky_apogee_best_unassigned ops_sky sky_apogee 0 0 0.0 0.0 -999 ""
FIBERMAP 1216 R-2C17 BOSS 1 1 0 1 0 0 90.23860520374497 -28.553538491884076 143.1 -1.5625509852521795 94.63152402664844 61.123463 141.87988 199.0939269907555 -8.602602782462766 -999.0 -999.0 -999.0 199.09392986820686 -8.602625662618209 199.108270918249 -8.749194343159079 55.08167965081422 299.38573525918395 5400.0 5400.0 2016.0 1 300 {-999.0 22.109735 21.326126 20.911451 20.627403} sdss_fiber2mag_from_lsdr10 1e+20 1e+20 1e+20 -999.0 63050399059904539 1131655025 dark_flexible_3x1 bhm_spiders_agn_lsdr10_d3 bhm_spiders science 0 0 0.0 0.0 -999 ""
FIBERMAP 1216 R-2C17 METROLOGY 0 0 0 1 0 0 90.14868058163727 -29.2981620624366 143.1 -0.8279157668468153 94.78257072347728 61.123463 141.87988 -999.0 -999.0 -999.0 -999.0 -999.0 199.09621895941544 -8.60218772629792 199.11052707352883 -8.748727433656272 55.08310136210214 299.38884538150694 -999.0 6231.0 -999.0 -1 -999 {-999.0 -999.0 -999.0 -999.0 -999.0} "" -999.0 -999.0 -999.0 -999.0 -999 -999 "" "" "" "" 0 0 0.0 0.0 -999 ""
FIBERMAP 1217 R-3C13 APOGEE 0 0 0 1 0 0 28.187532651331633 -63.710622785418174 143.1 51.46840736701966 46.9487023991053 15.735912 76.77273 -999.0 -999.0 -999.0 -999.0 -999.0 199.25683365074752 -8.747587637494942 199.2712118950492 -8.893893770902572 55.29796855818863 299.36983679751955 -999.0 16600.0 -999.0 2 169 {-999.0 -999.0 -999.0 -999.0 -999.0} "" -999.0 -999.0 -999.0 -999.0 -999 -999 "" ops_sky_apogee_best_unassigned ops_sky sky_apogee 0 0 0.0 0.0 -999 ""
FIBERMAP 1217 R-3C13 BOSS 1 1 0 1 0 0 28.282954213037616 -64.45365919784624 143.1 52.14271488553753 47.275001611138144 15.735912 76.77273 199.25844865605515 -8.746409990985658 -11.161232 -23.06093 3.4966943 199.2588207446086 -8.746475511826407 199.27331440492037 -8.892874497705375 55.29892214967185 299.37353991752434 5400.0 5400.0 2016.0 1 407 {-999.0 14.862811 13.894986 13.55934 -999.0} sdss_psfmag_from_g3xp 14.540847 13.941178 13.205627 11.753 63050395165387176 1077940834 bright_flexible_2x1 mwm_snc_ext_main_boss mwm_snc science 0 0 1.467531442642212 0.0 -999 ""
FIBERMAP 1217 R-3C13 METROLOGY 0 0 0 1 0 0 27.587060702315163 -64.14826790009414 143.1 52.0739780359211 46.51819322430362 15.735912 76.77273 -999.0 -999.0 -999.0 -999.0 -999.0 199.2586469089332 -8.748795652482276 199.27310958648286 -8.895167664907326 55.300225464751605 299.3702065951352 -999.0 6231.0 -999.0 -1 -999 {-999.0 -999.0 -999.0 -999.0 -999.0} "" -999.0 -999.0 -999.0 -999.0 -999 -999 "" "" "" "" 0 0 0.0 0.0 -999 ""
FIBERMAP 1218 R0C17 APOGEE 0 0 0 1 0 0 51.54375424039319 1.0810236569449585 143.1 -17.3833495541705 48.533759057354644 195.51456 95.67316 -999.0 -999.0 -999.0 -999.0 -999.0 199.04532490212793 -8.74259761353417 199.05965147554798 -8.889092787457663 55.13351136829481 299.14354800215096 -999.0 16600.0 -999.0 2 111 {-999.0 -999.0 -999.0 -999.0 -999.0} "" -999.0 -999.0 -999.0 -999.0 -999 -999 "" ops_sky_apogee_best_unassigned ops_sky sky_apogee 0 0 0.0 0.0 -999 ""
FIBERMAP 1218 R0C17 BOSS 1 1 0 1 0 0 51.280484335953346 1.7641771820228214 143.1 -17.947603138534113 48.06730092841468 195.51456 95.67316 199.04342651367185 -8.743904048028782 -999.0 -999.0 -999.0 199.0434617690568 -8.743886907274238 199.05790582270708 -8.890478261908461 55.133056876910466 299.1397607332098 5400.0 5400.0 2015.5 1 189 {-999.0 -999.0 -999.0 -999.0 -999.0} "" -999.0 -999.0 -999.0 -999.0 27021603139617883 811721488 "" ops_sky_boss_good ops_sky sky_boss 0 0 0.0 0.0 -999 ""
FIBERMAP 1218 R0C17 METROLOGY 0 0 0 1 0 0 52.01651965193193 1.6554501934028667 143.1 -18.078094694167742 48.79975949585148 195.51456 95.67316 -999.0 -999.0 -999.0 -999.0 -999.0 199.04309471164726 -8.741685335139996 199.05750379203914 -8.888250512656482 55.13133673073604 299.1423325753382 -999.0 6231.0 -999.0 -1 -999 {-999.0 -999.0 -999.0 -999.0 -999.0} "" -999.0 -999.0 -999.0 -999.0 -999 -999 "" "" "" "" 0 0 0.0 0.0 -999 ""
FIBERMAP 1219 R+1C17 APOGEE 0 0 0 1 0 0 96.77106965785 28.598545364622826 143.1 -57.83072604177277 82.68783897180636 83.43826 48.107475 -999.0 -999.0 -999.0 -999.0 -999.0 198.9212719132411 -8.638851631337229 198.93548754726942 -8.785472211239364 54.97293432825914 299.14747221657933 -999.0 16600.0 -999.0 2 -999 {-999.0 -999.0 -999.0 -999.0 -999.0} "" -999.0 -999.0 -999.0 -999.0 -999 -999 "" "" "" "" 0 0 0.0 0.0 -999 ""
FIBERMAP 1219 R+1C17 BOSS 1 1 0 1 0 0 97.25980968071937 28.012973259184058 143.1 -57.43056159111374 83.33713214738151 83.43826 48.107475 198.9223485573989 -8.636743514341648 -999.0 -999.0 -999.0 198.92235397292168 -8.636741641147802 198.9366856317945 -8.783456939078047 54.97257034737844 299.1514948347118 5400.0 5400.0 2016.0 1 199 {-999.0 21.307053 20.77542 20.381012 20.063583} sdss_psfmag_from_lsdr10 1e+20 1e+20 1e+20 -999.0 63050397630640807 1131653021 dark_flexible_3x1 bhm_spiders_agn_lsdr10_d3 bhm_spiders science 0 0 0.0 0.0 -999 ""
FIBERMAP 1219 R+1C17 METROLOGY 0 0 0 1 0 0 96.52898921829282 27.890805809715864 143.1 -57.08277727749335 82.6828967637381 83.43826 48.107475 -999.0 -999.0 -999.0 -999.0 -999.0 198.92344547302187 -8.63874597609418 198.9377456798627 -8.78543297798646 54.97463405149318 299.1499926631151 -999.0 6231.0 -999.0 -1 -999 {-999.0 -999.0 -999.0 -999.0 -999.0} "" -999.0 -999.0 -999.0 -999.0 -999 -999 "" "" "" "" 0 0 0.0 0.0 -999 ""
FIBERMAP 1220 R+1C3 APOGEE 0 0 0 1 0 0 -245.02428381731949 22.356587436120456 143.1 56.56265007091361 -239.44176501962022 135.35344 140.90651 -999.0 -999.0 -999.0 -999.0 -999.0 199.27162706468454 -9.61472355647924 199.28672096838227 -9.760886133942874 55.855943984886174 298.1956183175611 -999.0 16600.0 -999.0 2 38 {-999.0 -999.0 -999.0 -999.0 -999.0} "" -999.0 -999.0 -999.0 -999.0 -999 -999 "" ops_sky_apogee_best_unassigned ops_sky sky_apogee 0 0 0.0 0.0 -999 ""
FIBERMAP 1220 R+1C3 BOSS 1 1 0 1 0 0 -245.1099445172506 23.071619386797668 143.1 55.911800271024354 -239.74992072762873 135.35344 140.90651 199.26951127752545 -9.615571439561977 1.4536616 0.25838387 0.33446056 199.26951809012746 -9.615582326522961 199.28472750139633 -9.761837255542764 55.85500030979429 298.19211171499154 5400.0 5400.0 2016.0 1 62 {-999.0 20.762085 20.660711 20.516338 20.493032} sdss_psfmag_from_gaiadr2 20.468279 20.674332 20.206375 -999.0 63050395165367153 1130021672 dark_flexible_3x1 bhm_gua_dark_d3 bhm_filler science 0 0 0.0 0.0 -999 ""
FIBERMAP 1220 R+1C3 METROLOGY 0 0 0 1 0 0 -244.41517383558 22.792806310268173 143.1 55.95569042584691 -239.0026121098167 135.35344 140.90651 -999.0 -999.0 -999.0 -999.0 -999.0 199.26969967365304 -9.613403409167315 199.28487464309922 -9.759632833405547 55.85373989221734 298.19534412542754 -999.0 6231.0 -999.0 -1 -999 {-999.0 -999.0 -999.0 -999.0 -999.0} "" -999.0 -999.0 -999.0 -999.0 -999 -999 "" "" "" "" 0 0 0.0 0.0 -999 ""
FIBERMAP 1221 R-8C13 APOGEE 0 0 0 1 0 0 55.2580023258952 -171.3609728322645 143.1 144.95758414828288 106.78313531788714 284.7654 55.23952 -999.0 -999.0 -999.0 -999.0 -999.0 199.54323022504806 -8.566477176174384 199.5575229823728 -8.712553042963354 55.39964168211935 299.9331976132164 -999.0 16600.0 -999.0 2 -999 {-999.0 -999.0 -999.0 -999.0 -999.0} "" -999.0 -999.0 -999.0 -999.0 -999 -999 "" "" "" "" 0 0 0.0 0.0 -999 ""
FIBERMAP 1221 R-8C13 BOSS 1 1 0 1 0 0 54.554856391190015 -171.106311495765 143.1 144.9392541278201 106.03554974152466 284.7654 55.23952 199.54311523345436 -8.568618514643255 -0.81746846 0.6674957 0.82325363 199.5431156302173 -8.56860814593255 199.55752481623142 -8.714778716346695 55.401071977405 299.93019455766205 5400.0 5400.0 2016.0 1 418 {-999.0 20.673716 20.54944 20.19002 20.030361} sdss_fiber2mag_from_lsdr10 20.15566 20.228466 19.373362 -999.0 63050395165382383 1131655028 dark_flexible_3x1 bhm_spiders_agn_lsdr10_d3 bhm_spiders science 0 0 0.0 0.0 -999 ""
FIBERMAP 1221 R-8C13 METROLOGY 0 0 0 1 0 0 55.129884782789915 -170.62403042478292 143.1 144.29943193401922 106.42776587312923 284.7654 55.23952 -999.0 -999.0 -999.0 -999.0 -999.0 199.54120765520096 -8.567430862465345 199.5555829557494 -8.713576445478708 55.39882846962734 299.9296477957206 -999.0 6231.0 -999.0 -1 -999 {-999.0 -999.0 -999.0 -999.0 -999.0} "" -999.0 -999.0 -999.0 -999.0 -999 -999 "" "" "" "" 0 0 0.0 0.0 -999 ""
FIBERMAP 1223 R+13C7 APOGEE 0 0 0 1 0 0 -17.509994387778626 269.21502219105093 143.1 -249.72853947511112 -102.04383253061731 145.91826 75.007835 -999.0 -999.0 -999.0 -999.0 -999.0 198.33334009415663 -9.197131843978113 198.34785991172112 -9.344178651862702 54.871744538923494 297.7568580222662 -999.0 16600.0 -999.0 2 100 {-999.0 -999.0 -999.0 -999.0 -999.0} "" -999.0 -999.0 -999.0 -999.0 -999 -999 "" ops_sky_apogee_best_unassigned ops_sky sky_apogee 0 0 0.0 0.0 -999 ""
FIBERMAP 1223 R+13C7 BOSS 1 1 0 1 0 0 -16.918591675154854 269.6705630026071 143.1 -250.34820163194465 -101.62760283676016 145.91826 75.007835 198.33141201945818 -9.195762415276914 -21.215914 -3.3576586 2.5850472 198.33134200912687 -9.195767479995187 198.34598014116364 -9.342909772104909 54.869502613879014 297.7565875334178 5400.0 5400.0 2016.0 1 174 {-999.0 20.227652 18.947914 17.50616 -999.0} sdss_psfmag_ps1 19.620504 18.22853 17.04091 14.748 63050395165374999 1092434988 dark_flexible_2x1 mwm_cb_galex_vol_boss mwm_cb science 0 0 0.0 0.0 -999 ""
FIBERMAP 1223 R+13C7 METROLOGY 0 0 0 1 0 0 -16.84327038764225 268.9096608810407 143.1 -249.65057363727803 -101.31469391797005 145.91826 75.007835 -999.0 -999.0 -999.0 -999.0 -999.0 198.3334480171018 -9.194881086521209 198.34805199880373 -9.341995192946788 54.870538474361695 297.76003828800935 -999.0 6231.0 -999.0 -1 -999 {-999.0 -999.0 -999.0 -999.0 -999.0} "" -999.0 -999.0 -999.0 -999.0 -999 -999 "" "" "" "" 0 0 0.0 0.0 -999 ""
FIBERMAP 1224 R+5C18 APOGEE 0 0 0 1 0 0 154.8964997744988 92.92462209927207 143.1 -137.27558289167573 117.39087407465728 307.66498 143.00514 -999.0 -999.0 -999.0 -999.0 -999.0 198.67813295087697 -8.533586171039088 198.69221221971145 -8.680435896263164 54.720407693880766 299.02366325565714 -999.0 16600.0 -999.0 2 64 {-999.0 -999.0 -999.0 -999.0 -999.0} "" -999.0 -999.0 -999.0 -999.0 -999 -999 "" ops_sky_apogee_best_unassigned ops_sky sky_apogee 0 0 0.0 0.0 -999 ""
FIBERMAP 1224 R+5C18 BOSS 1 1 0 1 0 0 154.76648808569394 92.1975421249235 143.1 -136.54486125943464 117.49834009220648 307.66498 143.00514 198.68021094808378 -8.533086384341605 -7.0264735 -10.874184 0.15798879 198.68020272861554 -8.533124204204988 198.69440072648604 -8.680068301474288 54.72184817467524 299.02652960535033 5400.0 5400.0 2016.0 1 216 {-999.0 17.461063 17.566526 16.959589 -999.0} sdss_psfmag_ps1 17.41271 17.12372 16.684654 15.751 63050395165389112 976172624 "" ops_std_boss ops_std standard_boss 0 0 0.0 0.0 -999 ""
FIBERMAP 1224 R+5C18 METROLOGY 0 0 0 1 0 0 154.19955074142462 92.6752780585795 143.1 -136.8179518597381 116.8091191706645 307.66498 143.00514 -999.0 -999.0 -999.0 -999.0 -999.0 198.67937506078943 -8.535222152887256 198.6935409122991 -8.68213940888575 54.72250331883218 299.02282298700044 -999.0 6231.0 -999.0 -1 -999 {-999.0 -999.0 -999.0 -999.0 -999.0} "" -999.0 -999.0 -999.0 -999.0 -999 -999 "" "" "" "" 0 0 0.0 0.0 -999 ""
FIBERMAP 1227 R-4C8 APOGEE 0 0 0 1 0 0 -96.99956683716492 -91.73511490470948 143.1 117.77307697910793 -62.86708383745128 263.9317 93.50981 -999.0 -999.0 -999.0 -999.0 -999.0 199.4602977552182 -9.080893575913684 199.474997764744 -9.226966535261809 55.664918052297494 299.1412117585795 -999.0 16600.0 -999.0 2 -999 {-999.0 -999.0 -999.0 -999.0 -999.0} "" -999.0 -999.0 -999.0 -999.0 -999 -999 "" "" "" "" 0 0 0.0 0.0 -999 ""
FIBERMAP 1227 R-4C8 BOSS 1 1 0 1 0 0 -97.73604000964743 -91.73062600584876 143.1 118.00255222442702 -63.5668759326124 263.9317 93.50981 199.4609431929656 -9.082950148291356 -999.0 -999.0 -999.0 199.46094316131587 -9.082952736581205 199.47575980622776 -9.229117531524935 55.66686256241788 299.1391053712436 5400.0 5400.0 2016.0 1 479 {-999.0 21.266926 20.735256 20.26735 19.860395} sdss_psfmag_from_gaiadr2 20.69146 20.92136 19.317863 -999.0 63050395165380863 1130021879 dark_flexible_3x1 bhm_gua_dark_d3 bhm_filler science 0 0 0.0 0.0 -999 ""
FIBERMAP 1227 R-4C8 METROLOGY 0 0 0 1 0 0 -97.35530303336185 -91.07712556170198 143.1 117.26203126202807 -63.41323771179626 263.9317 93.50981 -999.0 -999.0 -999.0 -999.0 -999.0 199.4587171254505 -9.082522167962399 199.47350035829186 -9.228662761253055 55.66484871162863 299.1372248159416 -999.0 6231.0 -999.0 -1 -999 {-999.0 -999.0 -999.0 -999.0 -999.0} "" -999.0 -999.0 -999.0 -999.0 -999 -999 "" "" "" "" 0 0 0.0 0.0 -999 ""
FIBERMAP 1228 R-4C5 APOGEE 0 0 0 1 0 0 -150.9820916614042 -62.45913224865211 143.1 107.14409968034559 -123.34772525001016 91.12143 92.16942 -999.0 -999.0 -999.0 -999.0 -999.0 199.42748858568746 -9.264183650918342 199.44233254733217 -9.410258663183217 55.75574658396068 298.85288705531354 -999.0 16600.0 -999.0 2 296 {-999.0 -999.0 -999.0 -999.0 -999.0} "" -999.0 -999.0 -999.0 -999.0 -999 -999 "" ops_sky_apogee_best_unassigned ops_sky sky_apogee 0 0 0.0 0.0 -999 ""
FIBERMAP 1228 R-4C5 BOSS 1 1 0 1 0 0 -150.24089021969138 -62.40929394473368 143.1 106.8616075705253 -122.66069116212994 91.12143 92.16942 199.4265498627554 -9.262060158555386 -0.091802984 0.38235056 -0.06740928 199.42655375335366 -9.262062743023977 199.44151055441625 -9.408230888753888 55.75383893201423 298.85477635686715 5400.0 5400.0 2016.0 1 487 {-999.0 20.23431 19.783352 19.676964 19.622538} sdss_psfmag_from_lsdr10 20.236578 19.900444 19.427841 -999.0 63050395165379065 1131648988 dark_flexible_3x1 bhm_spiders_agn_lsdr10_d3 bhm_spiders science 0 0 0.0 0.0 -999 ""
FIBERMAP 1228 R-4C5 METROLOGY 0 0 0 1 0 0 -150.56463208727985 -63.085900486345075 143.1 107.6059507666767 -122.7529501457615 91.12143 92.16942 -999.0 -999.0 -999.0 -999.0 -999.0 199.4288828725823 -9.262379194304062 199.4438079673796 -9.40851912712673 55.755780211219005 298.85691735322473 -999.0 6231.0 -999.0 -1 -999 {-999.0 -999.0 -999.0 -999.0 -999.0} "" -999.0 -999.0 -999.0 -999.0 -999 -999 "" "" "" "" 0 0 0.0 0.0 -999 ""
FIBERMAP 1230 R+8C17 APOGEE 0 0 0 1 0 0 141.26235140207282 140.16243549697086 143.1 -177.7422531080734 89.47046959669022 293.98386 28.539904 -999.0 -999.0 -999.0 -999.0 -999.0 198.55413038324602 -8.6180596547331 198.56824920343388 -8.76500419856447 54.67899563703653 298.7761915416241 -999.0 16600.0 -999.0 2 75 {-999.0 -999.0 -999.0 -999.0 -999.0} "" -999.0 -999.0 -999.0 -999.0 -999 -999 "" ops_sky_apogee_best_unassigned ops_sky sky_apogee 0 0 0.0 0.0 -999 ""
FIBERMAP 1230 R+8C17 BOSS 1 1 0 1 0 0 140.68038899695227 140.6255409198356 143.1 -177.99670174136068 88.77164425625043 293.98386 28.539904 198.55316162109372 -8.62008827492241 -999.0 -999.0 -999.0 198.55317526502228 -8.620053661431292 198.56741461963247 -8.767094596618927 54.67967552567375 298.7724867526377 5400.0 5400.0 2015.5 1 234 {-999.0 -999.0 -999.0 -999.0 -999.0} "" -999.0 -999.0 -999.0 -999.0 27021603139612339 811720708 "" ops_sky_boss_good ops_sky sky_boss 0 0 0.0 0.0 -999 ""
FIBERMAP 1230 R+8C17 METROLOGY 0 0 0 1 0 0 141.3728170765093 140.9048642674287 143.1 -178.48132612817398 89.33959769786938 293.98386 28.539904 -999.0 -999.0 -999.0 -999.0 -999.0 198.55171156281307 -8.618348427838235 198.56591549396308 -8.7653637303939 54.67743380542415 298.7731909562225 -999.0 6231.0 -999.0 -1 -999 {-999.0 -999.0 -999.0 -999.0 -999.0} "" -999.0 -999.0 -999.0 -999.0 -999 -999 "" "" "" "" 0 0 0.0 0.0 -999 ""
FIBERMAP 1233 R+11C16 APOGEE 0 0 0 1 0 0 184.09495660115104 222.16162728978688 143.1 -269.09237435695735 104.06308861826432 65.736725 73.66037 -999.0 -999.0 -999.0 -999.0 -999.0 198.2764338114845 -8.573908642320724 198.29045820142642 -8.721099006800051 54.43815562163405 298.53655827255426 -999.0 16600.0 -999.0 2 104 {-999.0 -999.0 -999.0 -999.0 -999.0} "" -999.0 -999.0 -999.0 -999.0 -999 -999 "" ops_sky_apogee_best_unassigned ops_sky sky_apogee 0 0 0.0 0.0 -999 ""
FIBERMAP 1233 R+11C16 BOSS 1 1 0 1 0 0 184.66133902594282 221.7003953075294 143.1 -268.8347576677487 104.7465455316384 65.736725 73.66037 198.27713012695312 -8.571752205351729 -999.0 -999.0 -999.0 198.27713822347945 -8.571761252200739 198.2912815987329 -8.71904776704068 54.43749747341998 298.54018005364037 5400.0 5400.0 2015.5 1 178 {-999.0 -999.0 -999.0 -999.0 -999.0} "" -999.0 -999.0 -999.0 -999.0 27021603139612552 811720730 "" ops_sky_boss_good ops_sky sky_boss 0 0 0.0 0.0 -999 ""
FIBERMAP 1233 R+11C16 METROLOGY 0 0 0 1 0 0 183.95905045682605 221.43213159588134 143.1 -268.35749129390297 104.16573183244337 65.736725 73.66037 -999.0 -999.0 -999.0 -999.0 -999.0 198.2785506689645 -8.573519165671145 198.29266155121343 -8.72077687035136 54.43964561589634 298.5393451225053 -999.0 6231.0 -999.0 -1 -999 {-999.0 -999.0 -999.0 -999.0 -999.0} "" -999.0 -999.0 -999.0 -999.0 -999 -999 "" "" "" "" 0 0 0.0 0.0 -999 ""
FIBERMAP 1234 R+5C14 APOGEE 0 0 0 1 0 0 57.94290580584939 79.08987056996565 143.1 -93.38683324383395 29.84442173074234 310.42816 76.9162 -999.0 -999.0 -999.0 -999.0 -999.0 198.81184972465533 -8.799072361579551 198.82616884312404 -8.945764701154888 54.99075419790332 298.8120708197722 -999.0 16600.0 -999.0 2 93 {-999.0 -999.0 -999.0 -999.0 -999.0} "" -999.0 -999.0 -999.0 -999.0 -999 -999 "" ops_sky_apogee_best_unassigned ops_sky sky_apogee 0 0 0.0 0.0 -999 ""
FIBERMAP 1234 R+5C14 BOSS 1 1 0 1 0 0 57.271143010072926 78.77370997983208 143.1 -92.87383607048312 29.307755240139183 310.42816 76.9162 198.81327973172506 -8.800592070827804 -6.5626407 -1.8764691 -0.09581669 198.81324994740223 -8.800591738557289 198.8276884725118 -8.947377366484655 54.992936405194875 298.8115418669603 5400.0 5400.0 2016.0 1 166 {-999.0 17.698025 17.352978 16.955776 -999.0} sdss_psfmag_ps1 17.59126 17.204578 16.652378 15.594 63050395165387382 944084687 bright_1x1 openfibertargets_nov2020_6b open_fiber science 0 0 0.0 0.0 -999 ""
FIBERMAP 1234 R+5C14 METROLOGY 0 0 0 1 0 0 57.32177138921869 79.50495592285758 143.1 -93.58331452077574 29.123691129293675 310.42816 76.9162 -999.0 -999.0 -999.0 -999.0 -999.0 198.811096039018 -8.801171706833749 198.82550113847708 -8.947932284346338 54.99161059671317 298.8084145199145 -999.0 6231.0 -999.0 -1 -999 {-999.0 -999.0 -999.0 -999.0 -999.0} "" -999.0 -999.0 -999.0 -999.0 -999 -999 "" "" "" "" 0 0 0.0 0.0 -999 ""
FIBERMAP 1236 R+13C5 APOGEE 0 0 0 1 0 0 -63.825481897710794 267.41156944430276 143.1 -233.3194163964191 -145.39056474083512 145.9688 85.165634 -999.0 -999.0 -999.0 -999.0 -999.0 198.3833562957369 -9.328280110696333 198.39799078091858 -9.475264237995697 54.991790300376465 297.6311279386353 -999.0 16600.0 -999.0 2 52 {-999.0 -999.0 -999.0 -999.0 -999.0} "" -999.0 -999.0 -999.0 -999.0 -999 -999 "" ops_sky_apogee_best_unassigned ops_sky sky_apogee 0 0 0.0 0.0 -999 ""
FIBERMAP 1236 R+13C5 BOSS 1 1 0 1 0 0 -63.35517634812635 267.999671688833 143.1 -234.02634897487314 -145.13123710017783 145.9688 85.165634 198.3811074470929 -9.327404230264221 0.33683676 -1.1012532 0.31576186 198.3810954314091 -9.32738326518944 198.39584821033202 -9.474462389475484 54.9896340694052 297.62994595327086 5400.0 5400.0 2016.0 1 89 {-999.0 19.980413 19.889977 19.841179 19.80601} sdss_psfmag_from_lsdr10 20.135479 20.006187 19.590948 -999.0 63050395165374538 1131648970 dark_flexible_3x1 bhm_spiders_agn_lsdr10_d3 bhm_spiders science 0 0 0.0 0.0 -999 ""
FIBERMAP 1236 R+13C5 METROLOGY 0 0 0 1 0 0 -63.09183857027524 267.2789026047557 143.1 -233.42644763096848 -144.65277669277972 145.9688 85.165634 -999.0 -999.0 -999.0 -999.0 -999.0 198.3829066806895 -9.326007647066238 198.39762495003788 -9.473059092815257 54.990142071465705 297.63375770618666 -999.0 6231.0 -999.0 -1 -999 {-999.0 -999.0 -999.0 -999.0 -999.0} "" -999.0 -999.0 -999.0 -999.0 -999 -999 "" "" "" "" 0 0 0.0 0.0 -999 ""
FIBERMAP 1237 R-2C7 APOGEE 0 0 0 1 0 0 -135.66808951677106 -56.03754132364799 143.1 96.19461626096678 -110.86407925567893 294.73672 84.30984 -999.0 -999.0 -999.0 -999.0 -999.0 199.3939376237151 -9.226431629741963 199.40874196515415 -9.37254250459469 55.70624452907512 298.8677815857814 -999.0 16600.0 -999.0 2 286 {-999.0 -999.0 -999.0 -999.0 -999.0} "" -999.0 -999.0 -999.0 -999.0 -999 -999 "" ops_sky_apogee_best_unassigned ops_sky sky_apogee 0 0 0.0 0.0 -999 ""
FIBERMAP 1237 R-2C7 BOSS 1 1 0 1 0 0 -136.40683322378274 -56.01221802470218 143.1 96.40505568601661 -111.57263654596053 294.73672 84.30984 199.39450042079594 -9.228534515375884 -999.0 -999.0 -999.0 199.39450962045635 -9.228534455002787 199.4094308381691 -9.374736658849198 55.70815549720107 298.86551943242705 5400.0 5400.0 2016.0 1 469 {-999.0 21.857828 20.472565 19.940554 19.576138} sdss_fiber2mag_from_lsdr10 20.253546 21.500628 18.72396 -999.0 63050395165380564 1128412150 dark_flexible_3x1 bhm_spiders_clusters_lsdr10_d3 bhm_spiders science 0 0 0.0 0.0 -999 ""
FIBERMAP 1237 R-2C7 METROLOGY 0 0 0 1 0 0 -136.0085355518973 -55.38846982572032 143.1 95.68717438830276 -111.39290386901567 294.73672 84.30984 -999.0 -999.0 -999.0 -999.0 -999.0 199.39235004592084 -9.228031480355964 199.40723773104946 -9.374209588650334 55.70614362041377 298.86382421536956 -999.0 6231.0 -999.0 -1 -999 {-999.0 -999.0 -999.0 -999.0 -999.0} "" -999.0 -999.0 -999.0 -999.0 -999 -999 "" "" "" "" 0 0 0.0 0.0 -999 ""
FIBERMAP 1238 R-9C3 APOGEE 1 1 0 1 0 0 -156.48394296403822 -185.84525124150903 143.1 225.8922265647872 -89.40629039536988 243.46153 98.34499 199.79097340607382 -9.160598434300756 -27.298594 3.3923624 4.8734517 199.79088151357337 -9.160573139692513 199.80572866897649 -9.306333673073103 55.96756839691323 299.4006585597232 16000.0 16600.0 2016.0 2 283 {-999.0 9.352477 9.150521 9.1056795 -999.0} sdss_psfmag_from_g3xp 9.359213 9.147455 8.785738 8.288 63050395165379236 1076219009 bright_1x1 mwm_snc_ext_main_apogee mwm_snc science 0 0 0.0 0.0 -999 ""
FIBERMAP 1238 R-9C3 BOSS 0 0 0 1 0 0 -157.19805244572103 -185.63140484501653 143.1 225.91607914923242 -90.15131896303417 243.46153 98.34499 -999.0 -999.0 -999.0 -999.0 -999.0 199.79086111818472 -9.162742391925413 199.8058233450754 -9.308594615131922 55.96907754158256 299.3976457174369 -999.0 5400.0 -999.0 1 464 {-999.0 -999.0 -999.0 -999.0 -999.0} "" -999.0 -999.0 -999.0 -999.0 -999 -999 "" "" "" "" 0 0 0.0 0.0 -999 ""
FIBERMAP 1238 R-9C3 METROLOGY 0 0 0 1 0 0 -156.64222845307023 -185.12264294387734 143.1 225.25724109647584 -89.78571770699251 243.46153 98.34499 -999.0 -999.0 -999.0 -999.0 -999.0 199.78892639182965 -9.161685268610205 199.80385516496904 -9.307513355438525 55.96689080918124 299.39693162402835 -999.0 6231.0 -999.0 -1 -999 {-999.0 -999.0 -999.0 -999.0 -999.0} "" -999.0 -999.0 -999.0 -999.0 -999 -999 "" "" "" "" 0 0 0.0 0.0 -999 ""
FIBERMAP 1239 R0C25 APOGEE 0 0 0 1 0 0 253.161114416296 12.91360318837718 143.1 -92.59029033039303 235.96401397288415 74.421074 105.999115 -999.0 -999.0 -999.0 -999.0 -999.0 198.81618149103443 -8.175757240778271 198.83000670714807 -8.322541298262976 54.59744675950544 299.65067127604726 -999.0 16600.0 -999.0 2 105 {-999.0 -999.0 -999.0 -999.0 -999.0} "" -999.0 -999.0 -999.0 -999.0 -999 -999 "" ops_sky_apogee_best_unassigned ops_sky sky_apogee 0 0 0.0 0.0 -999 ""
FIBERMAP 1239 R0C25 BOSS 1 1 0 1 0 0 253.8946435238991 12.87953129059776 143.1 -92.79077887705418 236.67040298310482 74.421074 105.999115 198.81546020507812 -8.173505158903367 -999.0 -999.0 -999.0 198.81545521637298 -8.173524936175447 198.82939677446325 -8.32040753597376 54.595616804390936 299.6528330305023 5400.0 5400.0 2015.5 1 179 {-999.0 -999.0 -999.0 -999.0 -999.0} "" -999.0 -999.0 -999.0 -999.0 27021603139619994 811721812 "" ops_sky_boss_good ops_sky sky_boss 0 0 0.0 0.0 -999 ""
FIBERMAP 1239 R0C25 METROLOGY 0 0 0 1 0 0 253.53317816746164 12.26756179095041 143.1 -92.09575618110992 236.52185872440032 74.421074 105.999115 -999.0 -999.0 -999.0 -999.0 -999.0 198.81759241151292 -8.17395452938132 198.83150121408528 -8.320807537008891 54.59747224473242 299.6546045360398 -999.0 6231.0 -999.0 -1 -999 {-999.0 -999.0 -999.0 -999.0 -999.0} "" -999.0 -999.0 -999.0 -999.0 -999 -999 "" "" "" "" 0 0 0.0 0.0 -999 ""
FIBERMAP 1244 R-7C12 APOGEE 1 1 0 1 0 0 28.259651067951296 -118.19369255453418 143.1 103.109592134007 64.30818843610871 146.42876 70.25736 199.4157123431868 -8.695275208366985 -140.09648 81.506775 19.85773 199.41528284363196 -8.695037596662603 199.4296535522143 -8.841209489667946 55.38497727715434 299.6167239320756 16000.0 16600.0 2016.0 2 163 {-999.0 15.54128 14.082358 12.8089 -999.0} sdss_psfmag_from_g3xp 14.926549 13.646872 12.325911 10.146 63050395165382264 984827453 bright_1x1 mwm_snc_100pc_apogee mwm_snc science 0 0 0.0 0.0 -999 ""
FIBERMAP 1244 R-7C12 BOSS 0 0 0 1 0 0 28.843935037704775 -117.73849886486542 143.1 102.4925183889381 64.71777788131602 146.42876 70.25736 -999.0 -999.0 -999.0 -999.0 -999.0 199.41332813034722 -8.693665926478051 199.42781247786468 -8.839934304902444 55.38276304381047 299.6164053032682 -999.0 5400.0 -999.0 1 394 {-999.0 -999.0 -999.0 -999.0 -999.0} "" -999.0 -999.0 -999.0 -999.0 -999 -999 "" "" "" "" 0 0 0.0 0.0 -999 ""
FIBERMAP 1244 R-7C12 METROLOGY 0 0 0 1 0 0 28.96579302232545 -118.46350606551665 143.1 103.14133950732281 65.06342380772284 146.42876 70.25736 -999.0 -999.0 -999.0 -999.0 -999.0 199.41535993043033 -8.692639363359092 199.4298112321867 -8.838879284266294 55.38360857832112 299.62005503799236 -999.0 6231.0 -999.0 -1 -999 {-999.0 -999.0 -999.0 -999.0 -999.0} "" -999.0 -999.0 -999.0 -999.0 -999 -999 "" "" "" "" 0 0 0.0 0.0 -999 ""
FIBERMAP 1245 R-13C10 APOGEE 1 1 0 1 0 0 43.25951674792627 -267.14662726807535 143.1 239.5951301319511 125.8046151003298 277.01022 58.93484 199.8315192586198 -8.509538152834661 1.1252145 -12.566871 3.1385736 199.8315034231655 -8.509546228090532 199.84581113448132 -8.65536792903543 55.58085125853432 300.33433761554755 16000.0 16600.0 2016.0 2 158 {-999.0 12.739775 12.285487 12.143588 -999.0} sdss_psfmag_from_g3xp 12.652482 12.312727 11.810496 10.904 63050395165382492 1103604746 bright_flexible_2x1 mwm_tess_2min_apogee mwm_planet science 0 0 0.0 0.0 -999 ""
FIBERMAP 1245 R-13C10 BOSS 0 0 0 1 0 0 42.565144587523804 -266.86488502933764 143.1 239.54833589480023 125.05675476613467 277.01022 58.93484 -999.0 -999.0 -999.0 -999.0 -999.0 199.83125286525123 -8.511711110681512 199.84567576231711 -8.657627558875276 55.58220844730703 300.33113257437356 -999.0 5400.0 -999.0 1 439 {-999.0 -999.0 -999.0 -999.0 -999.0} "" -999.0 -999.0 -999.0 -999.0 -999 -999 "" "" "" "" 0 0 0.0 0.0 -999 ""
FIBERMAP 1245 R-13C10 METROLOGY 0 0 0 1 0 0 43.15277862866691 -266.40418579962113 143.1 238.9249782703675 125.46777367362797 277.01022 58.93484 -999.0 -999.0 -999.0 -999.0 -999.0 199.8294324984016 -8.510468551020995 199.84382182245122 -8.656359985410205 55.57999048643593 300.33075060479285 -999.0 6231.0 -999.0 -1 -999 {-999.0 -999.0 -999.0 -999.0 -999.0} "" -999.0 -999.0 -999.0 -999.0 -999 -999 "" "" "" "" 0 0 0.0 0.0 -999 ""
FIBERMAP 1248 R-10C3 APOGEE 0 0 0 1 0 0 -142.03888296840205 -210.12040131954348 143.1 244.32698363423873 -68.00451071442721 279.0442 77.556786 -999.0 -999.0 -999.0 -999.0 -999.0 199.84707822516637 -9.095680471503156 199.86188418559777 -9.241399233999738 55.96899523983705 299.55317846210073 -999.0 16600.0 -999.0 2 284 {-999.0 -999.0 -999.0 -999.0 -999.0} "" -999.0 -999.0 -999.0 -999.0 -999 -999 "" ops_sky_apogee_best_unassigned ops_sky sky_apogee 0 0 0.0 0.0 -999 ""
FIBERMAP 1248 R-10C3 BOSS 1 1 0 1 0 0 -142.79942480426797 -210.1151240047895 143.1 244.56334984346503 -68.72737635809249 279.0442 77.556786 199.84772100247943 -9.097790104347364 0.00894543 -0.10962126 0.47462672 199.84769572746072 -9.097775216697338 199.8626166343564 -9.243585317755645 55.97094532642113 299.5509908614932 5400.0 5400.0 2016.0 1 465 {-999.0 19.66028 19.52389 19.398596 19.33775} sdss_psfmag_from_gaiadr2 19.443441 19.51447 18.986666 -999.0 63050395165379966 1130021860 dark_flexible_3x1 bhm_gua_dark_d3 bhm_filler science 0 0 0.0 0.0 -999 ""
FIBERMAP 1248 R-10C3 METROLOGY 0 0 0 1 0 0 -142.40319021335907 -209.4733782762234 143.1 243.82905697526382 -68.55531182897244 279.0442 77.556786 -999.0 -999.0 -999.0 -999.0 -999.0 199.8455387053329 -9.09730036254809 199.8604266643631 -9.243086383513397 55.96896144441759 299.5492170745995 -999.0 6231.0 -999.0 -1 -999 {-999.0 -999.0 -999.0 -999.0 -999.0} "" -999.0 -999.0 -999.0 -999.0 -999 -999 "" "" "" "" 0 0 0.0 0.0 -999 ""
FIBERMAP 1250 R-9C17 APOGEE 0 0 0 1 0 0 165.71198169740595 -165.72519273374868 143.1 104.55901512851874 209.73353102147715 65.784225 149.33089 -999.0 -999.0 -999.0 -999.0 -999.0 199.4189555522468 -8.255274905246349 199.43296576257262 -8.401510679055344 55.10516709968175 300.2117354319248 -999.0 16600.0 -999.0 2 -999 {-999.0 -999.0 -999.0 -999.0 -999.0} "" -999.0 -999.0 -999.0 -999.0 -999 -999 "" "" "" "" 0 0 0.0 0.0 -999 ""
FIBERMAP 1250 R-9C17 BOSS 1 1 0 1 0 0 166.35162554433734 -165.28903510988857 143.1 103.94242313983838 210.20165738897302 65.784225 149.33089 199.4166849335458 -8.253720859517014 -28.583961 -1.7064298 0.8494466 199.41696737493103 -8.253734562080812 199.43109136789792 -8.400068847759668 55.10282014893161 300.21156900458413 5400.0 5400.0 2016.0 1 334 {-999.0 14.840414 14.395064 14.253048 -999.0} sdss_psfmag_from_g3xp 14.757199 14.419839 13.91749 13.018 63050395165388788 1135976744 dark_flexible_3x1 mwm_halo_local_high_boss_triple mwm_halo science 0 0 1.243944764137268 0.0 -999 ""
FIBERMAP 1250 R-9C17 METROLOGY 0 0 0 1 0 0 166.395514468299 -166.02897088949948 143.1 104.63014518564002 210.4781062657484 65.784225 149.33089 -999.0 -999.0 -999.0 -999.0 -999.0 199.41911595805956 -8.252900900037686 199.43320698040236 -8.399206035843422 55.103862085655486 300.2150819629554 -999.0 6231.0 -999.0 -1 -999 {-999.0 -999.0 -999.0 -999.0 -999.0} "" -999.0 -999.0 -999.0 -999.0 -999 -999 "" "" "" "" 0 0 0.0 0.0 -999 ""
FIBERMAP 1255 R-8C3 APOGEE 0 0 0 1 0 0 -167.20952562717326 -173.63169581132442 143.1 217.7145503544267 -103.45309581907809 303.12582 39.942574 -999.0 -999.0 -999.0 -999.0 -999.0 199.7658930866857 -9.203124396217829 199.78077003100645 -9.348901413642531 55.975581909476524 299.3139511808212 -999.0 16600.0 -999.0 2 282 {-999.0 -999.0 -999.0 -999.0 -999.0} "" -999.0 -999.0 -999.0 -999.0 -999 -999 "" ops_sky_apogee_best_unassigned ops_sky sky_apogee 0 0 0.0 0.0 -999 ""
FIBERMAP 1255 R-8C3 BOSS 1 1 0 1 0 0 -167.91224905576706 -173.4075699637399 143.1 217.72504180330995 -104.19058981005061 303.12582 39.942574 199.7658478562752 -9.205290772260977 -999.0 -999.0 -999.0 199.76583215443523 -9.20527283224236 199.78082423114972 -9.35114142008871 55.97704489762927 299.3109181264808 5400.0 5400.0 2016.0 1 463 {-999.0 21.82218 21.749022 21.578259 21.408792} sdss_psfmag_from_lsdr10 1e+20 1e+20 1e+20 -999.0 63050399059897545 1131648996 dark_flexible_3x1 bhm_spiders_agn_lsdr10_d3 bhm_spiders science 0 0 0.0 0.0 -999 ""
FIBERMAP 1255 R-8C3 METROLOGY 0 0 0 1 0 0 -167.35242580812564 -172.9080327678212 143.1 217.07368193283787 -103.81826861157073 303.12582 39.942574 -999.0 -999.0 -999.0 -999.0 -999.0 199.7639177178384 -9.204198259681489 199.77887630256487 -9.350042738417965 55.974862262465706 299.31025550678817 -999.0 6231.0 -999.0 -1 -999 {-999.0 -999.0 -999.0 -999.0 -999.0} "" -999.0 -999.0 -999.0 -999.0 -999 -999 "" "" "" "" 0 0 0.0 0.0 -999 ""
FIBERMAP 1257 R0C5 APOGEE 0 0 0 1 0 0 -214.11630135573932 16.28102870746611 143.1 52.51469755805117 -208.20480738987897 183.6263 50.141747 -999.0 -999.0 -999.0 -999.0 -999.0 199.25937327955083 -9.520726701132288 199.27438641979654 -9.666914231631013 55.787813111794435 298.3128443122596 -999.0 16600.0 -999.0 2 278 {-999.0 -999.0 -999.0 -999.0 -999.0} "" -999.0 -999.0 -999.0 -999.0 -999 -999 "" ops_sky_apogee_best_unassigned ops_sky sky_apogee 0 0 0.0 0.0 -999 ""
FIBERMAP 1257 R0C5 BOSS 1 1 0 1 0 0 -213.58482719493924 16.797802526634623 143.1 51.85598995020968 -207.86483880024554 183.6263 50.141747 199.25722326434553 -9.519645174487815 0.30874813 0.1740096 0.4429074 199.25724898891426 -9.519658851613723 199.27237615730894 -9.665939470650663 55.78565664831821 298.31199688158677 5400.0 5400.0 2016.0 1 452 {-999.0 20.098959 19.888077 19.896334 19.954067} sdss_psfmag_from_lsdr10 20.117626 20.033733 19.6552 -999.0 63050395165367386 1131646947 dark_flexible_3x1 bhm_spiders_agn_lsdr10_d3 bhm_spiders science 0 0 0.0 0.0 -999 ""
FIBERMAP 1257 R0C5 METROLOGY 0 0 0 1 0 0 -213.39843287160141 16.075713754062736 143.1 52.4815619728071 -207.45892190742154 183.6263 50.141747 -999.0 -999.0 -999.0 -999.0 -999.0 199.2592124128832 -9.518491086574262 199.2743064045261 -9.664744329583256 55.786396195660906 298.31577050712866 -999.0 6231.0 -999.0 -1 -999 {-999.0 -999.0 -999.0 -999.0 -999.0} "" -999.0 -999.0 -999.0 -999.0 -999 -999 "" "" "" "" 0 0 0.0 0.0 -999 ""
FIBERMAP 1258 R-12C12 APOGEE 0 0 0 1 0 0 102.11222069487235 -226.49063588244096 143.1 182.36483740907875 168.70938555070046 34.27137 110.31332 -999.0 -999.0 -999.0 -999.0 -999.0 199.65680926345476 -8.37960366424973 199.67097118400864 -8.525604889356307 55.36505831643251 300.31210454991003 -999.0 16600.0 -999.0 2 -999 {-999.0 -999.0 -999.0 -999.0 -999.0} "" -999.0 -999.0 -999.0 -999.0 -999 -999 "" "" "" "" 0 0 0.0 0.0 -999 ""
FIBERMAP 1258 R-12C12 BOSS 1 1 0 1 0 0 102.7346467588869 -226.95279017477245 143.1 182.60554231582 169.44627907145147 34.27137 110.31332 199.65743415093257 -8.377286544533064 -999.0 -999.0 -999.0 199.65743246198005 -8.377275291749848 199.6717068597219 -8.523371954347635 55.36417125157427 300.31593052039005 5400.0 5400.0 2016.0 1 428 {-999.0 21.531263 20.588324 20.131607 19.792892} sdss_fiber2mag_from_lsdr10 20.37129 21.279566 19.13896 -999.0 63050395165388282 1131655029 dark_flexible_3x1 bhm_spiders_agn_lsdr10_d3 bhm_spiders science 0 0 0.0 0.0 -999 ""
FIBERMAP 1258 R-12C12 METROLOGY 0 0 0 1 0 0 102.04396587211657 -227.23551137268524 143.1 183.09283424510252 168.8810607852192 34.27137 110.31332 -999.0 -999.0 -999.0 -999.0 -999.0 199.65898910669392 -8.378981995959467 199.67323285722773 -8.525049867103936 55.36640716627845 300.31539227038485 -999.0 6231.0 -999.0 -1 -999 {-999.0 -999.0 -999.0 -999.0 -999.0} "" -999.0 -999.0 -999.0 -999.0 -999 -999 "" "" "" "" 0 0 0.0 0.0 -999 ""
FIBERMAP 1259 R+6C4 APOGEE 0 0 0 1 0 0 -169.60051998019128 118.90573805392755 143.1 -58.9279443535703 -198.56194858594188 168.75197 118.04333 -999.0 -999.0 -999.0 -999.0 -999.0 198.91713379234955 -9.491321919451128 198.93203390789154 -9.637817430840002 55.50570457047467 297.9804949779153 -999.0 16600.0 -999.0 2 -999 {-999.0 -999.0 -999.0 -999.0 -999.0} "" -999.0 -999.0 -999.0 -999.0 -999 -999 "" "" "" "" 0 0 0.0 0.0 -999 ""
FIBERMAP 1259 R+6C4 BOSS 1 1 0 1 0 0 -169.85136135355006 119.60979374861721 143.1 -59.5159630117265 -199.02325489342422 168.75197 118.04333 198.91517799511945 -9.492699510738552 -999.0 -999.0 -999.0 198.91519675618608 -9.492665319093039 198.93021448362367 -9.639253884090275 55.50519236699224 297.97653929710447 5400.0 5400.0 2016.0 1 39 {-999.0 21.707705 21.436525 21.349606 21.295088} sdss_psfmag_from_lsdr10 1e+20 1e+20 1e+20 -999.0 63050397630580976 1131646941 dark_flexible_3x1 bhm_spiders_agn_lsdr10_d3 bhm_spiders science 0 0 0.0 0.0 -999 ""
FIBERMAP 1259 R+6C4 METROLOGY 0 0 0 1 0 0 -169.0922520078635 119.45452023758686 143.1 -59.609639321929585 -198.25414385966022 168.75197 118.04333 -999.0 -999.0 -999.0 -999.0 -999.0 198.9149331120644 -9.490400580804765 198.9299157783688 -9.636963779506146 55.503538164775485 297.9793836398205 -999.0 6231.0 -999.0 -1 -999 {-999.0 -999.0 -999.0 -999.0 -999.0} "" -999.0 -999.0 -999.0 -999.0 -999 -999 "" "" "" "" 0 0 0.0 0.0 -999 ""
FIBERMAP 1262 R-5C7 APOGEE 1 1 0 1 0 0 -90.91783418835874 -82.91771446575419 143.1 107.48175782601093 -59.89837201659788 84.64477 83.271545 199.4284814546506 -9.071860319181043 -9.314848 -13.457946 1.1609204 199.4287306035478 -9.071917278427533 199.443415570125 -9.21802005179623 55.63512701712759 299.11849144753114 16000.0 16600.0 2016.0 2 293 {-999.0 10.234298 8.996607 8.452497 -999.0} sdss_psfmag_from_g3xp 9.769559 8.955463 8.074926 6.117 63050395165380709 1155704980 bright_1x1 mwm_galactic_core_dist_apogee_extra mwm_galactic science 0 0 0.9983821511268616 0.0 -999 ""
FIBERMAP 1262 R-5C7 BOSS 0 0 0 1 0 0 -90.17847930171578 -83.10595741837788 143.1 107.42561449524185 -59.137529935545466 84.64477 83.271545 -999.0 -999.0 -999.0 -999.0 -999.0 199.4285005769494 -9.06954702440065 199.44329845261973 -9.215743186743776 55.6335957115368 299.1214835511853 -999.0 5400.0 -999.0 1 482 {-999.0 -999.0 -999.0 -999.0 -999.0} "" -999.0 -999.0 -999.0 -999.0 -999 -999 "" "" "" "" 0 0 0.0 0.0 -999 ""
FIBERMAP 1262 R-5C7 METROLOGY 0 0 0 1 0 0 -90.69635663233788 -83.63508985351608 143.1 108.09172609662144 -59.46068299550293 84.64477 83.271545 -999.0 -999.0 -999.0 -999.0 -999.0 199.43058792414482 -9.070558166066464 199.44535456294022 -9.216725984751566 55.63578883096513 299.12241302352516 -999.0 6231.0 -999.0 -1 -999 {-999.0 -999.0 -999.0 -999.0 -999.0} "" -999.0 -999.0 -999.0 -999.0 -999 -999 "" "" "" "" 0 0 0.0 0.0 -999 ""
FIBERMAP 1263 R-7C13 APOGEE 0 0 0 1 0 0 48.93973190535448 -121.25910250521399 143.1 99.45323126773877 84.89112387762522 139.47684 91.39161 -999.0 -999.0 -999.0 -999.0 -999.0 199.4040163619933 -8.63261687970793 199.41833320198157 -8.778808411997526 55.33648712263564 299.68857029190195 -999.0 16600.0 -999.0 2 176 {-999.0 -999.0 -999.0 -999.0 -999.0} "" -999.0 -999.0 -999.0 -999.0 -999 -999 "" ops_sky_apogee_best_unassigned ops_sky sky_apogee 0 0 0.0 0.0 -999 ""
FIBERMAP 1263 R-7C13 BOSS 1 1 0 1 0 0 49.412626510515146 -120.66090769557287 143.1 98.73590664205133 85.1497035723992 139.47684 91.39161 199.40172681464549 -8.631679509377843 -999.0 -999.0 -999.0 199.40175076949572 -8.631693884483107 199.41618164428417 -8.77798240372317 55.33432427060011 299.68729547079846 5400.0 5400.0 2016.0 1 419 {-999.0 21.307371 21.365341 21.132677 20.890024} sdss_psfmag_from_lsdr10 20.717794 20.701931 19.969246 -999.0 63050395165382309 1131653027 dark_flexible_3x1 bhm_spiders_agn_lsdr10_d3 bhm_spiders science 0 0 0.0 0.0 -999 ""
FIBERMAP 1263 R-7C13 METROLOGY 0 0 0 1 0 0 49.68071861860495 -121.35929072419249 143.1 99.31307133771145 85.62556773402095 139.47684 91.39161 -999.0 -999.0 -999.0 -999.0 -999.0 199.40356183358082 -8.630271021920313 199.41795925922668 -8.776531262958091 55.33474651560726 299.6912322280932 -999.0 6231.0 -999.0 -1 -999 {-999.0 -999.0 -999.0 -999.0 -999.0} "" -999.0 -999.0 -999.0 -999.0 -999 -999 "" "" "" "" 0 0 0.0 0.0 -999 ""
FIBERMAP 1268 R0C1 APOGEE 0 0 0 1 0 0 -294.6151681267779 21.878533697286933 143.1 72.7544524260189 -286.3150596072633 174.86555 17.92735 -999.0 -999.0 -999.0 -999.0 -999.0 199.32094764878065 -9.75522041534186 199.336171062282 -9.90131797755342 55.98148188935084 298.05357768953314 -999.0 16600.0 -999.0 2 254 {-999.0 -999.0 -999.0 -999.0 -999.0} "" -999.0 -999.0 -999.0 -999.0 -999 -999 "" ops_sky_apogee_best_unassigned ops_sky sky_apogee 0 0 0.0 0.0 -999 ""
FIBERMAP 1268 R0C1 BOSS 1 1 0 1 0 0 -293.9025367966672 22.0244253703742 143.1 72.38994401940339 -285.68560150878284 174.86555 17.92735 199.31970957634618 -9.753198693363494 0.34608835 -0.50610673 0.6401366 199.31971024903822 -9.75320755686372 199.33504672009371 -9.899396455812184 55.979419937388 298.0550378604438 5400.0 5400.0 2016.0 1 524 {-999.0 20.249458 20.202055 19.968868 19.738417} sdss_psfmag_from_lsdr10 20.351885 20.149376 19.59465 -999.0 63050395165366641 1131644813 dark_flexible_3x1 bhm_spiders_agn_lsdr10_d3 bhm_spiders science 0 0 0.0 0.0 -999 ""
FIBERMAP 1268 R0C1 METROLOGY 0 0 0 1 0 0 -294.10228496130065 21.345840697411035 143.1 73.0968115540286 -285.659654528975 174.86555 17.92735 -999.0 -999.0 -999.0 -999.0 -999.0 199.3219243113077 -9.75321121449965 199.33722877255082 -9.899372641698974 55.981089070869096 298.0574592056128 -999.0 6231.0 -999.0 -1 -999 {-999.0 -999.0 -999.0 -999.0 -999.0} "" -999.0 -999.0 -999.0 -999.0 -999 -999 "" "" "" "" 0 0 0.0 0.0 -999 ""
FIBERMAP 1269 R+7C9 APOGEE 0 0 0 1 0 0 -51.38375637002957 131.77045231850877 143.1 -108.64506414761975 -90.54464248701069 230.77011 73.63234 -999.0 -999.0 -999.0 -999.0 -999.0 198.76455789090178 -9.164234238902749 198.77915700569645 -9.310912697213617 55.18400942180684 298.2646999578038 -999.0 16600.0 -999.0 2 139 {-999.0 -999.0 -999.0 -999.0 -999.0} "" -999.0 -999.0 -999.0 -999.0 -999 -999 "" ops_sky_apogee_best_unassigned ops_sky sky_apogee 0 0 0.0 0.0 -999 ""
FIBERMAP 1269 R+7C9 BOSS 1 1 0 1 0 0 -51.81155598246019 132.3924517708212 143.1 -109.09911160791728 -91.14770917527822 230.77011 73.63234 198.76299292946132 -9.16602589463032 -0.13556474 -0.01796437 -0.5097858 198.76299482317785 -9.166006349991038 198.77771287044834 -9.312779085870343 55.18406383814004 298.26058810542764 5400.0 5400.0 2016.0 1 136 {-999.0 19.900705 19.744013 19.608679 19.52549} sdss_psfmag_from_gaiadr2 19.728203 19.736118 19.191809 -999.0 63050395165375338 1130021788 dark_flexible_3x1 bhm_gua_dark_d3 bhm_filler science 0 0 0.0 0.0 -999 ""
FIBERMAP 1269 R+7C9 METROLOGY 0 0 0 1 0 0 -51.06582930465504 132.44151779905653 143.1 -109.38230755837563 -90.45613889619192 230.77011 73.63234 -999.0 -999.0 -999.0 -999.0 -999.0 198.76214796724855 -9.16394420410288 198.77683075497384 -9.310691592803725 55.18207945854669 298.2624887455465 -999.0 6231.0 -999.0 -1 -999 {-999.0 -999.0 -999.0 -999.0 -999.0} "" -999.0 -999.0 -999.0 -999.0 -999 -999 "" "" "" "" 0 0 0.0 0.0 -999 ""
FIBERMAP 1273 R+2C9 APOGEE 0 0 0 1 0 0 -79.50579866680994 48.06527460362252 143.1 -20.34586533522239 -90.64641202637848 45.68066 112.640305 -999.0 -999.0 -999.0 -999.0 -999.0 199.03583015178847 -9.165113429376376 199.05049616445524 -9.311553087701263 55.39311277105573 298.55841534204154 -999.0 16600.0 -999.0 2 32 {-999.0 -999.0 -999.0 -999.0 -999.0} "" -999.0 -999.0 -999.0 -999.0 -999 -999 "" ops_sky_apogee_best_unassigned ops_sky sky_apogee 0 0 0.0 0.0 -999 ""
FIBERMAP 1273 R+2C9 BOSS 1 1 0 1 0 0 -78.80058363188725 47.830455538848014 143.1 -20.34700759469856 -89.90316167824969 45.68066 112.640305 199.03574578395936 -9.162788879526476 -10.577965 -2.3223186 0.26739833 199.035699955184 -9.162818013647678 199.0504807331124 -9.309351001781343 55.391718323644305 298.56141627103307 5400.0 5400.0 2016.0 1 54 {-999.0 18.481047 18.65282 18.003065 -999.0} sdss_psfmag_ps1 18.488794 18.096064 17.592813 -999.0 63050395165369577 944493833 bright_1x1 openfibertargets_nov2020_6c open_fiber science 0 0 0.0 0.0 -999 ""
FIBERMAP 1273 R+2C9 METROLOGY 0 0 0 1 0 0 -79.36765821112537 47.32943116466692 143.1 -19.691936164288602 -90.28188703820238 45.68066 112.640305 -999.0 -999.0 -999.0 -999.0 -999.0 199.03774471343718 -9.164004028296352 199.0524938852758 -9.310508704071088 55.39399144166988 298.5620260147715 -999.0 6231.0 -999.0 -1 -999 {-999.0 -999.0 -999.0 -999.0 -999.0} "" -999.0 -999.0 -999.0 -999.0 -999 -999 "" "" "" "" 0 0 0.0 0.0 -999 ""
FIBERMAP 1275 R-6C7 APOGEE 0 0 0 1 0 0 -107.57668882072099 -122.93857973516275 143.1 150.71887368979242 -62.994003949474234 242.79182 64.96373 -999.0 -999.0 -999.0 -999.0 -999.0 199.56127676342786 -9.081156476253522 199.57600135826715 -9.227138080168597 55.742130724130845 299.25313989291374 -999.0 16600.0 -999.0 2 246 {-999.0 -999.0 -999.0 -999.0 -999.0} "" -999.0 -999.0 -999.0 -999.0 -999 -999 "" ops_sky_apogee_best_unassigned ops_sky sky_apogee 0 0 0.0 0.0 -999 ""
FIBERMAP 1275 R-6C7 BOSS 1 1 0 1 0 0 -108.03844952505082 -122.35460441507576 143.1 150.31166107468223 -63.61720697162946 242.79182 64.96373 199.55998365000656 -9.08298001634276 -999.0 -999.0 -999.0 199.5599751848096 -9.082979817813191 199.57481531068333 -9.229054940734606 55.742441914093966 299.24918829097356 5400.0 5400.0 2016.0 1 505 {-999.0 nan nan nan nan} undefined 19.525269 20.768887 20.249985 -999.0 63050395165380850 1130021878 dark_flexible_3x1 bhm_gua_dark_d3 bhm_filler science 0 0 0.0 0.0 -999 ""
FIBERMAP 1275 R-6C7 METROLOGY 0 0 0 1 0 0 -107.30030003578817 -122.24855510410872 143.1 149.9768349470384 -62.950906414195536 242.79182 64.96373 -999.0 -999.0 -999.0 -999.0 -999.0 199.5590018464365 -9.080995586854053 199.57380768829182 -9.227045651662529 55.740398380454444 299.25082646343435 -999.0 6231.0 -999.0 -1 -999 {-999.0 -999.0 -999.0 -999.0 -999.0} "" -999.0 -999.0 -999.0 -999.0 -999 -999 "" "" "" "" 0 0 0.0 0.0 -999 ""
FIBERMAP 1278 R+2C4 APOGEE 0 0 0 1 0 0 -220.44618500314638 31.271086617746597 143.1 40.30912985346744 -218.96451950309344 254.21065 52.78732 -999.0 -999.0 -999.0 -999.0 -999.0 199.22184930679913 -9.553160788767963 199.2368793297336 -9.699377000274785 55.779187069114215 298.2267019417156 -999.0 16600.0 -999.0 2 -999 {-999.0 -999.0 -999.0 -999.0 -999.0} "" -999.0 -999.0 -999.0 -999.0 -999 -999 "" "" "" "" 0 0 0.0 0.0 -999 ""
FIBERMAP 1278 R+2C4 BOSS 1 1 0 1 0 0 -220.89495261519644 31.79573267321667 143.1 39.95405318826653 -219.55657258702283 254.21065 52.78732 199.22062682913187 -9.554900694143946 0.19786108 -0.22533491 0.60804 199.22064847827514 -9.554893688645176 199.23579522186083 -9.701201630995273 55.779489734625834 298.22298071767887 5400.0 5400.0 2016.0 1 35 {-999.0 19.806421 19.630043 19.633036 19.677843} sdss_psfmag_from_lsdr10 19.66156 19.513973 19.231943 -999.0 63050395165367200 1131646945 dark_flexible_3x1 bhm_spiders_agn_lsdr10_d3 bhm_spiders science 0 0 0.0 0.0 -999 ""
FIBERMAP 1278 R+2C4 METROLOGY 0 0 0 1 0 0 -220.16160986052728 31.962834552329287 143.1 39.56285889689514 -218.91420609748056 254.21065 52.78732 -999.0 -999.0 -999.0 -999.0 -999.0 199.2194893773113 -9.553020400940296 199.23460151709514 -9.699303898467551 55.77738641698281 298.2243136140589 -999.0 6231.0 -999.0 -1 -999 {-999.0 -999.0 -999.0 -999.0 -999.0} "" -999.0 -999.0 -999.0 -999.0 -999 -999 "" "" "" "" 0 0 0.0 0.0 -999 ""
FIBERMAP 1279 R-5C22 APOGEE 0 0 0 1 0 0 246.82358600838637 -106.01913910146003 143.1 22.200096963025665 267.69965790771664 332.8863 105.721275 -999.0 -999.0 -999.0 -999.0 -999.0 199.16707243017143 -8.080528391126046 199.18089047745116 -8.227016857584486 54.80202298098833 300.16357007524147 -999.0 16600.0 -999.0 2 236 {-999.0 -999.0 -999.0 -999.0 -999.0} "" -999.0 -999.0 -999.0 -999.0 -999 -999 "" ops_sky_apogee_best_unassigned ops_sky sky_apogee 0 0 0.0 0.0 -999 ""
FIBERMAP 1279 R-5C22 BOSS 1 1 0 1 0 0 246.7044426162154 -106.75512620707816 143.1 22.935815631684456 267.82025671238955 332.8863 105.721275 199.1692283433287 -8.080072122564122 -0.34913367 0.061412744 0.61155456 199.16920242522866 -8.080076858456868 199.18313721025345 -8.22666105412518 54.80349205083543 300.16653110483355 5400.0 5400.0 2016.0 1 346 {-999.0 19.282684 19.140945 19.134764 19.161549} sdss_psfmag_from_lsdr10 19.14076 19.05411 18.843384 -999.0 63050395165390403 1131659060 dark_flexible_3x1 bhm_spiders_agn_lsdr10_d3 bhm_spiders science 0 0 0.0 0.0 -999 ""
FIBERMAP 1279 R-5C22 METROLOGY 0 0 0 1 0 0 246.12633681352762 -106.26895459598444 143.1 22.65827031668529 267.11776799618156 332.8863 105.721275 -999.0 -999.0 -999.0 -999.0 -999.0 199.16839245988714 -8.08215828884338 199.18229569964183 -8.22871523190132 54.80418137554799 300.1628760642443 -999.0 6231.0 -999.0 -1 -999 {-999.0 -999.0 -999.0 -999.0 -999.0} "" -999.0 -999.0 -999.0 -999.0 -999 -999 "" "" "" "" 0 0 0.0 0.0 -999 ""
FIBERMAP 1282 R+11C4 APOGEE 0 0 0 1 0 0 -98.29482217017473 230.69374321363898 143.1 -187.56198691260144 -166.4234275414308 114.10673 81.9915 -999.0 -999.0 -999.0 -999.0 -999.0 198.52297146097337 -9.392616538989959 198.53769167360156 -9.539470687549077 55.13974298174222 297.69203283155036 -999.0 16600.0 -999.0 2 148 {-999.0 -999.0 -999.0 -999.0 -999.0} "" -999.0 -999.0 -999.0 -999.0 -999 -999 "" ops_sky_apogee_best_unassigned ops_sky sky_apogee 0 0 0.0 0.0 -999 ""
FIBERMAP 1282 R+11C4 BOSS 1 1 0 1 0 0 -97.60780615232999 230.9035546138055 143.1 -187.97897834813946 -165.83854537636708 114.10673 81.9915 198.52157592773435 -9.39078674464075 -999.0 -999.0 -999.0 198.52156401922664 -9.390763395232474 198.53640129402197 -9.53771150793956 55.13765439842442 297.6930706381368 5400.0 5400.0 2015.5 1 151 {-999.0 -999.0 -999.0 -999.0 -999.0} "" -999.0 -999.0 -999.0 -999.0 27021603139608030 820070578 "" ops_sky_boss_good ops_sky sky_boss 0 0 0.0 0.0 -999 ""
FIBERMAP 1282 R+11C4 METROLOGY 0 0 0 1 0 0 -97.76545416801625 230.18243493502817 143.1 -187.24513777779075 -165.75917735824913 114.10673 81.9915 -999.0 -999.0 -999.0 -999.0 -999.0 198.52380484649663 -9.390593301184518 198.53860885858614 -9.5375132959959 55.139240969734985 297.6957016419541 -999.0 6231.0 -999.0 -1 -999 {-999.0 -999.0 -999.0 -999.0 -999.0} "" -999.0 -999.0 -999.0 -999.0 -999 -999 "" "" "" "" 0 0 0.0 0.0 -999 ""
FIBERMAP 1283 R+3C24 APOGEE 0 0 0 1 0 0 272.18585005223565 64.77423697161501 143.1 -147.80542702281895 237.54556891619475 43.94242 95.17958 -999.0 -999.0 -999.0 -999.0 -999.0 198.6477956208772 -8.171255847550183 198.66158398243954 -8.318187754622267 54.46655187655062 299.4727537742366 -999.0 16600.0 -999.0 2 85 {-999.0 -999.0 -999.0 -999.0 -999.0} "" -999.0 -999.0 -999.0 -999.0 -999 -999 "" ops_sky_apogee_best_unassigned ops_sky sky_apogee 0 0 0.0 0.0 -999 ""
FIBERMAP 1283 R+3C24 BOSS 1 1 0 1 0 0 272.750983134727 64.29713132780742 143.1 -147.53236148849288 238.23287889702814 43.94242 95.17958 198.64873921329527 -8.16898222026189 -58.59338 -36.389652 1.7422527 198.6485320531212 -8.169109779164966 198.66243790318651 -8.316139159761091 54.46589338362239 299.47639446060714 5400.0 5400.0 2016.0 1 258 {-999.0 19.722418 18.478771 17.516598 -999.0} sdss_psfmag_ps1 19.306826 18.132118 17.05491 15.091 63050395165389982 1136360059 dark_flexible_3x1 mwm_halo_local_high_boss_triple mwm_halo science 0 0 0.0 0.0 -999 ""
FIBERMAP 1283 R+3C24 METROLOGY 0 0 0 1 0 0 272.0632550544366 64.0201292500558 143.1 -147.0514298893252 237.66864557980725 43.94242 95.17958 -999.0 -999.0 -999.0 -999.0 -999.0 198.64999027894874 -8.170780539854212 198.6638639898971 -8.317780675240224 54.46802763067758 299.47577231991056 -999.0 6231.0 -999.0 -1 -999 {-999.0 -999.0 -999.0 -999.0 -999.0} "" -999.0 -999.0 -999.0 -999.0 -999 -999 "" "" "" "" 0 0 0.0 0.0 -999 ""
FIBERMAP 1284 R+4C21 APOGEE 0 0 0 1 0 0 217.01837993904894 78.12189300549952 143.1 -142.9541599978157 180.99640888277503 18.262127 100.18053 -999.0 -999.0 -999.0 -999.0 -999.0 198.66163504275767 -8.34142140661962 198.67555966699695 -8.488315011929267 54.585673970185745 299.26210306154525 -999.0 16600.0 -999.0 2 116 {-999.0 -999.0 -999.0 -999.0 -999.0} "" -999.0 -999.0 -999.0 -999.0 -999 -999 "" ops_sky_apogee_best_unassigned ops_sky sky_apogee 0 0 0.0 0.0 -999 ""
FIBERMAP 1284 R+4C21 BOSS 1 1 0 1 0 0 217.39423559309128 77.47872215355291 143.1 -142.4635512925235 181.55693832625727 18.262127 100.18053 198.66302490234375 -8.339588343406774 -999.0 -999.0 -999.0 198.66300026079622 -8.339604383263211 198.67704258697086 -8.486594075421618 54.585709987853676 299.2660045567218 5400.0 5400.0 2015.5 1 201 {-999.0 -999.0 -999.0 -999.0 -999.0} "" -999.0 -999.0 -999.0 -999.0 27021603139619506 811721704 "" ops_sky_boss_good ops_sky sky_boss 0 0 0.0 0.0 -999 ""
FIBERMAP 1284 R+4C21 METROLOGY 0 0 0 1 0 0 216.6474581585498 77.4794867920821 143.1 -142.22727425585038 180.84855707501416 18.262127 100.18053 -999.0 -999.0 -999.0 -999.0 -999.0 198.66372102346236 -8.341737983565821 198.67773148979643 -8.488699224227542 54.58757534897119 299.2639507950579 -999.0 6231.0 -999.0 -1 -999 {-999.0 -999.0 -999.0 -999.0 -999.0} "" -999.0 -999.0 -999.0 -999.0 -999 -999 "" "" "" "" 0 0 0.0 0.0 -999 ""
FIBERMAP 1288 R-12C5 APOGEE 0 0 0 1 0 0 -51.31537175797482 -230.87909111814847 143.1 235.21900267618992 24.613006348801555 28.284182 94.36505 -999.0 -999.0 -999.0 -999.0 -999.0 199.81920059392036 -8.815468183731168 199.8337631570597 -8.961254740067394 55.76858026966741 299.9055322979793 -999.0 16600.0 -999.0 2 -999 {-999.0 -999.0 -999.0 -999.0 -999.0} "" -999.0 -999.0 -999.0 -999.0 -999 -999 "" "" "" "" 0 0 0.0 0.0 -999 ""
FIBERMAP 1288 R-12C5 BOSS 1 1 0 1 0 0 -50.913556390691 -231.4868587526471 143.1 235.66780121210755 25.186916535611065 28.284182 94.36505 199.82024149107366 -8.813634821348561 -1.064639 -0.5753785 0.05626411 199.82048039899578 -8.813633807687212 199.8351550071501 -8.959512980593729 55.76851856445367 299.90947540674256 5400.0 5400.0 2016.0 1 427 {-999.0 17.378204 16.039185 15.533537 -999.0} sdss_psfmag_ps1 16.831774 16.033195 15.160767 13.18 63050395165381674 1061137874 dark_flexible_2x1 manual_mwm_halo_distant_kgiant_far_boss mwm_halo science 0 0 0.8847466111183167 0.0 -999 ""
FIBERMAP 1288 R-12C5 METROLOGY 0 0 0 1 0 0 -51.65547148068062 -231.54529708885988 143.1 235.9586748697916 24.50193508600042 28.284182 94.36505 -999.0 -999.0 -999.0 -999.0 -999.0 199.8214408150997 -8.815729237304248 199.8360852993144 -8.96158070477697 55.77054953695101 299.9077020783424 -999.0 6231.0 -999.0 -1 -999 {-999.0 -999.0 -999.0 -999.0 -999.0} "" -999.0 -999.0 -999.0 -999.0 -999 -999 "" "" "" "" 0 0 0.0 0.0 -999 ""
FIBERMAP 1292 R-8C6 APOGEE 0 0 0 1 0 0 -102.57040937744232 -162.64978132386196 143.1 186.78656116870997 -45.6437498116116 222.43895 103.58465 -999.0 -999.0 -999.0 -999.0 -999.0 199.67164267674082 -9.028408203374326 199.68634968707534 -9.174297472020847 55.79266549834417 299.44870759596427 -999.0 16600.0 -999.0 2 -999 {-999.0 -999.0 -999.0 -999.0 -999.0} "" -999.0 -999.0 -999.0 -999.0 -999 -999 "" "" "" "" 0 0 0.0 0.0 -999 ""
FIBERMAP 1292 R-8C6 BOSS 1 1 0 1 0 0 -103.2237117882273 -162.2345328497231 143.1 186.60013425303336 -46.39503577901858 222.43895 103.58465 199.67102050781247 -9.03060804456932 -999.0 -999.0 -999.0 199.67101613784237 -9.030606450692787 199.6858386938569 -9.17658867786225 55.79373443170656 299.44499275361744 5400.0 5400.0 2015.5 1 363 {-999.0 -999.0 -999.0 -999.0 -999.0} "" -999.0 -999.0 -999.0 -999.0 27021603139613292 811720809 "" ops_sky_boss_good ops_sky sky_boss 0 0 0.0 0.0 -999 ""
FIBERMAP 1292 R-8C6 METROLOGY 0 0 0 1 0 0 -102.52862184031393 -161.90295335268195 143.1 186.06511270344998 -45.84114254547418 222.43895 103.58465 -999.0 -999.0 -999.0 -999.0 -999.0 199.66943968330295 -9.028963530957414 199.68422822587502 -9.174921172071995 55.79144689305527 299.44548117650623 -999.0 6231.0 -999.0 -1 -999 {-999.0 -999.0 -999.0 -999.0 -999.0} "" -999.0 -999.0 -999.0 -999.0 -999 -999 "" "" "" "" 0 0 0.0 0.0 -999 ""
FIBERMAP 1293 R+1C5 APOGEE 1 1 0 1 0 0 -189.53861532945479 -1.0355667257778478 143.1 61.13518541993396 -179.4030836144939 327.93625 47.751236 199.28597515399358 -9.4338333761237 -0.73064417 2.3583372 0.34488466 199.28598423254502 -9.433831622392434 199.30093263713275 -9.58000831620317 55.75388544361687 298.46249962482193 16000.0 16600.0 2016.0 2 39 {-999.0 14.140279 13.382321 13.089906 -999.0} sdss_psfmag_from_g3xp 13.928031 13.410559 12.737042 11.301 63050395165367504 1106294411 bright_flexible_3x1 mwm_tess_rgb_apogee mwm_tessrgb science 0 0 0.0 0.0 -999 ""
FIBERMAP 1293 R+1C5 BOSS 0 0 0 1 0 0 -190.2387610467225 -1.2524494606004772 143.1 61.563049239942494 -179.99817193350825 327.93625 47.751236 -999.0 -999.0 -999.0 -999.0 -999.0 199.28719936562354 -9.43559156983801 199.30226490466953 -9.581858280196359 55.75606811986433 298.46139834972064 -999.0 5400.0 -999.0 1 65 {-999.0 -999.0 -999.0 -999.0 -999.0} "" -999.0 -999.0 -999.0 -999.0 -999 -999 "" "" "" "" 0 0 0.0 0.0 -999 ""
FIBERMAP 1293 R+1C5 METROLOGY 0 0 0 1 0 0 -190.10514819803473 -0.5324797604182194 143.1 60.83792710329932 -180.09996655547434 327.93625 47.751236 -999.0 -999.0 -999.0 -999.0 -999.0 199.28501298344642 -9.43595122739107 199.30004556865174 -9.582193949128792 55.75457207460591 298.4584981533452 -999.0 6231.0 -999.0 -1 -999 {-999.0 -999.0 -999.0 -999.0 -999.0} "" -999.0 -999.0 -999.0 -999.0 -999 -999 "" "" "" "" 0 0 0.0 0.0 -999 ""
FIBERMAP 1294 R+13C4 APOGEE 0 0 0 1 0 0 -98.46532412395436 260.06539194574555 143.1 -215.35981175333856 -175.90668382679775 225.29948 32.61187 -999.0 -999.0 -999.0 -999.0 -999.0 198.43820553214232 -9.420639187144463 198.4529262394576 -9.56756226472198 55.091447328304234 297.5630241473208 -999.0 16600.0 -999.0 2 53 {-999.0 -999.0 -999.0 -999.0 -999.0} "" -999.0 -999.0 -999.0 -999.0 -999 -999 "" ops_sky_apogee_best_unassigned ops_sky sky_apogee 0 0 0.0 0.0 -999 ""
FIBERMAP 1294 R+13C4 BOSS 1 1 0 1 0 0 -98.23056134903322 260.77938677833066 143.1 -216.11136976095688 -175.91066587696588 225.29948 32.61187 198.4358632654438 -9.420458471247615 -23.379328 -34.095844 1.0292845 198.4358102131862 -9.42053090372365 198.4506494831984 -9.56754850058704 55.08967378695836 297.5606186031306 5400.0 5400.0 2016.0 1 90 {-999.0 18.356457 17.07438 16.78496 -999.0} sdss_psfmag_ps1 17.838964 17.132051 16.376722 14.743 63050395165374419 1136360000 dark_flexible_3x1 mwm_halo_local_high_boss_triple mwm_halo science 0 0 0.0 0.0 -999 ""
FIBERMAP 1294 R+13C4 METROLOGY 0 0 0 1 0 0 -97.7234940845831 260.2027075880112 143.1 -215.72545455078557 -175.2468160387628 225.29948 32.61187 -999.0 -999.0 -999.0 -999.0 -999.0 198.43697227677086 -9.418601095355559 198.45177652816653 -9.565591789698559 55.089338242712 297.56450670560844 -999.0 6231.0 -999.0 -1 -999 {-999.0 -999.0 -999.0 -999.0 -999.0} "" -999.0 -999.0 -999.0 -999.0 -999 -999 "" "" "" "" 0 0 0.0 0.0 -999 ""
FIBERMAP 1295 R-12C3 APOGEE 0 0 0 1 0 0 -119.00885157341537 -241.4769610783255 143.1 266.75217065970355 -36.21455089538283 214.51183 133.46904 -999.0 -999.0 -999.0 -999.0 -999.0 199.9152585284897 -8.999368060075998 199.92999918730186 -9.145038633197007 55.959253281633224 299.76238780172935 -999.0 16600.0 -999.0 2 -999 {-999.0 -999.0 -999.0 -999.0 -999.0} "" -999.0 -999.0 -999.0 -999.0 -999 -999 "" "" "" "" 0 0 0.0 0.0 -999 ""
FIBERMAP 1295 R-12C3 BOSS 1 1 0 1 0 0 -119.77609518720018 -241.3430537583523 143.1 266.86868920125954 -36.98459441133365 214.51183 133.46904 199.91549394520368 -9.00163452806124 0.38058704 0.48338917 0.79987824 199.91549482679187 -9.001601954356932 199.93035020813534 -9.14736454336442 55.961006817757266 299.7595886739749 5400.0 5400.0 2016.0 1 425 {-999.0 20.615185 20.721796 20.628513 20.512388} sdss_psfmag_from_lsdr10 20.644392 20.523874 19.844566 -999.0 63050395165380067 1131650976 dark_flexible_3x1 bhm_spiders_agn_lsdr10_d3 bhm_spiders science 0 0 0.0 0.0 -999 ""
FIBERMAP 1295 R-12C3 METROLOGY 0 0 0 1 0 0 -119.23665230471 -240.76449701353505 143.1 266.14886636010164 -36.656677236477236 214.51183 133.46904 -999.0 -999.0 -999.0 -999.0 -999.0 199.91339318071132 -9.000649160364917 199.9282153014991 -9.146387598718452 55.95876150024726 299.7585233524837 -999.0 6231.0 -999.0 -1 -999 {-999.0 -999.0 -999.0 -999.0 -999.0} "" -999.0 -999.0 -999.0 -999.0 -999 -999 "" "" "" "" 0 0 0.0 0.0 -999 ""
FIBERMAP 1297 R+11C13 APOGEE 0 0 0 1 0 0 102.83694973682441 204.38839579566002 143.1 -226.45017775266462 32.650062764333846 243.98784 149.21712 -999.0 -999.0 -999.0 -999.0 -999.0 198.40492344179498 -8.789914021490356 198.4191432824391 -8.936961140101811 54.67270229717928 298.3847129363515 -999.0 16600.0 -999.0 2 123 {-999.0 -999.0 -999.0 -999.0 -999.0} "" -999.0 -999.0 -999.0 -999.0 -999 -999 "" ops_sky_apogee_best_unassigned ops_sky sky_apogee 0 0 0.0 0.0 -999 ""
FIBERMAP 1297 R+11C13 BOSS 1 1 0 1 0 0 102.22801644752124 203.97870719321568 143.1 -225.86843175835537 32.20265758629772 243.98784 149.21712 198.40653699962323 -8.791179857735674 -999.0 -999.0 -999.0 198.40653276909845 -8.791170894709902 198.4208737044321 -8.938311717678186 54.67488076679058 298.3847482426896 5400.0 5400.0 2016.0 1 104 {-999.0 17.2855 17.225737 16.883965 -999.0} sdss_psfmag_ps1 17.257502 17.201767 16.55368 15.83 63050395165377630 944494024 bright_1x1 openfibertargets_nov2020_6c open_fiber science 0 0 0.0 0.0 -999 ""
FIBERMAP 1297 R+11C13 METROLOGY 0 0 0 1 0 0 102.15579678726753 204.70838969525443 143.1 -226.53743981372068 31.902597874314182 243.98784 149.21712 -999.0 -999.0 -999.0 -999.0 -999.0 198.40449008160581 -8.792097379834393 198.41879734580698 -8.939212816186103 54.67384850546065 298.3813094899541 -999.0 6231.0 -999.0 -1 -999 {-999.0 -999.0 -999.0 -999.0 -999.0} "" -999.0 -999.0 -999.0 -999.0 -999 -999 "" "" "" "" 0 0 0.0 0.0 -999 ""
FIBERMAP 1298 R+9C18 APOGEE 1 1 0 1 0 0 171.61150495207772 179.94020935078657 143.1 -225.0936970273569 105.62520263741395 211.4074 60.425404 198.41004626685324 -8.569191948200848 -4.7991843 4.887485 2.270507 198.4100514522457 -8.569169582295547 198.424100947861 -8.716246029844838 54.537696152895954 298.6862953256612 16000.0 16600.0 2016.0 2 102 {-999.0 12.030146 11.625399 11.51549 -999.0} sdss_psfmag_from_g3xp 11.944088 11.656252 11.171291 10.368 63050395165378155 1094151722 bright_1x1 mwm_bin_vis_apogee mwm_filler science 0 0 0.0 0.0 -999 ""
FIBERMAP 1298 R+9C18 BOSS 0 0 0 1 0 0 171.62132364509662 180.67408474597528 143.1 -225.79271725418639 105.4016058658847 211.4074 60.425404 -999.0 -999.0 -999.0 -999.0 -999.0 198.40778480132073 -8.569741188322457 198.4219541355543 -8.716915771103015 54.53647152117652 298.6830930241415 -999.0 5400.0 -999.0 1 176 {-999.0 -999.0 -999.0 -999.0 -999.0} "" -999.0 -999.0 -999.0 -999.0 -999 -999 "" "" "" "" 0 0 0.0 0.0 -999 ""
FIBERMAP 1298 R+9C18 METROLOGY 0 0 0 1 0 0 172.26110814820245 180.297456403963 143.1 -225.63862210398383 106.1278166181363 211.4074 60.425404 -999.0 -999.0 -999.0 -999.0 -999.0 198.40825991098092 -8.567555391615207 198.4223936774191 -8.714702624623287 54.535413156251714 298.68652575420646 -999.0 6231.0 -999.0 -1 -999 {-999.0 -999.0 -999.0 -999.0 -999.0} "" -999.0 -999.0 -999.0 -999.0 -999 -999 "" "" "" "" 0 0 0.0 0.0 -999 ""
FIBERMAP 1299 R+7C16 APOGEE 0 0 0 1 0 0 106.60327466132965 131.17500658018884 143.1 -158.22021230083666 59.456989360824146 225.76215 83.72864 -999.0 -999.0 -999.0 -999.0 -999.0 198.61344950168393 -8.70901297768813 198.62765276264747 -8.855892165036675 54.781882370643444 298.71820906226344 -999.0 16600.0 -999.0 2 62 {-999.0 -999.0 -999.0 -999.0 -999.0} "" -999.0 -999.0 -999.0 -999.0 -999 -999 "" ops_sky_apogee_best_unassigned ops_sky sky_apogee 0 0 0.0 0.0 -999 ""
FIBERMAP 1299 R+7C16 BOSS 1 1 0 1 0 0 106.15689839442652 131.7663765747476 143.1 -158.63931948859843 58.84602795148591 225.76215 83.72864 198.61196548154675 -8.710751500779615 -999.0 -999.0 -999.0 198.61198176032974 -8.710745026185162 198.6263049130198 -8.857720615259415 54.78200150573262 298.714292036264 5400.0 5400.0 2016.0 1 209 {-999.0 21.609911 21.42263 21.068478 20.934408} sdss_fiber2mag_from_lsdr10 1e+20 1e+20 1e+20 -999.0 63050398345445048 1131653014 dark_flexible_3x1 bhm_spiders_agn_lsdr10_d3 bhm_spiders science 0 0 0.0 0.0 -999 ""
FIBERMAP 1299 R+7C16 METROLOGY 0 0 0 1 0 0 106.87486860460753 131.86582023567803 143.1 -158.96147752134752 59.49528973344656 225.76215 83.72864 -999.0 -999.0 -999.0 -999.0 -999.0 198.61101684850982 -8.708795851843837 198.6253045750709 -8.855745550674602 54.77998904267087 298.7158697110122 -999.0 6231.0 -999.0 -1 -999 {-999.0 -999.0 -999.0 -999.0 -999.0} "" -999.0 -999.0 -999.0 -999.0 -999 -999 "" "" "" "" 0 0 0.0 0.0 -999 ""
FIBERMAP 1305 R+6C10 APOGEE 0 0 0 1 0 0 -40.65648477090211 111.99196756728101 143.1 -93.29441004221324 -74.09538066131081 234.31758 68.89769 -999.0 -999.0 -999.0 -999.0 -999.0 198.8117073289558 -9.114495516460115 198.8262781546091 -9.2611402042875 55.18913680808233 298.38367486046667 -999.0 16600.0 -999.0 2 -999 {-999.0 -999.0 -999.0 -999.0 -999.0} "" -999.0 -999.0 -999.0 -999.0 -999 -999 "" "" "" "" 0 0 0.0 0.0 -999 ""
FIBERMAP 1305 R+6C10 BOSS 1 1 0 1 0 0 -41.060425892275745 112.61267206159478 143.1 -93.75480143155333 -74.67541233944277 234.31758 68.89769 198.81011249945647 -9.116242016886229 0.5046213 8.551506 9.789298 198.8101257511085 -9.116195986514457 198.82481526630875 -9.26293514701849 55.18913557970335 298.3796396679381 5400.0 5400.0 2016.0 1 133 {-999.0 20.061783 18.465242 16.849768 -999.0} sdss_psfmag_ps1 19.530073 17.562712 16.243214 13.754 63050395165375519 1077940821 bright_flexible_2x1 mwm_snc_ext_main_boss mwm_snc science 0 0 0.0 0.0 -999 ""
FIBERMAP 1305 R+6C10 METROLOGY 0 0 0 1 0 0 -40.32518243069623 112.6625918854877 143.1 -94.03547998036551 -73.99405383280681 234.31758 68.89769 -999.0 -999.0 -999.0 -999.0 -999.0 198.80928906819875 -9.114161369322673 198.82394339980135 -9.260875124567937 55.18717449058629 298.38150853153996 -999.0 6231.0 -999.0 -1 -999 {-999.0 -999.0 -999.0 -999.0 -999.0} "" -999.0 -999.0 -999.0 -999.0 -999 -999 "" "" "" "" 0 0 0.0 0.0 -999 ""
FIBERMAP 1307 R+1C13 APOGEE 0 0 0 1 0 0 -2.915446118643457 9.81656175496947 143.1 -8.383380281749403 -5.880046107049498 306.42203 120.92742 -999.0 -999.0 -999.0 -999.0 -999.0 199.0728259538646 -8.907856144896622 199.08729239257684 -9.054301861944825 55.259257886042136 298.94981292262617 -999.0 16600.0 -999.0 2 11 {-999.0 -999.0 -999.0 -999.0 -999.0} "" -999.0 -999.0 -999.0 -999.0 -999 -999 "" ops_sky_apogee_best_unassigned ops_sky sky_apogee 0 0 0.0 0.0 -999 ""
FIBERMAP 1307 R+1C13 BOSS 1 1 0 1 0 0 -3.1845396783606876 9.115748849065117 143.1 -7.633426717816591 -5.912802041204777 306.42203 120.92742 199.07501220703128 -8.907875970975297 -999.0 -999.0 -999.0 199.07500971912663 -8.907867621881904 199.08959329550385 -9.054405357277457 55.261083968400094 298.9521927765614 5400.0 5400.0 2015.5 1 13 {-999.0 -999.0 -999.0 -999.0 -999.0} "" -999.0 -999.0 -999.0 -999.0 27021603139617795 811721480 "" ops_sky_boss_good ops_sky sky_boss 0 0 0.0 0.0 -999 ""
FIBERMAP 1307 R+1C13 METROLOGY 0 0 0 1 0 0 -3.655854653192459 9.697333333674333 143.1 -8.0353399961389 -6.544306217368128 306.42203 120.92742 -999.0 -999.0 -999.0 -999.0 -999.0 199.0738046198841 -8.909811897451378 199.08835644447163 -9.056323775661191 55.26135019725345 298.9482291471238 -999.0 6231.0 -999.0 -1 -999 {-999.0 -999.0 -999.0 -999.0 -999.0} "" -999.0 -999.0 -999.0 -999.0 -999 -999 "" "" "" "" 0 0 0.0 0.0 -999 ""
FIBERMAP 1310 R+2C13 APOGEE 0 0 0 1 0 0 -16.50347563726027 32.70119222436573 143.1 -25.771557054906047 -26.027834455992664 232.19748 80.03409 -999.0 -999.0 -999.0 -999.0 -999.0 199.0193156475123 -8.968983668269704 199.03381900997647 -9.11546753504189 55.25693098722505 298.80807989980354 -999.0 16600.0 -999.0 2 -999 {-999.0 -999.0 -999.0 -999.0 -999.0} "" -999.0 -999.0 -999.0 -999.0 -999 -999 "" "" "" "" 0 0 0.0 0.0 -999 ""
FIBERMAP 1310 R+2C13 BOSS 1 1 0 1 0 0 -17.01962662983275 33.250997036229776 143.1 -26.129105517521424 -26.691768996649678 232.19748 80.03409 199.01805430264585 -8.97094948285551 -0.40299067 -0.60599065 -0.13701619 199.0180808510493 -8.970921641239459 199.03270233288254 -9.117500050604889 55.25735709566282 298.80409194814945 5400.0 5400.0 2016.0 1 110 {-999.0 20.190374 20.362858 20.175575 -999.0} sdss_psfmag_ps1 20.064936 20.247948 20.050297 -999.0 63050395165381239 1116045637 dark_1x1 openfibertargets_bhm_varagn_boss open_fiber science 0 0 0.0 0.0 -999 ""
FIBERMAP 1310 R+2C13 METROLOGY 0 0 0 1 0 0 -16.292172142083068 33.41872204933608 143.1 -26.51902196300305 -26.05518387227949 232.19748 80.03409 -999.0 -999.0 -999.0 -999.0 -999.0 199.0169146218955 -8.969015578233586 199.03150118183567 -9.115568748777347 55.25521874225486 298.8054096085187 -999.0 6231.0 -999.0 -1 -999 {-999.0 -999.0 -999.0 -999.0 -999.0} "" -999.0 -999.0 -999.0 -999.0 -999 -999 "" "" "" "" 0 0 0.0 0.0 -999 ""
FIBERMAP 1311 R-8C9 APOGEE 0 0 0 1 0 0 -31.276419680284267 -174.15462144012122 143.1 175.06981051369735 25.612682985584435 303.7471 44.131832 -999.0 -999.0 -999.0 -999.0 -999.0 199.63572796402514 -8.812473685980672 199.65024592206817 -8.958428235194495 55.62751524703842 299.7034441830703 -999.0 16600.0 -999.0 2 -999 {-999.0 -999.0 -999.0 -999.0 -999.0} "" -999.0 -999.0 -999.0 -999.0 -999 -999 "" "" "" "" 0 0 0.0 0.0 -999 ""
FIBERMAP 1311 R-8C9 BOSS 1 1 0 1 0 0 -32.00077897317117 -173.99371014961747 143.1 175.14711224628041 24.874734767334438 303.7471 44.131832 199.635913389805 -8.814621048704288 -0.6152973 0.052013744 0.47055137 199.6359161361761 -8.814607728083834 199.65055004795875 -8.96065550260134 55.629170111946344 299.70075065491255 5400.0 5400.0 2016.0 1 387 {-999.0 20.48547 20.281233 20.179768 20.09968} sdss_psfmag_from_lsdr10 20.355515 20.18568 19.75864 -999.0 63050395165381736 1131653030 dark_flexible_3x1 bhm_spiders_agn_lsdr10_d3 bhm_spiders science 0 0 0.0 0.0 -999 ""
FIBERMAP 1311 R-8C9 METROLOGY 0 0 0 1 0 0 -31.508165406619806 -173.44343079400633 143.1 174.46896575420175 25.16721990698601 303.7471 44.131832 -999.0 -999.0 -999.0 -999.0 -999.0 199.63389713703182 -8.813744442734999 199.6484975291272 -8.959767629386366 55.62704342663892 299.6996642803765 -999.0 6231.0 -999.0 -1 -999 {-999.0 -999.0 -999.0 -999.0 -999.0} "" -999.0 -999.0 -999.0 -999.0 -999 -999 "" "" "" "" 0 0 0.0 0.0 -999 ""
FIBERMAP 1313 R+6C17 APOGEE 0 0 0 1 0 0 120.87571531391093 133.63231234319616 143.1 -165.0799691161136 72.2110962325344 200.50076 24.25341 -999.0 -999.0 -999.0 -999.0 -999.0 198.59260879631762 -8.67034893707139 198.60677705504395 -8.817252122252217 54.74150410161844 298.74763002755196 -999.0 16600.0 -999.0 2 63 {-999.0 -999.0 -999.0 -999.0 -999.0} "" -999.0 -999.0 -999.0 -999.0 -999 -999 "" ops_sky_apogee_best_unassigned ops_sky sky_apogee 0 0 0.0 0.0 -999 ""
FIBERMAP 1313 R+6C17 BOSS 1 1 0 1 0 0 121.4715987899239 134.10271099526597 143.1 -165.71514240108803 72.6268594712714 200.50076 24.25341 198.59045326155032 -8.668960780370124 0.23976815 0.38572225 1.0596249 198.5904955867477 -8.668967078305332 198.60478127425313 -8.815967912707526 54.73916373303691 298.7472006647754 5400.0 5400.0 2016.0 1 215 {-999.0 20.692728 20.386534 20.102295 19.867064} sdss_psfmag_from_gaiadr2 20.731565 20.452433 19.790035 -999.0 63050395165377691 1130021827 dark_flexible_3x1 bhm_gua_dark_d3 bhm_filler science 0 0 0.0 0.0 -999 ""
FIBERMAP 1313 R+6C17 METROLOGY 0 0 0 1 0 0 121.56448899596894 133.35531300079515 143.1 -165.0358956048352 72.95214252184432 200.50076 24.25341 -999.0 -999.0 -999.0 -999.0 -999.0 198.59258722141217 -8.668000845583629 198.60683888701942 -8.814972920333913 54.74011353733836 298.7507600421447 -999.0 6231.0 -999.0 -1 -999 {-999.0 -999.0 -999.0 -999.0 -999.0} "" -999.0 -999.0 -999.0 -999.0 -999 -999 "" "" "" "" 0 0 0.0 0.0 -999 ""
FIBERMAP 1315 R+3C7 APOGEE 0 0 0 1 0 0 -139.51134854528146 62.09602709483931 143.1 -14.60690656032448 -152.0001176649233 191.73584 87.9143 -999.0 -999.0 -999.0 -999.0 -999.0 199.0533402540411 -9.350966986040843 199.06816147924587 -9.49736322775642 55.523106452659874 298.32225289608266 -999.0 16600.0 -999.0 2 26 {-999.0 -999.0 -999.0 -999.0 -999.0} "" -999.0 -999.0 -999.0 -999.0 -999 -999 "" ops_sky_apogee_best_unassigned ops_sky sky_apogee 0 0 0.0 0.0 -999 ""
FIBERMAP 1315 R+3C7 BOSS 1 1 0 1 0 0 -139.65793589006728 62.82208763059606 143.1 -15.248878243885104 -152.3695477281161 191.73584 87.9143 199.0512604605217 -9.352030685360978 -10.122942 -6.8180785 0.28610796 199.0512432431558 -9.352055317247459 199.06618130698917 -9.498545264926792 55.52232101693897 298.3184663150537 5400.0 5400.0 2016.0 1 44 {-999.0 17.557238 17.420818 17.110474 -999.0} sdss_psfmag_ps1 17.553087 17.259706 16.82423 15.74 63050395165368880 976172198 "" ops_std_boss ops_std standard_boss 0 0 0.0 0.0 -999 ""
FIBERMAP 1315 R+3C7 METROLOGY 0 0 0 1 0 0 -138.9505246881688 62.593100271108774 143.1 -15.25624746135653 -151.626065632098 191.73584 87.9143 -999.0 -999.0 -999.0 -999.0 -999.0 199.05125324300602 -9.349850185966504 199.06615650712627 -9.49631438702404 55.52090732859018 298.32151518143854 -999.0 6231.0 -999.0 -1 -999 {-999.0 -999.0 -999.0 -999.0 -999.0} "" -999.0 -999.0 -999.0 -999.0 -999 -999 "" "" "" "" 0 0 0.0 0.0 -999 ""
FIBERMAP 1319 R0C9 APOGEE 1 1 0 1 0 0 -111.104633520849 -10.756350765121978 143.1 45.46069312349262 -101.94228709846334 255.6123 135.54367 199.23823531376271 -9.199499987120157 -44.23041 7.9707484 4.0219173 199.23812246096054 -9.199489938323799 199.25286611728677 -9.345744533439238 55.56991385200916 298.7330037624072 16000.0 16600.0 2016.0 2 276 {-999.0 -999.0 -999.0 -999.0 -999.0} "" -999.0 14.08198 -999.0 10.987 63050395165380714 1093913991 bright_1x1 mwm_bin_vis_apogee mwm_filler science 0 0 0.0 0.0 -999 ""
FIBERMAP 1319 R0C9 BOSS 0 0 0 1 0 0 -111.73394789728088 -11.1305335933634 143.1 46.01523871389327 -102.42028717202716 255.6123 135.54367 -999.0 -999.0 -999.0 -999.0 -999.0 199.23973472862326 -9.200900785030731 199.25459564891253 -9.347246188956625 55.572185131958754 298.7328393525862 -999.0 5400.0 -999.0 1 449 {-999.0 -999.0 -999.0 -999.0 -999.0} "" -999.0 -999.0 -999.0 -999.0 -999 -999 "" "" "" "" 0 0 0.0 0.0 -999 ""
FIBERMAP 1319 R0C9 METROLOGY 0 0 0 1 0 0 -111.75673805936437 -10.384052705043674 143.1 45.3146141690667 -102.6788061515114 255.6123 135.54367 -999.0 -999.0 -999.0 -999.0 -999.0 199.23761747449439 -9.201721016088582 199.25244576144792 -9.348041984816671 55.57103736379681 298.7293842023628 -999.0 6231.0 -999.0 -1 -999 {-999.0 -999.0 -999.0 -999.0 -999.0} "" -999.0 -999.0 -999.0 -999.0 -999 -999 "" "" "" "" 0 0 0.0 0.0 -999 ""
FIBERMAP 1320 R+5C8 APOGEE 0 0 0 1 0 0 -58.18684656169974 98.54395422581989 143.1 -74.97865862930277 -86.450759282375 58.41363 50.135635 -999.0 -999.0 -999.0 -999.0 -999.0 198.86792770528126 -9.152093210917421 198.88254227854486 -9.29868290062637 55.25593773959173 298.3933446365055 -999.0 16600.0 -999.0 2 -999 {-999.0 -999.0 -999.0 -999.0 -999.0} "" -999.0 -999.0 -999.0 -999.0 -999 -999 "" "" "" "" 0 0 0.0 0.0 -999 ""
FIBERMAP 1320 R+5C8 BOSS 1 1 0 1 0 0 -57.92718928256054 97.8610005389358 143.1 -74.41344801723733 -85.98779028059154 58.41363 50.135635 198.86952179777703 -9.15065399190589 0.5138108 0.31486896 -0.29415724 198.86950749835097 -9.15064574571142 198.8842387158154 -9.297327385194738 55.25639369336781 298.39703874468506 5400.0 5400.0 2016.0 1 67 {-999.0 19.47496 18.977287 18.567314 18.281206} sdss_fiber2mag_from_lsdr10 18.584517 19.315762 17.305601 15.336 63050395165369640 1058902151 dark_flexible_2x1 bhm_spiders_agn_lsdr10 bhm_spiders science 0 0 0.0 0.0 -999 ""
FIBERMAP 1320 R+5C8 METROLOGY 0 0 0 1 0 0 -58.67406408556843 97.97640043873768 143.1 -74.28584402144698 -86.73264524965488 58.41363 50.135635 -999.0 -999.0 -999.0 -999.0 -999.0 198.8699237954346 -9.152940413396193 198.8846236775904 -9.29959494449256 55.25811020033485 298.39435468538807 -999.0 6231.0 -999.0 -1 -999 {-999.0 -999.0 -999.0 -999.0 -999.0} "" -999.0 -999.0 -999.0 -999.0 -999 -999 "" "" "" "" 0 0 0.0 0.0 -999 ""
FIBERMAP 1321 R-6C21 APOGEE 0 0 0 1 0 0 206.63373462632674 -120.10665853417852 143.1 48.31362795649815 234.06016735836198 225.71843 77.76444 -999.0 -999.0 -999.0 -999.0 -999.0 199.2469209572634 -8.181678032200393 199.2608365357529 -8.32807959433046 54.92766423889835 300.1180314136292 -999.0 16600.0 -999.0 2 195 {-999.0 -999.0 -999.0 -999.0 -999.0} "" -999.0 -999.0 -999.0 -999.0 -999 -999 "" ops_sky_apogee_best_unassigned ops_sky sky_apogee 0 0 0.0 0.0 -999 ""
FIBERMAP 1321 R-6C21 BOSS 1 1 0 1 0 0 206.20933727219128 -119.4788889546975 143.1 47.85302915728883 233.45849564801586 225.71843 77.76444 199.24540378728335 -8.183355797213407 1.6598275 -0.3693508 0.8608517 199.2454042799511 -8.183359275287183 199.25943719377563 -8.329858937100838 54.92775272520324 300.1141107639388 5400.0 5400.0 2016.0 1 268 {-999.0 20.554092 20.327908 20.12254 19.93789} sdss_psfmag_from_lsdr10 20.342922 20.30141 19.763504 -999.0 63050395165388913 1131657053 dark_flexible_3x1 bhm_spiders_agn_lsdr10_d3 bhm_spiders science 0 0 0.0 0.0 -999 ""
FIBERMAP 1321 R-6C21 METROLOGY 0 0 0 1 0 0 206.94950837511217 -119.4244044345437 143.1 47.56645822510554 234.14307815443885 225.71843 77.76444 -999.0 -999.0 -999.0 -999.0 -999.0 199.24456712149015 -8.181287941291318 199.2585652413078 -8.327761188923107 54.92574090580822 300.11593388176755 -999.0 6231.0 -999.0 -1 -999 {-999.0 -999.0 -999.0 -999.0 -999.0} "" -999.0 -999.0 -999.0 -999.0 -999 -999 "" "" "" "" 0 0 0.0 0.0 -999 ""
FIBERMAP 1322 R+4C3 APOGEE 0 0 0 1 0 0 -213.8771453470796 60.23971722045093 143.1 10.754566190688763 -221.92903894348763 298.42593 37.83473 -999.0 -999.0 -999.0 -999.0 -999.0 199.13109025544966 -9.56208456131452 199.14610376200596 -9.70838027042616 55.71481911688987 298.1151254339343 -999.0 16600.0 -999.0 2 20 {-999.0 -999.0 -999.0 -999.0 -999.0} "" -999.0 -999.0 -999.0 -999.0 -999 -999 "" ops_sky_apogee_best_unassigned ops_sky sky_apogee 0 0 0.0 0.0 -999 ""
FIBERMAP 1322 R+4C3 BOSS 1 1 0 1 0 0 -214.54060230795025 60.53929765740726 143.1 10.681045270282217 -222.653244900832 298.42593 37.83473 199.1307433497287 -9.564199250518618 -0.5918681 -0.41818553 -0.8432602 199.1307483775279 -9.564215145933185 199.1458795509177 -9.710601822201106 55.71602937910767 298.1117950702835 5400.0 5400.0 2016.0 1 29 {-999.0 20.563452 20.30633 20.074656 19.886328} sdss_psfmag_from_gaiadr2 20.102327 20.343332 19.274563 -999.0 63050395165367286 1130021674 dark_flexible_3x1 bhm_gua_dark_d3 bhm_filler science 0 0 0.0 0.0 -999 ""
FIBERMAP 1322 R+4C3 METROLOGY 0 0 0 1 0 0 -213.9681425610521 60.979908650065795 143.1 10.081552313741447 -222.25023982490157 298.42593 37.83473 -999.0 -999.0 -999.0 -999.0 -999.0 199.12894301257305 -9.563061571947378 199.14403989657148 -9.709424246647941 55.71387724303315 298.1114267410617 -999.0 6231.0 -999.0 -1 -999 {-999.0 -999.0 -999.0 -999.0 -999.0} "" -999.0 -999.0 -999.0 -999.0 -999 -999 "" "" "" "" 0 0 0.0 0.0 -999 ""
FIBERMAP 1327 R+4C12 APOGEE 0 0 0 1 0 0 14.272929664645039 62.71841533336277 143.1 -64.0030642061077 -6.3702845505179475 10.8851795 45.54101 -999.0 -999.0 -999.0 -999.0 -999.0 198.90188973982964 -8.909137785062546 198.91631749490534 -9.05573433088152 55.12921097373201 298.76113763287 -999.0 16600.0 -999.0 2 -999 {-999.0 -999.0 -999.0 -999.0 -999.0} "" -999.0 -999.0 -999.0 -999.0 -999 -999 "" "" "" "" 0 0 0.0 0.0 -999 ""
FIBERMAP 1327 R+4C12 BOSS 1 1 0 1 0 0 13.893720478622441 62.09782028886413 143.1 -63.29423096139583 -6.532917100407835 10.8851795 45.54101 198.9036387217967 -8.909431164582253 -14.65645 -37.802116 0.8251891 198.90390983356093 -8.9095444488205 198.91845578425182 -9.056233307266996 55.13116473166618 298.76278850912973 5400.0 5400.0 2016.0 1 120 {-999.0 15.185195 14.861126 14.741825 -999.0} sdss_psfmag_from_g3xp 15.138417 14.859381 14.410806 13.645 63050395165386848 1135976709 dark_flexible_3x1 mwm_halo_local_high_boss_triple mwm_halo science 0 0 1.101940393447876 0.0 -999 ""
FIBERMAP 1327 R+4C12 METROLOGY 0 0 0 1 0 0 13.52553155302266 62.748319840370954 143.1 -63.79422233602809 -7.088502381478276 10.8851795 45.54101 -999.0 -999.0 -999.0 -999.0 -999.0 198.90239906579436 -8.911256757323331 198.91691277280324 -9.057919999946378 55.13104511615937 298.7588180495454 -999.0 6231.0 -999.0 -1 -999 {-999.0 -999.0 -999.0 -999.0 -999.0} "" -999.0 -999.0 -999.0 -999.0 -999 -999 "" "" "" "" 0 0 0.0 0.0 -999 ""
FIBERMAP 1337 R-5C21 APOGEE 0 0 0 1 0 0 197.87067730815582 -100.94444706016002 143.1 32.92398492579769 219.66907428582306 211.92632 98.16429 -999.0 -999.0 -999.0 -999.0 -999.0 199.19988398698413 -8.224904994733427 199.21382516168137 -8.371341928896046 54.91994873549115 300.0083117283531 -999.0 16600.0 -999.0 2 -999 {-999.0 -999.0 -999.0 -999.0 -999.0} "" -999.0 -999.0 -999.0 -999.0 -999 -999 "" "" "" "" 0 0 0.0 0.0 -999 ""
FIBERMAP 1337 R-5C21 BOSS 1 1 0 1 0 0 197.4096755819663 -100.41580409737288 143.1 32.5690008539377 219.064151606143 211.92632 98.16429 199.19868356486424 -8.226606339202956 0.28144753 -0.17732136 -0.063632034 199.19868857573715 -8.226585642116879 199.2127473307229 -8.373120247275281 54.9202768951845 300.0047492978267 5400.0 5400.0 2016.0 1 277 {-999.0 18.509144 18.033195 17.889816 17.796406} sdss_psfmag_from_lsdr10 18.327692 17.95116 17.391445 -999.0 63050395165388885 1058911471 dark_flexible_2x1 bhm_spiders_agn_lsdr10 bhm_spiders science 0 0 0.0 0.0 -999 ""
FIBERMAP 1337 R-5C21 METROLOGY 0 0 0 1 0 0 198.11721083566883 -100.23824635454716 143.1 32.1760821287663 219.6787275547171 211.92632 98.16429 -999.0 -999.0 -999.0 -999.0 -999.0 199.19752384220013 -8.224727215752528 199.2115478596852 -8.371235703533147 54.91815584117561 300.00593049429926 -999.0 6231.0 -999.0 -1 -999 {-999.0 -999.0 -999.0 -999.0 -999.0} "" -999.0 -999.0 -999.0 -999.0 -999 -999 "" "" "" "" 0 0 0.0 0.0 -999 ""
FIBERMAP 1343 R+6C1 APOGEE 0 0 0 1 0 0 -225.0645663781909 136.49449599390084 143.1 -58.004217908187755 -256.738323319445 142.87732 54.528645 -999.0 -999.0 -999.0 -999.0 -999.0 198.9200152798123 -9.666350718268783 198.93505774729647 -9.812817591446935 55.61658898945972 297.7410362121018 -999.0 16600.0 -999.0 2 50 {-999.0 -999.0 -999.0 -999.0 -999.0} "" -999.0 -999.0 -999.0 -999.0 -999 -999 "" ops_sky_apogee_best_unassigned ops_sky sky_apogee 0 0 0.0 0.0 -999 ""
FIBERMAP 1343 R+6C1 BOSS 1 1 0 1 0 0 -224.34110810986542 136.71641039589386 143.1 -58.44425167478185 -256.12272554157323 142.87732 54.528645 198.918541139686 -9.664391397454805 -5.5803604 -6.673968 0.120576106 198.91854735154607 -9.664411134859842 198.93370478011502 -9.810970375841496 55.6143985647607 297.7421442962775 5400.0 5400.0 2016.0 1 87 {-999.0 17.698711 17.298708 17.145025 -999.0} sdss_psfmag_ps1 17.584 17.305609 16.887295 15.891 63050395165366461 976172719 "" ops_std_boss ops_std standard_boss 0 0 0.0 0.0 -999 ""
FIBERMAP 1343 R+6C1 METROLOGY 0 0 0 1 0 0 -224.48667364335117 136.00779715236953 143.1 -57.726105021480926 -256.0358693215278 142.87732 54.528645 -999.0 -999.0 -999.0 -999.0 -999.0 198.9207719103309 -9.664230671661501 198.93589664473075 -9.810762251991758 55.61596615255027 297.74480079682337 -999.0 6231.0 -999.0 -1 -999 {-999.0 -999.0 -999.0 -999.0 -999.0} "" -999.0 -999.0 -999.0 -999.0 -999 -999 "" "" "" "" 0 0 0.0 0.0 -999 ""
FIBERMAP 1344 R-6C18 APOGEE 0 0 0 1 0 0 144.5091147397808 -126.74182391706924 143.1 74.32175545321068 177.25570330352767 241.31084 93.950905 -999.0 -999.0 -999.0 -999.0 -999.0 199.3266845990488 -8.353005295585763 199.34075580193996 -8.499309058883558 55.0983973636696 299.97829136322724 -999.0 16600.0 -999.0 2 -999 {-999.0 -999.0 -999.0 -999.0 -999.0} "" -999.0 -999.0 -999.0 -999.0 -999 -999 "" "" "" "" 0 0 0.0 0.0 -999 ""
FIBERMAP 1344 R-6C18 BOSS 1 1 0 1 0 0 143.89914903686125 -126.44897778935564 143.1 74.23764407229433 176.58435816812283 241.31084 93.950905 199.32632446289062 -8.354904509587868 -999.0 -999.0 -999.0 199.32633723514414 -8.3548813359989 199.34052569735036 -8.501281258649147 55.0994910662942 299.9753955737027 5400.0 5400.0 2015.5 1 314 {-999.0 -999.0 -999.0 -999.0 -999.0} "" -999.0 -999.0 -999.0 -999.0 27021603139618864 820071276 "" ops_sky_boss_good ops_sky sky_boss 0 0 0.0 0.0 -999 ""
FIBERMAP 1344 R-6C18 METROLOGY 0 0 0 1 0 0 144.44237998806952 -125.99681070261589 143.1 73.63646918257444 176.95597925263223 241.31084 93.950905 -999.0 -999.0 -999.0 -999.0 -999.0 199.32453822244014 -8.353759179887295 199.33869258518075 -8.500133650511069 55.09736463062804 299.9748946424354 -999.0 6231.0 -999.0 -1 -999 {-999.0 -999.0 -999.0 -999.0 -999.0} "" -999.0 -999.0 -999.0 -999.0 -999 -999 "" "" "" "" 0 0 0.0 0.0 -999 ""
FIBERMAP 1352 R+7C11 APOGEE 0 0 0 1 0 0 12.312047500191994 148.44757754952929 143.1 -144.67421366525804 -35.43727001520582 81.6375 120.78709 -999.0 -999.0 -999.0 -999.0 -999.0 198.65425096567827 -8.996845178000243 198.66869064205218 -9.143645141227264 54.9942798791508 298.3734031546792 -999.0 16600.0 -999.0 2 141 {-999.0 -999.0 -999.0 -999.0 -999.0} "" -999.0 -999.0 -999.0 -999.0 -999 -999 "" ops_sky_apogee_best_unassigned ops_sky sky_apogee 0 0 0.0 0.0 -999 ""
FIBERMAP 1352 R+7C11 BOSS 1 1 0 1 0 0 12.995361629172912 148.75056237560375 143.1 -145.17838280473123 -34.8854683208743 81.6375 120.78709 198.65253046555557 -8.995080332015704 -999.0 -999.0 -999.0 198.65252561316996 -8.995088776475813 198.66708199568882 -9.141984578180814 54.99200160922217 298.37392424773236 5400.0 5400.0 2016.0 1 141 {-999.0 22.581627 22.091587 21.413664 20.91854} sdss_fiber2mag_from_lsdr10 1e+20 1e+20 1e+20 -999.0 63050398345508260 1131650954 dark_flexible_3x1 bhm_spiders_agn_lsdr10_d3 bhm_spiders science 0 0 0.0 0.0 -999 ""
FIBERMAP 1352 R+7C11 METROLOGY 0 0 0 1 0 0 12.901380234956553 147.99821604800178 143.1 -144.43513692741132 -34.73581755148242 81.6375 120.78709 -999.0 -999.0 -999.0 -999.0 -999.0 198.65481996681652 -8.99467163912318 198.66934297018656 -9.14153884824646 54.9934619337096 298.3769680436481 -999.0 6231.0 -999.0 -1 -999 {-999.0 -999.0 -999.0 -999.0 -999.0} "" -999.0 -999.0 -999.0 -999.0 -999 -999 "" "" "" "" 0 0 0.0 0.0 -999 ""
FIBERMAP 1360 R-3C11 APOGEE 0 0 0 1 0 0 -27.82675510561 -46.819148572526764 143.1 53.22796768231172 -11.528149301721513 61.20393 119.69399 -999.0 -999.0 -999.0 -999.0 -999.0 199.26219222187626 -8.925136667124523 199.27671686689177 -9.071411099383546 55.41490765119803 299.13469918542296 -999.0 16600.0 -999.0 2 151 {-999.0 -999.0 -999.0 -999.0 -999.0} "" -999.0 -999.0 -999.0 -999.0 -999 -999 "" ops_sky_apogee_best_unassigned ops_sky sky_apogee 0 0 0.0 0.0 -999 ""
FIBERMAP 1360 R-3C11 BOSS 1 1 0 1 0 0 -27.067915267806786 -46.78793990238351 143.1 52.957543458949814 -10.818477021330231 61.20393 119.69399 199.261279786344 -8.922874148108528 -999.0 -999.0 -999.0 199.26128015102915 -8.922894494351452 199.27591851255568 -9.069263752880996 55.412936879019014 299.1367450608002 5400.0 5400.0 2016.0 1 432 {-999.0 21.761868 21.471416 21.302036 21.160046} sdss_psfmag_from_lsdr10 1e+20 1e+20 1e+20 -999.0 63050399059859445 1131650967 dark_flexible_3x1 bhm_spiders_agn_lsdr10_d3 bhm_spiders science 0 0 0.0 0.0 -999 ""
FIBERMAP 1360 R-3C11 METROLOGY 0 0 0 1 0 0 -27.425489877366935 -47.46036289071063 143.1 53.708656939780845 -10.944145933662243 61.20393 119.69399 -999.0 -999.0 -999.0 -999.0 -999.0 199.2636257735486 -8.92330454635201 199.27823220417588 -9.069645095911074 55.41494582104025 299.1387765101119 -999.0 6231.0 -999.0 -1 -999 {-999.0 -999.0 -999.0 -999.0 -999.0} "" -999.0 -999.0 -999.0 -999.0 -999 -999 "" "" "" "" 0 0 0.0 0.0 -999 ""
FIBERMAP 1361 R+12C3 APOGEE 0 0 0 1 0 0 -110.47247838451746 213.43758763995083 143.1 -167.33389878267693 -172.49447717113796 322.54413 61.323982 -999.0 -999.0 -999.0 -999.0 -999.0 198.58481150058165 -9.411289673101296 198.599562196884 -9.558087482751649 55.19917341416985 297.7326144452603 -999.0 16600.0 -999.0 2 -999 {-999.0 -999.0 -999.0 -999.0 -999.0} "" -999.0 -999.0 -999.0 -999.0 -999 -999 "" "" "" "" 0 0 0.0 0.0 -999 ""
FIBERMAP 1361 R+12C3 BOSS 1 1 0 1 0 0 -111.14331883200066 213.1290412280805 143.1 -166.82841454641027 -173.032685521292 322.54413 61.323982 198.58623810996679 -9.412879350877095 -0.6161422 0.83303666 2.5377424 198.58622148591732 -9.41284874925629 198.60109234896834 -9.559737396331746 55.201380059639895 297.7319833367436 5400.0 5400.0 2016.0 1 99 {-999.0 20.582464 20.406893 20.257256 20.1535} sdss_psfmag_from_gaiadr2 20.346579 20.404144 19.745474 -999.0 63050395165368556 1130021695 dark_flexible_3x1 bhm_gua_dark_d3 bhm_filler science 0 0 0.0 0.0 -999 ""
FIBERMAP 1361 R+12C3 METROLOGY 0 0 0 1 0 0 -111.068141657997 213.89000722553894 143.1 -167.57386627622742 -173.2029031598247 322.54413 61.323982 -999.0 -999.0 -999.0 -999.0 -999.0 198.5839479403926 -9.413404024736213 198.59878506864118 -9.56026840471231 55.19992310741359 297.72878297074067 -999.0 6231.0 -999.0 -1 -999 {-999.0 -999.0 -999.0 -999.0 -999.0} "" -999.0 -999.0 -999.0 -999.0 -999 -999 "" "" "" "" 0 0 0.0 0.0 -999 ""
FIBERMAP 1366 R+3C11 APOGEE 0 0 0 1 0 0 -26.131655032781595 77.8380360626994 143.1 -65.5173237358577 -49.482764678441164 129.83041 41.361626 -999.0 -999.0 -999.0 -999.0 -999.0 198.897088253496 -9.040007971660211 198.9116198794294 -9.186588937935548 55.207963565643894 298.57799161580783 -999.0 16600.0 -999.0 2 12 {-999.0 -999.0 -999.0 -999.0 -999.0} "" -999.0 -999.0 -999.0 -999.0 -999 -999 "" ops_sky_apogee_best_unassigned ops_sky sky_apogee 0 0 0.0 0.0 -999 ""
FIBERMAP 1366 R+3C11 BOSS 1 1 0 1 0 0 -25.383301686002277 77.74429004994543 143.1 -65.66593046969332 -48.74337988414622 129.83041 41.361626 198.896484375 -9.037690010580718 -999.0 -999.0 -999.0 198.89647732015277 -9.037698190528678 198.91112430780083 -9.184373633252845 55.206190954351555 298.5804729763894 5400.0 5400.0 2015.5 1 14 {-999.0 -999.0 -999.0 -999.0 -999.0} "" -999.0 -999.0 -999.0 -999.0 27021603139611297 811720543 "" ops_sky_boss_good ops_sky sky_boss 0 0 0.0 0.0 -999 ""
FIBERMAP 1366 R+3C11 METROLOGY 0 0 0 1 0 0 -25.83057874171105 77.15426644588374 143.1 -64.96448441598999 -48.980260768301775 129.83041 41.361626 -999.0 -999.0 -999.0 -999.0 -999.0 198.8986594359157 -9.038452145339082 198.9132742819894 -9.18509902758371 55.20829779781206 298.5818214167841 -999.0 6231.0 -999.0 -1 -999 {-999.0 -999.0 -999.0 -999.0 -999.0} "" -999.0 -999.0 -999.0 -999.0 -999 -999 "" "" "" "" 0 0 0.0 0.0 -999 ""
FIBERMAP 1367 R-10C9 APOGEE 0 0 0 1 0 0 14.181472876423772 -192.73401092734736 143.1 178.2610771988604 74.61502340494552 14.81603 108.24608 -999.0 -999.0 -999.0 -999.0 -999.0 199.64522412574254 -8.664006303439768 199.6596203706207 -8.809974724606601 55.539549299776354 299.9156554912036 -999.0 16600.0 -999.0 2 -999 {-999.0 -999.0 -999.0 -999.0 -999.0} "" -999.0 -999.0 -999.0 -999.0 -999 -999 "" "" "" "" 0 0 0.0 0.0 -999 ""
FIBERMAP 1367 R-10C9 BOSS 1 1 0 1 0 0 14.590068560503338 -193.36408889185478 143.1 178.72887986554997 75.20244364010574 14.81603 108.24608 199.64659368760238 -8.662091604918537 -999.0 -999.0 -999.0 199.64658854133447 -8.662111924984995 199.66109767701664 -8.808173779376219 55.53951345851072 299.91975216737313 5400.0 5400.0 2016.0 1 404 {-999.0 20.883253 20.323109 20.131084 -999.0} sdss_psfmag_gaia 16.77162 20.361963 15.812263 -999.0 63050395165382202 1115905612 dark_1x1 openfibertargets_bhm_racsradio_boss open_fiber science 0 0 0.0 0.0 -999 ""
FIBERMAP 1367 R-10C9 METROLOGY 0 0 0 1 0 0 13.845330039773522 -193.4022221291128 143.1 179.0013950883511 74.50834068887694 14.81603 108.24608 -999.0 -999.0 -999.0 -999.0 -999.0 199.64748270515202 -8.664231414847116 199.6619614494308 -8.810265377665784 55.54151023756312 299.9178849194574 -999.0 6231.0 -999.0 -1 -999 {-999.0 -999.0 -999.0 -999.0 -999.0} "" -999.0 -999.0 -999.0 -999.0 -999 -999 "" "" "" "" 0 0 0.0 0.0 -999 ""
FIBERMAP 1371 R-4C4 APOGEE 0 0 0 1 0 0 -191.9729907161726 -70.20172731777258 143.1 127.49522337075548 -159.76048282926843 160.43398 104.3793 -999.0 -999.0 -999.0 -999.0 -999.0 199.48969700186802 -9.374157398793775 199.50464808133336 -9.520159839743203 55.87270358438087 298.7698367205419 -999.0 16600.0 -999.0 2 -999 {-999.0 -999.0 -999.0 -999.0 -999.0} "" -999.0 -999.0 -999.0 -999.0 -999 -999 "" "" "" "" 0 0 0.0 0.0 -999 ""
FIBERMAP 1371 R-4C4 BOSS 1 1 0 1 0 0 -191.9177851986769 -69.43476559038692 143.1 126.75042446877373 -159.9515416186303 160.43398 104.3793 199.4870704828134 -9.374642835884526 -44.36585 -23.025087 1.5495805 199.4873323082508 -9.374690453594477 199.50239772804616 -9.52078635604011 55.871372768815256 298.7664798497949 5400.0 5400.0 2016.0 1 493 {-999.0 14.256435 13.868416 13.731218 -999.0} sdss_psfmag_from_g3xp 14.18919 13.877874 13.395517 12.485 63050395165378907 1135976739 dark_flexible_3x1 mwm_halo_local_high_boss_triple mwm_halo science 0 0 1.4092458486557007 0.0 -999 ""
FIBERMAP 1371 R-4C4 METROLOGY 0 0 0 1 0 0 -191.3062110328084 -69.86275376327484 143.1 126.96217506657918 -159.23578169069287 160.43398 104.3793 -999.0 -999.0 -999.0 -999.0 -999.0 199.48803698111686 -9.37257567958561 199.50306836902246 -9.518645364352254 55.87053976185381 298.7701875561941 -999.0 6231.0 -999.0 -1 -999 {-999.0 -999.0 -999.0 -999.0 -999.0} "" -999.0 -999.0 -999.0 -999.0 -999 -999 "" "" "" "" 0 0 0.0 0.0 -999 ""
FIBERMAP 1375 R+7C1 APOGEE 0 0 0 1 0 0 -199.6408514733917 141.51483170618596 143.1 -70.83343193478615 -234.22333767410805 30.004599 108.4847 -999.0 -999.0 -999.0 -999.0 -999.0 198.88063094205128 -9.598588705942339 198.89560815201594 -9.74510030889707 55.54412971274094 297.7925132901469 -999.0 16600.0 -999.0 2 49 {-999.0 -999.0 -999.0 -999.0 -999.0} "" -999.0 -999.0 -999.0 -999.0 -999 -999 "" ops_sky_apogee_best_unassigned ops_sky sky_apogee 0 0 0.0 0.0 -999 ""
FIBERMAP 1375 R+7C1 BOSS 1 1 0 1 0 0 -199.07229482140184 141.02465677296212 143.1 -70.549059852533 -233.5286335078232 30.004599 108.4847 198.88137817382812 -9.596432677091755 -999.0 -999.0 -999.0 198.88137806734963 -9.596434329439012 198.89647086316927 -9.743036727892472 55.54351849923038 297.7963073089344 5400.0 5400.0 2015.5 1 36 {-999.0 -999.0 -999.0 -999.0 -999.0} "" -999.0 -999.0 -999.0 -999.0 27021603139607739 811719890 "" ops_sky_boss_good ops_sky sky_boss 0 0 0.0 0.0 -999 ""
FIBERMAP 1375 R+7C1 METROLOGY 0 0 0 1 0 0 -199.78049409223422 140.77936197980273 143.1 -70.09169810871252 -234.12234164875517 30.004599 108.4847 -999.0 -999.0 -999.0 -999.0 -999.0 198.88280312215576 -9.598289708217276 198.89786459403092 -9.74486474516581 55.545729332769554 297.795275604572 -999.0 6231.0 -999.0 -1 -999 {-999.0 -999.0 -999.0 -999.0 -999.0} "" -999.0 -999.0 -999.0 -999.0 -999 -999 "" "" "" "" 0 0 0.0 0.0 -999 ""
FIBERMAP 1377 R-3C22 APOGEE 1 1 0 1 0 0 221.29226113345695 -59.404664632682696 143.1 -13.89972155987137 228.69547310079378 302.151 156.53133 199.05666662825755 -8.1975618014691 3.1053598 -5.8326454 0.7519213 199.05665388785016 -8.197584006127483 199.07054432958012 -8.34415258245801 54.79389788153737 299.886132841585 16000.0 16600.0 2016.0 2 202 {-999.0 13.240617 12.4164095 12.110119 -999.0} sdss_psfmag_from_g3xp 12.998773 12.452187 11.757469 10.309 63050395165390137 1105754503 bright_1x1 mwm_tess_rgb_apogee mwm_tessrgb science 0 0 0.0 0.0 -999 ""
FIBERMAP 1377 R-3C22 BOSS 0 0 0 1 0 0 221.39658601945519 -60.12391795140866 143.1 -13.250792195544022 229.02266701579182 302.151 156.53133 -999.0 -999.0 -999.0 -999.0 -999.0 199.05852094146627 -8.196466855349621 199.07252798060767 -8.34313111307562 54.79474555757609 299.8896778367638 -999.0 5400.0 -999.0 1 285 {-999.0 -999.0 -999.0 -999.0 -999.0} "" -999.0 -999.0 -999.0 -999.0 -999 -999 "" "" "" "" 0 0 0.0 0.0 -999 ""
FIBERMAP 1377 R-3C22 METROLOGY 0 0 0 1 0 0 220.71674348438327 -59.86950906697205 143.1 -13.276278543503972 228.29725922258933 302.151 156.53133 -999.0 -999.0 -999.0 -999.0 -999.0 199.0584712189858 -8.198640098940928 199.0724468004446 -8.345276523179514 54.796062425194506 299.8867366104304 -999.0 6231.0 -999.0 -1 -999 {-999.0 -999.0 -999.0 -999.0 -999.0} "" -999.0 -999.0 -999.0 -999.0 -999 -999 "" "" "" "" 0 0 0.0 0.0 -999 ""
FIBERMAP 1379 R-4C9 APOGEE 1 1 0 1 0 0 -60.42956074078679 -89.62249936733427 143.1 104.1636763920037 -28.859712040973267 303.85104 112.33716 199.41871025781558 -8.97765303272473 -42.364655 -29.261478 2.294726 199.41859363070142 -8.977755681121213 199.4331983102527 -9.123881779708048 55.56765131471646 299.23604897656315 16000.0 16600.0 2016.0 2 292 {-999.0 12.423019 11.998853 11.859387 -999.0} sdss_psfmag_from_g3xp 12.344973 12.017446 11.523177 10.622 63050395165380986 974990698 "" ops_std_apogee ops_std standard_apogee 0 0 0.0 0.0 -999 ""
FIBERMAP 1379 R-4C9 BOSS 0 0 0 1 0 0 -60.88679489120823 -90.20830327065003 143.1 104.86428112352786 -29.107374023397405 303.85104 112.33716 -999.0 -999.0 -999.0 -999.0 -999.0 199.42068582649264 -8.978428918525145 199.43540656836296 -9.124646269759523 55.56982152442254 299.23745099649494 -999.0 5400.0 -999.0 1 480 {-999.0 -999.0 -999.0 -999.0 -999.0} "" -999.0 -999.0 -999.0 -999.0 -999 -999 "" "" "" "" 0 0 0.0 0.0 -999 ""
FIBERMAP 1379 R-4C9 METROLOGY 0 0 0 1 0 0 -61.163209426032964 -89.50041814783106 143.1 104.28074723864964 -29.59414564884196 303.85104 112.33716 -999.0 -999.0 -999.0 -999.0 -999.0 199.41893744271488 -8.979936297690648 199.4336264287989 -9.126128570024017 55.56940371962183 299.2334521979845 -999.0 6231.0 -999.0 -1 -999 {-999.0 -999.0 -999.0 -999.0 -999.0} "" -999.0 -999.0 -999.0 -999.0 -999 -999 "" "" "" "" 0 0 0.0 0.0 -999 ""
FIBERMAP 1385 R-13C3 APOGEE 0 0 0 1 0 0 -80.9701103467389 -255.8959904017375 143.1 268.352927307514 4.432152154705407 43.213745 52.87618 -999.0 -999.0 -999.0 -999.0 -999.0 199.92000383995642 -8.876448653837116 199.93464127791503 -9.02213337993749 55.88407518912254 299.93610729487443 -999.0 16600.0 -999.0 2 156 {-999.0 -999.0 -999.0 -999.0 -999.0} "" -999.0 -999.0 -999.0 -999.0 -999 -999 "" ops_sky_apogee_best_unassigned ops_sky sky_apogee 0 0 0.0 0.0 -999 ""
FIBERMAP 1385 R-13C3 BOSS 1 1 0 1 0 0 -80.87993594110415 -256.6552992744246 143.1 269.0443306077098 4.758640035802185 43.213745 52.87618 199.92201264342108 -8.87535775894777 -1.2948217 0.19253486 -0.13250794 199.92198275513024 -8.875365785256811 199.9367325424646 -9.021141975251673 55.88502415968639 299.93982519775295 5400.0 5400.0 2016.0 1 437 {-999.0 20.659916 20.449713 20.360895 20.295975} sdss_psfmag_from_lsdr10 20.403858 20.411425 19.932766 -999.0 63050395165380400 1131650977 dark_flexible_3x1 bhm_spiders_agn_lsdr10_d3 bhm_spiders science 0 0 0.0 0.0 -999 ""
FIBERMAP 1385 R-13C3 METROLOGY 0 0 0 1 0 0 -81.5752053114146 -256.33949036655406 143.1 268.9655170821112 3.999117295797694 43.213745 52.87618 -999.0 -999.0 -999.0 -999.0 -999.0 199.92183103083002 -8.877688398464937 199.93655078446318 -9.02343798036028 55.88635885063506 299.9364787829164 -999.0 6231.0 -999.0 -1 -999 {-999.0 -999.0 -999.0 -999.0 -999.0} "" -999.0 -999.0 -999.0 -999.0 -999 -999 "" "" "" "" 0 0 0.0 0.0 -999 ""
FIBERMAP 1386 R-3C2 APOGEE 0 0 0 1 0 0 -220.25641259384992 -73.71562772111768 143.1 139.8035213243389 -185.46530399545867 24.35935 28.657742 -999.0 -999.0 -999.0 -999.0 -999.0 199.52721341867365 -9.451618205341353 199.5422387713469 -9.597575169948783 55.950205259234096 298.7040210848848 -999.0 16600.0 -999.0 2 -999 {-999.0 -999.0 -999.0 -999.0 -999.0} "" -999.0 -999.0 -999.0 -999.0 -999 -999 "" "" "" "" 0 0 0.0 0.0 -999 ""
FIBERMAP 1386 R-3C2 BOSS 1 1 0 1 0 0 -220.69825355569574 -74.30942792002239 143.1 140.50682333501143 -185.69583148899542 24.35935 28.657742 199.52931616280625 -9.452287175463388 -999.0 -999.0 -999.0 199.52927150681464 -9.452241961855993 199.54441218244085 -9.598287986237642 55.95232022123894 298.7054358264019 5400.0 5400.0 2016.0 1 514 {-999.0 22.195692 22.001223 21.784136 21.58495} sdss_psfmag_from_lsdr10 1e+20 1e+20 1e+20 -999.0 63050397630079301 1131646952 dark_flexible_3x1 bhm_spiders_agn_lsdr10_d3 bhm_spiders science 0 0 0.0 0.0 -999 ""
FIBERMAP 1386 R-3C2 METROLOGY 0 0 0 1 0 0 -220.99781539518185 -73.61653128842062 143.1 139.94484860316592 -186.1997959148608 24.35935 28.657742 -999.0 -999.0 -999.0 -999.0 -999.0 199.52760198832613 -9.453823190009057 199.5427111760921 -9.599844692763314 55.951993687580796 298.7013905683384 -999.0 6231.0 -999.0 -1 -999 {-999.0 -999.0 -999.0 -999.0 -999.0} "" -999.0 -999.0 -999.0 -999.0 -999 -999 "" "" "" "" 0 0 0.0 0.0 -999 ""
FIBERMAP 1389 R+2C3 APOGEE 0 0 0 1 0 0 -245.34912012826828 39.41434685723775 143.1 40.49056473727363 -245.16335479826463 242.31342 37.15261 -999.0 -999.0 -999.0 -999.0 -999.0 199.22228099559038 -9.631961201368842 199.2373759954504 -9.778165298232025 55.82866132077864 298.117596896769 -999.0 16600.0 -999.0 2 37 {-999.0 -999.0 -999.0 -999.0 -999.0} "" -999.0 -999.0 -999.0 -999.0 -999 -999 "" ops_sky_apogee_best_unassigned ops_sky sky_apogee 0 0 0.0 0.0 -999 ""
FIBERMAP 1389 R+2C3 BOSS 1 1 0 1 0 0 -245.50060100573 40.12615546675441 143.1 39.86366061719122 -245.53290211548443 242.31342 37.15261 199.22024974570107 -9.63298797126103 -12.556993 -3.8600645 0.1787808 199.2202430468744 -9.633000600933732 199.23545393256325 -9.779296935215763 55.82788322783842 298.11392095317177 5400.0 5400.0 2016.0 1 61 {-999.0 18.109379 17.781483 17.729921 -999.0} sdss_psfmag_ps1 18.070389 17.79332 17.363976 16.505 63050395165367156 976172135 "" ops_std_boss ops_std standard_boss 0 0 0.0 0.0 -999 ""
FIBERMAP 1389 R+2C3 METROLOGY 0 0 0 1 0 0 -244.7831144919311 39.890308548541604 143.1 39.85959847337232 -244.7776890182738 242.31342 37.15261 -999.0 -999.0 -999.0 -999.0 -999.0 199.22027416167816 -9.6308005263969 199.23545049266545 -9.777071499391875 55.82649536771128 298.1170181392049 -999.0 6231.0 -999.0 -1 -999 {-999.0 -999.0 -999.0 -999.0 -999.0} "" -999.0 -999.0 -999.0 -999.0 -999 -999 "" "" "" "" 0 0 0.0 0.0 -999 ""
FIBERMAP 1390 R+5C10 APOGEE 0 0 0 1 0 0 -37.35285355890533 108.12924463818138 143.1 -90.68000919551842 -69.73678322672998 97.49771 128.2613 -999.0 -999.0 -999.0 -999.0 -999.0 198.8197448864912 -9.101296727581227 198.83430709566744 -9.247936362509327 55.187040689601645 298.4103982487528 -999.0 16600.0 -999.0 2 138 {-999.0 -999.0 -999.0 -999.0 -999.0} "" -999.0 -999.0 -999.0 -999.0 -999 -999 "" ops_sky_apogee_best_unassigned ops_sky sky_apogee 0 0 0.0 0.0 -999 ""
FIBERMAP 1390 R+5C10 BOSS 1 1 0 1 0 0 -36.845565687627364 108.67282627465144 143.1 -91.35646164590257 -69.428257411035 97.49771 128.2613 198.81735483706274 -9.100317768131886 -23.122124 2.3634348 0.5058799 198.8175021777914 -9.100299141167902 198.83218073602393 -9.247034297892265 55.184839878326265 298.4093259280894 5400.0 5400.0 2016.0 1 134 {-999.0 16.2092 15.858282 15.747433 -999.0} sdss_psfmag_ps1 16.144144 15.852585 15.401988 14.652 63050395165375524 1136360003 dark_flexible_3x1 mwm_halo_local_high_boss_triple mwm_halo science 0 0 0.8249139189720154 0.0 -999 ""
FIBERMAP 1390 R+5C10 METROLOGY 0 0 0 1 0 0 -36.62797691246807 107.93902172434827 143.1 -90.7296801019658 -68.98904189702316 97.49771 128.2613 -999.0 -999.0 -999.0 -999.0 -999.0 198.81945205060322 -9.09900487660621 198.83409668609386 -9.24571205178479 55.185484930210315 298.41320642220285 -999.0 6231.0 -999.0 -1 -999 {-999.0 -999.0 -999.0 -999.0 -999.0} "" -999.0 -999.0 -999.0 -999.0 -999 -999 "" "" "" "" 0 0 0.0 0.0 -999 ""
FIBERMAP 1394 R+6C7 APOGEE 0 0 0 1 0 0 -80.36206828844107 127.12270953195392 143.1 -95.04105491710544 -116.54855598925218 56.90226 109.46675 -999.0 -999.0 -999.0 -999.0 -999.0 198.80627518077685 -9.24313200234194 198.82094759649192 -9.389762070068562 55.26546839847814 298.20192333905504 -999.0 16600.0 -999.0 2 41 {-999.0 -999.0 -999.0 -999.0 -999.0} "" -999.0 -999.0 -999.0 -999.0 -999 -999 "" ops_sky_apogee_best_unassigned ops_sky sky_apogee 0 0 0.0 0.0 -999 ""
FIBERMAP 1394 R+6C7 BOSS 1 1 0 1 0 0 -79.63451239633774 126.94616334217328 143.1 -95.10454520582476 -115.80261457368731 56.90226 109.46675 198.80592323789335 -9.240837192321663 -999.0 -999.0 -999.0 198.80592093196822 -9.24083062933152 198.8207090797165 -9.38755414805315 55.263906014691614 298.2046923370296 5400.0 5400.0 2016.0 1 68 {-999.0 22.43928 21.992746 21.452106 21.027409} sdss_psfmag_from_lsdr10 1e+20 1e+20 1e+20 -999.0 63050397630536833 1131648977 dark_flexible_3x1 bhm_spiders_agn_lsdr10_d3 bhm_spiders science 0 0 0.0 0.0 -999 ""
FIBERMAP 1394 R+6C7 METROLOGY 0 0 0 1 0 0 -80.16784208504517 126.40568400651885 143.1 -94.42276974130517 -116.13681934885565 56.90226 109.46675 -999.0 -999.0 -999.0 -999.0 -999.0 198.80803606156724 -9.241888602409702 198.82279222791533 -9.38858380690557 55.26615430189074 298.20553301158367 -999.0 6231.0 -999.0 -1 -999 {-999.0 -999.0 -999.0 -999.0 -999.0} "" -999.0 -999.0 -999.0 -999.0 -999 -999 "" "" "" "" 0 0 0.0 0.0 -999 ""
FIBERMAP 1397 R-3C19 APOGEE 0 0 0 1 0 0 132.76865880616148 -62.156470570176815 143.1 16.80412622849777 145.62548274707723 200.59508 114.36479 -999.0 -999.0 -999.0 -999.0 -999.0 199.15049791119628 -8.448362098697201 199.164609699773 -8.59480875640297 55.0260012978947 299.6552706670472 -999.0 16600.0 -999.0 2 -999 {-999.0 -999.0 -999.0 -999.0 -999.0} "" -999.0 -999.0 -999.0 -999.0 -999 -999 "" "" "" "" 0 0 0.0 0.0 -999 ""
FIBERMAP 1397 R-3C19 BOSS 1 1 0 1 0 0 132.2462615588717 -61.63326862360755 143.1 16.473786529687697 144.96406799508648 200.59508 114.36479 199.14937976425696 -8.450195900051273 0.29715225 -0.038602125 -0.23030894 199.1493753142084 -8.450200781333313 199.1636049023083 -8.596744073082542 55.02647579771886 299.6515668099675 5400.0 5400.0 2016.0 1 305 {-999.0 19.228968 19.191301 19.007126 18.820303} sdss_psfmag_from_lsdr10 19.390213 19.093805 18.620249 -999.0 63050395165388492 1131655026 dark_flexible_3x1 bhm_spiders_agn_lsdr10_d3 bhm_spiders science 0 0 0.0 0.0 -999 ""
FIBERMAP 1397 R-3C19 METROLOGY 0 0 0 1 0 0 132.96462347288886 -61.4346007299767 143.1 16.057413890699006 145.5822107701542 200.59508 114.36479 -999.0 -999.0 -999.0 -999.0 -999.0 199.14813391088603 -8.448339969232979 199.16232870703027 -8.594857476539044 55.024299020198406 299.65268818761 -999.0 6231.0 -999.0 -1 -999 {-999.0 -999.0 -999.0 -999.0 -999.0} "" -999.0 -999.0 -999.0 -999.0 -999 -999 "" "" "" "" 0 0 0.0 0.0 -999 ""
FIBERMAP 1399 R+5C21 APOGEE 0 0 1 1 0 0 213.7506532192118 104.7671212612518 143.1 -167.18367624410706 169.4414551056413 10.015881 170.06453 -999.0 -999.0 -999.0 -999.0 -999.0 198.5875254838148 -8.376350290519827 198.60146221270668 -8.52330295502712 54.55135561529448 299.13514993478026 -999.0 16600.0 -999.0 2 -999 {-999.0 -999.0 -999.0 -999.0 -999.0} "" -999.0 -999.0 -999.0 -999.0 -999 -999 "" "" "" "" 0 0 0.0 0.0 -999 ""
FIBERMAP 1399 R+5C21 BOSS 1 0 1 1 0 0 214.47365332491833 104.78609002527735 143.1 -167.4311195347855 170.12102656566236 10.015881 170.06453 198.63749860759143 -8.424157465080135 4.6370325 -14.141426 0.101703666 198.58664289218572 -8.3741836331376 198.6006969227352 -8.521234330367905 54.549457103407896 299.1370758248526 5400.0 5400.0 2016.0 1 247 {-999.0 17.620726 17.323826 17.215796 17.19014} sdss_psfmag_from_gaia 17.5727 17.3291 16.8827 15.793 63050395165389250 968313391 "" ops_std_boss_gdr2 ops_std standard_boss 0 0 0.0 0.0 -999 ""
FIBERMAP 1399 R+5C21 METROLOGY 0 0 1 1 0 0 214.1247363769547 104.11938674164581 143.1 -166.68817746804322 170.0017521182399 10.015881 170.06453 -999.0 -999.0 -999.0 -999.0 -999.0 198.58891189549377 -8.374539685704631 198.60293289187837 -8.5215608856769 54.55137240538145 299.139062778475 -999.0 6231.0 -999.0 -1 -999 {-999.0 -999.0 -999.0 -999.0 -999.0} "" -999.0 -999.0 -999.0 -999.0 -999 -999 "" "" "" "" 0 0 0.0 0.0 -999 ""
FIBERMAP 1401 R-2C6 APOGEE 0 0 0 1 0 0 -146.8841951949458 -37.356221369642356 143.1 82.03949832224667 -127.4286791895433 340.45676 141.6355 -999.0 -999.0 -999.0 -999.0 -999.0 199.35041346997514 -9.276635006815546 199.3652484840244 -9.42277746601355 55.70456088772675 298.7505655350696 -999.0 16600.0 -999.0 2 -999 {-999.0 -999.0 -999.0 -999.0 -999.0} "" -999.0 -999.0 -999.0 -999.0 -999 -999 "" "" "" "" 0 0 0.0 0.0 -999 ""
FIBERMAP 1401 R-2C6 BOSS 1 1 0 1 0 0 -146.47104427964223 -37.97615459893462 143.1 82.49623547271221 -126.84015901314004 340.45676 141.6355 199.35171946345633 -9.27482249556929 -999.0 -999.0 -999.0 199.35173975065828 -9.27481528243289 199.36668875627356 -9.421048827141966 55.70457723387842 298.7545366582623 5400.0 5400.0 2016.0 1 470 {-999.0 23.610409 22.287712 21.698092 21.259392} sdss_fiber2mag_from_lsdr10 1e+20 1e+20 1e+20 -999.0 63050398344990175 1131648986 dark_flexible_3x1 bhm_spiders_agn_lsdr10_d3 bhm_spiders science 0 0 0.0 0.0 -999 ""
FIBERMAP 1401 R-2C6 METROLOGY 0 0 0 1 0 0 -147.22306182538838 -38.02305539964425 143.1 82.77937473672664 -127.5383818362934 340.45676 141.6355 -999.0 -999.0 -999.0 -999.0 -999.0 199.35264849807714 -9.276968785913047 199.3675668699617 -9.423175111522427 55.70658857044537 298.7525714958478 -999.0 6231.0 -999.0 -1 -999 {-999.0 -999.0 -999.0 -999.0 -999.0} "" -999.0 -999.0 -999.0 -999.0 -999 -999 "" "" "" "" 0 0 0.0 0.0 -999 ""
