#%yanny
#
# confSummaryF-10022197.par
#
# Created by pydl.pydlutils.yanny.yanny
#
# 2026-05-31 05:43:04 UTC
#
configuration_id 10022197
robostrategy_run iota-1
fps_calibrations_version 2025.12.04+ccda1c9
jaeger_version 1.11.1
coordio_version 1.18.1
kaiju_version 1.4.1
design_id 745385
field_id 110535
focal_scale 0.9999899
instruments BOSS APOGEE
epoch 2461191.7417104673
obstime Sun May 31 05:43:04 2026
MJD 61191
observatory LCO
temperature 14.92324594866787
raCen 309.932164611197
decCen -21.050676026542
pa 265.6311
is_dithered 0
parent_configuration -999
dither_radius -999.0
cloned_from -999
rotator_angle 184.44
fvc_centroid_method flex
fvc_rms 0.01339
fvc_90_perc 0.0085
fvc_percent_reached 68.2
fvc_image_path /data/fcam/61191/proc-fimg-fvc1s-0038.fits

typedef enum {
    BOSS,
    APOGEE,
    METROLOGY,
    NONE
} FIBERTYPE;

typedef struct {
    short positionerId;
    char holeId[28];
    FIBERTYPE fiberType;
    short assigned;
    short on_target;
    short disabled;
    short valid;
    short decollided;
    short too;
    double xwok;
    double ywok;
    double zwok;
    double xFocal;
    double yFocal;
    float alpha;
    float beta;
    double racat;
    double deccat;
    float pmra;
    float pmdec;
    float parallax;
    double ra;
    double dec;
    double ra_observed;
    double dec_observed;
    double alt_observed;
    double az_observed;
    float lambda_design;
    float lambda_eff;
    float coord_epoch;
    short spectrographId;
    short fiberId;
    float mag[5];
    char optical_prov[120];
    float bp_mag;
    float gaia_g_mag;
    float rp_mag;
    float h_mag;
    long catalogid;
    long carton_to_target_pk;
    char cadence[400];
    char firstcarton[400];
    char program[400];
    char category[400];
    long sdssv_boss_target0;
    long sdssv_apogee_target0;
    double delta_ra;
    double delta_dec;
    long too_id;
    char too_program[80];
} FIBERMAP;

FIBERMAP 4 R+1C12 APOGEE 0 0 0 1 0 0 -28.619523238720625 32.70614929699053 143.1 -30.430633126160707 -31.02753175555994 77.41857 109.3991 -999.0 -999.0 -999.0 -999.0 -999.0 309.8327046044523 -21.14474152448102 309.8693255478262 -21.054073889039444 48.45002192588337 89.62915581151071 -999.0 16600.0 -999.0 2 -999 {-999.0 -999.0 -999.0 -999.0 -999.0} "" -999.0 -999.0 -999.0 -999.0 -999 -999 "" "" "" "" 0 0 0.0 0.0 -999 ""
FIBERMAP 4 R+1C12 BOSS 1 1 0 1 0 0 -27.887237332648144 32.79567275032791 143.1 -30.57567892495277 -30.30420069771383 77.41857 109.3991 309.8323696278539 -21.14244914303953 12.523163 -12.843268 2.418117 309.83240860923905 -21.14249695331892 309.8688340396078 -21.05189692067041 48.44969132992042 89.62583883447098 5400.0 5400.0 2016.0 1 22 {-999.0 20.738018 19.326103 18.002052 -999.0} sdss_psfmag_ps1 20.060965 18.69314 17.511988 15.196 63050396543874292 1096424955 bright_1x1 mwm_bin_vis_boss mwm_filler science 0 0 0.0 0.0 -999 ""
FIBERMAP 4 R+1C12 METROLOGY 0 0 0 1 0 0 -28.16833984634142 32.109549126660944 143.1 -29.8701423557404 -30.532216692935307 77.41857 109.3991 -999.0 -999.0 -999.0 -999.0 -999.0 309.83464781338984 -21.14321671739372 309.871126573349 -21.052593399466208 48.44792987219065 89.62794945966976 -999.0 6231.0 -999.0 -1 -999 {-999.0 -999.0 -999.0 -999.0 -999.0} "" -999.0 -999.0 -999.0 -999.0 -999 -999 "" "" "" "" 0 0 0.0 0.0 -999 ""
FIBERMAP 6 R+3C2 APOGEE 0 0 0 1 0 0 -251.37988487560222 70.88132779930805 143.1 -51.52527242158174 -256.04643621054294 196.29478 49.812782 -999.0 -999.0 -999.0 -999.0 -999.0 309.7623109538407 -21.82493108339727 309.8005781337356 -21.73418421402058 48.74366107402746 90.56177665736129 -999.0 16600.0 -999.0 2 -999 {-999.0 -999.0 -999.0 -999.0 -999.0} "" -999.0 -999.0 -999.0 -999.0 -999 -999 "" "" "" "" 0 0 0.0 0.0 -999 ""
FIBERMAP 6 R+3C2 BOSS 1 1 0 1 0 0 -251.09475229037503 71.53787526691521 143.1 -52.20162607251319 -255.81214887044695 196.29478 49.812782 309.7602834085874 -21.82416065762371 8.451714 -2.045345 0.17664666 309.76029828100377 -21.824160088839566 309.7983753715455 -21.73348070966568 48.74534989841233 90.55972539642124 5400.0 5400.0 2016.0 1 75 {-999.0 17.940172 17.6074 17.482162 17.443819} sdss_psfmag_from_gaia 17.8836 17.6163 17.1473 16.043 63050396543782582 974123005 "" ops_std_boss_gdr2 ops_std standard_boss 0 0 0.0 0.0 -999 ""
FIBERMAP 6 R+3C2 METROLOGY 0 0 0 1 0 0 -250.63688515005387 70.96763900733559 143.1 -51.66793148856079 -255.312177873445 196.29478 49.812782 -999.0 -999.0 -999.0 -999.0 -999.0 309.76197521356323 -21.822732087460448 309.80010116339906 -21.73203199342197 48.743351962585166 90.55847759715135 -999.0 6231.0 -999.0 -1 -999 {-999.0 -999.0 -999.0 -999.0 -999.0} "" -999.0 -999.0 -999.0 -999.0 -999 -999 "" "" "" "" 0 0 0.0 0.0 -999 ""
FIBERMAP 13 R-1C1 APOGEE 0 0 0 1 0 0 -298.55321568132246 -28.238726643907306 143.1 50.899290715562934 -295.53154463559196 261.71085 49.10585 -999.0 -999.0 -999.0 -999.0 -999.0 310.0957784601763 -21.943876022288258 310.13396286202374 -21.85245787440669 48.49193225487999 90.88778407118417 -999.0 16600.0 -999.0 2 255 {-999.0 -999.0 -999.0 -999.0 -999.0} "" -999.0 -999.0 -999.0 -999.0 -999 -999 "" "" "" "" 0 0 0.0 0.0 -999 ""
FIBERMAP 13 R-1C1 BOSS 1 1 0 1 0 0 -299.04137328274874 -27.68407362917508 143.1 50.38344137644782 -296.06053068647446 261.71085 49.10585 310.0941981292267 -21.94532071517583 26.486984 -9.195547 13.079566 310.09427694258113 -21.94534386158949 310.1322739115775 -21.853991690307623 48.493923476789064 90.88917111035187 5400.0 5400.0 2016.0 1 525 {-999.0 18.305723 16.926966 15.262339 -999.0} sdss_psfmag_ps1 17.70995 15.986345 14.733216 12.349 63050396543782860 1151086094 bright_1x1 mwm_snc_100pc_boss_single mwm_snc science 0 0 0.0 0.0 -999 ""
FIBERMAP 13 R-1C1 METROLOGY 0 0 0 1 0 0 -298.3222736778464 -27.524743744906132 143.1 50.16979718340159 -295.3556651288525 261.71085 49.10585 -999.0 -999.0 -999.0 -999.0 -999.0 310.0935449317472 -21.943319798593624 310.131592552063 -21.851951632978093 48.49383500476956 90.88595095829612 -999.0 6231.0 -999.0 -1 -999 {-999.0 -999.0 -999.0 -999.0 -999.0} "" -999.0 -999.0 -999.0 -999.0 -999 -999 "" "" "" "" 0 0 0.0 0.0 -999 ""
FIBERMAP 15 R-1C25 APOGEE 0 0 0 1 0 0 259.11280849774084 -40.004200832849875 143.1 20.14910636616133 261.4046835615043 330.70132 47.66038 -999.0 -999.0 -999.0 -999.0 -999.0 309.99881771039963 -20.260037575637746 310.03324261633816 -20.169333981004687 47.990999732739866 88.47080465549004 -999.0 16600.0 -999.0 2 -999 {-999.0 -999.0 -999.0 -999.0 -999.0} "" -999.0 -999.0 -999.0 -999.0 -999 -999 "" "" "" "" 0 0 0.0 0.0 -999 ""
FIBERMAP 15 R-1C25 BOSS 1 1 0 1 0 0 258.45230017368704 -40.25114001883561 143.1 20.445641096838308 260.7649122611019 330.70132 47.66038 309.9999617278643 -20.26188949975655 0.95784765 -0.6867844 1.2921441 309.9999639334724 -20.2618850429749 310.034200408493 -20.171248983472374 47.99086006117517 88.47395883510922 5400.0 5400.0 2016.0 1 336 {-999.0 20.145102 18.631285 17.838142 -999.0} sdss_psfmag_ps1 19.644861 18.437588 17.426456 15.572 63050396543885580 1096164826 bright_1x1 mwm_bin_vis_boss mwm_filler science 0 0 0.0 0.0 -999 ""
FIBERMAP 15 R-1C25 METROLOGY 0 0 0 1 0 0 258.555858393664 -39.50489651846352 143.1 19.693684750312197 260.8113218953963 330.70132 47.66038 -999.0 -999.0 -999.0 -999.0 -999.0 309.9974886585648 -20.261712455441295 310.0317815442244 -20.17106121967072 47.99290617287805 88.4724616930194 -999.0 6231.0 -999.0 -1 -999 {-999.0 -999.0 -999.0 -999.0 -999.0} "" -999.0 -999.0 -999.0 -999.0 -999 -999 "" "" "" "" 0 0 0.0 0.0 -999 ""
FIBERMAP 24 R+3C10 APOGEE 0 0 0 1 0 0 -46.23061979565769 73.11862432359611 143.1 -69.38371117235037 -51.66578060565641 91.103775 78.040764 -999.0 -999.0 -999.0 -999.0 -999.0 309.7056785551179 -21.207008755035496 309.74257608450966 -21.1165635901804 48.58265306406835 89.65530760277801 -999.0 16600.0 -999.0 2 -999 {-999.0 -999.0 -999.0 -999.0 -999.0} "" -999.0 -999.0 -999.0 -999.0 -999 -999 "" "" "" "" 0 0 0.0 0.0 -999 ""
FIBERMAP 24 R+3C10 BOSS 1 1 0 1 0 0 -45.501014414346045 72.9676068498164 143.1 -69.28871322418499 -50.92679855844899 91.103775 78.040764 309.70613349512877 -21.20475070378017 -0.33166385 -0.21969946 0.577769 309.70614215428793 -21.20473103018014 309.74284400655415 -21.114351521859668 48.58164846928564 89.65230466430705 5400.0 5400.0 2016.0 1 24 {-999.0 19.913021 19.665356 19.78538 -999.0} sdss_psfmag_ps1 19.832277 19.66152 19.389793 -999.0 63050396543865091 1117383582 bright_1x1 openfibertargets_bhm_quaia_boss open_fiber science 0 0 0.0 0.0 -999 ""
FIBERMAP 24 R+3C10 METROLOGY 0 0 0 1 0 0 -45.98688966188756 72.41145119154959 143.1 -68.69716667411811 -51.3688907827655 91.103775 78.040764 -999.0 -999.0 -999.0 -999.0 -999.0 309.7080028903071 -21.206103335129008 309.7447597767962 -21.115701190396518 48.58044319147741 89.65515782399888 -999.0 6231.0 -999.0 -1 -999 {-999.0 -999.0 -999.0 -999.0 -999.0} "" -999.0 -999.0 -999.0 -999.0 -999 -999 "" "" "" "" 0 0 0.0 0.0 -999 ""
FIBERMAP 27 R-2C1 APOGEE 1 1 0 1 0 0 -273.3479587699762 -50.690072137154644 143.1 71.3651099609171 -268.68950451332375 247.04819 120.31553 310.1626771883447 -21.86342539525316 4.064182 -3.6633966 0.940284 310.16268005376156 -21.863430255518132 310.2006063324453 -21.771910544852965 48.406585858346574 90.80476674426956 16000.0 16600.0 2016.0 2 256 {-999.0 11.10701 10.329327 10.046376 -999.0} sdss_psfmag_from_g3xp 10.883994 10.367953 9.696397 8.365 63050396543783102 1107380776 bright_1x1 mwm_tess_rgb_apogee mwm_tessrgb science 0 0 0.0 0.0 -999 ""
FIBERMAP 27 R-2C1 BOSS 0 0 0 1 0 0 -274.08432735535564 -50.81458641642977 143.1 71.54535556507714 -269.41424084821836 247.04819 120.31553 -999.0 -999.0 -999.0 -999.0 -999.0 310.1634482423518 -21.865520572609054 310.2011856898214 -21.77406280619211 48.40680419645212 90.80809243179772 -999.0 5400.0 -999.0 1 526 {-999.0 -999.0 -999.0 -999.0 -999.0} "" -999.0 -999.0 -999.0 -999.0 -999 -999 "" "" "" "" 0 0 0.0 0.0 -999 ""
FIBERMAP 27 R-2C1 METROLOGY 0 0 0 1 0 0 -273.81877695932826 -50.11094985960739 143.1 70.82354184175466 -269.20306570703093 247.04819 120.31553 -999.0 -999.0 -999.0 -999.0 -999.0 310.1610602973562 -21.864963104114302 310.1988536907495 -21.77349187985057 48.408650999241715 90.80618384742252 -999.0 6231.0 -999.0 -1 -999 {-999.0 -999.0 -999.0 -999.0 -999.0} "" -999.0 -999.0 -999.0 -999.0 -999 -999 "" "" "" "" 0 0 0.0 0.0 -999 ""
FIBERMAP 34 R-11C16 APOGEE 0 0 0 1 0 0 175.72683000938463 -200.60726068287175 143.1 186.63597405109925 190.49611106951937 72.31926 103.373375 -999.0 -999.0 -999.0 -999.0 -999.0 310.53601193994956 -20.47460579654251 310.5703684748331 -20.382820406209273 47.59876739484456 89.03878602756964 -999.0 16600.0 -999.0 2 235 {-999.0 -999.0 -999.0 -999.0 -999.0} "" -999.0 -999.0 -999.0 -999.0 -999 -999 "" "" "" "" 0 0 0.0 0.0 -999 ""
FIBERMAP 34 R-11C16 BOSS 1 1 0 1 0 0 176.4807557923144 -200.66549758603693 143.1 186.6366093038723 191.25227485422292 72.31926 103.373375 310.5361678825968 -20.47227512491645 3.924563 2.6345165 2.069664 310.5361930339056 -20.472260130738736 310.5703493964264 -20.380545681310473 47.59796403022618 89.03562995334732 5400.0 5400.0 2016.0 1 345 {-999.0 20.12648 18.712275 17.659193 -999.0} sdss_psfmag_ps1 19.57517 18.295887 17.196323 15.048 63050396544008420 1096755161 bright_1x1 mwm_bin_vis_boss mwm_filler science 0 0 0.0 0.0 -999 ""
FIBERMAP 34 R-11C16 METROLOGY 0 0 0 1 0 0 176.06684079149838 -201.28053021340378 143.1 187.28137942895313 190.88641812713945 72.31926 103.373375 -999.0 -999.0 -999.0 -999.0 -999.0 310.5382555135401 -20.47335075285589 310.57246735337753 -20.381612094613953 47.596496627191364 89.03816644369886 -999.0 6231.0 -999.0 -1 -999 {-999.0 -999.0 -999.0 -999.0 -999.0} "" -999.0 -999.0 -999.0 -999.0 -999 -999 "" "" "" "" 0 0 0.0 0.0 -999 ""
FIBERMAP 38 R+13C14 APOGEE 1 1 0 1 0 0 164.6257587558975 245.4254327962843 143.1 -257.2505204431014 145.44995385744917 31.193579 54.72868 309.1024999418911 -20.60762148860696 -13.173534 5.554697 1.435695 309.1024206101051 -20.607604073780834 309.1385565062427 -20.518504008494528 48.89937034310734 88.5043156222057 16000.0 16600.0 2016.0 2 57 {-999.0 11.729115 11.121668 10.910722 -999.0} sdss_psfmag_from_g3xp 11.578605 11.158652 10.571617 9.431 63050396543892552 1104910281 bright_1x1 mwm_tess_rgb_apogee mwm_tessrgb science 0 0 0.0 0.0 -999 ""
FIBERMAP 38 R+13C14 BOSS 0 0 0 1 0 0 164.45333443553014 244.7060119774807 143.1 -256.5200625516074 145.3328356513338 31.193579 54.72868 -999.0 -999.0 -999.0 -999.0 -999.0 309.10498304136684 -20.607917954083184 309.14093075757626 -20.51887992856971 48.897429693863096 88.50606309427963 -999.0 5400.0 -999.0 1 95 {-999.0 -999.0 -999.0 -999.0 -999.0} "" -999.0 -999.0 -999.0 -999.0 -999 -999 "" "" "" "" 0 0 0.0 0.0 -999 ""
FIBERMAP 38 R+13C14 METROLOGY 0 0 0 1 0 0 163.90753727744465 245.23148951498598 143.1 -257.0024306726271 144.74860061228577 31.193579 54.72868 -999.0 -999.0 -999.0 -999.0 -999.0 309.10330495226555 -20.60966273676497 309.1393112076954 -20.5206083794042 48.89946566712644 88.50768938676816 -999.0 6231.0 -999.0 -1 -999 {-999.0 -999.0 -999.0 -999.0 -999.0} "" -999.0 -999.0 -999.0 -999.0 -999 -999 "" "" "" "" 0 0 0.0 0.0 -999 ""
FIBERMAP 41 R+10C10 APOGEE 0 0 0 1 0 0 33.141926434864 206.33549005521067 143.1 -208.2585065886099 17.327261557893028 71.72754 91.78771 -999.0 -999.0 -999.0 -999.0 -999.0 309.2562434733795 -20.99560716260738 309.293119530847 -20.90608909788952 48.90198798609727 89.13358988537976 -999.0 16600.0 -999.0 2 -999 {-999.0 -999.0 -999.0 -999.0 -999.0} "" -999.0 -999.0 -999.0 -999.0 -999 -999 "" "" "" "" 0 0 0.0 0.0 -999 ""
FIBERMAP 41 R+10C10 BOSS 1 1 0 1 0 0 33.85001022917079 206.1220783212942 143.1 -208.09965685988482 18.04953778188417 71.72754 91.78771 309.2569221541713 -20.993328390826587 -4.121396 -5.2622795 0.261917 309.2569059014013 -20.99335172580088 309.2935887810303 -20.90389889280908 48.90080671615807 89.13070603096656 5400.0 5400.0 2016.0 1 127 {-999.0 17.416906 16.938604 16.79542 -999.0} sdss_psfmag_ps1 17.26502 16.920864 16.420103 15.442 63050396543871493 944753782 bright_1x1 openfibertargets_nov2020_6c open_fiber science 0 0 0.0 0.0 -999 ""
FIBERMAP 41 R+10C10 METROLOGY 0 0 0 1 0 0 33.32730362311901 205.61082908974421 143.1 -207.55008009313696 17.567300753653154 71.72754 91.78771 -999.0 -999.0 -999.0 -999.0 -999.0 309.2585838448374 -20.994838159884583 309.2953215003274 -20.905362986423505 48.89980703200787 89.13365744414796 -999.0 6231.0 -999.0 -1 -999 {-999.0 -999.0 -999.0 -999.0 -999.0} "" -999.0 -999.0 -999.0 -999.0 -999 -999 "" "" "" "" 0 0 0.0 0.0 -999 ""
FIBERMAP 47 R-6C12 APOGEE 0 0 0 1 0 0 6.917245828775446 -123.8291667565614 143.1 122.94116751596754 16.33001697308141 234.43463 84.84186 -999.0 -999.0 -999.0 -999.0 -999.0 310.3318314336708 -21.001458844907873 310.3675991065692 -20.909890716380783 47.963764078728936 89.67119624777979 -999.0 16600.0 -999.0 2 -999 {-999.0 -999.0 -999.0 -999.0 -999.0} "" -999.0 -999.0 -999.0 -999.0 -999 -999 "" "" "" "" 0 0 0.0 0.0 -999 ""
FIBERMAP 47 R-6C12 BOSS 1 1 0 1 0 0 6.339082184464498 -123.38513637435588 143.1 122.54247464823982 15.719714226740768 234.43463 84.84186 310.33080816700823 -21.003133488906528 -2.167819 -37.87145 0.89635485 310.3307993746933 -21.00323556832148 310.36637862994326 -20.911736744640198 47.96548053138558 89.67317833667107 5400.0 5400.0 2016.0 1 391 {-999.0 17.133493 16.443823 16.222765 -999.0} sdss_psfmag_ps1 16.911211 16.470554 15.866702 14.665 63050396543873723 1072895557 bright_1x1 mwm_halo_local_high_boss_single mwm_halo science 0 0 0.0 0.0 -999 ""
FIBERMAP 47 R-6C12 METROLOGY 0 0 0 1 0 0 7.049744406932302 -123.09299942260634 143.1 122.19705336443974 16.406050153241566 234.43463 84.84186 -999.0 -999.0 -999.0 -999.0 -999.0 310.3296355121818 -21.001170109844026 310.36526614128036 -20.909654890527097 47.96572125136032 89.6697219221453 -999.0 6231.0 -999.0 -1 -999 {-999.0 -999.0 -999.0 -999.0 -999.0} "" -999.0 -999.0 -999.0 -999.0 -999 -999 "" "" "" "" 0 0 0.0 0.0 -999 ""
FIBERMAP 48 R-6C4 APOGEE 0 0 0 1 0 0 -171.65773309937367 -119.25293965150642 143.1 131.9815989423139 -162.07287250826792 204.69984 102.58994 -999.0 -999.0 -999.0 -999.0 -999.0 310.3608319767991 -21.54202215692867 310.3978053855585 -21.45022889750288 48.1248878408055 90.443798822872 -999.0 16600.0 -999.0 2 -999 {-999.0 -999.0 -999.0 -999.0 -999.0} "" -999.0 -999.0 -999.0 -999.0 -999 -999 "" "" "" "" 0 0 0.0 0.0 -999 ""
FIBERMAP 48 R-6C4 BOSS 1 1 0 1 0 0 -172.09160960799008 -118.66451437107277 143.1 131.42794083791574 -162.55030841193457 204.69984 102.58994 310.35924663542636 -21.543466132480663 -0.849992 2.8642328 0.52211934 310.35925751885867 -21.543443354043994 310.3960420008058 -21.45171838293323 48.12693990796625 90.4450533677832 5400.0 5400.0 2016.0 1 491 {-999.0 17.399458 16.843174 16.705563 -999.0} sdss_psfmag_ps1 17.258425 16.8885 16.334812 15.332 63050396543792988 944753557 bright_1x1 openfibertargets_nov2020_6c open_fiber science 0 0 0.0 0.0 -999 ""
FIBERMAP 48 R-6C4 METROLOGY 0 0 0 1 0 0 -171.37641052272014 -118.55986258172189 143.1 131.26911243825094 -161.845166784762 204.69984 102.58994 -999.0 -999.0 -999.0 -999.0 -999.0 310.35871151593057 -21.541357547914792 310.3955467446543 -21.44961563071423 48.12665290963908 90.44185709006666 -999.0 6231.0 -999.0 -1 -999 {-999.0 -999.0 -999.0 -999.0 -999.0} "" -999.0 -999.0 -999.0 -999.0 -999 -999 "" "" "" "" 0 0 0.0 0.0 -999 ""
FIBERMAP 50 R-4C21 APOGEE 0 0 0 1 0 0 187.1815014689746 -64.05541230752277 143.1 49.60970353812941 191.51526578502623 186.73378 55.42154 -999.0 -999.0 -999.0 -999.0 -999.0 310.0938485906786 -20.470572613063545 310.1286548424283 -20.37962219527633 47.98381771461023 88.81210383686363 -999.0 16600.0 -999.0 2 225 {-999.0 -999.0 -999.0 -999.0 -999.0} "" -999.0 -999.0 -999.0 -999.0 -999 -999 "" "" "" "" 0 0 0.0 0.0 -999 ""
FIBERMAP 50 R-4C21 BOSS 1 1 0 1 0 0 187.49413894496863 -63.402707186788604 143.1 48.93508578903564 191.7772705151611 186.73378 55.42154 310.0918579101562 -20.469645738937828 -999.0 -999.0 -999.0 310.09187409252206 -20.46965396706222 310.1264882565323 -20.378777203447235 47.9854071461085 88.80983183761737 5400.0 5400.0 2015.5 1 323 {-999.0 -999.0 -999.0 -999.0 -999.0} "" -999.0 -999.0 -999.0 -999.0 27021603186176816 815794670 "" ops_sky_boss_good ops_sky sky_boss 0 0 0.0 0.0 -999 ""
FIBERMAP 50 R-4C21 METROLOGY 0 0 0 1 0 0 187.92459301456051 -64.01576849362247 143.1 49.513568796864014 192.2531706588381 186.73378 55.42154 -999.0 -999.0 -999.0 -999.0 -999.0 310.09369799343744 -20.46821486208098 310.12836141115315 -20.377315377821137 47.98324211515083 88.80874125767463 -999.0 6231.0 -999.0 -1 -999 {-999.0 -999.0 -999.0 -999.0 -999.0} "" -999.0 -999.0 -999.0 -999.0 -999 -999 "" "" "" "" 0 0 0.0 0.0 -999 ""
FIBERMAP 51 R+5C4 APOGEE 0 0 0 1 0 0 -172.8756279311105 83.45537322430947 143.1 -70.04287685512011 -178.72893742314005 260.02637 107.08949 -999.0 -999.0 -999.0 -999.0 -999.0 309.7024421676312 -21.591840899974205 309.7402326487021 -21.501281188541373 48.71737370520973 90.20077370263402 -999.0 16600.0 -999.0 2 -999 {-999.0 -999.0 -999.0 -999.0 -999.0} "" -999.0 -999.0 -999.0 -999.0 -999 -999 "" "" "" "" 0 0 0.0 0.0 -999 ""
FIBERMAP 51 R+5C4 BOSS 1 1 0 1 0 0 -173.57308779847904 83.32674796154991 143.1 -69.86149620572365 -179.41456532834232 260.02637 107.08949 309.70296168009094 -21.59383829058462 -5.178137 -15.199841 0.26423323 309.7031957832036 -21.59390425476903 309.74080020592976 -21.503406691654764 48.717603180551684 90.20407493339587 5400.0 5400.0 2016.0 1 38 {-999.0 13.6342945 13.008978 12.730439 -999.0} sdss_psfmag_from_g3xp 13.470546 13.01426 12.383262 11.078 63050396543862317 1076151806 bright_1x1 mwm_halo_mp_xp_boss_single mwm_halo science 0 0 0.8139064908027649 0.0 -999 ""
FIBERMAP 51 R+5C4 METROLOGY 0 0 0 1 0 0 -173.3368710097893 84.04423062569542 143.1 -70.59488111591166 -179.23369301850988 260.02637 107.08949 -999.0 -999.0 -999.0 -999.0 -999.0 309.7007430207882 -21.593389469833106 309.738402716544 -21.502878544314505 48.71951939657361 90.20216808484793 -999.0 6231.0 -999.0 -1 -999 {-999.0 -999.0 -999.0 -999.0 -999.0} "" -999.0 -999.0 -999.0 -999.0 -999 -999 "" "" "" "" 0 0 0.0 0.0 -999 ""
FIBERMAP 60 R-3C7 APOGEE 0 0 0 1 0 0 -113.93490940978668 -42.85010107139472 143.1 51.40438305601715 -110.3385011627083 93.23842 78.15026 -999.0 -999.0 -999.0 -999.0 -999.0 310.0988151265844 -21.3858170831289 310.1357096280408 -21.294568267848987 48.300571042784846 90.0985231737676 -999.0 16600.0 -999.0 2 290 {-999.0 -999.0 -999.0 -999.0 -999.0} "" -999.0 -999.0 -999.0 -999.0 -999 -999 "" "" "" "" 0 0 0.0 0.0 -999 ""
FIBERMAP 60 R-3C7 BOSS 1 1 0 1 0 0 -113.23414747356944 -43.07684835132009 143.1 51.57708720421554 -109.62250958501609 93.23842 78.15026 310.0996065903187 -21.38363553595561 -2.717058 -4.9698114 0.14502636 310.0996030507033 -21.383638274114787 310.1362994122172 -21.292454539353084 48.299325783424756 90.0958260669222 5400.0 5400.0 2016.0 1 476 {-999.0 15.544432 14.971132 14.7208605 -999.0} sdss_psfmag_from_g3xp 15.404397 14.979382 14.379447 13.145 63050396543794747 944059954 bright_1x1 openfibertargets_nov2020_6b open_fiber science 0 0 0.0 0.0 -999 ""
FIBERMAP 60 R-3C7 METROLOGY 0 0 0 1 0 0 -113.7769616199137 -43.58024107578065 143.1 52.120362105152026 -110.12539400905477 93.23842 78.15026 -999.0 -999.0 -999.0 -999.0 -999.0 310.1013218473853 -21.38519274350839 310.138074442812 -21.293986589277644 48.298302307078565 90.09884556708471 -999.0 6231.0 -999.0 -1 -999 {-999.0 -999.0 -999.0 -999.0 -999.0} "" -999.0 -999.0 -999.0 -999.0 -999 -999 "" "" "" "" 0 0 0.0 0.0 -999 ""
FIBERMAP 73 R-11C14 APOGEE 0 0 0 1 0 0 108.50738058672476 -201.5880134693638 143.1 192.7344464839468 123.54737247832426 182.39212 67.843254 -999.0 -999.0 -999.0 -999.0 -999.0 310.55676085297875 -20.67665985060908 310.5915532354836 -20.58477131660615 47.6527033989267 89.32904283470509 -999.0 16600.0 -999.0 2 232 {-999.0 -999.0 -999.0 -999.0 -999.0} "" -999.0 -999.0 -999.0 -999.0 -999 -999 "" "" "" "" 0 0 0.0 0.0 -999 ""
FIBERMAP 73 R-11C14 BOSS 1 1 0 1 0 0 108.8619951878695 -200.96281381770726 143.1 192.08405630931352 123.85332722125544 182.39212 67.843254 310.5548980441032 -20.675633437266903 -1.2364297 -6.593373 0.40360132 310.5548889882404 -20.675643480719135 310.5894862079422 -20.583828517844363 47.65417416583147 89.32670962981138 5400.0 5400.0 2016.0 1 341 {-999.0 18.182383 17.81166 17.667437 17.614365} sdss_psfmag_from_gaia 18.1057 17.8234 17.3205 16.239 63050396543877492 974124663 "" ops_std_boss_gdr2 ops_std standard_boss 0 0 0.0 0.0 -999 ""
FIBERMAP 73 R-11C14 METROLOGY 0 0 0 1 0 0 109.2531125775856 -201.60399315331404 143.1 192.69357191095867 124.29214733230823 182.39212 67.843254 -999.0 -999.0 -999.0 -999.0 -999.0 310.55682398573225 -20.674318955622933 310.5914713754703 -20.582481024931603 47.65195704497483 89.32582648046912 -999.0 6231.0 -999.0 -1 -999 {-999.0 -999.0 -999.0 -999.0 -999.0} "" -999.0 -999.0 -999.0 -999.0 -999 -999 "" "" "" "" 0 0 0.0 0.0 -999 ""
FIBERMAP 85 R+2C11 APOGEE 0 0 0 1 0 0 -59.88803747719419 53.054007219474556 143.1 -48.33721714150785 -63.75491234584476 193.93648 46.429325 -999.0 -999.0 -999.0 -999.0 -999.0 309.77409465137663 -21.24393250124539 309.8110055548776 -21.153345291799173 48.535609212174315 89.74095965269902 -999.0 16600.0 -999.0 2 15 {-999.0 -999.0 -999.0 -999.0 -999.0} "" -999.0 -999.0 -999.0 -999.0 -999 -999 "" "" "" "" 0 0 0.0 0.0 -999 ""
FIBERMAP 85 R+2C11 BOSS 1 1 0 1 0 0 -59.54613008338988 53.693076884976925 143.1 -49.000468889923035 -63.46268433502967 193.93648 46.429325 309.7721253968508 -21.243030661591053 -3.2981534 4.1774178 1.3167524 309.7720963626167 -21.243010859355277 309.80881690667434 -21.152493548358887 48.537227091045324 89.73868206158818 5400.0 5400.0 2016.0 1 23 {-999.0 14.306224 13.904581 13.777595 -999.0} sdss_psfmag_from_g3xp 14.235574 13.923083 13.445986 12.583 63050396543864904 978058506 "" ops_std_boss ops_std standard_boss 0 0 0.0 0.0 -999 ""
FIBERMAP 85 R+2C11 METROLOGY 0 0 0 1 0 0 -59.147024388787976 53.05720681471289 143.1 -48.39685559824497 -63.016303655740046 193.93648 46.429325 -999.0 -999.0 -999.0 -999.0 -999.0 309.77400805852403 -21.241686392150765 309.810777472297 -21.15114721391464 48.53504465351339 89.73773540299248 -999.0 6231.0 -999.0 -1 -999 {-999.0 -999.0 -999.0 -999.0 -999.0} "" -999.0 -999.0 -999.0 -999.0 -999 -999 "" "" "" "" 0 0 0.0 0.0 -999 ""
FIBERMAP 89 R-9C1 APOGEE 0 0 0 1 0 0 -187.21956767649166 -190.2073548434872 143.1 203.9145783076011 -172.18423351846147 302.42484 95.41111 -999.0 -999.0 -999.0 -999.0 -999.0 310.5941458059906 -21.571503095375565 310.63093561121366 -21.479261446253908 47.93096321976345 90.5956144888022 -999.0 16600.0 -999.0 2 258 {-999.0 -999.0 -999.0 -999.0 -999.0} "" -999.0 -999.0 -999.0 -999.0 -999 -999 "" "" "" "" 0 0 0.0 0.0 -999 ""
FIBERMAP 89 R-9C1 BOSS 1 1 0 1 0 0 -187.79266737180075 -190.6651500710031 143.1 204.41469572956896 -172.7207886669786 302.42484 95.41111 310.5959360789907 -21.573028183121885 5.9230423 -5.8720236 0.06631015 310.59595412813786 -21.573043021461284 310.63255021149314 -21.480863624530354 47.9300992798831 90.59862837398674 5400.0 5400.0 2016.0 1 352 {-999.0 16.42398 15.884363 15.667671 -999.0} sdss_psfmag_ps1 16.255224 15.870279 15.298511 14.186 63050396543788540 1061918826 bright_1x1 manual_mwm_halo_vmp_wise_boss_single mwm_halo science 0 0 0.0 0.0 -999 ""
FIBERMAP 89 R-9C1 METROLOGY 0 0 0 1 0 0 -187.9100884018325 -189.93211192651572 143.1 203.69273978179118 -172.8937080013887 302.42484 95.41111 -999.0 -999.0 -999.0 -999.0 -999.0 310.5936024712395 -21.57362951146503 310.63025778819565 -21.481435599643305 47.93229945746696 90.59834182493745 -999.0 6231.0 -999.0 -1 -999 {-999.0 -999.0 -999.0 -999.0 -999.0} "" -999.0 -999.0 -999.0 -999.0 -999 -999 "" "" "" "" 0 0 0.0 0.0 -999 ""
FIBERMAP 92 R-1C26 APOGEE 1 1 0 1 0 0 288.3475647768585 -31.561868289226652 143.1 9.50437267958198 289.91108449611767 315.58444 105.52697 309.9646634309528 -20.174530796321783 -4.8510623 -5.57467 0.47260186 309.96463824839697 -20.174541129653505 309.99890366453883 -20.083929499976968 47.9898419152671 88.33441337008605 16000.0 16600.0 2016.0 2 229 {-999.0 11.492807 10.189756 9.580961 -999.0} sdss_psfmag_from_g3xp 10.982752 10.110819 9.197057 7.125 63050396543905023 1153162327 bright_1x1 mwm_galactic_core_dist_apogee_sparse mwm_galactic science 0 0 0.0 0.0 -999 ""
FIBERMAP 92 R-1C26 BOSS 0 0 0 1 0 0 287.98351017506883 -32.2668031223223 143.1 10.234984653424169 289.60179126879575 315.58444 105.52697 -999.0 -999.0 -999.0 -999.0 -999.0 309.96717964870874 -20.17543620275765 310.0012532525567 -20.084890053230062 47.98813942266171 88.3369550746828 -999.0 5400.0 -999.0 1 338 {-999.0 -999.0 -999.0 -999.0 -999.0} "" -999.0 -999.0 -999.0 -999.0 -999 -999 "" "" "" "" 0 0 0.0 0.0 -999 ""
FIBERMAP 92 R-1C26 METROLOGY 0 0 0 1 0 0 287.5917182038915 -31.591700586829788 143.1 9.591696153545612 289.1597143739538 315.58444 105.52697 -999.0 -999.0 -999.0 -999.0 -999.0 309.9650538380511 -20.17671416881288 309.9991867257345 -20.08615163569819 47.990407203316934 88.33764890886175 -999.0 6231.0 -999.0 -1 -999 {-999.0 -999.0 -999.0 -999.0 -999.0} "" -999.0 -999.0 -999.0 -999.0 -999 -999 "" "" "" "" 0 0 0.0 0.0 -999 ""
FIBERMAP 101 R-9C6 APOGEE 1 1 0 1 0 0 -88.51967036075474 -176.0355125445413 143.1 182.26539158942418 -74.85169671282848 159.64688 141.44382 310.52443386623884 -21.277412222253698 -31.173029 -88.08855 15.894076 310.52434714018045 -21.27765958873123 310.5605406300848 -21.185641735683646 47.89136954365669 90.15067319181526 16000.0 16600.0 2016.0 2 181 {-999.0 9.753596 9.089101 8.738657 -999.0} sdss_psfmag_from_g3xp 9.472326 9.4148035 8.413947 7.237 63050396543795203 984809857 bright_1x1 mwm_snc_100pc_apogee mwm_snc science 0 0 0.0 0.0 -999 ""
FIBERMAP 101 R-9C6 BOSS 0 0 0 1 0 0 -88.90423559364494 -175.38564871913604 143.1 181.6467176964337 -75.28464533079315 159.64688 141.44382 -999.0 -999.0 -999.0 -999.0 -999.0 310.5225940503469 -21.27893173003272 310.5585975463837 -21.18698395631135 47.89353445958181 90.15161303534671 -999.0 5400.0 -999.0 1 374 {-999.0 -999.0 -999.0 -999.0 -999.0} "" -999.0 -999.0 -999.0 -999.0 -999 -999 "" "" "" "" 0 0 0.0 0.0 -999 ""
FIBERMAP 101 R-9C6 METROLOGY 0 0 0 1 0 0 -88.1855347674932 -175.3734227089847 143.1 181.5797788265198 -74.5689714500069 159.64688 141.44382 -999.0 -999.0 -999.0 -999.0 -999.0 310.52234915194384 -21.276794067141953 310.5584032286648 -21.184828394854495 47.892956433016984 90.14850422024301 -999.0 6231.0 -999.0 -1 -999 {-999.0 -999.0 -999.0 -999.0 -999.0} "" -999.0 -999.0 -999.0 -999.0 -999 -999 "" "" "" "" 0 0 0.0 0.0 -999 ""
FIBERMAP 105 R-2C23 APOGEE 1 1 0 1 0 0 210.944392481627 -55.41503016750518 143.1 39.184328285602334 214.55066960661898 293.83542 38.87733 310.06025125557096 -20.401081515078424 -31.537012 6.829129 10.131919 310.0601594098229 -20.401051626457804 310.09484216352087 -20.31018704644638 47.98829205137999 88.6982566469627 16000.0 16600.0 2016.0 2 203 {-999.0 12.178623 11.335529 11.055801 -999.0} sdss_psfmag_from_g3xp 11.918398 11.389096 10.710231 9.407 63050396543885113 984749662 bright_1x1 mwm_snc_100pc_apogee mwm_snc science 0 0 0.0 0.0 -999 ""
FIBERMAP 105 R-2C23 BOSS 0 0 0 1 0 0 210.29860278024265 -55.07199706163122 143.1 38.89148975760223 213.88063166332867 293.83542 38.87733 -999.0 -999.0 -999.0 -999.0 -999.0 310.05941324195305 -20.40295399260279 310.09390926128924 -20.31216005627411 47.989821647351036 88.70053176992315 -999.0 5400.0 -999.0 1 286 {-999.0 -999.0 -999.0 -999.0 -999.0} "" -999.0 -999.0 -999.0 -999.0 -999 -999 "" "" "" "" 0 0 0.0 0.0 -999 ""
FIBERMAP 105 R-2C23 METROLOGY 0 0 0 1 0 0 210.92745597970358 -54.67594986134195 143.1 38.44869317911567 214.4774815312265 293.83542 38.87733 -999.0 -999.0 -999.0 -999.0 -999.0 310.0579347297607 -20.401140298498458 310.0924825137497 -20.310329950929596 47.99040671254851 88.6972590777707 -999.0 6231.0 -999.0 -1 -999 {-999.0 -999.0 -999.0 -999.0 -999.0} "" -999.0 -999.0 -999.0 -999.0 -999 -999 "" "" "" "" 0 0 0.0 0.0 -999 ""
FIBERMAP 109 R-5C5 APOGEE 1 0 1 1 0 0 -148.20853163036057 -89.77399864136699 143.1 100.80232230078188 -140.937663504467 24.486073 163.4584 310.34390675680066 -21.459551216234914 0.8519943 -9.980714 0.5148603 310.2595327208503 -21.478367505402694 310.29646855717897 -21.386785494269358 48.19174284549875 90.30595499672444 16000.0 16600.0 2016.0 2 295 {-999.0 13.211917 12.317737 12.002044 -999.0} sdss_psfmag_from_g3xp 12.935361 12.361925 11.648254 10.138 63050396543794410 1106622002 bright_1x1 mwm_tess_rgb_apogee mwm_tessrgb science 0 0 0.0 0.0 -999 ""
FIBERMAP 109 R-5C5 BOSS 0 0 1 1 0 0 -147.50684491019663 -89.50167594200546 143.1 100.47734122181464 -140.258767518008 24.486073 163.4584 -999.0 -999.0 -999.0 -999.0 -999.0 310.2587125197699 -21.476302105320546 310.2954512302067 -21.38478812763127 48.191946278447645 90.30265300751307 -999.0 5400.0 -999.0 1 486 {-999.0 -999.0 -999.0 -999.0 -999.0} "" -999.0 -999.0 -999.0 -999.0 -999 -999 "" "" "" "" 0 0 0.0 0.0 -999 ""
FIBERMAP 109 R-5C5 METROLOGY 0 0 1 1 0 0 -147.62181419796534 -90.2392738074777 143.1 101.22154640405658 -140.31721354640723 24.486073 163.4584 -999.0 -999.0 -999.0 -999.0 -999.0 310.2610933718302 -21.4765110283386 310.2978847753857 -21.38497383279397 48.18988201217335 90.30408241663457 -999.0 6231.0 -999.0 -1 -999 {-999.0 -999.0 -999.0 -999.0 -999.0} "" -999.0 -999.0 -999.0 -999.0 -999 -999 "" "" "" "" 0 0 0.0 0.0 -999 ""
FIBERMAP 111 R+1C26 APOGEE 0 0 1 1 0 0 281.00385655116474 27.065191508137975 143.1 -48.392318995143235 278.12275276471655 8.114085 170.54384 -999.0 -999.0 -999.0 -999.0 -999.0 309.77803824322694 -20.209528106603624 309.8125735068231 -20.119259928953902 48.1656278197906 88.28790652710057 -999.0 16600.0 -999.0 2 107 {-999.0 -999.0 -999.0 -999.0 -999.0} "" -999.0 -999.0 -999.0 -999.0 -999 -999 "" "" "" "" 0 0 0.0 0.0 -999 ""
FIBERMAP 111 R+1C26 BOSS 1 0 1 1 0 0 281.74843421692077 27.045256546655075 143.1 -48.4291618904046 278.86667796077637 8.114085 170.54384 309.78931159992607 -20.255181929177557 -5.3174286 -4.2431498 0.28327546 309.7781256255062 -20.20725401326745 309.8124654689407 -20.11705645852539 48.16491733658406 88.28477564371997 5400.0 5400.0 2016.0 1 183 {-999.0 17.680162 17.296001 17.14486 17.086252} sdss_psfmag_from_gaia 17.6338 17.3085 16.8313 16.067 63050396543904460 974125182 "" ops_std_boss_gdr2 ops_std standard_boss 0 0 0.0 0.0 -999 ""
FIBERMAP 111 R+1C26 METROLOGY 0 0 1 1 0 0 281.37030340873497 26.40308926765802 143.1 -47.76006216774374 278.53856812368105 8.114085 170.54384 -999.0 -999.0 -999.0 -999.0 -999.0 309.78021159028765 -20.208202619817282 309.8146053504837 -20.117980937794332 48.16338459828094 88.2871663598504 -999.0 6231.0 -999.0 -1 -999 {-999.0 -999.0 -999.0 -999.0 -999.0} "" -999.0 -999.0 -999.0 -999.0 -999 -999 "" "" "" "" 0 0 0.0 0.0 -999 ""
FIBERMAP 112 R-4C23 APOGEE 0 0 0 1 0 0 256.86016909842266 -64.97561269737353 143.1 45.21930545188794 261.0608609442434 74.12115 91.49852 -999.0 -999.0 -999.0 -999.0 -999.0 310.0796551345421 -20.261249615713705 310.1139999366005 -20.170392489323852 47.920788741514684 88.51350890940807 -999.0 16600.0 -999.0 2 237 {-999.0 -999.0 -999.0 -999.0 -999.0} "" -999.0 -999.0 -999.0 -999.0 -999 -999 "" "" "" "" 0 0 0.0 0.0 -999 ""
FIBERMAP 112 R-4C23 BOSS 1 1 0 1 0 0 257.5601730218507 -65.17084437512014 143.1 45.36064363498494 261.77369595377985 74.12115 91.49852 310.08029811385944 -20.259039836922245 -0.3457219 0.20602039 0.5544683 310.08030260588447 -20.259042264580234 310.1144497949766 -20.168255084862842 47.919616918599964 88.5107681695061 5400.0 5400.0 2016.0 1 347 {-999.0 19.62411 19.64175 19.435162 -999.0} sdss_psfmag_ps1 19.964815 19.89151 19.38268 -999.0 63050396543885708 1117383590 bright_1x1 openfibertargets_bhm_quaia_boss open_fiber science 0 0 0.0 0.0 -999 ""
FIBERMAP 112 R-4C23 METROLOGY 0 0 0 1 0 0 257.05804939233633 -65.69456264085326 143.1 45.92108512799744 261.31293174002 74.12115 91.49852 -999.0 -999.0 -999.0 -999.0 -999.0 310.082064488792 -20.260399569869588 310.11626733860953 -20.16958865141827 47.91851380776578 88.51354863275424 -999.0 6231.0 -999.0 -1 -999 {-999.0 -999.0 -999.0 -999.0 -999.0} "" -999.0 -999.0 -999.0 -999.0 -999 -999 "" "" "" "" 0 0 0.0 0.0 -999 ""
FIBERMAP 113 R-7C11 APOGEE 1 1 0 1 0 0 21.14636044759459 -131.6474922762024 143.1 129.65276421361816 31.113218993091078 2.2903802 136.15727 310.353571477327 -20.956596110881094 -4.336795 -3.272798 0.20740668 310.3535681013214 -20.956598653831243 310.38921054419006 -20.86500371965948 47.929062703331915 89.61908602645912 16000.0 16600.0 2016.0 2 167 {-999.0 13.394769 12.248493 11.772659 -999.0} sdss_psfmag_from_g3xp 12.981914 12.239054 11.401097 9.516 63050396543876277 1153162534 bright_1x1 mwm_galactic_core_dist_apogee_sparse mwm_galactic science 0 0 0.0 0.0 -999 ""
FIBERMAP 113 R-7C11 BOSS 0 0 0 1 0 0 21.721258782726327 -132.13453209744793 143.1 130.09458985411933 31.723542283494552 2.2903802 136.15727 -999.0 -999.0 -999.0 -999.0 -999.0 310.3552604212123 -20.95466363244899 310.39070297519527 -20.863134289796065 47.92709873731602 89.61720867077099 -999.0 5400.0 -999.0 1 400 {-999.0 -999.0 -999.0 -999.0 -999.0} "" -999.0 -999.0 -999.0 -999.0 -999 -999 "" "" "" "" 0 0 0.0 0.0 -999 ""
FIBERMAP 113 R-7C11 METROLOGY 0 0 0 1 0 0 21.004565576772738 -132.37840205224273 143.1 130.3923443014859 31.027516121353305 2.2903802 136.15727 -999.0 -999.0 -999.0 -999.0 -999.0 310.3561884075741 -20.95679140966064 310.3916897204008 -20.86524032138525 47.92697813665195 89.62063494075022 -999.0 6231.0 -999.0 -1 -999 {-999.0 -999.0 -999.0 -999.0 -999.0} "" -999.0 -999.0 -999.0 -999.0 -999 -999 "" "" "" "" 0 0 0.0 0.0 -999 ""
FIBERMAP 116 R+4C14 APOGEE 0 0 0 1 0 0 30.488643135473136 87.83933468629729 143.1 -89.90574567195982 23.70840229204799 176.5002 80.761505 -999.0 -999.0 -999.0 -999.0 -999.0 309.6398337509435 -20.977941204586987 309.6762720206988 -20.887693745708194 48.56048173498337 89.2985603912507 -999.0 16600.0 -999.0 2 -999 {-999.0 -999.0 -999.0 -999.0 -999.0} "" -999.0 -999.0 -999.0 -999.0 -999 -999 "" "" "" "" 0 0 0.0 0.0 -999 ""
FIBERMAP 116 R+4C14 BOSS 1 1 0 1 0 0 30.643414907584784 88.58934894062051 143.1 -90.6653630749004 23.80558890394198 176.5002 80.761505 309.637511222001 -20.97754963185512 -2.7894607 -1.948368 0.3290281 309.63750184600184 -20.977557781901176 309.67375217826134 -20.887381513372212 48.5625751655091 89.2968659863439 5400.0 5400.0 2016.0 1 165 {-999.0 18.183962 17.801277 17.6509 17.592909} sdss_psfmag_from_gaia 18.1008 17.8137 17.3002 16.245 63050396543879671 974124709 "" ops_std_boss_gdr2 ops_std standard_boss 0 0 0.0 0.0 -999 ""
FIBERMAP 116 R+4C14 METROLOGY 0 0 0 1 0 0 31.200118708252084 88.0702041865241 143.1 -90.190140107873 24.400216370981642 176.5002 80.761505 -999.0 -999.0 -999.0 -999.0 -999.0 309.6389912763668 -20.97577401469531 309.6752896432697 -20.88557659225785 48.560595056991666 89.29507798503658 -999.0 6231.0 -999.0 -1 -999 {-999.0 -999.0 -999.0 -999.0 -999.0} "" -999.0 -999.0 -999.0 -999.0 -999 -999 "" "" "" "" 0 0 0.0 0.0 -999 ""
FIBERMAP 121 R+6C3 APOGEE 0 0 0 1 0 0 -172.48052139100704 112.75825279582682 143.1 -99.2904124840426 -180.56718986043458 254.45432 171.8749 -999.0 -999.0 -999.0 -999.0 -999.0 309.6071800033572 -21.596895563821725 309.64508308176073 -21.50651623715875 48.80236755421704 90.16238595221705 -999.0 16600.0 -999.0 2 18 {-999.0 -999.0 -999.0 -999.0 -999.0} "" -999.0 -999.0 -999.0 -999.0 -999 -999 "" "" "" "" 0 0 0.0 0.0 -999 ""
FIBERMAP 121 R+6C3 BOSS 1 1 0 1 0 0 -172.76908106433973 112.0914016109768 143.1 -98.60352409421668 -180.80410938907403 254.45432 171.8749 309.6096063493908 -21.597620104477624 -0.3828596 -0.67824614 1.2100356 309.60957706431344 -21.597605610466374 309.6472897579997 -21.507285510514606 48.80070047369877 90.16454777606657 5400.0 5400.0 2016.0 1 26 {-999.0 19.698837 19.35564 19.033321 18.764862} sdss_psfmag_from_gaiadr2 19.254078 19.443634 18.233356 16.111 63050396543860358 1057747407 bright_flexible_2x1 bhm_gua_bright bhm_filler science 0 0 0.0 0.0 -999 ""
FIBERMAP 121 R+6C3 METROLOGY 0 0 0 1 0 0 -173.22090009514878 112.68491588903733 143.1 -99.16088954922144 -181.29982316255064 254.45432 171.8749 -999.0 -999.0 -999.0 -999.0 -999.0 309.60769014054233 -21.59913518420974 309.6454620874657 -21.50880005981388 48.802815745741164 90.16582781880999 -999.0 6231.0 -999.0 -1 -999 {-999.0 -999.0 -999.0 -999.0 -999.0} "" -999.0 -999.0 -999.0 -999.0 -999 -999 "" "" "" "" 0 0 0.0 0.0 -999 ""
FIBERMAP 127 R-1C2 APOGEE 0 0 0 1 0 0 -242.85482759269172 -22.338842280116513 143.1 40.77367048273258 -240.4449989407211 4.1646123 101.69002 -999.0 -999.0 -999.0 -999.0 -999.0 310.063262267869 -21.77871069798323 310.10109996649874 -21.687405937625762 48.46507012965065 90.6378425592066 -999.0 16600.0 -999.0 2 -999 {-999.0 -999.0 -999.0 -999.0 -999.0} "" -999.0 -999.0 -999.0 -999.0 -999 -999 "" "" "" "" 0 0 0.0 0.0 -999 ""
FIBERMAP 127 R-1C2 BOSS 1 1 0 1 0 0 -242.65867726973272 -23.04726378679695 143.1 41.46508420517844 -240.1954550968656 4.1646123 101.69002 310.06571974855785 -21.777868294963447 1.3029449 -18.684328 0.5469425 310.0657146190801 -21.777920325320046 310.10335563570686 -21.686675373521446 48.462850559280355 90.63787509324095 5400.0 5400.0 2016.0 1 512 {-999.0 15.932833 15.532691 15.361135 -999.0} sdss_psfmag_ps1 15.8365755 15.494958 14.980179 14.039 63050396543783520 1072895545 bright_1x1 mwm_halo_local_high_boss_single mwm_halo science 0 0 0.0 0.0 -999 ""
FIBERMAP 127 R-1C2 METROLOGY 0 0 0 1 0 0 -243.37660332540221 -22.87479778344728 143.1 41.347810570975184 -240.92442575897596 4.1646123 101.69002 -999.0 -999.0 -999.0 -999.0 -999.0 310.065279411296 -21.78017034090069 310.10298056706256 -21.688907305186873 48.46393354880677 90.64086477359581 -999.0 6231.0 -999.0 -1 -999 {-999.0 -999.0 -999.0 -999.0 -999.0} "" -999.0 -999.0 -999.0 -999.0 -999 -999 "" "" "" "" 0 0 0.0 0.0 -999 ""
FIBERMAP 133 R-7C18 APOGEE 0 0 0 1 0 0 154.21686057001097 -140.82433816424236 143.1 128.66593393173483 164.49477421437348 212.38187 104.27782 -999.0 -999.0 -999.0 -999.0 -999.0 310.3495309664117 -20.552644694585396 310.38425866532714 -20.461185320475238 47.78969572195843 89.05416318354838 -999.0 16600.0 -999.0 2 222 {-999.0 -999.0 -999.0 -999.0 -999.0} "" -999.0 -999.0 -999.0 -999.0 -999 -999 "" "" "" "" 0 0 0.0 0.0 -999 ""
FIBERMAP 133 R-7C18 BOSS 1 1 0 1 0 0 153.66880053263176 -140.2996136948816 143.1 128.18448906251535 163.90834026069547 212.38187 104.27782 310.34819625969516 -20.55424277318638 -5.2382617 -25.360386 2.922367 310.34820908412325 -20.55430319711031 310.38274835456696 -20.462915592311674 47.791637847078576 89.05581009549104 5400.0 5400.0 2016.0 1 320 {-999.0 16.812174 15.713385 15.211092 -999.0} sdss_psfmag_ps1 16.310963 15.627997 14.698522 12.933 63050396543879058 1096376726 bright_1x1 mwm_bin_vis_boss mwm_filler science 0 0 0.0 0.0 -999 ""
FIBERMAP 133 R-7C18 METROLOGY 0 0 0 1 0 0 154.38227744311882 -140.09372796237977 143.1 127.9248530900948 164.60405303151046 212.38187 104.27782 -999.0 -999.0 -999.0 -999.0 -999.0 310.3473286946897 -20.552196299804926 310.381918958142 -20.460791245721154 47.79159991085066 89.05244362883417 -999.0 6231.0 -999.0 -1 -999 {-999.0 -999.0 -999.0 -999.0 -999.0} "" -999.0 -999.0 -999.0 -999.0 -999 -999 "" "" "" "" 0 0 0.0 0.0 -999 ""
FIBERMAP 135 R-9C8 APOGEE 1 1 0 1 0 0 -39.08581535055935 -180.54653494187943 143.1 182.99753541078505 -25.218345667421985 164.52684 163.81757 310.5264437943149 -21.127261125921958 0.77374554 -7.4327946 0.5881594 310.5266353175409 -21.12726392048059 310.5624834539959 -21.03528926673161 47.83730765444287 89.94153477070324 16000.0 16600.0 2016.0 2 189 {-999.0 11.457569 10.135404 9.440239 -999.0} sdss_psfmag_from_g3xp 10.938517 10.005573 9.04997 6.905 63050396543797907 1156316296 bright_1x1 mwm_galactic_core_dist_apogee_extra mwm_galactic science 0 0 0.6212654709815979 0.0 -999 ""
FIBERMAP 135 R-9C8 BOSS 0 0 0 1 0 0 -39.721481957720094 -180.18670951961533 143.1 182.68718238235442 -25.87956922275595 164.52684 163.81757 -999.0 -999.0 -999.0 -999.0 -999.0 310.5258928550852 -21.129211274882064 310.5615514672553 -21.03730520743574 47.838827282281756 89.94389573838902 -999.0 5400.0 -999.0 1 386 {-999.0 -999.0 -999.0 -999.0 -999.0} "" -999.0 -999.0 -999.0 -999.0 -999 -999 "" "" "" "" 0 0 0.0 0.0 -999 ""
FIBERMAP 135 R-9C8 METROLOGY 0 0 0 1 0 0 -39.06678746093935 -179.80135316713114 143.1 182.253076965266 -25.256139008926578 164.52684 163.81757 -999.0 -999.0 -999.0 -999.0 -999.0 310.5244559159234 -21.127346749423 310.5601670051509 -21.035424759833568 47.839380712368154 89.94059799487923 -999.0 6231.0 -999.0 -1 -999 {-999.0 -999.0 -999.0 -999.0 -999.0} "" -999.0 -999.0 -999.0 -999.0 -999 -999 "" "" "" "" 0 0 0.0 0.0 -999 ""
FIBERMAP 137 R-11C13 APOGEE 1 1 0 1 0 0 98.26874200504601 -225.13663993434196 143.1 216.99435861724308 115.13245283989379 248.41924 127.61654 310.63507199592664 -20.70211858373816 -12.915416 -15.401382 1.010383 310.6350216743719 -20.70214953357802 310.66978955836134 -20.610106072137096 47.593332885611574 89.40293438263865 16000.0 16600.0 2016.0 2 184 {-999.0 13.319217 12.454558 12.078017 -999.0} sdss_psfmag_from_g3xp 13.008985 12.430888 11.699612 10.046 63050396543877384 1106555015 bright_1x1 mwm_tess_rgb_apogee mwm_tessrgb science 0 0 0.0 0.0 -999 ""
FIBERMAP 137 R-11C13 BOSS 0 0 0 1 0 0 97.54168383917838 -225.21390572697854 143.1 217.12678426267018 114.4134005266606 248.41924 127.61654 -999.0 -999.0 -999.0 -999.0 -999.0 310.6356765492465 -20.70424280184225 310.6702531722834 -20.61226723304502 47.593698268050986 89.40615776216748 -999.0 5400.0 -999.0 1 377 {-999.0 -999.0 -999.0 -999.0 -999.0} "" -999.0 -999.0 -999.0 -999.0 -999 -999 "" "" "" "" 0 0 0.0 0.0 -999 ""
FIBERMAP 137 R-11C13 METROLOGY 0 0 0 1 0 0 97.84896601139886 -224.52725828161576 143.1 216.41873110998125 114.6674799419826 248.41924 127.61654 -999.0 -999.0 -999.0 -999.0 -999.0 310.63337826834095 -20.70347338027862 310.66801092680475 -20.611482587349464 47.59537913424707 89.40396085278508 -999.0 6231.0 -999.0 -1 -999 {-999.0 -999.0 -999.0 -999.0 -999.0} "" -999.0 -999.0 -999.0 -999.0 -999 -999 "" "" "" "" 0 0 0.0 0.0 -999 ""
FIBERMAP 139 R+9C14 APOGEE 0 0 0 1 0 0 104.72389488848557 160.7736945846891 143.1 -168.2824643996165 92.1712728664261 294.48328 108.34793 -999.0 -999.0 -999.0 -999.0 -999.0 309.38710969661804 -20.769457918799503 309.4233285377409 -20.679759681254268 48.708032347311594 88.87760962650265 -999.0 16600.0 -999.0 2 95 {-999.0 -999.0 -999.0 -999.0 -999.0} "" -999.0 -999.0 -999.0 -999.0 -999 -999 "" "" "" "" 0 0 0.0 0.0 -999 ""
FIBERMAP 139 R+9C14 BOSS 1 1 0 1 0 0 104.13432684490692 160.35695504235764 143.1 -167.82202844155927 91.61516988744295 294.48328 108.34793 309.3887329101562 -20.77105170171454 -999.0 -999.0 -999.0 309.388717381738 -20.771051559412538 309.4247502665406 -20.681416704312316 48.70737899143053 88.8806735672652 5400.0 5400.0 2015.5 1 169 {-999.0 -999.0 -999.0 -999.0 -999.0} "" -999.0 -999.0 -999.0 -999.0 27021603186175160 815794402 "" ops_sky_boss_good ops_sky sky_boss 0 0 0.0 0.0 -999 ""
FIBERMAP 139 R+9C14 METROLOGY 0 0 0 1 0 0 104.06015357092566 161.1012936665964 143.1 -168.55854640536333 91.4845113690977 294.48328 108.34793 -999.0 -999.0 -999.0 -999.0 -999.0 309.3862568089207 -20.771445688757225 309.4223464109775 -20.68179644556043 48.70961585677189 88.87999859070618 -999.0 6231.0 -999.0 -1 -999 {-999.0 -999.0 -999.0 -999.0 -999.0} "" -999.0 -999.0 -999.0 -999.0 -999 -999 "" "" "" "" 0 0 0.0 0.0 -999 ""
FIBERMAP 141 R-12C15 APOGEE 1 1 0 1 0 0 146.17287625779392 -220.10241015099146 143.1 208.32561213256025 162.51341437105077 154.91199 88.34996 310.60627362513065 -20.559071094837627 -0.33082566 0.46960044 0.26407284 310.6062833799656 -20.559079844076077 310.6407576021156 -20.46713572009324 47.56755481147882 89.1906000511313 16000.0 16600.0 2016.0 2 234 {-999.0 13.542367 12.584664 12.213699 -999.0} sdss_psfmag_from_g3xp 13.231769 12.607852 11.854075 10.18 63050396544007995 1153162379 bright_1x1 mwm_galactic_core_dist_apogee_sparse mwm_galactic science 0 0 0.0 0.0 -999 ""
FIBERMAP 141 R-12C15 BOSS 0 0 0 1 0 0 146.49388094835032 -219.4547291445787 143.1 207.65536645864216 162.78414464064315 154.91199 88.34996 -999.0 -999.0 -999.0 -999.0 -999.0 310.60432038799877 -20.55818869325397 310.6385995510859 -20.466318857011633 47.56914849679076 89.18839412972164 -999.0 5400.0 -999.0 1 344 {-999.0 -999.0 -999.0 -999.0 -999.0} "" -999.0 -999.0 -999.0 -999.0 -999 -999 "" "" "" "" 0 0 0.0 0.0 -999 ""
FIBERMAP 141 R-12C15 METROLOGY 0 0 0 1 0 0 146.92407712098375 -220.03071092924856 143.1 208.19689770743798 163.25696303073636 154.91199 88.34996 -999.0 -999.0 -999.0 -999.0 -999.0 310.60603735736703 -20.556755811245914 310.6403667631429 -20.46486328809862 47.567080578848135 89.1872618524917 -999.0 6231.0 -999.0 -1 -999 {-999.0 -999.0 -999.0 -999.0 -999.0} "" -999.0 -999.0 -999.0 -999.0 -999 -999 "" "" "" "" 0 0 0.0 0.0 -999 ""
FIBERMAP 143 R-8C14 APOGEE 0 0 0 1 0 0 67.85885603255943 -156.94328523282945 143.1 151.31637902681118 79.61646811641057 257.17502 23.56539 -999.0 -999.0 -999.0 -999.0 -999.0 310.42348996161286 -20.80953638425559 310.4587239784727 -20.717856270823496 47.81623385803069 89.44816133952685 -999.0 16600.0 -999.0 2 -999 {-999.0 -999.0 -999.0 -999.0 -999.0} "" -999.0 -999.0 -999.0 -999.0 -999 -999 "" "" "" "" 0 0 0.0 0.0 -999 ""
FIBERMAP 143 R-8C14 BOSS 1 1 0 1 0 0 67.7124173284679 -156.19345650983328 143.1 150.57989193967225 79.41333666158975 257.17502 23.56539 310.4213751297045 -20.81000102403154 -16.393488 -21.337622 0.6389812 310.42136395638755 -20.81005229194883 310.45640732592506 -20.7184449189787 47.81846855528013 89.4478356570383 5400.0 5400.0 2016.0 1 273 {-999.0 15.754089 15.346514 15.20698 -999.0} sdss_psfmag_ps1 15.632093 15.320716 14.842073 14.004 63050396543876674 1073397292 bright_1x1 mwm_halo_local_high_boss_single mwm_halo science 0 0 0.0 0.0 -999 ""
FIBERMAP 143 R-8C14 METROLOGY 0 0 0 1 0 0 68.42270506925708 -156.4517849982301 143.1 150.783359563457 80.14123203159036 257.17502 23.56539 -999.0 -999.0 -999.0 -999.0 -999.0 310.42198157994795 -20.807856343666664 310.4570742977867 -20.71622898492004 47.817098848167646 89.44508021142326 -999.0 6231.0 -999.0 -1 -999 {-999.0 -999.0 -999.0 -999.0 -999.0} "" -999.0 -999.0 -999.0 -999.0 -999 -999 "" "" "" "" 0 0 0.0 0.0 -999 ""
FIBERMAP 145 R-10C1 APOGEE 0 0 0 1 0 0 -165.9822772711601 -207.38026514020484 143.1 219.419621318306 -149.70068563743354 355.7567 69.08649 -999.0 -999.0 -999.0 -999.0 -999.0 310.644436220003 -21.50340752552676 310.6810161464972 -21.411092931514112 47.86381690018657 90.52391130350236 -999.0 16600.0 -999.0 2 259 {-999.0 -999.0 -999.0 -999.0 -999.0} "" -999.0 -999.0 -999.0 -999.0 -999 -999 "" "" "" "" 0 0 0.0 0.0 -999 ""
FIBERMAP 145 R-10C1 BOSS 1 1 0 1 0 0 -166.30394401045956 -208.03565313788633 143.1 220.097601944195 -149.97148892949465 355.7567 69.08649 310.64677610718684 -21.504103174387556 18.155804 -10.857037 0.33268613 310.6468214545109 -21.50414450457185 310.68320491778695 -21.41189172390117 47.86217705377997 90.52607190674814 5400.0 5400.0 2016.0 1 353 {-999.0 16.655159 16.519207 16.344118 -999.0} sdss_psfmag_ps1 16.639872 16.39702 15.988054 15.19 63050396543793341 944753579 bright_1x1 openfibertargets_nov2020_6c open_fiber science 0 0 0.0 0.0 -999 ""
FIBERMAP 145 R-10C1 METROLOGY 0 0 0 1 0 0 -166.7252471599193 -207.41288824370793 143.1 219.5087465528608 -150.43900402615404 355.7567 69.08649 -999.0 -999.0 -999.0 -999.0 -999.0 310.6449045361763 -21.505613246320173 310.68134885239624 -21.41334474062115 47.86429868660696 90.52722236703676 -999.0 6231.0 -999.0 -1 -999 {-999.0 -999.0 -999.0 -999.0 -999.0} "" -999.0 -999.0 -999.0 -999.0 -999 -999 "" "" "" "" 0 0 0.0 0.0 -999 ""
FIBERMAP 149 R-10C17 APOGEE 0 0 0 1 0 0 172.00740568571248 -204.7539095564072 143.1 191.05386680488093 187.10341140448583 236.02977 118.010666 -999.0 -999.0 -999.0 -999.0 -999.0 310.55028184450856 -20.48485712023056 310.5846466877425 -20.393041677049066 47.58996675191805 89.06007664265252 -999.0 16600.0 -999.0 2 191 {-999.0 -999.0 -999.0 -999.0 -999.0} "" -999.0 -999.0 -999.0 -999.0 -999 -999 "" "" "" "" 0 0 0.0 0.0 -999 ""
FIBERMAP 149 R-10C17 BOSS 1 1 0 1 0 0 171.23457820212784 -204.71065239812484 143.1 191.06960749450715 186.32954214590208 236.02977 118.010666 310.550537109375 -20.487066236143306 -999.0 -999.0 -999.0 310.5505406171085 -20.487119612551812 310.58471554414825 -20.39537346806124 47.59074666738452 89.0633363623217 5400.0 5400.0 2015.5 1 264 {-999.0 -999.0 -999.0 -999.0 -999.0} "" -999.0 -999.0 -999.0 -999.0 27021603186197892 825564917 "" ops_sky_boss_good ops_sky sky_boss 0 0 0.0 0.0 -999 ""
FIBERMAP 149 R-10C17 METROLOGY 0 0 0 1 0 0 171.64318425877858 -204.10305445658818 143.1 190.43265479673704 186.69067176119154 236.02977 118.010666 -999.0 -999.0 -999.0 -999.0 -999.0 310.5484687961352 -20.48601165274436 310.5826985817022 -20.394249770328475 47.59210538725653 89.06077212556232 -999.0 6231.0 -999.0 -1 -999 {-999.0 -999.0 -999.0 -999.0 -999.0} "" -999.0 -999.0 -999.0 -999.0 -999 -999 "" "" "" "" 0 0 0.0 0.0 -999 ""
FIBERMAP 152 R+6C16 APOGEE 0 0 0 1 0 0 108.8994140245336 124.7228816229358 143.1 -132.6548479357417 99.0808615050861 66.83771 153.55254 -999.0 -999.0 -999.0 -999.0 -999.0 309.5024802491476 -20.74889694889418 309.538533158282 -20.658984178248957 48.5999095889437 88.90631563912314 -999.0 16600.0 -999.0 2 -999 {-999.0 -999.0 -999.0 -999.0 -999.0} "" -999.0 -999.0 -999.0 -999.0 -999 -999 "" "" "" "" 0 0 0.0 0.0 -999 ""
FIBERMAP 152 R+6C16 BOSS 1 1 0 1 0 0 109.45489625031739 125.19074168630011 143.1 -133.16365879943032 99.59908384398872 66.83771 153.55254 309.5009848310156 -20.747218228478307 -2.266247 4.625219 1.8850355 309.5009776592112 -20.747216251055544 309.5368396182507 -20.65737417336825 48.600816790762835 88.90318718775018 5400.0 5400.0 2016.0 1 223 {-999.0 20.730331 19.182148 18.189634 -999.0} sdss_psfmag_ps1 20.071497 18.827614 17.72334 15.539 63050396543881418 1094309529 bright_1x1 mwm_bin_vis_boss mwm_filler science 0 0 0.0 0.0 -999 ""
FIBERMAP 152 R+6C16 METROLOGY 0 0 0 1 0 0 109.6031316877976 124.46934727179902 143.1 -132.45565998124118 99.80184075150801 66.83771 153.55254 -999.0 -999.0 -999.0 -999.0 -999.0 309.5032026146991 -20.746615403883716 309.53911434811164 -20.656750193890147 48.59860565842744 88.90345209328592 -999.0 6231.0 -999.0 -1 -999 {-999.0 -999.0 -999.0 -999.0 -999.0} "" -999.0 -999.0 -999.0 -999.0 -999 -999 "" "" "" "" 0 0 0.0 0.0 -999 ""
FIBERMAP 154 R-11C7 APOGEE 0 0 0 1 0 0 -45.93288990304424 -221.32636515090843 143.1 224.1800488159481 -28.93896820907761 223.0354 105.07803 -999.0 -999.0 -999.0 -999.0 -999.0 310.65978818358667 -21.13819174610787 310.6955193633669 -21.045963678811237 47.72470000077935 90.02099009579376 -999.0 16600.0 -999.0 2 172 {-999.0 -999.0 -999.0 -999.0 -999.0} "" -999.0 -999.0 -999.0 -999.0 -999 -999 "" "" "" "" 0 0 0.0 0.0 -999 ""
FIBERMAP 154 R-11C7 BOSS 1 1 0 1 0 0 -46.567135443560844 -220.9360313079988 143.1 223.8391680713443 -29.60109888282474 223.0354 105.07803 310.6589723911011 -21.140089263942833 -9.5822 -15.818444 0.24792421 310.65892929742785 -21.140137442985758 310.69447027149397 -21.04797840920602 47.72632124764686 90.02328798160431 5400.0 5400.0 2016.0 1 414 {-999.0 18.210794 17.880194 17.756018 17.718475} sdss_psfmag_from_gaia 18.1516 17.8889 17.4181 -999.0 63050396543797555 974123263 "" ops_std_boss_gdr2 ops_std standard_boss 0 0 0.0 0.0 -999 ""
FIBERMAP 154 R-11C7 METROLOGY 0 0 0 1 0 0 -45.919503023534546 -220.58095986526556 143.1 223.43579722676074 -28.98240313890931 223.0354 105.07803 -999.0 -999.0 -999.0 -999.0 -999.0 310.6576064047379 -21.13829163715703 310.69320001435995 -21.04611638962305 47.72678158637982 90.02007860108563 -999.0 6231.0 -999.0 -1 -999 {-999.0 -999.0 -999.0 -999.0 -999.0} "" -999.0 -999.0 -999.0 -999.0 -999 -999 "" "" "" "" 0 0 0.0 0.0 -999 ""
FIBERMAP 156 R-6C19 APOGEE 0 0 0 1 0 0 190.78496889706955 -111.02406976131286 143.1 96.1669072097631 198.68615990068807 22.980629 119.919685 -999.0 -999.0 -999.0 -999.0 -999.0 310.2442950848216 -20.44926087307047 310.27889729091214 -20.358032801154575 47.844669375411854 88.85789638806136 -999.0 16600.0 -999.0 2 223 {-999.0 -999.0 -999.0 -999.0 -999.0} "" -999.0 -999.0 -999.0 -999.0 -999 -999 "" "" "" "" 0 0 0.0 0.0 -999 ""
FIBERMAP 156 R-6C19 BOSS 1 1 0 1 0 0 191.38441705617814 -111.4297596847023 143.1 96.52575002110001 199.3147644369197 22.980629 119.919685 310.2456665039062 -20.447250861331923 -999.0 -999.0 -999.0 310.2456628968544 -20.447260339271867 310.2800662005841 -20.356100354355593 47.84294971896097 88.85580080015865 5400.0 5400.0 2015.5 1 321 {-999.0 -999.0 -999.0 -999.0 -999.0} "" -999.0 -999.0 -999.0 -999.0 27021603186176850 815794626 "" ops_sky_boss_good ops_sky sky_boss 0 0 0.0 0.0 -999 ""
FIBERMAP 156 R-6C19 METROLOGY 0 0 0 1 0 0 190.70058253859432 -111.76547848288344 143.1 96.9125824189954 198.65849792696628 22.980629 119.919685 -999.0 -999.0 -999.0 -999.0 -999.0 310.2468778590983 -20.449230352845525 310.2813390514667 -20.358047598022964 47.84253985912207 88.85914831635444 -999.0 6231.0 -999.0 -1 -999 {-999.0 -999.0 -999.0 -999.0 -999.0} "" -999.0 -999.0 -999.0 -999.0 -999 -999 "" "" "" "" 0 0 0.0 0.0 -999 ""
FIBERMAP 161 R-11C9 APOGEE 1 1 0 1 0 0 23.380984717603376 -215.9772142407446 143.1 213.56636859996664 39.765316926673066 343.66486 122.617386 310.62501751868206 -20.930197390357733 -4.8473277 3.5383072 0.9606397 310.6249928404884 -20.930186689515867 310.6602883756086 -20.83808971708967 47.68252221039261 89.71459645461158 16000.0 16600.0 2016.0 2 174 {-999.0 13.2380295 12.59537 12.367292 -999.0} sdss_psfmag_from_g3xp 13.074875 12.631081 12.023276 10.812 63050396543798293 1113978889 bright_1x1 openfibertargets_mwm_subgiant_nataf24_apogee open_fiber science 0 0 0.0 0.0 -999 ""
FIBERMAP 161 R-11C9 BOSS 0 0 0 1 0 0 23.580626781132693 -216.67042001209447 143.1 214.2423449629688 40.01718323997517 343.66486 122.617386 -999.0 -999.0 -999.0 -999.0 -999.0 310.62741398724245 -20.92934442625854 310.66250973619015 -20.83731201902699 47.68030526702741 89.71460372883541 -999.0 5400.0 -999.0 1 416 {-999.0 -999.0 -999.0 -999.0 -999.0} "" -999.0 -999.0 -999.0 -999.0 -999 -999 "" "" "" "" 0 0 0.0 0.0 -999 ""
FIBERMAP 161 R-11C9 METROLOGY 0 0 0 1 0 0 22.875512927599456 -216.522854895195 143.1 214.14892361289236 39.30288429796246 343.66486 122.617386 -999.0 -999.0 -999.0 -999.0 -999.0 310.62709961109243 -20.93152142067744 310.6622559850531 -20.839469398088493 47.68128840285143 89.71747770468477 -999.0 6231.0 -999.0 -1 -999 {-999.0 -999.0 -999.0 -999.0 -999.0} "" -999.0 -999.0 -999.0 -999.0 -999 -999 "" "" "" "" 0 0 0.0 0.0 -999 ""
FIBERMAP 163 R+5C6 APOGEE 0 0 0 1 0 0 -113.97535546112627 99.4741584835029 143.1 -90.50180317129654 -121.22067149077523 340.37866 145.80661 -999.0 -999.0 -999.0 -999.0 -999.0 309.63625668387067 -21.41761507316687 309.6737137002301 -21.32723633805111 48.71584381527505 89.92079192867345 -999.0 16600.0 -999.0 2 -999 {-999.0 -999.0 -999.0 -999.0 -999.0} "" -999.0 -999.0 -999.0 -999.0 -999 -999 "" "" "" "" 0 0 0.0 0.0 -999 ""
FIBERMAP 163 R+5C6 BOSS 1 1 0 1 0 0 -113.53453137970067 98.88289770297625 143.1 -89.9458470802201 -120.73609227215609 340.37866 145.80661 309.63825861929814 -21.41605076804327 -14.1633415 -33.048786 0.64987206 309.63821831544385 -21.41614471822686 309.67548025989095 -21.325827523629528 48.7138135799008 89.91964680570311 5400.0 5400.0 2016.0 1 51 {-999.0 15.276783 14.868217 14.723691 -999.0} sdss_psfmag_from_g3xp 15.201905 14.882634 14.391615 13.458 63050396543863997 1072585910 bright_1x1 mwm_halo_local_high_boss_single mwm_halo science 0 0 0.0 0.0 -999 ""
FIBERMAP 163 R+5C6 METROLOGY 0 0 0 1 0 0 -114.26161723544742 98.78310681151405 143.1 -89.7909599058222 -121.45345629895425 340.37866 145.80661 -999.0 -999.0 -999.0 -999.0 -999.0 309.638651486993 -21.418351735201323 309.6759718121 -21.32801464397154 48.71413728398606 89.92299767772067 -999.0 6231.0 -999.0 -1 -999 {-999.0 -999.0 -999.0 -999.0 -999.0} "" -999.0 -999.0 -999.0 -999.0 -999 -999 "" "" "" "" 0 0 0.0 0.0 -999 ""
FIBERMAP 165 R-3C3 APOGEE 0 0 0 1 0 0 -212.0960483798671 -45.46280888584064 143.1 61.487098651827004 -208.0143913098103 83.35397 120.42444 -999.0 -999.0 -999.0 -999.0 -999.0 310.1310222864622 -21.681072529651786 310.1685619803461 -21.58966995138487 48.37293200609465 90.53135039403219 -999.0 16600.0 -999.0 2 241 {-999.0 -999.0 -999.0 -999.0 -999.0} "" -999.0 -999.0 -999.0 -999.0 -999 -999 "" "" "" "" 0 0 0.0 0.0 -999 ""
FIBERMAP 165 R-3C3 BOSS 1 1 0 1 0 0 -211.37852783534973 -45.23308857965786 143.1 61.20338957099883 -207.31646234299038 83.35397 120.42444 310.1303100585937 -21.678933601991204 -999.0 -999.0 -999.0 310.13031017559535 -21.67894981034716 310.1676531721772 -21.587613992803387 48.373027642760675 90.52800722475888 5400.0 5400.0 2015.5 1 498 {-999.0 -999.0 -999.0 -999.0 -999.0} "" -999.0 -999.0 -999.0 -999.0 27021603186163188 815792628 "" ops_sky_boss_good ops_sky sky_boss 0 0 0.0 0.0 -999 ""
FIBERMAP 165 R-3C3 METROLOGY 0 0 0 1 0 0 -211.54318668879642 -45.95667099321993 143.1 61.937405372419505 -207.4255207068964 83.35397 120.42444 -999.0 -999.0 -999.0 -999.0 -999.0 310.132656642019 -21.67932624371368 310.1700525516376 -21.58796751750084 48.37104972280728 90.52964973301414 -999.0 6231.0 -999.0 -1 -999 {-999.0 -999.0 -999.0 -999.0 -999.0} "" -999.0 -999.0 -999.0 -999.0 -999 -999 "" "" "" "" 0 0 0.0 0.0 -999 ""
FIBERMAP 166 R-4C1 APOGEE 0 0 0 1 0 0 -246.25808068521062 -92.14200656049677 143.1 110.63255091218463 -238.52092962883077 281.81055 106.058395 -999.0 -999.0 -999.0 -999.0 -999.0 310.290782798729 -21.772578112673976 310.32836139172514 -21.680844627649076 48.26412767119176 90.73610295161365 -999.0 16600.0 -999.0 2 272 {-999.0 -999.0 -999.0 -999.0 -999.0} "" -999.0 -999.0 -999.0 -999.0 -999 -999 "" "" "" "" 0 0 0.0 0.0 -999 ""
FIBERMAP 166 R-4C1 BOSS 1 1 0 1 0 0 -246.88910560927948 -92.52358761219278 143.1 111.06108895837195 -239.12104687749522 281.81055 106.058395 310.2923583984375 -21.77430051782717 -999.0 -999.0 -999.0 310.2923658717456 -21.774314349921397 310.3297531969854 -21.682642017105437 48.263518975550525 90.73930114244365 5400.0 5400.0 2015.5 1 444 {-999.0 -999.0 -999.0 -999.0 -999.0} "" -999.0 -999.0 -999.0 -999.0 27021603186163141 825561673 "" ops_sky_boss_good ops_sky sky_boss 0 0 0.0 0.0 -999 ""
FIBERMAP 166 R-4C1 METROLOGY 0 0 0 1 0 0 -246.90794381228122 -91.77503796146769 143.1 110.31615698422837 -239.1968524556758 281.81055 106.058395 -999.0 -999.0 -999.0 -999.0 -999.0 310.28990903740015 -21.774612610468196 310.327354562928 -21.68292648855214 48.26571264199888 90.73857011765267 -999.0 6231.0 -999.0 -1 -999 {-999.0 -999.0 -999.0 -999.0 -999.0} "" -999.0 -999.0 -999.0 -999.0 -999 -999 "" "" "" "" 0 0 0.0 0.0 -999 ""
FIBERMAP 168 R+5C2 APOGEE 0 0 0 1 0 0 -201.6312371644914 107.97195020515034 143.1 -92.29745037409447 -209.26830091246183 62.58871 96.93877 -999.0 -999.0 -999.0 -999.0 -999.0 309.62976548639716 -21.6835728704477 309.66784576064526 -21.593123250695545 48.81196272566125 90.29697451124395 -999.0 16600.0 -999.0 2 -999 {-999.0 -999.0 -999.0 -999.0 -999.0} "" -999.0 -999.0 -999.0 -999.0 -999 -999 "" "" "" "" 0 0 0.0 0.0 -999 ""
FIBERMAP 168 R+5C2 BOSS 1 1 0 1 0 0 -200.90886024187174 107.7027777116858 143.1 -92.08409128264164 -208.5275255462239 62.58871 96.93877 309.6303848065272 -21.681286879472257 6.6064863 -10.621511 0.132824 309.63063780139044 -21.681316437917186 309.66852226603214 -21.59092958993999 48.81062555174563 90.29416638112718 5400.0 5400.0 2016.0 1 73 {-999.0 13.747396 13.1469555 12.885091 -999.0} sdss_psfmag_from_g3xp 13.593141 13.15528 12.541316 11.345 63050396543860020 1061927087 bright_1x1 manual_mwm_halo_vmp_wise_boss_single mwm_halo science 0 0 0.7607580423355103 0.0 -999 ""
FIBERMAP 168 R+5C2 METROLOGY 0 0 0 1 0 0 -201.49762620852826 107.23598394964489 143.1 -91.5738081539446 -209.07901580421046 62.58871 96.93877 -999.0 -999.0 -999.0 -999.0 -999.0 309.6322265050711 -21.683038459392225 309.6701670174658 -21.592629972482356 48.809765200166225 90.29738396101214 -999.0 6231.0 -999.0 -1 -999 {-999.0 -999.0 -999.0 -999.0 -999.0} "" -999.0 -999.0 -999.0 -999.0 -999 -999 "" "" "" "" 0 0 0.0 0.0 -999 ""
FIBERMAP 172 R-5C1 APOGEE 0 0 0 1 0 0 -248.4816606109571 -107.14227329545531 143.1 125.75846529188777 -239.59534992404838 242.87856 89.6162 -999.0 -999.0 -999.0 -999.0 -999.0 310.3399631025442 -21.775635562000993 310.3774956280964 -21.683808262462975 48.22216723486842 90.76349334717924 -999.0 16600.0 -999.0 2 273 {-999.0 -999.0 -999.0 -999.0 -999.0} "" -999.0 -999.0 -999.0 -999.0 -999 -999 "" "" "" "" 0 0 0.0 0.0 -999 ""
FIBERMAP 172 R-5C1 BOSS 1 1 0 1 0 0 -249.13905452235647 -106.79692717239642 143.1 125.46420446553451 -240.2771344403633 242.87856 89.6162 310.33918786879144 -21.77759736594749 1.7592958 -6.8386526 0.062253248 310.33918999763097 -21.777616015267856 310.3765340805205 -21.685854322630547 48.22370041360877 90.76592939901843 5400.0 5400.0 2016.0 1 445 {-999.0 16.630663 15.917534 15.643748 -999.0} sdss_psfmag_ps1 16.367088 15.908025 15.26799 13.953 63050396543783824 1076091535 bright_1x1 mwm_halo_mp_xp_boss_single mwm_halo science 0 0 0.0 0.0 -999 ""
FIBERMAP 172 R-5C1 METROLOGY 0 0 0 1 0 0 -248.52881089515105 -106.38966366689428 143.1 125.01164190890205 -239.699694307554 242.87856 89.6162 -999.0 -999.0 -999.0 -999.0 -999.0 310.3376957039503 -21.775952030984357 310.3750925105154 -21.684175328457652 48.22439275951213 90.76287749021219 -999.0 6231.0 -999.0 -1 -999 {-999.0 -999.0 -999.0 -999.0 -999.0} "" -999.0 -999.0 -999.0 -999.0 -999 -999 "" "" "" "" 0 0 0.0 0.0 -999 ""
FIBERMAP 173 R-1C17 APOGEE 0 0 0 1 0 0 87.00826228033328 -18.251274979034687 143.1 11.570024772094701 88.14488992187093 319.2593 156.42357 -999.0 -999.0 -999.0 -999.0 -999.0 309.9702180643801 -20.783177792096403 310.0058658509238 -20.692362786302635 48.203168141912954 89.18764028157852 -999.0 16600.0 -999.0 2 -999 {-999.0 -999.0 -999.0 -999.0 -999.0} "" -999.0 -999.0 -999.0 -999.0 -999 -999 "" "" "" "" 0 0 0.0 0.0 -999 ""
FIBERMAP 173 R-1C17 BOSS 1 1 0 1 0 0 87.33005470746741 -18.902878966134804 143.1 12.19521559992879 88.51538132881795 319.2593 156.42357 309.9724030166336 -20.781921388050897 14.46749 -7.320189 0.30260587 309.97245001760103 -20.781938729685027 310.00790125535696 -20.691187974334532 48.20097078459663 89.18700827516864 5400.0 5400.0 2016.0 1 315 {-999.0 17.763628 17.372969 17.297659 -999.0} sdss_psfmag_ps1 17.676746 17.391855 16.96324 16.004 63050396543880328 977478112 "" ops_std_boss ops_std standard_boss 0 0 0.0 0.0 -999 ""
FIBERMAP 173 R-1C17 METROLOGY 0 0 0 1 0 0 86.58544372946913 -18.8683022797607 143.1 12.217462000596973 87.77030755424201 319.2593 156.42357 -999.0 -999.0 -999.0 -999.0 -999.0 309.97246490680925 -20.784210292244413 310.00797556414614 -20.693439486959385 48.201706125806034 89.19020277422385 -999.0 6231.0 -999.0 -1 -999 {-999.0 -999.0 -999.0 -999.0 -999.0} "" -999.0 -999.0 -999.0 -999.0 -999 -999 "" "" "" "" 0 0 0.0 0.0 -999 ""
FIBERMAP 174 R-8C12 APOGEE 0 0 0 1 0 0 47.46817581341786 -134.39809007367683 143.1 130.3902235159834 57.56781704501706 143.9809 39.444546 -999.0 -999.0 -999.0 -999.0 -999.0 310.3558581038663 -20.876353005000237 310.39131528149744 -20.784779135419914 47.898893579075974 89.50813891066377 -999.0 16600.0 -999.0 2 -999 {-999.0 -999.0 -999.0 -999.0 -999.0} "" -999.0 -999.0 -999.0 -999.0 -999 -999 "" "" "" "" 0 0 0.0 0.0 -999 ""
FIBERMAP 174 R-8C12 BOSS 1 1 0 1 0 0 48.17600212366542 -134.29537194883937 143.1 130.23388477885987 58.265754695727935 143.9809 39.444546 310.355612184202 -20.874126594992322 -6.3510227 -2.9438374 2.7808762 310.35560645234943 -20.87414129478337 310.3908651793282 -20.782637101083242 47.89852929299785 89.50492854459088 5400.0 5400.0 2016.0 1 395 {-999.0 14.712417 13.923416 13.665674 -999.0} sdss_psfmag_from_g3xp 14.484428 13.979575 13.320069 12.029 63050396543876473 1096034316 bright_1x1 mwm_bin_vis_boss mwm_filler science 0 0 0.0 0.0 -999 ""
FIBERMAP 174 R-8C12 METROLOGY 0 0 0 1 0 0 47.89622068600723 -135.0115033143605 143.1 130.96924095700504 58.04134182576453 143.9809 39.444546 -999.0 -999.0 -999.0 -999.0 -999.0 310.3579513768744 -20.874835508334062 310.39326409545026 -20.783307263857303 47.89666867619512 89.5070470632678 -999.0 6231.0 -999.0 -1 -999 {-999.0 -999.0 -999.0 -999.0 -999.0} "" -999.0 -999.0 -999.0 -999.0 -999 -999 "" "" "" "" 0 0 0.0 0.0 -999 ""
FIBERMAP 175 R-9C10 APOGEE 1 1 0 1 0 0 19.18335119733318 -154.90347826520718 143.1 152.99047613075803 30.927505932429057 133.87746 34.21372 310.4292176393483 -20.95710982712836 -4.1653314 -10.047084 1.6745663 310.4292147009807 -20.95713921109004 310.46477857082675 -20.86540159990112 47.86312117744827 89.65675802119728 16000.0 16600.0 2016.0 2 165 {-999.0 12.478569 11.741749 11.4886265 -999.0} sdss_psfmag_from_g3xp 12.276562 11.790502 11.142965 9.855 63050396543876004 1109121086 bright_1x1 mwm_tess_rgb_apogee mwm_tessrgb science 0 0 0.0 0.0 -999 ""
FIBERMAP 175 R-9C10 BOSS 0 0 0 1 0 0 19.91883812782112 -155.06063295108225 143.1 153.09114535693357 31.672819893971344 133.87746 34.21372 -999.0 -999.0 -999.0 -999.0 -999.0 310.42980070421527 -20.95479732313075 310.4651644856008 -20.863127673163458 47.86198228411015 89.65377562199006 -999.0 5400.0 -999.0 1 398 {-999.0 -999.0 -999.0 -999.0 -999.0} "" -999.0 -999.0 -999.0 -999.0 -999 -999 "" "" "" "" 0 0 0.0 0.0 -999 ""
FIBERMAP 175 R-9C10 METROLOGY 0 0 0 1 0 0 19.40820953427795 -155.61109399703543 143.1 153.6788995360365 31.205612701248484 133.87746 34.21372 -999.0 -999.0 -999.0 -999.0 -999.0 310.4316711910815 -20.95622913124544 310.46709126628343 -20.864536143555956 47.86079378620983 89.65668600280611 -999.0 6231.0 -999.0 -1 -999 {-999.0 -999.0 -999.0 -999.0 -999.0} "" -999.0 -999.0 -999.0 -999.0 -999 -999 "" "" "" "" 0 0 0.0 0.0 -999 ""
FIBERMAP 176 R-7C19 APOGEE 0 0 0 1 0 0 188.1501995744565 -151.020117787224 143.1 136.24704281613023 199.10585404047242 277.2498 100.56493 -999.0 -999.0 -999.0 -999.0 -999.0 310.3736202465375 -20.4482895484565 310.40808615209323 -20.356817923293583 47.7312783692822 88.92128711519359 -999.0 16600.0 -999.0 2 -999 {-999.0 -999.0 -999.0 -999.0 -999.0} "" -999.0 -999.0 -999.0 -999.0 -999 -999 "" "" "" "" 0 0 0.0 0.0 -999 ""
FIBERMAP 176 R-7C19 BOSS 1 1 0 1 0 0 187.44024262905208 -151.27685565641173 143.1 136.55711450888106 198.41752473689655 277.2498 100.56493 310.3748971372858 -20.45022037884071 -18.608078 -23.489168 0.7796764 310.3748385056692 -20.450273820705835 310.4091139341672 -20.3588695602964 47.73112031053547 88.9246488483252 5400.0 5400.0 2016.0 1 276 {-999.0 16.814653 16.194992 15.985649 -999.0} sdss_psfmag_ps1 16.641981 16.231606 15.654154 14.522 63050396543883704 1072895537 bright_1x1 mwm_halo_local_high_boss_single mwm_halo science 0 0 0.0 0.0 -999 ""
FIBERMAP 176 R-7C19 METROLOGY 0 0 0 1 0 0 187.59407818560308 -150.51989062117258 143.1 135.79063791040676 198.51324837308414 277.2498 100.56493 -999.0 -999.0 -999.0 -999.0 -999.0 310.3723356613698 -20.449965782991477 310.4066678967248 -20.35854641221441 47.73314231570494 88.922970129004 -999.0 6231.0 -999.0 -1 -999 {-999.0 -999.0 -999.0 -999.0 -999.0} "" -999.0 -999.0 -999.0 -999.0 -999 -999 "" "" "" "" 0 0 0.0 0.0 -999 ""
FIBERMAP 180 R-4C11 APOGEE 0 0 0 1 0 0 -41.96364630810149 -74.2493331555482 143.1 77.22950206066992 -36.18519261678862 220.51189 57.52747 -999.0 -999.0 -999.0 -999.0 -999.0 310.1832425354953 -21.160880858804678 310.2195315184721 -21.069543047281257 48.149176494973744 89.82246023128369 -999.0 16600.0 -999.0 2 -999 {-999.0 -999.0 -999.0 -999.0 -999.0} "" -999.0 -999.0 -999.0 -999.0 -999 -999 "" "" "" "" 0 0 0.0 0.0 -999 ""
FIBERMAP 180 R-4C11 BOSS 1 1 0 1 0 0 -42.073864327343884 -73.51420375580437 143.1 76.50491225125293 -36.35108924876555 220.51189 57.52747 310.18121016315087 -21.16126372258276 -23.113674 -27.92591 0.78660136 310.1811254526019 -21.161338868970507 310.2172250079242 -21.070071881232533 48.151378039821374 89.82207727652064 5400.0 5400.0 2016.0 1 422 {-999.0 15.236675 14.82056 14.676112 -999.0} sdss_psfmag_from_g3xp 15.159615 14.837852 14.347077 13.467 63050396543872891 1072551054 bright_1x1 mwm_halo_local_high_boss_single mwm_halo science 0 0 0.0 0.0 -999 ""
FIBERMAP 180 R-4C11 METROLOGY 0 0 0 1 0 0 -41.36989297581147 -73.79440986839906 143.1 76.73067487186752 -35.6278252776839 220.51189 57.52747 -999.0 -999.0 -999.0 -999.0 -999.0 310.18181513853466 -21.159165049719547 310.21796359730445 -21.067878473352394 48.14996669496511 89.81935687412272 -999.0 6231.0 -999.0 -1 -999 {-999.0 -999.0 -999.0 -999.0 -999.0} "" -999.0 -999.0 -999.0 -999.0 -999 -999 "" "" "" "" 0 0 0.0 0.0 -999 ""
FIBERMAP 182 R+7C8 APOGEE 0 0 0 1 0 0 -49.23343237178119 122.01536887967592 143.1 -117.90913610125722 -58.38464725947196 312.83957 99.61343 -999.0 -999.0 -999.0 -999.0 -999.0 309.5477527262295 -21.22672287666182 309.58486100930054 -21.136573222493197 48.72753386084235 89.60619391090057 -999.0 16600.0 -999.0 2 124 {-999.0 -999.0 -999.0 -999.0 -999.0} "" -999.0 -999.0 -999.0 -999.0 -999 -999 "" "" "" "" 0 0 0.0 0.0 -999 ""
FIBERMAP 182 R+7C8 BOSS 1 1 0 1 0 0 -49.687960021421375 121.42038096191355 143.1 -117.28125848719455 -58.79252516294977 312.83957 99.61343 309.55011242848656 -21.227763884744288 -63.12797 -56.68351 1.0075538 309.54991612450516 -21.227933499091762 309.5868359118366 -21.137844745106978 48.72624920581819 89.60897250327235 5400.0 5400.0 2016.0 1 109 {-999.0 18.05659 17.248365 17.007004 -999.0} sdss_psfmag_ps1 17.870153 17.304585 16.61867 15.226 63050396543864600 1072895533 bright_1x1 mwm_halo_local_high_boss_single mwm_halo science 0 0 0.0 0.0 -999 ""
FIBERMAP 182 R+7C8 METROLOGY 0 0 0 1 0 0 -49.96821907477367 122.12050385492867 143.1 -117.95799063831367 -59.12530032717028 312.83957 99.61343 -999.0 -999.0 -999.0 -999.0 -999.0 309.5476451843078 -21.228956779266298 309.5846232901541 -21.138853503294456 48.72853496218269 89.60931797264391 -999.0 6231.0 -999.0 -1 -999 {-999.0 -999.0 -999.0 -999.0 -999.0} "" -999.0 -999.0 -999.0 -999.0 -999 -999 "" "" "" "" 0 0 0.0 0.0 -999 ""
FIBERMAP 183 R+12C1 APOGEE 0 0 0 1 0 0 -158.29583018194123 251.578207297273 143.1 -238.78614057887575 -176.9987532815977 136.16533 68.932076 -999.0 -999.0 -999.0 -999.0 -999.0 309.15477325264885 -21.58231142930689 309.19311863073847 -21.49280499479068 49.19292065691649 89.92385825390983 -999.0 16600.0 -999.0 2 8 {-999.0 -999.0 -999.0 -999.0 -999.0} "" -999.0 -999.0 -999.0 -999.0 -999 -999 "" "" "" "" 0 0 0.0 0.0 -999 ""
FIBERMAP 183 R+12C1 BOSS 1 1 0 1 0 0 -157.62354613969313 251.9097677248888 143.1 -239.16794685014085 -176.35368679544334 136.16533 68.932076 309.1537097211496 -21.58026423790051 19.0806 -1.1442245 3.0299335 309.15377348124764 -21.58026515378565 309.19192827624 -21.490824490401966 49.193284979303854 89.92043102134329 5400.0 5400.0 2016.0 1 8 {-999.0 21.889156 20.458506 18.88397 -999.0} sdss_psfmag_ps1 21.318981 19.587627 18.341696 15.793 63050396543865726 1095077370 bright_1x1 mwm_bin_vis_boss mwm_filler science 0 0 0.0 0.0 -999 ""
FIBERMAP 183 R+12C1 METROLOGY 0 0 0 1 0 0 -157.67645797237 251.15543906305948 143.1 -238.41178700942095 -176.348981814562 136.16533 68.932076 -999.0 -999.0 -999.0 -999.0 -999.0 309.15610512899053 -21.58033383957341 309.19431058545285 -21.49087075306112 49.19121749475992 89.92165642332037 -999.0 6231.0 -999.0 -1 -999 {-999.0 -999.0 -999.0 -999.0 -999.0} "" -999.0 -999.0 -999.0 -999.0 -999 -999 "" "" "" "" 0 0 0.0 0.0 -999 ""
FIBERMAP 186 R+12C12 APOGEE 0 0 0 1 0 0 69.94180632325765 229.27548172761928 143.1 -233.93491560252303 52.27233864308503 241.6447 55.540665 -999.0 -999.0 -999.0 -999.0 -999.0 309.1743088316125 -20.88936502628949 309.21102313700385 -20.800037936906275 48.936341147795844 88.94138365535076 -999.0 16600.0 -999.0 2 -999 {-999.0 -999.0 -999.0 -999.0 -999.0} "" -999.0 -999.0 -999.0 -999.0 -999 -999 "" "" "" "" 0 0 0.0 0.0 -999 ""
FIBERMAP 186 R+12C12 BOSS 1 1 0 1 0 0 69.61944369384568 229.94653429437517 143.1 -234.57945486508103 51.89979716104746 241.6447 55.540665 309.1724327954081 -20.890304589223096 -9.8243685 -37.219677 0.51103276 309.1723823033425 -20.890410214075622 309.20891424722856 -20.801152556699314 48.93857945083679 88.94190867322254 5400.0 5400.0 2016.0 1 106 {-999.0 15.838021 15.441559 15.274143 -999.0} sdss_psfmag_ps1 15.70903 15.418261 14.942626 14.074 63050396543889878 1073397301 bright_1x1 mwm_halo_local_high_boss_single mwm_halo science 0 0 0.0 0.0 -999 ""
FIBERMAP 186 R+12C12 METROLOGY 0 0 0 1 0 0 70.35220519784527 229.9008384102679 143.1 -234.58971183165096 52.63390304026628 241.6447 55.540665 -999.0 -999.0 -999.0 -999.0 -999.0 309.1722741408718 -20.88819811724993 309.2088539995218 -20.79892265075573 48.93784301665746 88.93870326534068 -999.0 6231.0 -999.0 -1 -999 {-999.0 -999.0 -999.0 -999.0 -999.0} "" -999.0 -999.0 -999.0 -999.0 -999 -999 "" "" "" "" 0 0 0.0 0.0 -999 ""
FIBERMAP 193 R+4C23 APOGEE 1 1 0 1 0 0 234.8240084768103 69.21164937368911 143.1 -86.89804068670159 228.86696410624413 224.3176 108.231476 309.65302663470516 -20.357203137756848 9.891184 -9.731472 1.7622272 309.6530442610653 -20.35723765486384 309.6880442267171 -20.26716086618223 48.32832733941577 88.4308687029266 16000.0 16600.0 2016.0 2 86 {-999.0 12.144599 11.870891 11.815536 -999.0} sdss_psfmag_from_g3xp 12.119495 11.879904 11.491277 10.902 63050396543902047 975404334 "" ops_std_apogee ops_std standard_apogee 0 0 0.0 0.0 -999 ""
FIBERMAP 193 R+4C23 BOSS 0 0 0 1 0 0 234.22559682416608 69.6346002073491 143.1 -87.2741730365645 228.2380781689865 224.3176 108.231476 -999.0 -999.0 -999.0 -999.0 -999.0 309.6519993143635 -20.35903708104765 309.6868150313601 -20.269030903034754 48.33008035295316 88.43286047844549 -999.0 5400.0 -999.0 1 259 {-999.0 -999.0 -999.0 -999.0 -999.0} "" -999.0 -999.0 -999.0 -999.0 -999 -999 "" "" "" "" 0 0 0.0 0.0 -999 ""
FIBERMAP 193 R+4C23 METROLOGY 0 0 0 1 0 0 234.8785449022375 69.95984701210521 143.1 -87.64821113766668 228.86434602436512 224.3176 108.231476 -999.0 -999.0 -999.0 -999.0 -999.0 309.6507358789276 -20.357132510008228 309.6856022151318 -20.267109742261134 48.330443489240075 88.42954681352995 -999.0 6231.0 -999.0 -1 -999 {-999.0 -999.0 -999.0 -999.0 -999.0} "" -999.0 -999.0 -999.0 -999.0 -999 -999 "" "" "" "" 0 0 0.0 0.0 -999 ""
FIBERMAP 197 R0C13 APOGEE 0 0 0 1 0 0 -31.610941989570772 4.365613867390208 143.1 -1.9448562099142495 -31.85132968130198 128.97429 139.73984 -999.0 -999.0 -999.0 -999.0 -999.0 309.9254704847357 -21.147453462727018 309.96200029747763 -21.05660855870646 48.36986599993761 89.67823792012285 -999.0 16600.0 -999.0 2 250 {-999.0 -999.0 -999.0 -999.0 -999.0} "" -999.0 -999.0 -999.0 -999.0 -999 -999 "" "" "" "" 0 0 0.0 0.0 -999 ""
FIBERMAP 197 R0C13 BOSS 1 1 0 1 0 0 -31.53522280093802 5.097090372397513 143.1 -2.6799679237341527 -31.831552998538605 128.97429 139.73984 309.9232518746206 -21.147326975494934 2.661006 -5.717343 0.40464857 309.92326600177313 -21.147343101272433 309.95960668451687 -21.056568917690534 48.3719453008899 89.67700772266022 5400.0 5400.0 2016.0 1 518 {-999.0 17.192705 16.79169 16.694113 -999.0} sdss_psfmag_ps1 17.13023 16.81213 16.330639 15.425 63050396543874242 977478068 "" ops_std_boss ops_std standard_boss 0 0 0.0 0.0 -999 ""
FIBERMAP 197 R0C13 METROLOGY 0 0 0 1 0 0 -30.929357577738287 4.662902018669824 143.1 -2.2931986114320018 -31.194379182887587 128.97429 139.73984 -999.0 -999.0 -999.0 -999.0 -999.0 309.92447602609707 -21.145431415447554 309.96086522166195 -21.05463669725624 48.37016994350696 89.67489968916965 -999.0 6231.0 -999.0 -1 -999 {-999.0 -999.0 -999.0 -999.0 -999.0} "" -999.0 -999.0 -999.0 -999.0 -999 -999 "" "" "" "" 0 0 0.0 0.0 -999 ""
FIBERMAP 213 R+3C1 APOGEE 1 1 0 1 0 0 -238.69776768858722 50.22712693211502 143.1 -31.89738180905062 -241.82792173675358 32.90963 47.66145 309.8263401371899 -21.782430567641438 2.4418397 -7.797295 1.3450432 309.8263571037636 -21.782465274791637 309.8644573469228 -21.69160962610701 48.673421421281134 90.53142896153776 16000.0 16600.0 2016.0 2 3 {-999.0 12.519159 11.799635 11.559469 -999.0} sdss_psfmag_from_g3xp 12.32332 11.849405 11.214741 9.971 63050396543784558 1108056874 bright_1x1 mwm_tess_rgb_apogee mwm_tessrgb science 0 0 0.0 0.0 -999 ""
FIBERMAP 213 R+3C1 BOSS 0 0 0 1 0 0 -238.8442993997787 49.482416527043675 143.1 -31.143680493810578 -241.91729634587045 32.90963 47.66145 -999.0 -999.0 -999.0 -999.0 -999.0 309.8290010745061 -21.782702355433205 309.86690820323474 -21.69190531316516 48.67137826673234 90.53301650454682 -999.0 5400.0 -999.0 1 3 {-999.0 -999.0 -999.0 -999.0 -999.0} "" -999.0 -999.0 -999.0 -999.0 -999 -999 "" "" "" "" 0 0 0.0 0.0 -999 ""
FIBERMAP 213 R+3C1 METROLOGY 0 0 0 1 0 0 -239.40321026775445 49.9770702924584 143.1 -31.594315755653824 -242.51225879353737 32.90963 47.66145 -999.0 -999.0 -999.0 -999.0 -999.0 309.82746849160236 -21.78454461758385 309.8654356152724 -21.693731853739905 48.67328359165619 90.53491890062736 -999.0 6231.0 -999.0 -1 -999 {-999.0 -999.0 -999.0 -999.0 -999.0} "" -999.0 -999.0 -999.0 -999.0 -999 -999 "" "" "" "" 0 0 0.0 0.0 -999 ""
FIBERMAP 216 R-9C18 APOGEE 1 1 0 1 0 0 195.4577282676178 -188.10541271575198 143.1 172.66753763301094 209.2171236368813 299.14673 108.33961 310.490730873195 -20.418094903054804 11.339751 -12.705643 1.0593174 310.490747651936 -20.418138718148278 310.52502356009904 -20.326456315397497 47.6180693750125 88.93805863003507 16000.0 16600.0 2016.0 2 192 {-999.0 13.187069 12.387038 12.117116 -999.0} sdss_psfmag_from_g3xp 12.955778 12.437297 11.769297 10.418 63050396544008517 1105110282 bright_1x1 mwm_tess_rgb_apogee mwm_tessrgb science 0 0 0.0 0.0 -999 ""
FIBERMAP 216 R-9C18 BOSS 0 0 0 1 0 0 194.83548790952108 -188.5578969663725 143.1 173.16610295466614 208.63116653647123 299.14673 108.33961 -999.0 -999.0 -999.0 -999.0 -999.0 310.49255111474355 -20.419841547654375 310.52663459280836 -20.328225874993628 47.61730035361887 88.94131634758264 -999.0 5400.0 -999.0 1 265 {-999.0 -999.0 -999.0 -999.0 -999.0} "" -999.0 -999.0 -999.0 -999.0 -999 -999 "" "" "" "" 0 0 0.0 0.0 -999 ""
FIBERMAP 216 R-9C18 METROLOGY 0 0 0 1 0 0 194.7669682842365 -187.8261931579892 143.1 172.44175228755975 208.50710766478392 299.14673 108.33961 -999.0 -999.0 -999.0 -999.0 -999.0 310.4902041979798 -20.42018803243856 310.5243460039735 -20.328556631089135 47.61942088464104 88.94062324667777 -999.0 6231.0 -999.0 -1 -999 {-999.0 -999.0 -999.0 -999.0 -999.0} "" -999.0 -999.0 -999.0 -999.0 -999 -999 "" "" "" "" 0 0 0.0 0.0 -999 ""
FIBERMAP 223 R-7C9 APOGEE 1 1 0 1 0 0 -14.546183990142307 -145.45137176698367 143.1 146.13534677883334 -3.4237135077663496 36.025227 38.279858 310.4071123812231 -21.06134231738929 14.546825 -6.0123224 1.8015585 310.407123001124 -21.06135217605035 310.44294771498664 -20.969623215891605 47.91884983892575 89.79157525302037 16000.0 16600.0 2016.0 2 186 {-999.0 11.08314 11.200702 11.342133 -999.0} sdss_psfmag_from_g3xp 11.187829 11.131427 11.020724 10.848 63050396543873584 975404136 "" ops_std_apogee ops_std standard_apogee 0 0 0.0 0.0 -999 ""
FIBERMAP 223 R-7C9 BOSS 0 0 0 1 0 0 -14.741020408226454 -146.1827760057816 143.1 146.87946043628122 -3.562265600319679 36.025227 38.279858 -999.0 -999.0 -999.0 -999.0 -999.0 310.4098015020946 -21.0617042439321 310.4454301398515 -20.97003797053241 47.91682444708747 89.79336763057955 -999.0 5400.0 -999.0 1 380 {-999.0 -999.0 -999.0 -999.0 -999.0} "" -999.0 -999.0 -999.0 -999.0 -999 -999 "" "" "" "" 0 0 0.0 0.0 -999 ""
FIBERMAP 223 R-7C9 METROLOGY 0 0 0 1 0 0 -15.271120592091684 -145.64598178771126 143.1 146.38461288294022 -4.131711506075937 36.025227 38.279858 -999.0 -999.0 -999.0 -999.0 -999.0 310.40816070280215 -21.0634530861996 310.4438500625066 -20.97177011699357 47.918813546901426 89.79501616105546 -999.0 6231.0 -999.0 -1 -999 {-999.0 -999.0 -999.0 -999.0 -999.0} "" -999.0 -999.0 -999.0 -999.0 -999 -999 "" "" "" "" 0 0 0.0 0.0 -999 ""
FIBERMAP 224 R+2C5 APOGEE 0 0 0 1 0 0 -170.51777522783942 48.580660064661984 143.1 -35.44946642878202 -173.72130703793715 49.463665 117.152275 -999.0 -999.0 -999.0 -999.0 -999.0 309.8152245279683 -21.577160024154878 309.8528613686801 -21.4863898768791 48.61379513743678 90.23378937896683 -999.0 16600.0 -999.0 2 23 {-999.0 -999.0 -999.0 -999.0 -999.0} "" -999.0 -999.0 -999.0 -999.0 -999 -999 "" "" "" "" 0 0 0.0 0.0 -999 ""
FIBERMAP 224 R+2C5 BOSS 1 1 0 1 0 0 -169.77063003835065 48.39436407288893 143.1 -35.32062895935822 -172.96214891209587 49.463665 117.152275 309.8158264160156 -21.574854916356628 -999.0 -999.0 -999.0 309.81582711636827 -21.574865652787793 309.85326732148167 -21.484159612365797 48.61267788802046 90.23081442561715 5400.0 5400.0 2015.5 1 34 {-999.0 -999.0 -999.0 -999.0 -999.0} "" -999.0 -999.0 -999.0 -999.0 27021603186173666 825562773 "" ops_sky_boss_good ops_sky sky_boss 0 0 0.0 0.0 -999 ""
FIBERMAP 224 R+2C5 METROLOGY 0 0 0 1 0 0 -170.30721146818803 47.8612245179343 143.1 -34.748168754358744 -173.45655276733376 49.463665 117.152275 -999.0 -999.0 -999.0 -999.0 -999.0 309.8176312821738 -21.576405622145156 309.85512716395283 -21.485677372117582 48.611570242727716 90.23386644440745 -999.0 6231.0 -999.0 -1 -999 {-999.0 -999.0 -999.0 -999.0 -999.0} "" -999.0 -999.0 -999.0 -999.0 -999 -999 "" "" "" "" 0 0 0.0 0.0 -999 ""
FIBERMAP 226 R-2C25 APOGEE 0 0 0 1 0 0 261.1281171748806 -26.312462768545245 143.1 6.343770709159366 262.3711197438219 134.72844 104.61395 -999.0 -999.0 -999.0 -999.0 -999.0 309.9543016449511 -20.257047023317973 309.9887653119516 -20.166428808829608 48.02882188814751 88.44402345354115 -999.0 16600.0 -999.0 2 239 {-999.0 -999.0 -999.0 -999.0 -999.0} "" -999.0 -999.0 -999.0 -999.0 -999 -999 "" "" "" "" 0 0 0.0 0.0 -999 ""
FIBERMAP 226 R-2C25 BOSS 1 1 0 1 0 0 261.5001149584531 -25.625192074346373 143.1 5.63016628056737 262.68967859400794 134.72844 104.61395 309.9521687248813 -20.255991940871354 0.6861492 -0.5526455 1.8913366 309.95219384204887 -20.256013725934736 309.98646613688663 -20.165470059952224 48.03048238626887 88.44151239829591 5400.0 5400.0 2016.0 1 349 {-999.0 19.483438 18.104948 17.102692 -999.0} sdss_psfmag_ps1 19.022335 17.733536 16.645288 14.557 63050396543885647 1096690600 bright_1x1 mwm_bin_vis_boss mwm_filler science 0 0 0.0 0.0 -999 ""
FIBERMAP 226 R-2C25 METROLOGY 0 0 0 1 0 0 261.86438470432915 -26.303965068566143 143.1 6.279211098695183 263.10459311818744 134.72844 104.61395 -999.0 -999.0 -999.0 -999.0 -999.0 309.9542363898601 -20.254744422808674 309.98855787544653 -20.16417739086895 48.0281828182057 88.44078226989222 -999.0 6231.0 -999.0 -1 -999 {-999.0 -999.0 -999.0 -999.0 -999.0} "" -999.0 -999.0 -999.0 -999.0 -999 -999 "" "" "" "" 0 0 0.0 0.0 -999 ""
FIBERMAP 229 R+9C7 APOGEE 0 0 0 1 0 0 -61.63549493828073 189.73396356601668 143.1 -184.4855228531003 -75.9091503748382 131.60191 93.43789 -999.0 -999.0 -999.0 -999.0 -999.0 309.33146958554096 -21.278558456289446 309.3689235583985 -21.1888071113129 48.934511206850864 89.57431399068832 -999.0 16600.0 -999.0 2 133 {-999.0 -999.0 -999.0 -999.0 -999.0} "" -999.0 -999.0 -999.0 -999.0 -999 -999 "" "" "" "" 0 0 0.0 0.0 -999 ""
FIBERMAP 229 R+9C7 BOSS 1 1 0 1 0 0 -61.12640192215483 190.27351422317844 143.1 -185.0622814804107 -75.44264316083108 131.60191 93.43789 309.3297370919162 -21.277102731888174 0.3513729 0.2570522 -0.15959294 309.3297408705847 -21.277088884572983 309.3670054615544 -21.187406102917056 48.93570233961361 89.57136907012023 5400.0 5400.0 2016.0 1 123 {-999.0 20.26308 20.016838 19.958946 -999.0} sdss_psfmag_ps1 20.221125 20.172401 19.613876 -999.0 63050396543869312 1117383596 bright_1x1 openfibertargets_bhm_quaia_boss open_fiber science 0 0 0.0 0.0 -999 ""
FIBERMAP 229 R+9C7 METROLOGY 0 0 0 1 0 0 -60.912349376114676 189.55886805564754 143.1 -184.36602498565946 -75.17477511729815 131.60191 93.43789 -999.0 -999.0 -999.0 -999.0 -999.0 309.3319184864537 -21.2763221854629 309.36923223437236 -21.186617108498293 48.93348130999955 89.57133948410558 -999.0 6231.0 -999.0 -1 -999 {-999.0 -999.0 -999.0 -999.0 -999.0} "" -999.0 -999.0 -999.0 -999.0 -999 -999 "" "" "" "" 0 0 0.0 0.0 -999 ""
FIBERMAP 230 R+10C2 APOGEE 0 0 0 1 0 0 -164.3605746624413 211.71673244046164 143.1 -198.57890036167274 -180.00928448824638 156.78693 63.53481 -999.0 -999.0 -999.0 -999.0 -999.0 309.28474413751263 -21.592728973551395 309.32297747106236 -21.502969123354966 49.0828325193911 90.00153380922853 -999.0 16600.0 -999.0 2 -999 {-999.0 -999.0 -999.0 -999.0 -999.0} "" -999.0 -999.0 -999.0 -999.0 -999 -999 "" "" "" "" 0 0 0.0 0.0 -999 ""
FIBERMAP 230 R+10C2 BOSS 1 1 0 1 0 0 -163.82805119959232 212.20894477111443 143.1 -199.1102435549351 -179.51580905248127 156.78693 63.53481 309.2832118921438 -21.591189970898693 1.2164506 2.7482219 0.9930037 309.28321785323936 -21.59115999761693 309.3212615309151 -21.501466986331423 49.08382017100491 89.99854585330706 5400.0 5400.0 2016.0 1 18 {-999.0 14.449407 14.115001 14.019524 -999.0} sdss_psfmag_from_g3xp 14.401323 14.12707 13.692973 12.963 63050396543861738 979376520 "" ops_std_boss ops_std standard_boss 0 0 0.0 0.0 -999 ""
FIBERMAP 230 R+10C2 METROLOGY 0 0 0 1 0 0 -163.64756938869462 211.4906313648218 143.1 -198.40777319487586 -179.28113449835882 156.78693 63.53481 -999.0 -999.0 -999.0 -999.0 -999.0 309.28539945582975 -21.59052688671641 309.32349252274685 -21.50081191279806 49.08164551272679 89.99868801584313 -999.0 6231.0 -999.0 -1 -999 {-999.0 -999.0 -999.0 -999.0 -999.0} "" -999.0 -999.0 -999.0 -999.0 -999 -999 "" "" "" "" 0 0 0.0 0.0 -999 ""
FIBERMAP 231 R+2C20 APOGEE 0 0 0 1 0 0 146.5578772441537 33.92482691732501 143.1 -44.990254862303125 143.54624726996545 190.72018 130.03203 -999.0 -999.0 -999.0 -999.0 -999.0 309.78719791845754 -20.61494851592797 309.8226501702467 -20.524534558007865 48.30346264337182 88.8602587660215 -999.0 16600.0 -999.0 2 -999 {-999.0 -999.0 -999.0 -999.0 -999.0} "" -999.0 -999.0 -999.0 -999.0 -999 -999 "" "" "" "" 0 0 0.0 0.0 -999 ""
FIBERMAP 231 R+2C20 BOSS 1 1 0 1 0 0 145.96746855219288 34.374706932463944 143.1 -45.39384751486858 142.92328957258002 190.72018 130.03203 309.7860653798996 -20.616681957007465 -1.3703158 -4.2720733 0.086926356 309.78605184976107 -20.61669996859313 309.82131902932645 -20.526356035359495 48.305279243427734 88.86214358596021 5400.0 5400.0 2016.0 1 230 {-999.0 16.439713 15.67465 15.415227 -999.0} sdss_psfmag_ps1 16.20684 15.699404 15.031281 13.654 63050396543882010 1076091569 bright_1x1 mwm_halo_mp_xp_boss_single mwm_halo science 0 0 0.0 0.0 -999 ""
FIBERMAP 231 R+2C20 METROLOGY 0 0 0 1 0 0 146.65661429776367 34.666277664873704 143.1 -45.73706516859146 143.58821489332837 190.72018 130.03203 -999.0 -999.0 -999.0 -999.0 -999.0 309.7848882394979 -20.614688425821747 309.8202059365799 -20.524327965045934 48.305525623575065 88.85873546992332 -999.0 6231.0 -999.0 -1 -999 {-999.0 -999.0 -999.0 -999.0 -999.0} "" -999.0 -999.0 -999.0 -999.0 -999 -999 "" "" "" "" 0 0 0.0 0.0 -999 ""
FIBERMAP 232 R+13C3 APOGEE 0 0 0 1 0 0 -99.34637456870345 272.0573938278001 143.1 -263.6962090551168 -119.78122782513965 134.75052 57.870514 -999.0 -999.0 -999.0 -999.0 -999.0 309.07500549934724 -21.408980073397316 309.1130297802787 -21.319681574602704 49.20354552187622 89.63584815583539 -999.0 16600.0 -999.0 2 54 {-999.0 -999.0 -999.0 -999.0 -999.0} "" -999.0 -999.0 -999.0 -999.0 -999 -999 "" "" "" "" 0 0 0.0 0.0 -999 ""
FIBERMAP 232 R+13C3 BOSS 1 1 0 1 0 0 -98.61488080378804 272.1137121700115 143.1 -263.808086220014 -119.05615713130325 134.75052 57.870514 309.07479733372656 -21.406717295506503 19.31934 -0.48322067 3.7834117 309.0748748190852 -21.40671121471234 309.1127076013165 -21.317477434139864 49.20306740415766 89.63252313579216 5400.0 5400.0 2016.0 1 91 {-999.0 18.412323 16.987604 15.900428 -999.0} sdss_psfmag_ps1 17.778185 16.543558 15.448245 13.418 63050396543866973 1094528816 bright_1x1 mwm_bin_vis_boss mwm_filler science 0 0 0.0 0.0 -999 ""
FIBERMAP 232 R+13C3 METROLOGY 0 0 0 1 0 0 -98.9213140152481 271.4573269578569 143.1 -263.13027173256125 -119.31169534893033 134.75052 57.870514 -999.0 -999.0 -999.0 -999.0 -999.0 309.0769417929372 -21.407547514390632 309.1148271748956 -21.318291417190043 49.20149452914997 89.63473438377304 -999.0 6231.0 -999.0 -1 -999 {-999.0 -999.0 -999.0 -999.0 -999.0} "" -999.0 -999.0 -999.0 -999.0 -999 -999 "" "" "" "" 0 0 0.0 0.0 -999 ""
FIBERMAP 234 R+3C20 APOGEE 0 0 0 1 0 0 150.7966551430879 71.94479326219927 143.1 -83.22225933212465 144.87641677499394 217.98018 18.378345 -999.0 -999.0 -999.0 -999.0 -999.0 309.66337664162006 -20.610665399262636 309.6989465186142 -20.520488784031162 48.4101666616202 88.7920796621471 -999.0 16600.0 -999.0 2 69 {-999.0 -999.0 -999.0 -999.0 -999.0} "" -999.0 -999.0 -999.0 -999.0 -999 -999 "" "" "" "" 0 0 0.0 0.0 -999 ""
FIBERMAP 234 R+3C20 BOSS 1 1 0 1 0 0 151.2304326347266 72.55536120403247 143.1 -83.86409085585488 145.2624181839764 217.98018 18.378345 309.66146235851375 -20.609340407102888 -5.9230156 -6.2860365 0.39383903 309.6614607089573 -20.609369205947523 309.6968400493445 -20.519264830821506 48.41156951136036 88.78929278602749 5400.0 5400.0 2016.0 1 224 {-999.0 16.985533 16.562788 16.411573 -999.0} sdss_psfmag_ps1 16.903353 16.574364 16.080597 15.303 63050396543882185 944753908 bright_1x1 openfibertargets_nov2020_6c open_fiber science 0 0 0.0 0.0 -999 ""
FIBERMAP 234 R+3C20 METROLOGY 0 0 0 1 0 0 151.54715261688477 71.88353671835152 143.1 -83.21835208492942 145.62939227422396 217.98018 18.378345 -999.0 -999.0 -999.0 -999.0 -999.0 309.6634931176014 -20.608264804195283 309.6989215398643 -20.518137586009157 48.40934552125464 88.7887604758854 -999.0 6231.0 -999.0 -1 -999 {-999.0 -999.0 -999.0 -999.0 -999.0} "" -999.0 -999.0 -999.0 -999.0 -999 -999 "" "" "" "" 0 0 0.0 0.0 -999 ""
FIBERMAP 243 R-11C12 APOGEE 0 0 0 1 0 0 73.79291365252578 -192.44584429849994 143.1 186.26337993191044 88.23770328869954 170.42923 30.031672 -999.0 -999.0 -999.0 -999.0 -999.0 310.536350444279 -20.783457542002612 310.57140650954943 -20.691573462146295 47.70836559798246 89.46729476754558 -999.0 16600.0 -999.0 2 183 {-999.0 -999.0 -999.0 -999.0 -999.0} "" -999.0 -999.0 -999.0 -999.0 -999 -999 "" "" "" "" 0 0 0.0 0.0 -999 ""
FIBERMAP 243 R-11C12 BOSS 1 1 0 1 0 0 74.49131574029269 -192.1477674459283 143.1 185.91297000787614 88.91136234475422 170.42923 30.031672 310.5354549829608 -20.781295447937897 -1.9167105 -9.677736 0.28503534 310.53545702354927 -20.781326624088837 310.5703144641085 -20.689514155538657 47.708588766124976 89.46389467736145 5400.0 5400.0 2016.0 1 376 {-999.0 18.363298 18.059093 17.895021 -999.0} sdss_psfmag_ps1 18.29985 17.993597 17.544477 -999.0 63050396543877178 977478085 "" ops_std_boss ops_std standard_boss 0 0 0.0 0.0 -999 ""
FIBERMAP 243 R-11C12 METROLOGY 0 0 0 1 0 0 74.40500863038822 -192.88389809641853 143.1 186.65352885312336 88.88138315228964 170.42923 30.031672 -999.0 -999.0 -999.0 -999.0 -999.0 310.53782111569853 -20.781424692620647 310.5727314644845 -20.68958812849268 47.706501516199985 89.46519151900259 -999.0 6231.0 -999.0 -1 -999 {-999.0 -999.0 -999.0 -999.0 -999.0} "" -999.0 -999.0 -999.0 -999.0 -999 -999 "" "" "" "" 0 0 0.0 0.0 -999 ""
FIBERMAP 244 R-4C15 APOGEE 1 1 0 1 0 0 74.95445686046003 -88.51190509219832 143.1 82.54401070078156 81.47847877834934 307.4022 116.35865 310.20062270876235 -20.80367020314202 0.87239724 -20.476269 1.5776387 310.2006271803696 -20.803730646330884 310.23608161910033 -20.712472748671047 48.00900902345128 89.33036111582891 16000.0 16600.0 2016.0 2 199 {-999.0 11.041267 10.153495 9.835929 -999.0} sdss_psfmag_from_g3xp 10.763899 10.194822 9.4818735 7.992 63050396543877744 1107488965 bright_1x1 mwm_tess_rgb_apogee mwm_tessrgb science 0 0 0.0 0.0 -999 ""
FIBERMAP 244 R-4C15 BOSS 0 0 0 1 0 0 74.6046316816718 -89.17371277797253 143.1 83.23053732294046 81.18008818470827 307.4022 116.35865 -999.0 -999.0 -999.0 -999.0 -999.0 310.2030948438484 -20.80452721836452 310.2383557600947 -20.713332878505394 48.007325841606864 89.33269185813941 -999.0 5400.0 -999.0 1 280 {-999.0 -999.0 -999.0 -999.0 -999.0} "" -999.0 -999.0 -999.0 -999.0 -999 -999 "" "" "" "" 0 0 0.0 0.0 -999 ""
FIBERMAP 244 R-4C15 METROLOGY 0 0 0 1 0 0 74.2076036252416 -88.53414096944726 143.1 82.62307481826608 80.73549709806646 307.4022 116.35865 -999.0 -999.0 -999.0 -999.0 -999.0 310.20107832991374 -20.805884734477328 310.2363990857715 -20.714674364798405 48.00951306877262 89.33359516788778 -999.0 6231.0 -999.0 -1 -999 {-999.0 -999.0 -999.0 -999.0 -999.0} "" -999.0 -999.0 -999.0 -999.0 -999 -999 "" "" "" "" 0 0 0.0 0.0 -999 ""
FIBERMAP 249 R+8C6 APOGEE 0 0 0 1 0 0 -107.8230348596536 166.72547707062333 143.1 -158.02569448894877 -120.20929700988468 213.6981 35.86577 -999.0 -999.0 -999.0 -999.0 -999.0 309.4167376638723 -21.413252609760388 309.4544151401112 -21.323295435154137 48.90625850270343 89.8082844234367 -999.0 16600.0 -999.0 2 -999 {-999.0 -999.0 -999.0 -999.0 -999.0} "" -999.0 -999.0 -999.0 -999.0 -999 -999 "" "" "" "" 0 0 0.0 0.0 -999 ""
FIBERMAP 249 R+8C6 BOSS 1 1 0 1 0 0 -107.57796046139639 167.40263690570302 143.1 -158.71954889084523 -120.01652124354283 213.6981 35.86577 309.41460539664104 -21.41250624028914 9.137228 -43.989544 0.7115655 309.414628312294 -21.412622903530345 309.45211823210786 -21.32273436983534 48.90807374543122 89.8063612316115 5400.0 5400.0 2016.0 1 79 {-999.0 17.942553 17.3301 17.149164 -999.0} sdss_psfmag_ps1 17.766232 17.363178 16.776869 15.673 63050396543864291 942015435 bright_1x1 openfibertargets_nov2020_34a open_fiber science 0 0 0.0 0.0 -999 ""
FIBERMAP 249 R+8C6 METROLOGY 0 0 0 1 0 0 -107.08292990328273 166.83384159595968 143.1 -158.1901220547038 -119.4796049579826 213.6981 35.86577 -999.0 -999.0 -999.0 -999.0 -999.0 309.41627462508575 -21.41104555738273 309.4538125161454 -21.32113611727972 48.90604130242757 89.80490618092477 -999.0 6231.0 -999.0 -1 -999 {-999.0 -999.0 -999.0 -999.0 -999.0} "" -999.0 -999.0 -999.0 -999.0 -999 -999 "" "" "" "" 0 0 0.0 0.0 -999 ""
FIBERMAP 253 R+5C3 APOGEE 0 0 0 1 0 0 -189.7915511552584 108.61531186040466 143.1 -93.84084845194995 -197.51214671798576 74.174484 127.94951 -999.0 -999.0 -999.0 -999.0 -999.0 309.6248109214355 -21.648114054185164 309.6628141577826 -21.557684997016125 48.804307492509245 90.24395688915155 -999.0 16600.0 -999.0 2 19 {-999.0 -999.0 -999.0 -999.0 -999.0} "" -999.0 -999.0 -999.0 -999.0 -999 -999 "" "" "" "" 0 0 0.0 0.0 -999 ""
FIBERMAP 253 R+5C3 BOSS 1 1 0 1 0 0 -189.11807492575787 108.92596323388574 143.1 -94.20189745347686 -196.86429873072686 74.174484 127.94951 309.62391836083697 -21.64605083981286 -37.023643 -21.385586 1.2551187 309.62380839317996 -21.64613093373008 309.6616184958865 -21.555768275705933 48.80470041780168 90.24064572184506 5400.0 5400.0 2016.0 1 28 {-999.0 14.284417 13.923036 13.793449 -999.0} sdss_psfmag_from_g3xp 14.221048 13.925614 13.462559 12.633 63050396543860064 1072479953 bright_1x1 mwm_halo_local_high_boss_single mwm_halo science 0 0 0.0 0.0 -999 ""
FIBERMAP 253 R+5C3 METROLOGY 0 0 0 1 0 0 -189.19315122104354 108.17042168506491 143.1 -93.4428398389562 -196.88160119066455 74.174484 127.94951 -999.0 -999.0 -999.0 -999.0 -999.0 309.6262103204732 -21.646245407465926 309.6640718620109 -21.555860027990036 48.80258624966821 90.24195639294908 -999.0 6231.0 -999.0 -1 -999 {-999.0 -999.0 -999.0 -999.0 -999.0} "" -999.0 -999.0 -999.0 -999.0 -999 -999 "" "" "" "" 0 0 0.0 0.0 -999 ""
FIBERMAP 255 R-5C11 APOGEE 1 1 0 1 0 0 -14.527257226205082 -118.93194870627178 143.1 119.69180786137001 -5.425013342516262 340.58698 15.888066 310.3212926033164 -21.06743749270654 14.963193 -21.667427 2.1878521 310.3213118744836 -21.06748426434274 310.3572413542963 -20.975915120039367 47.99600414894038 89.75847568684753 16000.0 16600.0 2016.0 2 170 {-999.0 9.638668 9.772803 9.909184 -999.0} sdss_psfmag_from_g3xp 9.747246 9.698965 9.588461 9.441 63050396543873634 975404137 "" ops_std_apogee ops_std standard_apogee 0 0 0.0 0.0 -999 ""
FIBERMAP 255 R-5C11 BOSS 0 0 0 1 0 0 -15.29193539248981 -118.86429370930841 143.1 119.68260106113027 -6.192615601134773 340.58698 15.888066 -999.0 -999.0 -999.0 -999.0 -999.0 310.3215427174917 -21.069749750044135 310.3572836049452 -20.97824708248411 47.99678464760419 89.76176005260902 -999.0 5400.0 -999.0 1 409 {-999.0 -999.0 -999.0 -999.0 -999.0} "" -999.0 -999.0 -999.0 -999.0 -999 -999 "" "" "" "" 0 0 0.0 0.0 -999 ""
FIBERMAP 255 R-5C11 METROLOGY 0 0 0 1 0 0 -14.868375486302599 -118.2574869014176 143.1 119.04529805005969 -5.816515472851406 340.58698 15.888066 -999.0 -999.0 -999.0 -999.0 -999.0 310.31943082837796 -21.06862873248935 310.35522623948987 -20.977111238230215 47.998185618886275 89.75916405574719 -999.0 6231.0 -999.0 -1 -999 {-999.0 -999.0 -999.0 -999.0 -999.0} "" -999.0 -999.0 -999.0 -999.0 -999 -999 "" "" "" "" 0 0 0.0 0.0 -999 ""
FIBERMAP 266 R-11C1 APOGEE 0 0 0 1 0 0 -154.92311560824848 -204.9464291630261 143.1 216.15042766570667 -138.8591729705083 49.785152 98.227325 -999.0 -999.0 -999.0 -999.0 -999.0 310.6339137119213 -21.47075062329484 310.67043041048134 -21.378466068991298 47.86186788074301 90.47319294771438 -999.0 16600.0 -999.0 2 260 {-999.0 -999.0 -999.0 -999.0 -999.0} "" -999.0 -999.0 -999.0 -999.0 -999 -999 "" "" "" "" 0 0 0.0 0.0 -999 ""
FIBERMAP 266 R-11C1 BOSS 1 1 0 1 0 0 -154.34875210670526 -205.4396089434627 143.1 216.5984161044132 -138.2489152302364 49.785152 98.227325 310.63558760040723 -21.468778814449514 -2.284049 -12.883176 0.21830438 310.6355696528941 -21.46883938943261 310.67188470799397 -21.37661897228151 47.85996123574619 90.47130150587276 5400.0 5400.0 2016.0 1 354 {-999.0 13.8854 14.048633 14.194401 -999.0} sdss_psfmag_from_g3xp 13.998179 13.948761 13.863009 13.617 63050396543793414 1165604567 bright_1x1 openfibertargets_mwm_halo_bhb_boss open_fiber science 0 0 0.0 0.0 -999 ""
FIBERMAP 266 R-11C1 METROLOGY 0 0 0 1 0 0 -155.0699948470527 -205.67433871235582 143.1 216.88740358714523 -138.95017393353388 49.785152 98.227325 -999.0 -999.0 -999.0 -999.0 -999.0 310.63648742950187 -21.470994596169877 310.6728618138694 -21.378752886765156 47.85984031538104 90.47475431273222 -999.0 6231.0 -999.0 -1 -999 {-999.0 -999.0 -999.0 -999.0 -999.0} "" -999.0 -999.0 -999.0 -999.0 -999 -999 "" "" "" "" 0 0 0.0 0.0 -999 ""
FIBERMAP 267 R-9C2 APOGEE 0 0 0 1 0 0 -188.8135050230652 -180.552138132987 143.1 194.40893593909604 -174.50902915113235 261.757 32.254173 -999.0 -999.0 -999.0 -999.0 -999.0 310.563350215241 -21.57868643391964 310.600189688839 -21.486500375359363 47.960323867142264 90.59116535008195 -999.0 16600.0 -999.0 2 -999 {-999.0 -999.0 -999.0 -999.0 -999.0} "" -999.0 -999.0 -999.0 -999.0 -999 -999 "" "" "" "" 0 0 0.0 0.0 -999 ""
FIBERMAP 267 R-9C2 BOSS 1 1 0 1 0 0 -189.1404170273815 -179.91575729112654 143.1 193.79931386279947 -174.88346555319032 261.757 32.254173 310.56158240220554 -21.579766536201888 0.10327502 -0.015112252 -0.26600906 310.56157247908186 -21.57976381198445 310.59822124726054 -21.48764678943858 47.96243706188668 90.59183912021626 5400.0 5400.0 2016.0 1 457 {-999.0 19.839378 19.633472 19.405186 -999.0} sdss_psfmag_ps1 19.535753 19.367123 19.01422 -999.0 63050396543792777 1117383391 bright_1x1 openfibertargets_bhm_quaia_boss open_fiber science 0 0 0.0 0.0 -999 ""
FIBERMAP 267 R-9C2 METROLOGY 0 0 0 1 0 0 -188.38811847207288 -179.93687843251007 143.1 193.76306553416072 -174.13175162063538 261.757 32.254173 -999.0 -999.0 -999.0 -999.0 -999.0 310.561443668695 -21.57754936455385 310.5981427959907 -21.485414574121137 47.96174253416727 90.58866916227925 -999.0 6231.0 -999.0 -1 -999 {-999.0 -999.0 -999.0 -999.0 -999.0} "" -999.0 -999.0 -999.0 -999.0 -999 -999 "" "" "" "" 0 0 0.0 0.0 -999 ""
FIBERMAP 274 R+2C17 APOGEE 1 1 0 1 0 0 74.00125872401908 32.828763531303494 143.1 -38.37023825893913 71.28468583988644 226.066 88.49528 309.80784541846094 -20.8339807338046 3.0545301 -7.2341857 0.71016526 309.8078547665288 -20.83399960396313 309.8437876873346 -20.743477162848826 48.36303648721796 89.1785644263258 16000.0 16600.0 2016.0 2 61 {-999.0 11.877461 10.777663 10.3901 -999.0} sdss_psfmag_from_g3xp 11.488576 10.814067 10.027075 8.338 63050396543879669 1103854687 bright_1x1 mwm_tess_rgb_apogee mwm_tessrgb science 0 0 0.0 0.0 -999 ""
FIBERMAP 274 R+2C17 BOSS 0 0 0 1 0 0 73.5301782637533 33.41894345001711 143.1 -38.92281179812546 70.77002080151901 226.066 88.49528 -999.0 -999.0 -999.0 -999.0 -999.0 309.8062205247048 -20.835448004882522 309.84196803601117 -20.744995756107247 48.36516610340752 89.17979329043953 -999.0 5400.0 -999.0 1 207 {-999.0 -999.0 -999.0 -999.0 -999.0} "" -999.0 -999.0 -999.0 -999.0 -999 -999 "" "" "" "" 0 0 0.0 0.0 -999 ""
FIBERMAP 274 R+2C17 METROLOGY 0 0 0 1 0 0 74.2792819116163 33.519731056832505 143.1 -39.08037003207848 71.50926249362647 226.066 88.49528 -999.0 -999.0 -999.0 -999.0 -999.0 309.80565862943473 -20.833215795863488 309.8414555711489 -20.742746186913497 48.36481644426002 89.1763715926104 -999.0 6231.0 -999.0 -1 -999 {-999.0 -999.0 -999.0 -999.0 -999.0} "" -999.0 -999.0 -999.0 -999.0 -999 -999 "" "" "" "" 0 0 0.0 0.0 -999 ""
FIBERMAP 280 R-3C15 APOGEE 0 0 0 1 0 0 68.37528896846062 -69.70957676641814 143.1 64.29768822571585 73.48618867004306 345.3511 86.60693 -999.0 -999.0 -999.0 -999.0 -999.0 310.1414051001047 -20.827906123854824 310.1769766297216 -20.736752577757663 48.06930768879094 89.33497256970793 -999.0 16600.0 -999.0 2 -999 {-999.0 -999.0 -999.0 -999.0 -999.0} "" -999.0 -999.0 -999.0 -999.0 -999 -999 "" "" "" "" 0 0 0.0 0.0 -999 ""
FIBERMAP 280 R-3C15 BOSS 1 1 0 1 0 0 68.11672293774572 -70.43688488818754 143.1 65.04257244356126 73.2837807589813 345.3511 86.60693 310.14404296875 -20.82841153534673 -999.0 -999.0 -999.0 310.1440553828623 -20.828413982238903 310.17943288703736 -20.73732351532171 48.067362356525855 89.33699054789594 5400.0 5400.0 2015.5 1 328 {-999.0 -999.0 -999.0 -999.0 -999.0} "" -999.0 -999.0 -999.0 -999.0 27021603186175654 815794507 "" ops_sky_boss_good ops_sky sky_boss 0 0 0.0 0.0 -999 ""
FIBERMAP 280 R-3C15 METROLOGY 0 0 0 1 0 0 67.64311776812782 -69.86262430870264 143.1 64.50606415054752 72.76781106116334 345.3511 86.60693 -999.0 -999.0 -999.0 -999.0 -999.0 310.14226464871075 -20.829989834622676 310.1777021588074 -20.738882907953954 48.06942875945746 89.3383134783216 -999.0 6231.0 -999.0 -1 -999 {-999.0 -999.0 -999.0 -999.0 -999.0} "" -999.0 -999.0 -999.0 -999.0 -999 -999 "" "" "" "" 0 0 0.0 0.0 -999 ""
FIBERMAP 284 R-1C5 APOGEE 1 1 0 1 0 0 -185.07515445189455 -27.22523886511499 143.1 41.24433416378652 -182.46156979012602 269.67773 147.5845 310.0652226370832 -21.603976611178716 4.282272 -8.373131 1.346316 310.06523345782347 -21.60400458205795 310.10266594379834 -21.51275087281035 48.404351572162746 90.39100883055801 16000.0 16600.0 2016.0 2 281 {-999.0 10.686405 9.85408 9.558688 -999.0} sdss_psfmag_from_g3xp 10.441406 9.900203 9.209658 7.815 63050396543785426 1106920471 bright_1x1 mwm_tess_rgb_apogee mwm_tessrgb science 0 0 0.0 0.0 -999 ""
FIBERMAP 284 R-1C5 BOSS 0 0 0 1 0 0 -185.59939126689073 -27.758584470557455 143.1 41.816059442127475 -182.94364932890912 269.67773 147.5845 -999.0 -999.0 -999.0 -999.0 -999.0 310.0673006886036 -21.60545469343511 310.1045421343118 -21.514261526615655 48.40322651890658 90.39404507891572 -999.0 5400.0 -999.0 1 462 {-999.0 -999.0 -999.0 -999.0 -999.0} "" -999.0 -999.0 -999.0 -999.0 -999 -999 "" "" "" "" 0 0 0.0 0.0 -999 ""
FIBERMAP 284 R-1C5 METROLOGY 0 0 0 1 0 0 -185.79989011569563 -27.063291995219572 143.1 41.138067726970235 -183.1965288882067 269.67773 147.5845 -999.0 -999.0 -999.0 -999.0 -999.0 310.06503973919854 -21.6062603654698 310.1023399276021 -21.515052830538245 48.40542233663849 90.39411219936483 -999.0 6231.0 -999.0 -1 -999 {-999.0 -999.0 -999.0 -999.0 -999.0} "" -999.0 -999.0 -999.0 -999.0 -999 -999 "" "" "" "" 0 0 0.0 0.0 -999 ""
FIBERMAP 286 R-5C13 APOGEE 1 0 1 1 0 0 34.42869406776219 -89.3399466826592 143.1 86.45677092012636 41.13395967881877 9.837891 170.07362 310.21317066553405 -20.92843395202438 9.725064 -14.201456 0.6478277 310.21335224130496 -20.926150959305552 310.24907273108624 -20.834830308940358 48.04096518216049 89.5078920470371 16000.0 16600.0 2016.0 2 162 {-999.0 12.046185 11.410121 11.162519 -999.0} sdss_psfmag_from_g3xp 11.883417 11.435899 10.819868 9.581 63050396543875269 1107312878 bright_1x1 mwm_tess_rgb_apogee mwm_tessrgb science 0 0 0.0 0.0 -999 ""
FIBERMAP 286 R-5C13 BOSS 0 0 1 1 0 0 35.16789511156124 -89.32297177829327 143.1 86.38353535682911 41.86971224550698 9.837891 170.07362 -999.0 -999.0 -999.0 -999.0 -999.0 310.21335989313775 -20.92382628723208 310.2488822207574 -20.832574361369108 48.04033544371922 89.50464112640759 -999.0 5400.0 -999.0 1 392 {-999.0 -999.0 -999.0 -999.0 -999.0} "" -999.0 -999.0 -999.0 -999.0 -999 -999 "" "" "" "" 0 0 0.0 0.0 -999 ""
FIBERMAP 286 R-5C13 METROLOGY 0 0 1 1 0 0 34.811065744557126 -89.97815176578838 143.1 87.06398716429483 41.56383300811706 9.837891 170.07362 -999.0 -999.0 -999.0 -999.0 -999.0 310.21552422984735 -20.92477158491488 310.25110108471404 -20.83349599873791 48.038720494202686 89.5070256881383 -999.0 6231.0 -999.0 -1 -999 {-999.0 -999.0 -999.0 -999.0 -999.0} "" -999.0 -999.0 -999.0 -999.0 -999 -999 "" "" "" "" 0 0 0.0 0.0 -999 ""
FIBERMAP 290 R+8C13 APOGEE 0 0 0 1 0 0 67.2656863388289 165.71287146917498 143.1 -170.3537837026838 54.44603387743516 67.542465 137.55428 -999.0 -999.0 -999.0 -999.0 -999.0 309.379554702786 -20.883713438754548 309.4160449505704 -20.79399374238797 48.75494172081167 89.03586087304029 -999.0 16600.0 -999.0 2 -999 {-999.0 -999.0 -999.0 -999.0 -999.0} "" -999.0 -999.0 -999.0 -999.0 -999 -999 "" "" "" "" 0 0 0.0 0.0 -999 ""
FIBERMAP 290 R+8C13 BOSS 1 1 0 1 0 0 67.95280065161789 166.0337889791413 143.1 -170.7261078154151 55.106698137763075 67.542465 137.55428 309.37849974502484 -20.881608928192698 -1.7291942 -6.410014 0.13292778 309.3784895781597 -20.881620616530377 309.41478814350637 -20.791970115222806 48.7553244201391 89.03235933616509 5400.0 5400.0 2016.0 1 157 {-999.0 17.83826 17.437317 17.308285 -999.0} sdss_psfmag_ps1 17.708628 17.408928 16.941116 16.077 63050396543872300 977478049 "" ops_std_boss ops_std standard_boss 0 0 0.0 0.0 -999 ""
FIBERMAP 290 R+8C13 METROLOGY 0 0 0 1 0 0 67.87911480659592 165.2848484187103 143.1 -169.9737378623734 55.09027922996161 67.542465 137.55428 -999.0 -999.0 -999.0 -999.0 -999.0 309.3808456295731 -20.881691755641352 309.41719518483694 -20.792017872347582 48.75323670251434 89.033635141329 -999.0 6231.0 -999.0 -1 -999 {-999.0 -999.0 -999.0 -999.0 -999.0} "" -999.0 -999.0 -999.0 -999.0 -999 -999 "" "" "" "" 0 0 0.0 0.0 -999 ""
FIBERMAP 294 R+11C8 APOGEE 1 1 0 1 0 0 -19.983219661894125 195.30890930806945 143.1 -193.21716049208203 -34.80300865600427 297.01364 53.08323 309.3038138540658 -21.153836620110052 10.217734 -0.91193885 0.6784396 309.30384004141837 -21.153848157725253 309.34103350225223 -21.06418897380082 48.91552015598724 89.3827289204134 16000.0 16600.0 2016.0 2 129 {-999.0 12.276489 11.487515 11.1910515 -999.0} sdss_psfmag_from_g3xp 12.046177 11.521423 10.841199 9.43 63050396543869885 1109067081 bright_1x1 mwm_tess_rgb_apogee mwm_tessrgb science 0 0 0.0 0.0 -999 ""
FIBERMAP 294 R+11C8 BOSS 0 0 0 1 0 0 -20.70367403186301 195.4177406916175 143.1 -193.27079245421032 -35.5296527626958 297.01364 53.08323 -999.0 -999.0 -999.0 -999.0 -999.0 309.30378199405305 -21.15599386151456 309.3407929015991 -21.066399341734655 48.91650235868482 89.38576140364842 -999.0 5400.0 -999.0 1 116 {-999.0 -999.0 -999.0 -999.0 -999.0} "" -999.0 -999.0 -999.0 -999.0 -999 -999 "" "" "" "" 0 0 0.0 0.0 -999 ""
FIBERMAP 294 R+11C8 METROLOGY 0 0 0 1 0 0 -20.25382117296696 196.0051717888514 143.1 -193.89077917032387 -35.12586036280861 297.01364 53.08323 -999.0 -999.0 -999.0 -999.0 -999.0 309.30170100563635 -21.154780568035402 309.3387644279785 -21.065171943042007 48.91784755397662 89.38300542070328 -999.0 6231.0 -999.0 -1 -999 {-999.0 -999.0 -999.0 -999.0 -999.0} "" -999.0 -999.0 -999.0 -999.0 -999 -999 "" "" "" "" 0 0 0.0 0.0 -999 ""
FIBERMAP 300 R-4C2 APOGEE 0 0 0 1 0 0 -237.94806259721042 -87.94631925076281 143.1 105.81606481970289 -230.55475715907892 245.63075 83.62046 -999.0 -999.0 -999.0 -999.0 -999.0 310.27518726868396 -21.74867899850876 310.31272766827556 -21.65698247608718 48.2697168045245 90.69498218603422 -999.0 16600.0 -999.0 2 -999 {-999.0 -999.0 -999.0 -999.0 -999.0} "" -999.0 -999.0 -999.0 -999.0 -999 -999 "" "" "" "" 0 0 0.0 0.0 -999 ""
FIBERMAP 300 R-4C2 BOSS 1 1 0 1 0 0 -238.6086008466031 -87.56451630229841 143.1 105.48569299596488 -231.242454018461 245.63075 83.62046 310.27433639867064 -21.750499569997633 -5.486957 -70.86405 1.3864399 310.2743055792501 -21.750697340256874 310.3116581340215 -21.659066596846092 48.27135823162027 90.6974220346828 5400.0 5400.0 2016.0 1 453 {-999.0 15.777701 15.215178 15.070498 -999.0} sdss_psfmag_ps1 15.568539 15.207934 14.669017 13.659 63050396543783779 1072895547 bright_1x1 mwm_halo_local_high_boss_single mwm_halo science 0 0 0.0 0.0 -999 ""
FIBERMAP 300 R-4C2 METROLOGY 0 0 0 1 0 0 -237.95543779027048 -87.19835947689565 143.1 105.07084778416169 -230.61908821634043 245.63075 83.62046 -999.0 -999.0 -999.0 -999.0 -999.0 310.27292697198874 -21.74888668662113 310.31033167048145 -21.65724077103171 48.271899440955714 90.6942135762007 -999.0 6231.0 -999.0 -1 -999 {-999.0 -999.0 -999.0 -999.0 -999.0} "" -999.0 -999.0 -999.0 -999.0 -999 -999 "" "" "" "" 0 0 0.0 0.0 -999 ""
FIBERMAP 303 R-1C21 APOGEE 0 0 0 1 0 0 155.77899411579446 -35.7779829832778 143.1 23.80687654325829 158.05023142446603 287.94437 48.48944 -999.0 -999.0 -999.0 -999.0 -999.0 310.01025632938524 -20.571502502704572 310.0453789926722 -20.480678483459915 48.09299475071615 88.9111140642446 -999.0 16600.0 -999.0 2 -999 {-999.0 -999.0 -999.0 -999.0 -999.0} "" -999.0 -999.0 -999.0 -999.0 -999 -999 "" "" "" "" 0 0 0.0 0.0 -999 ""
FIBERMAP 303 R-1C21 BOSS 1 1 0 1 0 0 155.08268232625943 -35.48837617578138 143.1 23.571157155663066 157.33388856425535 287.94437 48.48944 310.0098251348778 -20.573385394449996 -43.609253 -52.87466 3.5155423 310.0096922938825 -20.573533610521924 310.0446286049156 -20.48277904619256 48.09440498672507 88.91367148612494 5400.0 5400.0 2016.0 1 324 {-999.0 19.005526 17.658344 16.328043 -999.0} sdss_psfmag_ps1 18.509003 16.994282 15.788954 13.392 63050396543883081 942015634 bright_1x1 openfibertargets_nov2020_34a open_fiber science 0 0 0.0 0.0 -999 ""
FIBERMAP 303 R-1C21 METROLOGY 0 0 0 1 0 0 155.6835886879907 -35.03609618521379 143.1 23.074420659378703 157.89858943437306 287.94437 48.48944 -999.0 -999.0 -999.0 -999.0 -999.0 310.0080335904713 -20.57182365571926 310.0430220117265 -20.481053218584947 48.09519006606547 88.91045079108119 -999.0 6231.0 -999.0 -1 -999 {-999.0 -999.0 -999.0 -999.0 -999.0} "" -999.0 -999.0 -999.0 -999.0 -999 -999 "" "" "" "" 0 0 0.0 0.0 -999 ""
FIBERMAP 306 R+4C10 APOGEE 0 0 0 1 0 0 -53.64728074082418 68.85175599605886 143.1 -64.56430492484652 -58.735778443420195 220.01115 122.657486 -999.0 -999.0 -999.0 -999.0 -999.0 309.7212974139778 -21.228522569430062 309.75822819581344 -21.138040852249627 48.576440308498384 89.69342208191563 -999.0 16600.0 -999.0 2 -999 {-999.0 -999.0 -999.0 -999.0 -999.0} "" -999.0 -999.0 -999.0 -999.0 -999 -999 "" "" "" "" 0 0 0.0 0.0 -999 ""
FIBERMAP 306 R+4C10 BOSS 1 1 0 1 0 0 -54.34941567734775 69.07294453723549 143.1 -64.73136195147849 -59.45271556967507 220.01115 122.657486 309.72083745567494 -21.230642790117454 18.087887 -7.7798743 0.38381207 309.7208963763113 -21.230665397570696 309.75764249039014 -21.14024952085718 48.57772069929953 89.69626477292218 5400.0 5400.0 2016.0 1 76 {-999.0 16.422537 16.186653 16.119465 -999.0} sdss_psfmag_ps1 16.410822 16.161467 15.790742 14.995 63050396543864803 944753818 bright_1x1 openfibertargets_nov2020_6c open_fiber science 0 0 0.0 0.0 -999 ""
FIBERMAP 306 R+4C10 METROLOGY 0 0 0 1 0 0 -53.81908583428131 69.5797540912887 143.1 -65.27709270174658 -58.962539330900945 220.01115 122.657486 -999.0 -999.0 -999.0 -999.0 -999.0 309.71906359945075 -21.229195122341636 309.75586210500353 -21.138764572316425 48.57876111870445 89.69328743212998 -999.0 6231.0 -999.0 -1 -999 {-999.0 -999.0 -999.0 -999.0 -999.0} "" -999.0 -999.0 -999.0 -999.0 -999 -999 "" "" "" "" 0 0 0.0 0.0 -999 ""
FIBERMAP 313 R-10C2 APOGEE 0 0 0 1 0 0 -170.030354599024 -194.0751146906846 143.1 206.46163691301518 -154.75050659928385 181.4862 117.28859 -999.0 -999.0 -999.0 -999.0 -999.0 310.6024954815429 -21.518883106196398 310.6391559812944 -21.426642354603107 47.90575547471635 90.52575737737521 -999.0 16600.0 -999.0 2 -999 {-999.0 -999.0 -999.0 -999.0 -999.0} "" -999.0 -999.0 -999.0 -999.0 -999 -999 "" "" "" "" 0 0 0.0 0.0 -999 ""
FIBERMAP 313 R-10C2 BOSS 1 1 0 1 0 0 -170.36501497495652 -193.3398727952083 143.1 205.75403229246987 -155.1401997234886 181.4862 117.28859 310.6004597550786 -21.51998464496747 -12.975912 -7.365061 0.19435292 310.60040678813783 -21.52001097204429 310.63687681514 -21.427840146394793 47.90815919828854 90.52635064104487 5400.0 5400.0 2016.0 1 515 {-999.0 15.970045 15.428342 15.18631 -999.0} sdss_psfmag_ps1 15.833592 15.427441 14.842408 13.637 63050396543793330 1076091539 bright_1x1 mwm_halo_mp_xp_boss_single mwm_halo science 0 0 0.0 0.0 -999 ""
FIBERMAP 313 R-10C2 METROLOGY 0 0 0 1 0 0 -169.63452198343862 -193.4404377986876 143.1 205.79865726525196 -154.4041759745321 181.4862 117.28859 -999.0 -999.0 -999.0 -999.0 -999.0 310.60054021191837 -21.51783636153662 310.6370604716428 -21.42564717161089 47.90724663081899 90.52336493886833 -999.0 6231.0 -999.0 -1 -999 {-999.0 -999.0 -999.0 -999.0 -999.0} "" -999.0 -999.0 -999.0 -999.0 -999 -999 "" "" "" "" 0 0 0.0 0.0 -999 ""
FIBERMAP 316 R-2C11 APOGEE 1 1 0 1 0 0 -59.54588927419061 -50.210356033593115 143.1 54.59998172544258 -55.5473872424289 255.14368 71.1022 310.1094459931465 -21.219563707159327 15.009629 -31.485247 4.241951 310.1095061023568 -21.219632496053656 310.1460076850374 -21.12841573183184 48.23398716631649 89.8693807754388 16000.0 16600.0 2016.0 2 299 {-999.0 9.553156 9.213617 9.10211 -999.0} sdss_psfmag_from_g3xp 9.504574 9.224247 8.774902 8.029 63050396543872844 1104964521 bright_1x1 mwm_tess_rgb_apogee mwm_tessrgb science 0 0 0.0 0.0 -999 ""
FIBERMAP 316 R-2C11 BOSS 0 0 0 1 0 0 -60.18241040243659 -49.807208681443385 143.1 54.246498181075985 -56.21276296402739 255.14368 71.1022 -999.0 -999.0 -999.0 -999.0 -999.0 310.10857927866925 -21.2216187927817 310.1448940954293 -21.13046972734002 48.23567567021018 89.87172917966637 -999.0 5400.0 -999.0 1 495 {-999.0 -999.0 -999.0 -999.0 -999.0} "" -999.0 -999.0 -999.0 -999.0 -999 -999 "" "" "" "" 0 0 0.0 0.0 -999 ""
FIBERMAP 316 R-2C11 METROLOGY 0 0 0 1 0 0 -59.50821302551927 -49.46097455744905 143.1 53.84991524713478 -55.566906521047976 255.14368 71.1022 -999.0 -999.0 -999.0 -999.0 -999.0 310.1072411001202 -21.219681177194783 310.14360738911296 -21.128516395427226 48.23612121017807 89.86835280877966 -999.0 6231.0 -999.0 -1 -999 {-999.0 -999.0 -999.0 -999.0 -999.0} "" -999.0 -999.0 -999.0 -999.0 -999 -999 "" "" "" "" 0 0 0.0 0.0 -999 ""
FIBERMAP 318 R-5C18 APOGEE 0 0 0 1 0 0 140.14340339386578 -107.25159511945094 143.1 96.26315749216585 147.90488022076474 228.20847 128.95258 -999.0 -999.0 -999.0 -999.0 -999.0 310.2448934802514 -20.602600067513006 310.2798436030232 -20.511322229730933 47.89898395696944 89.07159482209198 -999.0 16600.0 -999.0 2 216 {-999.0 -999.0 -999.0 -999.0 -999.0} "" -999.0 -999.0 -999.0 -999.0 -999 -999 "" "" "" "" 0 0 0.0 0.0 -999 ""
FIBERMAP 318 R-5C18 BOSS 1 1 0 1 0 0 139.39966880859106 -107.24028052322754 143.1 96.30853139384861 147.16245232090702 228.20847 128.95258 310.24526780637154 -20.60470532828817 2.1506236 -9.0308895 0.3198184 310.2452742719224 -20.604723405858632 310.28003586051807 -20.513513559597477 47.89960126369287 89.07474244705651 5400.0 5400.0 2016.0 1 308 {-999.0 17.267418 16.852184 16.736029 -999.0} sdss_psfmag_ps1 17.178522 16.883131 16.42445 15.666 63050396543878424 977478095 "" ops_std_boss ops_std standard_boss 0 0 0.0 0.0 -999 ""
FIBERMAP 318 R-5C18 METROLOGY 0 0 0 1 0 0 139.75768349376793 -106.59327592174807 143.1 95.63614084038322 147.47013619708022 228.20847 128.95258 -999.0 -999.0 -999.0 -999.0 -999.0 310.2430549203957 -20.60379001923104 310.2778713895185 -20.512564996274822 47.90115384060614 89.07233781294264 -999.0 6231.0 -999.0 -1 -999 {-999.0 -999.0 -999.0 -999.0 -999.0} "" -999.0 -999.0 -999.0 -999.0 -999 -999 "" "" "" "" 0 0 0.0 0.0 -999 ""
FIBERMAP 342 R+6C13 APOGEE 0 0 0 1 0 0 64.6607457366536 122.89954859855808 143.1 -127.46686018868512 55.11008144859782 77.21462 42.989944 -999.0 -999.0 -999.0 -999.0 -999.0 309.51843511836626 -20.882231243557506 309.55477866837543 -20.792245954758137 48.63301870799143 89.10292008243425 -999.0 16600.0 -999.0 2 -999 {-999.0 -999.0 -999.0 -999.0 -999.0} "" -999.0 -999.0 -999.0 -999.0 -999 -999 "" "" "" "" 0 0 0.0 0.0 -999 ""
FIBERMAP 342 R+6C13 BOSS 1 1 0 1 0 0 65.05443306377516 122.25541048487452 143.1 -126.8545902064844 55.551689394559936 77.21462 42.989944 309.5205688476562 -20.88080264158073 -999.0 -999.0 -999.0 309.52055299566575 -20.880806028494113 309.55670230107546 -20.79088391545302 48.63085470757065 89.10195553626647 5400.0 5400.0 2015.5 1 155 {-999.0 -999.0 -999.0 -999.0 -999.0} "" -999.0 -999.0 -999.0 -999.0 27021603186175083 825562894 "" ops_sky_boss_good ops_sky sky_boss 0 0 0.0 0.0 -999 ""
FIBERMAP 342 R+6C13 METROLOGY 0 0 0 1 0 0 64.30130702591842 122.24357449082126 143.1 -126.78541780438393 54.80166096959701 77.21462 42.989944 -999.0 -999.0 -999.0 -999.0 -999.0 309.52069527425056 -20.88309467230042 309.5569032018416 -20.793152635578604 48.631481915957956 89.1052667188863 -999.0 6231.0 -999.0 -1 -999 {-999.0 -999.0 -999.0 -999.0 -999.0} "" -999.0 -999.0 -999.0 -999.0 -999 -999 "" "" "" "" 0 0 0.0 0.0 -999 ""
FIBERMAP 351 R0C11 APOGEE 0 0 0 1 0 0 -70.9397386280529 -9.919265882371304 143.1 15.294323067984735 -69.97727053652798 228.11522 137.09619 -999.0 -999.0 -999.0 -999.0 -999.0 309.981379211404 -21.263301081573736 310.01811643203155 -21.172313531654922 48.36108440774926 89.8689312357173 -999.0 16600.0 -999.0 2 251 {-999.0 -999.0 -999.0 -999.0 -999.0} "" -999.0 -999.0 -999.0 -999.0 -999 -999 "" "" "" "" 0 0 0.0 0.0 -999 ""
FIBERMAP 351 R0C11 BOSS 1 1 0 1 0 0 -71.69254549316275 -9.992232990060593 143.1 15.42442402261139 -70.72232393150627 228.11522 137.09619 309.98199462890625 -21.26556677442848 -999.0 -999.0 -999.0 309.9820002632963 -21.265539746567672 310.01855040563464 -21.17461644550757 48.361504474658695 89.87239307830919 5400.0 5400.0 2015.5 1 519 {-999.0 -999.0 -999.0 -999.0 -999.0} "" -999.0 -999.0 -999.0 -999.0 27021603186175221 825562899 "" ops_sky_boss_good ops_sky sky_boss 0 0 0.0 0.0 -999 ""
FIBERMAP 351 R0C11 METROLOGY 0 0 0 1 0 0 -71.37532739223364 -9.318696345676171 143.1 14.728686552397173 -70.45733881674003 228.11522 137.09619 -999.0 -999.0 -999.0 -999.0 -999.0 309.9796812908249 -21.264756949298143 310.01628638033503 -21.173819554818884 48.363207655547306 89.87016512532057 -999.0 6231.0 -999.0 -1 -999 {-999.0 -999.0 -999.0 -999.0 -999.0} "" -999.0 -999.0 -999.0 -999.0 -999 -999 "" "" "" "" 0 0 0.0 0.0 -999 ""
FIBERMAP 357 R-9C9 APOGEE 0 0 0 1 0 0 -22.9980479393746 -167.5936943705372 143.1 168.85694436284444 -10.164196510589665 154.92578 111.928955 -999.0 -999.0 -999.0 -999.0 -999.0 310.48078987133835 -21.081706229288116 310.51658290801834 -20.989832176344795 47.86154025864312 89.8557375543835 -999.0 16600.0 -999.0 2 166 {-999.0 -999.0 -999.0 -999.0 -999.0} "" -999.0 -999.0 -999.0 -999.0 -999 -999 "" "" "" "" 0 0 0.0 0.0 -999 ""
FIBERMAP 357 R-9C9 BOSS 1 1 0 1 0 0 -22.971947406162784 -166.8608771284764 143.1 168.12427562410804 -10.193995937452684 154.92578 111.928955 310.4786595929086 -21.081737020534046 3.4700842 -1.8445386 0.3842924 310.4786806797024 -21.081736412448567 310.51428156531244 -20.9899342206945 47.86358848814609 89.85475812091397 5400.0 5400.0 2016.0 1 399 {-999.0 16.803381 16.444803 16.291681 -999.0} sdss_psfmag_ps1 16.727264 16.427834 15.958268 15.179 63050396543798007 977477657 "" ops_std_boss ops_std standard_boss 0 0 0.0 0.0 -999 ""
FIBERMAP 357 R-9C9 METROLOGY 0 0 0 1 0 0 -22.33970187470153 -167.2467580783001 143.1 168.46086881426086 -9.53419864934809 154.92578 111.928955 -999.0 -999.0 -999.0 -999.0 -999.0 310.4797357289043 -21.079754099465692 310.51538608143824 -20.98793131400606 47.86192093563366 89.85250042458324 -999.0 6231.0 -999.0 -1 -999 {-999.0 -999.0 -999.0 -999.0 -999.0} "" -999.0 -999.0 -999.0 -999.0 -999 -999 "" "" "" "" 0 0 0.0 0.0 -999 ""
FIBERMAP 374 R+10C5 APOGEE 0 0 0 1 0 0 -70.13340717939786 184.37613609498382 143.1 -178.49597197139323 -83.97414072276183 43.43042 27.643663 -999.0 -999.0 -999.0 -999.0 -999.0 309.35076704824456 -21.303115015108077 309.38825788854695 -21.213318922744804 48.92610430856443 89.61882356707099 -999.0 16600.0 -999.0 2 -999 {-999.0 -999.0 -999.0 -999.0 -999.0} "" -999.0 -999.0 -999.0 -999.0 -999 -999 "" "" "" "" 0 0 0.0 0.0 -999 ""
FIBERMAP 374 R+10C5 BOSS 1 1 0 1 0 0 -70.38022033986823 183.65076771712538 143.1 -177.75391714049212 -84.16497779683014 43.43042 27.643663 309.35327792225905 -21.303507395925575 0.9527222 -51.11643 1.0042645 309.35330256509144 -21.303669175139074 309.39060413029847 -21.213932762518585 48.92426533329208 89.62085358654883 5400.0 5400.0 2016.0 1 152 {-999.0 15.786568 15.26998 15.084496 -999.0} sdss_psfmag_ps1 15.580486 15.219001 14.695284 13.727 63050396543869275 1072955306 bright_1x1 mwm_halo_local_high_boss_single mwm_halo science 0 0 0.0 0.0 -999 ""
FIBERMAP 374 R+10C5 METROLOGY 0 0 0 1 0 0 -70.86583267116953 184.22431015583263 143.1 -178.28879471654545 -84.69286493973446 43.43042 27.643663 -999.0 -999.0 -999.0 -999.0 -999.0 309.3514824100471 -21.305285341312732 309.3888428844649 -21.21553356813735 48.92636022427633 89.62227302870144 -999.0 6231.0 -999.0 -1 -999 {-999.0 -999.0 -999.0 -999.0 -999.0} "" -999.0 -999.0 -999.0 -999.0 -999 -999 "" "" "" "" 0 0 0.0 0.0 -999 ""
FIBERMAP 391 R+1C10 APOGEE 0 0 0 1 0 0 -64.3337380228711 32.39533221699979 143.1 -27.400118814805275 -66.61393310339494 86.08388 64.553154 -999.0 -999.0 -999.0 -999.0 -999.0 309.8422779589198 -21.252806904786002 309.8791376315917 -21.162087062733566 48.479066892748 89.78665746900253 -999.0 16600.0 -999.0 2 -999 {-999.0 -999.0 -999.0 -999.0 -999.0} "" -999.0 -999.0 -999.0 -999.0 -999 -999 "" "" "" "" 0 0 0.0 0.0 -999 ""
FIBERMAP 391 R+1C10 BOSS 1 1 0 1 0 0 -63.672939977222704 32.034553332235625 143.1 -27.090729542843555 -65.92757875642472 86.08388 64.553154 309.8434280991158 -21.250653032457603 13.003271 -13.048567 2.6771514 309.84346496436865 -21.250700810897783 309.8801277838711 -21.16004528497751 48.477491666709895 89.78425321706158 5400.0 5400.0 2016.0 1 30 {-999.0 15.895756 14.789259 14.361104 -999.0} sdss_psfmag_from_g3xp 15.493386 14.80909 14.000126 12.343 63050396543864825 1095662506 bright_1x1 mwm_bin_vis_boss mwm_filler science 0 0 0.0 0.0 -999 ""
FIBERMAP 391 R+1C10 METROLOGY 0 0 0 1 0 0 -64.30914534100988 31.647740472265433 143.1 -26.65658031279142 -66.53246279584569 86.08388 64.553154 -999.0 -999.0 -999.0 -999.0 -999.0 309.84481822354735 -21.252565104677952 309.88153796463087 -21.161887734683102 48.47689860527118 89.78754860859766 -999.0 6231.0 -999.0 -1 -999 {-999.0 -999.0 -999.0 -999.0 -999.0} "" -999.0 -999.0 -999.0 -999.0 -999 -999 "" "" "" "" 0 0 0.0 0.0 -999 ""
FIBERMAP 398 R-5C4 APOGEE 0 0 0 1 1 0 -176.93771443995033 -77.0421540292029 143.1 90.29610587664529 -170.55295148003205 185.52611 26.069101 -999.0 -999.0 -999.0 -999.0 -999.0 310.2251434102193 -21.56794103815025 310.26232181158593 -21.476395863084417 48.2523175940103 90.41595560067873 -999.0 16600.0 -999.0 2 -999 {-999.0 -999.0 -999.0 -999.0 -999.0} "" -999.0 -999.0 -999.0 -999.0 -999 -999 "" "" "" "" 0 0 0.0 0.0 -999 ""
FIBERMAP 398 R-5C4 BOSS 1 0 0 1 1 0 -176.29643045883728 -76.66459709016655 143.1 89.8707987048202 -169.9422985428814 185.52611 26.069101 310.27659601873313 -21.482611112472767 -17.014921 -10.528088 1.9745791 310.2239854995329 -21.566085354791884 310.2609677908845 -21.474608348778915 48.25289030941617 90.41278573081115 5400.0 5400.0 2016.0 1 492 {-999.0 17.387129 16.132856 15.629655 -999.0} sdss_psfmag_ps1 16.83572 16.168148 15.134437 13.354 63050396543794252 1094488656 bright_1x1 mwm_bin_vis_boss mwm_filler science 0 0 0.0 0.0 -999 ""
FIBERMAP 398 R-5C4 METROLOGY 0 0 0 1 1 0 -176.2805094687526 -77.39933723517579 143.1 90.602183663988 -169.87045363894788 185.52611 26.069101 -999.0 -999.0 -999.0 -999.0 -999.0 310.2263261549611 -21.56590613542418 310.26336023585077 -21.47440623140017 48.25072908073935 90.41364404915993 -999.0 6231.0 -999.0 -1 -999 {-999.0 -999.0 -999.0 -999.0 -999.0} "" -999.0 -999.0 -999.0 -999.0 -999 -999 "" "" "" "" 0 0 0.0 0.0 -999 ""
FIBERMAP 400 R-2C24 APOGEE 0 0 0 1 0 0 257.4893001299259 -56.81896821480866 143.1 37.038518950237595 261.06680842829576 2.6588597 41.299103 -999.0 -999.0 -999.0 -999.0 -999.0 310.0532789335242 -20.26117068619696 310.0876506083292 -20.17036353021674 47.94381244865139 88.50002253931808 -999.0 16600.0 -999.0 2 -999 {-999.0 -999.0 -999.0 -999.0 -999.0} "" -999.0 -999.0 -999.0 -999.0 -999 -999 "" "" "" "" 0 0 0.0 0.0 -999 ""
FIBERMAP 400 R-2C24 BOSS 1 1 0 1 0 0 256.85568526951755 -57.343697700097835 143.1 37.60998532831577 260.47501342044325 2.6588597 41.299103 310.05528379437015 -20.262835996279343 14.016284 -10.581482 1.9203386 310.0553136304463 -20.26287817938648 310.08949531357416 -20.172137031606507 47.94284580944715 88.50342975033027 5400.0 5400.0 2016.0 1 335 {-999.0 18.599539 17.167866 16.451397 -999.0} sdss_psfmag_ps1 17.908184 17.038904 15.990403 13.996 63050396543885567 1095158879 bright_1x1 mwm_bin_vis_boss mwm_filler science 0 0 0.0 0.0 -999 ""
FIBERMAP 400 R-2C24 METROLOGY 0 0 0 1 0 0 256.7702711915865 -56.612823599000535 143.1 36.88774891877719 260.3341725619866 2.6588597 41.299103 -999.0 -999.0 -999.0 -999.0 -999.0 310.05293764006547 -20.26326687451742 310.087177003398 -20.172510146994746 47.94500833991375 88.50276529209401 -999.0 6231.0 -999.0 -1 -999 {-999.0 -999.0 -999.0 -999.0 -999.0} "" -999.0 -999.0 -999.0 -999.0 -999 -999 "" "" "" "" 0 0 0.0 0.0 -999 ""
FIBERMAP 401 R+11C3 APOGEE 1 1 0 1 0 0 -129.96965770111487 200.9502188980225 143.1 -190.46357865539352 -144.89848409511688 249.02075 108.68665 309.3113265721209 -21.48698679853074 -5.202871 -18.754324 0.5190578 309.3113053930759 -21.487057692255597 309.34926484299876 -21.3972798184843 49.02365874663377 89.86279306119195 16000.0 16600.0 2016.0 2 5 {-999.0 12.336949 11.641422 11.367045 -999.0} sdss_psfmag_from_g3xp 12.14913 11.669036 11.021129 9.69 63050396543861920 1109977915 bright_1x1 mwm_tess_rgb_apogee mwm_tessrgb science 0 0 0.0 0.0 -999 ""
FIBERMAP 401 R+11C3 BOSS 0 0 0 1 0 0 -130.69559031071634 201.0124077611691 143.1 -190.47028678229364 -145.62703737826686 249.02075 108.68665 -999.0 -999.0 -999.0 -999.0 -999.0 309.31144128427377 -21.489210646045265 309.34921786752716 -21.399495721651142 49.02446054017183 89.86594402647069 -999.0 5400.0 -999.0 1 5 {-999.0 -999.0 -999.0 -999.0 -999.0} "" -999.0 -999.0 -999.0 -999.0 -999 -999 "" "" "" "" 0 0 0.0 0.0 -999 ""
FIBERMAP 401 R+11C3 METROLOGY 0 0 0 1 0 0 -130.29309858552583 201.61334334360052 143.1 -191.1001307754823 -145.2714967472714 249.02075 108.68665 -999.0 -999.0 -999.0 -999.0 -999.0 309.30931636340296 -21.488161456982933 309.3471459430583 -21.398432839894213 49.02590752704416 89.86341168753273 -999.0 6231.0 -999.0 -1 -999 {-999.0 -999.0 -999.0 -999.0 -999.0} "" -999.0 -999.0 -999.0 -999.0 -999 -999 "" "" "" "" 0 0 0.0 0.0 -999 ""
FIBERMAP 403 R-11C5 APOGEE 0 0 0 1 0 0 -91.39778891692005 -197.14481919968682 143.1 203.53239383561544 -76.11337848172057 186.65504 44.3212 -999.0 -999.0 -999.0 -999.0 -999.0 310.59320126376485 -21.281246481687454 310.6293293192273 -21.189098139244138 47.832414415282486 90.18867419529852 -999.0 16600.0 -999.0 2 188 {-999.0 -999.0 -999.0 -999.0 -999.0} "" -999.0 -999.0 -999.0 -999.0 -999 -999 "" "" "" "" 0 0 0.0 0.0 -999 ""
FIBERMAP 403 R-11C5 BOSS 1 1 0 1 0 0 -90.93821734392465 -196.53440481341198 143.1 202.88875050268234 -75.7016465049327 186.65504 44.3212 310.59146574052534 -21.280102370469727 11.63753 -8.154823 0.38912115 310.59136048116454 -21.279956865417507 310.62729238636757 -21.18787971010721 47.83377293990349 90.18599029850128 5400.0 5400.0 2016.0 1 385 {-999.0 17.17836 16.831467 16.725641 -999.0} sdss_psfmag_ps1 17.086071 16.826632 16.395441 15.649 63050396543794139 944753603 bright_1x1 openfibertargets_nov2020_6c open_fiber science 0 0 0.0 0.0 -999 ""
FIBERMAP 403 R-11C5 METROLOGY 0 0 0 1 0 0 -90.66277177100908 -197.24743079477648 143.1 203.5787147957756 -75.37268786669077 186.65504 44.3212 -999.0 -999.0 -999.0 -999.0 -999.0 310.59356990781174 -21.27898303124474 310.62955253170094 -21.186882962426395 47.83145064931101 90.18568694703987 -999.0 6231.0 -999.0 -1 -999 {-999.0 -999.0 -999.0 -999.0 -999.0} "" -999.0 -999.0 -999.0 -999.0 -999 -999 "" "" "" "" 0 0 0.0 0.0 -999 ""
FIBERMAP 405 R+10C6 APOGEE 0 0 0 1 1 0 -55.47473808628021 212.80376749388674 143.1 -207.9573676111086 -71.5237467988557 134.78925 18.622631 -999.0 -999.0 -999.0 -999.0 -999.0 309.2555642919537 -21.264731403498036 309.29306515031226 -21.175130257094626 48.996098527803426 89.51737738556295 -999.0 16600.0 -999.0 2 -999 {-999.0 -999.0 -999.0 -999.0 -999.0} "" -999.0 -999.0 -999.0 -999.0 -999 -999 "" "" "" "" 0 0 0.0 0.0 -999 ""
FIBERMAP 405 R+10C6 BOSS 1 0 0 1 1 0 -54.820678361414146 212.46442306130837 143.1 -207.66883698687855 -70.84574393825295 134.78925 18.622631 309.32348912768583 -21.318734596999402 6.4431524 -4.82391 0.07955856 309.25665041127576 -21.2626357441069 309.29395792766707 -21.173097863754247 48.99461204307479 89.51491320039952 5400.0 5400.0 2016.0 1 124 {-999.0 16.88517 16.23929 16.05914 -999.0} sdss_psfmag_ps1 16.696615 16.277409 15.676471 14.539 63050396543869267 944166262 bright_1x1 openfibertargets_nov2020_6b open_fiber science 0 0 0.0 0.0 -999 ""
FIBERMAP 405 R+10C6 METROLOGY 0 0 0 1 1 0 -55.43733008874394 212.0567073500453 143.1 -207.21533539287444 -71.42953903860383 134.78925 18.622631 -999.0 -999.0 -999.0 -999.0 -999.0 309.2580207577214 -21.26444301043142 309.2953841326654 -21.174883590844512 48.99398502913257 89.51816929689608 -999.0 6231.0 -999.0 -1 -999 {-999.0 -999.0 -999.0 -999.0 -999.0} "" -999.0 -999.0 -999.0 -999.0 -999 -999 "" "" "" "" 0 0 0.0 0.0 -999 ""
FIBERMAP 406 R-1C24 APOGEE 0 0 0 1 0 0 237.97051507345668 1.7215234904058612 143.1 -19.844395615261877 237.14549472995836 146.995 36.106773 -999.0 -999.0 -999.0 -999.0 -999.0 309.8695966744465 -20.33266908641831 309.90431929892554 -20.24218773471135 48.1302005787295 88.50650069190436 -999.0 16600.0 -999.0 2 204 {-999.0 -999.0 -999.0 -999.0 -999.0} "" -999.0 -999.0 -999.0 -999.0 -999 -999 "" "" "" "" 0 0 0.0 0.0 -999 ""
FIBERMAP 406 R-1C24 BOSS 1 1 0 1 0 0 238.70933189175432 1.790086720499641 143.1 -19.969039812725097 237.87693434501952 146.995 36.106773 309.869384765625 -20.330352738298643 -999.0 -999.0 -999.0 309.86939007311406 -20.330370793481503 309.90391696738186 -20.239960308004548 48.12974337071621 88.50318589413615 5400.0 5400.0 2015.5 1 287 {-999.0 -999.0 -999.0 -999.0 -999.0} "" -999.0 -999.0 -999.0 -999.0 27021603186177062 825563081 "" ops_sky_boss_good ops_sky sky_boss 0 0 0.0 0.0 -999 ""
FIBERMAP 406 R-1C24 METROLOGY 0 0 0 1 0 0 238.39393482019977 1.1085612780782483 143.1 -19.265475559035703 237.61437351289564 146.995 36.106773 -999.0 -999.0 -999.0 -999.0 -999.0 309.8716016143681 -20.33114412825447 309.906182041787 -20.24070943074122 48.12803533634584 88.50538797757895 -999.0 6231.0 -999.0 -1 -999 {-999.0 -999.0 -999.0 -999.0 -999.0} "" -999.0 -999.0 -999.0 -999.0 -999 -999 "" "" "" "" 0 0 0.0 0.0 -999 ""
FIBERMAP 407 R-6C15 APOGEE 1 1 0 1 0 0 91.31226539231729 -129.18482120649438 143.1 121.85224221902062 100.88693360239775 275.36176 120.17589 310.3279765984712 -20.745032242090673 -1.5921713 5.2757745 1.159209 310.3279770728168 -20.745029314746525 310.36316453488143 -20.653549580604878 47.87693559984439 89.31124826262203 16000.0 16600.0 2016.0 2 200 {-999.0 12.454755 12.190884 12.136641 -999.0} sdss_psfmag_from_g3xp 12.432111 12.195389 11.810216 11.184 63050396543877943 946976200 bright_1x1 openfibertargets_nov2020_9 open_fiber science 0 0 0.0 0.0 -999 ""
FIBERMAP 407 R-6C15 BOSS 0 0 0 1 0 0 90.70933909271504 -129.6106261453335 143.1 122.3227347330337 100.31820189285474 275.36176 120.17589 -999.0 -999.0 -999.0 -999.0 -999.0 310.3297520462479 -20.7466432590567 310.36474782556127 -20.65522864002407 47.8761488829439 89.31437393172013 -999.0 5400.0 -999.0 1 282 {-999.0 -999.0 -999.0 -999.0 -999.0} "" -999.0 -999.0 -999.0 -999.0 -999 -999 "" "" "" "" 0 0 0.0 0.0 -999 ""
FIBERMAP 407 R-6C15 METROLOGY 0 0 0 1 0 0 90.63179593238702 -128.8733933202013 143.1 121.59355855708796 100.18472461296544 275.36176 120.17589 -999.0 -999.0 -999.0 -999.0 -999.0 310.3273519878987 -20.7470529092034 310.3624060571233 -20.655623134898644 47.87833701018846 89.31376057434034 -999.0 6231.0 -999.0 -1 -999 {-999.0 -999.0 -999.0 -999.0 -999.0} "" -999.0 -999.0 -999.0 -999.0 -999 -999 "" "" "" "" 0 0 0.0 0.0 -999 ""
FIBERMAP 408 R+13C11 APOGEE 0 0 0 1 0 0 69.06999303252022 248.46603299237168 143.1 -253.0030984631937 49.941187825381604 175.70891 140.69493 -999.0 -999.0 -999.0 -999.0 -999.0 309.1129008732866 -20.89610264421128 309.1496937450937 -20.806891709904615 48.99238847008467 88.92024993824782 -999.0 16600.0 -999.0 2 96 {-999.0 -999.0 -999.0 -999.0 -999.0} "" -999.0 -999.0 -999.0 -999.0 -999 -999 "" "" "" "" 0 0 0.0 0.0 -999 ""
FIBERMAP 408 R+13C11 BOSS 1 1 0 1 0 0 68.56448063635419 248.99819296352268 143.1 -253.4951983073849 49.39661103696038 175.70891 140.69493 309.1114806675801 -20.89754917657693 -3.4642842 -45.157578 1.2990496 309.1114815681134 -20.897674094358916 309.1480931275387 -20.808531304497617 48.99436797005523 88.92178047514216 5400.0 5400.0 2016.0 1 170 {-999.0 18.552387 17.347603 16.853062 -999.0} sdss_psfmag_ps1 18.07851 17.309473 16.457798 14.675 63050396543889963 1072895559 bright_1x1 mwm_halo_local_high_boss_single mwm_halo science 0 0 0.0 0.0 -999 ""
FIBERMAP 408 R+13C11 METROLOGY 0 0 0 1 0 0 69.28080026467981 249.18078810900133 143.1 -253.73182815385644 50.096932444961475 175.70891 140.69493 -999.0 -999.0 -999.0 -999.0 -999.0 309.1106390239147 -20.895561176681035 309.14729937974766 -20.806402002602475 48.99430868208298 88.91834505431933 -999.0 6231.0 -999.0 -1 -999 {-999.0 -999.0 -999.0 -999.0 -999.0} "" -999.0 -999.0 -999.0 -999.0 -999 -999 "" "" "" "" 0 0 0.0 0.0 -999 ""
FIBERMAP 418 R-5C2 APOGEE 0 0 0 1 0 0 -226.94646905858502 -86.71446210221018 143.1 103.74973060878612 -219.67908155690571 174.77821 81.89959 -999.0 -999.0 -999.0 -999.0 -999.0 310.2685605624647 -21.715979406837498 310.3060328407588 -21.62430566960738 48.26448856867051 90.64563163398913 -999.0 16600.0 -999.0 2 -999 {-999.0 -999.0 -999.0 -999.0 -999.0} "" -999.0 -999.0 -999.0 -999.0 -999 -999 "" "" "" "" 0 0 0.0 0.0 -999 ""
FIBERMAP 418 R-5C2 BOSS 1 1 0 1 0 0 -226.77645070280144 -86.00804294374157 143.1 103.03241974637842 -219.5633718718816 174.77821 81.89959 310.2664321761351 -21.715593658931763 -0.15326492 0.6668374 0.41699967 310.26643238588923 -21.715595379623956 310.3037126888546 -21.623990657869076 48.266410451106054 90.6440867123826 5400.0 5400.0 2016.0 1 454 {-999.0 20.717665 20.071695 20.184645 -999.0} sdss_psfmag_ps1 20.472944 20.132273 19.796812 -999.0 63050396543783811 1117383279 bright_1x1 openfibertargets_bhm_quaia_boss open_fiber science 0 0 0.0 0.0 -999 ""
FIBERMAP 418 R-5C2 METROLOGY 0 0 0 1 0 0 -226.2322728842976 -86.49215141549156 143.1 103.47366278300419 -218.98390282409144 174.77821 81.89959 -999.0 -999.0 -999.0 -999.0 -999.0 310.26783758848785 -21.71390322955561 310.3051672815991 -21.622278006276296 48.26455714847194 90.6423562383971 -999.0 6231.0 -999.0 -1 -999 {-999.0 -999.0 -999.0 -999.0 -999.0} "" -999.0 -999.0 -999.0 -999.0 -999 -999 "" "" "" "" 0 0 0.0 0.0 -999 ""
FIBERMAP 420 R+1C6 APOGEE 0 0 0 1 0 0 -163.65764149659933 -1.2673906603566465 143.1 13.730651483417207 -163.0838987950826 343.60602 38.518433 -999.0 -999.0 -999.0 -999.0 -999.0 309.9756614968111 -21.545383132304107 310.0130543531841 -21.454317805332018 48.46274009506922 90.26528415106088 -999.0 16600.0 -999.0 2 -999 {-999.0 -999.0 -999.0 -999.0 -999.0} "" -999.0 -999.0 -999.0 -999.0 -999 -999 "" "" "" "" 0 0 0.0 0.0 -999 ""
FIBERMAP 420 R+1C6 BOSS 1 1 0 1 0 0 -164.35293732061896 -1.5660633542436777 143.1 14.081418885391235 -163.7544152552699 343.60602 38.518433 309.9769896508785 -21.54741194514504 7.8304152 -2.3611283 0.17057663 309.97699849868764 -21.547412194619586 310.0142029866561 -21.45640866310966 48.46245137320622 90.26879863584549 5400.0 5400.0 2016.0 1 20 {-999.0 17.514582 17.24956 17.137121 -999.0} sdss_psfmag_ps1 17.487125 17.218016 16.797628 15.783 63050396543785811 944753452 bright_1x1 openfibertargets_nov2020_6c open_fiber science 0 0 0.0 0.0 -999 ""
FIBERMAP 420 R+1C6 METROLOGY 0 0 0 1 0 0 -164.26216288359518 -0.826877199199437 143.1 13.33747313709813 -163.7202145209412 343.60602 38.518433 -999.0 -999.0 -999.0 -999.0 -999.0 309.9745198468235 -21.54734358790261 310.0117811305563 -21.456326369792475 48.46454105703987 90.2675184880419 -999.0 6231.0 -999.0 -1 -999 {-999.0 -999.0 -999.0 -999.0 -999.0} "" -999.0 -999.0 -999.0 -999.0 -999 -999 "" "" "" "" 0 0 0.0 0.0 -999 ""
FIBERMAP 426 R+3C15 APOGEE 0 0 0 1 0 0 68.69516255065584 70.77276879330263 143.1 -75.7994027872149 63.10359892161419 77.6544 78.98421 -999.0 -999.0 -999.0 -999.0 -999.0 309.6861920893685 -20.85851293007681 309.72230747850597 -20.76821460248444 48.47802568633314 89.15275094971827 -999.0 16600.0 -999.0 2 -999 {-999.0 -999.0 -999.0 -999.0 -999.0} "" -999.0 -999.0 -999.0 -999.0 -999 -999 "" "" "" "" 0 0 0.0 0.0 -999 ""
FIBERMAP 426 R+3C15 BOSS 1 1 0 1 0 0 69.38674284650862 70.48920104326864 143.1 -75.56934441703302 63.814764046756814 77.6544 78.98421 309.6871145344947 -20.856132049293784 -8.897436 -43.76067 0.91408587 309.68709371437484 -20.85625436218111 309.7230132409277 -20.766022239500792 48.47663190173836 89.150010939862 5400.0 5400.0 2016.0 1 205 {-999.0 17.207773 16.417095 16.164074 -999.0} sdss_psfmag_ps1 16.952599 16.433332 15.771005 14.375 63050396543879979 1072837584 bright_1x1 mwm_halo_local_high_boss_single mwm_halo science 0 0 0.0 0.0 -999 ""
FIBERMAP 426 R+3C15 METROLOGY 0 0 0 1 0 0 68.7944296516897 70.03138882361878 143.1 -75.06774642476795 63.259052716293105 77.6544 78.98421 -999.0 -999.0 -999.0 -999.0 -999.0 309.68865338842556 -20.857958238558638 309.72462897809896 -20.767703553351204 48.475814754195234 89.15318998265565 -999.0 6231.0 -999.0 -1 -999 {-999.0 -999.0 -999.0 -999.0 -999.0} "" -999.0 -999.0 -999.0 -999.0 -999 -999 "" "" "" "" 0 0 0.0 0.0 -999 ""
FIBERMAP 427 R+3C22 APOGEE 0 0 0 1 0 0 210.55413071534386 50.68451887993907 143.1 -66.57612432811783 206.07919514103233 184.81154 166.92546 -999.0 -999.0 -999.0 -999.0 -999.0 309.71823950595694 -20.42594952526842 309.7533300612524 -20.335726680146184 48.2960930180536 88.56031245329768 -999.0 16600.0 -999.0 2 115 {-999.0 -999.0 -999.0 -999.0 -999.0} "" -999.0 -999.0 -999.0 -999.0 -999 -999 "" "" "" "" 0 0 0.0 0.0 -999 ""
FIBERMAP 427 R+3C22 BOSS 1 1 0 1 0 0 209.8273940854586 50.83403886896549 143.1 -66.66984769094988 205.34318755445224 184.81154 166.92546 309.718096700066 -20.42803979295099 0.10153388 -1.5734478 0.066277266 309.71809967913026 -20.428054411020398 309.75300536237955 -20.337900201871623 48.29716286638931 88.56319296278662 5400.0 5400.0 2016.0 1 200 {-999.0 17.083315 16.214087 15.781494 -999.0} sdss_psfmag_ps1 16.803104 16.181902 15.434635 13.86 63050396543901899 1061577691 bright_1x1 manual_mwm_halo_distant_kgiant_near_boss_single mwm_halo science 0 0 0.0 0.0 -999 ""
FIBERMAP 427 R+3C22 METROLOGY 0 0 0 1 0 0 210.3099427206897 51.391008562746244 143.1 -67.26195249143599 205.78190085544517 184.81154 166.92546 -999.0 -999.0 -999.0 -999.0 -999.0 309.7161291733153 -20.42671771318174 309.7510876195465 -20.33654811949933 48.298350440196636 88.5603206409354 -999.0 6231.0 -999.0 -1 -999 {-999.0 -999.0 -999.0 -999.0 -999.0} "" -999.0 -999.0 -999.0 -999.0 -999 -999 "" "" "" "" 0 0 0.0 0.0 -999 ""
FIBERMAP 429 R-3C5 APOGEE 1 1 0 1 0 0 -164.96012398855416 -48.07724183193064 143.1 60.50323271521029 -160.8167471147808 52.09591 136.91997 310.12817766776885 -21.538570891238493 -5.208066 -6.0386305 1.2226436 310.12815555381843 -21.53861027435432 310.1653702116048 -21.447257852209443 48.327126687697444 90.3283985050382 16000.0 16600.0 2016.0 2 289 {-999.0 11.516964 10.486742 10.143519 -999.0} sdss_psfmag_from_g3xp 11.165367 10.53697 9.784112 8.247 63050396543785590 1108610730 bright_1x1 mwm_tess_rgb_apogee mwm_tessrgb science 0 0 0.0 0.0 -999 ""
FIBERMAP 429 R-3C5 BOSS 0 0 0 1 0 0 -164.23729803402532 -47.958594651566166 143.1 60.32986874020731 -160.10506698454418 52.09591 136.91997 -999.0 -999.0 -999.0 -999.0 -999.0 310.12781252568544 -21.536454313243574 310.16483008045986 -21.445168539699093 48.32688344876644 90.32518718810644 -999.0 5400.0 -999.0 1 474 {-999.0 -999.0 -999.0 -999.0 -999.0} "" -999.0 -999.0 -999.0 -999.0 -999 -999 "" "" "" "" 0 0 0.0 0.0 -999 ""
FIBERMAP 429 R-3C5 METROLOGY 0 0 0 1 0 0 -164.47395340148086 -48.65387961049222 143.1 61.04115407937886 -160.2880675500209 52.09591 136.91997 -999.0 -999.0 -999.0 -999.0 -999.0 310.1300829438192 -21.53704501560584 310.1671539786497 -21.44573624649718 48.32504570979691 90.32710359801592 -999.0 6231.0 -999.0 -1 -999 {-999.0 -999.0 -999.0 -999.0 -999.0} "" -999.0 -999.0 -999.0 -999.0 -999 -999 "" "" "" "" 0 0 0.0 0.0 -999 ""
FIBERMAP 434 R+1C15 APOGEE 0 0 0 1 0 0 27.539511436419627 25.463710925065925 143.1 -27.487342000508914 25.519460735921527 86.54362 155.3745 -999.0 -999.0 -999.0 -999.0 -999.0 309.8427856114087 -20.97302205527037 309.8790012793654 -20.882389306956238 48.381341433008195 89.39169492154116 -999.0 16600.0 -999.0 2 -999 {-999.0 -999.0 -999.0 -999.0 -999.0} "" -999.0 -999.0 -999.0 -999.0 -999 -999 "" "" "" "" 0 0 0.0 0.0 -999 ""
FIBERMAP 434 R+1C15 BOSS 1 1 0 1 0 0 27.928928151728375 26.17046686538668 143.1 -28.22170178253593 25.85390339876759 86.54362 155.3745 309.8405456542968 -20.97190691252267 -999.0 -999.0 -999.0 309.84057161921913 -20.971917425981538 309.87659639751996 -20.881356286281733 48.38308047011843 89.38904754313683 5400.0 5400.0 2015.5 1 197 {-999.0 -999.0 -999.0 -999.0 -999.0} "" -999.0 -999.0 -999.0 -999.0 27021603186175541 815794467 "" ops_sky_boss_good ops_sky sky_boss 0 0 0.0 0.0 -999 ""
FIBERMAP 434 R+1C15 METROLOGY 0 0 0 1 0 0 28.286207878349618 25.507786319620973 143.1 -27.588170011095222 26.26062241009957 86.54362 155.3745 -999.0 -999.0 -999.0 -999.0 -999.0 309.842579917897 -20.970703527662575 309.87865383721135 -20.880119955142046 48.38084585828693 89.38832494748874 -999.0 6231.0 -999.0 -1 -999 {-999.0 -999.0 -999.0 -999.0 -999.0} "" -999.0 -999.0 -999.0 -999.0 -999 -999 "" "" "" "" 0 0 0.0 0.0 -999 ""
FIBERMAP 435 R-5C3 APOGEE 0 0 0 1 0 0 -175.44766281688985 -100.18530766336531 143.1 113.25827044788561 -167.30426741559504 4.09865 100.33156 -999.0 -999.0 -999.0 -999.0 -999.0 310.2999055542441 -21.557984368971912 310.3369809583876 -21.46630106391887 48.18357796358484 90.43738859409638 -999.0 16600.0 -999.0 2 243 {-999.0 -999.0 -999.0 -999.0 -999.0} "" -999.0 -999.0 -999.0 -999.0 -999 -999 "" "" "" "" 0 0 0.0 0.0 -999 ""
FIBERMAP 435 R-5C3 BOSS 1 1 0 1 0 0 -175.25676785789796 -100.90287562104325 143.1 113.95920429002484 -167.0592668623453 4.09865 100.33156 310.3024336693509 -21.55720972934046 -1.8831298 -3.8481047 0.13704357 310.3024143877013 -21.557218530857273 310.3392917983708 -21.46559632268288 48.18131608479212 90.43749906900825 5400.0 5400.0 2016.0 1 500 {-999.0 14.810033 13.796419 13.404872 -999.0} sdss_psfmag_from_g3xp 14.469062 13.81599 13.041523 11.325 63050396543793022 1061643668 bright_1x1 manual_mwm_halo_distant_kgiant_near_boss_single mwm_halo science 0 0 0.0 0.0 -999 ""
FIBERMAP 435 R-5C3 METROLOGY 0 0 0 1 0 0 -175.9791418102699 -100.71030682999132 143.1 113.82222531192706 -167.79420382294145 4.09865 100.33156 -999.0 -999.0 -999.0 -999.0 -999.0 310.3019260596744 -21.559481428496966 310.33886404019177 -21.467840835096553 48.1824581251977 90.44045786112093 -999.0 6231.0 -999.0 -1 -999 {-999.0 -999.0 -999.0 -999.0 -999.0} "" -999.0 -999.0 -999.0 -999.0 -999 -999 "" "" "" "" 0 0 0.0 0.0 -999 ""
FIBERMAP 438 R+12C2 APOGEE 0 0 0 1 0 0 -121.49234850334445 227.67206645275118 143.1 -217.75328645302625 -138.4814847379238 344.2717 110.956245 -999.0 -999.0 -999.0 -999.0 -999.0 309.2230447465239 -21.466889590768282 309.26104962113266 -21.3772877452342 49.09393401427968 89.79108270627859 -999.0 16600.0 -999.0 2 6 {-999.0 -999.0 -999.0 -999.0 -999.0} "" -999.0 -999.0 -999.0 -999.0 -999 -999 "" "" "" "" 0 0 0.0 0.0 -999 ""
FIBERMAP 438 R+12C2 BOSS 1 1 0 1 0 0 -121.39015311723065 226.9496936798249 143.1 -217.04080493384484 -138.32455910869854 344.2717 110.956245 309.2255125290815 -21.466358151017737 -0.9840752 -7.689459 0.2725544 309.22552889335964 -21.46637903157884 309.2633427527585 -21.376836373511033 49.09177359117536 89.79155612361774 5400.0 5400.0 2016.0 1 6 {-999.0 17.39691 16.931604 16.74139 -999.0} sdss_psfmag_ps1 17.297894 16.936317 16.405766 15.499 63050396543866467 944753830 bright_1x1 openfibertargets_nov2020_6c open_fiber science 0 0 0.0 0.0 -999 ""
FIBERMAP 438 R+12C2 METROLOGY 0 0 0 1 0 0 -122.09509474414573 227.22934837485408 143.1 -217.26594383201348 -139.04874852064876 344.2717 110.956245 -999.0 -999.0 -999.0 -999.0 -999.0 309.22469869408036 -21.468600906180868 309.26257165703623 -21.37904106088216 49.09320557450743 89.79434098372565 -999.0 6231.0 -999.0 -1 -999 {-999.0 -999.0 -999.0 -999.0 -999.0} "" -999.0 -999.0 -999.0 -999.0 -999 -999 "" "" "" "" 0 0 0.0 0.0 -999 ""
FIBERMAP 439 R-6C3 APOGEE 0 0 0 1 0 0 -173.35547910663416 -111.4101582735009 143.1 124.29101500424538 -164.3631081373928 329.14648 168.15051 -999.0 -999.0 -999.0 -999.0 -999.0 310.33581189440423 -21.549010478087283 310.37282818466167 -21.457262220368833 48.149137513854676 90.44177406107872 -999.0 16600.0 -999.0 2 244 {-999.0 -999.0 -999.0 -999.0 -999.0} "" -999.0 -999.0 -999.0 -999.0 -999 -999 "" "" "" "" 0 0 0.0 0.0 -999 ""
FIBERMAP 439 R-6C3 BOSS 1 1 0 1 0 0 -172.8322981607162 -111.95049222518314 143.1 124.78991905709749 -163.800291647851 329.14648 168.15051 310.3376770019531 -21.54728034046947 -999.0 -999.0 -999.0 310.3376661392288 -21.54728241873835 310.3744827245795 -21.45559691165295 48.147120579844355 90.4402190462938 5400.0 5400.0 2015.5 1 501 {-999.0 -999.0 -999.0 -999.0 -999.0} "" -999.0 -999.0 -999.0 -999.0 27021603186164230 815792756 "" ops_sky_boss_good ops_sky sky_boss 0 0 0.0 0.0 -999 ""
FIBERMAP 439 R-6C3 METROLOGY 0 0 0 1 0 0 -173.57127263650676 -112.12942196801265 143.1 125.02461996802703 -164.52348106536508 329.14648 168.15051 -999.0 -999.0 -999.0 -999.0 -999.0 310.3383888785967 -21.549506592842775 310.3752646956908 -21.457800396716078 48.14719111713585 90.44369539565855 -999.0 6231.0 -999.0 -1 -999 {-999.0 -999.0 -999.0 -999.0 -999.0} "" -999.0 -999.0 -999.0 -999.0 -999 -999 "" "" "" "" 0 0 0.0 0.0 -999 ""
FIBERMAP 441 R-2C4 APOGEE 0 0 0 1 0 0 -200.62982906723968 -55.759135387893636 143.1 70.87994013444982 -195.7972616796355 301.03696 86.326744 -999.0 -999.0 -999.0 -999.0 -999.0 310.1617200855694 -21.644214726940433 310.19914194589387 -21.552765586260996 48.333631853354575 90.49369523205837 -999.0 16600.0 -999.0 2 -999 {-999.0 -999.0 -999.0 -999.0 -999.0} "" -999.0 -999.0 -999.0 -999.0 -999 -999 "" "" "" "" 0 0 0.0 0.0 -999 ""
FIBERMAP 441 R-2C4 BOSS 1 1 0 1 0 0 -201.25720140696032 -56.10838249149668 143.1 71.27596026949504 -196.39620009901367 301.03696 86.326744 310.16322027105724 -21.64594489463751 1.9687784 -18.027782 0.5011456 310.16321744277343 -21.646002816300598 310.20044906424596 -21.55461522665637 48.33311889006434 90.49693403094682 5400.0 5400.0 2016.0 1 472 {-999.0 16.500347 16.164543 16.042404 -999.0} sdss_psfmag_ps1 16.43479 16.147285 15.695199 14.812 63050396543784225 1072785425 bright_1x1 mwm_halo_local_high_boss_single mwm_halo science 0 0 0.0 0.0 -999 ""
FIBERMAP 441 R-2C4 METROLOGY 0 0 0 1 0 0 -201.26441257462895 -55.36315307901405 143.1 70.53345313911903 -196.4601596182775 301.03696 86.326744 -999.0 -999.0 -999.0 -999.0 -999.0 310.1607541042908 -21.646245293689933 310.1980435593041 -21.554843881590593 48.3353002712681 90.49611110339617 -999.0 6231.0 -999.0 -1 -999 {-999.0 -999.0 -999.0 -999.0 -999.0} "" -999.0 -999.0 -999.0 -999.0 -999 -999 "" "" "" "" 0 0 0.0 0.0 -999 ""
FIBERMAP 442 R+13C12 APOGEE 1 1 0 1 0 0 109.12734765803579 234.59407054632115 143.1 -242.22303529506382 90.93846749255903 341.66025 62.58573 309.1487370475063 -20.77229508859024 14.066092 -8.957693 2.026339 309.1487688661312 -20.77230562147654 309.1852383801894 -20.683064481860594 48.91737051398593 88.76191200250094 16000.0 16600.0 2016.0 2 59 {-999.0 11.709288 11.017774 10.777352 -999.0} sdss_psfmag_from_g3xp 11.52741 11.062623 10.434874 9.224 63050396543890944 1109341526 bright_1x1 mwm_tess_rgb_apogee mwm_tessrgb science 0 0 0.0 0.0 -999 ""
FIBERMAP 442 R+13C12 BOSS 0 0 0 1 0 0 108.59976623462478 234.0618802133368 143.1 -241.6522071382098 90.45296509239772 341.66025 62.58573 -999.0 -999.0 -999.0 -999.0 -999.0 309.15076665469917 -20.773711156283607 309.18705077458424 -20.68453221463115 48.91630836892146 88.76491755530401 -999.0 5400.0 -999.0 1 97 {-999.0 -999.0 -999.0 -999.0 -999.0} "" -999.0 -999.0 -999.0 -999.0 -999 -999 "" "" "" "" 0 0 0.0 0.0 -999 ""
FIBERMAP 442 R+13C12 METROLOGY 0 0 0 1 0 0 108.4054886628307 234.7926265811193 143.1 -242.36602328708602 90.20358789704099 341.66025 62.58573 -999.0 -999.0 -999.0 -999.0 -999.0 309.1483654415988 -20.774457895984778 309.18470663400205 -20.685264496109006 48.91861842757796 88.76477121134747 -999.0 6231.0 -999.0 -1 -999 {-999.0 -999.0 -999.0 -999.0 -999.0} "" -999.0 -999.0 -999.0 -999.0 -999 -999 "" "" "" "" 0 0 0.0 0.0 -999 ""
FIBERMAP 445 R-4C10 APOGEE 0 0 0 1 0 0 -50.93412977204359 -96.02829310335461 143.1 99.62830339451956 -43.47046282704241 295.83737 64.06292 -999.0 -999.0 -999.0 -999.0 -999.0 310.256086196389 -21.1829802891736 310.292348697713 -21.091497823104724 48.09315667150571 89.88878236618405 -999.0 16600.0 -999.0 2 -999 {-999.0 -999.0 -999.0 -999.0 -999.0} "" -999.0 -999.0 -999.0 -999.0 -999 -999 "" "" "" "" 0 0 0.0 0.0 -999 ""
FIBERMAP 445 R-4C10 BOSS 1 1 0 1 0 0 -51.69710876467094 -96.02546754651102 143.1 99.68360756522839 -44.23143235100259 295.83737 64.06292 310.25651858560093 -21.185264454857645 -1.5294548 0.09689908 1.1493785 310.2565158271826 -21.185246716502984 310.29258989387506 -21.09382974451107 48.09375859754746 89.89217216740417 5400.0 5400.0 2016.0 1 360 {-999.0 16.312372 15.820993 15.625466 -999.0} sdss_psfmag_ps1 16.122955 15.735903 14.978411 13.546 63050396543873326 1096573601 bright_1x1 mwm_bin_vis_boss mwm_filler science 0 0 0.0 0.0 -999 ""
FIBERMAP 445 R-4C10 METROLOGY 0 0 0 1 0 0 -51.31583542253495 -95.38502098894341 143.1 99.01598415771356 -43.900058063545934 295.83737 64.06292 -999.0 -999.0 -999.0 -999.0 -999.0 310.25430075229593 -21.18426524009992 310.2904296701993 -21.092833768567193 48.09530051600571 89.88972265984972 -999.0 6231.0 -999.0 -1 -999 {-999.0 -999.0 -999.0 -999.0 -999.0} "" -999.0 -999.0 -999.0 -999.0 -999 -999 "" "" "" "" 0 0 0.0 0.0 -999 ""
FIBERMAP 449 R-10C16 APOGEE 0 0 0 1 0 0 166.40396584243024 -178.06373706953406 143.1 164.86837163738673 179.4831315975723 98.85007 70.136284 -999.0 -999.0 -999.0 -999.0 -999.0 310.4661306964331 -20.507639973191587 310.50063487153216 -20.415975399425374 47.671682988475 89.04974556262232 -999.0 16600.0 -999.0 2 -999 {-999.0 -999.0 -999.0 -999.0 -999.0} "" -999.0 -999.0 -999.0 -999.0 -999 -999 "" "" "" "" 0 0 0.0 0.0 -999 ""
FIBERMAP 449 R-10C16 BOSS 1 1 0 1 0 0 167.26247125067292 -178.28780831158852 143.1 165.0263911182387 180.35620284266764 98.85007 70.136284 310.46683818570745 -20.50483173232014 -3.2334852 -30.821955 0.9061522 310.4668380442247 -20.504921445441685 310.5011410555526 -20.4133266605096 47.67028690940071 89.0463294028138 5400.0 5400.0 2016.0 1 333 {-999.0 17.251204 16.515574 16.22978 -999.0} sdss_psfmag_ps1 17.001366 16.500065 15.844374 14.534 63050396543879173 1072837582 bright_1x1 mwm_halo_local_high_boss_single mwm_halo science 0 0 0.0 0.0 -999 ""
FIBERMAP 449 R-10C16 METROLOGY 0 0 0 1 0 0 166.66399426326333 -178.76508109150555 143.1 165.5478624667683 179.7958281402068 98.85007 70.136284 -999.0 -999.0 -999.0 -999.0 -999.0 310.4685015401013 -20.506603626186145 310.5028616747916 -20.41498526686823 47.66937953851307 89.04948934118295 -999.0 6231.0 -999.0 -1 -999 {-999.0 -999.0 -999.0 -999.0 -999.0} "" -999.0 -999.0 -999.0 -999.0 -999 -999 "" "" "" "" 0 0 0.0 0.0 -999 ""
FIBERMAP 453 R+7C19 APOGEE 0 0 0 1 0 0 192.74213097208266 125.42713214418748 143.1 -139.74393581321158 182.62546025188513 261.34644 137.88266 -999.0 -999.0 -999.0 -999.0 -999.0 309.4815013160429 -20.49627875392567 309.51699492834587 -20.40648580892916 48.52824937976028 88.53919296894173 -999.0 16600.0 -999.0 2 -999 {-999.0 -999.0 -999.0 -999.0 -999.0} "" -999.0 -999.0 -999.0 -999.0 -999 -999 "" "" "" "" 0 0 0.0 0.0 -999 ""
FIBERMAP 453 R+7C19 BOSS 1 1 0 1 0 0 192.16197671270925 124.9627075522111 143.1 -139.23667096095457 182.0823761145865 261.34644 137.88266 309.48328389958607 -20.497765340568836 2.8226688 -16.973063 0.28719032 309.483288776039 -20.49782221485818 309.518595637201 -20.408093638264152 48.52742973254484 88.54227424670512 5400.0 5400.0 2016.0 1 249 {-999.0 16.97883 16.77386 16.611385 -999.0} sdss_psfmag_ps1 16.96395 16.677801 16.22227 15.402 63050396543901743 977478245 "" ops_std_boss ops_std standard_boss 0 0 0.0 0.0 -999 ""
FIBERMAP 453 R+7C19 METROLOGY 0 0 0 1 0 0 192.04819382691207 125.70632644095693 143.1 -139.9694539445141 181.912278306346 261.34644 137.88266 -999.0 -999.0 -999.0 -999.0 -999.0 309.48084348675013 -20.49832148143747 309.5162074104661 -20.40857807331296 48.529692175533235 88.54173801422837 -999.0 6231.0 -999.0 -1 -999 {-999.0 -999.0 -999.0 -999.0 -999.0} "" -999.0 -999.0 -999.0 -999.0 -999 -999 "" "" "" "" 0 0 0.0 0.0 -999 ""
FIBERMAP 454 R+10C8 APOGEE 0 0 0 1 0 0 -36.679298292822395 210.50736323990358 143.1 -207.09944041760332 -52.60817786885964 200.21678 27.761442 -999.0 -999.0 -999.0 -999.0 -999.0 309.2586380752153 -21.207482970152412 309.2960028315981 -21.11789384829436 48.97362523252511 89.4370566705087 -999.0 16600.0 -999.0 2 -999 {-999.0 -999.0 -999.0 -999.0 -999.0} "" -999.0 -999.0 -999.0 -999.0 -999 -999 "" "" "" "" 0 0 0.0 0.0 -999 ""
FIBERMAP 454 R+10C8 BOSS 1 1 0 1 0 0 -36.214454421338196 211.05639034698027 143.1 -207.68227709388776 -52.18651266484351 200.21678 27.761442 309.25691492176236 -21.20620130940439 -2.2176719 -4.785424 0.25239334 309.2568988067953 -21.206139501891137 309.29407491902134 -21.116619074131396 48.97486710941533 89.43428195891045 5400.0 5400.0 2016.0 1 125 {-999.0 18.329376 18.019623 17.905508 17.875443} sdss_psfmag_from_gaia 18.2826 18.0263 17.576 17.661 63050396543869702 974124528 "" ops_std_boss_gdr2 ops_std standard_boss 0 0 0.0 0.0 -999 ""
FIBERMAP 454 R+10C8 METROLOGY 0 0 0 1 0 0 -35.944874562927666 210.36551824787486 143.1 -207.013955253441 -51.865090255117245 200.21678 27.761442 -999.0 -999.0 -999.0 -999.0 -999.0 309.2589780782079 -21.205207294707016 309.2962029486815 -21.115664766596996 48.97267389161342 89.43397248080413 -999.0 6231.0 -999.0 -1 -999 {-999.0 -999.0 -999.0 -999.0 -999.0} "" -999.0 -999.0 -999.0 -999.0 -999 -999 "" "" "" "" 0 0 0.0 0.0 -999 ""
FIBERMAP 458 R-13C8 APOGEE 0 0 0 1 0 0 21.337691715031532 -262.4144341613552 143.1 260.0238378665237 41.26543221888469 324.60187 108.13565 -999.0 -999.0 -999.0 -999.0 -999.0 310.77456028651216 -20.925418762882448 310.8096863276627 -20.83304314265444 47.55009638411987 89.78068817328318 -999.0 16600.0 -999.0 2 265 {-999.0 -999.0 -999.0 -999.0 -999.0} "" -999.0 -999.0 -999.0 -999.0 -999 -999 "" "" "" "" 0 0 0.0 0.0 -999 ""
FIBERMAP 458 R-13C8 BOSS 1 1 0 1 0 0 21.04264206436682 -263.1014183444836 143.1 260.7312949377068 41.02357530894739 324.60187 108.13565 310.77702200275263 -20.92607305763506 3.4042897 -3.5858064 1.6661679 310.7770351609234 -20.926076957536196 310.81196385890735 -20.833765666396644 47.54835972754014 89.7828027835688 5400.0 5400.0 2016.0 1 359 {-999.0 19.680578 18.263403 17.309216 -999.0} sdss_psfmag_ps1 19.136541 17.990717 16.892128 14.712 63050396543798525 1094238888 bright_1x1 mwm_bin_vis_boss mwm_filler science 0 0 0.0 0.0 -999 ""
FIBERMAP 458 R-13C8 METROLOGY 0 0 0 1 0 0 20.59225315982069 -262.52248797601385 143.1 260.1883619254027 40.530398450946926 324.60187 108.13565 -999.0 -999.0 -999.0 -999.0 -999.0 310.77529437427904 -20.927583441763975 310.8102839443816 -20.835255320705738 47.55035448119963 89.78404690570255 -999.0 6231.0 -999.0 -1 -999 {-999.0 -999.0 -999.0 -999.0 -999.0} "" -999.0 -999.0 -999.0 -999.0 -999 -999 "" "" "" "" 0 0 0.0 0.0 -999 ""
FIBERMAP 461 R+11C5 APOGEE 1 1 0 1 0 0 -71.79777150636609 225.27091616748166 143.1 -219.1447237631048 -88.74889575773622 64.663956 114.28897 309.21919988116514 -21.31636875185229 -17.117914 -68.34527 4.123022 309.2191462812116 -21.31656627717615 309.25680545645685 -21.227018955354172 49.04580099784186 89.57371425853671 16000.0 16600.0 2016.0 2 147 {-999.0 10.580715 10.284385 10.176538 -999.0} sdss_psfmag_from_g3xp 10.539124 10.279195 9.848871 9.113 63050396543867160 1164948240 bright_1x1 openfibertargets_mwm_rvscnn24_apogee open_fiber science 0 0 0.0 0.0 -999 ""
FIBERMAP 461 R+11C5 BOSS 0 0 0 1 0 0 -71.07985827990376 225.2710656249085 143.1 -219.19956129635656 -88.03308722398006 64.663956 114.28897 -999.0 -999.0 -999.0 -999.0 -999.0 309.2191357615997 -21.31434706107727 309.2566026431491 -21.22486486825025 49.04523225618352 89.5705314025916 -999.0 5400.0 -999.0 1 150 {-999.0 -999.0 -999.0 -999.0 -999.0} "" -999.0 -999.0 -999.0 -999.0 -999 -999 "" "" "" "" 0 0 0.0 0.0 -999 ""
FIBERMAP 461 R+11C5 METROLOGY 0 0 0 1 0 0 -71.42679186138939 224.60382535532324 143.1 -218.50783820418803 -88.32818081349515 64.663956 114.28897 -999.0 -999.0 -999.0 -999.0 -999.0 309.221274772793 -21.31529065094079 309.2587946488743 -21.2257857927668 49.04363441772187 89.57292915428502 -999.0 6231.0 -999.0 -1 -999 {-999.0 -999.0 -999.0 -999.0 -999.0} "" -999.0 -999.0 -999.0 -999.0 -999 -999 "" "" "" "" 0 0 0.0 0.0 -999 ""
FIBERMAP 462 R+11C9 APOGEE 0 0 0 1 0 0 18.353192843836652 196.13152090839813 143.1 -196.9577283083052 3.3589575538368677 332.48352 70.0977 -999.0 -999.0 -999.0 -999.0 -999.0 309.2924571416083 -21.038131658853573 309.32939429340615 -20.948530648221304 48.88519240370625 89.21214179343923 -999.0 16600.0 -999.0 2 128 {-999.0 -999.0 -999.0 -999.0 -999.0} "" -999.0 -999.0 -999.0 -999.0 -999 -999 "" "" "" "" 0 0 0.0 0.0 -999 ""
FIBERMAP 462 R+11C9 BOSS 1 1 0 1 0 0 17.781358884579678 195.6439692814563 143.1 -196.42803767132622 2.8259312054317314 332.48352 70.0977 309.29422472439444 -21.039598006307422 18.396282 -30.983624 0.8772685 309.29428559549154 -21.039689998102286 309.3310369659947 -20.950150666863447 48.88432502512829 89.21526783847139 5400.0 5400.0 2016.0 1 115 {-999.0 16.311735 15.898756 15.602769 -999.0} sdss_psfmag_ps1 16.210297 15.801487 15.217078 14.071 63050396543871150 1072955312 bright_1x1 mwm_halo_local_high_boss_single mwm_halo science 0 0 0.0 0.0 -999 ""
FIBERMAP 462 R+11C9 METROLOGY 0 0 0 1 0 0 17.648852226953494 196.3700347735142 143.1 -197.141892119086 2.6385013865298195 332.48352 70.0977 -999.0 -999.0 -999.0 -999.0 -999.0 309.29189198874127 -21.040263162600564 309.32870030507786 -20.950709631729318 48.886564514536346 89.2148982650466 -999.0 6231.0 -999.0 -1 -999 {-999.0 -999.0 -999.0 -999.0 -999.0} "" -999.0 -999.0 -999.0 -999.0 -999 -999 "" "" "" "" 0 0 0.0 0.0 -999 ""
FIBERMAP 465 R+5C7 APOGEE 1 1 0 1 0 0 -112.94326914421256 107.613328830717 143.1 -98.6958624339223 -120.81161253928816 161.12764 93.75119 309.60940107890787 -21.416194739378703 -3.851617 -17.958384 0.29220587 309.6095876781213 -21.41624387332029 309.6470695912707 -21.32591653022924 48.73868890995972 89.90594969959363 16000.0 16600.0 2016.0 2 33 {-999.0 12.321922 10.927432 9.74259 -999.0} sdss_psfmag_from_g3xp 11.742354 10.435324 9.307242 6.847 63050396543863989 1153162482 bright_1x1 mwm_galactic_core_dist_apogee_sparse mwm_galactic science 0 0 0.6459606289863586 0.0 -999 ""
FIBERMAP 465 R+5C7 BOSS 0 0 0 1 0 0 -112.74375482093372 108.3278475074959 143.1 -99.42349611366852 -120.66710988918187 161.12764 93.75119 -999.0 -999.0 -999.0 -999.0 -999.0 309.60736533987574 -21.41578049630336 309.6446590942446 -21.325522313403283 48.740661015851984 89.90421533734599 -999.0 5400.0 -999.0 1 55 {-999.0 -999.0 -999.0 -999.0 -999.0} "" -999.0 -999.0 -999.0 -999.0 -999 -999 "" "" "" "" 0 0 0.0 0.0 -999 ""
FIBERMAP 465 R+5C7 METROLOGY 0 0 0 1 0 0 -112.2204310272764 107.7846021737765 143.1 -98.92170004957164 -120.10392918792486 161.12764 93.75119 -999.0 -999.0 -999.0 -999.0 -999.0 309.6089373269066 -21.41411584589913 309.6462792484921 -21.323836832879667 48.73866342845686 89.90260468144004 -999.0 6231.0 -999.0 -1 -999 {-999.0 -999.0 -999.0 -999.0 -999.0} "" -999.0 -999.0 -999.0 -999.0 -999 -999 "" "" "" "" 0 0 0.0 0.0 -999 ""
FIBERMAP 468 R-2C9 APOGEE 0 0 0 1 0 0 -97.80006868780555 -47.98652197259634 143.1 55.29672250054187 -93.85942938015422 222.96007 124.99378 -999.0 -999.0 -999.0 -999.0 -999.0 310.11158813360885 -21.335866934003437 310.14835431035783 -21.244609634113193 48.272250820764036 90.03418696227482 -999.0 16600.0 -999.0 2 300 {-999.0 -999.0 -999.0 -999.0 -999.0} "" -999.0 -999.0 -999.0 -999.0 -999 -999 "" "" "" "" 0 0 0.0 0.0 -999 ""
FIBERMAP 468 R-2C9 BOSS 1 1 0 1 0 0 -98.51659953847452 -47.80818929324906 143.1 55.17349301392556 -94.5874558115038 222.96007 124.99378 310.11141116870635 -21.338061932204706 0.46036023 -0.016210312 -0.24339016 310.1114074319992 -21.338059628381604 310.14798648511805 -21.246868079269365 48.27335378760203 90.03719242804573 5400.0 5400.0 2016.0 1 496 {-999.0 19.307281 19.096418 19.029503 -999.0} sdss_psfmag_ps1 19.221111 19.0222 18.635662 -999.0 63050396543872532 1117383479 bright_1x1 openfibertargets_bhm_quaia_boss open_fiber science 0 0 0.0 0.0 -999 ""
FIBERMAP 468 R-2C9 METROLOGY 0 0 0 1 0 0 -98.00977050612426 -47.27671866858125 143.1 54.604963322774104 -94.12259046685985 222.96007 124.99378 -999.0 -999.0 -999.0 -999.0 -999.0 310.1095085396766 -21.33667734153416 310.1461409513013 -21.24547109394826 48.27448440120564 90.03432904202009 -999.0 6231.0 -999.0 -1 -999 {-999.0 -999.0 -999.0 -999.0 -999.0} "" -999.0 -999.0 -999.0 -999.0 -999 -999 "" "" "" "" 0 0 0.0 0.0 -999 ""
FIBERMAP 470 R+2C23 APOGEE 1 1 0 1 0 0 245.11060240716884 44.87090887353321 143.1 -63.4118758416571 240.97776995706425 88.694214 24.312279 309.7290598219657 -20.32090649673007 0.02080384 0.087557144 0.18074669 309.7290324568584 -20.320925425969616 309.7638719113412 -20.230715261822535 48.24880768348068 88.41865909867579 16000.0 16600.0 2016.0 2 74 {-999.0 13.979157 12.759959 12.228668 -999.0} sdss_psfmag_from_g3xp 13.52282 12.722539 11.851411 9.883 63050396543904302 1153162321 bright_1x1 mwm_galactic_core_dist_apogee_sparse mwm_galactic science 0 0 0.0 0.0 -999 ""
FIBERMAP 470 R+2C23 BOSS 0 0 0 1 0 0 245.43350134688865 44.18934448508777 143.1 -62.75689626255196 241.35164694518852 88.694214 24.312279 -999.0 -999.0 -999.0 -999.0 -999.0 309.7313370555865 -20.31971782658393 309.7659815117595 -20.229573163210652 48.246548501911825 88.41814159633708 -999.0 5400.0 -999.0 1 233 {-999.0 -999.0 -999.0 -999.0 -999.0} "" -999.0 -999.0 -999.0 -999.0 -999 -999 "" "" "" "" 0 0 0.0 0.0 -999 ""
FIBERMAP 470 R+2C23 METROLOGY 0 0 0 1 0 0 244.69079182101265 44.25240696023023 143.1 -62.76319743816368 240.6062991150881 88.694214 24.312279 -999.0 -999.0 -999.0 -999.0 -999.0 309.73123873144647 -20.32193498845393 309.76594216556964 -20.231770105374245 48.247381307320644 88.42119497697252 -999.0 6231.0 -999.0 -1 -999 {-999.0 -999.0 -999.0 -999.0 -999.0} "" -999.0 -999.0 -999.0 -999.0 -999 -999 "" "" "" "" 0 0 0.0 0.0 -999 ""
FIBERMAP 472 R-1C15 APOGEE 0 0 0 1 0 0 28.35700998362697 -39.268706292100894 143.1 36.994052355772396 31.265700173641758 311.62637 49.138443 -999.0 -999.0 -999.0 -999.0 -999.0 310.0525713795188 -20.955954295843103 310.08852862072797 -20.86492853926967 48.19196953550682 89.47080948639689 -999.0 16600.0 -999.0 2 -999 {-999.0 -999.0 -999.0 -999.0 -999.0} "" -999.0 -999.0 -999.0 -999.0 -999 -999 "" "" "" "" 0 0 0.0 0.0 -999 ""
FIBERMAP 472 R-1C15 BOSS 1 1 0 1 0 0 27.60914580780716 -39.26233960918824 143.1 37.04467432355402 30.51953164183044 311.62637 49.138443 310.0530057547051 -20.958054916280894 -19.630089 -28.635397 0.83074486 310.052950348944 -20.95813395015283 310.088720276122 -20.867174322786262 48.192593516296675 89.47405681775797 5400.0 5400.0 2016.0 1 326 {-999.0 17.285126 16.686989 16.504076 -999.0} sdss_psfmag_ps1 17.121994 16.693052 16.09412 15.025 63050396543875186 1072837576 bright_1x1 mwm_halo_local_high_boss_single mwm_halo science 0 0 0.0 0.0 -999 ""
FIBERMAP 472 R-1C15 METROLOGY 0 0 0 1 0 0 27.984906743614772 -38.61983234781856 143.1 36.37541613973497 30.84525261782049 311.62637 49.138443 -999.0 -999.0 -999.0 -999.0 -999.0 310.0507235319767 -20.957158170507167 310.086547951734 -20.866183932744775 48.19414402673567 89.47159323027438 -999.0 6231.0 -999.0 -1 -999 {-999.0 -999.0 -999.0 -999.0 -999.0} "" -999.0 -999.0 -999.0 -999.0 -999 -999 "" "" "" "" 0 0 0.0 0.0 -999 ""
FIBERMAP 474 R-3C8 APOGEE 0 0 0 1 0 0 -92.0988885000482 -40.179395185629545 143.1 47.07806082170864 -88.76959670757627 114.754745 54.289375 -999.0 -999.0 -999.0 -999.0 -999.0 310.08483834400454 -21.320421039882707 310.12159740591187 -21.229219280710623 48.290322685576605 89.99951857122039 -999.0 16600.0 -999.0 2 -999 {-999.0 -999.0 -999.0 -999.0 -999.0} "" -999.0 -999.0 -999.0 -999.0 -999 -999 "" "" "" "" 0 0 0.0 0.0 -999 ""
FIBERMAP 474 R-3C8 BOSS 1 1 0 1 0 0 -91.30170084624035 -40.35752192527313 143.1 47.1949407717941 -87.96116434188168 114.754745 54.289375 310.0854434825681 -21.31769320725004 0.38352507 -88.92328 1.5614874 310.08544436828737 -21.31795279005122 310.12200492501745 -21.226816786887984 48.289134440141105 89.99632882170602 5400.0 5400.0 2016.0 1 477 {-999.0 17.118275 16.164087 15.868202 -999.0} sdss_psfmag_ps1 16.786043 16.182274 15.4416685 13.917 63050396543872561 1073397291 bright_1x1 mwm_halo_local_high_boss_single mwm_halo science 0 0 0.0 0.0 -999 ""
FIBERMAP 474 R-3C8 METROLOGY 0 0 0 1 0 0 -91.83230570110834 -40.87827416521435 143.1 47.7545945031418 -88.45055267789432 114.754745 54.289375 -999.0 -999.0 -999.0 -999.0 -999.0 310.0872157821917 -21.31946528740757 310.1238323937831 -21.228306709707528 48.28805225237868 89.99931599578804 -999.0 6231.0 -999.0 -1 -999 {-999.0 -999.0 -999.0 -999.0 -999.0} "" -999.0 -999.0 -999.0 -999.0 -999 -999 "" "" "" "" 0 0 0.0 0.0 -999 ""
FIBERMAP 477 R-7C14 APOGEE 1 1 0 1 0 0 68.02644500033367 -144.30741584001515 143.1 138.70458715210367 78.82100517230245 221.57439 113.9673 310.3826191388251 -20.81189391841039 3.036082 -16.154589 2.339223 310.38267617085353 -20.81192967168066 310.41795850777964 -20.72032565857215 47.85275729780604 89.43144225452647 16000.0 16600.0 2016.0 2 197 {-999.0 9.659973 8.941253 8.690162 -999.0} sdss_psfmag_from_g3xp 9.470204 8.990844 8.348212 7.124 63050396543876654 975404171 "" ops_std_apogee ops_std standard_apogee 0 0 0.0 0.0 -999 ""
FIBERMAP 477 R-7C14 BOSS 0 0 0 1 0 0 67.33960883794731 -144.00933735473788 143.1 138.45969896331422 78.11346496257403 221.57439 113.9673 -999.0 -999.0 -999.0 -999.0 -999.0 310.38214318969773 -20.8139728210791 310.4172369127765 -20.72243796934992 47.85413786366863 89.43402834240476 -999.0 5400.0 -999.0 1 272 {-999.0 -999.0 -999.0 -999.0 -999.0} "" -999.0 -999.0 -999.0 -999.0 -999 -999 "" "" "" "" 0 0 0.0 0.0 -999 ""
FIBERMAP 477 R-7C14 METROLOGY 0 0 0 1 0 0 67.9348624781571 -143.55677367651538 143.1 137.96311021420672 78.67250798301379 221.57439 113.9673 -999.0 -999.0 -999.0 -999.0 -999.0 310.38049411506125 -20.812287554994104 310.41564066988553 -20.720736847688556 47.85493003156619 89.43086863983478 -999.0 6231.0 -999.0 -1 -999 {-999.0 -999.0 -999.0 -999.0 -999.0} "" -999.0 -999.0 -999.0 -999.0 -999 -999 "" "" "" "" 0 0 0.0 0.0 -999 ""
FIBERMAP 479 R-1C14 APOGEE 1 1 0 1 0 0 12.55014863734258 -6.609811848324849 143.1 5.634505512801845 13.017070599037963 81.5433 119.821594 309.95042191843874 -21.011170797566812 6.6126666 -14.276242 1.5266236 309.95045392291195 -21.01121898376515 309.9866447396114 -20.920369537791544 48.300578457865264 89.49841703934106 16000.0 16600.0 2016.0 2 230 {-999.0 12.638271 11.891469 11.64954 -999.0} sdss_psfmag_from_g3xp 12.431295 11.945786 11.30452 10.108 63050396543874836 1107180397 bright_1x1 mwm_tess_rgb_apogee mwm_tessrgb science 0 0 0.0 0.0 -999 ""
FIBERMAP 479 R-1C14 BOSS 0 0 0 1 0 0 13.270016376882346 -6.470467399977203 143.1 5.440729967464277 13.72422448310092 81.5433 119.821594 -999.0 -999.0 -999.0 -999.0 -999.0 309.95002349312665 -21.008994226921086 309.9860183430761 -20.918213417221594 48.300368164786356 89.49507353274896 -999.0 5400.0 -999.0 1 339 {-999.0 -999.0 -999.0 -999.0 -999.0} "" -999.0 -999.0 -999.0 -999.0 -999 -999 "" "" "" "" 0 0 0.0 0.0 -999 ""
FIBERMAP 479 R-1C14 METROLOGY 0 0 0 1 0 0 13.034943366813803 -7.173099851322386 143.1 6.159220835754355 13.54336137143405 81.5433 119.821594 -999.0 -999.0 -999.0 -999.0 -999.0 309.95230710548657 -21.00956572321758 309.9883550825689 -20.918761377990236 48.2985174600692 89.4969982646142 -999.0 6231.0 -999.0 -1 -999 {-999.0 -999.0 -999.0 -999.0 -999.0} "" -999.0 -999.0 -999.0 -999.0 -999 -999 "" "" "" "" 0 0 0.0 0.0 -999 ""
FIBERMAP 480 R+9C15 APOGEE 0 0 0 1 0 0 108.71876597430419 168.092414696854 143.1 -175.88416191731858 95.59697711099493 225.84006 93.96553 -999.0 -999.0 -999.0 -999.0 -999.0 309.3626384295926 -20.75900447512376 309.39885827779335 -20.669356463981 48.725723658418886 88.85052226868265 -999.0 16600.0 -999.0 2 -999 {-999.0 -999.0 -999.0 -999.0 -999.0} "" -999.0 -999.0 -999.0 -999.0 -999 -999 "" "" "" "" 0 0 0.0 0.0 -999 ""
FIBERMAP 480 R+9C15 BOSS 1 1 0 1 0 0 108.13299386072211 168.55597984964257 143.1 -176.30175300496464 94.97759997913656 225.84006 93.96553 309.3615356575005 -20.76038760038375 -35.8754 -133.33429 14.099538 309.3614110003854 -20.760781714768022 309.3974483872254 -20.671202453840912 48.727613622883936 88.8524252686691 5400.0 5400.0 2016.0 1 237 {-999.0 18.014736 16.71358 15.077702 -999.0} sdss_psfmag_ps1 17.52375 15.786737 14.526601 12.15 63050396543872504 1151089547 bright_1x1 mwm_snc_100pc_boss_single mwm_snc science 0 0 0.0 0.0 -999 ""
FIBERMAP 480 R+9C15 METROLOGY 0 0 0 1 0 0 108.84665292193111 168.82939715622655 143.1 -176.62873751709427 95.6683500134713 225.84006 93.96553 -999.0 -999.0 -999.0 -999.0 -999.0 309.36029270261633 -20.758692563781587 309.39637964921997 -20.66909713608076 48.72779840268485 88.84890306336291 -999.0 6231.0 -999.0 -1 -999 {-999.0 -999.0 -999.0 -999.0 -999.0} "" -999.0 -999.0 -999.0 -999.0 -999 -999 "" "" "" "" 0 0 0.0 0.0 -999 ""
FIBERMAP 482 R+7C10 APOGEE 1 1 0 1 0 0 -29.5830531757366 130.47446487847168 143.1 -127.84047479323192 -39.43595405692459 239.75322 65.10382 309.51570819870403 -21.169051068284904 8.846149 -12.998226 1.2096376 309.51572879242093 -21.169085144422265 309.55273723875587 -21.079014863197294 48.735572112934356 89.50856780600549 16000.0 16600.0 2016.0 2 137 {-999.0 10.942147 10.097225 9.795459 -999.0} sdss_psfmag_from_g3xp 10.680248 10.136247 9.443046 8.054 63050396543870070 1105137302 bright_1x1 mwm_tess_rgb_apogee mwm_tessrgb science 0 0 0.0 0.0 -999 ""
FIBERMAP 482 R+7C10 BOSS 0 0 0 1 0 0 -30.05086886669708 131.06868638691267 143.1 -128.39732683808174 -39.94767172185624 239.75322 65.10382 -999.0 -999.0 -999.0 -999.0 -999.0 309.51403599576423 -21.170582354306916 309.5508608578167 -21.08058042480798 48.73775911238846 89.50986627707294 -999.0 5400.0 -999.0 1 132 {-999.0 -999.0 -999.0 -999.0 -999.0} "" -999.0 -999.0 -999.0 -999.0 -999 -999 "" "" "" "" 0 0 0.0 0.0 -999 ""
FIBERMAP 482 R+7C10 METROLOGY 0 0 0 1 0 0 -29.28852073449758 131.1629174152443 143.1 -128.5493565371126 -39.19472470317085 239.75322 65.10382 -999.0 -999.0 -999.0 -999.0 -999.0 309.5134838962938 -21.168318044692388 309.5503576087059 -21.07829930354608 48.73740332682313 89.50637638472051 -999.0 6231.0 -999.0 -1 -999 {-999.0 -999.0 -999.0 -999.0 -999.0} "" -999.0 -999.0 -999.0 -999.0 -999 -999 "" "" "" "" 0 0 0.0 0.0 -999 ""
FIBERMAP 486 R-1C9 APOGEE 1 1 0 1 0 0 -99.60055154111987 -31.507225105517605 143.1 39.002631808721326 -96.91000656358736 267.37225 125.352936 310.0585080234027 -21.345025722678393 -12.11666 -21.809958 0.4023989 310.05847807648126 -21.34509003539322 310.0953217667386 -21.2539304824348 48.32185093333355 90.02163455000874 16000.0 16600.0 2016.0 2 279 {-999.0 12.058538 10.863408 10.384947 -999.0} sdss_psfmag_from_g3xp 11.613646 10.85766 10.01444 8.103 63050396543872544 1156316415 bright_1x1 mwm_galactic_core_dist_apogee_extra mwm_galactic science 0 0 0.0 0.0 -999 ""
FIBERMAP 486 R-1C9 BOSS 0 0 0 1 0 0 -100.27168595676262 -31.838083112021298 143.1 39.38365013184637 -97.55398028361144 267.37225 125.352936 -999.0 -999.0 -999.0 -999.0 -999.0 310.05993154451767 -21.347031464440388 310.09658610570295 -21.25593450222871 48.321438260600054 90.0250751972834 -999.0 5400.0 -999.0 1 458 {-999.0 -999.0 -999.0 -999.0 -999.0} "" -999.0 -999.0 -999.0 -999.0 -999 -999 "" "" "" "" 0 0 0.0 0.0 -999 ""
FIBERMAP 486 R-1C9 METROLOGY 0 0 0 1 0 0 -100.21405549670213 -31.077230353253093 143.1 38.62062576618243 -97.55447738224619 267.37225 125.352936 -999.0 -999.0 -999.0 -999.0 -999.0 310.05739396237783 -21.347059266315963 310.09410571356784 -21.255948411290156 48.323612134370094 90.0238927434508 -999.0 6231.0 -999.0 -1 -999 {-999.0 -999.0 -999.0 -999.0 -999.0} "" -999.0 -999.0 -999.0 -999.0 -999 -999 "" "" "" "" 0 0 0.0 0.0 -999 ""
FIBERMAP 491 R+1C18 APOGEE 1 1 0 1 0 0 108.21926666447274 33.577413582479515 143.1 -41.72333227501857 105.34589019342494 83.02171 94.72416 309.797232992808 -20.730665872592716 32.957592 -6.4778266 3.2775538 309.7973402985722 -20.73066971461674 309.8330471707193 -20.640199896939556 48.33571067544692 89.0279411648412 16000.0 16600.0 2016.0 2 79 {-999.0 11.793873 11.453177 11.361952 -999.0} sdss_psfmag_from_g3xp 11.743088 11.471549 11.036087 10.287 63050396543880616 975404195 "" ops_std_apogee ops_std standard_apogee 0 0 0.0 0.0 -999 ""
FIBERMAP 491 R+1C18 BOSS 0 0 0 1 0 0 108.96721664048889 33.55550931429337 143.1 -41.758468498372004 106.09332788266185 83.02171 94.72416 -999.0 -999.0 -999.0 -999.0 -999.0 309.797401989877 -20.72827996018653 309.83291296754885 -20.637878740073365 48.33500069630207 89.024611476845 -999.0 5400.0 -999.0 1 240 {-999.0 -999.0 -999.0 -999.0 -999.0} "" -999.0 -999.0 -999.0 -999.0 -999 -999 "" "" "" "" 0 0 0.0 0.0 -999 ""
FIBERMAP 491 R+1C18 METROLOGY 0 0 0 1 0 0 108.5645971947711 32.917250116744 143.1 -41.09139998972611 105.7405031064377 83.02171 94.72416 -999.0 -999.0 -999.0 -999.0 -999.0 309.7995045390342 -20.729362830850256 309.83506975871774 -20.638938006908898 48.333492449694184 89.02718241208413 -999.0 6231.0 -999.0 -1 -999 {-999.0 -999.0 -999.0 -999.0 -999.0} "" -999.0 -999.0 -999.0 -999.0 -999 -999 "" "" "" "" 0 0 0.0 0.0 -999 ""
FIBERMAP 492 R-4C12 APOGEE 0 0 0 1 0 0 -2.1928676347978477 -63.73733103469855 143.1 63.71853048302524 2.6688482192228844 106.091255 109.81376 -999.0 -999.0 -999.0 -999.0 -999.0 310.1393951324145 -21.04288730865143 310.1754602195234 -20.951669671850766 48.146461973002744 89.63538700597735 -999.0 16600.0 -999.0 2 -999 {-999.0 -999.0 -999.0 -999.0 -999.0} "" -999.0 -999.0 -999.0 -999.0 -999 -999 "" "" "" "" 0 0 0.0 0.0 -999 ""
FIBERMAP 492 R-4C12 BOSS 1 1 0 1 0 0 -1.5877010366964812 -63.28019396998086 143.1 63.21662654271828 3.2374269060385044 106.091255 109.81376 310.13796562900023 -21.041046734453165 4.3499465 -9.550219 2.2078645 310.13799870840234 -21.041090523291555 310.1738687236873 -20.949943465024813 48.14724777012888 89.63218258055542 5400.0 5400.0 2016.0 1 408 {-999.0 20.62718 19.135136 17.915525 -999.0} sdss_psfmag_ps1 19.909763 18.611351 17.44281 15.315 63050396543873877 1096250820 bright_1x1 mwm_bin_vis_boss mwm_filler science 0 0 0.0 0.0 -999 ""
FIBERMAP 492 R-4C12 METROLOGY 0 0 0 1 0 0 -1.5033332999402071 -64.02722863359949 143.1 63.955056100631495 3.378455538241779 106.091255 109.81376 -999.0 -999.0 -999.0 -999.0 -999.0 310.140352623057 -21.040682581982935 310.1762737508293 -20.949512110352966 48.14499323733495 89.63275886325027 -999.0 6231.0 -999.0 -1 -999 {-999.0 -999.0 -999.0 -999.0 -999.0} "" -999.0 -999.0 -999.0 -999.0 -999 -999 "" "" "" "" 0 0 0.0 0.0 -999 ""
FIBERMAP 494 R+10C13 APOGEE 0 0 0 1 0 0 96.38634068176998 202.23962087772065 143.1 -208.9923531330022 80.69927755426485 28.56061 136.55617 -999.0 -999.0 -999.0 -999.0 -999.0 309.255431114429 -20.80370076366517 309.2918640794835 -20.714244554260034 48.83523687518962 88.8601564964647 -999.0 16600.0 -999.0 2 -999 {-999.0 -999.0 -999.0 -999.0 -999.0} "" -999.0 -999.0 -999.0 -999.0 -999 -999 "" "" "" "" 0 0 0.0 0.0 -999 ""
FIBERMAP 494 R+10C13 BOSS 1 1 0 1 0 0 97.12112764251646 202.07100550809378 143.1 -208.88020331876362 81.44476662813022 28.56061 136.55617 309.25596226528415 -20.801373034862667 0.24791643 -0.48305357 0.82357115 309.25595985732343 -20.80136509767677 309.2921996642955 -20.711975186751626 48.834137024129994 88.85710332926413 5400.0 5400.0 2016.0 1 103 {-999.0 20.281614 19.90352 19.57824 -999.0} sdss_psfmag_ps1 20.160875 20.1048 19.320433 -999.0 63050396543890545 1117383635 bright_1x1 openfibertargets_bhm_quaia_boss open_fiber science 0 0 0.0 0.0 -999 ""
FIBERMAP 494 R+10C13 METROLOGY 0 0 0 1 0 0 96.59970268094406 201.52270046783926 143.1 -208.29377642336433 80.96663030951659 28.56061 136.55617 -999.0 -999.0 -999.0 -999.0 -999.0 309.25774889331956 -20.80282523483361 309.29404328912096 -20.713412556271468 48.83303591798058 88.8600754093917 -999.0 6231.0 -999.0 -1 -999 {-999.0 -999.0 -999.0 -999.0 -999.0} "" -999.0 -999.0 -999.0 -999.0 -999 -999 "" "" "" "" 0 0 0.0 0.0 -999 ""
FIBERMAP 496 R-9C5 APOGEE 1 0 1 1 0 0 -99.31222702606803 -167.07608912213254 143.1 174.15423738143048 -86.29528664384064 14.073257 167.54906 310.5616277207432 -21.35017305959699 -7.1930113 -9.118607 0.77140564 310.49805276956084 -21.312394839288192 310.534353651297 -21.220415469014725 47.92632547567669 90.1867051474893 16000.0 16600.0 2016.0 2 268 {-999.0 12.6148615 11.74125 11.425289 -999.0} sdss_psfmag_from_g3xp 12.347787 11.783008 11.07069 9.589 63050396543793872 1109435948 bright_1x1 mwm_tess_rgb_apogee mwm_tessrgb science 0 0 0.0 0.0 -999 ""
FIBERMAP 496 R-9C5 BOSS 0 0 1 1 0 0 -98.55876119152435 -167.1005425362548 143.1 174.12122268932646 -85.54215499292319 14.073257 167.54906 -999.0 -999.0 -999.0 -999.0 -999.0 310.4981973047728 -21.31007340247158 310.5342980976378 -21.218161499690666 47.925593238589904 90.18352297461672 -999.0 5400.0 -999.0 1 364 {-999.0 -999.0 -999.0 -999.0 -999.0} "" -999.0 -999.0 -999.0 -999.0 -999 -999 "" "" "" "" 0 0 0.0 0.0 -999 ""
FIBERMAP 496 R-9C5 METROLOGY 0 0 1 1 0 0 -98.95813470498022 -167.74503854432697 143.1 174.7942625575196 -85.89126819962159 14.073257 167.54906 -999.0 -999.0 -999.0 -999.0 -999.0 310.5003491291919 -21.311154358076944 310.5365052382657 -21.21921907800426 47.92402951425987 90.18606715737758 -999.0 6231.0 -999.0 -1 -999 {-999.0 -999.0 -999.0 -999.0 -999.0} "" -999.0 -999.0 -999.0 -999.0 -999 -999 "" "" "" "" 0 0 0.0 0.0 -999 ""
FIBERMAP 499 R+7C3 APOGEE 0 0 0 1 0 0 -160.81165332139648 130.52687445412667 143.1 -117.89612394120672 -170.2859073151781 281.7155 151.98703 -999.0 -999.0 -999.0 -999.0 -999.0 309.5467086703298 -21.565490484847658 309.5846027875988 -21.475236655201535 48.844569447005846 90.08853135293714 -999.0 16600.0 -999.0 2 17 {-999.0 -999.0 -999.0 -999.0 -999.0} "" -999.0 -999.0 -999.0 -999.0 -999 -999 "" "" "" "" 0 0 0.0 0.0 -999 ""
FIBERMAP 499 R+7C3 BOSS 1 1 0 1 0 0 -161.02598406382148 129.83303692697297 143.1 -117.18798243742658 -170.4467586113487 281.7155 151.98703 309.54915896132303 -21.56594432341002 4.5794954 -14.463791 0.22913836 309.5491687057068 -21.565969639179926 309.58687220382546 -21.475774992114772 48.84276895470801 90.09039728795341 5400.0 5400.0 2016.0 1 27 {-999.0 18.2883 17.90595 17.78562 -999.0} sdss_psfmag_ps1 18.161364 17.88895 17.454628 -999.0 63050396543860466 977477966 "" ops_std_boss ops_std standard_boss 0 0 0.0 0.0 -999 ""
FIBERMAP 499 R+7C3 METROLOGY 0 0 0 1 0 0 -161.54876481609153 130.39369805638708 143.1 -117.70718488314148 -171.01072453856693 281.7155 151.98703 -999.0 -999.0 -999.0 -999.0 -999.0 309.5474037546399 -21.56770422280392 309.58516674728196 -21.477494254560337 48.84484818509 90.09202773019621 -999.0 6231.0 -999.0 -1 -999 {-999.0 -999.0 -999.0 -999.0 -999.0} "" -999.0 -999.0 -999.0 -999.0 -999 -999 "" "" "" "" 0 0 0.0 0.0 -999 ""
FIBERMAP 500 R-7C10 APOGEE 1 1 0 1 0 0 -2.909632035101197 -136.82068511879405 143.1 136.64338748228695 7.521448081458436 297.70068 160.02097 310.37630744798344 -21.02816304853147 -1.2585344 -4.5957074 0.19333789 310.376308869243 -21.028169439370707 310.4120905026956 -20.93650901922022 47.93421261704652 89.73020817250449 16000.0 16600.0 2016.0 2 190 {-999.0 12.931999 11.650032 11.05968 -999.0} sdss_psfmag_from_g3xp 12.439885 11.588463 10.678168 8.683 63050396543873691 1156316421 bright_1x1 mwm_galactic_core_dist_apogee_extra mwm_galactic science 0 0 0.0 0.0 -999 ""
FIBERMAP 500 R-7C10 BOSS 0 0 0 1 0 0 -2.8036154192130596 -137.524715996005 143.1 137.33728949745287 7.68078656692698 297.70068 160.02097 -999.0 -999.0 -999.0 -999.0 -999.0 310.3788232628218 -21.027613403315144 310.41440711963753 -20.936016339462228 47.932013751065924 89.73065391945346 -999.0 5400.0 -999.0 1 388 {-999.0 -999.0 -999.0 -999.0 -999.0} "" -999.0 -999.0 -999.0 -999.0 -999 -999 "" "" "" "" 0 0 0.0 0.0 -999 ""
FIBERMAP 500 R-7C10 METROLOGY 0 0 0 1 0 0 -3.4956256276554427 -137.28388116336495 143.1 137.14987219253916 6.972448050320647 297.70068 160.02097 -999.0 -999.0 -999.0 -999.0 -999.0 310.37817802739687 -21.029781622809075 310.41382244888337 -20.938165834807947 47.93327996258221 89.7333714814248 -999.0 6231.0 -999.0 -1 -999 {-999.0 -999.0 -999.0 -999.0 -999.0} "" -999.0 -999.0 -999.0 -999.0 -999 -999 "" "" "" "" 0 0 0.0 0.0 -999 ""
FIBERMAP 502 R+1C22 APOGEE 0 0 0 1 0 0 194.29622152258756 26.372087769571234 143.1 -41.09610439094038 191.72074040023756 357.75397 165.07056 -999.0 -999.0 -999.0 -999.0 -999.0 309.8004047007853 -20.469392404219303 309.8355103885359 -20.378999336757126 48.23988098554059 88.66274485794617 -999.0 16600.0 -999.0 2 81 {-999.0 -999.0 -999.0 -999.0 -999.0} "" -999.0 -999.0 -999.0 -999.0 -999 -999 "" "" "" "" 0 0 0.0 0.0 -999 ""
FIBERMAP 502 R+1C22 BOSS 1 1 0 1 0 0 195.02770218636212 26.145527384939925 143.1 -40.92592665512201 192.46734689800047 357.75397 165.07056 309.8011873246316 -20.466974533703755 -9.103735 -6.4684653 0.544141 309.80114276269035 -20.467016447447403 309.83605193884694 -20.376691770250673 48.238574779899785 88.65978871003756 5400.0 5400.0 2016.0 1 245 {-999.0 17.085436 16.383192 16.067324 -999.0} sdss_psfmag_ps1 16.865541 16.380487 15.739121 14.471 63050396543884708 944753772 bright_1x1 openfibertargets_nov2020_6c open_fiber science 0 0 0.0 0.0 -999 ""
FIBERMAP 502 R+1C22 METROLOGY 0 0 0 1 0 0 194.46267420354386 25.639082589569444 143.1 -40.3779163980447 191.94254590684795 357.75397 165.07056 -999.0 -999.0 -999.0 -999.0 -999.0 309.80284891042874 -20.468595747481437 309.8378138735849 -20.37824775546916 48.23759595070427 88.66286240416429 -999.0 6231.0 -999.0 -1 -999 {-999.0 -999.0 -999.0 -999.0 -999.0} "" -999.0 -999.0 -999.0 -999.0 -999 -999 "" "" "" "" 0 0 0.0 0.0 -999 ""
FIBERMAP 504 R+7C15 APOGEE 0 0 0 1 0 0 106.49396102397796 119.0830706850634 143.1 -126.84824137198352 97.11204653708707 322.79956 79.17514 -999.0 -999.0 -999.0 -999.0 -999.0 309.52123666515723 -20.754916353939976 309.5572841295275 -20.664965798706177 48.5856453973469 88.92421368147734 -999.0 16600.0 -999.0 2 -999 {-999.0 -999.0 -999.0 -999.0 -999.0} "" -999.0 -999.0 -999.0 -999.0 -999 -999 "" "" "" "" 0 0 0.0 0.0 -999 ""
FIBERMAP 504 R+7C15 BOSS 1 1 0 1 0 0 105.94079401720877 118.59455788088547 143.1 -126.3190143537602 96.59770593129737 322.79956 79.17514 309.5230796498127 -20.7563502035565 -3.444243 -4.4840574 0.09096598 309.52307332045405 -20.756372444793698 309.5589334877312 -20.666485211599383 48.584744334088626 88.92719072364838 5400.0 5400.0 2016.0 1 195 {-999.0 15.995234 15.351341 15.100609 -999.0} sdss_psfmag_ps1 15.804227 15.348913 14.700816 13.392 63050396543881407 1071084604 bright_1x1 mwm_halo_vmp_xp_boss_single mwm_halo science 0 0 0.0 0.0 -999 ""
FIBERMAP 504 R+7C15 METROLOGY 0 0 0 1 0 0 105.78312880820656 119.31591350289902 143.1 -127.02625616039879 96.38554970289255 322.79956 79.17514 -999.0 -999.0 -999.0 -999.0 -999.0 309.5207094823443 -20.757016117760568 309.55662706579244 -20.66711412806052 48.586984839184844 88.92691760855018 -999.0 6231.0 -999.0 -1 -999 {-999.0 -999.0 -999.0 -999.0 -999.0} "" -999.0 -999.0 -999.0 -999.0 -999 -999 "" "" "" "" 0 0 0.0 0.0 -999 ""
FIBERMAP 508 R-3C10 APOGEE 0 0 0 1 0 0 -38.44500362779918 -65.47699191129819 143.1 68.21469958693885 -33.34506074966831 20.131458 66.60783 -999.0 -999.0 -999.0 -999.0 -999.0 310.1539159922844 -21.15225171089745 310.1902161910965 -21.06097210205825 48.1718204823961 89.7961044697891 -999.0 16600.0 -999.0 2 -999 {-999.0 -999.0 -999.0 -999.0 -999.0} "" -999.0 -999.0 -999.0 -999.0 -999 -999 "" "" "" "" 0 0 0.0 0.0 -999 ""
FIBERMAP 508 R-3C10 BOSS 1 1 0 1 0 0 -38.471473029866004 -66.2492208021852 143.1 68.98669315647342 -33.31262685296823 20.131458 66.60783 310.1566854127812 -21.152112812717007 -0.5759843 0.059020866 -0.024020338 310.15666564340785 -21.152107442941297 310.1927700409658 -21.060889628054785 48.16955840065159 89.79723619455996 5400.0 5400.0 2016.0 1 494 {-999.0 20.539019 20.039927 19.299286 -999.0} sdss_psfmag_ps1 19.563417 19.462885 18.873665 -999.0 63050396543872894 1117383481 bright_1x1 openfibertargets_bhm_quaia_boss open_fiber science 0 0 0.0 0.0 -999 ""
FIBERMAP 508 R-3C10 METROLOGY 0 0 0 1 0 0 -39.10980595426291 -65.81982727050797 143.1 68.60717797906362 -33.98180844436719 20.131458 66.60783 -999.0 -999.0 -999.0 -999.0 -999.0 310.15538000969974 -21.154161009082333 310.19154504590745 -21.0629259983028 48.17134054280807 89.79949909314752 -999.0 6231.0 -999.0 -1 -999 {-999.0 -999.0 -999.0 -999.0 -999.0} "" -999.0 -999.0 -999.0 -999.0 -999 -999 "" "" "" "" 0 0 0.0 0.0 -999 ""
FIBERMAP 510 R-3C24 APOGEE 0 0 0 1 1 0 265.3987101785111 -50.27945805237556 143.1 29.91556131485121 268.45499545032357 28.822258 132.04971 -999.0 -999.0 -999.0 -999.0 -999.0 310.0303253505372 -20.238956367117368 310.06467005262743 -20.148199748662606 47.95582402305978 88.45746903227501 -999.0 16600.0 -999.0 2 238 {-999.0 -999.0 -999.0 -999.0 -999.0} "" -999.0 -999.0 -999.0 -999.0 -999 -999 "" "" "" "" 0 0 0.0 0.0 -999 ""
FIBERMAP 510 R-3C24 BOSS 1 0 0 1 1 0 266.1144116449718 -50.45933188903074 143.1 30.04039064507654 269.1823123166189 28.822258 132.04971 310.0738590800821 -20.322299282189867 0.6781103 0.18871641 -0.5643796 310.03092020450066 -20.23671345464675 310.06506756064107 -20.14602688361797 47.954684186947965 88.45465115503191 5400.0 5400.0 2016.0 1 348 {-999.0 20.077715 20.012913 19.47286 -999.0} sdss_psfmag_ps1 19.702547 19.435692 19.060442 -999.0 63050396543885258 1117383575 bright_1x1 openfibertargets_bhm_quaia_boss open_fiber science 0 0 0.0 0.0 -999 ""
FIBERMAP 510 R-3C24 METROLOGY 0 0 0 1 1 0 265.58054194650464 -50.991245205594936 143.1 30.61142161548329 268.6905188746012 28.822258 132.04971 -999.0 -999.0 -999.0 -999.0 -999.0 310.0327119002302 -20.238160146622292 310.066915010549 -20.14744975149487 47.95358807201259 88.45757378965624 -999.0 6231.0 -999.0 -1 -999 {-999.0 -999.0 -999.0 -999.0 -999.0} "" -999.0 -999.0 -999.0 -999.0 -999 -999 "" "" "" "" 0 0 0.0 0.0 -999 ""
FIBERMAP 511 R-1C13 APOGEE 1 1 0 1 0 0 5.583041332834423 -14.921827757365685 143.1 14.453018739725044 6.703462992180603 45.251827 82.7545 309.97912119442367 -21.030423245056127 9.8473835 1.8948747 0.5489525 309.979112924868 -21.030445321858515 310.0153178208543 -20.93953540412698 48.28223992687145 89.53953021996654 16000.0 16600.0 2016.0 2 180 {-999.0 12.573348 11.88336 11.618778 -999.0} sdss_psfmag_from_g3xp 12.390785 11.912982 11.272072 9.982 63050396543874553 1104444201 bright_1x1 mwm_tess_rgb_apogee mwm_tessrgb science 0 0 0.0 0.0 -999 ""
FIBERMAP 511 R-1C13 BOSS 0 0 0 1 0 0 6.036271497388281 -15.510450216935464 143.1 15.00539914390751 7.200211140485726 45.251827 82.7545 -999.0 -999.0 -999.0 -999.0 -999.0 309.98111596021727 -21.028867988440194 310.0171236376442 -20.93802186524231 48.28012920556309 89.5382909289483 -999.0 5400.0 -999.0 1 431 {-999.0 -999.0 -999.0 -999.0 -999.0} "" -999.0 -999.0 -999.0 -999.0 -999 -999 "" "" "" "" 0 0 0.0 0.0 -999 ""
FIBERMAP 511 R-1C13 METROLOGY 0 0 0 1 0 0 5.2979872068393306 -15.611346065646323 143.1 15.162241117420754 6.471765503915974 45.251827 82.7545 -999.0 -999.0 -999.0 -999.0 -999.0 309.98156914075713 -21.03110028389905 310.01763573005815 -20.940233575741562 48.28045822793537 89.5416550571938 -999.0 6231.0 -999.0 -1 -999 {-999.0 -999.0 -999.0 -999.0 -999.0} "" -999.0 -999.0 -999.0 -999.0 -999 -999 "" "" "" "" 0 0 0.0 0.0 -999 ""
FIBERMAP 512 R+9C8 APOGEE 1 1 0 1 0 0 -11.58108928996662 173.0928848110666 143.1 -171.70596348126722 -24.73302619934296 72.54138 17.106325 309.37369565776555 -21.12372754141431 -3.548504 -1.2280622 0.56214577 309.37365542228866 -21.12374290086317 309.41070672011267 -21.033959120112836 48.844031607275504 89.37421222396904 16000.0 16600.0 2016.0 2 134 {-999.0 12.830699 12.025914 11.731442 -999.0} sdss_psfmag_from_g3xp 12.596373 12.063718 11.380441 9.983 63050396543869910 1107272185 bright_1x1 mwm_tess_rgb_apogee mwm_tessrgb science 0 0 0.0 0.0 -999 ""
FIBERMAP 512 R+9C8 BOSS 0 0 0 1 0 0 -11.56084457566725 172.34748375572553 143.1 -170.96427806564387 -24.656058061709306 72.54138 17.106325 -999.0 -999.0 -999.0 -999.0 -999.0 309.3761797858649 -21.123466708969104 309.4130398277157 -21.03374367236152 48.84191611721485 89.37506268610963 -999.0 5400.0 -999.0 1 129 {-999.0 -999.0 -999.0 -999.0 -999.0} "" -999.0 -999.0 -999.0 -999.0 -999 -999 "" "" "" "" 0 0 0.0 0.0 -999 ""
FIBERMAP 512 R+9C8 METROLOGY 0 0 0 1 0 0 -12.222539036609302 172.71088569181262 143.1 -171.27621445430418 -25.34350602649667 72.54138 17.106325 -999.0 -999.0 -999.0 -999.0 -999.0 309.37508141868807 -21.12556699001309 309.4120007432248 -21.035826831740938 48.84355320187491 89.37751279137012 -999.0 6231.0 -999.0 -1 -999 {-999.0 -999.0 -999.0 -999.0 -999.0} "" -999.0 -999.0 -999.0 -999.0 -999 -999 "" "" "" "" 0 0 0.0 0.0 -999 ""
FIBERMAP 513 R+2C25 APOGEE 0 0 0 1 0 0 285.55925616130605 32.92556794897812 143.1 -54.582624522012395 282.21844345047094 13.728908 80.581474 -999.0 -999.0 -999.0 -999.0 -999.0 309.7581663881278 -20.19723655784048 309.7926938353978 -20.10701010668843 48.17852847441428 88.26058049588653 -999.0 16600.0 -999.0 2 108 {-999.0 -999.0 -999.0 -999.0 -999.0} "" -999.0 -999.0 -999.0 -999.0 -999 -999 "" "" "" "" 0 0 0.0 0.0 -999 ""
FIBERMAP 513 R+2C25 BOSS 1 1 0 1 0 0 285.63446251460334 32.205242698261024 143.1 -53.87012860993166 282.34830276790535 13.728908 80.581474 309.7606751810945 -20.196788548814343 -1.7423422 -4.1176376 -0.03838724 309.76065919052735 -20.196811553609997 309.7949930921634 -20.10665056690588 48.17638732455039 88.26126207487664 5400.0 5400.0 2016.0 1 184 {-999.0 16.134636 16.315483 16.498796 -999.0} sdss_psfmag_ps1 16.235527 16.187866 16.123611 16.042 63050396543904801 1061111505 bright_1x1 manual_mwm_halo_distant_bhb_boss_single mwm_halo science 0 0 0.0 0.0 -999 ""
FIBERMAP 513 R+2C25 METROLOGY 0 0 0 1 0 0 284.94181072163155 32.5068951264262 143.1 -54.11813730304537 281.63469163251204 13.728908 80.581474 -999.0 -999.0 -999.0 -999.0 -999.0 309.75978343700336 -20.198908306512468 309.79417687055957 -20.108728455968386 48.177860205090944 88.26374247068463 -999.0 6231.0 -999.0 -1 -999 {-999.0 -999.0 -999.0 -999.0 -999.0} "" -999.0 -999.0 -999.0 -999.0 -999 -999 "" "" "" "" 0 0 0.0 0.0 -999 ""
FIBERMAP 516 R+10C9 APOGEE 0 0 0 1 0 0 -13.423984532486475 193.59629508201425 143.1 -192.00920312619348 -28.1324371922207 184.77713 115.16626 -999.0 -999.0 -999.0 -999.0 -999.0 309.30786464739776 -21.133659335469797 309.3450071431031 -21.043998751764757 48.90499152058174 89.35591637894532 -999.0 16600.0 -999.0 2 -999 {-999.0 -999.0 -999.0 -999.0 -999.0} "" -999.0 -999.0 -999.0 -999.0 -999 -999 "" "" "" "" 0 0 0.0 0.0 -999 ""
FIBERMAP 516 R+10C9 BOSS 1 1 0 1 0 0 -13.791629718011627 194.22846307984963 143.1 -192.61152170879586 -28.547167082735413 184.77713 115.16626 309.30605717362084 -21.13481123830911 -11.8003435 -13.349996 0.51364046 309.30603545388203 -21.13484721079232 309.3429950038725 -21.045255084564022 48.90719013411797 89.3567085199071 5400.0 5400.0 2016.0 1 126 {-999.0 15.7488785 15.091427 14.94124 -999.0} sdss_psfmag_ps1 15.554478 15.127417 14.528393 13.325 63050396543869895 1072955307 bright_1x1 mwm_halo_local_high_boss_single mwm_halo science 0 0 0.0 0.0 -999 ""
FIBERMAP 516 R+10C9 METROLOGY 0 0 0 1 0 0 -13.050075158021668 194.24412993479962 143.1 -192.6836323206371 -27.80896821894606 184.77713 115.16626 -999.0 -999.0 -999.0 -999.0 -999.0 309.30573344707113 -21.132630660230184 309.34274133733777 -21.0430213055067 48.90663113019016 89.35339850277342 -999.0 6231.0 -999.0 -1 -999 {-999.0 -999.0 -999.0 -999.0 -999.0} "" -999.0 -999.0 -999.0 -999.0 -999 -999 "" "" "" "" 0 0 0.0 0.0 -999 ""
FIBERMAP 517 R+13C10 APOGEE 1 1 0 1 0 0 41.51383603546129 258.27744217606374 143.1 -260.68675257571 21.717975482506656 176.10146 96.45619 309.0873102218576 -20.98112857711409 36.49455 -71.557465 10.6150675 309.08743196037705 -20.98132907536549 309.1244486067268 -20.892140490629487 49.04455729042913 89.02916892430699 16000.0 16600.0 2016.0 2 97 {-999.0 8.9835005 8.61521 8.497557 -999.0} sdss_psfmag_from_g3xp 8.924941 8.63347 8.171556 7.46 63050396543889632 984759102 bright_1x1 mwm_snc_100pc_apogee mwm_snc science 0 0 0.0 0.0 -999 ""
FIBERMAP 517 R+13C10 BOSS 0 0 0 1 0 0 41.52075419711251 259.02989507438235 143.1 -261.43753846014346 21.66755383010715 176.10146 96.45619 -999.0 -999.0 -999.0 -999.0 -999.0 309.0852002182427 -20.981401090590968 309.1220330439037 -20.892282295581506 49.04671931568143 89.02815846236285 -999.0 5400.0 -999.0 1 171 {-999.0 -999.0 -999.0 -999.0 -999.0} "" -999.0 -999.0 -999.0 -999.0 -999 -999 "" "" "" "" 0 0 0.0 0.0 -999 ""
FIBERMAP 517 R+13C10 METROLOGY 0 0 0 1 0 0 42.16187453189075 258.64472028282336 143.1 -261.1023254255577 22.33614625112495 176.10146 96.45619 -999.0 -999.0 -999.0 -999.0 -999.0 309.0861904129716 -20.979399362541397 309.1230703627267 -20.890260728740802 49.04510011571825 89.02579288957139 -999.0 6231.0 -999.0 -1 -999 {-999.0 -999.0 -999.0 -999.0 -999.0} "" -999.0 -999.0 -999.0 -999.0 -999 -999 "" "" "" "" 0 0 0.0 0.0 -999 ""
FIBERMAP 519 R-5C15 APOGEE 0 0 0 1 0 0 96.08848296499733 -101.40123600300734 143.1 93.78583085216889 103.53275301867235 23.68374 74.02511 -999.0 -999.0 -999.0 -999.0 -999.0 310.23704000758653 -20.736915351169348 310.2723040810761 -20.64560979803733 47.95355812954199 89.25500544728993 -999.0 16600.0 -999.0 2 -999 {-999.0 -999.0 -999.0 -999.0 -999.0} "" -999.0 -999.0 -999.0 -999.0 -999 -999 "" "" "" "" 0 0 0.0 0.0 -999 ""
FIBERMAP 519 R-5C15 BOSS 1 1 0 1 0 0 96.19847911374798 -102.10954767216866 143.1 94.48369802818291 103.69638553149396 23.68374 74.02511 310.2394853163408 -20.736291416807138 13.53458 -4.7121005 2.009488 310.2395418762201 -20.736305370699696 310.27460898687684 -20.64506411500214 47.951348335177464 89.25539117337826 5400.0 5400.0 2016.0 1 281 {-999.0 18.779207 17.323685 16.461355 -999.0} sdss_psfmag_ps1 18.045471 17.6109 15.9177885 13.937 63050396543878100 1096186185 bright_1x1 mwm_bin_vis_boss mwm_filler science 0 0 0.0 0.0 -999 ""
FIBERMAP 519 R-5C15 METROLOGY 0 0 0 1 0 0 95.49693471565354 -101.85902294634933 143.1 94.28734537053776 102.97780247776404 23.68374 74.02511 -999.0 -999.0 -999.0 -999.0 -999.0 310.23886395264907 -20.738490293076513 310.2739914344302 -20.6472301130353 47.95265977999938 89.25810581001343 -999.0 6231.0 -999.0 -1 -999 {-999.0 -999.0 -999.0 -999.0 -999.0} "" -999.0 -999.0 -999.0 -999.0 -999 -999 "" "" "" "" 0 0 0.0 0.0 -999 ""
FIBERMAP 520 R+1C14 APOGEE 0 0 0 1 0 0 4.820968875091122 33.01464560781043 143.1 -33.28562795016844 2.2919534828208543 129.8032 102.7991 -999.0 -999.0 -999.0 -999.0 -999.0 309.82370795711785 -21.043522205876 309.8601055265726 -20.9529035543834 48.42265961522002 89.48177583348507 -999.0 16600.0 -999.0 2 121 {-999.0 -999.0 -999.0 -999.0 -999.0} "" -999.0 -999.0 -999.0 -999.0 -999 -999 "" "" "" "" 0 0 0.0 0.0 -999 ""
FIBERMAP 520 R+1C14 BOSS 1 1 0 1 0 0 5.312571111114755 33.57956868333987 143.1 -33.88635261835304 2.739088120756493 129.8032 102.7991 309.8219222924189 -21.042074681167296 0.97177863 -6.9597435 0.31295872 309.82192472987356 -21.04209098868066 309.8581303018384 -20.95154290510687 48.42390921026067 89.47888022681536 5400.0 5400.0 2016.0 1 101 {-999.0 16.531477 15.771942 15.521375 -999.0} sdss_psfmag_ps1 16.309547 15.814645 15.138017 13.717 63050396543874718 944166276 bright_1x1 openfibertargets_nov2020_6b open_fiber science 0 0 0.0 0.0 -999 ""
FIBERMAP 520 R+1C14 METROLOGY 0 0 0 1 0 0 5.559327260984485 32.87146549274189 143.1 -33.19911128643405 3.0390659855380218 129.8032 102.7991 -999.0 -999.0 -999.0 -999.0 -999.0 309.8241073762148 -21.041203886438627 309.86036262499147 -20.95063302486768 48.42163774007099 89.47869923457029 -999.0 6231.0 -999.0 -1 -999 {-999.0 -999.0 -999.0 -999.0 -999.0} "" -999.0 -999.0 -999.0 -999.0 -999 -999 "" "" "" "" 0 0 0.0 0.0 -999 ""
FIBERMAP 521 R+12C7 APOGEE 0 0 0 1 0 0 -5.826192376723167 232.30735085884507 143.1 -231.1861617302899 -23.50569287352335 23.373852 89.50328 -999.0 -999.0 -999.0 -999.0 -999.0 309.18138309656064 -21.11881877529852 309.21862206238643 -21.029406076061466 49.010402386343785 89.27227220109683 -999.0 16600.0 -999.0 2 -999 {-999.0 -999.0 -999.0 -999.0 -999.0} "" -999.0 -999.0 -999.0 -999.0 -999 -999 "" "" "" "" 0 0 0.0 0.0 -999 ""
FIBERMAP 521 R+12C7 BOSS 1 1 0 1 0 0 -5.549877924613426 231.63171160752262 143.1 -230.53354134282674 -23.178715900381576 23.373852 89.50328 309.1836638657576 -21.117727987512122 -7.89941 -20.11169 0.539851 309.1836449129154 -21.117781790786946 309.2206922516325 -21.028430207819223 49.00825077653182 89.27190908754034 5400.0 5400.0 2016.0 1 162 {-999.0 16.269455 15.882183 15.76648 -999.0} sdss_psfmag_ps1 16.18375 15.867521 15.3766575 14.443 63050396543870930 1072837566 bright_1x1 mwm_halo_local_high_boss_single mwm_halo science 0 0 0.0 0.0 -999 ""
FIBERMAP 521 R+12C7 METROLOGY 0 0 0 1 0 0 -6.275352856655125 231.70922622295103 143.1 -230.55556539936285 -23.907980311073327 23.373852 89.50328 -999.0 -999.0 -999.0 -999.0 -999.0 309.18346621409677 -21.12001126349849 309.2205718732065 -21.030640857383105 49.00912940802638 89.27500637728895 -999.0 6231.0 -999.0 -1 -999 {-999.0 -999.0 -999.0 -999.0 -999.0} "" -999.0 -999.0 -999.0 -999.0 -999 -999 "" "" "" "" 0 0 0.0 0.0 -999 ""
FIBERMAP 522 R-4C13 APOGEE 0 0 0 1 0 0 13.984964357132954 -93.09048949808127 143.1 91.75372083533004 21.035545540488787 273.59207 80.3049 -999.0 -999.0 -999.0 -999.0 -999.0 310.23055780363086 -20.98716871514416 310.2663995662582 -20.895796275572618 48.04730121495665 89.60176597278246 -999.0 16600.0 -999.0 2 -999 {-999.0 -999.0 -999.0 -999.0 -999.0} "" -999.0 -999.0 -999.0 -999.0 -999 -999 "" "" "" "" 0 0 0.0 0.0 -999 ""
FIBERMAP 522 R-4C13 BOSS 1 1 0 1 0 0 13.250189546727482 -92.99830423345185 143.1 91.71777734389816 20.29589080145206 273.59207 80.3049 310.23068465816436 -20.98933914933215 -0.57634974 -3.6268504 0.14313619 310.230690222934 -20.989335081790976 310.26634383120506 -20.898029478707205 48.048135848705364 89.60486543581834 5400.0 5400.0 2016.0 1 406 {-999.0 17.078371 16.785265 16.679012 16.654627} sdss_psfmag_from_gaia 17.049 16.7901 16.3639 15.498 63050396543874064 974124606 "" ops_std_boss_gdr2 ops_std standard_boss 0 0 0.0 0.0 -999 ""
FIBERMAP 522 R-4C13 METROLOGY 0 0 0 1 0 0 13.680673498806613 -92.40718481469682 143.1 91.0955885269336 20.680089805362794 273.59207 80.3049 -999.0 -999.0 -999.0 -999.0 -999.0 310.22862295652425 -20.98818494097213 310.26433080590016 -20.896864401932103 48.049486169643494 89.6022441096419 -999.0 6231.0 -999.0 -1 -999 {-999.0 -999.0 -999.0 -999.0 -999.0} "" -999.0 -999.0 -999.0 -999.0 -999 -999 "" "" "" "" 0 0 0.0 0.0 -999 ""
FIBERMAP 525 R+2C1 APOGEE 0 0 0 1 0 0 -281.19365227690446 55.131306040637305 143.1 -33.55005008489697 -284.57348176835103 181.65932 50.17509 -999.0 -999.0 -999.0 -999.0 -999.0 309.82072121575754 -21.910687000733812 309.859124862076 -21.819801987554758 48.72128921921123 90.71175704023892 -999.0 16600.0 -999.0 2 4 {-999.0 -999.0 -999.0 -999.0 -999.0} "" -999.0 -999.0 -999.0 -999.0 -999 -999 "" "" "" "" 0 0 0.0 0.0 -999 ""
FIBERMAP 525 R+2C1 BOSS 1 1 0 1 0 0 -280.752640437543 55.749566743387454 143.1 -34.20010303008629 -284.1808531175507 181.65932 50.17509 309.818834358784 -21.909426870353574 -1.954184 -3.1139164 1.902289 309.81880059406154 -21.909411805535928 309.85701251775606 -21.81859403179116 48.72273052259538 90.70903389315663 5400.0 5400.0 2016.0 1 4 {-999.0 21.138315 19.72455 18.56778 -999.0} sdss_psfmag_ps1 20.517447 19.265694 18.12601 15.816 63050396543782121 1094325231 bright_1x1 mwm_bin_vis_boss mwm_filler science 0 0 0.0 0.0 -999 ""
FIBERMAP 525 R+2C1 METROLOGY 0 0 0 1 0 0 -280.4582955444107 55.03838022348934 143.1 -33.51341252937409 -283.8331903909014 181.65932 50.17509 -999.0 -999.0 -999.0 -999.0 -999.0 309.8209778569874 -21.908455377872667 309.8592392935641 -21.817615855854775 48.72045479048661 90.70869000397005 -999.0 6231.0 -999.0 -1 -999 {-999.0 -999.0 -999.0 -999.0 -999.0} "" -999.0 -999.0 -999.0 -999.0 -999 -999 "" "" "" "" 0 0 0.0 0.0 -999 ""
FIBERMAP 526 R+6C6 APOGEE 0 0 0 1 0 0 -126.39295930743391 121.0204961271806 143.1 -111.03937909383124 -135.24340424545161 175.97708 102.89932 -999.0 -999.0 -999.0 -999.0 -999.0 309.5692933009702 -21.45970776197183 309.6069182920288 -21.369443844376075 48.78878184460939 89.94842278623696 -999.0 16600.0 -999.0 2 -999 {-999.0 -999.0 -999.0 -999.0 -999.0} "" -999.0 -999.0 -999.0 -999.0 -999 -999 "" "" "" "" 0 0 0.0 0.0 -999 ""
FIBERMAP 526 R+6C6 BOSS 1 1 0 1 0 0 -126.49769220607703 121.77429296726328 143.1 -111.78299975295118 -135.40525378099952 175.97708 102.89932 309.5670369145643 -21.460167435397704 -5.912624 -1.4235015 0.49874055 309.56701851843115 -21.460168264009038 309.6044577675932 -21.36997305967256 48.791115475723196 89.94798139126783 5400.0 5400.0 2016.0 1 56 {-999.0 16.5385 16.221975 16.06192 -999.0} sdss_psfmag_ps1 16.460964 16.167727 15.711515 14.924 63050396543863815 944753809 bright_1x1 openfibertargets_nov2020_6c open_fiber science 0 0 0.0 0.0 -999 ""
FIBERMAP 526 R+6C6 METROLOGY 0 0 0 1 0 0 -125.8137128359651 121.4937526560178 143.1 -111.55538097798514 -134.70189804000347 175.97708 102.89932 -999.0 -999.0 -999.0 -999.0 -999.0 309.56769601496325 -21.458079726599966 309.60518332706897 -21.367865607264545 48.78975642524784 89.94533015087825 -999.0 6231.0 -999.0 -1 -999 {-999.0 -999.0 -999.0 -999.0 -999.0} "" -999.0 -999.0 -999.0 -999.0 -999 -999 "" "" "" "" 0 0 0.0 0.0 -999 ""
FIBERMAP 527 R0C23 APOGEE 0 0 0 1 0 0 209.10096959199467 7.4992029885016604 143.1 -23.406031621624596 207.92000113747397 24.514963 133.89516 -999.0 -999.0 -999.0 -999.0 -999.0 309.85779509623603 -20.420640766818813 309.8927305283843 -20.330153974169342 48.1722109065715 88.62348353091045 -999.0 16600.0 -999.0 2 84 {-999.0 -999.0 -999.0 -999.0 -999.0} "" -999.0 -999.0 -999.0 -999.0 -999 -999 "" "" "" "" 0 0 0.0 0.0 -999 ""
FIBERMAP 527 R0C23 BOSS 1 1 0 1 0 0 209.79879133667316 7.2745959862399365 143.1 -23.235237535302943 208.63289805666562 24.514963 133.89516 309.858569383356 -20.41834307192642 -6.831375 -7.146126 0.016883215 309.85853977014966 -20.41837421725537 309.89327861250536 -20.327956086748138 48.17093682092013 88.62068970177961 5400.0 5400.0 2016.0 1 257 {-999.0 17.923193 17.610186 17.494516 17.463312} sdss_psfmag_from_gaia 17.8806 17.6172 17.1698 -999.0 63050396543884774 974124806 "" ops_std_boss_gdr2 ops_std standard_boss 0 0 0.0 0.0 -999 ""
FIBERMAP 527 R0C23 METROLOGY 0 0 0 1 0 0 209.24736928533858 6.773266741247592 143.1 -22.693364372287725 208.12127363698076 24.514963 133.89516 -999.0 -999.0 -999.0 -999.0 -999.0 309.8602288712193 -20.419908166595004 309.8950235034889 -20.329466681415184 48.169957742530336 88.62368875843225 -999.0 6231.0 -999.0 -1 -999 {-999.0 -999.0 -999.0 -999.0 -999.0} "" -999.0 -999.0 -999.0 -999.0 -999 -999 "" "" "" "" 0 0 0.0 0.0 -999 ""
FIBERMAP 529 R-10C15 APOGEE 0 0 0 1 0 0 153.81032895508045 -185.85450911015556 143.1 173.59577327477461 167.51969354883852 84.53317 41.260128 -999.0 -999.0 -999.0 -999.0 -999.0 310.4944285768217 -20.54377891922012 310.5289851052945 -20.452049668219242 47.65986848473114 89.1139147743985 -999.0 16600.0 -999.0 2 228 {-999.0 -999.0 -999.0 -999.0 -999.0} "" -999.0 -999.0 -999.0 -999.0 -999 -999 "" "" "" "" 0 0 0.0 0.0 -999 ""
FIBERMAP 529 R-10C15 BOSS 1 1 0 1 0 0 154.24870696596102 -186.45020158926337 143.1 174.1563344768239 168.00217142294355 84.53317 41.260128 310.4964979581949 -20.542160113597742 -18.029308 -24.514505 0.37470844 310.4964414871543 -20.542239002690827 310.5307979747722 -20.450576620527826 47.65775399740762 89.1127801164269 5400.0 5400.0 2016.0 1 330 {-999.0 17.65886 17.142656 16.987453 -999.0} sdss_psfmag_ps1 17.413677 17.109901 16.64208 15.758 63050396543878871 977478100 "" ops_std_boss ops_std standard_boss 0 0 0.0 0.0 -999 ""
FIBERMAP 529 R-10C15 METROLOGY 0 0 0 1 0 0 153.50329402951985 -186.5297125786769 143.1 174.29239698470525 167.26498889085505 84.53317 41.260128 -999.0 -999.0 -999.0 -999.0 -999.0 310.4968677115889 -20.54445513638156 310.5312838778591 -20.45277135991296 47.65811781555401 89.11606379583316 -999.0 6231.0 -999.0 -1 -999 {-999.0 -999.0 -999.0 -999.0 -999.0} "" -999.0 -999.0 -999.0 -999.0 -999 -999 "" "" "" "" 0 0 0.0 0.0 -999 ""
FIBERMAP 530 R+6C5 APOGEE 1 1 0 1 0 0 -115.09429834544294 114.68001933222583 143.1 -105.57808866222258 -123.49468935572284 40.61328 60.723286 309.58719458583545 -21.424228103592085 2.5769873 -6.4447055 2.7100003 309.58716669972415 -21.42424997737551 309.62469073959744 -21.333962988067494 48.76103078448796 89.9065149112239 16000.0 16600.0 2016.0 2 30 {-999.0 8.301441 8.612232 8.825944 -999.0} sdss_psfmag_from_g3xp 8.445728 8.477052 8.504197 8.622 63050396543863923 975404048 "" ops_std_apogee ops_std standard_apogee 0 0 0.0 0.0 -999 ""
FIBERMAP 530 R+6C5 BOSS 0 0 0 1 0 0 -114.93087051150877 113.95431741404164 143.1 -104.86695221220765 -123.27645621715713 40.61328 60.723286 -999.0 -999.0 -999.0 -999.0 -999.0 309.5896264794995 -21.423587078756846 309.6269570728474 -21.333360293982228 48.758841329528394 89.90675956866266 -999.0 5400.0 -999.0 1 50 {-999.0 -999.0 -999.0 -999.0 -999.0} "" -999.0 -999.0 -999.0 -999.0 -999 -999 "" "" "" "" 0 0 0.0 0.0 -999 ""
FIBERMAP 530 R+6C5 METROLOGY 0 0 0 1 0 0 -115.64994410157927 114.17423773252807 143.1 -105.0314543774065 -124.01018599739012 40.61328 60.723286 -999.0 -999.0 -999.0 -999.0 -999.0 309.58901734032077 -21.425838550444617 309.62640744298676 -21.335593881967867 48.76009124800575 89.90967301387718 -999.0 6231.0 -999.0 -1 -999 {-999.0 -999.0 -999.0 -999.0 -999.0} "" -999.0 -999.0 -999.0 -999.0 -999 -999 "" "" "" "" 0 0 0.0 0.0 -999 ""
FIBERMAP 531 R-4C14 APOGEE 0 0 0 1 0 0 46.07858854264135 -95.08930129310727 143.1 91.30190684173745 53.18785400278781 304.34613 81.386856 -999.0 -999.0 -999.0 -999.0 -999.0 310.22907836259816 -20.889579764916952 310.26469886316863 -20.79824095712656 48.01437457265002 89.46442445656214 -999.0 16600.0 -999.0 2 -999 {-999.0 -999.0 -999.0 -999.0 -999.0} "" -999.0 -999.0 -999.0 -999.0 -999 -999 "" "" "" "" 0 0 0.0 0.0 -999 ""
FIBERMAP 531 R-4C14 BOSS 1 1 0 1 0 0 45.450625800886954 -95.43458893507332 143.1 91.69402403531784 52.58802528277696 304.34613 81.386856 310.2305962318647 -20.891282836200638 1.9888203 -5.810768 0.1863587 310.2305988738347 -20.891304200840406 310.26602877380935 -20.800030148744117 48.01384425110889 89.46758344899763 5400.0 5400.0 2016.0 1 270 {-999.0 18.511662 18.18068 17.969654 -999.0} sdss_psfmag_ps1 18.377773 18.08912 17.654755 -999.0 63050396543875287 979917301 "" ops_std_boss ops_std standard_boss 0 0 0.0 0.0 -999 ""
FIBERMAP 531 R-4C14 METROLOGY 0 0 0 1 0 0 45.45133481563764 -94.68180776094258 143.1 90.9433838267589 52.53138758116375 304.34613 81.386856 -999.0 -999.0 -999.0 -999.0 -999.0 310.22811647552265 -20.891488460720886 310.2636040885574 -20.80019971646056 48.016024461356224 89.46662254981572 -999.0 6231.0 -999.0 -1 -999 {-999.0 -999.0 -999.0 -999.0 -999.0} "" -999.0 -999.0 -999.0 -999.0 -999 -999 "" "" "" "" 0 0 0.0 0.0 -999 ""
FIBERMAP 534 R-5C9 APOGEE 0 0 0 1 0 0 -59.95287318882383 -104.07944463667413 143.1 108.34300046624655 -51.849596218145656 181.30235 161.74266 -999.0 -999.0 -999.0 -999.0 -999.0 310.28440655490436 -21.208387238129628 310.32069717353477 -21.11684327769348 48.07719617712708 89.93813864315189 -999.0 16600.0 -999.0 2 266 {-999.0 -999.0 -999.0 -999.0 -999.0} "" -999.0 -999.0 -999.0 -999.0 -999 -999 "" "" "" "" 0 0 0.0 0.0 -999 ""
FIBERMAP 534 R-5C9 BOSS 1 1 0 1 0 0 -60.660884021275166 -103.8583281923754 143.1 108.17646293468758 -52.57238661513176 181.30235 161.74266 310.28411865234375 -21.210539329510013 -999.0 -999.0 -999.0 310.2841172780698 -21.210541029849455 310.3202197956148 -21.11906390975415 48.07838673053354 89.9410223727333 5400.0 5400.0 2015.5 1 361 {-999.0 -999.0 -999.0 -999.0 -999.0} "" -999.0 -999.0 -999.0 -999.0 27021603186164530 815792858 "" ops_sky_boss_good ops_sky sky_boss 0 0 0.0 0.0 -999 ""
FIBERMAP 534 R-5C9 METROLOGY 0 0 0 1 0 0 -60.11462352775076 -103.34026323188057 143.1 107.61829604679076 -52.067183580504626 181.30235 161.74266 -999.0 -999.0 -999.0 -999.0 -999.0 310.28226021742836 -21.209033719533902 310.3184160535028 -21.11754160313035 48.079434105281365 89.93800960392139 -999.0 6231.0 -999.0 -1 -999 {-999.0 -999.0 -999.0 -999.0 -999.0} "" -999.0 -999.0 -999.0 -999.0 -999 -999 "" "" "" "" 0 0 0.0 0.0 -999 ""
FIBERMAP 536 R+4C9 APOGEE 0 0 0 1 0 0 -70.65013070946861 98.21589491226663 143.1 -92.54759627741413 -77.92592459398936 158.58264 43.625927 -999.0 -999.0 -999.0 -999.0 -999.0 309.6300142937404 -21.28637766917962 309.66717437375667 -21.19605202778394 48.67621371741803 89.73110502258004 -999.0 16600.0 -999.0 2 40 {-999.0 -999.0 -999.0 -999.0 -999.0} "" -999.0 -999.0 -999.0 -999.0 -999 -999 "" "" "" "" 0 0 0.0 0.0 -999 ""
FIBERMAP 536 R+4C9 BOSS 1 1 0 1 0 0 -69.9558935889834 98.50202046054548 143.1 -92.88577247011654 -77.25550794580893 158.58264 43.625927 309.62905883789057 -21.2843308298862 -999.0 -999.0 -999.0 309.6290591895334 -21.28431418040329 309.6660259910807 -21.194056357664085 48.67652574980172 89.72770790938654 5400.0 5400.0 2015.5 1 66 {-999.0 -999.0 -999.0 -999.0 -999.0} "" -999.0 -999.0 -999.0 -999.0 27021603186174092 815794249 "" ops_sky_boss_good ops_sky sky_boss 0 0 0.0 0.0 -999 ""
FIBERMAP 536 R+4C9 METROLOGY 0 0 0 1 0 0 -70.06188432971521 97.75842603246178 143.1 -92.13627216939975 -77.30454480657124 158.58264 43.625927 -999.0 -999.0 -999.0 -999.0 -999.0 309.6314339799084 -21.284500166980138 309.66845241699275 -21.194219233413293 48.674460397826344 89.72912764068155 -999.0 6231.0 -999.0 -1 -999 {-999.0 -999.0 -999.0 -999.0 -999.0} "" -999.0 -999.0 -999.0 -999.0 -999 -999 "" "" "" "" 0 0 0.0 0.0 -999 ""
FIBERMAP 537 R-10C13 APOGEE 0 0 0 1 0 0 92.80516573761889 -176.57589583431613 143.1 168.99140814502724 105.98559316819176 113.80133 77.945625 -999.0 -999.0 -999.0 -999.0 -999.0 310.4803834407507 -20.729715167613023 310.5153763426765 -20.637953311792376 47.73828335020616 89.36507592612793 -999.0 16600.0 -999.0 2 -999 {-999.0 -999.0 -999.0 -999.0 -999.0} "" -999.0 -999.0 -999.0 -999.0 -999 -999 "" "" "" "" 0 0 0.0 0.0 -999 ""
FIBERMAP 537 R-10C13 BOSS 1 1 0 1 0 0 93.62538570197303 -176.44599139743178 143.1 168.799400549327 106.79352578002572 113.80133 77.945625 310.4799933847203 -20.727159077779103 -0.626819 -2.2184598 0.09261348 310.47999922535513 -20.727171054007577 310.5147923679018 -20.63548009244587 47.73791288406697 89.36135018041392 5400.0 5400.0 2016.0 1 378 {-999.0 17.021257 16.866636 16.907412 -999.0} sdss_psfmag_ps1 17.206657 16.978506 16.51635 16.164 63050396543877307 1070890600 bright_1x1 mwm_halo_distant_rrl_boss_single mwm_halo science 0 0 0.0 0.0 -999 ""
FIBERMAP 537 R-10C13 METROLOGY 0 0 0 1 0 0 93.30967561492318 -177.12813491342817 143.1 169.5036049189956 106.53069992812563 113.80133 77.945625 -999.0 -999.0 -999.0 -999.0 -999.0 310.4822465807649 -20.727972775755635 310.51709426212255 -20.636257677939405 47.73617707202377 89.36357170283657 -999.0 6231.0 -999.0 -1 -999 {-999.0 -999.0 -999.0 -999.0 -999.0} "" -999.0 -999.0 -999.0 -999.0 -999 -999 "" "" "" "" 0 0 0.0 0.0 -999 ""
FIBERMAP 538 R+13C9 APOGEE 1 1 0 1 0 0 23.413828873892264 265.0875111891936 143.1 -266.0981594897109 3.1519737611275733 152.77917 90.99377 309.0695592733392 -21.03736314426635 4.63549 -9.580915 2.0113254 309.06956479161244 -21.037373540226255 309.106729906895 -20.948201837474254 49.07977232536337 89.10037205718373 16000.0 16600.0 2016.0 2 98 {-999.0 10.493035 10.5393305 10.634499 -999.0} sdss_psfmag_from_g3xp 10.576631 10.4877615 10.312577 10.058 63050396543871372 975404094 "" ops_std_apogee ops_std standard_apogee 0 0 0.0 0.0 -999 ""
FIBERMAP 538 R+13C9 BOSS 0 0 0 1 0 0 23.75220374514153 265.73964899395884 143.1 -266.77417217586884 3.4396840573004526 152.77917 90.99377 -999.0 -999.0 -999.0 -999.0 -999.0 309.0675879615829 -21.036423565855372 309.1045667101529 -20.947321224191295 49.08135439956068 89.09802972882022 -999.0 5400.0 -999.0 1 172 {-999.0 -999.0 -999.0 -999.0 -999.0} "" -999.0 -999.0 -999.0 -999.0 -999 -999 "" "" "" "" 0 0 0.0 0.0 -999 ""
FIBERMAP 538 R+13C9 METROLOGY 0 0 0 1 0 0 24.148994834942513 265.1467384240135 143.1 -266.2132168024702 3.8804843527698516 152.77917 90.99377 -999.0 -999.0 -999.0 -999.0 -999.0 309.0692945484148 -21.035119949578437 309.10632127315125 -20.945996239833118 49.07935473669121 89.0970147476325 -999.0 6231.0 -999.0 -1 -999 {-999.0 -999.0 -999.0 -999.0 -999.0} "" -999.0 -999.0 -999.0 -999.0 -999 -999 "" "" "" "" 0 0 0.0 0.0 -999 ""
FIBERMAP 539 R-12C10 APOGEE 0 0 0 1 0 0 44.45259889805911 -217.42656247973383 143.1 213.40631739372662 60.88589709510918 108.389046 98.08122 -999.0 -999.0 -999.0 -999.0 -999.0 310.62424097114973 -20.866236830354374 310.65939216401216 -20.774161533202463 47.660714070876814 89.62534616663413 -999.0 16600.0 -999.0 2 -999 {-999.0 -999.0 -999.0 -999.0 -999.0} "" -999.0 -999.0 -999.0 -999.0 -999 -999 "" "" "" "" 0 0 0.0 0.0 -999 ""
FIBERMAP 539 R-12C10 BOSS 1 1 0 1 0 0 45.064033333655196 -217.11308507930806 143.1 213.04717676627274 61.47166891292185 108.389046 98.08122 310.6232983622363 -20.864345386608022 6.772375 -17.64671 3.2269282 310.6233152759501 -20.864383725522845 310.6582679725126 -20.77237985069935 47.661066519955476 89.62231969260841 5400.0 5400.0 2016.0 1 368 {-999.0 18.424547 17.057854 15.793508 -999.0} sdss_psfmag_ps1 17.744486 16.699965 15.093511 12.857 63050396543876749 1095307065 bright_1x1 mwm_bin_vis_boss mwm_filler science 0 0 0.0 0.0 -999 ""
FIBERMAP 539 R-12C10 METROLOGY 0 0 0 1 0 0 45.088940086617505 -217.8197139881122 143.1 213.7498479477018 61.55033194780335 108.389046 98.08122 -999.0 -999.0 -999.0 -999.0 -999.0 310.62555943649147 -20.864154044159328 310.66056456760384 -20.772126455172117 47.65896853418116 89.6230963129878 -999.0 6231.0 -999.0 -1 -999 {-999.0 -999.0 -999.0 -999.0 -999.0} "" -999.0 -999.0 -999.0 -999.0 -999 -999 "" "" "" "" 0 0 0.0 0.0 -999 ""
FIBERMAP 540 R-12C4 APOGEE 0 0 0 1 0 0 -82.05947659235493 -220.38890866218452 143.1 225.99734257780742 -65.03162885665576 69.58903 106.112 -999.0 -999.0 -999.0 -999.0 -999.0 310.66579707632474 -21.247427115769117 310.70177038767304 -21.15515324888148 47.75727952123777 90.17620422008793 -999.0 16600.0 -999.0 2 -999 {-999.0 -999.0 -999.0 -999.0 -999.0} "" -999.0 -999.0 -999.0 -999.0 -999 -999 "" "" "" "" 0 0 0.0 0.0 -999 ""
FIBERMAP 540 R-12C4 BOSS 1 1 0 1 0 0 -81.3185159773019 -220.42071013151048 143.1 225.9726071260111 -64.2904062090623 69.58903 106.112 310.66588803852557 -21.245091124012713 15.954038 -10.294736 0.3159793 310.66594448938207 -21.245125894193546 310.7017167883564 -21.15292010014281 47.756550292044665 90.17306366992727 5400.0 5400.0 2016.0 1 426 {-999.0 16.314978 15.977605 15.850267 -999.0} sdss_psfmag_ps1 16.229792 15.943184 15.483884 14.518 63050396543796363 944753468 bright_1x1 openfibertargets_nov2020_6c open_fiber science 0 0 0.0 0.0 -999 ""
FIBERMAP 540 R-12C4 METROLOGY 0 0 0 1 0 0 -81.73131236931074 -221.0610741622735 143.1 226.6425495802954 -64.65321791742478 69.58903 106.112 -999.0 -999.0 -999.0 -999.0 -999.0 310.6680925496034 -21.246244515515535 310.70392052176874 -21.154015177119255 47.75500376001427 90.17565347215123 -999.0 6231.0 -999.0 -1 -999 {-999.0 -999.0 -999.0 -999.0 -999.0} "" -999.0 -999.0 -999.0 -999.0 -999 -999 "" "" "" "" 0 0 0.0 0.0 -999 ""
FIBERMAP 541 R-13C2 APOGEE 0 0 0 1 0 0 -120.3271977746014 -265.1619054914998 143.1 273.55491140209085 -99.77709334966431 284.6885 116.42371 -999.0 -999.0 -999.0 -999.0 -999.0 310.8191463526478 -21.35165649136706 310.8551921361342 -21.25906255808776 47.659136213781316 90.39473117494134 -999.0 16600.0 -999.0 2 155 {-999.0 -999.0 -999.0 -999.0 -999.0} "" -999.0 -999.0 -999.0 -999.0 -999 -999 "" "" "" "" 0 0 0.0 0.0 -999 ""
FIBERMAP 541 R-13C2 BOSS 1 1 0 1 0 0 -120.90013899328054 -265.66908007229773 143.1 274.1042521236333 -100.30972891018631 284.6885 116.42371 310.8210505727837 -21.35315430048527 -0.25135103 -4.4563537 0.07554899 310.82107198633724 -21.353172876955234 310.8569225706343 -21.26064236737114 47.65816925710155 90.39775988412714 5400.0 5400.0 2016.0 1 436 {-999.0 16.086706 15.125806 14.748447 -999.0} sdss_psfmag_ps1 15.782388 15.141675 14.372158 12.72 63050396543791480 1061577647 bright_1x1 manual_mwm_halo_distant_kgiant_near_boss_single mwm_halo science 0 0 0.0 0.0 -999 ""
FIBERMAP 541 R-13C2 METROLOGY 0 0 0 1 0 0 -121.03607863981262 -264.93771786877824 143.1 273.38537792364883 -100.50098519586099 284.6885 116.42371 -999.0 -999.0 -999.0 -999.0 -999.0 310.8187663908169 -21.353805047927818 310.85467661358587 -21.261259514513497 47.66034664196215 90.39754520117754 -999.0 6231.0 -999.0 -1 -999 {-999.0 -999.0 -999.0 -999.0 -999.0} "" -999.0 -999.0 -999.0 -999.0 -999 -999 "" "" "" "" 0 0 0.0 0.0 -999 ""
FIBERMAP 542 R+1C25 APOGEE 0 0 0 1 0 0 270.8148665102243 15.89781511374855 143.1 -36.481337485271126 268.8141697972767 349.2329 114.05171 -999.0 -999.0 -999.0 -999.0 -999.0 309.81628642777054 -20.23748067347075 309.8508464687918 -20.147130857276455 48.142346857818005 88.34646295560418 -999.0 16600.0 -999.0 2 -999 {-999.0 -999.0 -999.0 -999.0 -999.0} "" -999.0 -999.0 -999.0 -999.0 -999 -999 "" "" "" "" 0 0 0.0 0.0 -999 ""
FIBERMAP 542 R+1C25 BOSS 1 1 0 1 0 0 271.0028697992774 15.155523381416181 143.1 -35.755531679728904 269.05817049639717 349.2329 114.05171 309.81882916539786 -20.236673361136898 -3.3780756 -3.616175 0.38413754 309.8188207369384 -20.23669086080983 309.85318600494713 -20.146406503897538 48.14003758618918 88.3466529410656 5400.0 5400.0 2016.0 1 192 {-999.0 17.18481 16.491714 16.267427 -999.0} sdss_psfmag_ps1 16.976 16.536036 15.929486 14.736 63050396543904504 944753996 bright_1x1 openfibertargets_nov2020_6c open_fiber science 0 0 0.0 0.0 -999 ""
FIBERMAP 542 R+1C25 METROLOGY 0 0 0 1 0 0 270.2717236194756 15.383525295625308 143.1 -35.92717222188309 268.31178769584074 349.2329 114.05171 -999.0 -999.0 -999.0 -999.0 -999.0 309.8181966352984 -20.23889548524592 309.8526215223002 -20.148591763238617 48.14132814011835 88.349412368029 -999.0 6231.0 -999.0 -1 -999 {-999.0 -999.0 -999.0 -999.0 -999.0} "" -999.0 -999.0 -999.0 -999.0 -999 -999 "" "" "" "" 0 0 0.0 0.0 -999 ""
FIBERMAP 545 R-11C6 APOGEE 0 0 0 1 0 0 -58.33575348083348 -203.13566758913066 143.1 206.98720565456466 -42.69138091355537 80.93668 137.16797 -999.0 -999.0 -999.0 -999.0 -999.0 310.60430717435236 -21.180009132955934 310.64019270521044 -21.08787192333392 47.78770854043483 90.05260508758374 -999.0 16600.0 -999.0 2 171 {-999.0 -999.0 -999.0 -999.0 -999.0} "" -999.0 -999.0 -999.0 -999.0 -999 -999 "" "" "" "" 0 0 0.0 0.0 -999 ""
FIBERMAP 545 R-11C6 BOSS 1 1 0 1 0 0 -57.776404402286815 -202.66879295357253 143.1 206.47908277991422 -42.16922792996278 80.93668 137.16797 310.602892151515 -21.17837264876546 4.9137487 -1.9239647 0.09013072 310.602910373584 -21.17837496986396 310.6385984517152 -21.08630866309098 47.78855763535352 90.04965245235087 5400.0 5400.0 2016.0 1 413 {-999.0 18.269272 17.921995 17.789593 17.745777} sdss_psfmag_from_gaia 18.187 17.9321 17.432 16.363 63050396543797512 974123262 "" ops_std_boss_gdr2 ops_std standard_boss 0 0 0.0 0.0 -999 ""
FIBERMAP 545 R-11C6 METROLOGY 0 0 0 1 0 0 -57.629924555233444 -203.38976858634825 143.1 207.18679777317053 -41.96825339543677 80.93668 137.16797 -999.0 -999.0 -999.0 -999.0 -999.0 310.60517476369546 -21.177784478553644 310.64091439586616 -21.0856949096047 47.786318372932314 90.0499177160467 -999.0 6231.0 -999.0 -1 -999 {-999.0 -999.0 -999.0 -999.0 -999.0} "" -999.0 -999.0 -999.0 -999.0 -999 -999 "" "" "" "" 0 0 0.0 0.0 -999 ""
FIBERMAP 549 R+8C4 APOGEE 0 0 0 1 1 0 -148.1534148451951 155.94621393964036 143.1 -144.20561240977594 -159.6009483047994 181.81105 113.231995 -999.0 -999.0 -999.0 -999.0 -999.0 309.4612608718529 -21.53264414871164 309.4991688008254 -21.44256424427346 48.90809883079277 90.00047960142712 -999.0 16600.0 -999.0 2 -999 {-999.0 -999.0 -999.0 -999.0 -999.0} "" -999.0 -999.0 -999.0 -999.0 -999 -999 "" "" "" "" 0 0 0.0 0.0 -999 ""
FIBERMAP 549 R+8C4 BOSS 1 0 0 1 1 0 -148.4914762617297 156.55690243895447 143.1 -144.78876772850455 -159.98454444251152 181.81105 113.231995 309.4936881098391 -21.54483348239862 7.2501826 -29.22359 0.7991676 309.45951857534055 -21.53375964374724 309.49724232559265 -21.443746723637673 48.91018850467867 90.00123548954434 5400.0 5400.0 2016.0 1 58 {-999.0 16.411808 16.074806 15.937548 -999.0} sdss_psfmag_ps1 16.333477 16.035765 15.573372 14.802 63050396543861618 1072955299 bright_1x1 mwm_halo_local_high_boss_single mwm_halo science 0 0 0.0 0.0 -999 ""
FIBERMAP 549 R+8C4 METROLOGY 0 0 0 1 1 0 -147.72978277416937 156.56268298606082 143.1 -144.85255498330898 -159.22551226292316 181.81105 113.231995 -999.0 -999.0 -999.0 -999.0 -999.0 309.45923985964464 -21.53150788096547 309.4970121230697 -21.44147807050535 48.90961277413501 89.99788084976444 -999.0 6231.0 -999.0 -1 -999 {-999.0 -999.0 -999.0 -999.0 -999.0} "" -999.0 -999.0 -999.0 -999.0 -999 -999 "" "" "" "" 0 0 0.0 0.0 -999 ""
FIBERMAP 551 R-1C12 APOGEE 0 0 0 1 0 0 -27.265287960839913 -28.18189415303364 143.1 30.176709953522618 -25.038973668131945 286.6462 135.2052 -999.0 -999.0 -999.0 -999.0 -999.0 310.03012195555556 -21.126930626206338 310.06649460217307 -21.035893520441036 48.271251019890954 89.70029098461538 -999.0 16600.0 -999.0 2 -999 {-999.0 -999.0 -999.0 -999.0 -999.0} "" -999.0 -999.0 -999.0 -999.0 -999 -999 "" "" "" "" 0 0 0.0 0.0 -999 ""
FIBERMAP 551 R-1C12 BOSS 1 1 0 1 0 0 -27.622803784483697 -28.850647960211752 143.1 30.87074829406521 -25.344503347037673 286.6462 135.2052 310.03265498966016 -21.127794486667124 -20.809328 -6.57957 3.8221304 310.03259354688026 -21.127811077860716 310.0687737825831 -21.036835805685417 48.269587320340584 89.70273450384173 5400.0 5400.0 2016.0 1 507 {-999.0 18.329885 16.835379 15.951599 -999.0} sdss_psfmag_ps1 17.673645 16.559937 15.5248375 13.598 63050396543873248 942015529 bright_1x1 openfibertargets_nov2020_34a open_fiber science 0 0 0.0 0.0 -999 ""
FIBERMAP 551 R-1C12 METROLOGY 0 0 0 1 0 0 -28.01258568499019 -28.21421022141935 143.1 30.26585872995211 -25.7816306620735 286.6462 135.2052 -999.0 -999.0 -999.0 -999.0 -999.0 310.0305694620286 -21.129157461249704 310.0668092877431 -21.038166666688372 48.27177040207582 89.70364497443859 -999.0 6231.0 -999.0 -1 -999 {-999.0 -999.0 -999.0 -999.0 -999.0} "" -999.0 -999.0 -999.0 -999.0 -999 -999 "" "" "" "" 0 0 0.0 0.0 -999 ""
FIBERMAP 553 R+3C6 APOGEE 0 0 0 1 0 0 -153.18437611416712 67.09136945041178 143.1 -55.22660908089527 -157.8485402690102 119.55905 128.06866 -999.0 -999.0 -999.0 -999.0 -999.0 309.7508712915631 -21.528955802713156 309.7884648909344 -21.438323406617297 48.65366139805018 90.13441743605705 -999.0 16600.0 -999.0 2 -999 {-999.0 -999.0 -999.0 -999.0 -999.0} "" -999.0 -999.0 -999.0 -999.0 -999 -999 "" "" "" "" 0 0 0.0 0.0 -999 ""
FIBERMAP 553 R+3C6 BOSS 1 1 0 1 0 0 -152.90003109056934 67.77335646913973 143.1 -55.92826811161256 -157.61697610410675 119.55905 128.06866 309.7487000268987 -21.52821975835156 17.233812 -9.942235 0.119487636 309.7487533259655 -21.52824356184089 309.78615723715075 -21.43768001865317 48.65545897568105 90.13238843354043 5400.0 5400.0 2016.0 1 40 {-999.0 18.360516 17.938604 17.867695 -999.0} sdss_psfmag_ps1 18.259295 17.97799 17.536139 -999.0 63050396543862468 977477977 "" ops_std_boss ops_std standard_boss 0 0 0.0 0.0 -999 ""
FIBERMAP 553 R+3C6 METROLOGY 0 0 0 1 0 0 -152.44301660890463 67.19078927113695 143.1 -55.38221359104275 -157.1169159450495 119.55905 128.06866 -999.0 -999.0 -999.0 -999.0 -999.0 309.75047536771035 -21.526776064196937 309.7879279781532 -21.436191399643967 48.65340046609425 90.13112624241643 -999.0 6231.0 -999.0 -1 -999 {-999.0 -999.0 -999.0 -999.0 -999.0} "" -999.0 -999.0 -999.0 -999.0 -999 -999 "" "" "" "" 0 0 0.0 0.0 -999 ""
FIBERMAP 555 R-12C1 APOGEE 1 1 0 1 0 0 -175.37564403436636 -243.80144293534605 143.1 256.4501603945883 -156.29220513596448 277.5038 32.426567 310.76393480318063 -21.52246381686298 5.7669444 -7.601248 0.12578493 310.763942079377 -21.522482188116598 310.8004364587364 -21.429937608195672 47.76585500347291 90.60705897406297 16000.0 16600.0 2016.0 2 249 {-999.0 14.548599 13.366293 12.8820095 -999.0} sdss_psfmag_from_g3xp 14.111993 13.355098 12.509209 10.663 63050396543789201 1153162244 bright_1x1 mwm_galactic_core_dist_apogee_sparse mwm_galactic science 0 0 0.0 0.0 -999 ""
FIBERMAP 555 R-12C1 BOSS 0 0 0 1 0 0 -175.84494575752578 -243.2273435165191 143.1 255.91348496846143 -156.8038716586661 277.5038 32.426567 -999.0 -999.0 -999.0 -999.0 -999.0 310.7623583314671 -21.52394296659574 310.7986614850071 -21.43146757147507 47.767931676029946 90.6083544047288 -999.0 5400.0 -999.0 1 517 {-999.0 -999.0 -999.0 -999.0 -999.0} "" -999.0 -999.0 -999.0 -999.0 -999 -999 "" "" "" "" 0 0 0.0 0.0 -999 ""
FIBERMAP 555 R-12C1 METROLOGY 0 0 0 1 0 0 -175.11617616439167 -243.1002614034312 143.1 255.73125788664683 -156.08690776870912 277.5038 32.426567 -999.0 -999.0 -999.0 -999.0 -999.0 310.76177944273974 -21.52184035149715 310.7981340518221 -21.429347812067004 47.76766607831867 90.60514136337963 -999.0 6231.0 -999.0 -1 -999 {-999.0 -999.0 -999.0 -999.0 -999.0} "" -999.0 -999.0 -999.0 -999.0 -999 -999 "" "" "" "" 0 0 0.0 0.0 -999 ""
FIBERMAP 557 R+4C13 APOGEE 0 0 0 1 0 0 5.868600000193339 77.17348136688254 143.1 -77.3955098343628 -0.027359929861780548 205.78397 89.42222 -999.0 -999.0 -999.0 -999.0 -999.0 309.6801880493272 -21.050142591738208 309.7167506291971 -20.959795382568927 48.55043439080612 89.42062109934517 -999.0 16600.0 -999.0 2 -999 {-999.0 -999.0 -999.0 -999.0 -999.0} "" -999.0 -999.0 -999.0 -999.0 -999 -999 "" "" "" "" 0 0 0.0 0.0 -999 ""
FIBERMAP 557 R+4C13 BOSS 1 1 0 1 0 0 5.53083005065459 77.84136185123177 143.1 -78.03571257955026 -0.4150221671371833 205.78397 89.42222 309.6782349446024 -21.05125859138482 0.2793265 0.23953953 2.046505 309.6782419019498 -21.051246660007624 309.7146193196746 -20.960969214175865 48.55271001968009 89.42122650007718 5400.0 5400.0 2016.0 1 112 {-999.0 20.177673 20.188211 20.008484 -999.0} sdss_psfmag_ps1 20.43886 20.31589 19.798162 -999.0 63050396543870237 1117383598 bright_1x1 openfibertargets_bhm_quaia_boss open_fiber science 0 0 0.0 0.0 -999 ""
FIBERMAP 557 R+4C13 METROLOGY 0 0 0 1 0 0 6.28216716911102 77.79674729214199 143.1 -78.04846275369383 0.33752279119568 205.78397 89.42222 -999.0 -999.0 -999.0 -999.0 -999.0 309.67814820913463 -21.048979730021042 309.7145742718433 -20.95868436648945 48.55194757862802 89.41797196377581 -999.0 6231.0 -999.0 -1 -999 {-999.0 -999.0 -999.0 -999.0 -999.0} "" -999.0 -999.0 -999.0 -999.0 -999 -999 "" "" "" "" 0 0 0.0 0.0 -999 ""
FIBERMAP 558 R+4C15 APOGEE 0 0 0 1 0 0 47.222900685475565 74.29514911759894 143.1 -77.67581891421501 41.425621817520664 242.6476 52.740368 -999.0 -999.0 -999.0 -999.0 -999.0 309.67980425502174 -20.924285702109444 309.71607751541535 -20.83397884090883 48.50673254663716 89.24246298377375 -999.0 16600.0 -999.0 2 67 {-999.0 -999.0 -999.0 -999.0 -999.0} "" -999.0 -999.0 -999.0 -999.0 -999 -999 "" "" "" "" 0 0 0.0 0.0 -999 ""
FIBERMAP 558 R+4C15 BOSS 1 1 0 1 0 0 46.88727512268828 74.94154945938907 143.1 -78.294767502181 41.04173400823555 242.6476 52.740368 309.67794139102364 -20.925341895198528 -1.8767073 -4.6162295 0.4591158 309.67793003292877 -20.925354361814254 309.7140179974151 -20.835117651796928 48.508935522614195 89.24304528636281 5400.0 5400.0 2016.0 1 220 {-999.0 14.50847 14.275332 14.223494 -999.0} sdss_psfmag_from_g3xp 14.4986925 14.271856 13.899205 13.266 63050396543879724 942015605 bright_1x1 openfibertargets_nov2020_34a open_fiber science 0 0 0.0 0.0 -999 ""
FIBERMAP 558 R+4C15 METROLOGY 0 0 0 1 0 0 47.62732389715336 74.91794499290529 143.1 -78.32760659448894 41.78142305051245 242.6476 52.740368 -999.0 -999.0 -999.0 -999.0 -999.0 309.67777169252986 -20.92312333614184 309.7139084490375 -20.83286867515895 48.50823717175638 89.23981475317521 -999.0 6231.0 -999.0 -1 -999 {-999.0 -999.0 -999.0 -999.0 -999.0} "" -999.0 -999.0 -999.0 -999.0 -999 -999 "" "" "" "" 0 0 0.0 0.0 -999 ""
FIBERMAP 560 R+6C18 APOGEE 0 0 0 1 0 0 157.85343434532894 102.28514996473933 143.1 -114.0117135632383 149.60138079825003 282.56113 108.87479 -999.0 -999.0 -999.0 -999.0 -999.0 309.5638426234191 -20.5961622536615 309.5994813877354 -20.5061802918583 48.49199505836086 88.7215666832642 -999.0 16600.0 -999.0 2 -999 {-999.0 -999.0 -999.0 -999.0 -999.0} "" -999.0 -999.0 -999.0 -999.0 -999 -999 "" "" "" "" 0 0 0.0 0.0 -999 ""
FIBERMAP 560 R+6C18 BOSS 1 1 0 1 0 0 157.22421870003075 101.89639614487676 143.1 -113.5761614889217 149.00361395313863 282.56113 108.87479 309.5654088859476 -20.5978497171021 -3.6953077 -5.8554325 0.29131088 309.5653891174219 -20.597856662174557 309.60084121694956 -20.507939239497603 48.49143729331645 88.72473360327979 5400.0 5400.0 2016.0 1 211 {-999.0 16.827261 16.342155 16.097755 -999.0} sdss_psfmag_ps1 16.716806 16.316103 15.751972 14.681 63050396543881742 944166288 bright_1x1 openfibertargets_nov2020_6b open_fiber science 0 0 0.0 0.0 -999 ""
FIBERMAP 560 R+6C18 METROLOGY 0 0 0 1 0 0 157.19530278452586 102.64062298125538 143.1 -114.31601556287039 148.9180893465187 282.56113 108.87479 -999.0 -999.0 -999.0 -999.0 -999.0 309.56292499123765 -20.598109482714904 309.5984337600113 -20.508177406749798 48.49362750290202 88.72384834825715 -999.0 6231.0 -999.0 -1 -999 {-999.0 -999.0 -999.0 -999.0 -999.0} "" -999.0 -999.0 -999.0 -999.0 -999 -999 "" "" "" "" 0 0 0.0 0.0 -999 ""
FIBERMAP 562 R+5C17 APOGEE 0 0 0 1 0 0 127.16250681878634 84.10415008920913 143.1 -93.54578193962865 120.38491749947065 289.0187 114.65431 -999.0 -999.0 -999.0 -999.0 -999.0 309.6295243708189 -20.68471413978779 309.66529899515353 -20.594578763299232 48.466100403128635 88.87936515791188 -999.0 16600.0 -999.0 2 -999 {-999.0 -999.0 -999.0 -999.0 -999.0} "" -999.0 -999.0 -999.0 -999.0 -999 -999 "" "" "" "" 0 0 0.0 0.0 -999 ""
FIBERMAP 562 R+5C17 BOSS 1 1 0 1 0 0 126.57047066014457 83.5630861331242 143.1 -92.96119606200665 119.83582426906952 289.0187 114.65431 309.63156845994007 -20.686223948608514 -4.884781 -9.705933 0.17044294 309.6315552935682 -20.686261697083133 309.6671420062728 -20.59618975402547 48.465064536708184 88.88256392180443 5400.0 5400.0 2016.0 1 214 {-999.0 15.400631 14.507435 14.15459 -999.0} sdss_psfmag_from_g3xp 15.122476 14.530584 13.797928 12.201 63050396543881339 1061643718 bright_1x1 manual_mwm_halo_distant_kgiant_near_boss_single mwm_halo science 0 0 0.0 0.0 -999 ""
FIBERMAP 562 R+5C17 METROLOGY 0 0 0 1 0 0 126.44104107402084 84.30159728702682 143.1 -93.68769428450047 119.65051447567365 289.0187 114.65431 -999.0 -999.0 -999.0 -999.0 -999.0 309.6291331526758 -20.68682261620191 309.66477732375813 -20.596735901917683 48.46732711761783 88.88214071771063 -999.0 6231.0 -999.0 -1 -999 {-999.0 -999.0 -999.0 -999.0 -999.0} "" -999.0 -999.0 -999.0 -999.0 -999 -999 "" "" "" "" 0 0 0.0 0.0 -999 ""
FIBERMAP 563 R-1C20 APOGEE 1 1 0 1 0 0 150.95659095577147 -6.150853325717417 143.1 -5.366509219691767 150.98498220384022 72.37584 112.36511 309.91569374826247 -20.592684795493877 -2.8509512 -8.212851 0.2327554 309.915685386545 -20.592694064715772 309.95095417325047 -20.502042811995278 48.18321985817465 88.89342916828849 16000.0 16600.0 2016.0 2 226 {-999.0 13.456549 12.512608 12.142996 -999.0} sdss_psfmag_from_g3xp 13.151659 12.53401 11.78406 10.135 63050396543883125 1153162256 bright_1x1 mwm_galactic_core_dist_apogee_sparse mwm_galactic science 0 0 0.0 0.0 -999 ""
FIBERMAP 563 R-1C20 BOSS 0 0 0 1 0 0 151.6876553512782 -6.120681695007903 143.1 -5.4522832041597455 151.71161655957752 72.37584 112.36511 -999.0 -999.0 -999.0 -999.0 -999.0 309.915601922677 -20.59036096743402 309.950674445653 -20.4997793786072 48.18265245329905 88.89011944961214 -999.0 5400.0 -999.0 1 325 {-999.0 -999.0 -999.0 -999.0 -999.0} "" -999.0 -999.0 -999.0 -999.0 -999 -999 "" "" "" "" 0 0 0.0 0.0 -999 ""
FIBERMAP 563 R-1C20 METROLOGY 0 0 0 1 0 0 151.35200079149232 -6.791420800722776 143.1 -4.75793068044433 151.42803563515193 72.37584 112.36511 -999.0 -999.0 -999.0 -999.0 -999.0 309.9177955386551 -20.59122511686202 309.9529218941674 -20.500619600931845 48.18098889066247 88.89242834625554 -999.0 6231.0 -999.0 -1 -999 {-999.0 -999.0 -999.0 -999.0 -999.0} "" -999.0 -999.0 -999.0 -999.0 -999 -999 "" "" "" "" 0 0 0.0 0.0 -999 ""
FIBERMAP 564 R+1C4 APOGEE 0 0 0 1 0 0 -202.5734736286729 9.12977683715441 143.1 6.328293562966161 -202.67828481779816 320.77118 108.327156 -999.0 -999.0 -999.0 -999.0 -999.0 309.95124649867125 -21.66489905430468 309.9889412750248 -21.573842623813697 48.524618813862745 90.42326179061092 -999.0 16600.0 -999.0 2 -999 {-999.0 -999.0 -999.0 -999.0 -999.0} "" -999.0 -999.0 -999.0 -999.0 -999 -999 "" "" "" "" 0 0 0.0 0.0 -999 ""
FIBERMAP 564 R+1C4 BOSS 1 1 0 1 0 0 -202.8063543021753 8.420984301914453 143.1 7.052759547708477 -202.85649272834524 320.77118 108.327156 309.95353991288493 -21.665423268689707 -1.8731043 -1.5451802 1.1974446 309.9538013253718 -21.665429923733583 309.9913030722969 -21.57443291606224 48.52275435690421 90.42522817671073 5400.0 5400.0 2016.0 1 63 {-999.0 13.525115 12.764801 12.517148 -999.0} sdss_psfmag_from_g3xp 13.310848 12.82244 12.168783 10.912 63050396543784811 996745843 bright_1x1 mwm_bin_gaia_sb_boss mwm_bin science 0 0 0.8827428221702576 0.0 -999 ""
FIBERMAP 564 R+1C4 METROLOGY 0 0 0 1 0 0 -203.3058585129812 8.977755134648417 143.1 6.535662917000788 -203.39695363303676 320.77118 108.327156 -999.0 -999.0 -999.0 -999.0 -999.0 309.9520577896984 -21.66710383932441 309.98961954983974 -21.57609134988541 48.5247907653127 90.42677860210927 -999.0 6231.0 -999.0 -1 -999 {-999.0 -999.0 -999.0 -999.0 -999.0} "" -999.0 -999.0 -999.0 -999.0 -999 -999 "" "" "" "" 0 0 0.0 0.0 -999 ""
FIBERMAP 568 R-13C13 APOGEE 1 1 0 1 0 0 114.1277409732102 -270.66624346316576 143.1 261.1831141529491 134.41352065947788 300.2382 48.653194 310.7765555914767 -20.644038298435532 -8.372403 -4.508064 0.7130352 310.7765336577912 -20.64404568352944 310.8110211377441 -20.55175571429493 47.44899559109977 89.39215145877245 16000.0 16600.0 2016.0 2 179 {-999.0 12.214589 11.37092 11.0622 -999.0} sdss_psfmag_from_g3xp 11.961892 11.410967 10.709653 9.235 63050396544006408 1107475402 bright_1x1 mwm_tess_rgb_apogee mwm_tessrgb science 0 0 0.0 0.0 -999 ""
FIBERMAP 568 R-13C13 BOSS 0 0 0 1 0 0 113.40165106780873 -270.51002966982264 143.1 261.08266723818184 133.67764799738293 300.2382 48.653194 -999.0 -999.0 -999.0 -999.0 -999.0 310.7763867903583 -20.646213146033922 310.81068317548363 -20.553993083170184 47.450091180774486 89.39507390114102 -999.0 5400.0 -999.0 1 430 {-999.0 -999.0 -999.0 -999.0 -999.0} "" -999.0 -999.0 -999.0 -999.0 -999 -999 "" "" "" "" 0 0 0.0 0.0 -999 ""
FIBERMAP 568 R-13C13 METROLOGY 0 0 0 1 0 0 113.90228156538474 -269.9523810039068 143.1 260.4885080223941 134.13433871512703 300.2382 48.653194 -999.0 -999.0 -999.0 -999.0 -999.0 310.77447588845865 -20.644825534672606 310.8088267464731 -20.55258955923415 47.45121262987044 89.3922164217202 -999.0 6231.0 -999.0 -1 -999 {-999.0 -999.0 -999.0 -999.0 -999.0} "" -999.0 -999.0 -999.0 -999.0 -999 -999 "" "" "" "" 0 0 0.0 0.0 -999 ""
FIBERMAP 569 R+13C1 APOGEE 0 0 0 1 0 0 -159.73803446968068 255.8954753476864 143.1 -242.98095737444788 -178.76562910109095 176.86697 105.415855 -999.0 -999.0 -999.0 -999.0 -999.0 309.14122406735254 -21.587477731237684 309.17959569393224 -21.49799579524101 49.206519309224575 89.92474700010644 -999.0 16600.0 -999.0 2 7 {-999.0 -999.0 -999.0 -999.0 -999.0} "" -999.0 -999.0 -999.0 -999.0 -999 -999 "" "" "" "" 0 0 0.0 0.0 -999 ""
FIBERMAP 569 R+13C1 BOSS 1 1 0 1 0 0 -159.91507892875265 256.61696617939936 143.1 -243.68685774244042 -178.99711837298975 176.86697 105.415855 309.1391701624117 -21.58804454406814 -0.7557651 -3.5848615 0.03174447 309.1391810557988 -21.588052809932417 309.17736939095687 -21.498637777985586 49.20868542898843 89.92458772019063 5400.0 5400.0 2016.0 1 7 {-999.0 16.584545 15.8757925 15.570757 -999.0} sdss_psfmag_ps1 16.325415 15.854586 15.208108 13.858 63050396543865686 1071084605 bright_1x1 mwm_halo_vmp_xp_boss_single mwm_halo science 0 0 0.0 0.0 -999 ""
FIBERMAP 569 R+13C1 METROLOGY 0 0 0 1 0 0 -159.19131529285622 256.4100934121437 143.1 -243.5357223579845 -178.25970614623165 176.86697 105.415855 -999.0 -999.0 -999.0 -999.0 -999.0 309.13956216202763 -21.58589596680535 309.1777979917895 -21.49646298546965 49.20756784613013 89.92166750451662 -999.0 6231.0 -999.0 -1 -999 {-999.0 -999.0 -999.0 -999.0 -999.0} "" -999.0 -999.0 -999.0 -999.0 -999 -999 "" "" "" "" 0 0 0.0 0.0 -999 ""
FIBERMAP 570 R+1C20 APOGEE 1 1 0 1 0 0 126.79694948583847 24.849759133816555 143.1 -34.43631918661954 124.53425075845335 210.89334 59.11275 309.8212039260446 -20.672553343657306 8.705151 -8.2542925 1.248337 309.821193208606 -20.67257794240077 309.85674233467364 -20.582081073336155 48.29425027543083 88.95820675671246 16000.0 16600.0 2016.0 2 80 {-999.0 11.927306 11.168868 10.896306 -999.0} sdss_psfmag_from_g3xp 11.713192 11.20966 10.5494 9.244 63050396543880712 1109255852 bright_1x1 mwm_tess_rgb_apogee mwm_tessrgb science 0 0 0.0 0.0 -999 ""
FIBERMAP 570 R+1C20 BOSS 0 0 0 1 0 0 126.76930370098134 25.599855909424598 143.1 -35.18212283890289 124.4495454243527 210.89334 59.11275 -999.0 -999.0 -999.0 -999.0 -999.0 309.8189458904028 -20.67269999186402 309.85430715000234 -20.58227559293869 48.29644897381974 88.95725516506798 -999.0 5400.0 -999.0 1 242 {-999.0 -999.0 -999.0 -999.0 -999.0} "" -999.0 -999.0 -999.0 -999.0 -999 -999 "" "" "" "" 0 0 0.0 0.0 -999 ""
FIBERMAP 570 R+1C20 METROLOGY 0 0 0 1 0 0 127.42450410663167 25.262714538627183 143.1 -34.895875746413786 125.12851781697006 210.89334 59.11275 -999.0 -999.0 -999.0 -999.0 -999.0 309.8198238592402 -20.670651230247973 309.85523349359585 -20.580206478865612 48.29489952060172 88.95481637111112 -999.0 6231.0 -999.0 -1 -999 {-999.0 -999.0 -999.0 -999.0 -999.0} "" -999.0 -999.0 -999.0 -999.0 -999 -999 "" "" "" "" 0 0 0.0 0.0 -999 ""
FIBERMAP 571 R+11C2 APOGEE 0 0 0 1 0 0 -151.14638862740185 223.5324796553381 143.1 -211.36681266380558 -167.73371743729956 105.47493 129.60432 -999.0 -999.0 -999.0 -999.0 -999.0 309.2434430467286 -21.555330395314666 309.2816325853988 -21.465661661125505 49.10623728144243 89.92791025351721 -999.0 16600.0 -999.0 2 -999 {-999.0 -999.0 -999.0 -999.0 -999.0} "" -999.0 -999.0 -999.0 -999.0 -999 -999 "" "" "" "" 0 0 0.0 0.0 -999 ""
FIBERMAP 571 R+11C2 BOSS 1 1 0 1 0 0 -150.63470778979328 224.16587295002213 143.1 -212.03733743277792 -167.27177860271107 105.47493 129.60432 309.24147336089857 -21.553856437404757 0.6035017 -1.8360233 0.42955834 309.24147050959425 -21.55384955264196 309.27947131506323 -21.464248560263933 49.10764382998448 89.92483080985244 5400.0 5400.0 2016.0 1 17 {-999.0 16.72028 16.362366 16.257885 -999.0} sdss_psfmag_ps1 16.675367 16.365656 15.894957 15.053 63050396543861857 977477972 "" ops_std_boss ops_std standard_boss 0 0 0.0 0.0 -999 ""
FIBERMAP 571 R+11C2 METROLOGY 0 0 0 1 0 0 -150.40077785593812 223.4727905083065 143.1 -211.36409598860863 -166.98573379131184 105.47493 129.60432 -999.0 -999.0 -999.0 -999.0 -999.0 309.24355301902364 -21.553058747317884 309.28160288327035 -21.463436009868303 49.10550180384554 89.92470127621596 -999.0 6231.0 -999.0 -1 -999 {-999.0 -999.0 -999.0 -999.0 -999.0} "" -999.0 -999.0 -999.0 -999.0 -999 -999 "" "" "" "" 0 0 0.0 0.0 -999 ""
FIBERMAP 573 R-6C13 APOGEE 0 0 0 1 0 0 50.78249112045036 -128.9511187251814 143.1 124.70665980640733 60.457534189410936 301.97565 111.37426 -999.0 -999.0 -999.0 -999.0 -999.0 310.3374241508061 -20.86758371597872 310.37288073160084 -20.776047372888613 47.911923779015886 89.4868579435846 -999.0 16600.0 -999.0 2 -999 {-999.0 -999.0 -999.0 -999.0 -999.0} "" -999.0 -999.0 -999.0 -999.0 -999 -999 "" "" "" "" 0 0 0.0 0.0 -999 ""
FIBERMAP 573 R-6C13 BOSS 1 1 0 1 0 0 50.3593888120837 -129.543875107148 143.1 125.32991850164863 60.08082000467857 301.97565 111.37426 310.33969362072196 -20.868617127355716 1.4854234 -4.998192 0.024264237 310.3397029448278 -20.868630493754775 310.37496593324 -20.77715801437849 47.910493471128554 89.4894371341669 5400.0 5400.0 2016.0 1 393 {-999.0 15.457593 14.810582 14.527232 -999.0} sdss_psfmag_from_g3xp 15.287691 14.822689 14.181341 12.81 63050396543876466 1061892341 bright_1x1 manual_mwm_halo_mp_wise_boss_single mwm_halo science 0 0 0.0 0.0 -999 ""
FIBERMAP 573 R-6C13 METROLOGY 0 0 0 1 0 0 50.039074754960964 -128.86847294901202 143.1 124.68088627615327 59.70998978261797 301.97565 111.37426 -999.0 -999.0 -999.0 -999.0 -999.0 310.337560176751 -20.869767230313922 310.3728828748856 -20.778279015113384 47.912711742531165 89.48997297693961 -999.0 6231.0 -999.0 -1 -999 {-999.0 -999.0 -999.0 -999.0 -999.0} "" -999.0 -999.0 -999.0 -999.0 -999 -999 "" "" "" "" 0 0 0.0 0.0 -999 ""
FIBERMAP 574 R-2C2 APOGEE 0 0 1 1 0 0 -244.88124453615663 -31.012880632334834 143.1 49.57678334391561 -241.80474456056444 10.745836 169.37111 -999.0 -999.0 -999.0 -999.0 -999.0 310.09194001610166 -21.78279346762369 310.129756326038 -21.69143304924532 48.44137437611669 90.65713690698743 -999.0 16600.0 -999.0 2 -999 {-999.0 -999.0 -999.0 -999.0 -999.0} "" -999.0 -999.0 -999.0 -999.0 -999 -999 "" "" "" "" 0 0 0.0 0.0 -999 ""
FIBERMAP 574 R-2C2 BOSS 1 0 1 1 0 0 -244.0637966117162 -31.0931365624973 143.1 49.594534490775075 -240.98356650911805 10.745836 169.37111 310.1042175292968 -21.848379087904704 -999.0 -999.0 -999.0 310.09220202145485 -21.780282481726015 310.1298198738368 -21.68898660972057 48.440491313470886 90.65369660318117 5400.0 5400.0 2015.5 1 513 {-999.0 -999.0 -999.0 -999.0 -999.0} "" -999.0 -999.0 -999.0 -999.0 27021603186163090 825561774 "" ops_sky_boss_good ops_sky sky_boss 0 0 0.0 0.0 -999 ""
FIBERMAP 574 R-2C2 METROLOGY 0 0 1 1 0 0 -244.53892677560012 -31.677949626953943 143.1 50.21383635835128 -241.41276194387382 10.745836 169.37111 -999.0 -999.0 -999.0 -999.0 -999.0 310.09417119941844 -21.781631048562378 310.13184455803435 -21.690312810417332 48.4391694675573 90.65653709139502 -999.0 6231.0 -999.0 -1 -999 {-999.0 -999.0 -999.0 -999.0 -999.0} "" -999.0 -999.0 -999.0 -999.0 -999 -999 "" "" "" "" 0 0 0.0 0.0 -999 ""
FIBERMAP 576 R+4C19 APOGEE 0 0 0 1 0 0 146.65535959693148 76.33781283414368 143.1 -87.28699796199096 140.4125492404554 162.19662 140.10054 -999.0 -999.0 -999.0 -999.0 -999.0 309.65014022051196 -20.624140993777214 309.6857546124023 -20.53398538169988 48.42653740719125 88.80439305540102 -999.0 16600.0 -999.0 2 65 {-999.0 -999.0 -999.0 -999.0 -999.0} "" -999.0 -999.0 -999.0 -999.0 -999 -999 "" "" "" "" 0 0 0.0 0.0 -999 ""
FIBERMAP 576 R+4C19 BOSS 1 1 0 1 0 0 146.29151204546662 76.98385484777963 143.1 -87.90343939878662 140.00054902918166 162.19662 140.10054 309.6482849121094 -20.625256133783324 -999.0 -999.0 -999.0 309.6482902450589 -20.625260028065377 309.683719646497 -20.53517567674952 48.42874302076529 88.80503884424354 5400.0 5400.0 2015.5 1 217 {-999.0 -999.0 -999.0 -999.0 -999.0} "" -999.0 -999.0 -999.0 -999.0 27021603186176633 815794616 "" ops_sky_boss_good ops_sky sky_boss 0 0 0.0 0.0 -999 ""
FIBERMAP 576 R+4C19 METROLOGY 0 0 0 1 0 0 147.03398119094436 76.98997764816974 143.1 -87.96610345526047 140.7403868496096 162.19662 140.10054 -999.0 -999.0 -999.0 -999.0 -999.0 309.6480351877475 -20.623023232977012 309.683513412013 -20.53292078670801 48.428115434807985 88.80176196734772 -999.0 6231.0 -999.0 -1 -999 {-999.0 -999.0 -999.0 -999.0 -999.0} "" -999.0 -999.0 -999.0 -999.0 -999 -999 "" "" "" "" 0 0 0.0 0.0 -999 ""
FIBERMAP 578 R+9C13 APOGEE 1 1 0 1 0 0 87.58955935180194 167.7492278919962 143.1 -173.93241515877162 74.55552246117918 308.94263 130.45218 309.3684113338302 -20.82277375748395 12.160596 6.878424 2.3826852 309.3684373470703 -20.822739995131823 309.4047982857128 -20.733060802532634 48.7431784661889 88.94379477503566 16000.0 16600.0 2016.0 2 92 {-999.0 11.515227 11.312867 11.280575 -999.0} sdss_psfmag_from_g3xp 11.509213 11.306844 10.959568 10.454 63050396543872416 996668769 bright_1x1 mwm_bin_gaia_sb_apogee mwm_bin science 0 0 0.0 0.0 -999 ""
FIBERMAP 578 R+9C13 BOSS 0 0 0 1 0 0 87.46960165816787 167.02497329125077 143.1 -173.20113433262392 74.49108612167842 308.94263 130.45218 -999.0 -999.0 -999.0 -999.0 -999.0 309.3709286950256 -20.822853719157216 309.4070994455574 -20.73323643117998 48.74122882096867 88.94520220126469 -999.0 5400.0 -999.0 1 159 {-999.0 -999.0 -999.0 -999.0 -999.0} "" -999.0 -999.0 -999.0 -999.0 -999 -999 "" "" "" "" 0 0 0.0 0.0 -999 ""
FIBERMAP 578 R+9C13 METROLOGY 0 0 0 1 0 0 86.88698082714939 167.4838219078092 143.1 -173.61426269203074 73.87521037561866 308.94263 130.45218 -999.0 -999.0 -999.0 -999.0 -999.0 309.3695010112463 -20.824723217343077 309.4057307955002 -20.735089164754605 48.74308310460774 88.94713982011228 -999.0 6231.0 -999.0 -1 -999 {-999.0 -999.0 -999.0 -999.0 -999.0} "" -999.0 -999.0 -999.0 -999.0 -999 -999 "" "" "" "" 0 0 0.0 0.0 -999 ""
FIBERMAP 579 R+10C17 APOGEE 0 0 0 1 0 0 176.26242701159384 212.3875288759698 143.1 -225.19539624111414 159.56942170774346 139.16745 70.23035 -999.0 -999.0 -999.0 -999.0 -999.0 309.20574361808485 -20.56528495913645 309.2416768457226 -20.47599931684346 48.793957597887825 88.49675505148389 -999.0 16600.0 -999.0 2 103 {-999.0 -999.0 -999.0 -999.0 -999.0} "" -999.0 -999.0 -999.0 -999.0 -999 -999 "" "" "" "" 0 0 0.0 0.0 -999 ""
FIBERMAP 579 R+10C17 BOSS 1 1 0 1 0 0 176.89234806772836 212.77732343437933 143.1 -225.63203975548535 160.16781262644636 139.16745 70.23035 309.2045499497414 -20.56339071010646 2.6591163 -9.309285 0.11499118 309.2045632307805 -20.56341996068028 309.2403064875367 -20.474204630172963 48.79451030181625 88.49351225685677 5400.0 5400.0 2016.0 1 177 {-999.0 17.65175 17.289185 17.149107 17.099312} sdss_psfmag_from_gaia 17.5979 17.3004 16.8232 15.907 63050396543902467 974125136 "" ops_std_boss_gdr2 ops_std standard_boss 0 0 0.0 0.0 -999 ""
FIBERMAP 579 R+10C17 METROLOGY 0 0 0 1 0 0 176.92098831186084 212.02893737584105 143.1 -224.88801758709835 160.25337920277627 139.16745 70.23035 -999.0 -999.0 -999.0 -999.0 -999.0 309.2068543767714 -20.56315397566951 309.24264763881285 -20.473915210690077 48.79235964897029 88.49429934210258 -999.0 6231.0 -999.0 -1 -999 {-999.0 -999.0 -999.0 -999.0 -999.0} "" -999.0 -999.0 -999.0 -999.0 -999 -999 "" "" "" "" 0 0 0.0 0.0 -999 ""
FIBERMAP 583 R+3C18 APOGEE 0 0 0 1 0 0 120.63162936929409 66.81272838299466 143.1 -75.80727597165769 115.19029242157345 64.43582 152.404 -999.0 -999.0 -999.0 -999.0 -999.0 309.68692180972965 -20.700584942835917 309.7226737307652 -20.61033502604597 48.42156292680579 88.93046293414892 -999.0 16600.0 -999.0 2 70 {-999.0 -999.0 -999.0 -999.0 -999.0} "" -999.0 -999.0 -999.0 -999.0 -999 -999 "" "" "" "" 0 0 0.0 0.0 -999 ""
FIBERMAP 583 R+3C18 BOSS 1 1 0 1 0 0 121.23091035585051 67.25854564107658 143.1 -76.29744476335098 115.75386496771623 64.43582 152.404 309.68549908059043 -20.698745462205512 0.13971803 -2.064091 0.044952143 309.6854933289261 -20.698751833454207 309.7210528241312 -20.608573076061372 48.42235116331907 88.92716678532247 5400.0 5400.0 2016.0 1 226 {-999.0 15.625299 14.236689 13.625994 -999.0} sdss_psfmag_from_g3xp 15.0665655 14.167251 13.238294 11.104 63050396543881870 1061643719 bright_1x1 manual_mwm_halo_distant_kgiant_near_boss_single mwm_halo science 0 0 0.0 0.0 -999 ""
FIBERMAP 583 R+3C18 METROLOGY 0 0 0 1 0 0 121.32297980753965 66.52696034874774 143.1 -75.57500622302652 115.90139597049294 64.43582 152.404 -999.0 -999.0 -999.0 -999.0 -999.0 309.687775091605 -20.698316766141463 309.7233849831241 -20.608114568695342 48.420148398938515 88.92769567403695 -999.0 6231.0 -999.0 -1 -999 {-999.0 -999.0 -999.0 -999.0 -999.0} "" -999.0 -999.0 -999.0 -999.0 -999 -999 "" "" "" "" 0 0 0.0 0.0 -999 ""
FIBERMAP 584 R+9C4 APOGEE 0 0 0 1 0 0 -114.18040050712673 188.26475258532008 143.1 -179.01787994158994 -128.1889241719774 79.30732 91.824936 -999.0 -999.0 -999.0 -999.0 -999.0 309.34855993883684 -21.436877598044173 309.38636369435085 -21.347043861763137 48.97394734308884 89.8089908149392 -999.0 16600.0 -999.0 2 -999 {-999.0 -999.0 -999.0 -999.0 -999.0} "" -999.0 -999.0 -999.0 -999.0 -999 -999 "" "" "" "" 0 0 0.0 0.0 -999 ""
FIBERMAP 584 R+9C4 BOSS 1 1 0 1 0 0 -113.42742024407994 188.15045313661867 143.1 -178.9612735847925 -127.42943247086458 79.30732 91.824936 309.3489074707031 -21.434529713252076 -999.0 -999.0 -999.0 309.34890086750454 -21.434544575878956 309.38651091292024 -21.344775094659298 48.97303763844272 89.80581761070152 5400.0 5400.0 2015.5 1 15 {-999.0 -999.0 -999.0 -999.0 -999.0} "" -999.0 -999.0 -999.0 -999.0 27021603186173637 815794205 "" ops_sky_boss_good ops_sky sky_boss 0 0 0.0 0.0 -999 ""
FIBERMAP 584 R+9C4 METROLOGY 0 0 0 1 0 0 -113.9038701567496 187.56974957660975 143.1 -178.34596870450986 -127.86025685617807 79.30732 91.824936 -999.0 -999.0 -999.0 -999.0 -999.0 309.3508083605576 -21.43590030143873 309.388472808905 -21.346108544243453 48.97178101725348 89.80868310801549 -999.0 6231.0 -999.0 -1 -999 {-999.0 -999.0 -999.0 -999.0 -999.0} "" -999.0 -999.0 -999.0 -999.0 -999 -999 "" "" "" "" 0 0 0.0 0.0 -999 ""
FIBERMAP 585 R+12C4 APOGEE 0 0 0 1 0 0 -106.92868274412444 221.5370489770491 143.1 -212.7455746908712 -123.4929365099485 270.902 46.456505 -999.0 -999.0 -999.0 -999.0 -999.0 309.2393960892533 -21.421773146619696 309.2772788611395 -21.33215394657107 49.06421237673263 89.73432501227984 -999.0 16600.0 -999.0 2 -999 {-999.0 -999.0 -999.0 -999.0 -999.0} "" -999.0 -999.0 -999.0 -999.0 -999 -999 "" "" "" "" 0 0 0.0 0.0 -999 ""
FIBERMAP 585 R+12C4 BOSS 1 1 0 1 0 0 -107.46666170798895 221.99714463265101 143.1 -213.1633471389152 -124.06439555236668 270.902 46.456505 309.2381898007757 -21.42337669417399 -4.718009 -31.915627 5.0137377 309.2382066235015 -21.42343439649034 309.2759072138881 -21.333880972859028 49.06600674367788 89.73612785659463 5400.0 5400.0 2016.0 1 98 {-999.0 17.929707 16.554705 15.245174 -999.0} sdss_psfmag_ps1 17.371817 15.890345 14.697484 12.362 63050396543866578 942015462 bright_1x1 openfibertargets_nov2020_34a open_fiber science 0 0 0.0 0.0 -999 ""
FIBERMAP 585 R+12C4 METROLOGY 0 0 0 1 0 0 -106.76279915429511 222.2664191515294 143.1 -213.4854546739315 -123.38309787532543 270.902 46.456505 -999.0 -999.0 -999.0 -999.0 -999.0 309.23707950973505 -21.4214059607014 309.2748296377539 -21.33183720509272 49.066245050302165 89.73267168289141 -999.0 6231.0 -999.0 -1 -999 {-999.0 -999.0 -999.0 -999.0 -999.0} "" -999.0 -999.0 -999.0 -999.0 -999 -999 "" "" "" "" 0 0 0.0 0.0 -999 ""
FIBERMAP 586 R-5C20 APOGEE 0 0 0 1 0 0 205.8950213600926 -104.02540718237984 143.1 88.03761226886986 213.21901666606843 2.9898393 87.60478 -999.0 -999.0 -999.0 -999.0 -999.0 310.2179574668175 -20.405410957845024 310.25248733031367 -20.314246538137308 47.851935918202216 88.78372469455337 -999.0 16600.0 -999.0 2 224 {-999.0 -999.0 -999.0 -999.0 -999.0} "" -999.0 -999.0 -999.0 -999.0 -999 -999 "" "" "" "" 0 0 0.0 0.0 -999 ""
FIBERMAP 586 R-5C20 BOSS 1 1 0 1 0 0 205.87363491126646 -104.74426294388415 143.1 88.75600113120672 213.25245288748434 2.9898393 87.60478 310.2205302951951 -20.405169852008143 -6.3463597 -14.996447 0.41982242 310.22048393570805 -20.405213130095994 310.2548179525329 -20.314114157542345 47.84985039422209 88.78471903762875 5400.0 5400.0 2016.0 1 322 {-999.0 16.995869 16.577248 16.476446 -999.0} sdss_psfmag_ps1 16.87926 16.585152 16.111473 15.386 63050396543883956 944298582 bright_1x1 openfibertargets_nov2020_6c open_fiber science 0 0 0.0 0.0 -999 ""
FIBERMAP 586 R-5C20 METROLOGY 0 0 0 1 0 0 205.23602496989298 -104.39300654311768 143.1 88.45434017599585 212.5899444271326 2.9898393 87.60478 -999.0 -999.0 -999.0 -999.0 -999.0 310.21947478575004 -20.407191292264507 310.2538689757479 -20.316073708779985 47.85138892547341 88.78696161242857 -999.0 6231.0 -999.0 -1 -999 {-999.0 -999.0 -999.0 -999.0 -999.0} "" -999.0 -999.0 -999.0 -999.0 -999 -999 "" "" "" "" 0 0 0.0 0.0 -999 ""
FIBERMAP 590 R+11C14 APOGEE 0 0 0 1 0 0 113.58335406201653 208.05159570135606 143.1 -216.09739901511526 97.40340840169172 191.02011 133.6201 -999.0 -999.0 -999.0 -999.0 -999.0 309.2330086180448 -20.753083905420468 309.26934758357265 -20.663686719537697 48.8369351737355 88.77698593254837 -999.0 16600.0 -999.0 2 55 {-999.0 -999.0 -999.0 -999.0 -999.0} "" -999.0 -999.0 -999.0 -999.0 -999 -999 "" "" "" "" 0 0 0.0 0.0 -999 ""
FIBERMAP 590 R+11C14 BOSS 1 1 0 1 0 0 112.93750027323946 208.43954472586788 143.1 -216.4350176129222 96.72988499570452 191.02011 133.6201 309.2320720993032 -20.755030418561187 -4.5812306 -1.8947856 0.9845724 309.2320599535183 -20.75503769745615 309.2682173336757 -20.665708443963098 48.83864350533324 88.77928373451232 5400.0 5400.0 2016.0 1 92 {-999.0 14.125448 13.788745 13.688591 -999.0} sdss_psfmag_from_g3xp 14.074833 13.798763 13.360738 12.558 63050396543890778 978058501 "" ops_std_boss ops_std standard_boss 0 0 0.0 0.0 -999 ""
FIBERMAP 590 R+11C14 METROLOGY 0 0 0 1 0 0 113.60075274218899 208.79904463768708 143.1 -216.84399390320723 97.3638178955442 191.02011 133.6201 -999.0 -999.0 -999.0 -999.0 -999.0 309.23067057988493 -20.753118556767156 309.26687796681745 -20.663773673466817 48.83912529883491 88.77585873123803 -999.0 6231.0 -999.0 -1 -999 {-999.0 -999.0 -999.0 -999.0 -999.0} "" -999.0 -999.0 -999.0 -999.0 -999 -999 "" "" "" "" 0 0 0.0 0.0 -999 ""
FIBERMAP 591 R+11C1 APOGEE 0 0 0 1 0 0 -188.85192289729153 210.48120006937765 143.1 -195.4812919290122 -204.33510108987034 248.9591 41.296787 -999.0 -999.0 -999.0 -999.0 -999.0 309.2946370376224 -21.666065344986883 309.333030891249 -21.576263571934515 49.09901890675078 90.1116242240866 -999.0 16600.0 -999.0 2 9 {-999.0 -999.0 -999.0 -999.0 -999.0} "" -999.0 -999.0 -999.0 -999.0 -999 -999 "" "" "" "" 0 0 0.0 0.0 -999 ""
FIBERMAP 591 R+11C1 BOSS 1 1 0 1 0 0 -189.08617490357585 211.1880896689746 143.1 -196.16827573731487 -204.62251882314652 248.9591 41.296787 309.2926203088389 -21.666828392349583 -0.4134079 -3.882046 0.44615358 309.2926178535596 -21.666826700098337 309.3308279249461 -21.577091696695664 49.10122703242169 90.11174940932989 5400.0 5400.0 2016.0 1 9 {-999.0 17.050406 16.660725 16.506716 16.445786} sdss_psfmag_from_gaia 16.9896 16.6735 16.18 15.238 63050396543860868 974124347 "" ops_std_boss_gdr2 ops_std standard_boss 0 0 0.0 0.0 -999 ""
FIBERMAP 591 R+11C1 METROLOGY 0 0 0 1 0 0 -188.36868819663596 211.04926853580906 143.1 -196.0845154025389 -203.89654919565498 248.9591 41.296787 -999.0 -999.0 -999.0 -999.0 -999.0 309.29279578031947 -21.664704902221917 309.33105390474554 -21.574952336511934 49.10030173333529 90.10878586921888 -999.0 6231.0 -999.0 -1 -999 {-999.0 -999.0 -999.0 -999.0 -999.0} "" -999.0 -999.0 -999.0 -999.0 -999 -999 "" "" "" "" 0 0 0.0 0.0 -999 ""
FIBERMAP 593 R-1C22 APOGEE 0 0 0 1 0 0 193.12734250220504 -28.401099256334483 143.1 13.606415503664135 194.72772942019608 250.16745 149.60852 -999.0 -999.0 -999.0 -999.0 -999.0 309.97739692490495 -20.460649478083724 310.01230067824133 -20.369922886314622 48.082044686595665 88.73972141180872 -999.0 16600.0 -999.0 2 205 {-999.0 -999.0 -999.0 -999.0 -999.0} "" -999.0 -999.0 -999.0 -999.0 -999 -999 "" "" "" "" 0 0 0.0 0.0 -999 ""
FIBERMAP 593 R-1C22 BOSS 1 1 0 1 0 0 192.54221290973217 -28.868578405617942 143.1 14.117105012878904 194.17991714414993 250.16745 149.60852 309.979248046875 -20.462180416871092 -999.0 -999.0 -999.0 309.9792425916503 -20.462179044742452 310.0139565614761 -20.371517892390937 48.081172655425455 88.74278659142692 5400.0 5400.0 2015.5 1 289 {-999.0 -999.0 -999.0 -999.0 -999.0} "" -999.0 -999.0 -999.0 -999.0 27021603186176978 815794682 "" ops_sky_boss_good ops_sky sky_boss 0 0 0.0 0.0 -999 ""
FIBERMAP 593 R-1C22 METROLOGY 0 0 0 1 0 0 192.4377443212765 -28.12558314526316 143.1 13.384234303628212 194.01915398058497 250.16745 149.60852 -999.0 -999.0 -999.0 -999.0 -999.0 309.9768183444707 -20.462652338930837 310.0115901328927 -20.371975956097383 48.08340687704207 88.7422276132495 -999.0 6231.0 -999.0 -1 -999 {-999.0 -999.0 -999.0 -999.0 -999.0} "" -999.0 -999.0 -999.0 -999.0 -999 -999 "" "" "" "" 0 0 0.0 0.0 -999 ""
FIBERMAP 595 R-3C1 APOGEE 0 0 0 1 0 0 -260.3264601818423 -42.96386932471992 143.1 62.66949603721763 -256.2945336392329 117.53726 98.64898 -999.0 -999.0 -999.0 -999.0 -999.0 310.1344732571454 -21.82628565082203 310.1723442017104 -21.734831000486093 48.41879671840862 90.73884129468149 -999.0 16600.0 -999.0 2 271 {-999.0 -999.0 -999.0 -999.0 -999.0} "" -999.0 -999.0 -999.0 -999.0 -999 -999 "" "" "" "" 0 0 0.0 0.0 -999 ""
FIBERMAP 595 R-3C1 BOSS 1 1 0 1 0 0 -259.72398224472676 -42.5123402075535 143.1 62.17338850694459 -255.72820857684508 117.53726 98.64898 310.133056640625 -21.824519091738225 -999.0 -999.0 -999.0 310.13305587042436 -21.824526072470327 310.1707316455618 -21.73313881742923 48.41963565820969 90.73567945092054 5400.0 5400.0 2015.5 1 443 {-999.0 -999.0 -999.0 -999.0 -999.0} "" -999.0 -999.0 -999.0 -999.0 27021603186163094 825561775 "" ops_sky_boss_good ops_sky sky_boss 0 0 0.0 0.0 -999 ""
FIBERMAP 595 R-3C1 METROLOGY 0 0 0 1 0 0 -259.6500796199025 -43.268380866149485 143.1 62.92159500130607 -255.5969284920378 117.53726 98.64898 -999.0 -999.0 -999.0 -999.0 -999.0 310.1354521278881 -21.824194885351165 310.1731791376752 -21.73278501727386 48.41737612956872 90.7363338247996 -999.0 6231.0 -999.0 -1 -999 {-999.0 -999.0 -999.0 -999.0 -999.0} "" -999.0 -999.0 -999.0 -999.0 -999 -999 "" "" "" "" 0 0 0.0 0.0 -999 ""
FIBERMAP 596 R-5C10 APOGEE 0 0 0 1 0 0 -27.734556182610188 -81.08936158326034 143.1 82.96565607281381 -21.476538804995943 97.292694 85.11561 -999.0 -999.0 -999.0 -999.0 -999.0 310.20194046238015 -21.11622957643657 310.2381074745192 -21.02487048773833 48.1173256338273 89.7688175989204 -999.0 16600.0 -999.0 2 269 {-999.0 -999.0 -999.0 -999.0 -999.0} "" -999.0 -999.0 -999.0 -999.0 -999 -999 "" "" "" "" 0 0 0.0 0.0 -999 ""
FIBERMAP 596 R-5C10 BOSS 1 1 0 1 0 0 -26.98859567035381 -81.03341143121607 143.1 82.85304399037379 -20.73701549864409 97.292694 85.11561 310.2018218867999 -21.11392303833778 -0.93864393 -0.3113444 -0.06799207 310.201820882601 -21.113929619801123 310.23778993380006 -21.022638683222905 48.116822731078855 89.76553048171024 5400.0 5400.0 2016.0 1 370 {-999.0 19.361475 19.060846 18.782488 18.552414} sdss_psfmag_from_gaiadr2 19.037872 19.123419 18.108688 16.452 63050396543873448 1057747411 bright_flexible_2x1 bhm_gua_bright bhm_filler science 0 0 0.0 0.0 -999 ""
FIBERMAP 596 R-5C10 METROLOGY 0 0 0 1 0 0 -27.304492647089226 -81.70150221459573 143.1 83.54325083940334 -21.001098191005234 97.292694 85.11561 -999.0 -999.0 -999.0 -999.0 -999.0 310.2040189720834 -21.114752652826716 310.2400422208134 -21.02343825775035 48.11513282218121 89.76775389992821 -999.0 6231.0 -999.0 -1 -999 {-999.0 -999.0 -999.0 -999.0 -999.0} "" -999.0 -999.0 -999.0 -999.0 -999 -999 "" "" "" "" 0 0 0.0 0.0 -999 ""
FIBERMAP 601 R+5C20 APOGEE 1 1 0 1 0 0 197.7706363072946 101.68984008721037 143.1 -116.45891418599398 189.4475402380454 345.24304 155.72102 309.55680968240046 -20.475841934145212 -3.7418466 0.93044466 1.3629183 309.5568039279049 -20.475830052514194 309.592173749199 -20.38589954217047 48.45510212096322 88.54857482657684 16000.0 16600.0 2016.0 2 117 {-999.0 12.145876 11.913776 11.875745 -999.0} sdss_psfmag_from_g3xp 12.135657 11.916133 11.551604 10.996 63050396543901773 975404331 "" ops_std_apogee ops_std standard_apogee 0 0 0.0 0.0 -999 ""
FIBERMAP 601 R+5C20 BOSS 0 0 0 1 0 0 198.35519096493775 101.226772183311 143.1 -116.04172615514594 190.06566558489675 345.24304 155.72102 -999.0 -999.0 -999.0 -999.0 -999.0 309.55833085637465 -20.47386424026621 309.59350570534355 -20.383999957993932 48.453252185364704 88.54658304227667 -999.0 5400.0 -999.0 1 202 {-999.0 -999.0 -999.0 -999.0 -999.0} "" -999.0 -999.0 -999.0 -999.0 -999 -999 "" "" "" "" 0 0 0.0 0.0 -999 ""
FIBERMAP 601 R+5C20 METROLOGY 0 0 0 1 0 0 197.66550181494452 100.94429548313798 143.1 -115.70753462213098 189.39950568765002 345.24304 155.72102 -999.0 -999.0 -999.0 -999.0 -999.0 309.55932161205186 -20.475864421117517 309.59455356577746 -20.385978189468315 48.453050056662455 88.54989921644028 -999.0 6231.0 -999.0 -1 -999 {-999.0 -999.0 -999.0 -999.0 -999.0} "" -999.0 -999.0 -999.0 -999.0 -999 -999 "" "" "" "" 0 0 0.0 0.0 -999 ""
FIBERMAP 602 R+3C5 APOGEE 0 0 0 1 0 0 -148.8998369370946 59.76978889861779 143.1 -48.25276051214677 -153.0187576408928 48.042294 65.174286 -999.0 -999.0 -999.0 -999.0 -999.0 309.7736365136067 -21.51443633436629 309.8111724237775 -21.423765090126423 48.62881460727956 90.1246828531323 -999.0 16600.0 -999.0 2 24 {-999.0 -999.0 -999.0 -999.0 -999.0} "" -999.0 -999.0 -999.0 -999.0 -999 -999 "" "" "" "" 0 0 0.0 0.0 -999 ""
FIBERMAP 602 R+3C5 BOSS 1 1 0 1 0 0 -148.6252775041722 59.08083748027815 143.1 -47.586733081397384 -152.69251648800406 48.042294 65.174286 309.7760009765625 -21.513445975068336 -999.0 -999.0 -999.0 309.77597938255366 -21.51345579021089 309.8133201066495 -21.42284509369388 48.62662106813647 90.12441239479256 5400.0 5400.0 2015.5 1 41 {-999.0 -999.0 -999.0 -999.0 -999.0} "" -999.0 -999.0 -999.0 -999.0 27021603186173685 815794169 "" ops_sky_boss_good ops_sky sky_boss 0 0 0.0 0.0 -999 ""
FIBERMAP 602 R+3C5 METROLOGY 0 0 0 1 0 0 -149.36023937084843 59.16681243858878 143.1 -47.616470125266005 -153.43188465507484 48.042294 65.174286 -999.0 -999.0 -999.0 -999.0 -999.0 309.77581685903806 -21.51572813130073 309.8132169774601 -21.425098688302278 48.62748388949795 90.12756553677389 -999.0 6231.0 -999.0 -1 -999 {-999.0 -999.0 -999.0 -999.0 -999.0} "" -999.0 -999.0 -999.0 -999.0 -999 -999 "" "" "" "" 0 0 0.0 0.0 -999 ""
FIBERMAP 603 R-11C2 APOGEE 0 0 0 1 0 0 -158.76480951580453 -229.16907492309056 143.1 240.59509340040316 -140.84445548808804 285.4023 49.337692 -999.0 -999.0 -999.0 -999.0 -999.0 310.7128766883267 -21.47626860024756 310.74932085072476 -21.383834239682486 47.79472697685044 90.51830900748178 -999.0 16600.0 -999.0 2 -999 {-999.0 -999.0 -999.0 -999.0 -999.0} "" -999.0 -999.0 -999.0 -999.0 -999 -999 "" "" "" "" 0 0 0.0 0.0 -999 ""
FIBERMAP 603 R-11C2 BOSS 1 1 0 1 0 0 -159.43768597967525 -228.84908662993953 143.1 240.32729588019973 -141.5397457278286 285.4023 49.337692 310.71209986825596 -21.4782536317467 30.07123 -12.302439 2.4444044 310.7121888640445 -21.478295695993364 310.74844243542816 -21.385928747539754 47.796214848237845 90.52081859702542 5400.0 5400.0 2016.0 1 516 {-999.0 18.800068 17.480295 16.426708 -999.0} sdss_psfmag_ps1 18.283875 17.278133 15.975248 13.882 63050396543789315 1094250600 bright_1x1 mwm_bin_vis_boss mwm_filler science 0 0 0.0 0.0 -999 ""
FIBERMAP 603 R-11C2 METROLOGY 0 0 0 1 0 0 -158.83171494825217 -228.42407701711693 143.1 239.85736443448613 -140.96791757877247 285.4023 49.337692 -999.0 -999.0 -999.0 -999.0 -999.0 310.7106707792229 -21.476627663673806 310.7469777232583 -21.384245168779707 47.796917136530354 90.51776734701048 -999.0 6231.0 -999.0 -1 -999 {-999.0 -999.0 -999.0 -999.0 -999.0} "" -999.0 -999.0 -999.0 -999.0 -999 -999 "" "" "" "" 0 0 0.0 0.0 -999 ""
FIBERMAP 606 R-1C4 APOGEE 0 0 0 1 0 0 -222.75626367223038 -13.59625244912958 143.1 30.52552318615916 -221.07102356460163 135.15822 130.45483 -999.0 -999.0 -999.0 -999.0 -999.0 310.0300070315438 -21.720410106969688 310.0677457702427 -21.62918671062933 48.47451219965213 90.53938538463717 -999.0 16600.0 -999.0 2 -999 {-999.0 -999.0 -999.0 -999.0 -999.0} "" -999.0 -999.0 -999.0 -999.0 -999 -999 "" "" "" "" 0 0 0.0 0.0 -999 ""
FIBERMAP 606 R-1C4 BOSS 1 1 0 1 0 0 -222.71779400008958 -12.826379579848595 143.1 29.75496462331877 -221.09131270710895 135.15822 130.45483 310.0277118261421 -21.720327700379 -0.4220171 -43.05292 4.4852905 310.0276930771883 -21.720446847245316 310.0652424008608 -21.629292199764958 48.47673705243047 90.53834405256111 5400.0 5400.0 2016.0 1 510 {-999.0 18.789564 17.35807 16.046818 -999.0} sdss_psfmag_ps1 18.259817 16.741325 15.543372 13.274 63050396543784692 942014742 bright_1x1 openfibertargets_nov2020_34a open_fiber science 0 0 0.0 0.0 -999 ""
FIBERMAP 606 R-1C4 METROLOGY 0 0 0 1 0 0 -222.08772587584775 -13.260759630124522 143.1 30.140081367617675 -220.42999195889982 135.15822 130.45483 -999.0 -999.0 -999.0 -999.0 -999.0 310.0289041569001 -21.718509034205297 310.0665021085357 -21.627334461704237 48.47497122698559 90.53616547344984 -999.0 6231.0 -999.0 -1 -999 {-999.0 -999.0 -999.0 -999.0 -999.0} "" -999.0 -999.0 -999.0 -999.0 -999 -999 "" "" "" "" 0 0 0.0 0.0 -999 ""
FIBERMAP 609 R+3C17 APOGEE 0 0 0 1 0 0 90.08549261489065 70.15756385008699 143.1 -76.8154439112624 84.47842307951395 152.25978 93.26824 -999.0 -999.0 -999.0 -999.0 -999.0 309.6831961222877 -20.793664409968805 309.7191655979059 -20.703392239207776 48.45777367314137 89.0597736570158 -999.0 16600.0 -999.0 2 -999 {-999.0 -999.0 -999.0 -999.0 -999.0} "" -999.0 -999.0 -999.0 -999.0 -999 -999 "" "" "" "" 0 0 0.0 0.0 -999 ""
FIBERMAP 609 R+3C17 BOSS 1 1 0 1 0 0 90.47266396440375 70.91493455046071 143.1 -77.60009982434825 84.80677124055428 152.25978 93.26824 309.68080212898747 -20.79253288275521 -0.508632 -6.230921 0.08041747 309.6808013187435 -20.792549915747596 309.7165810249056 -20.702350126788133 48.45966319988374 89.05700922001046 5400.0 5400.0 2016.0 1 227 {-999.0 18.412596 18.034107 17.885897 17.829645} sdss_psfmag_from_gaia 18.3391 18.0463 17.5439 16.532 63050396543880033 974124715 "" ops_std_boss_gdr2 ops_std standard_boss 0 0 0.0 0.0 -999 ""
FIBERMAP 609 R+3C17 METROLOGY 0 0 0 1 0 0 90.8274771387996 70.25220624584978 143.1 -76.96633253864687 85.21103452981706 152.25978 93.26824 -999.0 -999.0 -999.0 -999.0 -999.0 309.68280180066915 -20.791339626794265 309.71863040502956 -20.701117291561793 48.457433152633044 89.05629891529105 -999.0 6231.0 -999.0 -1 -999 {-999.0 -999.0 -999.0 -999.0 -999.0} "" -999.0 -999.0 -999.0 -999.0 -999 -999 "" "" "" "" 0 0 0.0 0.0 -999 ""
FIBERMAP 616 R+10C3 APOGEE 0 0 0 1 0 0 -121.49003513776272 178.37769695227857 143.1 -168.6028268056174 -134.7240784765877 3.440583 51.353474 -999.0 -999.0 -999.0 -999.0 -999.0 309.3822712366919 -21.456893162511083 309.42008617874035 -21.366988449719706 48.95131915514336 89.85397121456884 -999.0 16600.0 -999.0 2 13 {-999.0 -999.0 -999.0 -999.0 -999.0} "" -999.0 -999.0 -999.0 -999.0 -999 -999 "" "" "" "" 0 0 0.0 0.0 -999 ""
FIBERMAP 616 R+10C3 BOSS 1 1 0 1 0 0 -121.90243626639399 177.77069796564442 143.1 -167.96618221891634 -135.0890377247192 3.440583 51.353474 309.38538659383886 -21.457850651327764 -295.7461 -43.19832 15.182709 309.38448234981985 -21.457977255489517 309.4221093473301 -21.368132114547993 48.94994316820621 89.85659301766037 5400.0 5400.0 2016.0 1 16 {-999.0 17.569777 16.229044 15.398116 -999.0} sdss_psfmag_ps1 16.96156 15.539889 14.358585 12.306 63050396543862039 1151092268 bright_1x1 mwm_snc_100pc_boss_single mwm_snc science 0 0 0.0 0.0 -999 ""
FIBERMAP 616 R+10C3 METROLOGY 0 0 0 1 0 0 -122.24100351300469 178.44246102919425 143.1 -168.61019548665416 -135.47779069771903 3.440583 51.353474 -999.0 -999.0 -999.0 -999.0 -999.0 309.3823088449573 -21.45917445198921 309.41999422996446 -21.369314920232757 48.95219947081559 89.85725309118936 -999.0 6231.0 -999.0 -1 -999 {-999.0 -999.0 -999.0 -999.0 -999.0} "" -999.0 -999.0 -999.0 -999.0 -999 -999 "" "" "" "" 0 0 0.0 0.0 -999 ""
FIBERMAP 617 R-4C3 APOGEE 0 0 0 1 0 0 -190.63803398626095 -70.11279118344595 143.1 84.43059774700365 -184.74118174616683 36.684765 115.53621 -999.0 -999.0 -999.0 -999.0 -999.0 310.20594210270747 -21.610805715898415 310.24323965698034 -21.519283385829226 48.283654918637005 90.46739778207024 -999.0 16600.0 -999.0 2 242 {-999.0 -999.0 -999.0 -999.0 -999.0} "" -999.0 -999.0 -999.0 -999.0 -999 -999 "" "" "" "" 0 0 0.0 0.0 -999 ""
FIBERMAP 617 R-4C3 BOSS 1 1 0 1 0 0 -189.97626637294448 -70.48271637463526 143.1 84.74903279758064 -184.0531639199755 36.684765 115.53621 310.20721435546875 -21.608703615620215 -999.0 -999.0 -999.0 310.2072017981693 -21.608712014500384 310.24430018682267 -21.517253147862686 48.28203470456104 90.46503596692662 5400.0 5400.0 2015.5 1 499 {-999.0 -999.0 -999.0 -999.0 -999.0} "" -999.0 -999.0 -999.0 -999.0 27021603186163225 825561903 "" ops_sky_boss_good ops_sky sky_boss 0 0 0.0 0.0 -999 ""
FIBERMAP 617 R-4C3 METROLOGY 0 0 0 1 0 0 -190.61554747879657 -70.86906168628572 143.1 85.18295014355742 -184.66115034959535 36.684765 115.53621 -999.0 -999.0 -999.0 -999.0 -999.0 310.20856870218637 -21.610589243071367 310.2457246318678 -21.519108724187543 48.28142231767104 90.46833650936446 -999.0 6231.0 -999.0 -1 -999 {-999.0 -999.0 -999.0 -999.0 -999.0} "" -999.0 -999.0 -999.0 -999.0 -999 -999 "" "" "" "" 0 0 0.0 0.0 -999 ""
FIBERMAP 618 R+8C5 APOGEE 1 1 0 1 0 0 -132.7130425179675 155.62256113572204 143.1 -145.0591053319179 -144.18094244558716 235.47449 47.41526 309.4586182021034 -21.486034076685886 0.93287635 -0.8086952 1.2926644 309.45861556325247 -21.486035800637733 309.4964180436266 -21.39597555194886 48.894527972247126 89.93256856485067 16000.0 16600.0 2016.0 2 42 {-999.0 12.50626 11.707533 11.425944 -999.0} sdss_psfmag_from_g3xp 12.2723675 11.751207 11.076789 9.724 63050396543861720 1104759148 bright_1x1 mwm_tess_rgb_apogee mwm_tessrgb science 0 0 0.0 0.0 -999 ""
FIBERMAP 618 R+8C5 BOSS 0 0 0 1 0 0 -132.8814092856762 156.3433735611429 143.1 -145.76499031265791 -144.40372764973978 235.47449 47.41526 -999.0 -999.0 -999.0 -999.0 -999.0 309.45646911941606 -21.486666174619234 309.49408674856306 -21.396674022076965 48.89680645701474 89.93243285216528 -999.0 5400.0 -999.0 1 70 {-999.0 -999.0 -999.0 -999.0 -999.0} "" -999.0 -999.0 -999.0 -999.0 -999 -999 "" "" "" "" 0 0 0.0 0.0 -999 ""
FIBERMAP 618 R+8C5 METROLOGY 0 0 0 1 0 0 -132.17315132979192 156.1307701546847 143.1 -145.60695982156696 -143.68133934799644 235.47449 47.41526 -999.0 -999.0 -999.0 -999.0 -999.0 309.45691230704097 -21.48452509367172 309.49457793731256 -21.39451458090959 48.89563549482413 89.92958667608798 -999.0 6231.0 -999.0 -1 -999 {-999.0 -999.0 -999.0 -999.0 -999.0} "" -999.0 -999.0 -999.0 -999.0 -999 -999 "" "" "" "" 0 0 0.0 0.0 -999 ""
FIBERMAP 621 R-1C10 APOGEE 0 0 0 1 0 0 -64.38672621966697 -6.71094155806346 143.1 11.596164494985032 -63.68776623051232 84.098015 67.86615 -999.0 -999.0 -999.0 -999.0 -999.0 309.9693689240646 -21.244193590580846 310.00607488783805 -21.15323485562396 48.36498689413086 89.83613297837928 -999.0 16600.0 -999.0 2 -999 {-999.0 -999.0 -999.0 -999.0 -999.0} "" -999.0 -999.0 -999.0 -999.0 -999 -999 "" "" "" "" 0 0 0.0 0.0 -999 ""
FIBERMAP 621 R-1C10 BOSS 1 1 0 1 0 0 -63.72784129510166 -7.070509292404429 143.1 11.904491883943168 -63.003411688169976 84.098015 67.86615 309.9705396719325 -21.24206682927302 7.2233677 -13.041879 2.0649655 309.97057766949297 -21.242090889331614 310.007086028122 -21.151196725689395 48.36339428581219 89.83374989758943 5400.0 5400.0 2016.0 1 509 {-999.0 20.132996 18.764814 17.592775 -999.0} sdss_psfmag_ps1 19.559618 18.278307 17.135208 15.053 63050396543872949 1094618816 bright_1x1 mwm_bin_vis_boss mwm_filler science 0 0 0.0 0.0 -999 ""
FIBERMAP 621 R-1C10 METROLOGY 0 0 0 1 0 0 -64.35995679072846 -7.45845852407186 143.1 12.339462618143873 -63.60413121931644 84.098015 67.86615 -999.0 -999.0 -999.0 -999.0 -999.0 309.9719381693812 -21.24394101462975 310.00850360836546 -21.153024920347292 48.36279006108864 89.83702157118637 -999.0 6231.0 -999.0 -1 -999 {-999.0 -999.0 -999.0 -999.0 -999.0} "" -999.0 -999.0 -999.0 -999.0 -999 -999 "" "" "" "" 0 0 0.0 0.0 -999 ""
FIBERMAP 622 R-9C14 APOGEE 1 1 0 1 0 0 122.95091777806876 -174.8668967407186 143.1 164.99097773435454 135.91325903992794 76.34575 19.50257 310.46705175252515 -20.639153264453434 -999.0 -999.0 -999.0 310.46712058784743 -20.639184659360613 310.5019219427239 -20.54747645926778 47.71774789808755 89.23274700370519 16000.0 16600.0 2016.0 2 198 {-999.0 -999.0 -999.0 -999.0 -999.0} "" -999.0 16.5422 -999.0 9.664 63050396543878558 1151565213 bright_1x1 mwm_galactic_core_dist_apogee_sparse mwm_galactic science 0 0 0.0 0.0 -999 ""
FIBERMAP 622 R-9C14 BOSS 0 0 0 1 0 0 123.01873037363237 -175.60393922751692 143.1 165.72070537267598 136.03701962823897 76.34575 19.50257 -999.0 -999.0 -999.0 -999.0 -999.0 310.46970765568904 -20.638714081281524 310.5043109270474 -20.547070874019923 47.715513852211586 89.2333736042001 -999.0 5400.0 -999.0 1 274 {-999.0 -999.0 -999.0 -999.0 -999.0} "" -999.0 -999.0 -999.0 -999.0 -999 -999 "" "" "" "" 0 0 0.0 0.0 -999 ""
FIBERMAP 622 R-9C14 METROLOGY 0 0 0 1 0 0 122.3426943009217 -175.29879599059723 143.1 165.4679503128361 135.33970984510484 76.34575 19.50257 -999.0 -999.0 -999.0 -999.0 -999.0 310.4688722687305 -20.640820001010667 310.5035362599881 -20.549157934308113 47.716937868086504 89.23588463776673 -999.0 6231.0 -999.0 -1 -999 {-999.0 -999.0 -999.0 -999.0 -999.0} "" -999.0 -999.0 -999.0 -999.0 -999 -999 "" "" "" "" 0 0 0.0 0.0 -999 ""
FIBERMAP 625 R+1C2 APOGEE 0 0 0 1 0 0 -268.36736880345256 26.7933554100699 143.1 -6.271796321193971 -269.62589598291163 143.32948 118.5359 -999.0 -999.0 -999.0 -999.0 -999.0 309.9097039264152 -21.86615735163969 309.9479088107745 -21.775116874777243 48.62862690786263 90.69001266418616 -999.0 16600.0 -999.0 2 -999 {-999.0 -999.0 -999.0 -999.0 -999.0} "" -999.0 -999.0 -999.0 -999.0 -999 -999 "" "" "" "" 0 0 0.0 0.0 -999 ""
FIBERMAP 625 R+1C2 BOSS 1 1 0 1 0 0 -268.2940856035329 27.511070122869974 143.1 -6.993000803315332 -269.60749985322025 143.32948 118.5359 309.9075415339211 -21.865985231344343 -0.26669934 -20.561344 0.25164476 309.9075453574186 -21.866027997092598 309.94556093301685 -21.77505520194742 48.63065917603549 90.68881400470462 5400.0 5400.0 2016.0 1 11 {-999.0 17.80542 17.388863 17.222189 -999.0} sdss_psfmag_ps1 17.633057 17.344563 16.885847 16.092 63050396543783308 977477569 "" ops_std_boss ops_std standard_boss 0 0 0.0 0.0 -999 ""
FIBERMAP 625 R+1C2 METROLOGY 0 0 0 1 0 0 -267.67974734708804 27.08776150637781 143.1 -6.617724955542582 -268.96270649646976 143.32948 118.5359 -999.0 -999.0 -999.0 -999.0 -999.0 309.90871695292003 -21.86416716134312 309.94678117501337 -21.773174721680192 48.62895895738958 90.68671226122325 -999.0 6231.0 -999.0 -1 -999 {-999.0 -999.0 -999.0 -999.0 -999.0} "" -999.0 -999.0 -999.0 -999.0 -999 -999 "" "" "" "" 0 0 0.0 0.0 -999 ""
FIBERMAP 628 R-7C16 APOGEE 0 0 0 1 0 0 131.347822028061 -116.56256323058764 143.1 106.21699791361479 139.84422728993394 128.2813 41.344563 -999.0 -999.0 -999.0 -999.0 -999.0 310.2771442369828 -20.627031064559677 310.3121163521346 -20.535684605582663 47.879492669014645 89.1216610399257 -999.0 16600.0 -999.0 2 207 {-999.0 -999.0 -999.0 -999.0 -999.0} "" -999.0 -999.0 -999.0 -999.0 -999 -999 "" "" "" "" 0 0 0.0 0.0 -999 ""
FIBERMAP 628 R-7C16 BOSS 1 1 0 1 0 0 132.09695428016204 -116.6955508091531 143.1 106.29253103912973 140.6013058068172 128.2813 41.344563 310.2776070128825 -20.62455765659808 0.35236862 -4.9358277 0.22996432 310.27761868596724 -20.62462181312262 310.31239166382704 -20.53334459070705 47.878414134940385 89.11854103708896 5400.0 5400.0 2016.0 1 292 {-999.0 16.6895 15.997007 15.744623 -999.0} sdss_psfmag_ps1 16.463573 15.960781 15.303321 13.943 63050396543878389 944166280 bright_1x1 openfibertargets_nov2020_6b open_fiber science 0 0 0.0 0.0 -999 ""
FIBERMAP 628 R-7C16 METROLOGY 0 0 0 1 0 0 131.61154896627002 -117.26449371058271 143.1 106.89679174887009 140.1606562403666 128.2813 41.344563 -999.0 -999.0 -999.0 -999.0 -999.0 310.2795362666259 -20.625959625852673 310.31436502148426 -20.53465870147108 47.8771591759127 89.12135691265831 -999.0 6231.0 -999.0 -1 -999 {-999.0 -999.0 -999.0 -999.0 -999.0} "" -999.0 -999.0 -999.0 -999.0 -999 -999 "" "" "" "" 0 0 0.0 0.0 -999 ""
FIBERMAP 629 R0C19 APOGEE 1 1 0 1 0 0 118.53132996062129 17.10290037994118 143.1 -26.082398386834285 116.88286515716763 106.75475 73.88744 309.8482289162813 -20.69577043982075 -4.7182417 -6.944953 0.59872115 309.8482129110115 -20.695813591775575 309.8837873046888 -20.605257982171274 48.27888212192317 89.0043302618734 16000.0 16600.0 2016.0 2 90 {-999.0 12.755484 11.967814 11.666662 -999.0} sdss_psfmag_from_g3xp 12.530466 12.000418 11.317352 9.886 63050396543880663 1106473874 bright_1x1 mwm_tess_rgb_apogee mwm_tessrgb science 0 0 0.0 0.0 -999 ""
FIBERMAP 629 R0C19 BOSS 0 0 0 1 0 0 119.2748434916769 17.114964235225905 143.1 -26.151065733353892 117.62329174589588 106.75475 73.88744 -999.0 -999.0 -999.0 -999.0 -999.0 309.84817415194885 -20.693441135923678 309.8835525102136 -20.60295455592438 48.278265080847454 89.00097929954262 -999.0 5400.0 -999.0 1 253 {-999.0 -999.0 -999.0 -999.0 -999.0} "" -999.0 -999.0 -999.0 -999.0 -999 -999 "" "" "" "" 0 0 0.0 0.0 -999 ""
FIBERMAP 629 R0C19 METROLOGY 0 0 0 1 0 0 118.92469903306268 16.45939752001134 143.1 -25.470737562397535 117.32410738466685 106.75475 73.88744 -999.0 -999.0 -999.0 -999.0 -999.0 309.85032191137225 -20.694359458512487 309.88575416756214 -20.60384917511716 48.2766594512327 89.00334046834377 -999.0 6231.0 -999.0 -1 -999 {-999.0 -999.0 -999.0 -999.0 -999.0} "" -999.0 -999.0 -999.0 -999.0 -999 -999 "" "" "" "" 0 0 0.0 0.0 -999 ""
FIBERMAP 632 R-6C1 APOGEE 0 0 0 1 0 0 -235.20558691320505 -120.58333802500292 143.1 138.14900613612446 -225.33408624212328 190.39388 126.33805 -999.0 -999.0 -999.0 -999.0 -999.0 310.38037584859813 -21.73261405941542 310.41776580534463 -21.640724031326414 48.172357610079544 90.72170287242045 -999.0 16600.0 -999.0 2 274 {-999.0 -999.0 -999.0 -999.0 -999.0} "" -999.0 -999.0 -999.0 -999.0 -999 -999 "" "" "" "" 0 0 0.0 0.0 -999 ""
FIBERMAP 632 R-6C1 BOSS 1 1 0 1 0 0 -235.76109505226634 -120.06927990648552 143.1 137.67876389097628 -225.92713404900195 190.39388 126.33805 310.37906690167824 -21.734277876310376 -10.759785 -24.943434 2.0613546 310.37903696667007 -21.734339585524232 310.4162382795432 -21.642516567794214 48.17430126164636 90.72350939192859 5400.0 5400.0 2016.0 1 446 {-999.0 16.260174 15.200929 14.810712 -999.0} sdss_psfmag_ps1 15.864168 15.212452 14.439244 12.925 63050396543783874 1096176267 bright_1x1 mwm_bin_vis_boss mwm_filler science 0 0 0.0 0.0 -999 ""
FIBERMAP 632 R-6C1 METROLOGY 0 0 0 1 0 0 -235.06502001236646 -119.84390949385418 143.1 137.40102567545603 -225.25025669345862 190.39388 126.33805 -999.0 -999.0 -999.0 -999.0 -999.0 310.37811390277756 -21.732369050470933 310.4153666815839 -21.640529968676706 48.17438961865158 90.7202949172601 -999.0 6231.0 -999.0 -1 -999 {-999.0 -999.0 -999.0 -999.0 -999.0} "" -999.0 -999.0 -999.0 -999.0 -999 -999 "" "" "" "" 0 0 0.0 0.0 -999 ""
FIBERMAP 633 R+7C5 APOGEE 0 0 0 1 0 0 -121.40658637570972 154.1196527486838 143.1 -144.42187163164613 -132.79296679455427 122.62745 73.47036 -999.0 -999.0 -999.0 -999.0 -999.0 309.4607880541279 -21.451619678964217 309.4985083687608 -21.36156604068316 48.88087559984603 89.88444175236435 -999.0 16600.0 -999.0 2 34 {-999.0 -999.0 -999.0 -999.0 -999.0} "" -999.0 -999.0 -999.0 -999.0 -999 -999 "" "" "" "" 0 0 0.0 0.0 -999 ""
FIBERMAP 633 R+7C5 BOSS 1 1 0 1 0 0 -120.68406793620017 154.30166343068456 143.1 -144.65839092597983 -132.0864201272984 122.62745 73.47036 309.460144788035 -21.449399192451754 7.0033727 -19.85529 2.092852 309.46016978537085 -21.449451932202123 309.497697138332 -21.359464495800022 48.88086215955071 89.88104593434434 5400.0 5400.0 2016.0 1 57 {-999.0 18.863558 17.404518 16.473934 -999.0} sdss_psfmag_ps1 18.256903 17.088495 16.025608 13.852 63050396543864176 1095381429 bright_1x1 mwm_bin_vis_boss mwm_filler science 0 0 0.0 0.0 -999 ""
FIBERMAP 633 R+7C5 METROLOGY 0 0 0 1 0 0 -120.87274945568011 153.60040332097785 143.1 -143.94480236471335 -132.2211315586623 122.62745 73.47036 -999.0 -999.0 -999.0 -999.0 -999.0 309.4624115727399 -21.449911544632204 309.49999107080305 -21.35990143716538 48.87900645205111 89.88278721600159 -999.0 6231.0 -999.0 -1 -999 {-999.0 -999.0 -999.0 -999.0 -999.0} "" -999.0 -999.0 -999.0 -999.0 -999 -999 "" "" "" "" 0 0 0.0 0.0 -999 ""
FIBERMAP 634 R+2C21 APOGEE 0 0 0 1 0 0 168.1875444331411 48.708251656886304 143.1 -61.37825799555856 163.9866885076109 151.68712 103.51955 -999.0 -999.0 -999.0 -999.0 -999.0 309.7343959854173 -20.55302600491912 309.76976079302483 -20.462732185284693 48.327520937147 88.74678059501457 -999.0 16600.0 -999.0 2 73 {-999.0 -999.0 -999.0 -999.0 -999.0} "" -999.0 -999.0 -999.0 -999.0 -999 -999 "" "" "" "" 0 0 0.0 0.0 -999 ""
FIBERMAP 634 R+2C21 BOSS 1 1 0 1 0 0 168.42260655861656 49.41822563414224 143.1 -62.10406815401737 164.16698151063716 151.68712 103.51955 309.7321952393537 -20.55231549552591 6.792502 -7.4813776 0.24148443 309.7322157223466 -20.552348864200134 309.767391284159 -20.462127965304173 48.32937533901757 88.74473225363204 5400.0 5400.0 2016.0 1 231 {-999.0 17.585985 17.165514 16.998074 -999.0} sdss_psfmag_ps1 17.48908 17.15921 16.655327 15.657 63050396543882408 944753909 bright_1x1 openfibertargets_nov2020_6c open_fiber science 0 0 0.0 0.0 -999 ""
FIBERMAP 634 R+2C21 METROLOGY 0 0 0 1 0 0 168.91385713626414 48.86529937948174 143.1 -61.59017615385194 164.6989199796835 151.68712 103.51955 -999.0 -999.0 -999.0 -999.0 -999.0 309.7338250908255 -20.55074281954587 309.7690491408746 -20.460499941699965 48.32734065603272 88.74328713440775 -999.0 6231.0 -999.0 -1 -999 {-999.0 -999.0 -999.0 -999.0 -999.0} "" -999.0 -999.0 -999.0 -999.0 -999 -999 "" "" "" "" 0 0 0.0 0.0 -999 ""
FIBERMAP 636 R-3C16 APOGEE 1 1 0 1 0 0 77.49348441549246 -72.18339153341631 143.1 66.06969255935059 82.76624498911634 273.17313 110.64172 310.14705234548364 -20.799734830155653 35.384552 -10.014504 1.656764 310.1471643142615 -20.79976277648391 310.1826655759237 -20.708607231644443 48.05434457197401 89.29842625354559 16000.0 16600.0 2016.0 2 220 {-999.0 12.890099 12.020982 11.745058 -999.0} sdss_psfmag_from_g3xp 12.625111 12.08181 11.394637 10.056 63050396543878060 1109317251 bright_1x1 mwm_tess_rgb_apogee mwm_tessrgb science 0 0 0.0 0.0 -999 ""
FIBERMAP 636 R-3C16 BOSS 0 0 0 1 0 0 76.8083550059939 -72.49874537638335 143.1 66.43631802367074 82.10713602071519 273.17313 110.64172 -999.0 -999.0 -999.0 -999.0 -999.0 310.14858573873863 -20.801650390398905 310.18389738856456 -20.7105599332083 48.05396088298969 89.30176932067104 -999.0 5400.0 -999.0 1 317 {-999.0 -999.0 -999.0 -999.0 -999.0} "" -999.0 -999.0 -999.0 -999.0 -999 -999 "" "" "" "" 0 0 0.0 0.0 -999 ""
FIBERMAP 636 R-3C16 METROLOGY 0 0 0 1 0 0 76.87947630247503 -71.75107457938138 143.1 65.6854094913953 82.12109458457593 273.17313 110.64172 -999.0 -999.0 -999.0 -999.0 -999.0 310.14610019737574 -20.80161624416146 310.1814689104108 -20.71051112022649 48.056067058224755 89.30049428696645 -999.0 6231.0 -999.0 -1 -999 {-999.0 -999.0 -999.0 -999.0 -999.0} "" -999.0 -999.0 -999.0 -999.0 -999 -999 "" "" "" "" 0 0 0.0 0.0 -999 ""
FIBERMAP 642 R-2C18 APOGEE 0 0 0 1 0 0 123.0652711194835 -49.984550453010755 143.1 40.46405509145002 126.51411023292788 334.34082 96.51649 -999.0 -999.0 -999.0 -999.0 -999.0 310.0641485049821 -20.667039226830536 310.0994333110773 -20.576082828749517 48.079908413623414 89.07160129303668 -999.0 16600.0 -999.0 2 -999 {-999.0 -999.0 -999.0 -999.0 -999.0} "" -999.0 -999.0 -999.0 -999.0 -999 -999 "" "" "" "" 0 0 0.0 0.0 -999 ""
FIBERMAP 642 R-2C18 BOSS 1 1 0 1 0 0 122.80991435224519 -50.69729590711209 143.1 41.194174631556486 126.31379288663989 334.34082 96.51649 310.0667415746493 -20.667508311416412 0.11026937 -1.8534938 0.094963744 310.066729405618 -20.66752017568215 310.10182070473627 -20.576627494030834 48.07801561113759 89.07355833317843 5400.0 5400.0 2016.0 1 299 {-999.0 18.144077 18.117085 18.106443 -999.0} sdss_psfmag_ps1 18.11677 18.034826 17.781033 -999.0 63050396543882714 1070890601 bright_1x1 mwm_halo_distant_rrl_boss_single mwm_halo science 0 0 0.0 0.0 -999 ""
FIBERMAP 642 R-2C18 METROLOGY 0 0 0 1 0 0 122.3310547991195 -50.127465153819465 143.1 40.662483511582735 125.7929215772539 334.34082 96.51649 -999.0 -999.0 -999.0 -999.0 -999.0 310.0649539982031 -20.669100810068993 310.10010514481473 -20.57819149909708 48.08007459177937 89.0748855574592 -999.0 6231.0 -999.0 -1 -999 {-999.0 -999.0 -999.0 -999.0 -999.0} "" -999.0 -999.0 -999.0 -999.0 -999 -999 "" "" "" "" 0 0 0.0 0.0 -999 ""
FIBERMAP 643 R+9C3 APOGEE 0 0 0 1 0 0 -132.24993458067354 174.99017950605872 143.1 -164.40552936282583 -145.1945528782259 3.446891 114.39229 -999.0 -999.0 -999.0 -999.0 -999.0 309.39579317842356 -21.48863873544159 309.4336676944546 -21.39869814222956 48.950336824165156 89.90593420611685 -999.0 16600.0 -999.0 2 35 {-999.0 -999.0 -999.0 -999.0 -999.0} "" -999.0 -999.0 -999.0 -999.0 -999 -999 "" "" "" "" 0 0 0.0 0.0 -999 ""
FIBERMAP 643 R+9C3 BOSS 1 1 0 1 0 0 -131.88412850863944 174.3069865330617 143.1 -163.75219448658825 -144.7777698065991 3.446891 114.39229 309.39806563724807 -21.487354818117826 -0.16211203 -3.6535406 0.029414633 309.3980694140073 -21.487361417443687 309.435750339655 -21.397480918161015 48.948097713587956 89.90520702100332 5400.0 5400.0 2016.0 1 59 {-999.0 16.691942 15.680099 15.331246 -999.0} sdss_psfmag_ps1 16.365484 15.705364 14.948541 13.191 63050396543861970 1061577681 bright_1x1 manual_mwm_halo_distant_kgiant_near_boss_single mwm_halo science 0 0 0.0 0.0 -999 ""
FIBERMAP 643 R+9C3 METROLOGY 0 0 0 1 0 0 -132.64371660532422 174.3616481193498 143.1 -163.74883350911634 -145.53930703766443 3.446891 114.39229 -999.0 -999.0 -999.0 -999.0 -999.0 309.3979934510045 -21.48970241493764 309.4357332390026 -21.39980316763014 48.948909871375044 89.90851985337628 -999.0 6231.0 -999.0 -1 -999 {-999.0 -999.0 -999.0 -999.0 -999.0} "" -999.0 -999.0 -999.0 -999.0 -999 -999 "" "" "" "" 0 0 0.0 0.0 -999 ""
FIBERMAP 646 R-9C11 APOGEE 1 1 0 1 0 0 40.68465165864556 -156.25828473110084 143.1 152.70342658522154 52.469317579472296 116.61734 57.858418 310.42817788926527 -20.89180730162241 -4.7800426 1.1025869 1.1560348 310.4281656070944 -20.891818110893745 310.46358188038505 -20.800103143553372 47.841119094668784 89.56512467449852 16000.0 16600.0 2016.0 2 164 {-999.0 10.554974 9.711166 9.4193125 -999.0} sdss_psfmag_from_g3xp 10.304195 9.762192 9.070231 7.719 63050396543876516 1107312879 bright_1x1 mwm_tess_rgb_apogee mwm_tessrgb science 0 0 0.0 0.0 -999 ""
FIBERMAP 646 R-9C11 BOSS 0 0 0 1 0 0 41.428043106387655 -156.30260751180487 143.1 152.69099076122 53.213917808438985 116.61734 57.858418 -999.0 -999.0 -999.0 -999.0 -999.0 310.42838147794333 -20.889470770913814 310.4635980683088 -20.79782472951645 47.84029942257995 89.56195730396865 -999.0 5400.0 -999.0 1 397 {-999.0 -999.0 -999.0 -999.0 -999.0} "" -999.0 -999.0 -999.0 -999.0 -999 -999 "" "" "" "" 0 0 0.0 0.0 -999 ""
FIBERMAP 646 R-9C11 METROLOGY 0 0 0 1 0 0 41.0081638555303 -156.93477906324242 143.1 153.35330417528507 52.8434198146809 116.61734 57.858418 -999.0 -999.0 -999.0 -999.0 -999.0 310.4304927094049 -20.890607007527006 310.4657646615884 -20.798937194598565 47.83879813982133 89.56457452734548 -999.0 6231.0 -999.0 -1 -999 {-999.0 -999.0 -999.0 -999.0 -999.0} "" -999.0 -999.0 -999.0 -999.0 -999 -999 "" "" "" "" 0 0 0.0 0.0 -999 ""
FIBERMAP 651 R-2C19 APOGEE 1 1 0 1 0 0 145.54949865829974 -20.903897681987797 143.1 9.755414218410188 146.7174994221835 120.94613 36.53128 309.96466703300774 -20.605661976555808 0.09915251 -8.151111 0.6079384 309.9646680308364 -20.605698418862943 309.99991589921353 -20.51495005526267 48.14503977481405 88.93614824613951 16000.0 16600.0 2016.0 2 240 {-999.0 12.398383 11.723488 11.459242 -999.0} sdss_psfmag_from_g3xp 12.221026 11.749456 11.112035 9.83 63050396543883103 1108056875 bright_1x1 mwm_tess_rgb_apogee mwm_tessrgb science 0 0 0.0 0.0 -999 ""
FIBERMAP 651 R-2C19 BOSS 0 0 0 1 0 0 146.23230433129365 -21.164514434271126 143.1 9.963256936757809 147.4181671704103 120.94613 36.53128 -999.0 -999.0 -999.0 -999.0 -999.0 309.96554226635436 -20.603445334519577 310.0005927699053 -20.512764839857425 48.143664571604845 88.9334316017206 -999.0 5400.0 -999.0 1 303 {-999.0 -999.0 -999.0 -999.0 -999.0} "" -999.0 -999.0 -999.0 -999.0 -999 -999 "" "" "" "" 0 0 0.0 0.0 -999 ""
FIBERMAP 651 R-2C19 METROLOGY 0 0 0 1 0 0 145.65625723559614 -21.643307372279228 143.1 10.484535367889103 146.8802727592391 120.94613 36.53128 -999.0 -999.0 -999.0 -999.0 -999.0 309.96717604179855 -20.60507892216285 310.00228279585065 -20.514375306318332 48.142764279387585 88.93653510059636 -999.0 6231.0 -999.0 -1 -999 {-999.0 -999.0 -999.0 -999.0 -999.0} "" -999.0 -999.0 -999.0 -999.0 -999 -999 "" "" "" "" 0 0 0.0 0.0 -999 ""
FIBERMAP 652 R-4C22 APOGEE 0 0 0 1 0 0 236.183777912778 -75.5281912609446 143.1 57.316181051686954 241.24862274648413 2.697349 123.701416 -999.0 -999.0 -999.0 -999.0 -999.0 310.1186956905035 -20.320841855242495 310.1531357904878 -20.229891919892356 47.90821741290571 88.616133965654 -999.0 16600.0 -999.0 2 -999 {-999.0 -999.0 -999.0 -999.0 -999.0} "" -999.0 -999.0 -999.0 -999.0 -999 -999 "" "" "" "" 0 0 0.0 0.0 -999 ""
FIBERMAP 652 R-4C22 BOSS 1 1 0 1 0 0 236.66731457435952 -76.12563847324138 143.1 57.875051817650736 241.77626126708157 2.697349 123.701416 310.1206970214844 -20.319165007609556 -999.0 -999.0 -999.0 310.1206949880406 -20.319171723551563 310.1549370551355 -20.228288841870288 47.90606040518896 88.61482168612883 5400.0 5400.0 2015.5 1 278 {-999.0 -999.0 -999.0 -999.0 -999.0} "" -999.0 -999.0 -999.0 -999.0 27021603186177098 825563061 "" ops_sky_boss_good ops_sky sky_boss 0 0 0.0 0.0 -999 ""
FIBERMAP 652 R-4C22 METROLOGY 0 0 0 1 0 0 235.90035582476858 -76.22041242273069 143.1 58.027974078008334 241.01875843287834 2.697349 123.701416 -999.0 -999.0 -999.0 -999.0 -999.0 310.121146423954 -20.321426997896673 310.15544761113426 -20.230522616136096 47.9064254275287 88.61818594660701 -999.0 6231.0 -999.0 -1 -999 {-999.0 -999.0 -999.0 -999.0 -999.0} "" -999.0 -999.0 -999.0 -999.0 -999 -999 "" "" "" "" 0 0 0.0 0.0 -999 ""
FIBERMAP 653 R+5C11 APOGEE 1 1 0 1 0 0 -14.79386099526682 75.4205082086604 143.1 -74.07364271398889 -20.496036534727477 333.29428 23.839272 309.69139265627626 -21.112484668528698 -207.27289 60.511406 44.149387 309.69075230307976 -21.112329712457495 309.7274471483124 -21.02194278585055 48.56285700214896 89.51385058833557 16000.0 16600.0 2016.0 2 142 {-999.0 17.02876 15.535083 13.937394 -999.0} sdss_psfmag_ps1 16.2886 14.28217 12.957261 10.392 63050396543865391 984746419 bright_1x1 mwm_snc_100pc_apogee mwm_snc science 0 0 0.0 0.0 -999 ""
FIBERMAP 653 R+5C11 BOSS 0 0 0 1 0 0 -15.534414077067915 75.48611682647999 143.1 -74.08264687972556 -21.23942816619856 333.29428 23.839272 -999.0 -999.0 -999.0 -999.0 -999.0 309.69085725764944 -21.11453343889217 309.72736724845106 -21.024211782326816 48.563720646283485 89.51702307892106 -999.0 5400.0 -999.0 1 143 {-999.0 -999.0 -999.0 -999.0 -999.0} "" -999.0 -999.0 -999.0 -999.0 -999 -999 "" "" "" "" 0 0 0.0 0.0 -999 ""
FIBERMAP 653 R+5C11 METROLOGY 0 0 0 1 0 0 -15.10976249199486 76.09561492816445 143.1 -74.72271649813189 -20.86244455699251 333.29428 23.839272 -999.0 -999.0 -999.0 -999.0 -999.0 309.6887178309837 -21.113401817583675 309.72528125128997 -21.02306584930059 48.565143876315084 89.51437160405487 -999.0 6231.0 -999.0 -1 -999 {-999.0 -999.0 -999.0 -999.0 -999.0} "" -999.0 -999.0 -999.0 -999.0 -999 -999 "" "" "" "" 0 0 0.0 0.0 -999 ""
FIBERMAP 656 R+4C4 APOGEE 0 0 0 1 0 0 -172.09926138941637 57.028610433348476 143.1 -43.75231112427777 -175.9417218027935 0.11995881 26.660639 -999.0 -999.0 -999.0 -999.0 -999.0 309.788141851104 -21.583774814708228 309.825822748973 -21.49305419181978 48.63971698077596 90.23025879156432 -999.0 16600.0 -999.0 2 -999 {-999.0 -999.0 -999.0 -999.0 -999.0} "" -999.0 -999.0 -999.0 -999.0 -999 -999 "" "" "" "" 0 0 0.0 0.0 -999 ""
FIBERMAP 656 R+4C4 BOSS 1 1 0 1 0 0 -172.7587595376142 56.7076914619791 143.1 -43.382089272350406 -176.5748503110367 0.11995881 26.660639 309.78973388671875 -21.586136936886163 -999.0 -999.0 -999.0 309.7895190870228 -21.585687482093547 309.82701240764254 -21.4950280740528 48.639350971057816 90.23363847940954 5400.0 5400.0 2015.5 1 37 {-999.0 -999.0 -999.0 -999.0 -999.0} "" -999.0 -999.0 -999.0 -999.0 27021603186173662 815794223 "" ops_sky_boss_good ops_sky sky_boss 0 0 0.0 0.0 -999 ""
FIBERMAP 656 R+4C4 METROLOGY 0 0 0 1 0 0 -172.7280832922061 57.43367984884168 143.1 -44.10829763187359 -176.59956716562502 0.11995881 26.660639 -999.0 -999.0 -999.0 -999.0 -999.0 309.7870910326192 -21.585794690801805 309.82464118641303 -21.49512161112552 48.64145650274658 90.23263093409537 -999.0 6231.0 -999.0 -1 -999 {-999.0 -999.0 -999.0 -999.0 -999.0} "" -999.0 -999.0 -999.0 -999.0 -999 -999 "" "" "" "" 0 0 0.0 0.0 -999 ""
FIBERMAP 657 R-1C7 APOGEE 0 0 0 1 0 0 -142.1093163599379 2.527119298633888 143.1 8.305717804231849 -141.887459322113 161.43454 11.668421 -999.0 -999.0 -999.0 -999.0 -999.0 309.9581182834241 -21.481238666868546 309.9953818835968 -21.390226797179043 48.45621822884927 90.16599038973192 -999.0 16600.0 -999.0 2 280 {-999.0 -999.0 -999.0 -999.0 -999.0} "" -999.0 -999.0 -999.0 -999.0 -999 -999 "" "" "" "" 0 0 0.0 0.0 -999 ""
FIBERMAP 657 R-1C7 BOSS 1 1 0 1 0 0 -141.35619998318117 2.4332160907329587 143.1 8.341977023304073 -141.12938562962515 161.43454 11.668421 309.95844282063035 -21.47892905243167 -6.6100006 -6.134305 0.80852675 309.95843759430016 -21.478944967314792 309.9955040730663 -21.38799842433799 48.455346010770285 90.16289367503248 5400.0 5400.0 2016.0 1 460 {-999.0 15.065433 14.690896 14.543328 -999.0} sdss_psfmag_from_g3xp 14.997728 14.695625 14.214436 13.32 63050396543862974 978058495 "" ops_std_boss ops_std standard_boss 0 0 0.0 0.0 -999 ""
FIBERMAP 657 R-1C7 METROLOGY 0 0 0 1 0 0 -141.81106457029242 1.8357257625176722 143.1 8.972375418137675 -141.53740886187848 161.43454 11.668421 -999.0 -999.0 -999.0 -999.0 -999.0 309.9604372835626 -21.480217294446224 309.99755883042474 -21.389248071752814 48.4539783841409 90.16565413048988 -999.0 6231.0 -999.0 -1 -999 {-999.0 -999.0 -999.0 -999.0 -999.0} "" -999.0 -999.0 -999.0 -999.0 -999 -999 "" "" "" "" 0 0 0.0 0.0 -999 ""
FIBERMAP 658 R-3C12 APOGEE 1 1 0 1 0 0 -23.724609577548613 -57.095180955817156 143.1 58.73597231286342 -19.306090385108988 171.49838 121.78433 310.1231413464275 -21.10957317454432 -7.5074697 -9.8332615 0.6573779 310.12311627363124 -21.10960863338867 310.1593512754873 -21.018400768079957 48.18393295344516 89.72118982794467 16000.0 16600.0 2016.0 2 177 {-999.0 12.518481 11.510757 11.143662 -999.0} sdss_psfmag_from_g3xp 12.180862 11.545701 10.78374 9.174 63050396543873203 1107254032 bright_1x1 mwm_tess_rgb_apogee mwm_tessrgb science 0 0 0.0 0.0 -999 ""
FIBERMAP 658 R-3C12 BOSS 0 0 0 1 0 0 -23.984094638604226 -56.412980466162026 143.1 58.075527805112685 -19.616786854491693 171.49838 121.78433 -999.0 -999.0 -999.0 -999.0 -999.0 310.12119705779475 -21.110496152083297 310.1572437682621 -21.019358690518683 48.186111039517186 89.72150351545929 -999.0 5400.0 -999.0 1 421 {-999.0 -999.0 -999.0 -999.0 -999.0} "" -999.0 -999.0 -999.0 -999.0 -999 -999 "" "" "" "" 0 0 0.0 0.0 -999 ""
FIBERMAP 658 R-3C12 METROLOGY 0 0 0 1 0 0 -23.239370035904805 -56.52174684736012 143.1 58.12724611969858 -18.865948234445575 171.49838 121.78433 -999.0 -999.0 -999.0 -999.0 -999.0 310.1213188466976 -21.10823628251132 310.15741476095593 -21.017080308483436 48.18516440190618 89.71838593339658 -999.0 6231.0 -999.0 -1 -999 {-999.0 -999.0 -999.0 -999.0 -999.0} "" -999.0 -999.0 -999.0 -999.0 -999 -999 "" "" "" "" 0 0 0.0 0.0 -999 ""
FIBERMAP 659 R+7C14 APOGEE 0 0 0 1 0 0 98.68964720251984 135.31167079655998 143.1 -142.4350121646911 88.0942418296832 51.055214 51.68593 -999.0 -999.0 -999.0 -999.0 -999.0 309.4705995171666 -20.782081105251123 309.5067616374615 -20.692218909345627 48.63951715455642 88.93729458695856 -999.0 16600.0 -999.0 2 94 {-999.0 -999.0 -999.0 -999.0 -999.0} "" -999.0 -999.0 -999.0 -999.0 -999 -999 "" "" "" "" 0 0 0.0 0.0 -999 ""
FIBERMAP 659 R+7C14 BOSS 1 1 0 1 0 0 98.8550830796431 134.57977680438435 143.1 -141.7178546624789 88.31494885026957 51.055214 51.68593 309.472998351413 -20.781267511324796 14.358818 -17.1255 0.16935888 309.47305498372276 -20.781318501742202 309.50902434828447 -20.691518936794644 48.637289850482496 88.93744378771424 5400.0 5400.0 2016.0 1 167 {-999.0 13.937609 14.123465 14.275948 -999.0} sdss_psfmag_from_g3xp 14.059352 14.016035 13.943241 13.738 63050396543881369 1061099215 bright_1x1 manual_mwm_halo_distant_bhb_boss_single mwm_halo science 0 0 0.0 0.0 -999 ""
FIBERMAP 659 R+7C14 METROLOGY 0 0 0 1 0 0 98.13823078284999 134.79587076111372 143.1 -141.87871083448078 87.5837253673674 51.055214 51.68593 -999.0 -999.0 -999.0 -999.0 -999.0 309.4724468882554 -20.783540525023373 309.5084754104297 -20.693722403955753 48.638553419003784 88.94028391281387 -999.0 6231.0 -999.0 -1 -999 {-999.0 -999.0 -999.0 -999.0 -999.0} "" -999.0 -999.0 -999.0 -999.0 -999 -999 "" "" "" "" 0 0 0.0 0.0 -999 ""
FIBERMAP 662 R+12C15 APOGEE 1 1 0 1 0 0 171.7220638843936 242.32730456618592 143.1 -254.70200139403946 152.76157368888516 64.89933 79.77427 309.11037906152944 -20.585547066981157 13.381384 -14.928969 2.8969135 309.11086186977855 -20.585589983409946 309.14693833271656 -20.496480583105626 48.88413624732853 88.47733917159883 16000.0 16600.0 2016.0 2 109 {-999.0 7.80113 6.7586985 6.3489585 -999.0} sdss_psfmag_from_g3xp 7.448367 6.778842 5.9889402 4.319 63050396543892557 1107207516 bright_1x1 mwm_tess_rgb_apogee mwm_tessrgb science 0 0 1.4999147653579712 0.0 -999 ""
FIBERMAP 662 R+12C15 BOSS 0 0 0 1 0 0 172.3501411299611 241.9165055849621 143.1 -254.34024530131893 153.41911302719674 64.89933 79.77427 -999.0 -999.0 -999.0 -999.0 -999.0 309.1122752162554 -20.583569163704954 309.14815923646495 -20.494524866593682 48.88236641803058 88.47518837464014 -999.0 5400.0 -999.0 1 187 {-999.0 -999.0 -999.0 -999.0 -999.0} "" -999.0 -999.0 -999.0 -999.0 -999 -999 "" "" "" "" 0 0 0.0 0.0 -999 ""
FIBERMAP 662 R+12C15 METROLOGY 0 0 0 1 0 0 171.6668889197115 241.5765496912078 143.1 -253.94923252092343 152.76374989611335 64.89933 79.77427 -999.0 -999.0 -999.0 -999.0 -999.0 309.11339131614375 -20.585532078603293 309.1493315400404 -20.496465968463728 48.882038913205484 88.47854294904101 -999.0 6231.0 -999.0 -1 -999 {-999.0 -999.0 -999.0 -999.0 -999.0} "" -999.0 -999.0 -999.0 -999.0 -999 -999 "" "" "" "" 0 0 0.0 0.0 -999 ""
FIBERMAP 666 R-7C1 APOGEE 1 1 0 1 0 0 -218.3365335822892 -153.24076996102133 143.1 169.42618008402218 -206.02647325561597 289.98157 73.73551 310.4820910830976 -21.674006966855742 4.16577 -15.315351 4.7262263 310.48211039251186 -21.674055634789212 310.5192560380648 -21.581992349256353 48.06366169297848 90.6869711842757 16000.0 16600.0 2016.0 2 275 {-999.0 14.361477 13.149851 12.692967 -999.0} sdss_psfmag_from_g3xp 13.904121 13.1690235 12.334401 10.688 63050396543788292 1076262978 bright_1x1 mwm_snc_ext_main_apogee mwm_snc science 0 0 0.0 0.0 -999 ""
FIBERMAP 666 R-7C1 BOSS 0 0 0 1 0 0 -219.08405655013613 -153.29785856882467 143.1 169.5400463259438 -206.76746773751424 289.98157 73.73551 -999.0 -999.0 -999.0 -999.0 -999.0 310.48266625339585 -21.676216469161172 310.5196216033479 -21.584216935597848 48.064098831614515 90.69027439878204 -999.0 5400.0 -999.0 1 447 {-999.0 -999.0 -999.0 -999.0 -999.0} "" -999.0 -999.0 -999.0 -999.0 -999 -999 "" "" "" "" 0 0 0.0 0.0 -999 ""
FIBERMAP 666 R-7C1 METROLOGY 0 0 0 1 0 0 -218.75114986589463 -152.6218950741543 143.1 168.84069397171555 -206.48702465485366 289.98157 73.73551 -999.0 -999.0 -999.0 -999.0 -999.0 310.48037950672114 -21.67544220240601 310.517390723389 -21.583428659520465 48.06578140158622 90.6881092275529 -999.0 6231.0 -999.0 -1 -999 {-999.0 -999.0 -999.0 -999.0 -999.0} "" -999.0 -999.0 -999.0 -999.0 -999 -999 "" "" "" "" 0 0 0.0 0.0 -999 ""
FIBERMAP 670 R+9C6 APOGEE 0 0 0 1 0 0 -87.8392615269293 180.87687724978642 143.1 -173.65813659490686 -101.3618047278749 130.92297 132.47424 -999.0 -999.0 -999.0 -999.0 -999.0 309.3662323013238 -21.35586242007985 309.40382941317114 -21.266020118140165 48.93072732809376 89.70172653642692 -999.0 16600.0 -999.0 2 149 {-999.0 -999.0 -999.0 -999.0 -999.0} "" -999.0 -999.0 -999.0 -999.0 -999 -999 "" "" "" "" 0 0 0.0 0.0 -999 ""
FIBERMAP 670 R+9C6 BOSS 1 1 0 1 0 0 -87.73290701013414 181.5955608904958 143.1 -174.3828264550689 -101.31050752146484 130.92297 132.47424 309.364013671875 -21.35565610118212 -999.0 -999.0 -999.0 309.36402089634964 -21.355653215242594 309.40143183863836 -21.265879753970275 48.9327754266606 89.70035054010009 5400.0 5400.0 2015.5 1 153 {-999.0 -999.0 -999.0 -999.0 -999.0} "" -999.0 -999.0 -999.0 -999.0 27021603186174656 815794364 "" ops_sky_boss_good ops_sky sky_boss 0 0 0.0 0.0 -999 ""
FIBERMAP 670 R+9C6 METROLOGY 0 0 0 1 0 0 -87.15948342965783 181.16984575837046 143.1 -174.00203434932573 -100.70632621949221 130.92297 132.47424 -999.0 -999.0 -999.0 -999.0 -999.0 309.3651824854775 -21.353865857696526 309.4026413366372 -21.264072446129088 48.93109305403277 89.6983621098671 -999.0 6231.0 -999.0 -1 -999 {-999.0 -999.0 -999.0 -999.0 -999.0} "" -999.0 -999.0 -999.0 -999.0 -999 -999 "" "" "" "" 0 0 0.0 0.0 -999 ""
FIBERMAP 679 R+6C12 APOGEE 0 0 0 1 0 0 13.77152256957484 127.79351193155762 143.1 -128.4699627053537 3.99643453067436 135.67693 108.11875 -999.0 -999.0 -999.0 -999.0 -999.0 309.5143198792712 -21.03729196367983 309.55102533731815 -20.947265779570465 48.69095115916864 89.32068057658387 -999.0 16600.0 -999.0 2 -999 {-999.0 -999.0 -999.0 -999.0 -999.0} "" -999.0 -999.0 -999.0 -999.0 -999 -999 "" "" "" "" 0 0 0.0 0.0 -999 ""
FIBERMAP 679 R+6C12 BOSS 1 1 0 1 0 0 14.11741684334123 128.47746329584407 143.1 -129.17826899424296 4.289218841013439 135.67693 108.11875 309.5121308515478 -21.03625919017604 2.9860616 -21.102896 0.53090286 309.512146537685 -21.03632545417933 309.5486632579932 -20.94636985973281 48.69270196826702 89.31823614803426 5400.0 5400.0 2016.0 1 122 {-999.0 16.081072 15.584249 15.501271 -999.0} sdss_psfmag_ps1 15.928013 15.60754 15.116844 14.202 63050396543870442 1073397290 bright_1x1 mwm_halo_local_high_boss_single mwm_halo science 0 0 0.0 0.0 -999 ""
FIBERMAP 679 R+6C12 METROLOGY 0 0 0 1 0 0 14.5172438881374 127.85180371346051 143.1 -128.5848913688056 4.735540962324337 135.67693 108.11875 -999.0 -999.0 -999.0 -999.0 -999.0 309.5140111858026 -21.03499722669829 309.55057639043446 -20.945019748036774 48.69055489640824 89.31727180787635 -999.0 6231.0 -999.0 -1 -999 {-999.0 -999.0 -999.0 -999.0 -999.0} "" -999.0 -999.0 -999.0 -999.0 -999 -999 "" "" "" "" 0 0 0.0 0.0 -999 ""
FIBERMAP 680 R-6C10 APOGEE 0 0 0 1 0 0 -8.27706869145266 -122.09423630474416 143.1 122.36875386739354 1.0478444923096462 353.86185 101.02973 -999.0 -999.0 -999.0 -999.0 -999.0 310.32999727894554 -21.047836460572466 310.36587272428005 -20.956257138595863 47.981561650683304 89.73519314994547 -999.0 16600.0 -999.0 2 -999 {-999.0 -999.0 -999.0 -999.0 -999.0} "" -999.0 -999.0 -999.0 -999.0 -999 -999 "" "" "" "" 0 0 0.0 0.0 -999 ""
FIBERMAP 680 R-6C10 BOSS 1 1 0 1 0 0 -8.22112012428581 -122.83141386055733 143.1 123.09951994757478 1.159785934782959 353.86185 101.02973 310.33266499521443 -21.047357702469277 -15.000283 -21.844692 0.5108639 310.33263062424516 -21.047427727399345 310.36830877269836 -20.955911309964762 47.97931003688457 89.73590188972992 5400.0 5400.0 2016.0 1 411 {-999.0 16.820791 16.269896 16.120337 -999.0} sdss_psfmag_ps1 16.663511 16.306286 15.777443 14.656 63050396543873680 1072837574 bright_1x1 mwm_halo_local_high_boss_single mwm_halo science 0 0 0.0 0.0 -999 ""
FIBERMAP 680 R-6C10 METROLOGY 0 0 0 1 0 0 -8.891870792244234 -122.52028394721899 143.1 122.84039304086043 0.46729009775161284 353.86185 101.02973 -999.0 -999.0 -999.0 -999.0 -999.0 310.3317488001878 -21.049549047364547 310.36748758494195 -20.958014418054965 47.98076608550285 89.73844198698771 -999.0 6231.0 -999.0 -1 -999 {-999.0 -999.0 -999.0 -999.0 -999.0} "" -999.0 -999.0 -999.0 -999.0 -999 -999 "" "" "" "" 0 0 0.0 0.0 -999 ""
FIBERMAP 682 R-8C1 APOGEE 0 0 0 1 0 0 -216.9663556719866 -166.4439177011176 143.1 182.48645367901145 -203.6545136976478 258.9071 67.108345 -999.0 -999.0 -999.0 -999.0 -999.0 310.52448467191505 -21.666687248479388 310.5615676341607 -21.574546557783393 48.02412986128272 90.69652527214959 -999.0 16600.0 -999.0 2 257 {-999.0 -999.0 -999.0 -999.0 -999.0} "" -999.0 -999.0 -999.0 -999.0 -999 -999 "" "" "" "" 0 0 0.0 0.0 -999 ""
FIBERMAP 682 R-8C1 BOSS 1 1 0 1 0 0 -217.57245245759492 -166.02474632524934 143.1 182.11467519746913 -204.29077445144202 258.9071 67.108345 310.5234781451469 -21.668514839640785 -1.5906577 -4.6888647 0.08084612 310.5234610749905 -21.668535207920957 310.56035448847774 -21.57646145416069 48.02584237155511 90.69864342257705 5400.0 5400.0 2016.0 1 527 {-999.0 15.853472 15.319786 15.025513 -999.0} sdss_psfmag_ps1 15.648239 15.239113 14.642585 13.432 63050396543788302 1061875496 bright_1x1 manual_mwm_halo_mp_wise_boss_single mwm_halo science 0 0 0.0 0.0 -999 ""
FIBERMAP 682 R-8C1 METROLOGY 0 0 0 1 0 0 -216.91502518212383 -165.694847503041 143.1 181.73565743132806 -203.66039483617314 258.9071 67.108345 -999.0 -999.0 -999.0 -999.0 -999.0 310.52222135053165 -21.66670376767102 310.55916714265084 -21.574614336666855 48.02625196790645 90.69548454370687 -999.0 6231.0 -999.0 -1 -999 {-999.0 -999.0 -999.0 -999.0 -999.0} "" -999.0 -999.0 -999.0 -999.0 -999 -999 "" "" "" "" 0 0 0.0 0.0 -999 ""
FIBERMAP 684 R-12C13 APOGEE 0 0 0 1 0 0 103.80145172097626 -246.01888501971595 143.1 237.3942492805957 122.23977798095085 256.19876 98.739914 -999.0 -999.0 -999.0 -999.0 -999.0 310.70048006254757 -20.680720870510306 310.7351305450545 -20.588561560889143 47.52850828316456 89.40545301650099 -999.0 16600.0 -999.0 2 -999 {-999.0 -999.0 -999.0 -999.0 -999.0} "" -999.0 -999.0 -999.0 -999.0 -999 -999 "" "" "" "" 0 0 0.0 0.0 -999 ""
FIBERMAP 684 R-12C13 BOSS 1 1 0 1 0 0 103.0644611361564 -245.9567820123926 143.1 237.38846912310754 121.50020550591782 256.19876 98.739914 310.7006882294898 -20.68287639875918 -7.7940407 -4.9864945 0.37282327 310.7006702009782 -20.68288506123261 310.73512968113903 -20.590794717792452 47.529306268150435 89.40854196754361 5400.0 5400.0 2016.0 1 429 {-999.0 18.467728 18.016191 17.913044 -999.0} sdss_psfmag_ps1 18.289883 18.02002 17.575546 -999.0 63050396543877149 977478084 "" ops_std_boss ops_std standard_boss 0 0 0.0 0.0 -999 ""
FIBERMAP 684 R-12C13 METROLOGY 0 0 0 1 0 0 103.49329310791465 -245.33731588456382 143.1 236.73814209402624 121.8805979777197 256.19876 98.739914 -999.0 -999.0 -999.0 -999.0 -999.0 310.69856629981683 -20.68173166817346 310.733080854297 -20.589625791176786 47.53068054686176 89.40591077974148 -999.0 6231.0 -999.0 -1 -999 {-999.0 -999.0 -999.0 -999.0 -999.0} "" -999.0 -999.0 -999.0 -999.0 -999 -999 "" "" "" "" 0 0 0.0 0.0 -999 ""
FIBERMAP 686 R+8C2 APOGEE 0 0 0 1 0 0 -165.8736213933118 137.88095604316993 143.1 -124.84315654030013 -175.89332782667148 21.011768 22.538382 -999.0 -999.0 -999.0 -999.0 -999.0 309.5240750956619 -21.582270232427913 309.5620320577941 -21.492054476362608 48.87005530555074 90.1016429161649 -999.0 16600.0 -999.0 2 -999 {-999.0 -999.0 -999.0 -999.0 -999.0} "" -999.0 -999.0 -999.0 -999.0 -999 -999 "" "" "" "" 0 0 0.0 0.0 -999 ""
FIBERMAP 686 R+8C2 BOSS 1 1 0 1 0 0 -166.45270765566025 137.35455483529213 143.1 -124.27417714181036 -176.43062588527783 21.011768 22.538382 309.52605380710105 -21.583856518346366 14.834336 -8.030654 0.53192216 309.52608197234315 -21.583878521759466 309.56385154402756 -21.493722342134173 48.869033979567476 90.10490524330004 5400.0 5400.0 2016.0 1 71 {-999.0 15.606515 15.248089 15.056362 -999.0} sdss_psfmag_ps1 15.525946 15.192406 14.68448 13.742 63050396543860452 1072955290 bright_1x1 mwm_halo_local_high_boss_single mwm_halo science 0 0 0.0 0.0 -999 ""
FIBERMAP 686 R+8C2 METROLOGY 0 0 0 1 0 0 -166.59394110089085 138.08254407770897 143.1 -124.98928494968058 -176.62690359164813 21.011768 22.538382 -999.0 -999.0 -999.0 -999.0 -999.0 309.5236812101995 -21.584499559827606 309.56150833076276 -21.49432966223555 48.87129054322062 90.10464071306433 -999.0 6231.0 -999.0 -1 -999 {-999.0 -999.0 -999.0 -999.0 -999.0} "" -999.0 -999.0 -999.0 -999.0 -999 -999 "" "" "" "" 0 0 0.0 0.0 -999 ""
FIBERMAP 696 R+9C5 APOGEE 1 1 0 1 0 0 -81.80854072185835 170.22640577008164 143.1 -163.49812251790908 -94.53734693724726 33.592533 60.22712 309.399306848376 -21.335405763322143 -20.19487 -9.69892 13.007977 309.39926511090147 -21.33543227780543 309.43678030051876 -21.245532990144707 48.89482799500077 89.68863552753902 16000.0 16600.0 2016.0 2 45 {-999.0 8.405166 8.16408 8.101316 -999.0} sdss_psfmag_from_g3xp 8.38764 8.1634 7.780508 7.209 63050396543869187 984791606 bright_1x1 mwm_snc_100pc_apogee mwm_snc science 0 0 0.0 0.0 -999 ""
FIBERMAP 696 R+9C5 BOSS 0 0 0 1 0 0 -81.71269548243505 169.47956305987972 143.1 -162.76075867600295 -94.38488889118155 33.592533 60.22712 -999.0 -999.0 -999.0 -999.0 -999.0 309.4017917482089 -21.334952185638702 309.4391149772472 -21.245112890890873 48.892641034423335 89.68918116465721 -999.0 5400.0 -999.0 1 80 {-999.0 -999.0 -999.0 -999.0 -999.0} "" -999.0 -999.0 -999.0 -999.0 -999 -999 "" "" "" "" 0 0 0.0 0.0 -999 ""
FIBERMAP 696 R+9C5 METROLOGY 0 0 0 1 0 0 -82.40791529277493 169.7821257663048 143.1 -163.00947936917981 -95.10112989837259 33.592533 60.22712 -999.0 -999.0 -999.0 -999.0 -999.0 309.40089956750506 -21.337146354007608 309.4382821575455 -21.24728974332627 48.894122456496774 89.69187920743127 -999.0 6231.0 -999.0 -1 -999 {-999.0 -999.0 -999.0 -999.0 -999.0} "" -999.0 -999.0 -999.0 -999.0 -999 -999 "" "" "" "" 0 0 0.0 0.0 -999 ""
FIBERMAP 697 R-7C20 APOGEE 0 0 0 1 0 0 204.8744936892224 -139.4121313055497 143.1 123.39889577574489 214.8971209190383 158.45319 153.64343 -999.0 -999.0 -999.0 -999.0 -999.0 310.33201683839155 -20.40063395949819 310.36641784569747 -20.309255858682384 47.75052147343697 88.83434434147767 -999.0 16600.0 -999.0 2 194 {-999.0 -999.0 -999.0 -999.0 -999.0} "" -999.0 -999.0 -999.0 -999.0 -999 -999 "" "" "" "" 0 0 0.0 0.0 -999 ""
FIBERMAP 697 R-7C20 BOSS 1 1 0 1 0 0 204.38593163614806 -138.89257002882908 143.1 122.91806666329833 214.37040478089165 158.45319 153.64343 310.33067242431673 -20.402078269728406 -3.6191885 -16.297037 0.24089442 310.3306773559311 -20.4021275941881 310.364889697282 -20.310821940337892 47.752424112733074 88.83574469407745 5400.0 5400.0 2016.0 1 267 {-999.0 16.813108 16.615664 16.44839 -999.0} sdss_psfmag_ps1 16.734394 16.494282 16.092222 15.29 63050396543883789 944298581 bright_1x1 openfibertargets_nov2020_6c open_fiber science 0 0 0.0 0.0 -999 ""
FIBERMAP 697 R-7C20 METROLOGY 0 0 0 1 0 0 205.08309321813007 -138.69885143419853 143.1 122.671805205128 215.05077665246998 158.45319 153.64343 -999.0 -999.0 -999.0 -999.0 -999.0 310.3298434554419 -20.40006060306277 310.3641067967118 -20.308737232813918 47.75235439478499 88.83245894775916 -999.0 6231.0 -999.0 -1 -999 {-999.0 -999.0 -999.0 -999.0 -999.0} "" -999.0 -999.0 -999.0 -999.0 -999 -999 "" "" "" "" 0 0 0.0 0.0 -999 ""
FIBERMAP 700 R+2C2 APOGEE 0 0 0 1 0 0 -237.31532028469823 31.60675430554788 143.1 -13.436613647185048 -239.03106025081885 310.55713 128.02582 -999.0 -999.0 -999.0 -999.0 -999.0 309.8865531421818 -21.774233387182 309.9245699389927 -21.683265719561753 48.61803398066054 90.5481398356967 -999.0 16600.0 -999.0 2 -999 {-999.0 -999.0 -999.0 -999.0 -999.0} "" -999.0 -999.0 -999.0 -999.0 -999 -999 "" "" "" "" 0 0 0.0 0.0 -999 ""
FIBERMAP 700 R+2C2 BOSS 1 1 0 1 0 0 -237.4761992244124 30.87215000606971 143.1 -12.691896040387018 -239.13551010779705 310.55713 128.02582 309.88915117530036 -21.774398435399988 11.234395 -41.65257 0.9145272 309.8891701232955 -21.77451795514723 309.9269935922972 -21.68360908964409 48.616030798331046 90.54978116294694 5400.0 5400.0 2016.0 1 10 {-999.0 14.92777 14.635895 14.531392 -999.0} sdss_psfmag_from_g3xp 14.886201 14.627448 14.202626 13.503 63050396543784546 1072479951 bright_1x1 mwm_halo_local_high_boss_single mwm_halo science 0 0 0.0 0.0 -999 ""
FIBERMAP 700 R+2C2 METROLOGY 0 0 0 1 0 0 -238.01973325208937 31.35515822416481 143.1 -13.132091073588054 -239.71425342786256 310.55713 128.02582 -999.0 -999.0 -999.0 -999.0 -999.0 309.88767444468357 -21.776312146948833 309.9255578542409 -21.685387457900525 48.61788788936679 90.55162989669498 -999.0 6231.0 -999.0 -1 -999 {-999.0 -999.0 -999.0 -999.0 -999.0} "" -999.0 -999.0 -999.0 -999.0 -999 -999 "" "" "" "" 0 0 0.0 0.0 -999 ""
FIBERMAP 701 R+2C8 APOGEE 0 0 0 1 0 0 -116.8282471318259 48.68814964675305 143.1 -39.64655244674205 -120.196516310838 98.86109 133.65523 -999.0 -999.0 -999.0 -999.0 -999.0 309.8019384667565 -21.41517756447046 309.8392151058805 -21.324483528718535 48.57016693231198 89.99727546236932 -999.0 16600.0 -999.0 2 -999 {-999.0 -999.0 -999.0 -999.0 -999.0} "" -999.0 -999.0 -999.0 -999.0 -999 -999 "" "" "" "" 0 0 0.0 0.0 -999 ""
FIBERMAP 701 R+2C8 BOSS 1 1 0 1 0 0 -116.34430686474143 49.29310604538441 143.1 -40.28661004177801 -119.76007092134897 98.86109 133.65523 309.80000306672065 -21.413820277052892 6.6174417 -6.380624 0.19229878 309.80002467366063 -21.413843935593086 309.8371097085626 -21.32321912384231 48.57157236241037 89.9944602563653 5400.0 5400.0 2016.0 1 45 {-999.0 14.727357 14.466941 14.358584 -999.0} sdss_psfmag_from_g3xp 14.653081 14.396709 13.9863205 13.356 63050396543863377 1070845540 bright_1x1 mwm_halo_distant_rrl_boss_single mwm_halo science 0 0 0.0 0.0 -999 ""
FIBERMAP 701 R+2C8 METROLOGY 0 0 0 1 0 0 -116.08631598850963 48.59308969002317 143.1 -39.60828779363004 -119.44950711992306 98.86109 133.65523 -999.0 -999.0 -999.0 -999.0 -999.0 309.8021797712163 -21.41294093326078 309.8393144349176 -21.322293839808072 48.569325497607736 89.99421719202451 -999.0 6231.0 -999.0 -1 -999 {-999.0 -999.0 -999.0 -999.0 -999.0} "" -999.0 -999.0 -999.0 -999.0 -999 -999 "" "" "" "" 0 0 0.0 0.0 -999 ""
FIBERMAP 702 R-4C16 APOGEE 0 0 0 1 0 0 80.83552421779672 -94.51883731520394 143.1 88.08542541508965 87.79998836283752 286.40668 65.86761 -999.0 -999.0 -999.0 -999.0 -999.0 310.2185944119528 -20.784581253777585 310.2539863939362 -20.693295460316794 47.98654067432555 89.3124620040852 -999.0 16600.0 -999.0 2 -999 {-999.0 -999.0 -999.0 -999.0 -999.0} "" -999.0 -999.0 -999.0 -999.0 -999 -999 "" "" "" "" 0 0 0.0 0.0 -999 ""
FIBERMAP 702 R-4C16 BOSS 1 1 0 1 0 0 80.10462238615575 -94.42311559358438 143.1 88.04566074625191 87.06392591278669 286.40668 65.86761 310.21870777360147 -20.786690578536703 -0.8701862 -8.300915 0.21887986 310.2187077926821 -20.78670039985045 310.2539116404116 -20.695482300875753 47.98738314160193 89.3154789783407 5400.0 5400.0 2016.0 1 318 {-999.0 16.234411 15.761584 15.5467615 -999.0} sdss_psfmag_ps1 16.064667 15.717504 15.179317 14.072 63050396543877785 1165611166 bright_1x1 openfibertargets_mwm_halo_empxp_boss open_fiber science 0 0 0.0 0.0 -999 ""
FIBERMAP 702 R-4C16 METROLOGY 0 0 0 1 0 0 80.55395738294563 -93.82585944087602 143.1 87.4159170719884 87.4664535168213 286.40668 65.86761 -999.0 -999.0 -999.0 -999.0 -999.0 310.2166191499934 -20.785487781626653 310.2518770769325 -20.694254578592794 47.98872594282153 89.31275380557418 -999.0 6231.0 -999.0 -1 -999 {-999.0 -999.0 -999.0 -999.0 -999.0} "" -999.0 -999.0 -999.0 -999.0 -999 -999 "" "" "" "" 0 0 0.0 0.0 -999 ""
FIBERMAP 703 R0C3 APOGEE 1 1 0 1 0 0 -230.31428444576846 -10.659241963433264 143.1 28.172824226461657 -228.83073928580913 10.923433 62.79446 310.02231009250534 -21.74375460925429 -0.5555126 -5.74082 1.5560857 310.02227892798953 -21.743763548533288 310.0600798868617 -21.652547499360647 48.48913699269982 90.56889482036962 16000.0 16600.0 2016.0 2 252 {-999.0 11.764357 11.413371 11.308806 -999.0} sdss_psfmag_from_g3xp 11.712213 11.427415 10.981394 10.25 63050396543784653 1109236175 bright_1x1 mwm_tess_rgb_apogee mwm_tessrgb science 0 0 0.0 0.0 -999 ""
FIBERMAP 703 R0C3 BOSS 0 0 0 1 0 0 -230.60931404504657 -11.349177249157707 143.1 28.883222267894215 -229.07235139653665 10.923433 62.79446 -999.0 -999.0 -999.0 -999.0 -999.0 310.0247899897997 -21.744463400877756 310.0623979026117 -21.653306631987657 48.487367278165436 90.5710740135238 -999.0 5400.0 -999.0 1 521 {-999.0 -999.0 -999.0 -999.0 -999.0} "" -999.0 -999.0 -999.0 -999.0 -999 -999 "" "" "" "" 0 0 0.0 0.0 -999 ""
FIBERMAP 703 R0C3 METROLOGY 0 0 0 1 0 0 -231.0544349258514 -10.742023552388822 143.1 28.311746918997382 -229.56242556130337 10.923433 62.79446 -999.0 -999.0 -999.0 -999.0 -999.0 310.0228735285936 -21.745991763426545 310.0605414369628 -21.65481993351789 48.489503444031975 90.57234003824976 -999.0 6231.0 -999.0 -1 -999 {-999.0 -999.0 -999.0 -999.0 -999.0} "" -999.0 -999.0 -999.0 -999.0 -999 -999 "" "" "" "" 0 0 0.0 0.0 -999 ""
FIBERMAP 708 R+12C13 APOGEE 0 0 0 1 0 0 123.85148067436918 232.87072139460474 143.1 -241.62635213773115 105.75094720593121 350.12817 126.69011 -999.0 -999.0 -999.0 -999.0 -999.0 309.1511557858705 -20.72755546862391 309.18751936061244 -20.638323801767076 48.89943412073385 88.6994660709936 -999.0 16600.0 -999.0 2 -999 {-999.0 -999.0 -999.0 -999.0 -999.0} "" -999.0 -999.0 -999.0 -999.0 -999 -999 "" "" "" "" 0 0 0.0 0.0 -999 ""
FIBERMAP 708 R+12C13 BOSS 1 1 0 1 0 0 124.20445264891706 232.20732801446837 143.1 -240.99178145857394 106.15342532744926 350.12817 126.69011 309.15342857919285 -20.726229327730454 -3.2616153 -15.425128 1.4552305 309.1533920485268 -20.726279719318722 309.18956378299583 -20.637110833878854 48.897214070008424 88.69878053340756 5400.0 5400.0 2016.0 1 105 {-999.0 19.548866 18.158836 17.099371 -999.0} sdss_psfmag_ps1 18.883303 17.727392 16.66487 14.606 63050396543891009 1096259948 bright_1x1 mwm_bin_vis_boss mwm_filler science 0 0 0.0 0.0 -999 ""
FIBERMAP 708 R+12C13 METROLOGY 0 0 0 1 0 0 123.45139155709771 232.23871908840877 143.1 -240.9657150294107 105.40016874864062 350.12817 126.69011 -999.0 -999.0 -999.0 -999.0 -999.0 309.1533504964755 -20.728554331697474 309.18958041568783 -20.639365906179645 48.898003947298534 88.70199356828994 -999.0 6231.0 -999.0 -1 -999 {-999.0 -999.0 -999.0 -999.0 -999.0} "" -999.0 -999.0 -999.0 -999.0 -999 -999 "" "" "" "" 0 0 0.0 0.0 -999 ""
FIBERMAP 711 R-8C15 APOGEE 1 1 0 1 0 0 97.95442778963321 -149.58437230681432 143.1 141.68633151508294 109.06370625409409 173.42903 100.05915 310.39210977358744 -20.72033528500728 1.028432 2.3050096 0.5896177 310.39210540566813 -20.72032671929239 310.4271695432848 -20.628733963750914 47.81212854856486 89.30848912920692 16000.0 16600.0 2016.0 2 201 {-999.0 12.011649 11.199416 10.87439 -999.0} sdss_psfmag_from_g3xp 11.772442 11.223823 10.521138 9.135 63050396543877920 1105464768 bright_1x1 mwm_tess_rgb_apogee mwm_tessrgb science 0 0 0.0 0.0 -999 ""
FIBERMAP 711 R-8C15 BOSS 0 0 0 1 0 0 97.8552217480478 -148.8498606618929 143.1 140.96151879925446 108.90883654954268 173.42903 100.05915 -999.0 -999.0 -999.0 -999.0 -999.0 310.3900098781537 -20.720686052911546 310.4248831773192 -20.62916633501448 47.814281897388334 89.30795504383838 -999.0 5400.0 -999.0 1 284 {-999.0 -999.0 -999.0 -999.0 -999.0} "" -999.0 -999.0 -999.0 -999.0 -999 -999 "" "" "" "" 0 0 0.0 0.0 -999 ""
FIBERMAP 711 R-8C15 METROLOGY 0 0 0 1 0 0 98.55949684271803 -149.14285119597074 143.1 141.20000542599328 109.6333772576133 173.42903 100.05915 -999.0 -999.0 -999.0 -999.0 -999.0 310.3907394172675 -20.71849862348319 310.42566191297965 -20.626958620429452 47.81281406279918 89.305270266869 -999.0 6231.0 -999.0 -1 -999 {-999.0 -999.0 -999.0 -999.0 -999.0} "" -999.0 -999.0 -999.0 -999.0 -999 -999 "" "" "" "" 0 0 0.0 0.0 -999 ""
FIBERMAP 712 R-7C5 APOGEE 0 0 0 1 0 0 -125.02348990194386 -126.50109612777457 143.1 135.65616201422313 -115.02246330565457 66.0316 146.04291 -999.0 -999.0 -999.0 -999.0 -999.0 310.3730158972336 -21.399716490853727 310.40965011110245 -21.307945052099612 48.06563049548133 90.24941691683318 -999.0 16600.0 -999.0 2 298 {-999.0 -999.0 -999.0 -999.0 -999.0} "" -999.0 -999.0 -999.0 -999.0 -999 -999 "" "" "" "" 0 0 0.0 0.0 -999 ""
FIBERMAP 712 R-7C5 BOSS 1 1 0 1 0 0 -124.39552166388789 -126.12268554762166 143.1 135.23101804436956 -114.42515231308073 66.0316 146.04291 310.3718764506853 -21.39787047703908 0.13959043 0.063346505 0.037524026 310.37188269823605 -21.397886383582414 310.40832002470233 -21.306184044550275 48.06618623395093 90.2463039073412 5400.0 5400.0 2016.0 1 489 {-999.0 19.279161 19.022194 18.790684 18.60251} sdss_psfmag_from_gaiadr2 19.279715 19.059107 18.452328 -999.0 63050396543794464 1057747376 bright_flexible_2x1 bhm_gua_bright bhm_filler science 0 0 0.0 0.0 -999 ""
FIBERMAP 712 R-7C5 METROLOGY 0 0 0 1 0 0 -124.37377364712863 -126.85714037994296 143.1 135.96167463706928 -114.34751910732646 66.0316 146.04291 -999.0 -999.0 -999.0 -999.0 -999.0 310.37422103905203 -21.397678782729514 310.4107103325697 -21.305953291260654 48.06401637278514 90.24712921449498 -999.0 6231.0 -999.0 -1 -999 {-999.0 -999.0 -999.0 -999.0 -999.0} "" -999.0 -999.0 -999.0 -999.0 -999 -999 "" "" "" "" 0 0 0.0 0.0 -999 ""
FIBERMAP 713 R+3C9 APOGEE 1 1 0 1 0 0 -96.01954204665851 65.31626898889476 143.1 -57.811332909620006 -100.71516678994276 200.56313 66.25457 309.7428948223316 -21.355933682395012 6.4645224 -4.666496 0.5976006 309.74290466019744 -21.355937593975725 309.78010679212025 -21.265374658512886 48.60145777220357 89.88467775338671 16000.0 16600.0 2016.0 2 22 {-999.0 12.481961 11.822532 11.566062 -999.0} sdss_psfmag_from_g3xp 12.311648 11.849688 11.222179 9.96 63050396543864623 1105920201 bright_1x1 mwm_tess_rgb_apogee mwm_tessrgb science 0 0 0.0 0.0 -999 ""
FIBERMAP 713 R+3C9 BOSS 0 0 0 1 0 0 -96.01028836913272 66.06991741815334 143.1 -58.56348875174671 -100.76335080843721 200.56313 66.25457 -999.0 -999.0 -999.0 -999.0 -999.0 309.740611175428 -21.356062506221132 309.77762582879063 -21.265569181216463 48.60369456157186 89.883745414641 -999.0 5400.0 -999.0 1 32 {-999.0 -999.0 -999.0 -999.0 -999.0} "" -999.0 -999.0 -999.0 -999.0 -999 -999 "" "" "" "" 0 0 0.0 0.0 -999 ""
FIBERMAP 713 R+3C9 METROLOGY 0 0 0 1 0 0 -95.37192288193665 65.67190920677135 143.1 -58.21526986114961 -100.09652759029409 200.56313 66.25457 -999.0 -999.0 -999.0 -999.0 -999.0 309.74169116464066 -21.354073498766073 309.77875397933894 -21.26356024745087 48.602013666513976 89.88144417567025 -999.0 6231.0 -999.0 -1 -999 {-999.0 -999.0 -999.0 -999.0 -999.0} "" -999.0 -999.0 -999.0 -999.0 -999 -999 "" "" "" "" 0 0 0.0 0.0 -999 ""
FIBERMAP 718 R+2C7 APOGEE 0 0 0 1 0 0 -146.74627696809 44.01449144861434 143.1 -32.70745455670124 -149.6712849916006 158.88295 115.69121 -999.0 -999.0 -999.0 -999.0 -999.0 309.82433615448747 -21.504480459406537 309.86179533888105 -21.41371574727952 48.58109945338133 90.13484797647635 -999.0 16600.0 -999.0 2 29 {-999.0 -999.0 -999.0 -999.0 -999.0} "" -999.0 -999.0 -999.0 -999.0 -999 -999 "" "" "" "" 0 0 0.0 0.0 -999 ""
FIBERMAP 718 R+2C7 BOSS 1 1 0 1 0 0 -146.82833177624985 44.78486521791191 143.1 -33.46933135968271 -149.81178534351247 158.88295 115.69121 309.82199699858495 -21.504855653838717 8.144154 -12.416277 0.33467275 309.8220266945126 -21.50489771721972 309.8592985867326 -21.414202105013878 48.58344965071254 90.1343333120916 5400.0 5400.0 2016.0 1 48 {-999.0 17.529902 16.986673 16.810408 -999.0} sdss_psfmag_ps1 17.381393 17.00358 16.457216 15.344 63050396543862507 944753765 bright_1x1 openfibertargets_nov2020_6c open_fiber science 0 0 0.0 0.0 -999 ""
FIBERMAP 718 R+2C7 METROLOGY 0 0 0 1 0 0 -146.1448602352175 44.4560931065561 143.1 -33.193582735049276 -149.1052617946168 158.88295 115.69121 -999.0 -999.0 -999.0 -999.0 -999.0 309.8228725769221 -21.502798564163125 309.8601927634156 -21.412083633895197 48.581940993391186 90.1317569497337 -999.0 6231.0 -999.0 -1 -999 {-999.0 -999.0 -999.0 -999.0 -999.0} "" -999.0 -999.0 -999.0 -999.0 -999 -999 "" "" "" "" 0 0 0.0 0.0 -999 ""
FIBERMAP 720 R-7C15 APOGEE 0 0 0 1 0 0 81.44411776649332 -145.64094126456266 143.1 139.01210552659134 92.30113842010304 278.52374 25.648815 -999.0 -999.0 -999.0 -999.0 -999.0 310.3835814770987 -20.77108465279144 310.4187699499554 -20.67949187006537 47.837542725864935 89.37496929136591 -999.0 16600.0 -999.0 2 -999 {-999.0 -999.0 -999.0 -999.0 -999.0} "" -999.0 -999.0 -999.0 -999.0 -999 -999 "" "" "" "" 0 0 0.0 0.0 -999 ""
FIBERMAP 720 R-7C15 BOSS 1 1 0 1 0 0 81.02776901074797 -144.96511753965152 143.1 138.3699686035558 91.83452140583383 278.52374 25.648815 310.3817285770716 -20.77236803554247 2.7851608 -13.707179 0.22402373 310.38175871536856 -20.772392153746704 310.41675826229186 -20.680871365222323 47.83979229524272 89.37589324729754 5400.0 5400.0 2016.0 1 283 {-999.0 17.735296 17.351152 17.209381 17.16972} sdss_psfmag_from_ps1dr2 17.628 17.3512 16.8611 15.824 63050396543877869 1037212722 "" ops_std_boss_ps1dr2 ops_std standard_boss 0 0 0.0 0.0 -999 ""
FIBERMAP 720 R-7C15 METROLOGY 0 0 0 1 0 0 81.77253710660467 -144.968900377535 143.1 138.31700617501588 92.57740605560987 278.52374 25.648815 -999.0 -999.0 -999.0 -999.0 -999.0 310.38154495236193 -20.770149442634256 310.41659454819523 -20.678610226785363 47.83913147944296 89.37266349937971 -999.0 6231.0 -999.0 -1 -999 {-999.0 -999.0 -999.0 -999.0 -999.0} "" -999.0 -999.0 -999.0 -999.0 -999 -999 "" "" "" "" 0 0 0.0 0.0 -999 ""
FIBERMAP 722 R-4C20 APOGEE 0 0 0 1 0 0 161.04982626336465 -74.94316716951468 143.1 62.456345564337 166.2891829483289 209.95084 71.79322 -999.0 -999.0 -999.0 -999.0 -999.0 310.1354264310678 -20.54682906476339 310.170363283917 -20.455775793066785 47.97477143666364 88.93926265513386 -999.0 16600.0 -999.0 2 -999 {-999.0 -999.0 -999.0 -999.0 -999.0} "" -999.0 -999.0 -999.0 -999.0 -999 -999 "" "" "" "" 0 0 0.0 0.0 -999 ""
FIBERMAP 722 R-4C20 BOSS 1 1 0 1 0 0 160.89811183490002 -74.21026533035707 143.1 61.73713789436766 166.08208059228377 209.95084 71.79322 310.13331007520713 -20.547259747053104 10.058758 -19.897663 2.7702906 310.13331497620214 -20.54732237724396 310.1680628455482 -20.456342333459318 47.97698640872852 88.9388952244301 5400.0 5400.0 2016.0 1 312 {-999.0 15.656575 14.629106 14.264549 -999.0} sdss_psfmag_from_g3xp 15.288902 14.687754 13.874839 12.331 63050396543882982 1095784441 bright_1x1 mwm_bin_vis_boss mwm_filler science 0 0 0.0 0.0 -999 ""
FIBERMAP 722 R-4C20 METROLOGY 0 0 0 1 0 0 161.60065212327513 -74.43711471289582 143.1 61.90980837784542 166.7998531146506 209.95084 71.79322 -999.0 -999.0 -999.0 -999.0 -999.0 310.1338269299582 -20.545152726902845 310.1686238210749 -20.454152744970305 47.97570894238702 88.9361252024865 -999.0 6231.0 -999.0 -1 -999 {-999.0 -999.0 -999.0 -999.0 -999.0} "" -999.0 -999.0 -999.0 -999.0 -999 -999 "" "" "" "" 0 0 0.0 0.0 -999 ""
FIBERMAP 725 R-11C8 APOGEE 1 1 0 1 0 0 -24.73219355824954 -224.39488303108675 143.1 225.62461294129463 -7.566338690552683 250.05426 82.22764 310.6643412757411 -21.07348089834439 -6.8879805 9.503173 3.727529 310.66431442002244 -21.073458909777596 310.6998936176501 -20.981242836786908 47.698228621957405 89.93300694091238 16000.0 16600.0 2016.0 2 173 {-999.0 11.467291 11.116708 11.025236 -999.0} sdss_psfmag_from_g3xp 11.414549 11.138491 10.698143 10.023 63050396543797808 1076262980 bright_1x1 mwm_snc_ext_main_apogee mwm_snc science 0 0 0.0 0.0 -999 ""
FIBERMAP 725 R-11C8 BOSS 0 0 0 1 0 0 -25.384041747425215 -224.01987902904594 143.1 225.30035825630975 -8.244852904709761 250.05426 82.22764 -999.0 -999.0 -999.0 -999.0 -999.0 310.6635116928972 -21.075449722319725 310.6989007108697 -20.983302838125105 47.699818794756105 89.9353909490552 -999.0 5400.0 -999.0 1 415 {-999.0 -999.0 -999.0 -999.0 -999.0} "" -999.0 -999.0 -999.0 -999.0 -999 -999 "" "" "" "" 0 0 0.0 0.0 -999 ""
FIBERMAP 725 R-11C8 METROLOGY 0 0 0 1 0 0 -24.762746717614448 -223.64746136626087 143.1 224.88169807485818 -7.653739139726038 250.05426 82.22764 -999.0 -999.0 -999.0 -999.0 -999.0 310.662139281179 -21.073683408637923 310.6975811720828 -20.981520299970533 47.70034805478972 89.9322687885736 -999.0 6231.0 -999.0 -1 -999 {-999.0 -999.0 -999.0 -999.0 -999.0} "" -999.0 -999.0 -999.0 -999.0 -999 -999 "" "" "" "" 0 0 0.0 0.0 -999 ""
FIBERMAP 727 R+5C12 APOGEE 1 1 0 1 0 0 1.8920695152613352 114.49185067151907 143.1 -114.30214504030845 -6.835098835652965 167.64842 57.848614 309.560150943787 -21.070347461625683 2.3202026 -3.8136098 0.13259108 309.5601552606647 -21.070357773118495 309.59688941478237 -20.980233508308338 48.66241462475599 89.39019336239295 16000.0 16600.0 2016.0 2 132 {-999.0 12.69036 11.694203 11.278049 -999.0} sdss_psfmag_from_g3xp 12.357153 11.697003 10.914535 9.187 63050396543870160 1156316408 bright_1x1 mwm_galactic_core_dist_apogee_extra mwm_galactic science 0 0 0.0 0.0 -999 ""
FIBERMAP 727 R+5C12 BOSS 0 0 0 1 0 0 2.411052860915312 115.02985505278116 143.1 -114.87811531651025 -6.358612339826084 167.64842 57.848614 -999.0 -999.0 -999.0 -999.0 -999.0 309.5584157763158 -21.068841162621474 309.5949591994356 -20.978786786600164 48.66359522302813 89.38718529511215 -999.0 5400.0 -999.0 1 121 {-999.0 -999.0 -999.0 -999.0 -999.0} "" -999.0 -999.0 -999.0 -999.0 -999 -999 "" "" "" "" 0 0 0.0 0.0 -999 ""
FIBERMAP 727 R+5C12 METROLOGY 0 0 0 1 0 0 2.609391298387095 114.30550670305553 143.1 -114.17098787497343 -6.10567350169509 167.64842 57.848614 -999.0 -999.0 -999.0 -999.0 -999.0 309.5606503462597 -21.068102097760498 309.59724330268114 -20.978024958090618 48.66133079758835 89.38723729834425 -999.0 6231.0 -999.0 -1 -999 {-999.0 -999.0 -999.0 -999.0 -999.0} "" -999.0 -999.0 -999.0 -999.0 -999 -999 "" "" "" "" 0 0 0.0 0.0 -999 ""
FIBERMAP 728 R+7C12 APOGEE 0 0 0 1 0 0 19.29286196928856 149.86838451774466 143.1 -150.90106822967354 7.820076016491811 185.92845 55.822113 -999.0 -999.0 -999.0 -999.0 -999.0 309.4416311829969 -21.025366541803503 309.4783844785794 -20.93548330807128 48.750330415620056 89.26783343799644 -999.0 16600.0 -999.0 2 143 {-999.0 -999.0 -999.0 -999.0 -999.0} "" -999.0 -999.0 -999.0 -999.0 -999 -999 "" "" "" "" 0 0 0.0 0.0 -999 ""
FIBERMAP 728 R+7C12 BOSS 1 1 0 1 0 0 19.655294838135223 150.5235226549729 143.1 -151.58190516713933 8.131545604937845 185.92845 55.822113 309.4395446777343 -21.024348225718626 -999.0 -999.0 -999.0 309.4395479235852 -21.02434195939694 309.47611267234527 -20.93452907094183 48.751981569267016 89.26534752475789 5400.0 5400.0 2015.5 1 144 {-999.0 -999.0 -999.0 -999.0 -999.0} "" -999.0 -999.0 -999.0 -999.0 27021603186174881 815794382 "" ops_sky_boss_good ops_sky sky_boss 0 0 0.0 0.0 -999 ""
FIBERMAP 728 R+7C12 METROLOGY 0 0 0 1 0 0 20.065429582564185 149.91125273939227 143.1 -151.00266337676263 8.58712538514479 185.92845 55.822113 -999.0 -999.0 -999.0 -999.0 -999.0 309.44136133701136 -21.022986098274306 309.4779744402507 -20.933151454781957 48.74986945881463 89.26431828250799 -999.0 6231.0 -999.0 -1 -999 {-999.0 -999.0 -999.0 -999.0 -999.0} "" -999.0 -999.0 -999.0 -999.0 -999 -999 "" "" "" "" 0 0 0.0 0.0 -999 ""
FIBERMAP 729 R-8C19 APOGEE 1 1 0 1 0 0 220.03552609948784 -154.14138236048572 143.1 136.93027622905765 231.135977342487 40.839 74.666794 310.375406993756 -20.35189442057057 -0.9294736 -4.5339603 1.2298492 310.37540427500335 -20.35190767638761 310.40964993422733 -20.260463322174118 47.69505174233962 88.78857073628348 16000.0 16600.0 2016.0 2 193 {-999.0 13.0452795 12.802304 12.764502 -999.0} sdss_psfmag_from_g3xp 13.029371 12.804171 12.4394045 11.877 63050396544013088 946976466 bright_1x1 openfibertargets_nov2020_9 open_fiber science 0 0 0.0 0.0 -999 ""
FIBERMAP 729 R-8C19 BOSS 0 0 0 1 0 0 220.34399371296217 -154.8142855416205 143.1 137.57771919125292 231.49480529832965 40.839 74.666794 -999.0 -999.0 -999.0 -999.0 -999.0 310.37767467131795 -20.35076930903578 310.4117216900496 -20.25939174837094 47.69285188311771 88.78813406268011 -999.0 5400.0 -999.0 1 266 {-999.0 -999.0 -999.0 -999.0 -999.0} "" -999.0 -999.0 -999.0 -999.0 -999 -999 "" "" "" "" 0 0 0.0 0.0 -999 ""
FIBERMAP 729 R-8C19 METROLOGY 0 0 0 1 0 0 219.60779141627825 -154.76128595597538 143.1 137.58095586201742 230.75671228473104 40.839 74.666794 -999.0 -999.0 -999.0 -999.0 -999.0 310.37766869712476 -20.352963032967555 310.41177558605455 -20.261564741898287 47.69359265512832 88.79116995097985 -999.0 6231.0 -999.0 -1 -999 {-999.0 -999.0 -999.0 -999.0 -999.0} "" -999.0 -999.0 -999.0 -999.0 -999 -999 "" "" "" "" 0 0 0.0 0.0 -999 ""
FIBERMAP 731 R0C27 APOGEE 0 0 0 1 0 0 293.50061141686 12.311049944369588 143.1 -34.63316380606367 291.7069962893201 75.61658 121.687485 -999.0 -999.0 -999.0 -999.0 -999.0 309.822533771093 -20.168921954209043 309.856931207568 -20.078582005943332 48.11198325474819 88.25399224743359 -999.0 16600.0 -999.0 2 -999 {-999.0 -999.0 -999.0 -999.0 -999.0} "" -999.0 -999.0 -999.0 -999.0 -999 -999 "" "" "" "" 0 0 0.0 0.0 -999 ""
FIBERMAP 731 R0C27 BOSS 1 1 0 1 0 0 294.22614520219844 12.558622143660283 143.1 -34.93528315209484 292.41155522722323 75.61658 121.687485 309.82176931931554 -20.166780472450682 -0.20652056 -0.01178876 0.44192782 309.8217662499278 -20.166785233266392 309.85596920373337 -20.07651774666189 48.11206869950201 88.25061977152654 5400.0 5400.0 2016.0 1 182 {-999.0 19.75707 19.566366 19.45942 -999.0} sdss_psfmag_ps1 19.65269 19.455898 19.02097 -999.0 63050396543905332 1117383583 bright_1x1 openfibertargets_bhm_quaia_boss open_fiber science 0 0 0.0 0.0 -999 ""
FIBERMAP 731 R0C27 METROLOGY 0 0 0 1 0 0 294.0546934276058 11.808564778256214 143.1 -34.174352130397736 292.29774053284837 75.61658 121.687485 -999.0 -999.0 -999.0 -999.0 -999.0 309.82415264067646 -20.167086780743354 309.8584077998572 -20.07679473379093 48.11003854611869 88.25226123677976 -999.0 6231.0 -999.0 -1 -999 {-999.0 -999.0 -999.0 -999.0 -999.0} "" -999.0 -999.0 -999.0 -999.0 -999 -999 "" "" "" "" 0 0 0.0 0.0 -999 ""
FIBERMAP 732 R-10C12 APOGEE 0 0 0 1 0 0 57.65857415503315 -183.76602921239007 143.1 178.83794002887683 71.48920595380861 140.59631 109.2102 -999.0 -999.0 -999.0 -999.0 -999.0 310.51254698417205 -20.834171020552187 310.5477432721955 -20.742315593189794 47.74706660350006 89.52614182662222 -999.0 16600.0 -999.0 2 -999 {-999.0 -999.0 -999.0 -999.0 -999.0} "" -999.0 -999.0 -999.0 -999.0 -999 -999 "" "" "" "" 0 0 0.0 0.0 -999 ""
FIBERMAP 732 R-10C12 BOSS 1 1 0 1 0 0 57.90333456322075 -183.04029280789456 143.1 178.09567461705186 71.67796822587182 140.59631 109.2102 310.51035495492647 -20.833450056034152 5.0041966 -16.473232 1.9219531 310.5103999165116 -20.833508813625492 310.545402372588 -20.741726621567356 47.74890483089624 89.52416863795503 5400.0 5400.0 2016.0 1 402 {-999.0 14.790598 14.045911 13.776767 -999.0} sdss_psfmag_from_g3xp 14.58203 14.095121 13.414506 12.021 63050396543876271 1095975162 bright_1x1 mwm_bin_vis_boss mwm_filler science 0 0 0.0 0.0 -999 ""
FIBERMAP 732 R-10C12 METROLOGY 0 0 0 1 0 0 58.39363015915818 -183.62749803324314 143.1 178.64381838420348 72.21156576862288 140.59631 109.2102 -999.0 -999.0 -999.0 -999.0 -999.0 310.512136394078 -20.831902044528565 310.54718850816073 -20.740097554168898 47.746765423207705 89.52278387571653 -999.0 6231.0 -999.0 -1 -999 {-999.0 -999.0 -999.0 -999.0 -999.0} "" -999.0 -999.0 -999.0 -999.0 -999 -999 "" "" "" "" 0 0 0.0 0.0 -999 ""
FIBERMAP 736 R+11C12 APOGEE 1 1 0 1 0 0 85.81828733020387 230.08700981999237 143.1 -235.95350090767027 68.04070683486293 103.16482 74.464226 309.1682720866467 -20.841622339720853 -6.5379596 -7.390166 0.2833925 309.1682485134276 -20.841627244495903 309.20485851443425 -20.752326816285656 48.92482723969916 88.87036344409353 16000.0 16600.0 2016.0 2 145 {-999.0 12.0303335 10.697458 10.033854 -999.0} sdss_psfmag_from_g3xp 11.510003 10.591381 9.649058 7.439 63050396543890565 1153162283 bright_1x1 mwm_galactic_core_dist_apogee_sparse mwm_galactic science 0 0 0.0 0.0 -999 ""
FIBERMAP 736 R+11C12 BOSS 0 0 0 1 0 0 86.57687860759752 230.05609390453623 143.1 -235.98046238306202 68.79944127803526 103.16482 74.464226 -999.0 -999.0 -999.0 -999.0 -999.0 309.1683479888603 -20.839259621807585 309.2047656859835 -20.750025998881295 48.924092223252586 88.8670425845624 -999.0 5400.0 -999.0 1 148 {-999.0 -999.0 -999.0 -999.0 -999.0} "" -999.0 -999.0 -999.0 -999.0 -999 -999 "" "" "" "" 0 0 0.0 0.0 -999 ""
FIBERMAP 736 R+11C12 METROLOGY 0 0 0 1 0 0 86.17517451351692 229.4219550228261 143.1 -235.31757190493332 68.4472153109405 103.16482 74.464226 -999.0 -999.0 -999.0 -999.0 -999.0 309.17037409845284 -20.840341262470194 309.20684513059734 -20.751084623700322 48.92264967682544 88.86959878194 -999.0 6231.0 -999.0 -1 -999 {-999.0 -999.0 -999.0 -999.0 -999.0} "" -999.0 -999.0 -999.0 -999.0 -999 -999 "" "" "" "" 0 0 0.0 0.0 -999 ""
FIBERMAP 738 R-6C11 APOGEE 0 0 0 1 0 0 -2.561502069535949 -103.26797671800496 143.1 103.161993307127 5.3126166225352325 102.934296 115.346924 -999.0 -999.0 -999.0 -999.0 -999.0 310.26761958597467 -21.034905084001437 310.3035313495511 -20.943447564731066 48.03158129862591 89.68672088716903 -999.0 16600.0 -999.0 2 -999 {-999.0 -999.0 -999.0 -999.0 -999.0} "" -999.0 -999.0 -999.0 -999.0 -999 -999 "" "" "" "" 0 0 0.0 0.0 -999 ""
FIBERMAP 738 R-6C11 BOSS 1 1 0 1 0 0 -1.9778675202557225 -102.78739541098146 143.1 102.63835373171725 5.857940130946339 102.934296 115.346924 310.2661660975597 -21.03314544828138 3.7899187 -16.790909 0.20352761 310.26617282607543 -21.03317915316858 310.3018889884818 -20.94179257463924 48.032436376990574 89.68359818496731 5400.0 5400.0 2016.0 1 389 {-999.0 14.949618 14.411624 14.182987 -999.0} sdss_psfmag_from_g3xp 14.817614 14.417673 13.839093 12.674 63050396543873939 1061892340 bright_1x1 manual_mwm_halo_mp_wise_boss_single mwm_halo science 0 0 0.0 0.0 -999 ""
FIBERMAP 738 R-6C11 METROLOGY 0 0 0 1 0 0 -1.8623009822572045 -103.5337135358235 143.1 103.37369220751722 6.030022010417682 102.934296 115.346924 -999.0 -999.0 -999.0 -999.0 -999.0 310.2685177656478 -21.032675209069044 310.3042850405003 -20.941265191556827 48.03015590780854 89.68403483507461 -999.0 6231.0 -999.0 -1 -999 {-999.0 -999.0 -999.0 -999.0 -999.0} "" -999.0 -999.0 -999.0 -999.0 -999 -999 "" "" "" "" 0 0 0.0 0.0 -999 ""
FIBERMAP 740 R-10C6 APOGEE 0 0 0 1 0 0 -81.438980662402 -190.49838763715124 143.1 196.14670945471454 -66.68991389181546 177.7171 105.572334 -999.0 -999.0 -999.0 -999.0 -999.0 310.5692938917424 -21.252799851219176 310.6053826563606 -21.1607053872128 47.84349797412335 90.1374560625822 -999.0 16600.0 -999.0 2 -999 {-999.0 -999.0 -999.0 -999.0 -999.0} "" -999.0 -999.0 -999.0 -999.0 -999 -999 "" "" "" "" 0 0 0.0 0.0 -999 ""
FIBERMAP 740 R-10C6 BOSS 1 1 0 1 0 0 -81.56861365078564 -189.7415732188591 143.1 195.40197683148392 -66.87682078306958 177.7171 105.572334 310.5671782365988 -21.253295164473567 -18.171015 -12.417232 0.35120058 310.5671318434084 -21.253323424086993 310.6030290837414 -21.161300238412846 47.84576279010912 90.13715102008041 5400.0 5400.0 2016.0 1 384 {-999.0 17.662764 17.294352 17.239643 -999.0} sdss_psfmag_ps1 17.579147 17.300629 16.864073 15.871 63050396543795244 977477641 "" ops_std_boss ops_std standard_boss 0 0 0.0 0.0 -999 ""
FIBERMAP 740 R-10C6 METROLOGY 0 0 0 1 0 0 -80.89492071629364 -189.9850680565422 143.1 195.5934417412286 -66.1865434991589 177.7171 105.572334 -999.0 -999.0 -999.0 -999.0 -999.0 310.56772593867385 -21.25125944694276 310.60367310538425 -21.159216708529293 47.84447573322413 90.13455083770458 -999.0 6231.0 -999.0 -1 -999 {-999.0 -999.0 -999.0 -999.0 -999.0} "" -999.0 -999.0 -999.0 -999.0 -999 -999 "" "" "" "" 0 0 0.0 0.0 -999 ""
FIBERMAP 745 R+1C8 APOGEE 0 0 0 1 0 0 -133.43490389647434 24.059834147747083 143.1 -13.82500262255108 -134.8786385967268 138.57112 132.37196 -999.0 -999.0 -999.0 -999.0 -999.0 309.88600743194957 -21.459877873800913 309.9232982777014 -21.36900978472637 48.51196331440411 90.101131349443 -999.0 16600.0 -999.0 2 -999 {-999.0 -999.0 -999.0 -999.0 -999.0} "" -999.0 -999.0 -999.0 -999.0 -999 -999 "" "" "" "" 0 0 0.0 0.0 -999 ""
FIBERMAP 745 R+1C8 BOSS 1 1 0 1 0 0 -133.467084671066 24.782746738839094 143.1 -14.543355892434116 -134.96579488635916 138.57112 132.37196 309.88383782645184 -21.46013235644053 -2.4875016 0.19567072 0.5889453 309.8838483793511 -21.460135926103842 309.92095105711405 -21.3693370023567 48.51412841905482 90.10046074548308 5400.0 5400.0 2016.0 1 47 {-999.0 17.22606 16.7904 16.600616 -999.0} sdss_psfmag_ps1 17.098402 16.758999 16.24254 15.395 63050396543863041 944753785 bright_1x1 openfibertargets_nov2020_6c open_fiber science 0 0 0.0 0.0 -999 ""
FIBERMAP 745 R+1C8 METROLOGY 0 0 0 1 0 0 -132.79986660657715 24.45508831563924 143.1 -14.26747956674739 -134.27556225923388 138.57112 132.37196 -999.0 -999.0 -999.0 -999.0 -999.0 309.8846970302473 -21.458081009944635 309.9218482065203 -21.367262664308033 48.512630673563606 90.09795394162302 -999.0 6231.0 -999.0 -1 -999 {-999.0 -999.0 -999.0 -999.0 -999.0} "" -999.0 -999.0 -999.0 -999.0 -999 -999 "" "" "" "" 0 0 0.0 0.0 -999 ""
FIBERMAP 746 R-9C7 APOGEE 1 1 0 1 0 0 -67.16732635769236 -182.44208863278075 143.1 187.02672866665588 -53.073578287271246 217.71336 113.455025 310.5397422345206 -21.21164072116098 -0.82107323 -4.455282 1.115485 310.5397513783339 -21.21164609565933 310.5757778553317 -21.119620131906956 47.85509883242665 90.06574595432198 16000.0 16600.0 2016.0 2 187 {-999.0 11.746516 10.873772 10.558434 -999.0} sdss_psfmag_from_g3xp 11.478147 10.916325 10.205447 8.718 63050396543795282 1105092245 bright_1x1 mwm_tess_rgb_apogee mwm_tessrgb science 0 0 0.0 0.0 -999 ""
FIBERMAP 746 R-9C7 BOSS 0 0 0 1 0 0 -67.85094452177665 -182.08370761614077 143.1 186.7214686403596 -53.7825035507449 217.71336 113.455025 -999.0 -999.0 -999.0 -999.0 -999.0 310.5390188234417 -21.21374535188707 310.5748560175472 -21.121787588338282 47.85665944540907 90.0683280361477 -999.0 5400.0 -999.0 1 383 {-999.0 -999.0 -999.0 -999.0 -999.0} "" -999.0 -999.0 -999.0 -999.0 -999 -999 "" "" "" "" 0 0 0.0 0.0 -999 ""
FIBERMAP 746 R-9C7 METROLOGY 0 0 0 1 0 0 -67.20015549340667 -181.69757602436448 143.1 186.28688775150087 -53.163026473116105 217.71336 113.455025 -999.0 -999.0 -999.0 -999.0 -999.0 310.53758295832836 -21.211898605989493 310.57347269848435 -21.119925002409026 47.85722078383442 90.06505631082501 -999.0 6231.0 -999.0 -1 -999 {-999.0 -999.0 -999.0 -999.0 -999.0} "" -999.0 -999.0 -999.0 -999.0 -999 -999 "" "" "" "" 0 0 0.0 0.0 -999 ""
FIBERMAP 749 R-2C15 APOGEE 1 1 0 1 0 0 51.261385114527044 -46.56097233729058 143.1 42.52026772277966 54.658793527852524 281.47742 142.24622 310.070669854453 -20.884912146240442 -11.554191 -16.632027 0.63564646 310.07062317052873 -20.884952636272967 310.1063990576939 -20.793915085587756 48.15126843608771 89.38002883952379 16000.0 16600.0 2016.0 2 227 {-999.0 12.061953 11.310471 11.018553 -999.0} sdss_psfmag_from_g3xp 11.85136 11.339248 10.668361 9.248 63050396543875648 996668763 bright_1x1 mwm_bin_gaia_sb_apogee mwm_bin science 0 0 0.0 0.0 -999 ""
FIBERMAP 749 R-2C15 BOSS 0 0 0 1 0 0 50.92406392806934 -47.2274022753941 143.1 43.21045060235425 54.37322257666677 281.47742 142.24622 -999.0 -999.0 -999.0 -999.0 -999.0 310.07308579697406 -20.885721937137475 310.10866885996927 -20.79474735139797 48.14957800986827 89.38232056120546 -999.0 5400.0 -999.0 1 327 {-999.0 -999.0 -999.0 -999.0 -999.0} "" -999.0 -999.0 -999.0 -999.0 -999 -999 "" "" "" "" 0 0 0.0 0.0 -999 ""
FIBERMAP 749 R-2C15 METROLOGY 0 0 0 1 0 0 50.516582403315404 -46.62711213419453 143.1 42.642951541016586 53.92120086368726 281.47742 142.24622 -999.0 -999.0 -999.0 -999.0 -999.0 310.07118918275074 -20.887106248542025 310.10683181591014 -20.79611557746465 48.151668286960295 89.38332841019837 -999.0 6231.0 -999.0 -1 -999 {-999.0 -999.0 -999.0 -999.0 -999.0} "" -999.0 -999.0 -999.0 -999.0 -999 -999 "" "" "" "" 0 0 0.0 0.0 -999 ""
FIBERMAP 750 R+11C10 APOGEE 0 0 0 1 0 0 27.72666838718122 199.4523519407245 143.1 -200.9829201004797 12.452130596070079 263.1138 100.404945 -999.0 -999.0 -999.0 -999.0 -999.0 309.2796372839851 -21.010505574702965 309.3165237077576 -20.920937869087552 48.88674822914492 89.16643133638155 -999.0 16600.0 -999.0 2 127 {-999.0 -999.0 -999.0 -999.0 -999.0} "" -999.0 -999.0 -999.0 -999.0 -999 -999 "" "" "" "" 0 0 0.0 0.0 -999 ""
FIBERMAP 750 R+11C10 BOSS 1 1 0 1 0 0 26.990412401692993 199.44674073886176 143.1 -200.9212394510008 11.718448847093969 263.1138 100.404945 309.27992564797046 -21.012676297514187 8.463844 0.39793348 1.7360799 309.2799504044292 -21.012660813994625 309.31665408449305 -20.923157593698765 48.887414904662805 89.16965657989175 5400.0 5400.0 2016.0 1 114 {-999.0 20.768955 19.352783 18.378845 -999.0} sdss_psfmag_ps1 19.9659 19.02434 17.950335 15.878 63050396543871193 1096523802 bright_1x1 mwm_bin_vis_boss mwm_filler science 0 0 0.0 0.0 -999 ""
FIBERMAP 750 R+11C10 METROLOGY 0 0 0 1 0 0 27.30277499491855 200.08981395569148 143.1 -201.5862324413531 11.98091322599329 263.1138 100.404945 -999.0 -999.0 -999.0 -999.0 -999.0 309.27772394538044 -21.011870434051332 309.3144812128063 -20.92235310289569 48.88903191803364 89.16742568272866 -999.0 6231.0 -999.0 -1 -999 {-999.0 -999.0 -999.0 -999.0 -999.0} "" -999.0 -999.0 -999.0 -999.0 -999 -999 "" "" "" "" 0 0 0.0 0.0 -999 ""
FIBERMAP 752 R-8C5 APOGEE 1 1 0 1 0 0 -98.43390320624738 -162.4889587516117 143.1 169.51357415110326 -85.7689579190552 348.27322 99.07714 310.48297851259343 -21.31084903888701 18.932413 -1.5639784 1.1377997 310.4830064875995 -21.31084630191189 310.51931991200786 -21.218895724157843 47.938945723824176 90.17733143897112 16000.0 16600.0 2016.0 2 285 {-999.0 11.738011 11.020434 10.751439 -999.0} sdss_psfmag_from_g3xp 11.5431795 11.056313 10.405173 9.109 63050396543795084 1105583327 bright_1x1 mwm_tess_rgb_apogee mwm_tessrgb science 0 0 0.0 0.0 -999 ""
FIBERMAP 752 R-8C5 BOSS 0 0 0 1 0 0 -98.42333758285716 -163.2340015381903 143.1 170.25563966720262 -85.70166794167781 348.27322 99.07714 -999.0 -999.0 -999.0 -999.0 -999.0 310.48566457407446 -21.310595304237456 310.52178002635594 -21.218706783787127 47.93672894829897 90.17825276443511 -999.0 5400.0 -999.0 1 468 {-999.0 -999.0 -999.0 -999.0 -999.0} "" -999.0 -999.0 -999.0 -999.0 -999 -999 "" "" "" "" 0 0 0.0 0.0 -999 ""
FIBERMAP 752 R-8C5 METROLOGY 0 0 0 1 0 0 -99.08347369461795 -162.85242167567458 143.1 169.92545964527588 -86.3889468419605 348.27322 99.07714 -999.0 -999.0 -999.0 -999.0 -999.0 310.48456234791234 -21.312710496325042 310.5207389494702 -21.2208043933013 47.93836598259104 90.18068812248458 -999.0 6231.0 -999.0 -1 -999 {-999.0 -999.0 -999.0 -999.0 -999.0} "" -999.0 -999.0 -999.0 -999.0 -999 -999 "" "" "" "" 0 0 0.0 0.0 -999 ""
FIBERMAP 754 R+8C15 APOGEE 0 0 0 1 0 0 118.66332341174059 161.52417925527794 143.1 -170.0926253312096 106.01288678335293 3.8483567 150.8713 -999.0 -999.0 -999.0 -999.0 -999.0 309.3815998193909 -20.727540950961497 309.4177276742821 -20.63786647674245 48.69800476536475 88.81546723079043 -999.0 16600.0 -999.0 2 78 {-999.0 -999.0 -999.0 -999.0 -999.0} "" -999.0 -999.0 -999.0 -999.0 -999 -999 "" "" "" "" 0 0 0.0 0.0 -999 ""
FIBERMAP 754 R+8C15 BOSS 1 1 0 1 0 0 119.31838550843517 161.19389287600032 143.1 -169.8132027063341 106.69119907726838 3.8483567 150.8713 309.3826550425491 -20.725382799738938 0.53182477 -2.3138368 0.39604375 309.3826577305293 -20.72539480863089 309.4185916190273 -20.635786123555317 48.69650749934934 88.81295946652892 5400.0 5400.0 2016.0 1 238 {-999.0 16.596725 16.182512 16.058416 -999.0} sdss_psfmag_ps1 16.497282 16.202122 15.741165 14.93 63050396543900776 977478239 "" ops_std_boss ops_std standard_boss 0 0 0.0 0.0 -999 ""
FIBERMAP 754 R+8C15 METROLOGY 0 0 0 1 0 0 118.70205277046182 160.77574867398627 143.1 -169.34932732887427 106.10851644781708 3.8483567 150.8713 -999.0 -999.0 -999.0 -999.0 -999.0 309.3840621975686 -20.72716650784232 309.4200519825705 -20.637535541022277 48.69585461050015 88.81617403335503 -999.0 6231.0 -999.0 -1 -999 {-999.0 -999.0 -999.0 -999.0 -999.0} "" -999.0 -999.0 -999.0 -999.0 -999 -999 "" "" "" "" 0 0 0.0 0.0 -999 ""
FIBERMAP 755 R-9C15 APOGEE 0 0 0 1 0 0 116.94690558858562 -154.2826930077673 143.1 144.92416181977416 128.35870957058722 172.71423 33.775856 -999.0 -999.0 -999.0 -999.0 -999.0 310.4024011767079 -20.661947554636683 310.4373219030067 -20.570353918324674 47.78241501868824 89.23235521174092 -999.0 16600.0 -999.0 2 -999 {-999.0 -999.0 -999.0 -999.0 -999.0} "" -999.0 -999.0 -999.0 -999.0 -999 -999 "" "" "" "" 0 0 0.0 0.0 -999 ""
FIBERMAP 755 R-9C15 BOSS 1 1 0 1 0 0 117.64721454792878 -153.9515093427974 143.1 144.54059635707634 129.03174795882194 172.71423 33.775856 310.40137652231874 -20.65977522377668 1.4166368 -2.829843 0.024946848 310.4013956609974 -20.65980247631438 310.43611866122603 -20.568280893025413 47.78272621621146 89.22887467625355 5400.0 5400.0 2016.0 1 329 {-999.0 15.342292 14.394286 13.996054 -999.0} sdss_psfmag_from_g3xp 15.03444 14.400596 13.63401 11.966 63050396543878589 1061643713 bright_1x1 manual_mwm_halo_distant_kgiant_near_boss_single mwm_halo science 0 0 0.0 0.0 -999 ""
FIBERMAP 755 R-9C15 METROLOGY 0 0 0 1 0 0 117.57474064894407 -154.6892902947489 143.1 145.28174691860147 129.01568735718723 172.71423 33.775856 -999.0 -999.0 -999.0 -999.0 -999.0 310.403756977026 -20.659856112345828 310.43853257075136 -20.56831037961048 47.780626019873075 89.23011781991278 -999.0 6231.0 -999.0 -1 -999 {-999.0 -999.0 -999.0 -999.0 -999.0} "" -999.0 -999.0 -999.0 -999.0 -999 -999 "" "" "" "" 0 0 0.0 0.0 -999 ""
FIBERMAP 764 R-10C8 APOGEE 0 0 0 1 0 0 -11.878537924041474 -204.96290172599132 143.1 205.27013827735271 3.7695669584822453 328.44476 101.75336 -999.0 -999.0 -999.0 -999.0 -999.0 310.5985187783918 -21.03926874968665 310.63409023529505 -20.94718691295818 47.74382786177844 89.85356414045702 -999.0 16600.0 -999.0 2 -999 {-999.0 -999.0 -999.0 -999.0 -999.0} "" -999.0 -999.0 -999.0 -999.0 -999 -999 "" "" "" "" 0 0 0.0 0.0 -999 ""
FIBERMAP 764 R-10C8 BOSS 1 1 0 1 0 0 -12.141984494201093 -205.70426317599745 143.1 206.02940663152174 3.563363279847249 328.44476 101.75336 310.6012548802433 -21.03980218237442 -4.053494 -7.653475 -0.017474778 310.6012245334675 -21.03981979241204 310.63659919098825 -20.94780103350624 47.74184939485038 89.8556423796881 5400.0 5400.0 2016.0 1 405 {-999.0 18.428177 18.047482 17.945677 -999.0} sdss_psfmag_ps1 18.280714 18.07676 17.583431 -999.0 63050396543798108 977477659 "" ops_std_boss ops_std standard_boss 0 0 0.0 0.0 -999 ""
FIBERMAP 764 R-10C8 METROLOGY 0 0 0 1 0 0 -12.612856926282412 -205.10528789015052 143.1 205.46804752395738 3.0482356579707774 328.44476 101.75336 -999.0 -999.0 -999.0 -999.0 -999.0 310.5993912170626 -21.04140294561514 310.63482674094246 -20.949367754983555 47.74394929289099 89.8569599721859 -999.0 6231.0 -999.0 -1 -999 {-999.0 -999.0 -999.0 -999.0 -999.0} "" -999.0 -999.0 -999.0 -999.0 -999 -999 "" "" "" "" 0 0 0.0 0.0 -999 ""
FIBERMAP 767 R+3C3 APOGEE 0 0 0 1 0 0 -232.445060983468 57.13611215242283 143.1 -39.26253440552826 -236.11975292533174 230.10431 60.624134 -999.0 -999.0 -999.0 -999.0 -999.0 309.8023860283176 -21.765218494776217 309.84047191135335 -21.674413910692127 48.688578003513065 90.49550003776085 -999.0 16600.0 -999.0 2 36 {-999.0 -999.0 -999.0 -999.0 -999.0} "" -999.0 -999.0 -999.0 -999.0 -999 -999 "" "" "" "" 0 0 0.0 0.0 -999 ""
FIBERMAP 767 R+3C3 BOSS 1 1 0 1 0 0 -232.70614724164582 57.8165708620117 143.1 -39.921120237461146 -236.43191323936333 230.10431 60.624134 309.8004437959166 -21.76609908039196 0.32174915 -6.1468706 0.15459834 309.800423580927 -21.766113285008853 309.83832296860123 -21.67537588725218 48.6907827307466 90.49584742260151 5400.0 5400.0 2016.0 1 60 {-999.0 15.781339 14.956016 14.662426 -999.0} sdss_psfmag_from_g3xp 15.535769 14.995806 14.306887 12.871 63050396543784836 1061643646 bright_1x1 manual_mwm_halo_distant_kgiant_near_boss_single mwm_halo science 0 0 0.0 0.0 -999 ""
FIBERMAP 767 R+3C3 METROLOGY 0 0 0 1 0 0 -231.9761421191443 57.71713921706909 143.1 -39.87758815412117 -235.6964622727935 230.10431 60.624134 -999.0 -999.0 -999.0 -999.0 -999.0 309.8005083454545 -21.763960024902357 309.83845668452443 -21.673205086289205 48.68993107376758 90.49281676163059 -999.0 6231.0 -999.0 -1 -999 {-999.0 -999.0 -999.0 -999.0 -999.0} "" -999.0 -999.0 -999.0 -999.0 -999 -999 "" "" "" "" 0 0 0.0 0.0 -999 ""
FIBERMAP 768 R+6C11 APOGEE 0 0 0 1 0 0 -15.602570337251246 120.80739948089732 143.1 -119.26658877931362 -24.759827301350292 186.85568 92.25333 -999.0 -999.0 -999.0 -999.0 -999.0 309.5437786333692 -21.12468661223699 309.58065526435325 -21.034576599712487 48.695637870946996 89.45925044162186 -999.0 16600.0 -999.0 2 -999 {-999.0 -999.0 -999.0 -999.0 -999.0} "" -999.0 -999.0 -999.0 -999.0 -999 -999 "" "" "" "" 0 0 0.0 0.0 -999 ""
FIBERMAP 768 R+6C11 BOSS 1 1 0 1 0 0 -15.712308651767426 121.57747163115927 143.1 -120.02605599488423 -24.927907462981747 186.85568 92.25333 309.5413718682611 -21.125081830265213 16.892128 -18.525164 0.6793113 309.5414328609971 -21.125132508999553 309.5781240084194 -21.035092665702447 48.69803176389612 89.45873137217632 5400.0 5400.0 2016.0 1 142 {-999.0 16.604172 16.14559 15.901774 -999.0} sdss_psfmag_ps1 16.456081 16.106398 15.589659 14.632 63050396543870118 1073397289 bright_1x1 mwm_halo_local_high_boss_single mwm_halo science 0 0 0.0 0.0 -999 ""
FIBERMAP 768 R+6C11 METROLOGY 0 0 0 1 0 0 -15.026706038016334 121.28476571940061 143.1 -119.78643074604726 -24.222006471880395 186.85568 92.25333 -999.0 -999.0 -999.0 -999.0 -999.0 309.5421541284247 -21.12301458940171 309.57889317862964 -21.03295538560081 48.69661181545135 89.45607800586146 -999.0 6231.0 -999.0 -1 -999 {-999.0 -999.0 -999.0 -999.0 -999.0} "" -999.0 -999.0 -999.0 -999.0 -999 -999 "" "" "" "" 0 0 0.0 0.0 -999 ""
FIBERMAP 769 R-5C12 APOGEE 1 0 0 1 1 0 11.441781474346499 -104.86904860656487 143.1 103.69166792626159 19.397034011341734 199.91222 168.41437 310.25484465744637 -20.931213490657377 -3.4995816 -7.9121137 0.10984108 310.26933486064786 -20.992152519881788 310.3051471784838 -20.90070526534326 48.015145210135735 89.62768526981642 16000.0 16600.0 2016.0 2 161 {-999.0 12.495766 11.275976 10.770153 -999.0} sdss_psfmag_from_g3xp 12.037078 11.258153 10.401613 8.557 63050396543874145 1153162516 bright_1x1 mwm_galactic_core_dist_apogee_sparse mwm_galactic science 0 0 0.0 0.0 -999 ""
FIBERMAP 769 R-5C12 BOSS 0 0 0 1 1 0 10.698483632970833 -104.94645056560293 143.1 103.82546643162333 18.661799747365173 199.91222 168.41437 -999.0 -999.0 -999.0 -999.0 -999.0 310.2700243559741 -20.99430655490591 310.3056476678589 -20.902925149401092 48.01548855994891 89.63103756105215 -999.0 5400.0 -999.0 1 390 {-999.0 -999.0 -999.0 -999.0 -999.0} "" -999.0 -999.0 -999.0 -999.0 -999 -999 "" "" "" "" 0 0 0.0 0.0 -999 ""
FIBERMAP 769 R-5C12 METROLOGY 0 0 0 1 1 0 10.993934188343168 -104.27604089514661 143.1 103.13450500503878 18.905318990520662 199.91222 168.41437 -999.0 -999.0 -999.0 -999.0 -999.0 310.2677358111496 -20.993584193302148 310.3034146446381 -20.90218811310476 48.0171819648632 89.62890901876341 -999.0 6231.0 -999.0 -1 -999 {-999.0 -999.0 -999.0 -999.0 -999.0} "" -999.0 -999.0 -999.0 -999.0 -999 -999 "" "" "" "" 0 0 0.0 0.0 -999 ""
FIBERMAP 770 R-13C4 APOGEE 0 0 0 1 0 0 -77.05062336965332 -234.1357369892436 143.1 239.3225279331763 -58.990187734180964 122.51249 74.48316 -999.0 -999.0 -999.0 -999.0 -999.0 310.7087839585606 -21.228970369162962 310.74466924128933 -21.136621770309635 47.713322367480146 90.17105252777924 -999.0 16600.0 -999.0 2 261 {-999.0 -999.0 -999.0 -999.0 -999.0} "" -999.0 -999.0 -999.0 -999.0 -999 -999 "" "" "" "" 0 0 0.0 0.0 -999 ""
FIBERMAP 770 R-13C4 BOSS 1 1 0 1 0 0 -76.36960725758168 -233.95666765976284 143.1 239.09210293976568 -58.32479831738879 122.51249 74.48316 310.7082487340836 -21.22691849903695 -0.63763195 4.858896 0.20723443 310.7082571532527 -21.226898099885215 310.7439424223726 -21.134618928367384 47.71326126770932 90.1679112484735 5400.0 5400.0 2016.0 1 355 {-999.0 17.269773 16.776958 16.641422 -999.0} sdss_psfmag_ps1 17.006916 16.756256 16.293829 15.576 63050396543796337 944753463 bright_1x1 openfibertargets_nov2020_6c open_fiber science 0 0 0.0 0.0 -999 ""
FIBERMAP 770 R-13C4 METROLOGY 0 0 0 1 0 0 -76.48786570666536 -234.6435392207902 143.1 239.7859802850638 -58.39038809671343 122.51249 74.48316 -999.0 -999.0 -999.0 -999.0 -999.0 310.7104835219657 -21.227116024197002 310.7462223989627 -21.134813405962348 47.7113351240944 90.16928169063476 -999.0 6231.0 -999.0 -1 -999 {-999.0 -999.0 -999.0 -999.0 -999.0} "" -999.0 -999.0 -999.0 -999.0 -999 -999 "" "" "" "" 0 0 0.0 0.0 -999 ""
FIBERMAP 771 R-13C5 APOGEE 1 1 0 1 0 0 -70.77016434529781 -261.171601856418 143.1 265.8011341794959 -50.66852898822473 240.73363 84.63087 310.79405043185574 -21.203426424726434 -1.6809627 -3.5533836 0.2233639 310.79404601503876 -21.20342420522388 310.8297818757178 -21.110924081737977 47.62994888092202 90.17631276646983 16000.0 16600.0 2016.0 2 262 {-999.0 13.371006 12.293566 11.858608 -999.0} sdss_psfmag_from_g3xp 12.996576 12.298154 11.491388 9.691 63050396543796469 1153162262 bright_1x1 mwm_galactic_core_dist_apogee_sparse mwm_galactic science 0 0 0.0 0.0 -999 ""
FIBERMAP 771 R-13C5 BOSS 0 0 0 1 0 0 -71.396553909412 -260.7405184981343 143.1 265.41902429276274 -51.32593077006422 240.73363 84.63087 -999.0 -999.0 -999.0 -999.0 -999.0 310.79300994624913 -21.205348558520804 310.8285549227892 -21.112917815575223 47.63171615440854 90.17849454942598 -999.0 5400.0 -999.0 1 356 {-999.0 -999.0 -999.0 -999.0 -999.0} "" -999.0 -999.0 -999.0 -999.0 -999 -999 "" "" "" "" 0 0 0.0 0.0 -999 ""
FIBERMAP 771 R-13C5 METROLOGY 0 0 0 1 0 0 -70.7081224692796 -260.41610115023906 143.1 265.0431102121331 -50.664219830230614 240.73363 84.63087 -999.0 -999.0 -999.0 -999.0 -999.0 310.79179606913135 -21.203382367558135 310.82739353449733 -21.110935236058967 47.63204132330738 90.17517683248377 -999.0 6231.0 -999.0 -1 -999 {-999.0 -999.0 -999.0 -999.0 -999.0} "" -999.0 -999.0 -999.0 -999.0 -999 -999 "" "" "" "" 0 0 0.0 0.0 -999 ""
FIBERMAP 773 R+3C12 APOGEE 0 0 0 1 0 0 -30.345034307031188 55.81679505924635 143.1 -53.34244800678552 -34.50851235354025 232.17415 63.28541 -999.0 -999.0 -999.0 -999.0 -999.0 309.7580714090289 -21.15509900058681 309.7947944029395 -21.064570251383717 48.51886203981559 89.60735266518526 -999.0 16600.0 -999.0 2 131 {-999.0 -999.0 -999.0 -999.0 -999.0} "" -999.0 -999.0 -999.0 -999.0 -999 -999 "" "" "" "" 0 0 0.0 0.0 -999 ""
FIBERMAP 773 R+3C12 BOSS 1 1 0 1 0 0 -30.666975291494893 56.499409223604495 143.1 -53.99854727504847 -34.88151414846785 232.17415 63.28541 309.7560165022225 -21.15614265996045 20.988928 -15.6924715 1.243245 309.7560866986191 -21.15618042695214 309.7926240461479 -21.06572124406764 48.52116174444472 89.60791361965335 5400.0 5400.0 2016.0 1 119 {-999.0 16.936602 15.998784 15.655097 -999.0} sdss_psfmag_ps1 16.570196 16.018118 15.18202 13.601 63050396543865298 1094560947 bright_1x1 mwm_bin_vis_boss mwm_filler science 0 0 0.0 0.0 -999 ""
FIBERMAP 773 R+3C12 METROLOGY 0 0 0 1 0 0 -29.926507442744686 56.436741412301686 143.1 -53.992468848156655 -34.138431523487746 232.17415 63.28541 -999.0 -999.0 -999.0 -999.0 -999.0 309.75605475247824 -21.15394541155568 309.79264089055823 -21.063468260091287 48.52036048753986 89.60473440687986 -999.0 6231.0 -999.0 -1 -999 {-999.0 -999.0 -999.0 -999.0 -999.0} "" -999.0 -999.0 -999.0 -999.0 -999 -999 "" "" "" "" 0 0 0.0 0.0 -999 ""
FIBERMAP 774 R-6C6 APOGEE 0 0 0 1 0 0 -121.50033585272 -121.82278263281464 143.1 130.7231061691134 -111.86596226815495 190.17549 135.13177 -999.0 -999.0 -999.0 -999.0 -999.0 310.35699575753097 -21.39019761706136 310.39362529095285 -21.298459384433695 48.07637150034185 90.22838487480732 -999.0 16600.0 -999.0 2 -999 {-999.0 -999.0 -999.0 -999.0 -999.0} "" -999.0 -999.0 -999.0 -999.0 -999 -999 "" "" "" "" 0 0 0.0 0.0 -999 ""
FIBERMAP 774 R-6C6 BOSS 1 1 0 1 0 0 -122.13420106085502 -121.37746459330191 143.1 130.32737257946084 -112.53190225238595 190.17549 135.13177 310.3559400772796 -21.39217655782367 3.3502533 -6.924168 1.0229589 310.35595326574025 -21.39219255191477 310.39239466978154 -21.300522034239577 48.07815934574272 90.23069037662299 5400.0 5400.0 2016.0 1 483 {-999.0 15.349985 14.91971 14.776747 -999.0} sdss_psfmag_from_g3xp 15.266122 14.939847 14.44408 13.559 63050396543794487 1095718565 bright_1x1 mwm_bin_vis_boss mwm_filler science 0 0 0.0 0.0 -999 ""
FIBERMAP 774 R-6C6 METROLOGY 0 0 0 1 0 0 -121.44739288249028 -121.0766624959068 143.1 129.9751285467471 -111.87001090106315 190.17549 135.13177 -999.0 -999.0 -999.0 -999.0 -999.0 310.3547734379351 -21.390223727914783 310.39126652291 -21.298537248864122 48.078461057814245 90.22735926602377 -999.0 6231.0 -999.0 -1 -999 {-999.0 -999.0 -999.0 -999.0 -999.0} "" -999.0 -999.0 -999.0 -999.0 -999 -999 "" "" "" "" 0 0 0.0 0.0 -999 ""
FIBERMAP 775 R-7C2 APOGEE 0 0 0 1 0 0 -207.80116178755705 -139.6638706817957 143.1 155.08631509004533 -196.55606886689995 225.39363 78.79944 -999.0 -999.0 -999.0 -999.0 -999.0 310.4356502196437 -21.645763279073194 310.4727811173948 -21.553796369989385 48.09470124534648 90.62526476227805 -999.0 16600.0 -999.0 2 -999 {-999.0 -999.0 -999.0 -999.0 -999.0} "" -999.0 -999.0 -999.0 -999.0 -999 -999 "" "" "" "" 0 0 0.0 0.0 -999 ""
FIBERMAP 775 R-7C2 BOSS 1 1 0 1 0 0 -208.23264805574848 -139.08961259807612 143.1 154.54660079186752 -197.0300422844084 225.39363 78.79944 310.43410672650907 -21.64713597727181 -0.9869336 -4.8260403 0.24659912 310.43409997102395 -21.64714715544486 310.47104136228313 -21.555248227692072 48.09671715675097 90.62648317503533 5400.0 5400.0 2016.0 1 455 {-999.0 17.344288 16.90229 16.731993 -999.0} sdss_psfmag_ps1 17.25907 16.918758 16.420391 15.427 63050396543792564 944753547 bright_1x1 openfibertargets_nov2020_6c open_fiber science 0 0 0.0 0.0 -999 ""
FIBERMAP 775 R-7C2 METROLOGY 0 0 0 1 0 0 -207.4844050478378 -138.98625472519598 143.1 154.3865453473017 -196.2918545180661 225.39363 78.79944 -999.0 -999.0 -999.0 -999.0 -999.0 310.43356075031267 -21.644978991659304 310.4705528294701 -21.553063205999972 48.09639994787304 90.62317552197806 -999.0 6231.0 -999.0 -1 -999 {-999.0 -999.0 -999.0 -999.0 -999.0} "" -999.0 -999.0 -999.0 -999.0 -999 -999 "" "" "" "" 0 0 0.0 0.0 -999 ""
FIBERMAP 777 R+4C22 APOGEE 0 0 0 1 0 0 218.137826720364 89.46334573454074 143.1 -105.81958259837982 210.6867218100914 118.81301 115.212776 -999.0 -999.0 -999.0 -999.0 -999.0 309.5916169295626 -20.411873823299274 309.6268046181908 -20.321897011402704 48.401697079477486 88.47632464353592 -999.0 16600.0 -999.0 2 -999 {-999.0 -999.0 -999.0 -999.0 -999.0} "" -999.0 -999.0 -999.0 -999.0 -999 -999 "" "" "" "" 0 0 0.0 0.0 -999 ""
FIBERMAP 777 R+4C22 BOSS 1 1 0 1 0 0 218.6702742701331 90.10642723332002 143.1 -106.50134926923153 211.16862878598948 118.81301 115.212776 309.5896110961867 -20.410300813506563 -2.3715782 -7.4662557 0.22898458 309.58960278456334 -20.410323434557313 309.62459990038326 -20.32041980965593 48.40308970044514 88.47312324986484 5400.0 5400.0 2016.0 1 246 {-999.0 17.438667 17.01049 16.89762 -999.0} sdss_psfmag_ps1 17.340525 17.03717 16.543547 15.47 63050396543901984 944753956 bright_1x1 openfibertargets_nov2020_6c open_fiber science 0 0 0.0 0.0 -999 ""
FIBERMAP 777 R+4C22 METROLOGY 0 0 0 1 0 0 218.8823399998082 89.39124723575405 143.1 -105.80440915118963 211.43455647195825 118.81301 115.212776 -999.0 -999.0 -999.0 -999.0 -999.0 309.5917851432452 -20.40951012004903 309.62683174306846 -20.31958307818513 48.40083580188278 88.47308953338245 -999.0 6231.0 -999.0 -1 -999 {-999.0 -999.0 -999.0 -999.0 -999.0} "" -999.0 -999.0 -999.0 -999.0 -999 -999 "" "" "" "" 0 0 0.0 0.0 -999 ""
FIBERMAP 778 R-4C7 APOGEE 1 1 0 1 0 0 -93.000220159321 -70.7421815442053 143.1 77.62039230935592 -87.34011734481768 72.558075 51.800762 310.1836652174306 -21.315736587756177 217.96198 -118.28969 20.321814 310.18432797652264 -21.316096426174894 310.2209715664188 -21.224707658781224 48.20185926966538 90.04132989453205 16000.0 16600.0 2016.0 2 297 {-999.0 14.285055 12.862722 11.911148 -999.0} sdss_psfmag_from_g3xp 13.706207 12.5661 11.505989 9.546 63050396543794957 984828660 bright_1x1 mwm_snc_100pc_apogee mwm_snc science 0 0 0.0 0.0 -999 ""
FIBERMAP 778 R-4C7 BOSS 0 0 0 1 0 0 -92.6873613983348 -71.41245097508158 143.1 78.26487469617797 -86.97711167659418 72.558075 51.800762 -999.0 -999.0 -999.0 -999.0 -999.0 310.1866650743121 -21.314974521734246 310.22311082024567 -21.22364803295898 48.199621553864226 90.04087464671966 -999.0 5400.0 -999.0 1 488 {-999.0 -999.0 -999.0 -999.0 -999.0} "" -999.0 -999.0 -999.0 -999.0 -999 -999 "" "" "" "" 0 0 0.0 0.0 -999 ""
FIBERMAP 778 R-4C7 METROLOGY 0 0 0 1 0 0 -93.42236699202267 -71.36327164396566 143.1 78.27182932098411 -87.71372046085057 72.558075 51.800762 -999.0 -999.0 -999.0 -999.0 -999.0 310.1866381608025 -21.317235979520262 310.22314375678764 -21.225890021112367 48.20036917876972 90.04404611258872 -999.0 6231.0 -999.0 -1 -999 {-999.0 -999.0 -999.0 -999.0 -999.0} "" -999.0 -999.0 -999.0 -999.0 -999 -999 "" "" "" "" 0 0 0.0 0.0 -999 ""
FIBERMAP 782 R-9C4 APOGEE 0 0 0 1 0 0 -144.1876667201953 -172.3412045394849 143.1 182.82247926233595 -130.63879656542667 235.75067 39.025864 -999.0 -999.0 -999.0 -999.0 -999.0 310.52604271313487 -21.4464466280055 310.56261989819006 -21.3543723527982 47.947857432976726 90.3879345354261 -999.0 16600.0 -999.0 2 -999 {-999.0 -999.0 -999.0 -999.0 -999.0} "" -999.0 -999.0 -999.0 -999.0 -999 -999 "" "" "" "" 0 0 0.0 0.0 -999 ""
FIBERMAP 782 R-9C4 BOSS 1 1 0 1 0 0 -144.26288310770443 -171.61890482978248 143.1 182.1080154128183 -130.76881629627542 235.75067 39.025864 310.5239502525237 -21.446789798413274 6.222931 -6.2993927 0.12889823 310.52395713201633 -21.4468068841776 310.560342555141 -21.35480291717976 47.94999705317189 90.38744841400745 5400.0 5400.0 2016.0 1 466 {-999.0 16.959284 16.484163 16.33823 -999.0} sdss_psfmag_ps1 16.835115 16.494661 15.97564 14.984 63050396543793775 943983398 bright_1x1 openfibertargets_nov2020_6b open_fiber science 0 0 0.0 0.0 -999 ""
FIBERMAP 782 R-9C4 METROLOGY 0 0 0 1 0 0 -143.57727017839625 -171.9088686994764 143.1 182.34490582908956 -130.0631139003703 235.75067 39.025864 -999.0 -999.0 -999.0 -999.0 -999.0 310.52470329376206 -21.444709760985365 310.5611383301475 -21.352686213697343 47.94857275232633 90.38486197314444 -999.0 6231.0 -999.0 -1 -999 {-999.0 -999.0 -999.0 -999.0 -999.0} "" -999.0 -999.0 -999.0 -999.0 -999 -999 "" "" "" "" 0 0 0.0 0.0 -999 ""
FIBERMAP 783 R+5C15 APOGEE 0 0 0 1 0 0 85.36238664081145 83.7821293059315 143.1 -90.04049027463081 78.73120964225922 311.14523 102.287155 -999.0 -999.0 -999.0 -999.0 -999.0 309.6402026606715 -20.810976300612293 309.6762563670403 -20.720780721844527 48.50146883387054 89.06278676458487 -999.0 16600.0 -999.0 2 -999 {-999.0 -999.0 -999.0 -999.0 -999.0} "" -999.0 -999.0 -999.0 -999.0 -999 -999 "" "" "" "" 0 0 0.0 0.0 -999 ""
FIBERMAP 783 R+5C15 BOSS 1 1 0 1 0 0 84.83141750530642 83.13476853747781 143.1 -89.3545694329322 78.2511027519709 311.14523 102.287155 309.64254058295273 -20.812281477793142 5.306901 -14.11654 0.26776728 309.64256069973874 -20.812330804296995 309.67842561587725 -20.72219760077552 48.50007519664816 89.06587298035345 5400.0 5400.0 2016.0 1 221 {-999.0 17.984215 17.643433 17.55194 -999.0} sdss_psfmag_ps1 17.896065 17.637896 17.198221 -999.0 63050396543881105 977478119 "" ops_std_boss ops_std standard_boss 0 0 0.0 0.0 -999 ""
FIBERMAP 783 R+5C15 METROLOGY 0 0 0 1 0 0 84.61737970495331 83.84893411353806 143.1 -90.05034786081505 77.9832860211696 311.14523 102.287155 -999.0 -999.0 -999.0 -999.0 -999.0 309.6402354850069 -20.813147844254768 309.67615838559163 -20.722999743368923 48.502342388585625 89.06586843580465 -999.0 6231.0 -999.0 -1 -999 {-999.0 -999.0 -999.0 -999.0 -999.0} "" -999.0 -999.0 -999.0 -999.0 -999 -999 "" "" "" "" 0 0 0.0 0.0 -999 ""
FIBERMAP 785 R+5C13 APOGEE 1 1 0 1 0 0 25.808033010275608 98.36922975175403 143.1 -100.04838236264008 18.23930365382074 102.41908 166.22374 309.6062935754846 -20.99429566237425 47.636806 -45.722557 8.942167 309.6068101122238 -20.994428207435302 309.64332066882446 -20.90423863824417 48.59511975231042 89.30558573221145 16000.0 16600.0 2016.0 2 150 {-999.0 7.65055 6.9737873 6.711388 -999.0} sdss_psfmag_from_g3xp 7.478784 7.010672 6.3703675 5.173 63050396543870602 1106909867 bright_1x1 mwm_tess_rgb_apogee mwm_tessrgb science 0 0 1.1961190700531006 0.0 -999 ""
FIBERMAP 785 R+5C13 BOSS 0 0 0 1 0 0 25.802927189448155 99.12381995895174 143.1 -100.80038337242728 18.17673026485527 102.41908 166.22374 -999.0 -999.0 -999.0 -999.0 -999.0 309.60449661244405 -20.99453289314338 309.64082052431297 -20.904414192748657 48.597367709402334 89.30459142014342 -999.0 5400.0 -999.0 1 154 {-999.0 -999.0 -999.0 -999.0 -999.0} "" -999.0 -999.0 -999.0 -999.0 -999 -999 "" "" "" "" 0 0 0.0 0.0 -999 ""
FIBERMAP 785 R+5C13 METROLOGY 0 0 0 1 0 0 26.455420342904198 98.74915942150358 143.1 -100.4765202820294 18.855861398572024 102.41908 166.22374 -999.0 -999.0 -999.0 -999.0 -999.0 309.60549429994296 -20.99249172900131 309.6418661105116 -20.902352931766565 48.59572800640101 89.30219386745387 -999.0 6231.0 -999.0 -1 -999 {-999.0 -999.0 -999.0 -999.0 -999.0} "" -999.0 -999.0 -999.0 -999.0 -999 -999 "" "" "" "" 0 0 0.0 0.0 -999 ""
FIBERMAP 788 R+7C6 APOGEE 0 0 0 1 0 0 -100.60240403896616 121.01918935013184 143.1 -113.00272454059731 -109.5279501098026 284.05206 102.577225 -999.0 -999.0 -999.0 -999.0 -999.0 309.56314392308155 -21.38182834247922 309.6005949750885 -21.291600593458273 48.76749580097001 89.83444644252177 -999.0 16600.0 -999.0 2 -999 {-999.0 -999.0 -999.0 -999.0 -999.0} "" -999.0 -999.0 -999.0 -999.0 -999 -999 "" "" "" "" 0 0 0.0 0.0 -999 ""
FIBERMAP 788 R+7C6 BOSS 1 1 0 1 0 0 -101.26795624178669 120.6443190184821 143.1 -112.57824746095481 -110.16300516466058 284.05206 102.577225 309.5646584304301 -21.383731710441534 -0.17392273 -1.5357792 0.09255899 309.5646571403737 -21.38374058932215 309.6019218649757 -21.29357415913206 48.76701663512628 89.83790408407339 5400.0 5400.0 2016.0 1 69 {-999.0 17.131912 16.31557 15.998017 -999.0} sdss_psfmag_ps1 16.893402 16.34139 15.628464 14.13 63050396543864106 1061577682 bright_1x1 manual_mwm_halo_distant_kgiant_near_boss_single mwm_halo science 0 0 0.0 0.0 -999 ""
FIBERMAP 788 R+7C6 METROLOGY 0 0 0 1 0 0 -101.23743927127522 121.41444682384015 143.1 -113.34845440317575 -110.1912432404098 284.05206 102.577225 -999.0 -999.0 -999.0 -999.0 -999.0 309.5620833598815 -21.383843543134038 309.5994046442736 -21.293663632704245 48.76924877694473 89.83680337608143 -999.0 6231.0 -999.0 -1 -999 {-999.0 -999.0 -999.0 -999.0 -999.0} "" -999.0 -999.0 -999.0 -999.0 -999 -999 "" "" "" "" 0 0 0.0 0.0 -999 ""
FIBERMAP 794 R-11C15 APOGEE 0 0 0 1 0 0 126.19252847005481 -215.52770559672706 143.1 205.28629055317398 142.2428382325953 233.26285 59.854385 -999.0 -999.0 -999.0 -999.0 -999.0 310.5968818539013 -20.620227413639697 310.6315043090401 -20.52828149733759 47.59756987869728 89.27061531328485 -999.0 16600.0 -999.0 2 -999 {-999.0 -999.0 -999.0 -999.0 -999.0} "" -999.0 -999.0 -999.0 -999.0 -999 -999 "" "" "" "" 0 0 0.0 0.0 -999 ""
FIBERMAP 794 R-11C15 BOSS 1 1 0 1 0 0 125.88835643087587 -214.89738503091274 143.1 204.68097881877773 141.89153714392478 233.26285 59.854385 310.595162227328 -20.621192347826533 -5.2970304 -5.2235575 0.44325238 310.59515185947555 -20.621205236173434 310.62958328819786 -20.529332297914504 47.59962586974496 89.27111511214878 5400.0 5400.0 2016.0 1 332 {-999.0 18.12835 17.774038 17.615452 -999.0} sdss_psfmag_ps1 18.066216 17.76207 17.292961 16.254 63050396543877570 977478086 "" ops_std_boss ops_std standard_boss 0 0 0.0 0.0 -999 ""
FIBERMAP 794 R-11C15 METROLOGY 0 0 0 1 0 0 126.63480383989119 -214.92447204823014 143.1 204.65112469370072 142.6378714539182 233.26285 59.854385 -999.0 -999.0 -999.0 -999.0 -999.0 310.5950251806908 -20.61894683445603 310.62950690659613 -20.527055008229464 47.598877284130936 89.2679238213413 -999.0 6231.0 -999.0 -1 -999 {-999.0 -999.0 -999.0 -999.0 -999.0} "" -999.0 -999.0 -999.0 -999.0 -999 -999 "" "" "" "" 0 0 0.0 0.0 -999 ""
FIBERMAP 797 R0C6 APOGEE 0 0 0 1 0 0 -171.2936159573577 -19.74259858906059 143.1 32.733674993550764 -169.2902212755629 355.48953 34.44006 -999.0 -999.0 -999.0 -999.0 -999.0 310.03757962552487 -21.56420584203805 310.0749498993347 -21.473017075706366 48.415012488148676 90.32147903275052 -999.0 16600.0 -999.0 2 -999 {-999.0 -999.0 -999.0 -999.0 -999.0} "" -999.0 -999.0 -999.0 -999.0 -999 -999 "" "" "" "" 0 0 0.0 0.0 -999 ""
FIBERMAP 797 R0C6 BOSS 1 1 0 1 0 0 -172.06306410238392 -20.132415976052897 143.1 33.18097003194192 -170.02773070792966 355.48953 34.44006 310.039244656232 -21.56644535436435 2.5371528 0.53059316 1.5890361 310.03923827060225 -21.5664335338716 310.0764199134958 -21.475305941367697 48.41450978224543 90.3254244254017 5400.0 5400.0 2016.0 1 451 {-999.0 18.484812 17.125694 16.532562 -999.0} sdss_psfmag_ps1 17.904583 17.057156 16.12186 14.263 63050396543785740 1094658844 bright_1x1 mwm_bin_vis_boss mwm_filler science 0 0 0.0 0.0 -999 ""
FIBERMAP 797 R0C6 METROLOGY 0 0 0 1 0 0 -171.9568490436947 -19.396737215120083 143.1 32.43934522981605 -169.97786719111033 355.48953 34.44006 -999.0 -999.0 -999.0 -999.0 -999.0 310.03677023779795 -21.56632100889322 310.0740086742576 -21.47517970472777 48.416575170023656 90.32408958677615 -999.0 6231.0 -999.0 -1 -999 {-999.0 -999.0 -999.0 -999.0 -999.0} "" -999.0 -999.0 -999.0 -999.0 -999 -999 "" "" "" "" 0 0 0.0 0.0 -999 ""
FIBERMAP 798 R+9C9 APOGEE 0 0 0 1 0 0 -23.46355292953112 185.16645273149362 143.1 -182.83915599706418 -37.50057146997843 161.04008 93.587555 -999.0 -999.0 -999.0 -999.0 -999.0 309.33738558717175 -21.162232068244865 309.37456367396817 -21.07250582824345 48.88910375285935 89.4112027183067 -999.0 16600.0 -999.0 2 135 {-999.0 -999.0 -999.0 -999.0 -999.0} "" -999.0 -999.0 -999.0 -999.0 -999 -999 "" "" "" "" 0 0 0.0 0.0 -999 ""
FIBERMAP 798 R+9C9 BOSS 1 1 0 1 0 0 -23.28399147718656 185.87353651405235 143.1 -183.55785651057832 -37.37539714347064 161.04008 93.587555 309.3351745605469 -21.161782145623945 -999.0 -999.0 -999.0 309.3351853108956 -21.16178516559586 309.37217687540794 -21.072128554134093 48.89105917406708 89.40948267201873 5400.0 5400.0 2015.5 1 130 {-999.0 -999.0 -999.0 -999.0 -999.0} "" -999.0 -999.0 -999.0 -999.0 27021603186174772 825562871 "" ops_sky_boss_good ops_sky sky_boss 0 0 0.0 0.0 -999 ""
FIBERMAP 798 R+9C9 METROLOGY 0 0 0 1 0 0 -22.731144563593215 185.39663291454275 143.1 -183.12445772415344 -36.78783312404441 161.04008 93.587555 -999.0 -999.0 -999.0 -999.0 -999.0 309.3365186286392 -21.16003611705866 309.37355796341217 -21.070359006028973 48.889233807821775 89.40764484023293 -999.0 6231.0 -999.0 -1 -999 {-999.0 -999.0 -999.0 -999.0 -999.0} "" -999.0 -999.0 -999.0 -999.0 -999 -999 "" "" "" "" 0 0 0.0 0.0 -999 ""
FIBERMAP 801 R+7C20 APOGEE 1 1 0 1 0 0 210.7468351321924 114.8333532199218 143.1 -130.55259171276924 201.38466871682547 326.06104 39.78463 309.5116108511382 -20.439733983733955 4.564465 -6.41266 1.8603997 309.5116204215026 -20.439778825316406 309.54695364175325 -20.349946097710607 48.48164699082101 88.47491607355653 16000.0 16600.0 2016.0 2 89 {-999.0 12.397013 11.668745 11.429457 -999.0} sdss_psfmag_from_g3xp 12.195846 11.719836 11.086033 9.868 63050396543902114 1104208327 bright_1x1 mwm_tess_rgb_apogee mwm_tessrgb science 0 0 0.0 0.0 -999 ""
FIBERMAP 801 R+7C20 BOSS 0 0 0 1 0 0 210.01859708156766 114.75527937877457 143.1 -130.41927049481754 200.66450151392124 326.06104 39.78463 -999.0 -999.0 -999.0 -999.0 -999.0 309.5122048769631 -20.441857176761122 309.54735363995076 -20.352091239269246 48.48207277718385 88.47813795405204 -999.0 5400.0 -999.0 1 263 {-999.0 -999.0 -999.0 -999.0 -999.0} "" -999.0 -999.0 -999.0 -999.0 -999 -999 "" "" "" "" 0 0 0.0 0.0 -999 ""
FIBERMAP 801 R+7C20 METROLOGY 0 0 0 1 0 0 210.31279092435625 115.43138189485956 143.1 -131.1158124350467 200.90633404465868 326.06104 39.78463 -999.0 -999.0 -999.0 -999.0 -999.0 309.50988842061855 -20.44111138900856 309.54509129894154 -20.351330686384646 48.483775534173326 88.47591138062273 -999.0 6231.0 -999.0 -1 -999 {-999.0 -999.0 -999.0 -999.0 -999.0} "" -999.0 -999.0 -999.0 -999.0 -999 -999 "" "" "" "" 0 0 0.0 0.0 -999 ""
FIBERMAP 803 R-5C19 APOGEE 0 0 0 1 0 0 163.1426057210025 -80.59484031500708 143.1 67.93211766956962 168.8063880194586 136.37173 83.10022 -999.0 -999.0 -999.0 -999.0 -999.0 310.15314403888726 -20.539256207938656 310.18804529170075 -20.4481718236542 47.95657802721767 88.93755986932592 -999.0 16600.0 -999.0 2 -999 {-999.0 -999.0 -999.0 -999.0 -999.0} "" -999.0 -999.0 -999.0 -999.0 -999 -999 "" "" "" "" 0 0 0.0 0.0 -999 ""
FIBERMAP 803 R-5C19 BOSS 1 1 0 1 0 0 163.70207268740126 -80.11500777624383 143.1 67.41106569430993 169.32767145232526 136.37173 83.10022 310.15168541941074 -20.537492392032373 -5.875528 -13.614228 0.55523926 310.15167422727814 -20.5375515147847 310.18638072162435 -20.446539918273945 47.957446669384744 88.93444863256093 5400.0 5400.0 2016.0 1 313 {-999.0 17.002768 16.497196 16.305681 -999.0} sdss_psfmag_ps1 16.86036 16.48578 15.932075 14.816 63050396543882979 944753918 bright_1x1 openfibertargets_nov2020_6c open_fiber science 0 0 0.0 0.0 -999 ""
FIBERMAP 803 R-5C19 METROLOGY 0 0 0 1 0 0 163.8471486585503 -80.84607221176297 143.1 68.12894701627715 169.528014739629 136.37173 83.10022 -999.0 -999.0 -999.0 -999.0 -999.0 310.15395188849084 -20.536948249595152 310.18870916451453 -20.445912855521804 47.95518536332455 88.93474632013692 -999.0 6231.0 -999.0 -1 -999 {-999.0 -999.0 -999.0 -999.0 -999.0} "" -999.0 -999.0 -999.0 -999.0 -999 -999 "" "" "" "" 0 0 0.0 0.0 -999 ""
FIBERMAP 810 R+10C16 APOGEE 0 0 0 1 0 0 141.5474496007712 183.09703890916833 143.1 -193.34582757800075 127.18693011967032 255.78496 68.33314 -999.0 -999.0 -999.0 -999.0 -999.0 309.3071577488339 -20.663284539770995 309.3432136506839 -20.573773146518498 48.74025729333231 88.68696717642615 -999.0 16600.0 -999.0 2 -999 {-999.0 -999.0 -999.0 -999.0 -999.0} "" -999.0 -999.0 -999.0 -999.0 -999 -999 "" "" "" "" 0 0 0.0 0.0 -999 ""
FIBERMAP 810 R+10C16 BOSS 1 1 0 1 0 0 140.93391884802338 183.52297596771342 143.1 -193.72378571700554 126.54274168511832 255.78496 68.33314 309.30609326037825 -20.665139757338522 -1.4465253 0.41807246 0.43168807 309.30607789335426 -20.665141562181734 309.34195170292105 -20.57569889490014 48.74204948456432 88.68905318314108 5400.0 5400.0 2016.0 1 185 {-999.0 16.983496 16.594982 16.44158 16.381144} sdss_psfmag_from_gaia 16.9298 16.6077 16.1217 15.127 63050396543900902 974125104 "" ops_std_boss_gdr2 ops_std standard_boss 0 0 0.0 0.0 -999 ""
FIBERMAP 810 R+10C16 METROLOGY 0 0 0 1 0 0 141.60579026672295 183.84275640493493 143.1 -194.09381491379182 127.18829411577623 255.78496 68.33314 -999.0 -999.0 -999.0 -999.0 -999.0 309.30481809419723 -20.663185781333517 309.34074181571316 -20.573727098535812 48.74240183241919 88.68564650765461 -999.0 6231.0 -999.0 -1 -999 {-999.0 -999.0 -999.0 -999.0 -999.0} "" -999.0 -999.0 -999.0 -999.0 -999 -999 "" "" "" "" 0 0 0.0 0.0 -999 ""
FIBERMAP 811 R-13C1 APOGEE 1 1 0 1 0 0 -166.31419927359224 -255.42677096435108 143.1 267.3513169025509 -146.37159874656805 247.5096 43.27774 310.7990839936193 -21.492331923614334 0.6134302 -3.219357 0.84084004 310.7991035418527 -21.492329673428525 310.83549116452593 -21.399728803612835 47.724836022498884 90.58151500227564 16000.0 16600.0 2016.0 2 154 {-999.0 13.088778 12.117662 11.79789 -999.0} sdss_psfmag_from_g3xp 12.770779 12.17171 11.439728 9.944 63050396543789218 1110424048 bright_1x1 mwm_tess_rgb_apogee mwm_tessrgb science 0 0 0.0 0.0 -999 ""
FIBERMAP 811 R-13C1 BOSS 0 0 0 1 0 0 -166.5777000790361 -254.7323510889862 143.1 266.67899454620954 -146.68723008789541 247.5096 43.27774 -999.0 -999.0 -999.0 -999.0 -999.0 310.79707803554356 -21.493201863475793 310.8332733673268 -21.400671386941134 47.72709902654969 90.58177694450666 -999.0 5400.0 -999.0 1 435 {-999.0 -999.0 -999.0 -999.0 -999.0} "" -999.0 -999.0 -999.0 -999.0 -999 -999 "" "" "" "" 0 0 0.0 0.0 -999 ""
FIBERMAP 811 R-13C1 METROLOGY 0 0 0 1 0 0 -165.84900887085848 -254.8445914908019 143.1 266.73539812847906 -145.95211347119826 247.5096 43.27774 -999.0 -999.0 -999.0 -999.0 -999.0 310.7972706876496 -21.49103663675283 310.83351655483216 -21.39848753687801 47.72613643683725 90.5788434148945 -999.0 6231.0 -999.0 -1 -999 {-999.0 -999.0 -999.0 -999.0 -999.0} "" -999.0 -999.0 -999.0 -999.0 -999 -999 "" "" "" "" 0 0 0.0 0.0 -999 ""
FIBERMAP 812 R-8C7 APOGEE 0 0 0 1 0 0 -57.517103920689664 -150.2467871512892 143.1 154.19017749167134 -45.90403727001202 8.9718685 134.09557 -999.0 -999.0 -999.0 -999.0 -999.0 310.4333163078419 -21.1901592183075 310.4694071178491 -21.098340248839413 47.94070674582818 89.98444336203727 -999.0 16600.0 -999.0 2 -999 {-999.0 -999.0 -999.0 -999.0 -999.0} "" -999.0 -999.0 -999.0 -999.0 -999 -999 "" "" "" "" 0 0 0.0 0.0 -999 ""
FIBERMAP 812 R-8C7 BOSS 1 1 0 1 0 0 -56.86699118630263 -150.79263935329075 143.1 154.68491441543122 -45.2142387385261 8.9718685 134.09557 310.43518066406244 -21.18803401545911 -999.0 -999.0 -999.0 310.43518297406337 -21.18801609036095 310.47107268105515 -21.09626165981428 47.93852586674159 89.98234345076168 5400.0 5400.0 2015.5 1 373 {-999.0 -999.0 -999.0 -999.0 -999.0} "" -999.0 -999.0 -999.0 -999.0 27021603186164549 815792861 "" ops_sky_boss_good ops_sky sky_boss 0 0 0.0 0.0 -999 ""
FIBERMAP 812 R-8C7 METROLOGY 0 0 0 1 0 0 -57.59273430264308 -150.9909499440447 143.1 154.93793173724637 -45.92275900106677 8.9718685 134.09557 -999.0 -999.0 -999.0 -999.0 -999.0 310.43596882605453 -21.19018755226726 310.4719176919598 -21.098411857467944 47.93853624131398 89.98576194937675 -999.0 6231.0 -999.0 -1 -999 {-999.0 -999.0 -999.0 -999.0 -999.0} "" -999.0 -999.0 -999.0 -999.0 -999 -999 "" "" "" "" 0 0 0.0 0.0 -999 ""
FIBERMAP 813 R+1C24 APOGEE 0 0 0 1 0 0 224.42733837736995 23.334645714389474 143.1 -40.36281856707614 221.99538364375104 148.26076 128.31032 -999.0 -999.0 -999.0 -999.0 -999.0 309.80315939018936 -20.37814347457802 309.8380537860469 -20.28777405238513 48.20466714149351 88.53638151116371 -999.0 16600.0 -999.0 2 112 {-999.0 -999.0 -999.0 -999.0 -999.0} "" -999.0 -999.0 -999.0 -999.0 -999 -999 "" "" "" "" 0 0 0.0 0.0 -999 ""
FIBERMAP 813 R+1C24 BOSS 1 1 0 1 0 0 224.31421748312198 24.08917714674993 143.1 -41.10653270377417 221.8251146114314 148.26076 128.31032 309.80086222843636 -20.37850879571776 22.352245 -7.7407713 0.6259148 309.80093788020577 -20.378544029349133 309.83564515785076 -20.28824811466984 48.206944565262596 88.53581596436442 5400.0 5400.0 2016.0 1 191 {-999.0 16.238443 15.7694025 15.623112 -999.0} sdss_psfmag_ps1 16.072943 15.763579 15.276266 14.425 63050396543884861 1073397309 bright_1x1 mwm_halo_local_high_boss_single mwm_halo science 0 0 0.0 0.0 -999 ""
FIBERMAP 813 R+1C24 METROLOGY 0 0 0 1 0 0 225.01651500840558 23.796299271805687 143.1 -40.86800776227323 222.54767493431606 148.26076 128.31032 -999.0 -999.0 -999.0 -999.0 -999.0 309.8016570845332 -20.3763548073518 309.83641255514283 -20.286038555705385 48.20547291637893 88.53311738571551 -999.0 6231.0 -999.0 -1 -999 {-999.0 -999.0 -999.0 -999.0 -999.0} "" -999.0 -999.0 -999.0 -999.0 -999 -999 "" "" "" "" 0 0 0.0 0.0 -999 ""
FIBERMAP 815 R-12C7 APOGEE 0 0 0 1 0 0 -42.85907564148344 -233.00844541156073 143.1 235.5939121029509 -24.98421023407342 235.15811 49.302353 -999.0 -999.0 -999.0 -999.0 -999.0 310.696590196179 -21.126102235034768 310.7322546213029 -21.0338090145022 47.688327986198544 90.02187193037315 -999.0 16600.0 -999.0 2 -999 {-999.0 -999.0 -999.0 -999.0 -999.0} "" -999.0 -999.0 -999.0 -999.0 -999 -999 "" "" "" "" 0 0 0.0 0.0 -999 ""
FIBERMAP 815 R-12C7 BOSS 1 1 0 1 0 0 -43.05144699222939 -232.33963644292731 143.1 234.941707544471 -25.226968558243577 235.15811 49.302353 310.6947326660156 -21.1267868927837 -999.0 -999.0 -999.0 310.69471755477264 -21.126779281571622 310.730189759622 -21.034557523798835 47.69039532374124 90.02191292263535 5400.0 5400.0 2015.5 1 366 {-999.0 -999.0 -999.0 -999.0 -999.0} "" -999.0 -999.0 -999.0 -999.0 27021603186164791 815792918 "" ops_sky_boss_good ops_sky sky_boss 0 0 0.0 0.0 -999 ""
FIBERMAP 815 R-12C7 METROLOGY 0 0 0 1 0 0 -42.33148788311284 -232.47821020524793 143.1 235.02503288938772 -24.498552581642265 235.15811 49.302353 -999.0 -999.0 -999.0 -999.0 -999.0 310.69496764683043 -21.124596416210508 310.73049009878275 -21.032355569106485 47.6893629421281 90.01899372408093 -999.0 6231.0 -999.0 -1 -999 {-999.0 -999.0 -999.0 -999.0 -999.0} "" -999.0 -999.0 -999.0 -999.0 -999 -999 "" "" "" "" 0 0 0.0 0.0 -999 ""
FIBERMAP 817 R+10C12 APOGEE 0 0 0 1 0 0 63.36463972041457 182.18937735353703 143.1 -186.4850767992206 49.301230408649396 246.4508 121.96564 -999.0 -999.0 -999.0 -999.0 -999.0 309.3272919761505 -20.899081071208823 309.3638715441082 -20.809456833658487 48.80603056144613 89.0316245464262 -999.0 16600.0 -999.0 2 -999 {-999.0 -999.0 -999.0 -999.0 -999.0} "" -999.0 -999.0 -999.0 -999.0 -999 -999 "" "" "" "" 0 0 0.0 0.0 -999 ""
FIBERMAP 817 R+10C12 BOSS 1 1 0 1 0 0 62.56133086147121 182.10722161095723 143.1 -186.34196690923093 48.5065222377812 246.4508 121.96564 309.327837539744 -20.901330281230486 9.814629 -22.735884 0.6120047 309.3278639903956 -20.901409955895232 309.3642606924054 -20.811850200990474 48.80653667484594 89.03521903743382 5400.0 5400.0 2016.0 1 147 {-999.0 16.894173 16.320374 16.030416 -999.0} sdss_psfmag_ps1 16.692215 16.287737 15.710159 14.536 63050396543872167 1072837571 bright_1x1 mwm_halo_local_high_boss_single mwm_halo science 0 0 0.0 0.0 -999 ""
FIBERMAP 817 R+10C12 METROLOGY 0 0 0 1 0 0 62.88753035680197 182.7654544941608 143.1 -187.023129417443 48.781628354175794 246.4508 121.96564 -999.0 -999.0 -999.0 -999.0 -999.0 309.32558887246404 -20.90057858493894 309.36203918575904 -20.8110046661421 48.808180075709785 89.03290316781528 -999.0 6231.0 -999.0 -1 -999 {-999.0 -999.0 -999.0 -999.0 -999.0} "" -999.0 -999.0 -999.0 -999.0 -999 -999 "" "" "" "" 0 0 0.0 0.0 -999 ""
FIBERMAP 822 R+8C14 APOGEE 0 0 0 1 0 0 105.48456609631853 142.3775102021425 143.1 -149.9978657124018 94.33109314624353 16.083387 49.71792 -999.0 -999.0 -999.0 -999.0 -999.0 309.44626728135324 -20.763110993992996 309.4824107224083 -20.673301373502298 48.65407692251582 88.89826723284705 -999.0 16600.0 -999.0 2 -999 {-999.0 -999.0 -999.0 -999.0 -999.0} "" -999.0 -999.0 -999.0 -999.0 -999 -999 "" "" "" "" 0 0 0.0 0.0 -999 ""
FIBERMAP 822 R+8C14 BOSS 1 1 0 1 0 0 105.22003557134771 141.72021645074315 143.1 -149.32233735787963 94.11740464415234 16.083387 49.71792 309.4484009358645 -20.763678928759344 3.2651224 -0.69319254 0.15113628 309.44857899948147 -20.763664321625964 309.48453301304437 -20.67391721476863 48.65244057375558 88.90020833686646 5400.0 5400.0 2016.0 1 168 {-999.0 14.031012 13.424819 13.144371 -999.0} sdss_psfmag_from_g3xp 13.875347 13.425386 12.796772 11.509 63050396543881393 1061927088 bright_1x1 manual_mwm_halo_vmp_wise_boss_single mwm_halo science 0 0 0.6666143536567688 0.0 -999 ""
FIBERMAP 822 R+8C14 METROLOGY 0 0 0 1 0 0 104.74057219571569 142.3002360624717 143.1 -149.8641416299703 93.59515511572259 16.083387 49.71792 -999.0 -999.0 -999.0 -999.0 -999.0 309.4467411672565 -20.765247612928132 309.4827540947915 -20.67548450063941 48.65455379616942 88.90152865010526 -999.0 6231.0 -999.0 -1 -999 {-999.0 -999.0 -999.0 -999.0 -999.0} "" -999.0 -999.0 -999.0 -999.0 -999 -999 "" "" "" "" 0 0 0.0 0.0 -999 ""
FIBERMAP 823 R-1C16 APOGEE 1 1 0 1 0 0 70.55026092290598 -28.427974591483217 143.1 22.970772924953387 72.51010812711294 357.16318 84.92901 310.0071289474688 -20.830699363447057 16.080763 7.476291 2.0876997 310.0071691793467 -20.830676641435726 310.0428871584709 -20.739776523648203 48.18763062590225 89.27257844012598 16000.0 16600.0 2016.0 2 219 {-999.0 11.846787 11.51427 11.426242 -999.0} sdss_psfmag_from_g3xp 11.801025 11.529561 11.099564 10.422 63050396543875775 975404141 "" ops_std_apogee ops_std standard_apogee 0 0 0.0 0.0 -999 ""
FIBERMAP 823 R-1C16 BOSS 0 0 0 1 0 0 70.46586267575427 -29.15767902622484 143.1 23.704778880622975 72.48154270133912 357.16318 84.92901 -999.0 -999.0 -999.0 -999.0 -999.0 310.0097610630646 -20.830656235434866 310.045284670545 -20.73981917882825 48.185549334435436 89.27383091225732 -999.0 5400.0 -999.0 1 316 {-999.0 -999.0 -999.0 -999.0 -999.0} "" -999.0 -999.0 -999.0 -999.0 -999 -999 "" "" "" "" 0 0 0.0 0.0 -999 ""
FIBERMAP 823 R-1C16 METROLOGY 0 0 0 1 0 0 69.86728112822317 -28.715768360527115 143.1 23.3097549243169 71.85104306050827 357.16318 84.92901 -999.0 -999.0 -999.0 -999.0 -999.0 310.00842222328237 -20.832580497668253 310.0440059380053 -20.741726102822927 48.187343710548674 89.27586915953128 -999.0 6231.0 -999.0 -1 -999 {-999.0 -999.0 -999.0 -999.0 -999.0} "" -999.0 -999.0 -999.0 -999.0 -999 -999 "" "" "" "" 0 0 0.0 0.0 -999 ""
FIBERMAP 826 R+6C9 APOGEE 0 0 0 1 0 0 -38.7703579751159 121.13710878570306 143.1 -117.83048299730572 -47.88517806676906 325.91885 168.67725 -999.0 -999.0 -999.0 -999.0 -999.0 309.548138932988 -21.194874768550928 309.58517318857866 -21.104734372862755 48.71617583571207 89.56110556454718 -999.0 16600.0 -999.0 2 -999 {-999.0 -999.0 -999.0 -999.0 -999.0} "" -999.0 -999.0 -999.0 -999.0 -999 -999 "" "" "" "" 0 0 0.0 0.0 -999 ""
FIBERMAP 826 R+6C9 BOSS 1 1 0 1 0 0 -38.25346509890918 120.61838291663544 143.1 -117.3526450151369 -47.33027735202963 325.91885 168.67725 309.54985259366 -21.193133238655488 -3.231232 -6.2814345 0.08293634 309.5498249752013 -21.193156986665514 309.5866644766314 -21.103079465514185 48.714295108146324 89.55948932616002 5400.0 5400.0 2016.0 1 135 {-999.0 16.317272 15.775966 15.519007 -999.0} sdss_psfmag_ps1 16.176426 15.761728 15.170862 14.005 63050396543869976 1061875498 bright_1x1 manual_mwm_halo_mp_wise_boss_single mwm_halo science 0 0 0.0 0.0 -999 ""
FIBERMAP 826 R+6C9 METROLOGY 0 0 0 1 0 0 -38.960570495874386 120.41370197501989 143.1 -117.09469568374932 -48.01972896494011 325.91885 168.67725 -999.0 -999.0 -999.0 -999.0 -999.0 309.5505878751836 -21.19527639161138 309.58748504267635 -21.10517816137917 48.714308845440854 89.56287499721412 -999.0 6231.0 -999.0 -1 -999 {-999.0 -999.0 -999.0 -999.0 -999.0} "" -999.0 -999.0 -999.0 -999.0 -999 -999 "" "" "" "" 0 0 0.0 0.0 -999 ""
FIBERMAP 829 R-13C9 APOGEE 0 0 0 1 0 0 44.10971304170484 -258.76773468142244 143.1 254.65306611166065 63.69325956730843 322.82803 124.17053 -999.0 -999.0 -999.0 -999.0 -999.0 310.75696585379416 -20.85762195238694 310.7919570176525 -20.765300751966567 47.54165362436427 89.67812886928436 -999.0 16600.0 -999.0 2 157 {-999.0 -999.0 -999.0 -999.0 -999.0} "" -999.0 -999.0 -999.0 -999.0 -999 -999 "" "" "" "" 0 0 0.0 0.0 -999 ""
FIBERMAP 829 R-13C9 BOSS 1 1 0 1 0 0 44.050037581529644 -259.50858626510944 143.1 255.3963034041937 63.69019399817511 322.82803 124.17053 310.75949704861154 -20.85754782553786 17.191515 -5.1835313 2.5201871 310.7595528409917 -20.857558868159188 310.7943450348033 -20.765302260309536 47.539565907155485 89.67930207205524 5400.0 5400.0 2016.0 1 438 {-999.0 18.84757 17.372068 16.42539 -999.0} sdss_psfmag_ps1 18.216478 17.044048 15.974487 13.854 63050396543798980 1096666081 bright_1x1 mwm_bin_vis_boss mwm_filler science 0 0 0.0 0.0 -999 ""
FIBERMAP 829 R-13C9 METROLOGY 0 0 0 1 0 0 43.4294718157662 -259.10311523822327 143.1 255.03928752807087 63.04055010536936 322.82803 124.17053 -999.0 -999.0 -999.0 -999.0 -999.0 310.7584115949419 -20.859532026226184 310.79326503945003 -20.76725724915302 47.54120248504471 89.68148086026241 -999.0 6231.0 -999.0 -1 -999 {-999.0 -999.0 -999.0 -999.0 -999.0} "" -999.0 -999.0 -999.0 -999.0 -999 -999 "" "" "" "" 0 0 0.0 0.0 -999 ""
FIBERMAP 833 R0C10 APOGEE 0 0 0 1 0 0 -93.0542968871868 -21.88363327351073 143.1 28.908426294640247 -91.11593646013372 339.765 15.891537 -999.0 -999.0 -999.0 -999.0 -999.0 310.0256154271892 -21.327489877263297 310.0624534677685 -21.236398185565456 48.344528285817866 89.98094853023315 -999.0 16600.0 -999.0 2 -999 {-999.0 -999.0 -999.0 -999.0 -999.0} "" -999.0 -999.0 -999.0 -999.0 -999 -999 "" "" "" "" 0 0 0.0 0.0 -999 ""
FIBERMAP 833 R0C10 BOSS 1 1 0 1 0 0 -93.78370642313601 -21.834677851462132 143.1 28.91517788446551 -91.84694844702987 339.765 15.891537 310.0259062219827 -21.32962906107256 -16.923922 -25.846785 0.8374591 310.0258426686364 -21.329693292284187 310.06249368944304 -21.238666435307756 48.34527813431554 89.98416987201898 5400.0 5400.0 2016.0 1 448 {-999.0 16.146927 15.713433 15.524587 -999.0} sdss_psfmag_ps1 16.051512 15.696387 15.169912 14.215 63050396543872623 1072837573 bright_1x1 mwm_halo_local_high_boss_single mwm_halo science 0 0 0.0 0.0 -999 ""
FIBERMAP 833 R0C10 METROLOGY 0 0 0 1 0 0 -93.37495285612012 -21.207853748529743 143.1 28.25904384846765 -91.48713634374373 339.765 15.891537 -999.0 -999.0 -999.0 -999.0 -999.0 310.0236544310754 -21.328626887392446 310.06035969313893 -21.23758582507105 48.34677030217916 89.98160873391919 -999.0 6231.0 -999.0 -1 -999 {-999.0 -999.0 -999.0 -999.0 -999.0} "" -999.0 -999.0 -999.0 -999.0 -999 -999 "" "" "" "" 0 0 0.0 0.0 -999 ""
FIBERMAP 834 R+2C24 APOGEE 0 0 0 1 0 0 257.1897305679264 47.678076387341484 143.1 -67.1310105011396 252.80783578559084 45.445972 110.800644 -999.0 -999.0 -999.0 -999.0 -999.0 309.717240907688 -20.28537161853709 309.75201116810206 -20.195195183365907 48.24625610514021 88.3628927981033 -999.0 16600.0 -999.0 2 -999 {-999.0 -999.0 -999.0 -999.0 -999.0} "" -999.0 -999.0 -999.0 -999.0 -999 -999 "" "" "" "" 0 0 0.0 0.0 -999 ""
FIBERMAP 834 R+2C24 BOSS 1 1 0 1 0 0 257.88694337998567 47.354669423495196 143.1 -66.86165814968587 253.52765183729824 45.445972 110.800644 309.7183227539062 -20.28312115238552 -999.0 -999.0 -999.0 309.71831103104654 -20.283138718627608 309.75288529497936 -20.19303058518855 48.2447039906735 88.36031388567176 5400.0 5400.0 2015.5 1 193 {-999.0 -999.0 -999.0 -999.0 -999.0} "" -999.0 -999.0 -999.0 -999.0 27021603186179792 815795077 "" ops_sky_boss_good ops_sky sky_boss 0 0 0.0 0.0 -999 ""
FIBERMAP 834 R+2C24 METROLOGY 0 0 0 1 0 0 257.28846481212753 46.9366252656766 143.1 -66.39924260271665 252.96276369730094 45.445972 110.800644 -999.0 -999.0 -999.0 -999.0 -999.0 309.71972495590654 -20.28480882151496 309.754355376965 -20.194677728536792 48.24401859656294 88.36337175241039 -999.0 6231.0 -999.0 -1 -999 {-999.0 -999.0 -999.0 -999.0 -999.0} "" -999.0 -999.0 -999.0 -999.0 -999 -999 "" "" "" "" 0 0 0.0 0.0 -999 ""
FIBERMAP 836 R+9C2 APOGEE 0 0 0 1 0 0 -163.0767189667887 188.15802436490313 143.1 -175.18668563455853 -176.93453940912573 80.62193 107.396034 -999.0 -999.0 -999.0 -999.0 -999.0 309.3605685915899 -21.58415497965276 309.3987022442468 -21.494252125494995 49.01363535951378 90.02574605839271 -999.0 16600.0 -999.0 2 -999 {-999.0 -999.0 -999.0 -999.0 -999.0} "" -999.0 -999.0 -999.0 -999.0 -999 -999 "" "" "" "" 0 0 0.0 0.0 -999 ""
FIBERMAP 836 R+9C2 BOSS 1 1 0 1 0 0 -162.3531861830958 188.25320792035689 143.1 -175.33670824457477 -176.22036712098964 80.62193 107.396034 309.36027430494113 -21.58193660238698 -5.4353585 0.44428635 1.1169567 309.3602608102922 -21.581947545028996 309.39820160408954 -21.492109574575757 49.01334123304376 90.0224332821814 5400.0 5400.0 2016.0 1 19 {-999.0 15.827421 15.19533 15.023219 -999.0} sdss_psfmag_ps1 15.625146 15.236806 14.635336 13.475 63050396543861504 1095253222 bright_1x1 mwm_bin_vis_boss mwm_filler science 0 0 0.0 0.0 -999 ""
FIBERMAP 836 R+9C2 METROLOGY 0 0 0 1 0 0 -162.62210389519646 187.56403501021964 143.1 -174.6290594823079 -176.43600155768877 80.62193 107.396034 -999.0 -999.0 -999.0 -999.0 -999.0 309.36246784381274 -21.58266630009362 309.4004612693932 -21.492805844091578 49.011603056197835 90.02452609693336 -999.0 6231.0 -999.0 -1 -999 {-999.0 -999.0 -999.0 -999.0 -999.0} "" -999.0 -999.0 -999.0 -999.0 -999 -999 "" "" "" "" 0 0 0.0 0.0 -999 ""
FIBERMAP 843 R+7C18 APOGEE 0 0 0 1 0 0 179.96760035372677 133.28143888956924 143.1 -146.6022147396041 169.28985998007477 339.94315 125.63254 -999.0 -999.0 -999.0 -999.0 -999.0 309.4590346265244 -20.536473539963676 309.49464350419237 -20.446710915416357 48.562279046209206 88.58447740441312 -999.0 16600.0 -999.0 2 119 {-999.0 -999.0 -999.0 -999.0 -999.0} "" -999.0 -999.0 -999.0 -999.0 -999 -999 "" "" "" "" 0 0 0.0 0.0 -999 ""
FIBERMAP 843 R+7C18 BOSS 1 1 0 1 0 0 180.16677360466224 132.54837224281184 143.1 -145.88645801566824 169.54429533164893 339.94315 125.63254 309.4615173339844 -20.53560520741533 -999.0 -999.0 -999.0 309.4615106165079 -20.53561100925488 309.4969266315617 -20.445911994037946 48.55999557576427 88.58451443617605 5400.0 5400.0 2015.5 1 204 {-999.0 -999.0 -999.0 -999.0 -999.0} "" -999.0 -999.0 -999.0 -999.0 27021603186179299 815794972 "" ops_sky_boss_good ops_sky sky_boss 0 0 0.0 0.0 -999 ""
FIBERMAP 843 R+7C18 METROLOGY 0 0 0 1 0 0 179.44664317682268 132.74468770267885 143.1 -146.02734364304027 168.81130994368908 339.94315 125.63254 -999.0 -999.0 -999.0 -999.0 -999.0 309.46095928716665 -20.537815057064005 309.4964343092263 -20.448097102057606 48.56121233423419 88.58734402228129 -999.0 6231.0 -999.0 -1 -999 {-999.0 -999.0 -999.0 -999.0 -999.0} "" -999.0 -999.0 -999.0 -999.0 -999 -999 "" "" "" "" 0 0 0.0 0.0 -999 ""
FIBERMAP 844 R-3C20 APOGEE 0 0 0 1 0 0 166.90339704202748 -66.34468068766883 143.1 53.4370229893292 171.47067842101126 204.203 160.61847 -999.0 -999.0 -999.0 -999.0 -999.0 310.1062311224133 -20.531117744465778 310.141162431961 -20.440124697309344 47.99467524889556 88.90274538505241 -999.0 16600.0 -999.0 2 214 {-999.0 -999.0 -999.0 -999.0 -999.0} "" -999.0 -999.0 -999.0 -999.0 -999 -999 "" "" "" "" 0 0 0.0 0.0 -999 ""
FIBERMAP 844 R-3C20 BOSS 1 1 0 1 0 0 166.14499345615226 -66.44512887105824 143.1 53.59495123139593 170.72213805158412 204.203 160.61847 310.1069532896359 -20.533261935352055 0.6206748 0.0013539062 -0.31702125 310.10695492933155 -20.533251391403553 310.14169821292035 -20.442325691756615 47.99499843257465 88.90608411970493 5400.0 5400.0 2016.0 1 306 {-999.0 20.57154 20.41478 20.043747 -999.0} sdss_psfmag_ps1 20.088427 19.924435 19.412634 -999.0 63050396543883227 1117383555 bright_1x1 openfibertargets_bhm_quaia_boss open_fiber science 0 0 0.0 0.0 -999 ""
FIBERMAP 844 R-3C20 METROLOGY 0 0 0 1 0 0 166.43598313402256 -65.7656916476327 143.1 52.89532839107121 170.96052173201196 204.203 160.61847 -999.0 -999.0 -999.0 -999.0 -999.0 310.10464292754295 -20.532524376253537 310.13944140777755 -20.441583616421298 47.99670472052273 88.90391284761762 -999.0 6231.0 -999.0 -1 -999 {-999.0 -999.0 -999.0 -999.0 -999.0} "" -999.0 -999.0 -999.0 -999.0 -999 -999 "" "" "" "" 0 0 0.0 0.0 -999 ""
FIBERMAP 845 R+9C16 APOGEE 0 0 0 1 0 0 152.8046908961548 156.375999713319 143.1 -167.5602456182425 140.4468772324884 337.20828 61.791298 -999.0 -999.0 -999.0 -999.0 -999.0 309.39066245904263 -20.623433475696395 309.4265412066736 -20.533774423241557 48.653084946258076 88.67271475247321 -999.0 16600.0 -999.0 2 76 {-999.0 -999.0 -999.0 -999.0 -999.0} "" -999.0 -999.0 -999.0 -999.0 -999 -999 "" "" "" "" 0 0 0.0 0.0 -999 ""
FIBERMAP 845 R+9C16 BOSS 1 1 0 1 0 0 152.18503199900186 155.9566828441878 143.1 -167.09494761596108 139.8609674726684 337.20828 61.791298 309.39232307729395 -20.625066317556232 -6.473798 -12.5329895 0.16176355 309.3922994031293 -20.625111292847038 309.4279923713351 -20.53551614577512 48.652440493215735 88.67591335770521 5400.0 5400.0 2016.0 1 235 {-999.0 18.05942 17.718504 17.589258 17.547867} sdss_psfmag_from_gaia 18.0011 17.7281 17.2543 16.449 63050396543900934 974125106 "" ops_std_boss_gdr2 ops_std standard_boss 0 0 0.0 0.0 -999 ""
FIBERMAP 845 R+9C16 METROLOGY 0 0 0 1 0 0 152.14430726908608 156.70944600678777 143.1 -167.8424135650761 139.7630182118956 337.20828 61.791298 -999.0 -999.0 -999.0 -999.0 -999.0 309.38980501870975 -20.62539924023512 309.4255544786197 -20.53578963084499 48.654669834660574 88.67506133772827 -999.0 6231.0 -999.0 -1 -999 {-999.0 -999.0 -999.0 -999.0 -999.0} "" -999.0 -999.0 -999.0 -999.0 -999 -999 "" "" "" "" 0 0 0.0 0.0 -999 ""
FIBERMAP 850 R+3C23 APOGEE 0 0 0 1 0 0 255.56843415783348 67.24390081677038 143.1 -86.51627888366023 249.70080000565332 102.867584 14.082463 -999.0 -999.0 -999.0 -999.0 -999.0 309.65469700547067 -20.294625456790342 309.6895520948501 -20.204565335379684 48.30426349075341 88.34394993626677 -999.0 16600.0 -999.0 2 -999 {-999.0 -999.0 -999.0 -999.0 -999.0} "" -999.0 -999.0 -999.0 -999.0 -999 -999 "" "" "" "" 0 0 0.0 0.0 -999 ""
FIBERMAP 850 R+3C23 BOSS 1 1 0 1 0 0 255.91107548758845 66.45499903888197 143.1 -85.7557788089078 250.10253846417208 102.867584 14.082463 309.6573718072466 -20.2933282044455 -0.88886154 -1.0107486 0.06830758 309.65734553353724 -20.29335185701187 309.69200556484316 -20.203356554708986 48.301678968315144 88.34351702038714 5400.0 5400.0 2016.0 1 194 {-999.0 17.684326 16.89848 16.441729 -999.0} sdss_psfmag_ps1 17.50196 16.844645 16.074451 14.47 63050396543904563 1061191415 bright_1x1 manual_mwm_halo_distant_kgiant_far_boss_single mwm_halo science 0 0 0.0 0.0 -999 ""
FIBERMAP 850 R+3C23 METROLOGY 0 0 0 1 0 0 255.17190614506362 66.60965815667498 143.1 -85.85367922834949 249.3537429328666 102.867584 14.082463 -999.0 -999.0 -999.0 -999.0 -999.0 309.6569438236157 -20.295572294245595 309.6916630299488 -20.20555736142811 48.30277927834777 88.3464227963994 -999.0 6231.0 -999.0 -1 -999 {-999.0 -999.0 -999.0 -999.0 -999.0} "" -999.0 -999.0 -999.0 -999.0 -999 -999 "" "" "" "" 0 0 0.0 0.0 -999 ""
FIBERMAP 853 R+1C21 APOGEE 0 0 0 1 0 0 170.05073537076763 27.87098648519957 143.1 -40.74368297767456 167.43176809835765 30.693932 154.51938 -999.0 -999.0 -999.0 -999.0 -999.0 309.8012455122776 -20.542742992432444 309.836518057495 -20.45232512097355 48.265414734971195 88.76598616759156 -999.0 16600.0 -999.0 2 -999 {-999.0 -999.0 -999.0 -999.0 -999.0} "" -999.0 -999.0 -999.0 -999.0 -999 -999 "" "" "" "" 0 0 0.0 0.0 -999 ""
FIBERMAP 853 R+1C21 BOSS 1 1 0 1 0 0 170.8084477114944 27.929113815318505 143.1 -40.859361109547436 168.18284311593231 30.693932 154.51938 309.80105730019864 -20.540321862009602 -0.19118449 -2.0480494 0.056913182 309.8010548581627 -20.54034187219301 309.8361317706117 -20.449993863718976 48.26491406048056 88.76252289328954 5400.0 5400.0 2016.0 1 243 {-999.0 15.441389 14.2071295 13.694514 -999.0} sdss_psfmag_from_g3xp 14.979859 14.18203 13.317289 11.385 63050396543882145 1061892343 bright_1x1 manual_mwm_halo_mp_wise_boss_single mwm_halo science 0 0 0.0 0.0 -999 ""
FIBERMAP 853 R+1C21 METROLOGY 0 0 0 1 0 0 170.48440627355666 27.26153774669054 143.1 -40.169047053426034 167.91060050072014 30.693932 154.51938 -999.0 -999.0 -999.0 -999.0 -999.0 309.8032274764743 -20.54116707145696 309.8383579718337 -20.45079518750573 48.26325592799494 88.76477299681312 -999.0 6231.0 -999.0 -1 -999 {-999.0 -999.0 -999.0 -999.0 -999.0} "" -999.0 -999.0 -999.0 -999.0 -999 -999 "" "" "" "" 0 0 0.0 0.0 -999 ""
FIBERMAP 855 R+8C7 APOGEE 0 0 1 1 0 0 -66.78685594489532 162.86835495521376 143.1 -157.3058341021488 -78.99894812204396 10.072558 170.24185 -999.0 -999.0 -999.0 -999.0 -999.0 309.4195477164505 -21.28850074666978 309.45693290222516 -21.19857726609671 48.86093957900782 89.6315533570741 -999.0 16600.0 -999.0 2 -999 {-999.0 -999.0 -999.0 -999.0 -999.0} "" -999.0 -999.0 -999.0 -999.0 -999 -999 "" "" "" "" 0 0 0.0 0.0 -999 ""
FIBERMAP 855 R+8C7 BOSS 1 0 1 1 0 0 -66.03500962124716 162.8860805485541 143.1 -157.3807814456577 -78.25064433216852 10.072558 170.24185 309.48190334769174 -21.33845946678798 7.621798 -20.659971 3.5466697 309.41944156990684 -21.286195473860722 309.4566332290909 -21.196337842110424 48.86042492481098 89.62821341834871 5400.0 5400.0 2016.0 1 108 {-999.0 22.359304 20.843359 19.3424 -999.0} sdss_psfmag_ps1 21.285137 20.048794 18.783417 16.197 63050396543864361 1096663912 bright_1x1 mwm_bin_vis_boss mwm_filler science 0 0 0.0 0.0 -999 ""
FIBERMAP 855 R+8C7 METROLOGY 0 0 1 1 0 0 -66.39608666416676 162.2305480988419 143.1 -156.69965462827233 -78.5607320104734 10.072558 170.24185 -999.0 -999.0 -999.0 -999.0 -999.0 309.42157293382263 -21.28717715414361 309.45881799508845 -21.197296729578888 48.85884700606158 89.6306542979737 -999.0 6231.0 -999.0 -1 -999 {-999.0 -999.0 -999.0 -999.0 -999.0} "" -999.0 -999.0 -999.0 -999.0 -999 -999 "" "" "" "" 0 0 0.0 0.0 -999 ""
FIBERMAP 861 R+12C6 APOGEE 0 0 0 1 0 0 -57.2603369002866 247.323054876231 143.1 -242.23998123162335 -75.93371659836957 174.00133 65.4219 -999.0 -999.0 -999.0 -999.0 -999.0 309.1447782303071 -21.27718461212634 309.18242307973776 -21.18779280962843 49.09724544375059 89.48085302095183 -999.0 16600.0 -999.0 2 -999 {-999.0 -999.0 -999.0 -999.0 -999.0} "" -999.0 -999.0 -999.0 -999.0 -999 -999 "" "" "" "" 0 0 0.0 0.0 -999 ""
FIBERMAP 861 R+12C6 BOSS 1 1 0 1 0 0 -56.88867462137607 247.95532820337573 143.1 -242.89872309796166 -75.61130273740366 174.00133 65.4219 309.14255310861495 -21.276116043810468 -4.421986 -7.8851905 0.10305874 309.1428328577486 -21.276131179009194 309.18029058046113 -21.186807874897752 49.098768373162386 89.4783883417428 5400.0 5400.0 2016.0 1 163 {-999.0 13.877867 12.779346 12.313988 -999.0} sdss_psfmag_from_g3xp 13.4914 12.768343 11.944856 10.096 63050396543867219 996745889 bright_1x1 mwm_bin_gaia_sb_boss mwm_bin science 0 0 0.9525771141052246 0.0 -999 ""
FIBERMAP 861 R+12C6 METROLOGY 0 0 0 1 0 0 -56.51234160511847 247.32417523440733 143.1 -242.29807839789683 -75.18798767023267 174.00133 65.4219 -999.0 -999.0 -999.0 -999.0 -999.0 309.1446765313185 -21.27489916505815 309.1821823755166 -21.185554444366574 49.09667905595997 89.47752806019867 -999.0 6231.0 -999.0 -1 -999 {-999.0 -999.0 -999.0 -999.0 -999.0} "" -999.0 -999.0 -999.0 -999.0 -999 -999 "" "" "" "" 0 0 0.0 0.0 -999 ""
FIBERMAP 862 R+6C19 APOGEE 0 0 0 1 0 0 174.49703124371746 109.13202601724174 143.1 -122.10648545110638 165.6748731055368 189.88785 154.70361 -999.0 -999.0 -999.0 -999.0 -999.0 309.53802833628555 -20.54754110404659 309.5735819028132 -20.45762383914074 48.49719496964968 88.64003399260173 -999.0 16600.0 -999.0 2 118 {-999.0 -999.0 -999.0 -999.0 -999.0} "" -999.0 -999.0 -999.0 -999.0 -999 -999 "" "" "" "" 0 0 0.0 0.0 -999 ""
FIBERMAP 862 R+6C19 BOSS 1 1 0 1 0 0 173.74647738249604 109.3146358629579 143.1 -122.2313878600642 164.91259704677609 189.88785 154.70361 309.53775055925786 -20.549733533965963 -0.48246673 -8.553921 0.4288491 309.5377635957284 -20.54973218847512 309.57313366425444 -20.459882910235205 48.498399269376584 88.64298713187429 5400.0 5400.0 2016.0 1 203 {-999.0 16.815521 16.38434 16.218584 -999.0} sdss_psfmag_ps1 16.713388 16.386177 15.891251 14.854 63050396543901622 944753950 bright_1x1 openfibertargets_nov2020_6c open_fiber science 0 0 0.0 0.0 -999 ""
FIBERMAP 862 R+6C19 METROLOGY 0 0 0 1 0 0 174.2812268793701 109.85568525751596 143.1 -122.81159528973086 165.40457176239636 189.88785 154.70361 -999.0 -999.0 -999.0 -999.0 -999.0 309.53582812772487 -20.54823827762339 309.5712502586226 -20.458373854209675 48.49950312087029 88.63990444643065 -999.0 6231.0 -999.0 -1 -999 {-999.0 -999.0 -999.0 -999.0 -999.0} "" -999.0 -999.0 -999.0 -999.0 -999 -999 "" "" "" "" 0 0 0.0 0.0 -999 ""
FIBERMAP 863 R+9C12 APOGEE 0 0 0 1 0 0 53.57649552629914 183.37377615182172 143.1 -186.92039015304908 39.451402698551625 64.29248 151.49829 -999.0 -999.0 -999.0 -999.0 -999.0 309.32566464723055 -20.92892023689989 309.3623148606556 -20.83928974580904 48.81793438401073 89.07322277893638 -999.0 16600.0 -999.0 2 144 {-999.0 -999.0 -999.0 -999.0 -999.0} "" -999.0 -999.0 -999.0 -999.0 -999 -999 "" "" "" "" 0 0 0.0 0.0 -999 ""
FIBERMAP 863 R+9C12 BOSS 1 1 0 1 0 0 54.22638317788254 183.82560090353834 143.1 -187.42040398803528 40.06497671653108 64.29248 151.49829 309.3241882324218 -20.926971855884247 -999.0 -999.0 -999.0 309.32418877335493 -20.92697500616386 309.36064836630544 -20.837414161032104 48.81872915610568 89.06972249194553 5400.0 5400.0 2015.5 1 146 {-999.0 -999.0 -999.0 -999.0 -999.0} "" -999.0 -999.0 -999.0 -999.0 27021603186175129 815794439 "" ops_sky_boss_good ops_sky sky_boss 0 0 0.0 0.0 -999 ""
FIBERMAP 863 R+9C12 METROLOGY 0 0 0 1 0 0 54.267181631125375 183.0797203432733 143.1 -186.67980618883456 40.16247518932588 64.29248 151.49829 -999.0 -999.0 -999.0 -999.0 -999.0 309.3265039445288 -20.926703567146216 309.3630136915542 -20.837119605632807 48.81655696078459 89.07048965525166 -999.0 6231.0 -999.0 -1 -999 {-999.0 -999.0 -999.0 -999.0 -999.0} "" -999.0 -999.0 -999.0 -999.0 -999 -999 "" "" "" "" 0 0 0.0 0.0 -999 ""
FIBERMAP 864 R-6C5 APOGEE 0 0 0 1 0 0 -125.72491381243223 -118.87709002374574 143.1 128.10781856228357 -116.30261628136883 298.27615 154.32428 -999.0 -999.0 -999.0 -999.0 -999.0 310.34847694685857 -21.403648140333573 310.3851463892222 -21.311921738133098 48.088429826122706 90.2432207182456 -999.0 16600.0 -999.0 2 294 {-999.0 -999.0 -999.0 -999.0 -999.0} "" -999.0 -999.0 -999.0 -999.0 -999 -999 "" "" "" "" 0 0 0.0 0.0 -999 ""
FIBERMAP 864 R-6C5 BOSS 1 1 0 1 0 0 -125.76766655809587 -119.63373821148652 143.1 128.86551727631178 -116.287605140927 298.27615 154.32428 310.351192951812 -21.40355985293917 3.501004 -6.7899547 1.1302613 310.35118522325354 -21.403574076861737 310.3876578153697 -21.311908910700872 48.08622921943295 90.2444104576648 5400.0 5400.0 2016.0 1 485 {-999.0 17.42452 16.390402 16.020906 -999.0} sdss_psfmag_ps1 17.06344 16.41073 15.641952 14.079 63050396543794446 1095575366 bright_1x1 mwm_bin_vis_boss mwm_filler science 0 0 0.0 0.0 -999 ""
FIBERMAP 864 R-6C5 METROLOGY 0 0 0 1 0 0 -126.3882532630803 -119.20916055631483 143.1 128.4894520785266 -116.93872539847341 298.27615 154.32428 -999.0 -999.0 -999.0 -999.0 -999.0 310.349922184299 -21.405581432696835 310.3864556465294 -21.313899214199278 48.08796676210117 90.24662913192293 -999.0 6231.0 -999.0 -1 -999 {-999.0 -999.0 -999.0 -999.0 -999.0} "" -999.0 -999.0 -999.0 -999.0 -999 -999 "" "" "" "" 0 0 0.0 0.0 -999 ""
FIBERMAP 867 R-6C9 APOGEE 0 0 0 1 0 0 -47.73085949919577 -129.2744940775585 143.1 132.53354867143977 -37.743935213642764 257.82394 116.89276 -999.0 -999.0 -999.0 -999.0 -999.0 310.36302354340035 -21.165516247524646 310.39913274686785 -21.073837491454118 47.993616892256625 89.91599849604978 -999.0 16600.0 -999.0 2 -999 {-999.0 -999.0 -999.0 -999.0 -999.0} "" -999.0 -999.0 -999.0 -999.0 -999 -999 "" "" "" "" 0 0 0.0 0.0 -999 ""
FIBERMAP 867 R-6C9 BOSS 1 1 0 1 0 0 -48.4518934809517 -129.47531920205626 143.1 132.78871446708501 -38.44756852283684 257.82394 116.89276 310.364171076659 -21.167561403923894 -20.314941 -19.004623 3.4447045 310.36411343682994 -21.167600885214025 310.40003244742843 -21.07598673047691 47.993579930773215 89.91944595783212 5400.0 5400.0 2016.0 1 371 {-999.0 19.1567 17.787853 16.491693 -999.0} sdss_psfmag_ps1 -999.0 18.480644 -999.0 13.638 63050396543795588 1095535509 bright_1x1 mwm_bin_vis_boss mwm_filler science 0 0 0.0 0.0 -999 ""
FIBERMAP 867 R-6C9 METROLOGY 0 0 0 1 0 0 -48.26470527132896 -128.75056000883265 143.1 132.05180909739553 -38.31613613795947 257.82394 116.89276 -999.0 -999.0 -999.0 -999.0 -999.0 310.3616808018339 -21.16722817216915 310.397656473281 -21.07559964258875 47.99552264254014 89.91774811273007 -999.0 6231.0 -999.0 -1 -999 {-999.0 -999.0 -999.0 -999.0 -999.0} "" -999.0 -999.0 -999.0 -999.0 -999 -999 "" "" "" "" 0 0 0.0 0.0 -999 ""
FIBERMAP 873 R+3C16 APOGEE 0 0 0 1 0 0 97.13410674814925 57.26802404387243 143.1 -64.50043034414736 92.48837182159458 37.59596 69.90847 -999.0 -999.0 -999.0 -999.0 -999.0 309.7232683289187 -20.76947742057817 309.7591408281039 -20.679136461358645 48.414196255694755 89.04564493823909 -999.0 16600.0 -999.0 2 71 {-999.0 -999.0 -999.0 -999.0 -999.0} "" -999.0 -999.0 -999.0 -999.0 -999 -999 "" "" "" "" 0 0 0.0 0.0 -999 ""
FIBERMAP 873 R+3C16 BOSS 1 1 0 1 0 0 97.27876459528291 56.52884798762917 143.1 -63.774429202047635 92.68891612339428 37.59596 69.90847 309.72580984742746 -20.768716313164145 -0.8321806 -12.932566 0.49304065 309.72578095595713 -20.768758292136198 309.76145926314734 -20.67848042001768 48.41193570124681 89.04588383870953 5400.0 5400.0 2016.0 1 228 {-999.0 17.687893 17.19831 17.046686 -999.0} sdss_psfmag_ps1 17.525873 17.202576 16.699743 15.752 63050396543880080 944753899 bright_1x1 openfibertargets_nov2020_6c open_fiber science 0 0 0.0 0.0 -999 ""
FIBERMAP 873 R+3C16 METROLOGY 0 0 0 1 0 0 96.57918092871803 56.76697057300131 143.1 -63.95856524442816 91.97323284251968 37.59596 69.90847 -999.0 -999.0 -999.0 -999.0 -999.0 309.72511298465815 -20.77093708257453 309.7608508138917 -20.680640617785574 48.41323621275269 89.04862030284977 -999.0 6231.0 -999.0 -1 -999 {-999.0 -999.0 -999.0 -999.0 -999.0} "" -999.0 -999.0 -999.0 -999.0 -999 -999 "" "" "" "" 0 0 0.0 0.0 -999 ""
FIBERMAP 874 R+8C3 APOGEE 1 0 1 1 0 0 -154.03176744136533 162.90500540313258 143.1 -150.69631771455454 -165.99226087266356 10.614294 169.69719 309.5302148726132 -21.56412838555328 4.4582195 10.445608 1.0284402 309.44012868053323 -21.551786452147535 309.4781033285709 -21.461741068459183 48.933085303738544 90.01768547918056 16000.0 16600.0 2016.0 2 16 {-999.0 10.312727 9.011237 7.8759174 -999.0} sdss_psfmag_from_g3xp 9.818843 8.564292 7.442875 5.006 63050396543860462 1153162462 bright_1x1 mwm_galactic_core_dist_apogee_sparse mwm_galactic science 0 0 1.25179123878479 0.0 -999 ""
FIBERMAP 874 R+8C3 BOSS 0 0 1 1 0 0 -153.28928183468778 162.83084275136878 143.1 -150.67893167096136 -165.2462907301455 10.614294 169.69719 -999.0 -999.0 -999.0 -999.0 -999.0 309.4403496320652 -21.54950173135043 309.4781302402921 -21.459520530931194 48.932301918225605 90.01452248642863 -999.0 5400.0 -999.0 1 25 {-999.0 -999.0 -999.0 -999.0 -999.0} "" -999.0 -999.0 -999.0 -999.0 -999 -999 "" "" "" "" 0 0 0.0 0.0 -999 ""
FIBERMAP 874 R+8C3 METROLOGY 0 0 1 1 0 0 -153.72388958367455 162.22167992737477 143.1 -150.03843792144087 -165.6332270133246 10.614294 169.69719 -999.0 -999.0 -999.0 -999.0 -999.0 309.4423480818985 -21.550729305484605 309.48018284871034 -21.460725782354913 48.93091938297195 90.01724136995915 -999.0 6231.0 -999.0 -1 -999 {-999.0 -999.0 -999.0 -999.0 -999.0} "" -999.0 -999.0 -999.0 -999.0 -999 -999 "" "" "" "" 0 0 0.0 0.0 -999 ""
FIBERMAP 876 R+5C22 APOGEE 0 0 0 1 0 0 252.36882998451597 91.53874981540547 143.1 -110.49655201042503 244.659815387458 16.540173 77.81736 -999.0 -999.0 -999.0 -999.0 -999.0 309.5773253190315 -20.309682012394607 309.61229354369175 -20.219764824736167 48.37732599062921 88.3255684805838 -999.0 16600.0 -999.0 2 87 {-999.0 -999.0 -999.0 -999.0 -999.0} "" -999.0 -999.0 -999.0 -999.0 -999 -999 "" "" "" "" 0 0 0.0 0.0 -999 ""
FIBERMAP 876 R+5C22 BOSS 1 1 0 1 0 0 252.45218698229212 90.80606076645888 143.1 -109.77234924280536 244.79874342121298 16.540173 77.81736 309.5798664533093 -20.30917211873393 0.55271864 -8.927974 0.6134158 309.57985222666366 -20.309201756414883 309.6146277827537 -20.219349140452334 48.375134421258664 88.32618487360395 5400.0 5400.0 2016.0 1 260 {-999.0 17.310188 16.757376 16.566797 -999.0} sdss_psfmag_ps1 17.202137 16.80555 16.244608 15.093 63050396543902425 944753969 bright_1x1 openfibertargets_nov2020_6c open_fiber science 0 0 0.0 0.0 -999 ""
FIBERMAP 876 R+5C22 METROLOGY 0 0 0 1 0 0 251.7510806379093 91.11419241659674 143.1 -110.02617422284706 244.0762088183643 16.540173 77.81736 -999.0 -999.0 -999.0 -999.0 -999.0 309.578941378103 -20.311343512525227 309.6137763269278 -20.221472327279052 48.376650861774046 88.32872494158039 -999.0 6231.0 -999.0 -1 -999 {-999.0 -999.0 -999.0 -999.0 -999.0} "" -999.0 -999.0 -999.0 -999.0 -999 -999 "" "" "" "" 0 0 0.0 0.0 -999 ""
FIBERMAP 878 R-3C23 APOGEE 0 0 0 1 0 0 226.2071371786472 -71.0790283848981 143.1 53.63998220270493 230.9621480230169 253.87184 97.13956 -999.0 -999.0 -999.0 -999.0 -999.0 310.10684841708655 -20.351746514099226 310.1413709474682 -20.26080918467642 47.92972448155263 88.6531425341741 -999.0 16600.0 -999.0 2 -999 {-999.0 -999.0 -999.0 -999.0 -999.0} "" -999.0 -999.0 -999.0 -999.0 -999 -999 "" "" "" "" 0 0 0.0 0.0 -999 ""
FIBERMAP 878 R-3C23 BOSS 1 1 0 1 0 0 225.46130944756982 -70.96249778034456 143.1 53.580606336925534 230.20961803548997 253.87184 97.13956 310.10686571301903 -20.35391706651083 -4.4870043 0.8080824 0.21439551 310.1068576306625 -20.353910232310287 310.1411929654089 -20.263042332442215 47.930690016112976 88.65615810219532 5400.0 5400.0 2016.0 1 279 {-999.0 17.22616 16.822836 16.72712 -999.0} sdss_psfmag_ps1 17.161896 16.860256 16.394218 15.285 63050396543885183 944753776 bright_1x1 openfibertargets_nov2020_6c open_fiber science 0 0 0.0 0.0 -999 ""
FIBERMAP 878 R-3C23 METROLOGY 0 0 0 1 0 0 225.9411272275924 -70.37993116509534 143.1 52.96318727954167 230.64365854600138 253.87184 97.13956 -999.0 -999.0 -999.0 -999.0 -999.0 310.1048185543416 -20.352581825092138 310.13920741755385 -20.261698331389567 47.93193842528346 88.65328050733007 -999.0 6231.0 -999.0 -1 -999 {-999.0 -999.0 -999.0 -999.0 -999.0} "" -999.0 -999.0 -999.0 -999.0 -999 -999 "" "" "" "" 0 0 0.0 0.0 -999 ""
FIBERMAP 879 R0C22 APOGEE 0 0 0 1 0 0 196.18981693092724 0.6454499186372707 143.1 -15.588729359160196 195.56859379381928 30.762182 86.93994 -999.0 -999.0 -999.0 -999.0 -999.0 309.8829564196767 -20.457933476352373 309.9179511449952 -20.367387052085142 48.1636157416442 88.68834880815388 -999.0 16600.0 -999.0 2 -999 {-999.0 -999.0 -999.0 -999.0 -999.0} "" -999.0 -999.0 -999.0 -999.0 -999 -999 "" "" "" "" 0 0 0.0 0.0 -999 ""
FIBERMAP 879 R0C22 BOSS 1 1 0 1 0 0 196.52696036552487 -0.05207003157129241 143.1 -14.918925845472547 195.95788919002717 30.762182 86.93994 309.88533332186495 -20.456630118258303 -0.14593539 -0.29518315 0.26855123 309.8853133386751 -20.456637507831427 309.9201118672079 -20.366156271961636 48.16128237252372 88.68772445577986 5400.0 5400.0 2016.0 1 255 {-999.0 19.411144 19.62886 19.30686 -999.0} sdss_psfmag_ps1 19.439161 19.507027 19.055195 -999.0 63050396543884469 1117383563 bright_1x1 openfibertargets_bhm_quaia_boss open_fiber science 0 0 0.0 0.0 -999 ""
FIBERMAP 879 R0C22 METROLOGY 0 0 0 1 0 0 195.78183495237113 0.0185137799679781 143.1 -14.93254239143428 195.20955956372987 30.762182 86.93994 -999.0 -999.0 -999.0 -999.0 -999.0 309.88520623081985 -20.458887309783155 309.9200640807139 -20.368385931630424 48.1621291000337 88.69081743931383 -999.0 6231.0 -999.0 -1 -999 {-999.0 -999.0 -999.0 -999.0 -999.0} "" -999.0 -999.0 -999.0 -999.0 -999 -999 "" "" "" "" 0 0 0.0 0.0 -999 ""
FIBERMAP 881 R+5C5 APOGEE 0 0 1 1 0 0 -144.74003312280897 104.69288012310952 143.1 -93.3617455625231 -152.29319163395152 9.039181 171.912 -999.0 -999.0 -999.0 -999.0 -999.0 309.62668689540453 -21.511589043653743 309.6643715962555 -21.421199143398507 48.75630971838049 90.05004775754213 -999.0 16600.0 -999.0 2 27 {-999.0 -999.0 -999.0 -999.0 -999.0} "" -999.0 -999.0 -999.0 -999.0 -999 -999 "" "" "" "" 0 0 0.0 0.0 -999 ""
FIBERMAP 881 R+5C5 BOSS 1 0 1 1 0 0 -143.99698799727054 104.6789400724389 143.1 -93.4044491441089 -151.55125118411377 9.039181 171.912 309.6413919643074 -21.458376223670424 -2.6413934 -9.713671 0.14168358 309.62670785146685 -21.509334406836444 309.6641977402303 -21.419009597487403 48.75571093727216 90.04684376020612 5400.0 5400.0 2016.0 1 43 {-999.0 18.324469 18.038717 17.937761 17.91692} sdss_psfmag_from_ps1dr2 18.2976 18.0431 17.6287 -999.0 63050396543863957 1040605258 "" ops_std_boss_ps1dr2 ops_std standard_boss 0 0 0.0 0.0 -999 ""
FIBERMAP 881 R+5C5 METROLOGY 0 0 1 1 0 0 -144.38966916315275 104.03243502647337 143.1 -92.72991589931465 -151.8935385143559 9.039181 171.912 -999.0 -999.0 -999.0 -999.0 -999.0 309.6288348568062 -21.51041854493736 309.666378724001 -21.42007107400831 48.75416770196208 90.04941225278009 -999.0 6231.0 -999.0 -1 -999 {-999.0 -999.0 -999.0 -999.0 -999.0} "" -999.0 -999.0 -999.0 -999.0 -999 -999 "" "" "" "" 0 0 0.0 0.0 -999 ""
FIBERMAP 882 R-1C8 APOGEE 0 0 0 1 0 0 -135.12915983203806 -14.249499259373545 143.1 24.501690990186283 -133.64966238345409 155.96126 118.32568 -999.0 -999.0 -999.0 -999.0 -999.0 310.01098072358207 -21.456371849445006 310.0481308670654 -21.365267415937232 48.40151262829615 90.15610632834296 -999.0 16600.0 -999.0 2 -999 {-999.0 -999.0 -999.0 -999.0 -999.0} "" -999.0 -999.0 -999.0 -999.0 -999 -999 "" "" "" "" 0 0 0.0 0.0 -999 ""
FIBERMAP 882 R-1C8 BOSS 1 1 0 1 0 0 -135.19227101437846 -13.49532145668913 143.1 23.754519859727655 -133.7700405848399 155.96126 118.32568 310.0086827520513 -21.45662427253104 19.408306 -39.188026 0.8216476 310.008748178603 -21.456732595790406 310.0457097421173 -21.36569769149701 48.40377781873203 90.15554702553709 5400.0 5400.0 2016.0 1 459 {-999.0 14.595821 14.2446375 14.1224985 -999.0} sdss_psfmag_from_g3xp 14.534742 14.245926 13.78993 12.979 63050396543786024 1072515504 bright_1x1 mwm_halo_local_high_boss_single mwm_halo science 0 0 0.0 0.0 -999 ""
FIBERMAP 882 R-1C8 METROLOGY 0 0 0 1 0 0 -134.51387150308986 -13.824154118274908 143.1 24.030715230299805 -133.0685696640121 155.96126 118.32568 -999.0 -999.0 -999.0 -999.0 -999.0 310.0096017838317 -21.45464234146165 310.0466119726084 -21.36358794586172 48.402263311088355 90.15299821324743 -999.0 6231.0 -999.0 -1 -999 {-999.0 -999.0 -999.0 -999.0 -999.0} "" -999.0 -999.0 -999.0 -999.0 -999 -999 "" "" "" "" 0 0 0.0 0.0 -999 ""
FIBERMAP 883 R+4C1 APOGEE 1 1 0 1 0 0 -241.7469329406939 88.38507883716801 143.1 -69.71179548918334 -247.77495636763265 55.756588 127.6666 309.7031035551127 -21.79976498092197 2.500177 -18.07713 1.3852067 309.70310919316535 -21.79981277064114 309.74138128277013 -21.709186709116146 48.786986132856775 90.4979117258406 16000.0 16600.0 2016.0 2 2 {-999.0 12.7788105 11.925831 11.640549 -999.0} sdss_psfmag_from_g3xp 12.51948 11.977962 11.289882 9.907 63050396543782670 1107651015 bright_1x1 mwm_tess_rgb_apogee mwm_tessrgb science 0 0 0.0 0.0 -999 ""
FIBERMAP 883 R+4C1 BOSS 0 0 0 1 0 0 -241.00652596856693 88.458089738452 143.1 -69.84099552244489 -247.04227004581813 55.756588 127.6666 -999.0 -999.0 -999.0 -999.0 -999.0 309.7028795060073 -21.79755649702818 309.7409564946032 -21.706994983939357 48.786617124124184 90.49457842179493 -999.0 5400.0 -999.0 1 2 {-999.0 -999.0 -999.0 -999.0 -999.0} "" -999.0 -999.0 -999.0 -999.0 -999 -999 "" "" "" "" 0 0 0.0 0.0 -999 ""
FIBERMAP 883 R+4C1 METROLOGY 0 0 0 1 0 0 -241.33437202956682 87.77136119590895 143.1 -69.13129501266067 -247.31684721152772 55.756588 127.6666 -999.0 -999.0 -999.0 -999.0 -999.0 309.7051221629347 -21.798455495010412 309.74325271156056 -21.707871452238127 48.78490531465265 90.49692439794393 -999.0 6231.0 -999.0 -1 -999 {-999.0 -999.0 -999.0 -999.0 -999.0} "" -999.0 -999.0 -999.0 -999.0 -999 -999 "" "" "" "" 0 0 0.0 0.0 -999 ""
FIBERMAP 884 R+2C18 APOGEE 0 0 0 1 0 0 103.29982787843062 54.340366279837326 143.1 -62.05099555595151 98.85913513531465 152.78915 78.32212 -999.0 -999.0 -999.0 -999.0 -999.0 309.7313014080262 -20.750181792127197 309.7671213194229 -20.659831608443305 48.400347266575345 89.02247191481729 -999.0 16600.0 -999.0 2 -999 {-999.0 -999.0 -999.0 -999.0 -999.0} "" -999.0 -999.0 -999.0 -999.0 -999 -999 "" "" "" "" 0 0 0.0 0.0 -999 ""
FIBERMAP 884 R+2C18 BOSS 1 1 0 1 0 0 103.88822861461061 54.96856112776684 143.1 -62.72218133145233 99.3979661692117 152.78915 78.32212 309.7292864093854 -20.74839581765374 -3.2709687 -4.396924 0.10943268 309.7292864869884 -20.748423699504972 309.7649144880327 -20.658145651375094 48.4016764409231 89.01899138209251 5400.0 5400.0 2016.0 1 208 {-999.0 17.646593 17.243902 17.108591 -999.0} sdss_psfmag_ps1 17.554861 17.240036 16.760519 16.132 63050396543880089 944753900 bright_1x1 openfibertargets_nov2020_6c open_fiber science 0 0 0.0 0.0 -999 ""
FIBERMAP 884 R+2C18 METROLOGY 0 0 0 1 0 0 104.04042892133934 54.235445776414025 143.1 -62.00279778462418 99.6055692515153 152.78915 78.32212 -999.0 -999.0 -999.0 -999.0 -999.0 309.73156299711405 -20.747808804432648 309.7672410572386 -20.65750741948963 48.39941489769841 89.01926083824878 -999.0 6231.0 -999.0 -1 -999 {-999.0 -999.0 -999.0 -999.0 -999.0} "" -999.0 -999.0 -999.0 -999.0 -999 -999 "" "" "" "" 0 0 0.0 0.0 -999 ""
FIBERMAP 888 R-5C14 APOGEE 0 0 0 1 0 0 47.719445248816335 -105.98197387004878 143.1 102.03782269673273 55.65369792372335 221.17719 123.848076 -999.0 -999.0 -999.0 -999.0 -999.0 310.2639189087266 -20.882120391552164 310.29948582782504 -20.79071813969385 47.981294769516694 89.47109610650983 -999.0 16600.0 -999.0 2 196 {-999.0 -999.0 -999.0 -999.0 -999.0} "" -999.0 -999.0 -999.0 -999.0 -999 -999 "" "" "" "" 0 0 0.0 0.0 -999 ""
FIBERMAP 888 R-5C14 BOSS 1 1 0 1 0 0 46.994577299456374 -105.79437793408525 143.1 101.90599205909379 54.91665305562133 221.17719 123.848076 310.2637611490846 -20.884185914715008 -7.7228665 -30.104599 0.7183045 310.2637434411422 -20.884259480519436 310.29912228809553 -20.792925154160443 47.982393271013194 89.47400056956894 5400.0 5400.0 2016.0 1 271 {-999.0 16.990105 16.532679 16.412704 -999.0} sdss_psfmag_ps1 16.870247 16.544756 16.043438 15.03 63050396543877599 1072837579 bright_1x1 mwm_halo_local_high_boss_single mwm_halo science 0 0 0.0 0.0 -999 ""
FIBERMAP 888 R-5C14 METROLOGY 0 0 0 1 0 0 47.51034110307303 -105.26000565691291 143.1 101.33388855162538 55.39020607999794 221.17719 123.848076 -999.0 -999.0 -999.0 -999.0 -999.0 310.26184191521907 -20.882835033422495 310.2972742502244 -20.791485401986865 47.983500062177356 89.4710757242537 -999.0 6231.0 -999.0 -1 -999 {-999.0 -999.0 -999.0 -999.0 -999.0} "" -999.0 -999.0 -999.0 -999.0 -999 -999 "" "" "" "" 0 0 0.0 0.0 -999 ""
FIBERMAP 889 R-7C3 APOGEE 0 0 0 1 0 0 -154.84902094650792 -140.16398078019367 143.1 151.55122908546002 -143.72023015334682 347.8689 111.26423 -999.0 -999.0 -999.0 -999.0 -999.0 310.4245238952771 -21.486370346462277 310.4613014000504 -21.394474549128116 48.0502427890005 90.39574072365224 -999.0 16600.0 -999.0 2 245 {-999.0 -999.0 -999.0 -999.0 -999.0} "" -999.0 -999.0 -999.0 -999.0 -999 -999 "" "" "" "" 0 0 0.0 0.0 -999 ""
FIBERMAP 889 R-7C3 BOSS 1 1 0 1 0 0 -154.84128440381235 -140.89937569132275 143.1 152.28389036862242 -143.6564959542559 347.8689 111.26423 310.4271384223559 -21.48611029093977 2.1679819 -7.907701 0.17416143 310.4271375557488 -21.48613836939795 310.4637174635351 -21.394303861362612 48.04807141138954 90.39665658621499 5400.0 5400.0 2016.0 1 502 {-999.0 15.475125 14.671014 14.359265 -999.0} sdss_psfmag_from_g3xp 15.241751 14.699849 14.006004 12.587 63050396543793150 1061643670 bright_1x1 manual_mwm_halo_distant_kgiant_near_boss_single mwm_halo science 0 0 0.0 0.0 -999 ""
FIBERMAP 889 R-7C3 METROLOGY 0 0 0 1 0 0 -155.47926424526025 -140.56525617951414 143.1 151.9993445121408 -144.31806779847525 347.8689 111.26423 -999.0 -999.0 -999.0 -999.0 -999.0 310.42617870748035 -21.488180751768716 310.46281937717833 -21.396328656155873 48.049552082478755 90.39907171356822 -999.0 6231.0 -999.0 -1 -999 {-999.0 -999.0 -999.0 -999.0 -999.0} "" -999.0 -999.0 -999.0 -999.0 -999 -999 "" "" "" "" 0 0 0.0 0.0 -999 ""
FIBERMAP 890 R+11C6 APOGEE 0 0 0 1 0 0 -65.37969344133903 203.2103188966929 143.1 -197.6373615288919 -80.66902045133347 233.70276 111.26424 -999.0 -999.0 -999.0 -999.0 -999.0 309.2888182046039 -21.292662846431043 309.32634933215706 -21.20298902375606 48.97666007232157 89.57360183610206 -999.0 16600.0 -999.0 2 146 {-999.0 -999.0 -999.0 -999.0 -999.0} "" -999.0 -999.0 -999.0 -999.0 -999 -999 "" "" "" "" 0 0 0.0 0.0 -999 ""
FIBERMAP 890 R+11C6 BOSS 1 1 0 1 0 0 -66.11122649068139 203.42344205747952 143.1 -197.79413723084608 -81.41465557384696 233.70276 111.26424 309.2884529200168 -21.294861048504117 -3.5123415 -5.2871294 0.08927008 309.2884407561417 -21.294869616409382 309.3257898617401 -21.205260457340625 48.977936895512556 89.57657226482968 5400.0 5400.0 2016.0 1 149 {-999.0 15.771048 15.425434 15.292137 -999.0} sdss_psfmag_ps1 15.72157 15.414363 14.936831 14.03 63050396543869559 944166264 bright_1x1 openfibertargets_nov2020_6b open_fiber science 0 0 0.0 0.0 -999 ""
FIBERMAP 890 R+11C6 METROLOGY 0 0 0 1 0 0 -65.5487046396152 203.93738821097696 143.1 -198.34943606369885 -80.89292483834309 233.70276 111.26424 -999.0 -999.0 -999.0 -999.0 -999.0 309.2865657842798 -21.293306954624583 309.3239663681028 -21.20368357519389 48.978984715766025 89.57342068904609 -999.0 6231.0 -999.0 -1 -999 {-999.0 -999.0 -999.0 -999.0 -999.0} "" -999.0 -999.0 -999.0 -999.0 -999 -999 "" "" "" "" 0 0 0.0 0.0 -999 ""
FIBERMAP 892 R-3C17 APOGEE 0 0 0 1 0 0 93.08143450585803 -38.2509410834014 143.1 31.04873905850158 95.72386941681728 175.48367 35.27531 -999.0 -999.0 -999.0 -999.0 -999.0 310.0335043461543 -20.760300316491637 310.06903398203065 -20.669372497823346 48.13975780045155 89.18693625521979 -999.0 16600.0 -999.0 2 -999 {-999.0 -999.0 -999.0 -999.0 -999.0} "" -999.0 -999.0 -999.0 -999.0 -999 -999 "" "" "" "" 0 0 0.0 0.0 -999 ""
FIBERMAP 892 R-3C17 BOSS 1 1 0 1 0 0 93.7334818343907 -37.85365151012739 143.1 30.602936869243546 96.34375114351654 175.48367 35.27531 310.0322519091781 -20.758259387411844 0.9637829 -10.481399 0.25783 310.0322698243682 -20.758296669021632 310.0676044262399 -20.66744013806881 48.14032017561949 89.18351681021852 5400.0 5400.0 2016.0 1 298 {-999.0 17.4344 17.046198 16.892958 16.832651} sdss_psfmag_from_gaia 17.3652 17.0589 16.5575 15.558 63050396543880350 974124719 "" ops_std_boss_gdr2 ops_std standard_boss 0 0 0.0 0.0 -999 ""
FIBERMAP 892 R-3C17 METROLOGY 0 0 0 1 0 0 93.7413284368031 -38.60313168051886 143.1 31.34963395752905 96.40866805490622 175.48367 35.27531 -999.0 -999.0 -999.0 -999.0 -999.0 310.0346433837313 -20.758113831658783 310.0700294249543 -20.667233503445743 48.13812623292719 89.1844373936525 -999.0 6231.0 -999.0 -1 -999 {-999.0 -999.0 -999.0 -999.0 -999.0} "" -999.0 -999.0 -999.0 -999.0 -999 -999 "" "" "" "" 0 0 0.0 0.0 -999 ""
FIBERMAP 893 R+11C7 APOGEE 0 0 0 1 0 0 -27.12537174657055 233.0245198244814 143.1 -230.2787309106678 -44.79739943468928 128.52292 46.510063 -999.0 -999.0 -999.0 -999.0 -999.0 309.18390124979123 -21.183293529110866 309.2212873110342 -21.093855777682503 49.03058236712805 89.36568553444698 -999.0 16600.0 -999.0 2 130 {-999.0 -999.0 -999.0 -999.0 -999.0} "" -999.0 -999.0 -999.0 -999.0 -999 -999 "" "" "" "" 0 0 0.0 0.0 -999 ""
FIBERMAP 893 R+11C7 BOSS 1 1 0 1 0 0 -26.3546709327104 232.988688166325 143.1 -230.30171344555473 -44.026216297531796 128.52292 46.510063 309.1839881965506 -21.18088170031971 -0.419232 -4.938935 0.52852273 309.1839941953505 -21.180900091348988 309.22118769818405 -21.09152779967017 49.02985764870204 89.36230840772754 5400.0 5400.0 2016.0 1 117 {-999.0 13.60981 13.960214 14.223783 -999.0} sdss_psfmag_from_g3xp 13.729776 13.790204 13.906682 14.156 63050396543870784 1166221879 bright_1x1 openfibertargets_mwm_strippedstars_boss open_fiber science 0 0 0.0 0.0 -999 ""
FIBERMAP 893 R+11C7 METROLOGY 0 0 0 1 0 0 -26.790915702162174 232.35554802869345 143.1 -229.63718759259578 -44.41295830689955 128.52292 46.510063 -999.0 -999.0 -999.0 -999.0 -999.0 309.1860377515445 -21.182112023330077 309.223284911305 -21.092717028306936 49.028438506169344 89.36504900538694 -999.0 6231.0 -999.0 -1 -999 {-999.0 -999.0 -999.0 -999.0 -999.0} "" -999.0 -999.0 -999.0 -999.0 -999 -999 "" "" "" "" 0 0 0.0 0.0 -999 ""
FIBERMAP 900 R-5C6 APOGEE 0 0 0 1 0 0 -126.2815630028024 -83.17944522921738 143.1 92.55666565384234 -119.57698364740014 111.28969 109.14547 -999.0 -999.0 -999.0 -999.0 -999.0 310.23280586583286 -21.413751934376098 310.2696219299704 -21.322240760609237 48.19301071240571 90.20213925173027 -999.0 16600.0 -999.0 2 -999 {-999.0 -999.0 -999.0 -999.0 -999.0} "" -999.0 -999.0 -999.0 -999.0 -999 -999 "" "" "" "" 0 0 0.0 0.0 -999 ""
FIBERMAP 900 R-5C6 BOSS 1 1 0 1 0 0 -125.59531206356317 -82.6929609829591 143.1 92.01932333727044 -118.92979262869652 111.28969 109.14547 310.231270746581 -21.411655866676963 8.846056 -45.370728 0.59703964 310.2312966362515 -21.41178042306734 310.26791670507066 -21.320338764095222 48.19384636344293 90.19863957258644 5400.0 5400.0 2016.0 1 484 {-999.0 16.257082 15.904243 15.803885 -999.0} sdss_psfmag_ps1 16.175922 15.886762 15.423239 14.591 63050396543794388 1072895565 bright_1x1 mwm_halo_local_high_boss_single mwm_halo science 0 0 0.0 0.0 -999 ""
FIBERMAP 900 R-5C6 METROLOGY 0 0 0 1 0 0 -125.57651172920124 -83.42924698739674 143.1 92.75203030846261 -118.85495901713165 111.28969 109.14547 -999.0 -999.0 -999.0 -999.0 -999.0 310.23363911129144 -21.41158330243129 310.27031093759183 -21.320118566261616 48.19167676043386 90.19948269388732 -999.0 6231.0 -999.0 -1 -999 {-999.0 -999.0 -999.0 -999.0 -999.0} "" -999.0 -999.0 -999.0 -999.0 -999 -999 "" "" "" "" 0 0 0.0 0.0 -999 ""
FIBERMAP 909 R+1C23 APOGEE 0 0 0 1 0 0 202.33691181062483 30.783971571077718 143.1 -46.10763998738235 199.40190117113957 151.04424 97.81931 -999.0 -999.0 -999.0 -999.0 -999.0 309.7842973235671 -20.44619261696593 309.819366506523 -20.355837548623768 48.245631738950635 88.62210696892663 -999.0 16600.0 -999.0 2 -999 {-999.0 -999.0 -999.0 -999.0 -999.0} "" -999.0 -999.0 -999.0 -999.0 -999 -999 "" "" "" "" 0 0 0.0 0.0 -999 ""
FIBERMAP 909 R+1C23 BOSS 1 1 0 1 0 0 202.60175049205745 31.46917194689917 143.1 -46.811017070015644 199.61377108684425 151.04424 97.81931 309.7822262056752 -20.445403857847268 -3.4496548 -9.238522 0.08543738 309.782203881559 -20.445429554235858 309.81708325820205 -20.355147805986952 48.247378642618045 88.61997983432786 5400.0 5400.0 2016.0 1 190 {-999.0 16.367603 15.8523 15.6272 -999.0} sdss_psfmag_ps1 16.247816 15.847948 15.273169 14.084 63050396543884793 1061875499 bright_1x1 manual_mwm_halo_mp_wise_boss_single mwm_halo science 0 0 0.0 0.0 -999 ""
FIBERMAP 909 R+1C23 METROLOGY 0 0 0 1 0 0 203.07508688261854 30.904784566583906 143.1 -46.28433271288046 200.12872067813237 151.04424 97.81931 -999.0 -999.0 -999.0 -999.0 -999.0 309.7838528290064 -20.443870406601302 309.8187808478731 -20.353566439463293 48.24532322634845 88.61862905166862 -999.0 6231.0 -999.0 -1 -999 {-999.0 -999.0 -999.0 -999.0 -999.0} "" -999.0 -999.0 -999.0 -999.0 -999 -999 "" "" "" "" 0 0 0.0 0.0 -999 ""
FIBERMAP 911 R+5C9 APOGEE 1 1 0 1 0 0 -60.71652506925716 75.3838666820733 143.1 -70.53885495870904 -66.28200703189437 335.44162 16.84163 309.7017326072904 -21.251315646448482 13.61485 -15.714687 1.717487 309.7017707827736 -21.251350739736687 309.7387747151678 -21.160899099924897 48.60139820766364 89.71628880606522 16000.0 16600.0 2016.0 2 43 {-999.0 10.96164 10.225447 9.931833 -999.0} sdss_psfmag_from_g3xp 10.755422 10.250226 9.584304 8.231 63050396543864790 1110154127 bright_1x1 mwm_tess_rgb_apogee mwm_tessrgb science 0 0 0.0 0.0 -999 ""
FIBERMAP 911 R+5C9 BOSS 0 0 0 1 0 0 -61.43778734601301 75.50844641586039 143.1 -70.60812780772817 -67.01065635252083 335.44162 16.84163 -999.0 -999.0 -999.0 -999.0 -999.0 309.7016854542035 -21.253533101431678 309.7385045871565 -21.163146555973817 48.602415236396 89.71934337015722 -999.0 5400.0 -999.0 1 77 {-999.0 -999.0 -999.0 -999.0 -999.0} "" -999.0 -999.0 -999.0 -999.0 -999 -999 "" "" "" "" 0 0 0.0 0.0 -999 ""
FIBERMAP 911 R+5C9 METROLOGY 0 0 0 1 0 0 -60.99233959213421 76.08121425507191 143.1 -71.2131584533714 -66.61013920941006 335.44162 16.84163 -999.0 -999.0 -999.0 -999.0 -999.0 309.69965805614703 -21.252334970928 309.7365303824579 -21.161934075432182 48.60372039903603 89.71665678393924 -999.0 6231.0 -999.0 -1 -999 {-999.0 -999.0 -999.0 -999.0 -999.0} "" -999.0 -999.0 -999.0 -999.0 -999 -999 "" "" "" "" 0 0 0.0 0.0 -999 ""
FIBERMAP 913 R-2C5 APOGEE 1 1 0 1 0 0 -193.42398467157173 -46.64382115776263 143.1 61.24228457440353 -189.3068059928042 231.4651 92.534035 310.1303205374878 -21.624604298791976 20.172594 -14.128985 7.975078 310.1303652239394 -21.624658271777538 310.16777563467735 -21.53327464304639 48.354417465216905 90.4511659620764 16000.0 16600.0 2016.0 2 287 {-999.0 9.020874 8.832346 8.791177 -999.0} sdss_psfmag_from_g3xp 9.023114 8.821967 8.469795 7.924 63050396543785341 975404182 "" ops_std_apogee ops_std standard_apogee 0 0 0.0 0.0 -999 ""
FIBERMAP 913 R-2C5 BOSS 0 0 0 1 0 0 -194.01062677408027 -46.21686881671852 143.1 60.861265815234425 -189.92426152087162 231.4651 92.534035 -999.0 -999.0 -999.0 -999.0 -999.0 310.129330131556 -21.626510358141 310.1665533713592 -21.535193066096106 48.356140396836665 90.45329656266057 -999.0 5400.0 -999.0 1 471 {-999.0 -999.0 -999.0 -999.0 -999.0} "" -999.0 -999.0 -999.0 -999.0 -999 -999 "" "" "" "" 0 0 0.0 0.0 -999 ""
FIBERMAP 913 R-2C5 METROLOGY 0 0 0 1 0 0 -193.34899354863998 -45.89796691467669 143.1 60.49289250733319 -189.2888505065014 231.4651 92.534035 -999.0 -999.0 -999.0 -999.0 -999.0 310.1280888007007 -21.624638753125453 310.1653636294295 -21.53330599524531 48.35653735179398 90.45005901918194 -999.0 6231.0 -999.0 -1 -999 {-999.0 -999.0 -999.0 -999.0 -999.0} "" -999.0 -999.0 -999.0 -999.0 -999 -999 "" "" "" "" 0 0 0.0 0.0 -999 ""
FIBERMAP 915 R+5C16 APOGEE 1 1 0 1 0 0 90.39414177349626 108.44429614957794 143.1 -115.01405088071178 81.86960195828853 150.18173 98.62416 309.5592772680985 -20.80119862386265 -2.9376054 -6.2382026 0.49076957 309.55928025459195 -20.801222949663 309.59539508517685 -20.711185047675873 48.56876261397283 89.00867139344234 16000.0 16600.0 2016.0 2 68 {-999.0 11.88614 10.59952 10.071198 -999.0} sdss_psfmag_from_g3xp 11.3839445 10.572648 9.697051 7.753 63050396543881055 1153162558 bright_1x1 mwm_galactic_core_dist_apogee_sparse mwm_galactic science 0 0 0.0 0.0 -999 ""
FIBERMAP 915 R+5C16 BOSS 0 0 0 1 0 0 90.67163136425178 109.12990772463694 143.1 -115.71880167254838 82.09405457156628 150.18173 98.62416 -999.0 -999.0 -999.0 -999.0 -999.0 309.55713271038576 -20.80043056938038 309.59305896667195 -20.71046420469716 48.57054910637947 89.00647986400554 -999.0 5400.0 -999.0 1 222 {-999.0 -999.0 -999.0 -999.0 -999.0} "" -999.0 -999.0 -999.0 -999.0 -999 -999 "" "" "" "" 0 0 0.0 0.0 -999 ""
FIBERMAP 915 R+5C16 METROLOGY 0 0 0 1 0 0 91.12756145740836 108.55263351835623 143.1 -115.1779421047593 82.59263029950564 150.18173 98.62416 -999.0 -999.0 -999.0 -999.0 -999.0 309.5588274873113 -20.798934002408853 309.59480209578624 -20.708945837154236 48.56848552210369 89.00521044987545 -999.0 6231.0 -999.0 -1 -999 {-999.0 -999.0 -999.0 -999.0 -999.0} "" -999.0 -999.0 -999.0 -999.0 -999 -999 "" "" "" "" 0 0 0.0 0.0 -999 ""
FIBERMAP 922 R-1C18 APOGEE 0 0 0 1 0 0 116.2930472870743 -30.51556060323456 143.1 21.56772139099557 118.27854279292663 6.6930585 68.15387 -999.0 -999.0 -999.0 -999.0 -999.0 310.0028278763454 -20.691880537251222 310.03823306177753 -20.601032517583267 48.142332195488414 89.07585332314085 -999.0 16600.0 -999.0 2 212 {-999.0 -999.0 -999.0 -999.0 -999.0} "" -999.0 -999.0 -999.0 -999.0 -999 -999 "" "" "" "" 0 0 0.0 0.0 -999 ""
FIBERMAP 922 R-1C18 BOSS 1 1 0 1 0 0 115.98220108664765 -31.20618650754067 143.1 22.280012899302275 118.02121280873689 6.6930585 68.15387 310.0053405761719 -20.692528980108847 -999.0 -999.0 -999.0 310.0053419829494 -20.692535190111716 310.040554487072 -20.601750724836702 48.14055880491641 89.07802121704844 5400.0 5400.0 2015.5 1 301 {-999.0 -999.0 -999.0 -999.0 -999.0} "" -999.0 -999.0 -999.0 -999.0 27021603186176374 815794558 "" ops_sky_boss_good ops_sky sky_boss 0 0 0.0 0.0 -999 ""
FIBERMAP 922 R-1C18 METROLOGY 0 0 0 1 0 0 115.55549863174068 -30.591742297047936 143.1 21.69986523317779 117.54894799518172 6.6930585 68.15387 -999.0 -999.0 -999.0 -999.0 -999.0 310.003405319044 -20.693970234849598 310.03867740800536 -20.603169561159714 48.14270656111094 89.07906743856381 -999.0 6231.0 -999.0 -1 -999 {-999.0 -999.0 -999.0 -999.0 -999.0} "" -999.0 -999.0 -999.0 -999.0 -999 -999 "" "" "" "" 0 0 0.0 0.0 -999 ""
FIBERMAP 923 R+4C16 APOGEE 0 0 0 1 0 0 88.19474579340036 87.40913943667681 143.1 -93.87268545218991 81.2790152071183 68.961914 142.00725 -999.0 -999.0 -999.0 -999.0 -999.0 309.6278124954131 -20.80321494987058 309.6638611616304 -20.71304547454774 48.509559625207 89.0456582463911 -999.0 16600.0 -999.0 2 -999 {-999.0 -999.0 -999.0 -999.0 -999.0} "" -999.0 -999.0 -999.0 -999.0 -999 -999 "" "" "" "" 0 0 0.0 0.0 -999 ""
FIBERMAP 923 R+4C16 BOSS 1 1 0 1 0 0 88.85193943361642 87.80599450588394 143.1 -94.31844643515925 81.90406133900791 68.961914 142.00725 309.62651401598515 -20.80116228705332 -0.30951968 -9.296538 0.17367919 309.62651571615777 -20.801206999646052 309.6623717349438 -20.71110795086981 48.51017365299855 89.04217736661877 5400.0 5400.0 2016.0 1 219 {-999.0 15.641919 14.848298 14.537986 -999.0} sdss_psfmag_from_g3xp 15.411156 14.875147 14.182975 12.717 63050396543881116 1061643716 bright_1x1 manual_mwm_halo_distant_kgiant_near_boss_single mwm_halo science 0 0 0.0 0.0 -999 ""
FIBERMAP 923 R+4C16 METROLOGY 0 0 0 1 0 0 88.85489432712762 87.0574263004225 143.1 -93.57228601672333 81.96403133405298 68.961914 142.00725 -999.0 -999.0 -999.0 -999.0 -999.0 309.6288728691243 -20.801042316236526 309.66477973017413 -20.710919745055484 48.50800133208445 89.04311959979913 -999.0 6231.0 -999.0 -1 -999 {-999.0 -999.0 -999.0 -999.0 -999.0} "" -999.0 -999.0 -999.0 -999.0 -999 -999 "" "" "" "" 0 0 0.0 0.0 -999 ""
FIBERMAP 924 R-11C4 APOGEE 0 0 1 1 0 0 -100.5754243675034 -205.80636705024062 143.1 212.86781134368522 -84.60444241500679 10.297246 171.69424 -999.0 -999.0 -999.0 -999.0 -999.0 310.6233984992435 -21.306823870740438 310.65955252810113 -21.214610771230944 47.81483069219839 90.23886639450308 -999.0 16600.0 -999.0 2 178 {-999.0 -999.0 -999.0 -999.0 -999.0} "" -999.0 -999.0 -999.0 -999.0 -999 -999 "" "" "" "" 0 0 0.0 0.0 -999 ""
FIBERMAP 924 R-11C4 BOSS 1 0 1 1 0 0 -99.83347184042617 -205.75931102013956 143.1 212.7643727659949 -83.8682378792907 10.297246 171.69424 310.6250201298453 -21.353730949515594 -0.13033275 -1.496314 -0.07998048 310.62329678827376 -21.30454449771056 310.65925035362216 -21.212399598157038 47.81432870573807 90.23563231956268 5400.0 5400.0 2016.0 1 424 {-999.0 17.200275 16.257956 15.864572 -999.0} sdss_psfmag_ps1 16.89298 16.251352 15.486688 13.804 63050396543794008 1061191408 bright_1x1 manual_mwm_halo_distant_kgiant_far_boss_single mwm_halo science 0 0 0.0 0.0 -999 ""
FIBERMAP 924 R-11C4 METROLOGY 0 0 1 1 0 0 -100.1649457449713 -206.43286882791992 143.1 213.46121730295857 -84.14743561811612 10.297246 171.69424 -999.0 -999.0 -999.0 -999.0 -999.0 310.6255305772823 -21.30541202741515 310.66153908474223 -21.213243593921103 47.812619739986616 90.23791226856997 -999.0 6231.0 -999.0 -1 -999 {-999.0 -999.0 -999.0 -999.0 -999.0} "" -999.0 -999.0 -999.0 -999.0 -999 -999 "" "" "" "" 0 0 0.0 0.0 -999 ""
FIBERMAP 926 R+12C11 APOGEE 0 0 0 1 0 0 61.24941714657662 226.6915843457996 143.1 -230.69639184327886 43.802128609212254 176.13972 156.59206 -999.0 -999.0 -999.0 -999.0 -999.0 309.18451423751065 -20.91505216288307 309.2212775529748 -20.82569736358048 48.936449709475205 88.98308138679346 -999.0 16600.0 -999.0 2 -999 {-999.0 -999.0 -999.0 -999.0 -999.0} "" -999.0 -999.0 -999.0 -999.0 -999 -999 "" "" "" "" 0 0 0.0 0.0 -999 ""
FIBERMAP 926 R+12C11 BOSS 1 1 0 1 0 0 60.56724961471077 227.03829920660334 143.1 -230.99013023506038 43.09553844150542 176.13972 156.59206 309.18370219788676 -20.917128987554094 -0.037443202 5.0122075 1.6743671 309.1837032356035 -20.91711424275992 309.22028532942306 -20.827826321663796 48.93806963787763 88.9856143043528 5400.0 5400.0 2016.0 1 107 {-999.0 17.160969 15.978627 15.553177 -999.0} sdss_psfmag_ps1 16.635878 16.024042 15.037105 13.253 63050396543871644 1096371292 bright_1x1 mwm_bin_vis_boss mwm_filler science 0 0 0.0 0.0 -999 ""
FIBERMAP 926 R+12C11 METROLOGY 0 0 0 1 0 0 61.21525561932881 227.4387999819129 143.1 -231.4388264069259 43.71114600817547 176.13972 156.59206 -999.0 -999.0 -999.0 -999.0 -999.0 309.18218072226534 -20.915254665780818 309.2188130251776 -20.82595156856124 48.93869440229839 88.98220404946863 -999.0 6231.0 -999.0 -1 -999 {-999.0 -999.0 -999.0 -999.0 -999.0} "" -999.0 -999.0 -999.0 -999.0 -999 -999 "" "" "" "" 0 0 0.0 0.0 -999 ""
FIBERMAP 928 R-10C10 APOGEE 0 0 0 1 0 0 33.988379218182644 -206.28271686230264 143.1 203.09209863502207 49.603283938820056 338.91876 88.00421 -999.0 -999.0 -999.0 -999.0 -999.0 310.59109273042907 -20.900426294702044 310.62635657703106 -20.808402356723725 47.70171172009113 89.65669548242835 -999.0 16600.0 -999.0 2 -999 {-999.0 -999.0 -999.0 -999.0 -999.0} "" -999.0 -999.0 -999.0 -999.0 -999 -999 "" "" "" "" 0 0 0.0 0.0 -999 ""
FIBERMAP 928 R-10C10 BOSS 1 1 0 1 0 0 33.67831314576583 -206.95988989877253 143.1 203.79091707381593 49.345707008142085 338.91876 88.00421 310.5936066340279 -20.901126401512737 0.5014221 -0.33367795 -0.98980415 310.59359857110235 -20.901124053954817 310.62866625081153 -20.809164077167797 47.699961138841466 89.65888786647577 5400.0 5400.0 2016.0 1 403 {-999.0 20.434965 20.260117 19.927015 -999.0} sdss_psfmag_ps1 20.544619 20.20329 19.738901 -999.0 63050396543876138 1117383511 bright_1x1 openfibertargets_bhm_quaia_boss open_fiber science 0 0 0.0 0.0 -999 ""
FIBERMAP 928 R-10C10 METROLOGY 0 0 0 1 0 0 33.24793566056925 -206.38874306088067 143.1 203.25422048580808 48.87307614614257 338.91876 88.00421 -999.0 -999.0 -999.0 -999.0 -999.0 310.59184798212505 -20.90256919781147 310.626976091801 -20.810592520427132 47.701943850075246 89.6600439870827 -999.0 6231.0 -999.0 -1 -999 {-999.0 -999.0 -999.0 -999.0 -999.0} "" -999.0 -999.0 -999.0 -999.0 -999 -999 "" "" "" "" 0 0 0.0 0.0 -999 ""
FIBERMAP 929 R-3C18 APOGEE 1 1 0 1 0 0 129.36195692167743 -74.59329406691643 143.1 64.52138103100002 134.66705750569866 321.69193 82.0586 310.14212078709244 -20.64242916905797 -2.4647532 -12.223047 0.32734475 310.1421408445974 -20.642483570655546 310.1772886258615 -20.551387296306004 48.00300292046554 89.0760951073841 16000.0 16600.0 2016.0 2 217 {-999.0 12.689746 11.521778 11.03884 -999.0} sdss_psfmag_from_g3xp 12.26249 11.508704 10.666086 8.774 63050396543882685 1153162253 bright_1x1 mwm_galactic_core_dist_apogee_sparse mwm_galactic science 0 0 0.0 0.0 -999 ""
FIBERMAP 929 R-3C18 BOSS 0 0 0 1 0 0 128.82970264791228 -75.11779407676335 143.1 65.0848972522874 134.17631005425625 321.69193 82.0586 -999.0 -999.0 -999.0 -999.0 -999.0 310.14419071666407 -20.643844062177617 310.17914709059676 -20.552812493457978 48.00188784373294 89.07901464982876 -999.0 5400.0 -999.0 1 309 {-999.0 -999.0 -999.0 -999.0 -999.0} "" -999.0 -999.0 -999.0 -999.0 -999 -999 "" "" "" "" 0 0 0.0 0.0 -999 ""
FIBERMAP 929 R-3C18 METROLOGY 0 0 0 1 0 0 128.64483219280336 -74.38236753616829 143.1 64.36569797075508 133.93595602434547 321.69193 82.0586 -999.0 -999.0 -999.0 -999.0 -999.0 310.14181329634124 -20.644571988461554 310.17682832812477 -20.55352512314554 48.00417025764443 89.07884829691795 -999.0 6231.0 -999.0 -1 -999 {-999.0 -999.0 -999.0 -999.0 -999.0} "" -999.0 -999.0 -999.0 -999.0 -999 -999 "" "" "" "" 0 0 0.0 0.0 -999 ""
FIBERMAP 931 R+4C2 APOGEE 0 0 0 1 0 0 -212.21185048435635 72.52291630849847 143.1 -56.14577965723699 -217.11766022170934 334.47418 118.467354 -999.0 -999.0 -999.0 -999.0 -999.0 309.74747753445627 -21.707811436110426 309.7854889034502 -21.61712949376443 48.717241411472685 90.38759114167749 -999.0 16600.0 -999.0 2 -999 {-999.0 -999.0 -999.0 -999.0 -999.0} "" -999.0 -999.0 -999.0 -999.0 -999 -999 "" "" "" "" 0 0 0.0 0.0 -999 ""
FIBERMAP 931 R+4C2 BOSS 1 1 0 1 0 0 -212.16881867178552 71.77186770647938 143.1 -55.40019901609902 -217.01754121549158 334.47418 118.467354 309.7500276803731 -21.707453906396815 25.453093 -15.074968 0.72137433 309.7500874833125 -21.707496406403134 309.78790499229217 -21.616873449383654 48.715041711097555 90.38838175257854 5400.0 5400.0 2016.0 1 74 {-999.0 15.160196 14.742934 14.594737 -999.0} sdss_psfmag_from_g3xp 15.0781555 14.759396 14.2625675 13.326 63050396543784957 1072585904 bright_1x1 mwm_halo_local_high_boss_single mwm_halo science 0 0 0.0 0.0 -999 ""
FIBERMAP 931 R+4C2 METROLOGY 0 0 0 1 0 0 -212.8272608886256 72.09774781117856 143.1 -55.674970726729555 -217.69888811672442 334.47418 118.467354 -999.0 -999.0 -999.0 -999.0 -999.0 309.74912448797687 -21.709596082266874 309.7870018363517 -21.61895619871645 48.71653846272446 90.39091903276494 -999.0 6231.0 -999.0 -1 -999 {-999.0 -999.0 -999.0 -999.0 -999.0} "" -999.0 -999.0 -999.0 -999.0 -999 -999 "" "" "" "" 0 0 0.0 0.0 -999 ""
FIBERMAP 933 R+1C7 APOGEE 0 0 0 1 0 0 -124.8079129594821 19.59452449792677 143.1 -10.029891741088564 -125.93664831767231 58.660034 44.414356 -999.0 -999.0 -999.0 -999.0 -999.0 309.89844549601963 -21.432827335394855 309.93566076766774 -21.341944082980035 48.49184068693523 90.06875532850438 -999.0 16600.0 -999.0 2 14 {-999.0 -999.0 -999.0 -999.0 -999.0} "" -999.0 -999.0 -999.0 -999.0 -999 -999 "" "" "" "" 0 0 0.0 0.0 -999 ""
FIBERMAP 933 R+1C7 BOSS 1 1 0 1 0 0 -124.59947003631645 18.860338358068844 143.1 -9.313724924578555 -125.67288504290437 58.660034 44.414356 309.9009704589844 -21.432025134726956 -999.0 -999.0 -999.0 309.9009686830956 -21.43203180201566 309.9379883042835 -21.341209289965413 48.48955231359537 90.06884061156973 5400.0 5400.0 2015.5 1 21 {-999.0 -999.0 -999.0 -999.0 -999.0} "" -999.0 -999.0 -999.0 -999.0 27021603186173789 815794241 "" ops_sky_boss_good ops_sky sky_boss 0 0 0.0 0.0 -999 ""
FIBERMAP 933 R+1C7 METROLOGY 0 0 0 1 0 0 -125.33163378967679 19.067619814312472 143.1 -9.464627910191442 -126.41870402659694 58.660034 44.414356 -999.0 -999.0 -999.0 -999.0 -999.0 309.90041590441024 -21.434321509624027 309.9374955611637 -21.343480820167528 48.490765238570575 90.07182011864887 -999.0 6231.0 -999.0 -1 -999 {-999.0 -999.0 -999.0 -999.0 -999.0} "" -999.0 -999.0 -999.0 -999.0 -999 -999 "" "" "" "" 0 0 0.0 0.0 -999 ""
FIBERMAP 937 R+8C19 APOGEE 0 0 0 1 0 0 212.84844420435766 147.3148921109188 143.1 -163.0995145834638 201.0058020639223 329.10052 112.655754 -999.0 -999.0 -999.0 -999.0 -999.0 309.40674964325115 -20.440774317608202 309.4421919033257 -20.351142053615234 48.573658318951864 88.42297919167589 -999.0 16600.0 -999.0 2 101 {-999.0 -999.0 -999.0 -999.0 -999.0} "" -999.0 -999.0 -999.0 -999.0 -999 -999 "" "" "" "" 0 0 0.0 0.0 -999 ""
FIBERMAP 937 R+8C19 BOSS 1 1 0 1 0 0 212.75549764322375 146.5646593580444 143.1 -162.34438898125157 200.97027703624482 329.10052 112.655754 309.40938536432486 -20.440728068441 -6.411313 -26.103704 0.6006299 309.4093622483362 -20.440810007078785 309.44461390270646 -20.35124108905672 48.571576925814774 88.42435956368377 5400.0 5400.0 2016.0 1 175 {-999.0 15.227942 14.91067 14.791191 -999.0} sdss_psfmag_from_g3xp 15.179041 14.906919 14.462866 13.621 63050396543902163 1072515523 bright_1x1 mwm_halo_local_high_boss_single mwm_halo science 0 0 0.0 0.0 -999 ""
FIBERMAP 937 R+8C19 METROLOGY 0 0 0 1 0 0 212.1565070409408 147.0224928945882 143.1 -162.7552582195557 200.3381565760675 329.10052 112.655754 -999.0 -999.0 -999.0 -999.0 -999.0 309.4079359303337 -20.442694160495794 309.44324665554404 -20.353107999588445 48.57344706192045 88.42628980075273 -999.0 6231.0 -999.0 -1 -999 {-999.0 -999.0 -999.0 -999.0 -999.0} "" -999.0 -999.0 -999.0 -999.0 -999 -999 "" "" "" "" 0 0 0.0 0.0 -999 ""
FIBERMAP 939 R+2C6 APOGEE 0 0 0 1 0 0 -146.46760705474492 30.92935636953677 143.1 -19.6817016597085 -148.3966406434598 321.771 117.76333 -999.0 -999.0 -999.0 -999.0 -999.0 309.8668141684962 -21.500744415262833 309.9042196843958 -21.409900016149724 48.54269109997436 90.14990592499998 -999.0 16600.0 -999.0 2 -999 {-999.0 -999.0 -999.0 -999.0 -999.0} "" -999.0 -999.0 -999.0 -999.0 -999 -999 "" "" "" "" 0 0 0.0 0.0 -999 ""
FIBERMAP 939 R+2C6 BOSS 1 1 0 1 0 0 -146.57930899345283 30.204895298186806 143.1 -18.95084386404219 -148.45282957202815 321.771 117.76333 309.869384765625 -21.500916727716785 -999.0 -999.0 -999.0 309.8693789419451 -21.50092140162133 309.9065911662616 -21.410137010928484 48.540698594579965 90.15138627810501 5400.0 5400.0 2015.5 1 49 {-999.0 -999.0 -999.0 -999.0 -999.0} "" -999.0 -999.0 -999.0 -999.0 27021603186173778 815794216 "" ops_sky_boss_good ops_sky sky_boss 0 0 0.0 0.0 -999 ""
FIBERMAP 939 R+2C6 METROLOGY 0 0 0 1 0 0 -147.16793379214562 30.666600441577426 143.1 -19.366363056611615 -149.0749093810455 321.771 117.76333 -999.0 -999.0 -999.0 -999.0 -999.0 309.8679628358953 -21.50283536184751 309.9052351085836 -21.412034653057756 48.542535477726624 90.15342433205018 -999.0 6231.0 -999.0 -1 -999 {-999.0 -999.0 -999.0 -999.0 -999.0} "" -999.0 -999.0 -999.0 -999.0 -999 -999 "" "" "" "" 0 0 0.0 0.0 -999 ""
FIBERMAP 947 R+11C15 APOGEE 0 0 0 1 0 0 134.8554816668443 214.44757431072364 143.1 -224.09517601092398 118.12628347880674 154.99117 135.51433 -999.0 -999.0 -999.0 -999.0 -999.0 309.20789943047345 -20.690363278164696 309.24411916199085 -20.601034111201223 48.836638070259724 88.67526550000036 -999.0 16600.0 -999.0 2 -999 {-999.0 -999.0 -999.0 -999.0 -999.0} "" -999.0 -999.0 -999.0 -999.0 -999 -999 "" "" "" "" 0 0 0.0 0.0 -999 ""
FIBERMAP 947 R+11C15 BOSS 1 1 0 1 0 0 134.58149071046032 215.11480127046454 143.1 -224.73958563260362 117.80226405004464 154.99117 135.51433 309.20595109311273 -20.69127768667333 13.017427 4.6480246 0.20726344 309.2059914136883 -20.69126249363376 309.24202826427484 -20.602003646508397 48.83881248241792 88.67557873037066 5400.0 5400.0 2016.0 1 186 {-999.0 14.045399 13.630734 13.505141 -999.0} sdss_psfmag_from_g3xp 13.882093 13.707744 13.065134 12.138 63050396543891168 1093707609 bright_1x1 mwm_astar_core_boss_single mwm_ob science 0 0 0.0 0.0 -999 ""
FIBERMAP 947 R+11C15 METROLOGY 0 0 0 1 0 0 135.32844186098941 215.02706276751144 143.1 -224.70900349454885 118.55372088397377 154.99117 135.51433 -999.0 -999.0 -999.0 -999.0 -999.0 309.2060181160015 -20.68899043751479 309.2421026587572 -20.59971329260518 48.83792900580313 88.67236649457863 -999.0 6231.0 -999.0 -1 -999 {-999.0 -999.0 -999.0 -999.0 -999.0} "" -999.0 -999.0 -999.0 -999.0 -999 -999 "" "" "" "" 0 0 0.0 0.0 -999 ""
FIBERMAP 949 R+1C19 APOGEE 0 0 0 1 0 0 139.3137265378375 10.681303808382982 143.1 -21.26266770989431 138.09384223846646 8.841193 74.5022 -999.0 -999.0 -999.0 -999.0 -999.0 309.86404863741325 -20.631605293266524 309.89945971729003 -20.54103986156764 48.24221917550875 88.92212540184539 -999.0 16600.0 -999.0 2 -999 {-999.0 -999.0 -999.0 -999.0 -999.0} "" -999.0 -999.0 -999.0 -999.0 -999 -999 "" "" "" "" 0 0 0.0 0.0 -999 ""
FIBERMAP 949 R+1C19 BOSS 1 1 0 1 0 0 139.25234365663516 9.938284515427094 143.1 -20.51713896245101 138.08923935653945 8.841193 74.5022 309.86663818359375 -20.631483850658185 -999.0 -999.0 -999.0 309.8666466769829 -20.631491150759285 309.9018640728631 -20.540989314432682 48.24009887573683 88.92326505552023 5400.0 5400.0 2015.5 1 241 {-999.0 -999.0 -999.0 -999.0 -999.0} "" -999.0 -999.0 -999.0 -999.0 27021603186176431 825563032 "" ops_sky_boss_good ops_sky sky_boss 0 0 0.0 0.0 -999 ""
FIBERMAP 949 R+1C19 METROLOGY 0 0 0 1 0 0 138.62675299499708 10.385389009440152 143.1 -20.91528412816055 137.43141370486373 8.841193 74.5022 -999.0 -999.0 -999.0 -999.0 -999.0 309.86529287427527 -20.633484334968045 309.9005702870088 -20.542965022715137 48.24193749011379 88.9253835627747 -999.0 6231.0 -999.0 -1 -999 {-999.0 -999.0 -999.0 -999.0 -999.0} "" -999.0 -999.0 -999.0 -999.0 -999 -999 "" "" "" "" 0 0 0.0 0.0 -999 ""
FIBERMAP 952 R+4C8 APOGEE 0 0 0 1 0 0 -90.74702055447607 91.63088065785887 143.1 -84.45086097631318 -97.46258851814196 102.75916 110.08612 -999.0 -999.0 -999.0 -999.0 -999.0 309.65617407194276 -21.345727980234532 309.6934438688155 -21.255333748126695 48.67377172357412 89.82816811912903 -999.0 16600.0 -999.0 2 -999 {-999.0 -999.0 -999.0 -999.0 -999.0} "" -999.0 -999.0 -999.0 -999.0 -999 -999 "" "" "" "" 0 0 0.0 0.0 -999 ""
FIBERMAP 952 R+4C8 BOSS 1 1 0 1 0 0 -90.12741448959375 92.03538128629053 143.1 -84.90138191481539 -96.87560277903718 102.75916 110.08612 309.6548549175418 -21.343929151959724 0.73371387 -0.17719775 -0.78678614 309.654857574625 -21.34392534029593 309.69193490898954 -21.253599342486226 48.674491503838745 89.82496716499804 5400.0 5400.0 2016.0 1 33 {-999.0 20.122324 20.122845 19.982132 -999.0} sdss_psfmag_ps1 20.124836 20.08483 19.82512 -999.0 63050396543864141 1117383573 bright_1x1 openfibertargets_bhm_quaia_boss open_fiber science 0 0 0.0 0.0 -999 ""
FIBERMAP 952 R+4C8 METROLOGY 0 0 0 1 0 0 -90.08286112504544 91.28680149677166 143.1 -84.15837879489958 -96.77415472427015 102.75916 110.08612 -999.0 -999.0 -999.0 -999.0 -999.0 309.6572143218612 -21.34365711419169 309.69434230272645 -21.253308239970575 48.672285613550194 89.82572854713857 -999.0 6231.0 -999.0 -1 -999 {-999.0 -999.0 -999.0 -999.0 -999.0} "" -999.0 -999.0 -999.0 -999.0 -999 -999 "" "" "" "" 0 0 0.0 0.0 -999 ""
FIBERMAP 953 R+4C11 APOGEE 0 0 0 1 0 0 -36.13335023396873 78.87009952608042 143.1 -75.88759630091234 -42.03608330194058 179.3114 112.12929 -999.0 -999.0 -999.0 -999.0 -999.0 309.68461172339795 -21.177701974958538 309.7214637111874 -21.087306215891232 48.590919946983774 89.60347398182626 -999.0 16600.0 -999.0 2 -999 {-999.0 -999.0 -999.0 -999.0 -999.0} "" -999.0 -999.0 -999.0 -999.0 -999 -999 "" "" "" "" 0 0 0.0 0.0 -999 ""
FIBERMAP 953 R+4C11 BOSS 1 1 0 1 0 0 -36.408312170275515 79.61481601670987 143.1 -76.6091955413832 -42.36697380327519 179.3114 112.12929 309.68240151510486 -21.178639902826102 0.057923608 -4.4884768 0.2770512 309.6824022398315 -21.17865658063165 309.7190689492047 -21.088330622421573 48.59337130227606 89.60374755765031 5400.0 5400.0 2016.0 1 118 {-999.0 16.880846 16.564337 16.46678 -999.0} sdss_psfmag_ps1 16.8448 16.576363 16.153147 15.363 63050396543865344 977478007 "" ops_std_boss ops_std standard_boss 0 0 0.0 0.0 -999 ""
FIBERMAP 953 R+4C11 METROLOGY 0 0 0 1 0 0 -35.68230060679946 79.46680083379356 143.1 -76.5169173634939 -41.63180380062942 179.3114 112.12929 -999.0 -999.0 -999.0 -999.0 -999.0 309.6826490550397 -21.17644809508471 309.7193641966587 -21.0861036957796 48.59233653900981 89.60073719734748 -999.0 6231.0 -999.0 -1 -999 {-999.0 -999.0 -999.0 -999.0 -999.0} "" -999.0 -999.0 -999.0 -999.0 -999 -999 "" "" "" "" 0 0 0.0 0.0 -999 ""
FIBERMAP 955 R-1C19 APOGEE 0 0 0 1 0 0 105.10751757310408 -8.256652160328382 143.1 0.2257966265867244 105.43001011994052 213.06091 35.441135 -999.0 -999.0 -999.0 -999.0 -999.0 309.93349441086053 -20.730693991691915 309.9690602764987 -20.639965286840127 48.21670165567815 89.09576935656855 -999.0 16600.0 -999.0 2 -999 {-999.0 -999.0 -999.0 -999.0 -999.0} "" -999.0 -999.0 -999.0 -999.0 -999 -999 "" "" "" "" 0 0 0.0 0.0 -999 ""
FIBERMAP 955 R-1C19 BOSS 1 1 0 1 0 0 105.37409314831137 -7.583384500338987 143.1 -0.46581484533844486 105.64452086403445 213.06091 35.441135 309.9313797694399 -20.729821727624913 20.62389 -33.483315 18.730947 309.9314422868218 -20.72991370511829 309.96681735605785 -20.63925736941272 48.21841053037472 89.09365404032218 5400.0 5400.0 2016.0 1 302 {-999.0 17.358486 15.815517 14.372372 -999.0} sdss_psfmag_ps1 16.63527 15.039194 13.82124 11.544 63050396543880451 1151097382 bright_1x1 mwm_snc_100pc_boss_single mwm_snc science 0 0 0.0 0.0 -999 ""
FIBERMAP 955 R-1C19 METROLOGY 0 0 0 1 0 0 105.84614036923907 -8.138607330599024 143.1 0.051829889081401674 106.15748691629278 213.06091 35.441135 -999.0 -999.0 -999.0 -999.0 -999.0 309.93307218483756 -20.728370588932698 309.96849619356794 -20.63769231802785 48.216384830805445 89.09229975737333 -999.0 6231.0 -999.0 -1 -999 {-999.0 -999.0 -999.0 -999.0 -999.0} "" -999.0 -999.0 -999.0 -999.0 -999 -999 "" "" "" "" 0 0 0.0 0.0 -999 ""
FIBERMAP 960 R+13C6 APOGEE 1 1 0 1 0 0 -52.00465747242217 260.8998069783724 143.1 -256.17750808921073 -71.72759871963876 208.17603 51.784847 309.0999410108288 -21.26406056742525 1.4289638 -10.517597 1.0904355 309.0999268698944 -21.264078114721563 309.1375877211841 -21.174776860680797 49.131932774276194 89.4400304651017 16000.0 16600.0 2016.0 2 51 {-999.0 12.977857 12.22451 11.95988 -999.0} sdss_psfmag_from_g3xp 12.765706 12.267836 11.611923 10.277 63050396543868526 1105245463 bright_1x1 mwm_tess_rgb_apogee mwm_tessrgb science 0 0 0.0 0.0 -999 ""
FIBERMAP 960 R+13C6 BOSS 0 0 0 1 0 0 -51.88948952465779 261.65184725233917 143.1 -256.9361287017811 -71.67005479057248 208.17603 51.784847 -999.0 -999.0 -999.0 -999.0 -999.0 309.09767327496735 -21.26381806199258 309.13514942488575 -21.174585617261197 49.13399850711607 89.4385495526783 -999.0 5400.0 -999.0 1 88 {-999.0 -999.0 -999.0 -999.0 -999.0} "" -999.0 -999.0 -999.0 -999.0 -999 -999 "" "" "" "" 0 0 0.0 0.0 -999 ""
FIBERMAP 960 R+13C6 METROLOGY 0 0 0 1 0 0 -51.30768174292899 261.1778963194606 143.1 -256.50788012603044 -71.0538392731924 208.17603 51.784847 -999.0 -999.0 -999.0 -999.0 -999.0 309.0989575092911 -21.261998841282367 309.1364809226011 -21.172746251291645 49.13219535696823 89.43657242729 -999.0 6231.0 -999.0 -1 -999 {-999.0 -999.0 -999.0 -999.0 -999.0} "" -999.0 -999.0 -999.0 -999.0 -999 -999 "" "" "" "" 0 0 0.0 0.0 -999 ""
FIBERMAP 961 R-2C8 APOGEE 0 0 0 1 0 0 -122.98311902273682 -56.3678691347271 143.1 65.57200162261864 -118.33058411205077 294.78525 45.644814 -999.0 -999.0 -999.0 -999.0 -999.0 310.1449316688605 -21.41003376252962 310.1818327911395 -21.318689988666243 48.26855675148042 90.15482076952793 -999.0 16600.0 -999.0 2 -999 {-999.0 -999.0 -999.0 -999.0 -999.0} "" -999.0 -999.0 -999.0 -999.0 -999 -999 "" "" "" "" 0 0 0.0 0.0 -999 ""
FIBERMAP 961 R-2C8 BOSS 1 1 0 1 0 0 -123.7636826880867 -56.04728299805118 143.1 65.31181129540754 -119.1332930984702 294.78525 45.644814 310.14395801222605 -21.41213649634759 112.1398 -111.14797 12.589449 310.144305943755 -21.412456905818203 310.1810207321398 -21.32117941584037 48.270124918996174 90.15793983479017 5400.0 5400.0 2016.0 1 497 {-999.0 18.617674 17.146566 15.704812 -999.0} sdss_psfmag_ps1 18.004374 16.348078 15.116931 12.848 63050396543794658 1157826651 bright_1x1 mwm_snc_100pc_bright_boss_single mwm_snc science 0 0 0.0 0.0 -999 ""
FIBERMAP 961 R-2C8 METROLOGY 0 0 0 1 0 0 -123.13344506662537 -55.63513432777107 143.1 64.85285473477363 -118.53628940778233 294.78525 45.644814 -999.0 -999.0 -999.0 -999.0 -999.0 310.1427667724262 -21.4106800957446 310.1795336946317 -21.31938741713255 48.27080766367115 90.15469524216189 -999.0 6231.0 -999.0 -1 -999 {-999.0 -999.0 -999.0 -999.0 -999.0} "" -999.0 -999.0 -999.0 -999.0 -999 -999 "" "" "" "" 0 0 0.0 0.0 -999 ""
FIBERMAP 966 R-8C2 APOGEE 0 0 0 1 0 0 -183.57222222346292 -141.80772243770687 143.1 155.37822661876606 -172.23446428595537 115.23044 108.821144 -999.0 -999.0 -999.0 -999.0 -999.0 310.43678085382885 -21.57243218915261 310.4737423795258 -21.48048621636404 48.06883855721402 90.52257709298658 -999.0 16600.0 -999.0 2 -999 {-999.0 -999.0 -999.0 -999.0 -999.0} "" -999.0 -999.0 -999.0 -999.0 -999 -999 "" "" "" "" 0 0 0.0 0.0 -999 ""
FIBERMAP 966 R-8C2 BOSS 1 1 0 1 0 0 -183.07523908286922 -141.28008875297218 143.1 154.81427271069907 -171.77912383743163 115.23044 108.821144 310.4348969305107 -21.57080858782058 90.20104 -79.35332 10.746571 310.435172823969 -21.571026283205374 310.4719385220445 -21.47914959081177 48.069958865791335 90.51983843910511 5400.0 5400.0 2016.0 1 456 {-999.0 20.050873 18.603725 16.789183 -999.0} sdss_psfmag_ps1 19.467983 17.441263 16.113611 13.537 63050396543792713 1157709809 bright_1x1 mwm_snc_100pc_bright_boss_single mwm_snc science 0 0 0.0 0.0 -999 ""
FIBERMAP 966 R-8C2 METROLOGY 0 0 0 1 0 0 -182.84799434085073 -141.9947844350318 143.1 155.50957363303317 -171.49809829215042 115.23044 108.821144 -999.0 -999.0 -999.0 -999.0 -999.0 310.4374042092907 -21.570215290721233 310.4742207111441 -21.478316006685443 48.067678141361625 90.51975303960683 -999.0 6231.0 -999.0 -1 -999 {-999.0 -999.0 -999.0 -999.0 -999.0} "" -999.0 -999.0 -999.0 -999.0 -999 -999 "" "" "" "" 0 0 0.0 0.0 -999 ""
FIBERMAP 968 R0C21 APOGEE 0 0 0 1 0 0 152.6782006373708 13.906859481471319 143.1 -25.496884444692128 151.17363458961273 117.96128 106.4162 -999.0 -999.0 -999.0 -999.0 -999.0 309.8504517457776 -20.591997240482037 309.8857862640865 -20.501470184437476 48.239991810774264 88.85976699411503 -999.0 16600.0 -999.0 2 83 {-999.0 -999.0 -999.0 -999.0 -999.0} "" -999.0 -999.0 -999.0 -999.0 -999 -999 "" "" "" "" 0 0 0.0 0.0 -999 ""
FIBERMAP 968 R0C21 BOSS 1 1 0 1 0 0 153.24405445490544 14.413200954621697 143.1 -26.044854590470923 151.69926687827615 117.96128 106.4162 309.848842414551 -20.590253742465272 5.4935913 -6.078506 0.35816312 309.8488606566293 -20.590270377712027 309.8840022396454 -20.499815525523896 48.240957962592105 88.85654777353642 5400.0 5400.0 2016.0 1 254 {-999.0 17.134682 16.78106 16.663778 -999.0} sdss_psfmag_ps1 17.047953 16.74822 16.291153 15.464 63050396543882049 944753907 bright_1x1 openfibertargets_nov2020_6c open_fiber science 0 0 0.0 0.0 -999 ""
FIBERMAP 968 R0C21 METROLOGY 0 0 0 1 0 0 153.39925577036857 13.69990627095884 143.1 -25.345462525777375 151.90835233891562 117.96128 106.4162 -999.0 -999.0 -999.0 -999.0 -999.0 309.85107214253355 -20.58964399136907 309.8862640249148 -20.49916568726888 48.238747305670806 88.85677831372766 -999.0 6231.0 -999.0 -1 -999 {-999.0 -999.0 -999.0 -999.0 -999.0} "" -999.0 -999.0 -999.0 -999.0 -999 -999 "" "" "" "" 0 0 0.0 0.0 -999 ""
FIBERMAP 970 R-3C14 APOGEE 1 1 0 1 0 0 42.66372992112968 -68.49144758169726 143.1 65.04174160379263 47.756806475411054 316.09427 111.60456 310.14375333436726 -20.905983926112032 11.525536 -5.025138 0.8443389 310.14379087874084 -20.90599031913884 310.179538278633 -20.814807583257007 48.09469843534529 89.44551355354969 16000.0 16600.0 2016.0 2 231 {-999.0 11.467166 10.286683 9.824623 -999.0} sdss_psfmag_from_g3xp 11.031381 10.287817 9.455904 7.659 63050396543875341 1156316437 bright_1x1 mwm_galactic_core_dist_apogee_extra mwm_galactic science 0 0 0.0 0.0 -999 ""
FIBERMAP 970 R-3C14 BOSS 0 0 0 1 0 0 42.435996647475406 -69.18130991430965 143.1 65.74694046928195 47.5822889088196 316.09427 111.60456 -999.0 -999.0 -999.0 -999.0 -999.0 310.1463163090709 -20.906426651686576 310.1818696141506 -20.815306937773123 48.09283624657801 89.44736573565427 -999.0 5400.0 -999.0 1 340 {-999.0 -999.0 -999.0 -999.0 -999.0} "" -999.0 -999.0 -999.0 -999.0 -999 -999 "" "" "" "" 0 0 0.0 0.0 -999 ""
FIBERMAP 970 R-3C14 METROLOGY 0 0 0 1 0 0 41.93552459945512 -68.63580865884718 143.1 65.24115428274338 47.04172147210439 316.09427 111.60456 -999.0 -999.0 -999.0 -999.0 -999.0 310.1446236115247 -20.908081092010768 310.1802370150964 -20.8169447979482 48.09484252517611 89.44885257602328 -999.0 6231.0 -999.0 -1 -999 {-999.0 -999.0 -999.0 -999.0 -999.0} "" -999.0 -999.0 -999.0 -999.0 -999 -999 "" "" "" "" 0 0 0.0 0.0 -999 ""
FIBERMAP 974 R+9C1 APOGEE 1 1 0 1 0 0 -203.25152780147275 158.62174617371156 143.1 -142.67613157150393 -214.74221910037926 286.83255 48.09212 309.46584140895897 -21.69896887881949 -3.6271584 -6.307684 0.14795019 309.4658814849309 -21.698925131892306 309.5041711043241 -21.608784379948265 48.960412447737426 90.24075378103612 16000.0 16600.0 2016.0 2 47 {-999.0 13.219195 12.1004715 11.626039 -999.0} sdss_psfmag_from_g3xp 12.818702 12.086165 11.257359 9.434 63050396543860218 1156316398 bright_1x1 mwm_galactic_core_dist_apogee_extra mwm_galactic science 0 0 0.0 0.0 -999 ""
FIBERMAP 974 R+9C1 BOSS 0 0 0 1 0 0 -203.97032369337214 158.89682367496613 143.1 -142.8956512451483 -215.47987370361918 286.83255 48.09212 -999.0 -999.0 -999.0 -999.0 -999.0 309.4653489981522 -21.701082760317952 309.50345550748466 -21.611005680669344 48.96179246363543 90.24359189808058 -999.0 5400.0 -999.0 1 83 {-999.0 -999.0 -999.0 -999.0 -999.0} "" -999.0 -999.0 -999.0 -999.0 -999 -999 "" "" "" "" 0 0 0.0 0.0 -999 ""
FIBERMAP 974 R+9C1 METROLOGY 0 0 0 1 0 0 -203.37011111889518 159.35492127019543 143.1 -143.39813553232605 -214.91630776575545 286.83255 48.09212 -999.0 -999.0 -999.0 -999.0 -999.0 309.4636373104559 -21.699430816687777 309.5017952684715 -21.609339590628885 48.96267859121294 90.24040677962932 -999.0 6231.0 -999.0 -1 -999 {-999.0 -999.0 -999.0 -999.0 -999.0} "" -999.0 -999.0 -999.0 -999.0 -999 -999 "" "" "" "" 0 0 0.0 0.0 -999 ""
FIBERMAP 976 R-8C8 APOGEE 0 0 0 1 0 0 -46.673842561685376 -135.16874035875384 143.1 138.33008794528206 -36.240994057221364 147.21947 52.77686 -999.0 -999.0 -999.0 -999.0 -999.0 310.3818432037231 -21.160933946416524 310.4179219695386 -21.069221163494667 47.975575246893584 89.91867513274417 -999.0 16600.0 -999.0 2 -999 {-999.0 -999.0 -999.0 -999.0 -999.0} "" -999.0 -999.0 -999.0 -999.0 -999 -999 "" "" "" "" 0 0 0.0 0.0 -999 ""
FIBERMAP 976 R-8C8 BOSS 1 1 0 1 0 0 -46.02361267116498 -134.87021044051932 143.1 137.9828958925133 -35.615401250046084 147.21947 52.77686 310.3809595462087 -21.158960669655404 4.388321 -11.998518 0.049348526 310.3809783613276 -21.158987068323484 310.41685970244566 -21.067343913908655 47.975849049242456 89.91553050392065 5400.0 5400.0 2016.0 1 382 {-999.0 17.335112 16.95788 16.822119 -999.0} sdss_psfmag_ps1 17.27205 16.960892 16.501743 15.734 63050396543795750 944753613 bright_1x1 openfibertargets_nov2020_6c open_fiber science 0 0 0.0 0.0 -999 ""
FIBERMAP 976 R-8C8 METROLOGY 0 0 0 1 0 0 -46.09100101840796 -135.63756223561762 143.1 138.75314367152953 -35.624138508913326 147.21947 52.77686 -999.0 -999.0 -999.0 -999.0 -999.0 310.38344033928774 -21.159033244076973 310.4193741108468 -21.067366342908876 47.97365806806444 89.91678509314607 -999.0 6231.0 -999.0 -1 -999 {-999.0 -999.0 -999.0 -999.0 -999.0} "" -999.0 -999.0 -999.0 -999.0 -999 -999 "" "" "" "" 0 0 0.0 0.0 -999 ""
FIBERMAP 977 R+4C7 APOGEE 1 1 0 1 0 0 -91.42110121247401 84.62867842134844 143.1 -77.41772644219856 -97.6012965680485 90.614685 25.235262 309.6790641704133 -21.346221235400048 0.17208247 -7.739701 0.5093807 309.6790721870414 -21.346247298992505 309.71631911197017 -21.255809185262283 48.65393216255068 89.84000512063113 16000.0 16600.0 2016.0 2 31 {-999.0 12.792259 12.0824 11.814772 -999.0} sdss_psfmag_from_g3xp 12.599732 12.114482 11.467719 10.161 63050396543864062 1108976062 bright_1x1 mwm_tess_rgb_apogee mwm_tessrgb science 0 0 0.0 0.0 -999 ""
FIBERMAP 977 R+4C7 BOSS 0 0 0 1 0 0 -91.06589164140856 83.97095545297518 143.1 -76.78898009439209 -97.19701932968631 90.614685 25.235262 -999.0 -999.0 -999.0 -999.0 -999.0 309.68127143457394 -21.345014765320332 309.7183233654024 -21.254638043238277 48.65177450483408 89.8393194349531 -999.0 5400.0 -999.0 1 52 {-999.0 -999.0 -999.0 -999.0 -999.0} "" -999.0 -999.0 -999.0 -999.0 -999 -999 "" "" "" "" 0 0 0.0 0.0 -999 ""
FIBERMAP 977 R+4C7 METROLOGY 0 0 0 1 0 0 -91.80733350056417 83.97718807130276 143.1 -76.7387136860704 -97.93677405852377 90.614685 25.235262 -999.0 -999.0 -999.0 -999.0 -999.0 309.6813659261629 -21.3472866202998 309.7184768035519 -21.256890520617823 48.65241920175098 89.84259354970033 -999.0 6231.0 -999.0 -1 -999 {-999.0 -999.0 -999.0 -999.0 -999.0} "" -999.0 -999.0 -999.0 -999.0 -999 -999 "" "" "" "" 0 0 0.0 0.0 -999 ""
FIBERMAP 978 R-1C23 APOGEE 0 0 0 1 0 0 200.73387147655072 -24.37086244807172 143.1 9.008487213628554 202.00506755671498 202.75836 117.32194 -999.0 -999.0 -999.0 -999.0 -999.0 309.9625634401077 -20.43866976538995 309.99743235204016 -20.347978280553214 48.087118948273975 88.70155321794238 -999.0 16600.0 -999.0 2 -999 {-999.0 -999.0 -999.0 -999.0 -999.0} "" -999.0 -999.0 -999.0 -999.0 -999 -999 "" "" "" "" 0 0 0.0 0.0 -999 ""
FIBERMAP 978 R-1C23 BOSS 1 1 0 1 0 0 200.18256621205285 -23.88164543810138 143.1 8.562693482181267 201.41810269192715 202.75836 117.32194 309.9613040175602 -20.440327324730983 -0.5542574 -0.070136 -0.080303706 309.9613125891155 -20.44031350709925 309.99599527545274 -20.34969335374287 48.08899497306852 88.70321854539174 5400.0 5400.0 2016.0 1 288 {-999.0 19.656502 19.198683 19.13769 -999.0} sdss_psfmag_ps1 19.584454 19.343239 18.786562 -999.0 63050396543884588 1117383574 bright_1x1 openfibertargets_bhm_quaia_boss open_fiber science 0 0 0.0 0.0 -999 ""
FIBERMAP 978 R-1C23 METROLOGY 0 0 0 1 0 0 200.86578707295746 -23.63459042482165 143.1 8.26431308789097 202.08051148007465 202.75836 117.32194 -999.0 -999.0 -999.0 -999.0 -999.0 309.96029827686255 -20.438305247718006 309.99503163388215 -20.347667970264713 48.089105680777024 88.6999025461518 -999.0 6231.0 -999.0 -1 -999 {-999.0 -999.0 -999.0 -999.0 -999.0} "" -999.0 -999.0 -999.0 -999.0 -999 -999 "" "" "" "" 0 0 0.0 0.0 -999 ""
FIBERMAP 980 R+4C20 APOGEE 0 0 0 1 0 0 173.10144588982033 61.94948275459867 143.1 -74.95520653084633 167.87758397929593 275.2711 87.012215 -999.0 -999.0 -999.0 -999.0 -999.0 309.69051833565504 -20.54118336654455 309.72590107634835 -20.450976929075356 48.36163919261862 88.70804527672476 -999.0 16600.0 -999.0 2 -999 {-999.0 -999.0 -999.0 -999.0 -999.0} "" -999.0 -999.0 -999.0 -999.0 -999 -999 "" "" "" "" 0 0 0.0 0.0 -999 ""
FIBERMAP 980 R+4C20 BOSS 1 1 0 1 0 0 172.34186760031412 61.903617796876546 143.1 -74.85161287399681 167.12371434236417 275.2711 87.012215 309.6910104347257 -20.543331789610136 -0.80014604 -3.6115417 0.32745716 309.69100443467653 -20.54333728382016 309.7262019183197 -20.453197744909907 48.36217493752579 88.71131665737005 5400.0 5400.0 2016.0 1 213 {-999.0 17.83486 17.452543 17.24077 -999.0} sdss_psfmag_ps1 17.757795 17.441755 16.950499 16.204 63050396543882427 944753917 bright_1x1 openfibertargets_nov2020_6c open_fiber science 0 0 0.0 0.0 -999 ""
FIBERMAP 980 R+4C20 METROLOGY 0 0 0 1 0 0 172.69636945405736 62.57830013507227 143.1 -75.5513328636781 167.4257872215677 275.2711 87.012215 -999.0 -999.0 -999.0 -999.0 -999.0 309.6886810204657 -20.54241776963343 309.7239325487866 -20.452263537355073 48.36382296700859 88.70885365542841 -999.0 6231.0 -999.0 -1 -999 {-999.0 -999.0 -999.0 -999.0 -999.0} "" -999.0 -999.0 -999.0 -999.0 -999 -999 "" "" "" "" 0 0 0.0 0.0 -999 ""
FIBERMAP 981 R-9C12 APOGEE 0 0 0 1 0 0 51.82953815325696 -153.61627195979835 143.1 149.22013288028688 63.3804468256946 169.27853 31.386072 -999.0 -999.0 -999.0 -999.0 -999.0 310.41681945848967 -20.858740379043056 310.45217241070077 -20.76705724267444 47.83940443833118 89.51345226023165 -999.0 16600.0 -999.0 2 168 {-999.0 -999.0 -999.0 -999.0 -999.0} "" -999.0 -999.0 -999.0 -999.0 -999 -999 "" "" "" "" 0 0 0.0 0.0 -999 ""
FIBERMAP 981 R-9C12 BOSS 1 1 0 1 0 0 52.50198511889587 -153.3202879375159 143.1 148.87378686885162 64.02838586578545 169.27853 31.386072 310.41594596743 -20.856659107099905 -0.9829494 -8.947273 0.025564719 310.4159528219286 -20.856681846186724 310.4511079698211 -20.765069691711272 47.83963145098568 89.51015790141372 5400.0 5400.0 2016.0 1 401 {-999.0 18.702219 18.38837 18.259844 -999.0} sdss_psfmag_ps1 18.649183 18.37798 17.93147 -999.0 63050396543876543 978599922 "" ops_std_boss ops_std standard_boss 0 0 0.0 0.0 -999 ""
FIBERMAP 981 R-9C12 METROLOGY 0 0 0 1 0 0 52.41075579616399 -154.07581828993574 143.1 149.63406380959447 63.99497662485229 169.27853 31.386072 -999.0 -999.0 -999.0 -999.0 -999.0 310.4183784433779 -20.856795228963772 310.45358627322844 -20.765159006577562 47.837495919709646 89.51150488508426 -999.0 6231.0 -999.0 -1 -999 {-999.0 -999.0 -999.0 -999.0 -999.0} "" -999.0 -999.0 -999.0 -999.0 -999 -999 "" "" "" "" 0 0 0.0 0.0 -999 ""
FIBERMAP 982 R+12C10 APOGEE 0 0 0 1 0 0 28.687823058873498 227.07672316652275 143.1 -228.59996149266595 11.306139608401786 228.05598 83.359024 -999.0 -999.0 -999.0 -999.0 -999.0 309.19047533205065 -21.01346894398416 309.2274605487745 -20.924071780862526 48.96572615503706 89.12636472107283 -999.0 16600.0 -999.0 2 -999 {-999.0 -999.0 -999.0 -999.0 -999.0} "" -999.0 -999.0 -999.0 -999.0 -999 -999 "" "" "" "" 0 0 0.0 0.0 -999 ""
FIBERMAP 982 R+12C10 BOSS 1 1 0 1 0 0 28.160806832717803 227.66565292935613 143.1 -229.14702749957985 10.735797136091403 228.05598 83.359024 309.1888655348825 -21.015123383766166 -2.9195871 1.7888608 1.7190508 309.18884637790575 -21.015118156619312 309.22565021054015 -20.925789185843417 48.96791305767184 89.12790780869108 5400.0 5400.0 2016.0 1 160 {-999.0 20.355774 18.933487 17.811699 -999.0} sdss_psfmag_ps1 19.832336 18.516733 17.439701 15.284 63050396543871445 1096170181 bright_1x1 mwm_bin_vis_boss mwm_filler science 0 0 0.0 0.0 -999 ""
FIBERMAP 982 R+12C10 METROLOGY 0 0 0 1 0 0 28.901849308365428 227.79344555442796 143.1 -229.33089793363422 11.46494399830913 228.05598 83.359024 -999.0 -999.0 -999.0 -999.0 -999.0 309.1881781634505 -21.01292315798793 309.22503056050255 -20.923577584337334 48.967677086958744 89.12444409246825 -999.0 6231.0 -999.0 -1 -999 {-999.0 -999.0 -999.0 -999.0 -999.0} "" -999.0 -999.0 -999.0 -999.0 -999 -999 "" "" "" "" 0 0 0.0 0.0 -999 ""
FIBERMAP 987 R-13C12 APOGEE 1 1 0 1 0 0 82.14319145765121 -262.8982837023398 143.1 255.87429300515 101.93049215277001 275.70428 32.477634 310.76012792686674 -20.74209309036522 19.641708 4.4090185 1.1642241 310.76020839062613 -20.74206802390213 310.7949346340208 -20.649777438887217 47.498036298448945 89.51967559171896 16000.0 16600.0 2016.0 2 160 {-999.0 12.099452 11.278047 10.981527 -999.0} sdss_psfmag_from_g3xp 11.855583 11.321081 10.631793 9.255 63050396543876998 1106631065 bright_1x1 mwm_tess_rgb_apogee mwm_tessrgb science 0 0 0.0 0.0 -999 ""
FIBERMAP 987 R-13C12 BOSS 0 0 0 1 0 0 81.65444808139435 -262.3235244582757 143.1 255.33844068549564 101.3993904018389 275.70428 32.477634 -999.0 -999.0 -999.0 -999.0 -999.0 310.75868313794996 -20.743607232276382 310.79321841642184 -20.651388892749548 47.50011068388121 89.52105839656053 -999.0 5400.0 -999.0 1 350 {-999.0 -999.0 -999.0 -999.0 -999.0} "" -999.0 -999.0 -999.0 -999.0 -999 -999 "" "" "" "" 0 0 0.0 0.0 -999 ""
FIBERMAP 987 R-13C12 METROLOGY 0 0 0 1 0 0 82.39109032251673 -262.19178612341915 143.1 255.15097124353025 102.12384928730303 275.70428 32.477634 -999.0 -999.0 -999.0 -999.0 -999.0 310.75806473088556 -20.741418980482127 310.7926512772078 -20.649182694791378 47.49982126512361 89.51772709290935 -999.0 6231.0 -999.0 -1 -999 {-999.0 -999.0 -999.0 -999.0 -999.0} "" -999.0 -999.0 -999.0 -999.0 -999 -999 "" "" "" "" 0 0 0.0 0.0 -999 ""
FIBERMAP 992 R-2C20 APOGEE 0 0 0 1 0 0 164.62161969216172 -34.183013337583894 143.1 21.542952416773357 166.74557339278266 350.7705 151.42691 -999.0 -999.0 -999.0 -999.0 -999.0 310.0029583790865 -20.54520078868498 310.03802858430697 -20.45439893526882 48.08998003318646 88.87069289246404 -999.0 16600.0 -999.0 2 -999 {-999.0 -999.0 -999.0 -999.0 -999.0} "" -999.0 -999.0 -999.0 -999.0 -999 -999 "" "" "" "" 0 0 0.0 0.0 -999 ""
FIBERMAP 992 R-2C20 BOSS 1 1 0 1 0 0 165.20431161408774 -34.65012327512423 143.1 21.964312593121562 167.3621493455215 350.7705 151.42691 310.00447973160016 -20.543169992150162 16.827795 -12.669977 0.55561274 310.0045265042403 -20.54320686307384 310.0393990075902 -20.45247181022371 48.08808904045126 88.8686918167648 5400.0 5400.0 2016.0 1 304 {-999.0 16.22109 15.780524 15.596003 -999.0} sdss_psfmag_ps1 16.102135 15.761191 15.250574 14.24 63050396543883174 1072955300 bright_1x1 mwm_halo_local_high_boss_single mwm_halo science 0 0 0.0 0.0 -999 ""
FIBERMAP 992 R-2C20 METROLOGY 0 0 0 1 0 0 164.51557473239785 -34.9234542084877 143.1 22.2893124857689 166.69624224239894 350.7705 151.42691 -999.0 -999.0 -999.0 -999.0 -999.0 310.005525083514 -20.545220440891487 310.04045542228914 -20.45446325805855 48.08788133591755 88.8720064675615 -999.0 6231.0 -999.0 -1 -999 {-999.0 -999.0 -999.0 -999.0 -999.0} "" -999.0 -999.0 -999.0 -999.0 -999 -999 "" "" "" "" 0 0 0.0 0.0 -999 ""
FIBERMAP 998 R+3C8 APOGEE 0 0 0 1 0 0 -112.16070545558058 54.560181665777286 143.1 -45.85702221795528 -115.98989843289003 188.99287 125.35554 -999.0 -999.0 -999.0 -999.0 -999.0 309.78173051663316 -21.40236675383714 309.8189989179657 -21.311715238646876 48.58344450859451 89.9693477626264 -999.0 16600.0 -999.0 2 -999 {-999.0 -999.0 -999.0 -999.0 -999.0} "" -999.0 -999.0 -999.0 -999.0 -999 -999 "" "" "" "" 0 0 0.0 0.0 -999 ""
FIBERMAP 998 R+3C8 BOSS 1 1 0 1 0 0 -112.69713073184636 55.098750561209556 143.1 -46.3531574471353 -116.56578617788641 188.99287 125.35554 309.7802852350537 -21.404090777848534 -3.5909352 -3.59651 0.23482916 309.78027448040484 -21.4040999907925 309.81735799235435 -21.313515866207517 48.58550031220872 89.97110604300099 5400.0 5400.0 2016.0 1 53 {-999.0 17.42233 17.260454 17.169752 -999.0} sdss_psfmag_ps1 17.547518 17.27508 16.840597 16.042 63050396543863436 977477994 "" ops_std_boss ops_std standard_boss 0 0 0.0 0.0 -999 ""
FIBERMAP 998 R+3C8 METROLOGY 0 0 0 1 0 0 -111.96841645011791 55.28303929710884 143.1 -46.592420133948295 -115.85323526981261 188.99287 125.35554 -999.0 -999.0 -999.0 -999.0 -999.0 309.7794409463141 -21.401968632476372 309.8165743860876 -21.311368304517963 48.58544509775041 89.96767812413003 -999.0 6231.0 -999.0 -1 -999 {-999.0 -999.0 -999.0 -999.0 -999.0} "" -999.0 -999.0 -999.0 -999.0 -999 -999 "" "" "" "" 0 0 0.0 0.0 -999 ""
FIBERMAP 1001 R+8C12 APOGEE 0 0 0 1 0 0 41.25804220479626 133.67042775022884 143.1 -136.42358445666727 30.955122246647868 330.56186 25.902853 -999.0 -999.0 -999.0 -999.0 -999.0 309.48896882658016 -20.955389941506734 309.5255115407075 -20.865438033794568 48.68446490621999 89.19195320971096 -999.0 16600.0 -999.0 2 -999 {-999.0 -999.0 -999.0 -999.0 -999.0} "" -999.0 -999.0 -999.0 -999.0 -999 -999 "" "" "" "" 0 0 0.0 0.0 -999 ""
FIBERMAP 1001 R+8C12 BOSS 1 1 0 1 0 0 40.54528184858153 133.68460973782373 143.1 -136.3834291109421 30.243359831083342 330.56186 25.902853 309.4892160316304 -20.957455952890754 0.025124775 -3.5304494 0.4622141 309.48920717520673 -20.957469123482763 309.52556583108935 -20.867582508844016 48.6851735855842 89.1950198960194 5400.0 5400.0 2016.0 1 145 {-999.0 16.395355 15.999798 15.829055 -999.0} sdss_psfmag_ps1 16.281883 15.974918 15.445232 14.448 63050396543871897 944753848 bright_1x1 openfibertargets_nov2020_6c open_fiber science 0 0 0.0 0.0 -999 ""
FIBERMAP 1001 R+8C12 METROLOGY 0 0 0 1 0 0 40.90016240659285 134.3272536532153 143.1 -137.0512329447446 30.548250902850555 330.56186 25.902853 -999.0 -999.0 -999.0 -999.0 -999.0 309.4869777239611 -20.956550673998414 309.5233900272025 -20.86664979815307 48.686747235986594 89.19261199158643 -999.0 6231.0 -999.0 -1 -999 {-999.0 -999.0 -999.0 -999.0 -999.0} "" -999.0 -999.0 -999.0 -999.0 -999 -999 "" "" "" "" 0 0 0.0 0.0 -999 ""
FIBERMAP 1002 R+12C5 APOGEE 0 0 0 1 0 0 -56.02862383621633 237.35120909636652 143.1 -232.3910398506798 -73.94596919812811 14.332141 125.34358 -999.0 -999.0 -999.0 -999.0 -999.0 309.17658640065963 -21.271439682344685 309.21418488268137 -21.181988411022342 49.06745665981125 89.48823640551473 -999.0 16600.0 -999.0 2 -999 {-999.0 -999.0 -999.0 -999.0 -999.0} "" -999.0 -999.0 -999.0 -999.0 -999 -999 "" "" "" "" 0 0 0.0 0.0 -999 ""
FIBERMAP 1002 R+12C5 BOSS 1 1 0 1 0 0 -55.471748135411005 236.88279649660095 143.1 -231.9664142068757 -73.35503495802847 14.332141 125.34358 309.17812826474244 -21.2695822600483 4.560122 -6.4442205 0.4959937 309.1781285692099 -21.26960649677756 309.2155342928552 -21.18021734580071 49.065661820337716 89.48636807505227 5400.0 5400.0 2016.0 1 164 {-999.0 13.852223 13.721113 13.709657 -999.0} sdss_psfmag_from_g3xp 13.874274 13.694201 13.386519 12.887 63050396543867257 946976298 bright_1x1 openfibertargets_nov2020_9 open_fiber science 0 0 0.0 0.0 -999 ""
FIBERMAP 1002 R+12C5 METROLOGY 0 0 0 1 0 0 -56.16094805560864 236.61501040188364 143.1 -231.6469077122022 -74.02182613897044 14.332141 125.34358 -999.0 -999.0 -999.0 -999.0 -999.0 309.1790538243501 -21.271662508709877 309.2165163278984 -21.182252644622075 49.065509655445695 89.48976646430617 -999.0 6231.0 -999.0 -1 -999 {-999.0 -999.0 -999.0 -999.0 -999.0} "" -999.0 -999.0 -999.0 -999.0 -999 -999 "" "" "" "" 0 0 0.0 0.0 -999 ""
FIBERMAP 1003 R-2C13 APOGEE 0 0 0 1 0 0 -1.11592539692998 -47.233817406391374 143.1 47.181099887236904 2.485461304956836 208.49808 158.17682 -999.0 -999.0 -999.0 -999.0 -999.0 310.0855958257369 -21.0433979805059 310.1217186524319 -20.952282055513205 48.193672064645725 89.60983343496457 -999.0 16600.0 -999.0 2 -999 {-999.0 -999.0 -999.0 -999.0 -999.0} "" -999.0 -999.0 -999.0 -999.0 -999 -999 "" "" "" "" 0 0 0.0 0.0 -999 ""
FIBERMAP 1003 R-2C13 BOSS 1 1 0 1 0 0 -1.8686457748554868 -47.32904762937146 143.1 47.333392453525136 1.7421900834242015 208.49808 158.17682 310.08614828732397 -21.045510555666574 50.48945 -32.144978 0.57992905 310.086313109269 -21.04558788140996 310.12224807284633 -20.954537151511637 48.19400057916897 89.6132614598252 5400.0 5400.0 2016.0 1 420 {-999.0 16.930012 16.483652 16.309635 -999.0} sdss_psfmag_ps1 16.790955 16.471094 15.963469 15.17 63050396543875004 944753864 bright_1x1 openfibertargets_nov2020_6c open_fiber science 0 0 0.0 0.0 -999 ""
FIBERMAP 1003 R-2C13 METROLOGY 0 0 0 1 0 0 -1.5820769301544078 -46.64883794959942 143.1 46.63333617522801 1.976106977601679 208.49808 158.17682 -999.0 -999.0 -999.0 -999.0 -999.0 310.08398542482036 -21.044893794036664 310.1199757012107 -20.953828635074128 48.19573902791318 89.6111489250111 -999.0 6231.0 -999.0 -1 -999 {-999.0 -999.0 -999.0 -999.0 -999.0} "" -999.0 -999.0 -999.0 -999.0 -999 -999 "" "" "" "" 0 0 0.0 0.0 -999 ""
FIBERMAP 1005 R+8C16 APOGEE 0 0 0 1 0 0 140.65539383748933 161.77389863879174 143.1 -172.01690762174002 127.92180935120543 4.853751 151.46416 -999.0 -999.0 -999.0 -999.0 -999.0 309.3759509216939 -20.661253690547436 309.41193181236804 -20.571610928680627 48.67940616084302 88.7187882842278 -999.0 16600.0 -999.0 2 -999 {-999.0 -999.0 -999.0 -999.0 -999.0} "" -999.0 -999.0 -999.0 -999.0 -999 -999 "" "" "" "" 0 0 0.0 0.0 -999 ""
FIBERMAP 1005 R+8C16 BOSS 1 1 0 1 0 0 141.3507263022009 161.50047169309903 143.1 -171.79724631626885 128.63594320799132 4.853751 151.46416 309.3768279034624 -20.658984343217405 1.2005438 -5.062533 0.17353861 309.37682654903676 -20.659001022998282 309.41261346831186 -20.56942469440326 48.678028013053 88.71604221020038 5400.0 5400.0 2016.0 1 210 {-999.0 16.484573 15.980168 15.763924 -999.0} sdss_psfmag_ps1 16.371737 15.972395 15.399714 14.239 63050396543900924 1076080134 bright_1x1 mwm_halo_mp_xp_boss_single mwm_halo science 0 0 0.0 0.0 -999 ""
FIBERMAP 1005 R+8C16 METROLOGY 0 0 0 1 0 0 140.74751185146084 161.0315964844785 143.1 -171.283787167229 128.0702051535948 4.853751 151.46416 -999.0 -999.0 -999.0 -999.0 -999.0 309.3783872973086 -20.660715330855208 309.41422980720677 -20.5711163650162 48.67722016258404 88.7192545947911 -999.0 6231.0 -999.0 -1 -999 {-999.0 -999.0 -999.0 -999.0 -999.0} "" -999.0 -999.0 -999.0 -999.0 -999 -999 "" "" "" "" 0 0 0.0 0.0 -999 ""
FIBERMAP 1007 R+12C9 APOGEE 0 0 0 1 0 0 12.528782038571903 214.7604720741743 143.1 -215.08867432857255 -3.867568844814125 298.59607 46.06194 -999.0 -999.0 -999.0 -999.0 -999.0 309.2337356561932 -21.059685157900294 309.2707833895005 -20.97019026372263 48.94404550809592 89.2137656107808 -999.0 16600.0 -999.0 2 -999 {-999.0 -999.0 -999.0 -999.0 -999.0} "" -999.0 -999.0 -999.0 -999.0 -999 -999 "" "" "" "" 0 0 0.0 0.0 -999 ""
FIBERMAP 1007 R+12C9 BOSS 1 1 0 1 0 0 11.781245342105283 214.96546963202502 143.1 -215.23612900978182 -4.6285419661991725 298.59607 46.06194 309.2333618481796 -21.0619175983352 8.582506 0.8444285 2.6753907 309.23338105056416 -21.06192286200457 309.27024718215216 -20.97249341876893 48.94532242780797 89.21678193352966 5400.0 5400.0 2016.0 1 161 {-999.0 19.469896 18.0129 16.888376 -999.0} sdss_psfmag_ps1 18.869598 17.556204 16.421644 14.252 63050396543871117 1094901233 bright_1x1 mwm_bin_vis_boss mwm_filler science 0 0 0.0 0.0 -999 ""
FIBERMAP 1007 R+12C9 METROLOGY 0 0 0 1 0 0 12.33196058373231 215.482108777586 143.1 -215.79321358973607 -4.118788558348555 298.59607 46.06194 -999.0 -999.0 -999.0 -999.0 -999.0 309.23150545935175 -21.060386582566405 309.26842301226884 -20.970942676743736 48.94637342062521 89.21366095827494 -999.0 6231.0 -999.0 -1 -999 {-999.0 -999.0 -999.0 -999.0 -999.0} "" -999.0 -999.0 -999.0 -999.0 -999 -999 "" "" "" "" 0 0 0.0 0.0 -999 ""
FIBERMAP 1008 R0C26 APOGEE 0 0 0 1 0 0 255.69956899847435 -6.673841521382367 143.1 -12.824057021035133 255.4623880208134 218.93686 104.29442 -999.0 -999.0 -999.0 -999.0 -999.0 309.89242597768646 -20.277668494305185 309.9269998825057 -20.187161206407538 48.0903659661875 88.44131950915903 -999.0 16600.0 -999.0 2 106 {-999.0 -999.0 -999.0 -999.0 -999.0} "" -999.0 -999.0 -999.0 -999.0 -999 -999 "" "" "" "" 0 0 0.0 0.0 -999 ""
FIBERMAP 1008 R0C26 BOSS 1 1 0 1 0 0 255.08291615328608 -6.263282782337238 143.1 -13.186443849197335 254.8162580722987 218.93686 104.29442 309.89142696649776 -20.279541653126532 0.837133 -1.4088104 -0.11081971 309.89144170324977 -20.279524858277696 309.92583002144534 -20.18908885126682 48.09209036376202 88.44340897888463 5400.0 5400.0 2016.0 1 180 {-999.0 17.180012 16.407635 16.119461 -999.0} sdss_psfmag_ps1 16.94472 16.412708 15.717252 14.229 63050396543885093 1061577685 bright_1x1 manual_mwm_halo_distant_kgiant_near_boss_single mwm_halo science 0 0 0.0 0.0 -999 ""
FIBERMAP 1008 R0C26 METROLOGY 0 0 0 1 0 0 255.77485318220914 -5.942639100242785 143.1 -13.558862312777416 255.48175184597628 218.93686 104.29442 -999.0 -999.0 -999.0 -999.0 -999.0 309.8901896344968 -20.277499142413877 309.92462869991414 -20.18704632322941 48.09239693609096 88.43994629697954 -999.0 6231.0 -999.0 -1 -999 {-999.0 -999.0 -999.0 -999.0 -999.0} "" -999.0 -999.0 -999.0 -999.0 -999 -999 "" "" "" "" 0 0 0.0 0.0 -999 ""
FIBERMAP 1015 R+8C1 APOGEE 0 0 0 1 0 0 -192.41108392771366 173.69161589354553 143.1 -158.52785326036985 -205.08136225227267 120.81314 46.428696 -999.0 -999.0 -999.0 -999.0 -999.0 309.41445204978487 -21.669422800182502 309.4527273706658 -21.57938988546261 48.99540981175132 90.17386839412563 -999.0 16600.0 -999.0 2 48 {-999.0 -999.0 -999.0 -999.0 -999.0} "" -999.0 -999.0 -999.0 -999.0 -999 -999 "" "" "" "" 0 0 0.0 0.0 -999 ""
FIBERMAP 1015 R+8C1 BOSS 1 1 0 1 0 0 -191.6588121394489 173.55071333532211 143.1 -158.44466739447483 -204.3205504137559 120.81314 46.428696 309.41482543945307 -21.66764433492169 -999.0 -999.0 -999.0 309.41490939678175 -21.667077989000727 309.4529903863029 -21.577108294061496 48.994403822786445 90.17072510619158 5400.0 5400.0 2015.5 1 84 {-999.0 -999.0 -999.0 -999.0 -999.0} "" -999.0 -999.0 -999.0 -999.0 27021603186173367 815794115 "" ops_sky_boss_good ops_sky sky_boss 0 0 0.0 0.0 -999 ""
FIBERMAP 1015 R+8C1 METROLOGY 0 0 0 1 0 0 -192.1551734842683 172.9930435612859 143.1 -157.85081234357654 -204.77298281888037 120.81314 46.428696 -999.0 -999.0 -999.0 -999.0 -999.0 309.41675023875183 -21.668511382633397 309.45488600084684 -21.578519750034285 48.99322620275818 90.17366175603183 -999.0 6231.0 -999.0 -1 -999 {-999.0 -999.0 -999.0 -999.0 -999.0} "" -999.0 -999.0 -999.0 -999.0 -999 -999 "" "" "" "" 0 0 0.0 0.0 -999 ""
FIBERMAP 1020 R-3C9 APOGEE 1 1 0 1 0 0 -87.21128188644283 -64.00502957391535 143.1 70.46190043861972 -82.08127494919837 189.44272 138.83713 310.1611156009584 -21.300136565278898 -20.976788 -4.8860393 2.7938097 310.1610417685714 -21.30015311388464 310.1976734986305 -21.20881342458619 48.216726519210944 90.00766544786785 16000.0 16600.0 2016.0 2 291 {-999.0 11.8180275 11.463396 11.363632 -999.0} sdss_psfmag_from_g3xp 11.7646885 11.481192 11.037688 10.283 63050396543872584 975404140 "" ops_std_apogee ops_std standard_apogee 0 0 0.0 0.0 -999 ""
FIBERMAP 1020 R-3C9 BOSS 0 0 0 1 0 0 -87.80396630832374 -63.52241534811577 143.1 70.02584238093041 -82.70899533647577 189.44272 138.83713 -999.0 -999.0 -999.0 -999.0 -999.0 310.15985262681005 -21.302035914263065 310.1962973113534 -21.210764227005452 48.21860606163372 90.00974447853287 -999.0 5400.0 -999.0 1 478 {-999.0 -999.0 -999.0 -999.0 -999.0} "" -999.0 -999.0 -999.0 -999.0 -999 -999 "" "" "" "" 0 0 0.0 0.0 -999 ""
FIBERMAP 1020 R-3C9 METROLOGY 0 0 0 1 0 0 -87.08155877479389 -63.272731508992365 143.1 69.72185570087306 -82.00771439327886 189.44272 138.83713 -999.0 -999.0 -999.0 -999.0 -999.0 310.15881843492707 -21.299935509317844 310.1953139908353 -21.20864764386451 48.218732414791894 90.00628785618176 -999.0 6231.0 -999.0 -1 -999 {-999.0 -999.0 -999.0 -999.0 -999.0} "" -999.0 -999.0 -999.0 -999.0 -999 -999 "" "" "" "" 0 0 0.0 0.0 -999 ""
FIBERMAP 1021 R+4C5 APOGEE 0 0 0 1 0 0 -163.28781006204792 84.94348072275149 143.1 -72.25701697580143 -169.28243556740654 98.095695 144.67966 -999.0 -999.0 -999.0 -999.0 -999.0 309.6952949019856 -21.563276249930826 309.7330267932522 -21.472739127076956 48.71392119345859 90.1566463552515 -999.0 16600.0 -999.0 2 25 {-999.0 -999.0 -999.0 -999.0 -999.0} "" -999.0 -999.0 -999.0 -999.0 -999 -999 "" "" "" "" 0 0 0.0 0.0 -999 ""
FIBERMAP 1021 R+4C5 BOSS 1 1 0 1 0 0 -162.98360046274544 85.60338569291955 143.1 -72.93817157006411 -169.0293826030604 98.095695 144.67966 309.6932627172185 -21.56243955361214 -11.362885 -15.897618 0.13667576 309.6932416209996 -21.562493627188786 309.7307839029189 -21.472025009556933 48.71563833531729 90.15454744951955 5400.0 5400.0 2016.0 1 42 {-999.0 18.696644 18.343435 18.295176 -999.0} sdss_psfmag_ps1 18.647581 18.35338 17.899418 17.311 63050396543862606 979917296 "" ops_std_boss ops_std standard_boss 0 0 0.0 0.0 -999 ""
FIBERMAP 1021 R+4C5 METROLOGY 0 0 0 1 0 0 -162.54079945361335 85.00728758957156 143.1 -72.37754285746105 -168.54246372812332 98.095695 144.67966 -999.0 -999.0 -999.0 -999.0 -999.0 309.69500733702483 -21.561071421005245 309.73259828443645 -21.470581651661814 48.713558045547934 90.15336704976977 -999.0 6231.0 -999.0 -1 -999 {-999.0 -999.0 -999.0 -999.0 -999.0} "" -999.0 -999.0 -999.0 -999.0 -999 -999 "" "" "" "" 0 0 0.0 0.0 -999 ""
FIBERMAP 1022 R-11C3 APOGEE 0 0 0 1 0 0 -124.04270648017437 -222.81775384713328 143.1 231.61726427614275 -106.70742084091367 228.6304 147.8273 -999.0 -999.0 -999.0 -999.0 -999.0 310.6839759202007 -21.37337150721274 310.7202166138925 -21.281023782031088 47.78475711914819 90.36075032643248 -999.0 16600.0 -999.0 2 152 {-999.0 -999.0 -999.0 -999.0 -999.0} "" -999.0 -999.0 -999.0 -999.0 -999 -999 "" "" "" "" 0 0 0.0 0.0 -999 ""
FIBERMAP 1022 R-11C3 BOSS 1 1 0 1 0 0 -124.75001523607104 -223.0397368558954 143.1 231.89248071620509 -107.39575719936613 228.6304 147.8273 310.68509190178645 -21.375361752428606 -4.2588162 -13.677861 2.6846907 310.68507129504485 -21.375384789898998 310.7211196345021 -21.2831015035718 47.78468504451151 90.36408478072201 5400.0 5400.0 2016.0 1 433 {-999.0 15.016177 14.107806 13.81464 -999.0} sdss_psfmag_from_g3xp 14.728782 14.168924 13.4682255 12.091 63050396543793674 1095911218 bright_1x1 mwm_bin_vis_boss mwm_filler science 0 0 0.0 0.0 -999 ""
FIBERMAP 1022 R-11C3 METROLOGY 0 0 0 1 0 0 -124.5942446358403 -222.31233243539148 143.1 231.15533113304411 -107.29585232132126 228.6304 147.8273 -999.0 -999.0 -999.0 -999.0 -999.0 310.6826806635461 -21.375133790188766 310.71878648926713 -21.28283603837904 47.78663362275064 90.36259655938426 -999.0 6231.0 -999.0 -1 -999 {-999.0 -999.0 -999.0 -999.0 -999.0} "" -999.0 -999.0 -999.0 -999.0 -999 -999 "" "" "" "" 0 0 0.0 0.0 -999 ""
FIBERMAP 1024 R+6C15 APOGEE 0 0 0 1 0 0 75.32979633532935 119.727494288734 143.1 -125.11679182488216 65.9896607295337 179.43002 105.82474 -999.0 -999.0 -999.0 -999.0 -999.0 309.52624985830505 -20.84926436154447 309.5625093821409 -20.75927449898828 48.614581734544295 89.06014496930084 -999.0 16600.0 -999.0 2 113 {-999.0 -999.0 -999.0 -999.0 -999.0} "" -999.0 -999.0 -999.0 -999.0 -999 -999 "" "" "" "" 0 0 0.0 0.0 -999 ""
FIBERMAP 1024 R+6C15 BOSS 1 1 0 1 0 0 75.16778258627699 120.4663453815419 143.1 -125.84114682967713 65.77183588729902 179.43002 105.82474 309.5240177806681 -20.84981379637237 -1.79138 -5.397597 0.07946013 309.52402544512154 -20.849819736120455 309.56009975967334 -20.759900867563747 48.61691064353048 89.05982288373377 5400.0 5400.0 2016.0 1 196 {-999.0 16.11468 15.457169 15.116105 -999.0} sdss_psfmag_ps1 15.872362 15.3843155 14.728932 13.32 63050396543880940 944166286 bright_1x1 openfibertargets_nov2020_6b open_fiber science 0 0 0.0 0.0 -999 ""
FIBERMAP 1024 R+6C15 METROLOGY 0 0 0 1 0 0 75.88837274656262 120.26944669686452 143.1 -125.69971469913618 66.50532409555221 179.43002 105.82474 -999.0 -999.0 -999.0 -999.0 -999.0 309.52442896825465 -20.847608304793113 309.560551270628 -20.75767040502708 48.61572524317543 89.0568944445593 -999.0 6231.0 -999.0 -1 -999 {-999.0 -999.0 -999.0 -999.0 -999.0} "" -999.0 -999.0 -999.0 -999.0 -999 -999 "" "" "" "" 0 0 0.0 0.0 -999 ""
FIBERMAP 1027 R+8C18 APOGEE 0 0 0 1 0 0 190.242520875493 145.2281433078797 143.1 -159.2967978217923 178.62475596061628 331.25745 103.7678 -999.0 -999.0 -999.0 -999.0 -999.0 309.41835190673555 -20.508235583646364 309.45393738360747 -20.418559793176456 48.58772645601049 88.5240222725111 -999.0 16600.0 -999.0 2 -999 {-999.0 -999.0 -999.0 -999.0 -999.0} "" -999.0 -999.0 -999.0 -999.0 -999 -999 "" "" "" "" 0 0 0.0 0.0 -999 ""
FIBERMAP 1027 R+8C18 BOSS 1 1 0 1 0 0 190.05157061178068 144.5299162627591 143.1 -158.58606065499177 178.4875513503632 331.25745 103.7678 309.4208230647082 -20.508543502150854 -2.1193478 -4.91082 0.10201593 309.42080690620406 -20.50856406271106 309.45620252533297 -20.418951572698376 48.58588747125065 88.5257312750681 5400.0 5400.0 2016.0 1 250 {-999.0 17.20559 17.415264 17.574848 -999.0} sdss_psfmag_ps1 17.38289 17.321527 17.244383 -999.0 63050396543901455 1061111503 bright_1x1 manual_mwm_halo_distant_bhb_boss_single mwm_halo science 0 0 0.0 0.0 -999 ""
FIBERMAP 1027 R+8C18 METROLOGY 0 0 0 1 0 0 189.51903427146453 145.03823451243446 143.1 -159.05232969159354 177.91784560681862 331.25745 103.7678 -999.0 -999.0 -999.0 -999.0 -999.0 309.4192065971255 -20.510268956614546 309.4546610813994 -20.42063968637245 48.58784332930754 88.52732484032879 -999.0 6231.0 -999.0 -1 -999 {-999.0 -999.0 -999.0 -999.0 -999.0} "" -999.0 -999.0 -999.0 -999.0 -999 -999 "" "" "" "" 0 0 0.0 0.0 -999 ""
FIBERMAP 1029 R+7C2 APOGEE 0 0 0 1 0 0 -205.45443688503576 148.59651094329485 143.1 -132.51231703172337 -216.17501204867935 186.94289 60.345657 -999.0 -999.0 -999.0 -999.0 -999.0 309.49890231725004 -21.703494137553722 309.53716761228657 -21.61328868405146 48.933087144055236 90.26306412824431 -999.0 16600.0 -999.0 2 -999 {-999.0 -999.0 -999.0 -999.0 -999.0} "" -999.0 -999.0 -999.0 -999.0 -999 -999 "" "" "" "" 0 0 0.0 0.0 -999 ""
FIBERMAP 1029 R+7C2 BOSS 1 1 0 1 0 0 -205.17045028038658 149.2987216047384 143.1 -133.23411343330736 -215.94534583507712 186.94289 60.345657 309.49672229876285 -21.702723654458996 2.0708451 -5.7522783 1.167358 309.49673890309117 -21.702733629145374 309.53481584363885 -21.612595938712087 48.93490852134639 90.26094229772212 5400.0 5400.0 2016.0 1 72 {-999.0 20.186266 18.84471 17.756811 -999.0} sdss_psfmag_ps1 19.73197 18.431786 17.35512 15.251 63050396543860145 1096135383 bright_1x1 mwm_bin_vis_boss mwm_filler science 0 0 0.0 0.0 -999 ""
FIBERMAP 1029 R+7C2 METROLOGY 0 0 0 1 0 0 -204.71304740247143 148.69570697113426 143.1 -132.66770068510783 -215.44334078694348 186.94289 60.345657 -999.0 -999.0 -999.0 -999.0 -999.0 309.4985027644671 -21.701293559041122 309.53662800650477 -21.61113498483133 48.93282780867276 90.25972121923951 -999.0 6231.0 -999.0 -1 -999 {-999.0 -999.0 -999.0 -999.0 -999.0} "" -999.0 -999.0 -999.0 -999.0 -999 -999 "" "" "" "" 0 0 0.0 0.0 -999 ""
FIBERMAP 1030 R-7C6 APOGEE 0 0 0 1 0 0 -107.05181180801921 -141.0987614073133 143.1 148.8422336766314 -95.99118035840931 154.2259 165.62033 -999.0 -999.0 -999.0 -999.0 -999.0 310.4159096919877 -21.34198717587365 310.4523659653628 -21.250153092731654 48.00831554402176 90.18886587164172 -999.0 16600.0 -999.0 2 -999 {-999.0 -999.0 -999.0 -999.0 -999.0} "" -999.0 -999.0 -999.0 -999.0 -999 -999 "" "" "" "" 0 0 0.0 0.0 -999 ""
FIBERMAP 1030 R-7C6 BOSS 1 1 0 1 0 0 -107.64425464607284 -140.54587839330924 143.1 148.33609331890233 -96.62401273525458 154.2259 165.62033 310.414505675457 -21.343870743939274 -2.9731386 -3.1092715 0.0017871938 310.4145160022056 -21.343875920310275 310.4507839384738 -21.252110562796567 48.010376025575354 90.19084893902777 5400.0 5400.0 2016.0 1 504 {-999.0 16.674696 16.91232 17.071737 -999.0} sdss_psfmag_ps1 16.801306 16.773937 16.748281 16.806 63050396543795055 1061111482 bright_1x1 manual_mwm_halo_distant_bhb_boss_single mwm_halo science 0 0 0.0 0.0 -999 ""
FIBERMAP 1030 R-7C6 METROLOGY 0 0 0 1 0 0 -106.92846338218595 -140.3610057684731 143.1 148.09723288304284 -95.92439164273384 154.2259 165.62033 -999.0 -999.0 -999.0 -999.0 -999.0 310.41370751831545 -21.341789950625465 310.4500265697893 -21.25000787779537 48.01031107009317 90.18753494372788 -999.0 6231.0 -999.0 -1 -999 {-999.0 -999.0 -999.0 -999.0 -999.0} "" -999.0 -999.0 -999.0 -999.0 -999 -999 "" "" "" "" 0 0 0.0 0.0 -999 ""
FIBERMAP 1031 R+1C16 APOGEE 1 1 0 1 0 0 66.33619082843828 38.999597816600186 143.1 -43.93917722835587 63.17189197035409 142.10689 12.1484785 309.78968892790976 -20.85851523513362 -2.9802132 -8.780353 0.30016667 309.78967545726846 -20.85857672056562 309.82568365108455 -20.768081139045222 48.38758684031629 89.20416741804326 16000.0 16600.0 2016.0 2 114 {-999.0 12.574523 11.504142 11.080263 -999.0} sdss_psfmag_from_g3xp 12.20285 11.512919 10.715962 8.992 63050396543879659 1156316445 bright_1x1 mwm_galactic_core_dist_apogee_extra mwm_galactic science 0 0 0.0 0.0 -999 ""
FIBERMAP 1031 R+1C16 BOSS 0 0 0 1 0 0 67.02962478913139 38.701123963311915 143.1 -43.69439742518864 63.88604085834973 142.10689 12.1484785 -999.0 -999.0 -999.0 -999.0 -999.0 309.7906414311806 -20.856305939774575 309.8264530673532 -20.765876656264417 48.38613316038136 89.20144689710878 -999.0 5400.0 -999.0 1 198 {-999.0 -999.0 -999.0 -999.0 -999.0} "" -999.0 -999.0 -999.0 -999.0 -999 -999 "" "" "" "" 0 0 0.0 0.0 -999 ""
FIBERMAP 1031 R+1C16 METROLOGY 0 0 0 1 0 0 66.42529896654766 38.25790541328118 143.1 -43.206435463449964 63.31724022411294 142.10689 12.1484785 -999.0 -999.0 -999.0 -999.0 -999.0 309.7921627413319 -20.85804966449732 309.8280307344968 -20.767597824908854 48.38536335105212 89.2046573795086 -999.0 6231.0 -999.0 -1 -999 {-999.0 -999.0 -999.0 -999.0 -999.0} "" -999.0 -999.0 -999.0 -999.0 -999 -999 "" "" "" "" 0 0 0.0 0.0 -999 ""
FIBERMAP 1033 R-9C16 APOGEE 1 1 0 1 0 0 159.68225329807686 -168.8147177322762 143.1 156.15836102940656 172.07645536653752 38.419235 100.87323 310.43817648188553 -20.52989422336116 -1.612105 -10.596632 0.40056354 310.43816352682614 -20.52992428378311 310.4727473526875 -20.438305234362307 47.70410062427816 89.06672835354465 16000.0 16600.0 2016.0 2 208 {-999.0 12.634005 11.513556 11.05471 -999.0} sdss_psfmag_from_g3xp 12.236359 11.511989 10.687244 8.838 63050396543879147 1153162545 bright_1x1 mwm_galactic_core_dist_apogee_sparse mwm_galactic science 0 0 0.0 0.0 -999 ""
FIBERMAP 1033 R-9C16 BOSS 0 0 0 1 0 0 160.26474924843512 -169.27749391690116 143.1 156.5754150178292 172.69250578661513 38.419235 100.87323 -999.0 -999.0 -999.0 -999.0 -999.0 310.4397184897591 -20.52797346432699 310.4741021625226 -20.436422212459473 47.702238869211044 89.06479585267567 -999.0 5400.0 -999.0 1 294 {-999.0 -999.0 -999.0 -999.0 -999.0} "" -999.0 -999.0 -999.0 -999.0 -999 -999 "" "" "" "" 0 0 0.0 0.0 -999 ""
FIBERMAP 1033 R-9C16 METROLOGY 0 0 0 1 0 0 159.5604104829536 -169.55067962513874 143.1 156.90145861428013 172.0110312292019 38.419235 100.87323 -999.0 -999.0 -999.0 -999.0 -999.0 310.4407512117678 -20.53002328447513 310.4751934588501 -20.43844956768074 47.70201372672279 89.06815323561591 -999.0 6231.0 -999.0 -1 -999 {-999.0 -999.0 -999.0 -999.0 -999.0} "" -999.0 -999.0 -999.0 -999.0 -999 -999 "" "" "" "" 0 0 0.0 0.0 -999 ""
FIBERMAP 1038 R+9C11 APOGEE 1 1 0 1 0 0 13.340754564231009 181.6053892017569 143.1 -182.09211946162088 -0.5323074872014572 226.37228 34.06562 309.340393326784 -21.050120234724016 22.953613 -25.644148 2.881306 309.3404593240481 -21.0501889863475 309.3773747610296 -20.96049200274359 48.84743785549261 89.25308394309826 16000.0 16600.0 2016.0 2 140 {-999.0 12.060749 11.661029 11.525338 -999.0} sdss_psfmag_from_g3xp 11.991878 11.677046 11.193393 10.328 63050396543871079 1164948244 bright_1x1 openfibertargets_mwm_rvscnn24_apogee open_fiber science 0 0 0.0 0.0 -999 ""
FIBERMAP 1038 R+9C11 BOSS 0 0 0 1 0 0 13.449048788802948 182.3487838977818 143.1 -182.84159608526534 -0.4809586441498447 226.37228 34.06562 -999.0 -999.0 -999.0 -999.0 -999.0 309.3381571329536 -21.049954699107317 309.3748866523498 -20.960327934698867 48.849555893368695 89.2516111312375 -999.0 5400.0 -999.0 1 139 {-999.0 -999.0 -999.0 -999.0 -999.0} "" -999.0 -999.0 -999.0 -999.0 -999 -999 "" "" "" "" 0 0 0.0 0.0 -999 ""
FIBERMAP 1038 R+9C11 METROLOGY 0 0 0 1 0 0 14.040899759328493 181.86485394616713 143.1 -182.40416264831836 0.14603095007930747 226.37228 34.06562 -999.0 -999.0 -999.0 -999.0 -999.0 309.339505571998 -21.048079803924953 309.3762825605671 -20.958432420765497 48.847669919514985 89.24960929234425 -999.0 6231.0 -999.0 -1 -999 {-999.0 -999.0 -999.0 -999.0 -999.0} "" -999.0 -999.0 -999.0 -999.0 -999 -999 "" "" "" "" 0 0 0.0 0.0 -999 ""
FIBERMAP 1045 R+11C11 APOGEE 0 0 0 1 0 0 59.01273010302496 201.87330907863281 143.1 -205.7800980391854 43.462546339275676 274.86206 125.80399 -999.0 -999.0 -999.0 -999.0 -999.0 309.2648446538569 -20.91648066572498 309.3015287158794 -20.826970916682324 48.86673197704817 89.02521811701558 -999.0 16600.0 -999.0 2 126 {-999.0 -999.0 -999.0 -999.0 -999.0} "" -999.0 -999.0 -999.0 -999.0 -999 -999 "" "" "" "" 0 0 0.0 0.0 -999 ""
FIBERMAP 1045 R+11C11 BOSS 1 1 0 1 0 0 58.46579100029014 201.37979639954497 143.1 -205.24636014815536 42.95479635377823 274.86206 125.80399 309.2667144024889 -20.917946301750852 -3.551118 -3.4840708 0.19027339 309.2666903058037 -20.91795044876288 309.3031885599389 -20.828502815264304 48.86582198306318 89.02822998464308 5400.0 5400.0 2016.0 1 113 {-999.0 17.623058 17.294014 17.23852 -999.0} sdss_psfmag_ps1 17.566916 17.302416 16.892347 16.482 63050396543872194 977478048 "" ops_std_boss ops_std standard_boss 0 0 0.0 0.0 -999 ""
FIBERMAP 1045 R+11C11 METROLOGY 0 0 0 1 0 0 58.30635241135735 202.0955868960909 143.1 -205.94791796539266 42.741295851143775 274.86206 125.80399 -999.0 -999.0 -999.0 -999.0 -999.0 309.2643356901649 -20.91859849933172 309.30089095702203 -20.829136443496566 48.86805479625147 89.02797760958288 -999.0 6231.0 -999.0 -1 -999 {-999.0 -999.0 -999.0 -999.0 -999.0} "" -999.0 -999.0 -999.0 -999.0 -999 -999 "" "" "" "" 0 0 0.0 0.0 -999 ""
FIBERMAP 1047 R+10C15 APOGEE 0 0 0 1 0 0 119.61570211425524 189.11287437381182 143.1 -197.67342611388358 104.86086311627503 217.20903 97.963066 -999.0 -999.0 -999.0 -999.0 -999.0 309.2925793107235 -20.730738706517435 309.32880572961983 -20.64123407345861 48.776949346974696 88.77524252203284 -999.0 16600.0 -999.0 2 77 {-999.0 -999.0 -999.0 -999.0 -999.0} "" -999.0 -999.0 -999.0 -999.0 -999 -999 "" "" "" "" 0 0 0.0 0.0 -999 ""
FIBERMAP 1047 R+10C15 BOSS 1 1 0 1 0 0 119.07554511893221 189.61151655107685 143.1 -198.12946677276778 104.2842960328503 217.20903 97.963066 309.2912292480469 -20.73240844681284 -999.0 -999.0 -999.0 309.2912424009474 -20.73239170867884 309.3272865964201 -20.642956055627284 48.77889153015032 88.77691460319716 5400.0 5400.0 2015.5 1 236 {-999.0 -999.0 -999.0 -999.0 -999.0} "" -999.0 -999.0 -999.0 -999.0 27021603186177889 815794820 "" ops_sky_boss_good ops_sky sky_boss 0 0 0.0 0.0 -999 ""
FIBERMAP 1047 R+10C15 METROLOGY 0 0 0 1 0 0 119.80717105767248 189.83323823788447 143.1 -198.4062750640929 104.99689857629501 217.20903 97.963066 -999.0 -999.0 -999.0 -999.0 -999.0 309.29028399472475 -20.730235868606975 309.32637730884244 -20.64078377190378 48.77891189950229 88.77337435179862 -999.0 6231.0 -999.0 -1 -999 {-999.0 -999.0 -999.0 -999.0 -999.0} "" -999.0 -999.0 -999.0 -999.0 -999 -999 "" "" "" "" 0 0 0.0 0.0 -999 ""
FIBERMAP 1048 R-5C8 APOGEE 0 0 0 1 0 0 -72.46378742638598 -78.22374650479267 143.1 83.51573749575228 -66.2936416561336 120.49629 59.106182 -999.0 -999.0 -999.0 -999.0 -999.0 310.20360297489077 -21.252253964464483 310.24007973306084 -21.160848850721983 48.16299933042686 89.96076939756841 -999.0 16600.0 -999.0 2 -999 {-999.0 -999.0 -999.0 -999.0 -999.0} "" -999.0 -999.0 -999.0 -999.0 -999 -999 "" "" "" "" 0 0 0.0 0.0 -999 ""
FIBERMAP 1048 R-5C8 BOSS 1 1 0 1 0 0 -71.70117475426555 -78.23965793458085 143.1 83.47350894712184 -65.5320405413596 120.49629 59.106182 310.20375988426923 -21.249842832903365 -16.228247 -22.495394 2.54226 310.20371039385685 -21.249912929804847 310.2399888020457 -21.158574997865077 48.16228884708055 89.9575286042878 5400.0 5400.0 2016.0 1 481 {-999.0 -999.0 -999.0 -999.0 -999.0} "" -999.0 18.612312 -999.0 13.521 63050396543872760 1095497535 bright_1x1 mwm_bin_vis_boss mwm_filler science 0 0 0.0 0.0 -999 ""
FIBERMAP 1048 R-5C8 METROLOGY 0 0 0 1 0 0 -72.09036921158756 -78.87186459098751 143.1 84.13351988675038 -65.87194053879828 120.49629 59.106182 -999.0 -999.0 -999.0 -999.0 -999.0 310.20581159597583 -21.25096880180374 310.2421448447071 -21.159607677005788 48.16076221463387 89.96002763647414 -999.0 6231.0 -999.0 -1 -999 {-999.0 -999.0 -999.0 -999.0 -999.0} "" -999.0 -999.0 -999.0 -999.0 -999 -999 "" "" "" "" 0 0 0.0 0.0 -999 ""
FIBERMAP 1050 R+12C14 APOGEE 0 0 0 1 0 0 135.64345129495058 252.43354692194174 143.1 -262.03041347322545 116.01829619946774 134.86122 58.133198 -999.0 -999.0 -999.0 -999.0 -999.0 309.08602650772065 -20.69632302827451 309.1223842110628 -20.607226651103403 48.94527647383528 88.62213727530411 -999.0 16600.0 -999.0 2 56 {-999.0 -999.0 -999.0 -999.0 -999.0} "" -999.0 -999.0 -999.0 -999.0 -999 -999 "" "" "" "" 0 0 0.0 0.0 -999 ""
FIBERMAP 1050 R+12C14 BOSS 1 1 0 1 0 0 136.3696343928168 252.60133996337242 143.1 -262.25303574596643 116.72957989750127 134.86122 58.133198 309.08554816601793 -20.69407561912852 0.36030635 -10.6799755 0.08111773 309.0855545992708 -20.694120483811176 309.121721476626 -20.60509239327067 48.94509326546696 88.61876473725499 5400.0 5400.0 2016.0 1 93 {-999.0 17.39127 17.09014 16.923119 -999.0} sdss_psfmag_ps1 17.316576 17.05806 16.627953 15.534 63050396543891122 944753911 bright_1x1 openfibertargets_nov2020_6c open_fiber science 0 0 0.0 0.0 -999 ""
FIBERMAP 1050 R+12C14 METROLOGY 0 0 0 1 0 0 136.14244602947514 251.87391583421436 143.1 -261.51042611711995 116.55846699920737 134.86122 58.133198 -999.0 -999.0 -999.0 -999.0 -999.0 309.0878178799837 -20.694639106151623 309.1240364144728 -20.605587594042504 48.943246422515976 88.62064778193371 -999.0 6231.0 -999.0 -1 -999 {-999.0 -999.0 -999.0 -999.0 -999.0} "" -999.0 -999.0 -999.0 -999.0 -999 -999 "" "" "" "" 0 0 0.0 0.0 -999 ""
FIBERMAP 1052 R-8C18 APOGEE 0 0 0 1 0 0 175.49761993477648 -167.07218111051796 143.1 153.21613736284286 187.712965903597 246.19994 122.55593 -999.0 -999.0 -999.0 -999.0 -999.0 310.4284660319106 -20.482748011206198 310.4629530313441 -20.391162191623476 47.69569339720923 88.9964670826364 -999.0 16600.0 -999.0 2 -999 {-999.0 -999.0 -999.0 -999.0 -999.0} "" -999.0 -999.0 -999.0 -999.0 -999 -999 "" "" "" "" 0 0 0.0 0.0 -999 ""
FIBERMAP 1052 R-8C18 BOSS 1 1 0 1 0 0 174.7534125622634 -167.20312249895784 143.1 153.40338847153666 186.980903236295 246.19994 122.55593 310.4292027440874 -20.484872761334078 25.281897 1.9519016 0.5658974 310.42929149338056 -20.4848662212452 310.46358839333357 -20.393348435451838 47.69592571600863 88.99981588316348 5400.0 5400.0 2016.0 1 275 {-999.0 16.14198 15.689357 15.55914 -999.0} sdss_psfmag_ps1 16.004377 15.682961 15.185605 14.333 63050396543879248 1072837583 bright_1x1 mwm_halo_local_high_boss_single mwm_halo science 0 0 0.0 0.0 -999 ""
FIBERMAP 1052 R-8C18 METROLOGY 0 0 0 1 0 0 175.01838244818921 -166.4978731371747 143.1 152.6800108674532 187.19137670132145 246.19994 122.55593 -999.0 -999.0 -999.0 -999.0 -999.0 310.42692978480505 -20.48421457254086 310.4612826650814 -20.39268152508375 47.69770140825491 88.99773446436723 -999.0 6231.0 -999.0 -1 -999 {-999.0 -999.0 -999.0 -999.0 -999.0} "" -999.0 -999.0 -999.0 -999.0 -999 -999 "" "" "" "" 0 0 0.0 0.0 -999 ""
FIBERMAP 1055 R+1C11 APOGEE 0 0 0 1 0 0 -44.3259350181916 38.13601987425414 143.1 -34.64820305249971 -47.101777948911234 137.67796 15.034017 -999.0 -999.0 -999.0 -999.0 -999.0 309.8188296793538 -21.193513554769204 309.8555774433196 -21.102856989854423 48.47906242989818 89.69135495184827 -999.0 16600.0 -999.0 2 21 {-999.0 -999.0 -999.0 -999.0 -999.0} "" -999.0 -999.0 -999.0 -999.0 -999 -999 "" "" "" "" 0 0 0.0 0.0 -999 ""
FIBERMAP 1055 R+1C11 BOSS 1 1 0 1 0 0 -43.64077385334143 37.79776840880924 143.1 -34.36313142444809 -46.39284759361212 137.67796 15.034017 309.8199154585068 -21.19129445378429 -0.3732682 -7.8031707 0.26959953 309.8199322361228 -21.191326791909944 309.8564832085218 -21.100734924000072 48.47753092656967 89.688798595236 5400.0 5400.0 2016.0 1 31 {-999.0 17.50384 17.08153 16.94681 -999.0} sdss_psfmag_ps1 17.408062 17.061975 16.56839 15.647 63050396543864963 944753819 bright_1x1 openfibertargets_nov2020_6c open_fiber science 0 0 0.0 0.0 -999 ""
FIBERMAP 1055 R+1C11 METROLOGY 0 0 0 1 0 0 -44.278746635332 37.39620538680355 143.1 -33.91414040450907 -46.998370273930675 137.67796 15.034017 -999.0 -999.0 -999.0 -999.0 -999.0 309.8213324699467 -21.19319223128553 309.8579402752762 -21.102578373088672 48.47689911979347 89.69211965090471 -999.0 6231.0 -999.0 -1 -999 {-999.0 -999.0 -999.0 -999.0 -999.0} "" -999.0 -999.0 -999.0 -999.0 -999 -999 "" "" "" "" 0 0 0.0 0.0 -999 ""
FIBERMAP 1059 R+3C13 APOGEE 0 0 0 1 0 0 5.919575901633358 37.04203363116545 143.1 -37.38496146742652 3.0805626282798277 329.33932 24.37796 -999.0 -999.0 -999.0 -999.0 -999.0 309.8103753875653 -21.041092818791444 309.8467813030977 -20.95050031251304 48.43346730722152 89.47180166791213 -999.0 16600.0 -999.0 2 125 {-999.0 -999.0 -999.0 -999.0 -999.0} "" -999.0 -999.0 -999.0 -999.0 -999 -999 "" "" "" "" 0 0 0.0 0.0 -999 ""
FIBERMAP 1059 R+3C13 BOSS 1 1 0 1 0 0 5.179097486396168 37.11979761192115 143.1 -37.406091241098096 2.3363194859702845 329.33932 24.37796 309.810421466358 -21.043229185194637 14.285068 -22.52145 2.028781 309.810464714701 -21.043285148314165 309.84668507324113 -20.952758476671146 48.434344181617966 89.47494100726584 5400.0 5400.0 2016.0 1 111 {-999.0 20.856876 19.426971 18.472755 -999.0} sdss_psfmag_ps1 20.283821 19.067635 18.027576 15.812 63050396543874721 1096463851 bright_1x1 mwm_bin_vis_boss mwm_filler science 0 0 0.0 0.0 -999 ""
FIBERMAP 1059 R+3C13 METROLOGY 0 0 0 1 0 0 5.622390586730372 37.7230559806663 143.1 -38.041359376155015 2.7323655795363297 329.33932 24.37796 -999.0 -999.0 -999.0 -999.0 -999.0 309.8083433744873 -21.04209519408857 309.84461720941795 -20.95155403567476 48.43572961304344 89.47221940686632 -999.0 6231.0 -999.0 -1 -999 {-999.0 -999.0 -999.0 -999.0 -999.0} "" -999.0 -999.0 -999.0 -999.0 -999 -999 "" "" "" "" 0 0 0.0 0.0 -999 ""
FIBERMAP 1061 R+9C10 APOGEE 1 1 0 1 0 0 -4.688174923604803 187.53796423541397 143.1 -186.63400550025932 -18.96059388213375 196.39333 48.95055 309.32520649705214 -21.106002606572716 8.179465 6.8661513 0.9025165 309.3254210185176 -21.10596689257331 309.36248116366164 -21.016281276775352 48.88001639254838 89.3250994588779 16000.0 16600.0 2016.0 2 136 {-999.0 10.637631 9.541706 9.069338 -999.0} sdss_psfmag_from_g3xp 10.25381 9.527858 8.702879 6.831 63050396543870993 1153162515 bright_1x1 mwm_galactic_core_dist_apogee_sparse mwm_galactic science 0 0 0.6525399088859558 0.0 -999 ""
FIBERMAP 1061 R+9C10 BOSS 0 0 0 1 0 0 -4.3865550022810105 188.21763800501836 143.1 -187.33467397762135 -18.71162897354466 196.39333 48.95055 -999.0 -999.0 -999.0 -999.0 -999.0 309.3232821639364 -21.10513951542915 309.3601549224842 -21.01552373796953 48.88178534326418 89.3228645618475 -999.0 5400.0 -999.0 1 131 {-999.0 -999.0 -999.0 -999.0 -999.0} "" -999.0 -999.0 -999.0 -999.0 -999 -999 "" "" "" "" 0 0 0.0 0.0 -999 ""
FIBERMAP 1061 R+9C10 METROLOGY 0 0 0 1 0 0 -3.9441864682098284 187.63142292460208 143.1 -186.78386652613594 -18.225894172178254 196.39333 48.95055 -999.0 -999.0 -999.0 -999.0 -999.0 309.32499308782747 -21.103698319279847 309.3619139174567 -21.014061161151382 48.8797352465184 89.32165531374585 -999.0 6231.0 -999.0 -1 -999 {-999.0 -999.0 -999.0 -999.0 -999.0} "" -999.0 -999.0 -999.0 -999.0 -999 -999 "" "" "" "" 0 0 0.0 0.0 -999 ""
FIBERMAP 1062 R-12C6 APOGEE 0 0 0 1 0 0 -55.84443177663594 -237.79627315048492 143.1 241.35696550761207 -37.566980784512424 196.56506 125.33455 -999.0 -999.0 -999.0 -999.0 -999.0 310.7152470935312 -21.164122102272486 310.7509780039477 -21.07178190296197 47.68521655403807 90.0837931960902 -999.0 16600.0 -999.0 2 -999 {-999.0 -999.0 -999.0 -999.0 -999.0} "" -999.0 -999.0 -999.0 -999.0 -999 -999 "" "" "" "" 0 0 0.0 0.0 -999 ""
FIBERMAP 1062 R-12C6 BOSS 0 0 0 1 0 0 -56.365610321476154 -237.34158843265752 143.1 240.94330841365192 -38.12127620566832 196.56506 125.33455 -999.0 -999.0 -999.0 -999.0 -999.0 310.71413799449954 -21.165740400066465 310.749677885456 -21.073469815098314 47.6869424192537 90.08551416843926 -999.0 5400.0 -999.0 1 365 {-999.0 -999.0 -999.0 -999.0 -999.0} "" -999.0 -999.0 -999.0 -999.0 -999 -999 "" "" "" "" 0 0 0.0 0.0 -999 ""
FIBERMAP 1062 R-12C6 METROLOGY 0 0 0 1 0 0 -55.7369952003956 -237.05603291996388 143.1 240.6106994847299 -37.51624679116634 196.56506 125.33455 -999.0 -999.0 -999.0 -999.0 -999.0 310.71305110937374 -21.16393883926975 310.74864358346383 -21.071651579392885 47.687212493057814 90.08248270762829 -999.0 6231.0 -999.0 -1 -999 {-999.0 -999.0 -999.0 -999.0 -999.0} "" -999.0 -999.0 -999.0 -999.0 -999 -999 "" "" "" "" 0 0 0.0 0.0 -999 ""
FIBERMAP 1065 R-10C5 APOGEE 0 0 0 1 1 0 -81.97851230109261 -208.87901989451083 143.1 214.5148469809889 -65.82769001292812 323.6087 88.14974 -999.0 -999.0 -999.0 -999.0 -999.0 310.6287022067879 -21.24998059756639 310.6647210302091 -21.157775498765087 47.790589687382926 90.16199733295076 -999.0 16600.0 -999.0 2 -999 {-999.0 -999.0 -999.0 -999.0 -999.0} "" -999.0 -999.0 -999.0 -999.0 -999 -999 "" "" "" "" 0 0 0.0 0.0 -999 ""
FIBERMAP 1065 R-10C5 BOSS 1 0 0 1 1 0 -82.42221177494783 -209.44345851124422 143.1 215.1114395118732 -66.22709846928502 323.6087 88.14974 310.5326843261719 -21.31435829988648 -999.0 -999.0 -999.0 310.6308680886392 -21.25112680476277 310.6666917981363 -21.158984804507426 47.78928647465995 90.16463565943457 5400.0 5400.0 2015.5 1 423 {-999.0 -999.0 -999.0 -999.0 -999.0} "" -999.0 -999.0 -999.0 -999.0 27021603186164374 825561837 "" ops_sky_boss_good ops_sky sky_boss 0 0 0.0 0.0 -999 ""
FIBERMAP 1065 R-10C5 METROLOGY 0 0 0 1 1 0 -82.7190545229312 -208.77368502625512 143.1 214.46623157222783 -66.57409704466093 323.6087 88.14974 -999.0 -999.0 -999.0 -999.0 -999.0 310.62876430134827 -21.25221455593785 310.66464812476397 -21.16005701717015 47.79144615922801 90.16514653806314 -999.0 6231.0 -999.0 -1 -999 {-999.0 -999.0 -999.0 -999.0 -999.0} "" -999.0 -999.0 -999.0 -999.0 -999 -999 "" "" "" "" 0 0 0.0 0.0 -999 ""
FIBERMAP 1066 R-11C10 APOGEE 0 0 0 1 0 0 45.936135843127694 -229.51214016299494 143.1 225.34364421086823 63.285751963135276 0.29152328 51.938377 -999.0 -999.0 -999.0 -999.0 -999.0 310.6626807261794 -20.858944448124845 310.69777472648457 -20.766799390296427 47.624543695939046 89.63398216650216 -999.0 16600.0 -999.0 2 175 {-999.0 -999.0 -999.0 -999.0 -999.0} "" -999.0 -999.0 -999.0 -999.0 -999 -999 "" "" "" "" 0 0 0.0 0.0 -999 ""
FIBERMAP 1066 R-11C10 BOSS 1 1 0 1 0 0 45.48936496132904 -230.10010021640238 143.1 225.96392356489014 62.88507284816835 0.29152328 51.938377 310.66490280254226 -20.860070469773447 0.010333652 0.030574398 -0.0390002 310.66491323568476 -20.86007774334271 310.6998119252496 -20.767997345436115 47.62318635479818 89.63664502031378 5400.0 5400.0 2016.0 1 417 {-999.0 18.08697 17.961937 17.83808 17.789722} sdss_psfmag_from_gaiadr2 18.018074 17.954683 17.612906 15.82 63050396543798923 1057747378 bright_flexible_2x1 bhm_gua_bright bhm_filler science 0 0 0.0 0.0 -999 ""
FIBERMAP 1066 R-11C10 METROLOGY 0 0 0 1 0 0 45.19377136550287 -229.4417525784989 143.1 225.3300129998632 62.540190169966436 0.29152328 51.938377 -999.0 -999.0 -999.0 -999.0 -999.0 310.66286039503115 -20.86113214206272 310.69781906380445 -20.76903563958913 47.62529662245075 89.63710702222727 -999.0 6231.0 -999.0 -1 -999 {-999.0 -999.0 -999.0 -999.0 -999.0} "" -999.0 -999.0 -999.0 -999.0 -999 -999 "" "" "" "" 0 0 0.0 0.0 -999 ""
FIBERMAP 1067 R+3C14 APOGEE 1 0 1 1 0 0 34.3343544224386 66.02156185079943 143.1 -68.4445445279065 29.20491373600555 10.974836 169.79729 309.66701720612065 -20.944140796874876 -2.2301347 -2.6778808 0.42962554 309.7096440663269 -20.961475613069698 309.74597187503855 -20.87110011846451 48.49368838381451 89.30975683463197 16000.0 16600.0 2016.0 2 122 {-999.0 13.359753 12.375933 12.053299 -999.0} sdss_psfmag_from_g3xp 13.036525 12.429669 11.695099 10.173 63050396543879686 1107475401 bright_1x1 mwm_tess_rgb_apogee mwm_tessrgb science 0 0 0.0 0.0 -999 ""
FIBERMAP 1067 R+3C14 BOSS 0 0 1 1 0 0 35.06445162814687 65.93565013790983 143.1 -68.41449996952561 29.93942660874631 10.974836 169.79729 -999.0 -999.0 -999.0 -999.0 -999.0 309.70989700101427 -20.959161183069625 309.74602932776384 -20.868852772149626 48.49284599723642 89.30661188081251 -999.0 5400.0 -999.0 1 102 {-999.0 -999.0 -999.0 -999.0 -999.0} "" -999.0 -999.0 -999.0 -999.0 -999 -999 "" "" "" "" 0 0 0.0 0.0 -999 ""
FIBERMAP 1067 R+3C14 METROLOGY 0 0 1 1 0 0 34.63168940102333 65.32873365473549 143.1 -67.77638659730474 29.554159346599846 10.974836 169.79729 -999.0 -999.0 -999.0 -999.0 -999.0 309.71190629523096 -20.960353474711503 309.7480930808463 -20.870021914901706 48.49145352084057 89.30928846173384 -999.0 6231.0 -999.0 -1 -999 {-999.0 -999.0 -999.0 -999.0 -999.0} "" -999.0 -999.0 -999.0 -999.0 -999 -999 "" "" "" "" 0 0 0.0 0.0 -999 ""
FIBERMAP 1072 R-5C17 APOGEE 0 0 0 1 0 0 115.31075490718678 -98.8681783077764 143.1 89.79586313602397 122.50601536715895 133.67523 161.59369 -999.0 -999.0 -999.0 -999.0 -999.0 310.22405379184613 -20.679426853200926 310.2592004737073 -20.588164032038666 47.944527309190285 89.16834856987708 -999.0 16600.0 -999.0 2 -999 {-999.0 -999.0 -999.0 -999.0 -999.0} "" -999.0 -999.0 -999.0 -999.0 -999 -999 "" "" "" "" 0 0 0.0 0.0 -999 ""
FIBERMAP 1072 R-5C17 BOSS 1 1 0 1 0 0 114.98902766946082 -98.20693297255963 143.1 89.1610541065954 122.1348545100836 133.67523 161.59369 310.22214855249507 -20.680420680549158 20.59393 -1.3923568 0.6303313 310.2222332257736 -20.68042584541463 310.2571912340662 -20.58923517103954 47.94666671843174 89.16883936767567 5400.0 5400.0 2016.0 1 296 {-999.0 15.978202 15.460931 15.314786 -999.0} sdss_psfmag_ps1 15.831995 15.488644 14.968844 13.958 63050396543878327 1072837581 bright_1x1 mwm_halo_local_high_boss_single mwm_halo science 0 0 0.0 0.0 -999 ""
FIBERMAP 1072 R-5C17 METROLOGY 0 0 0 1 0 0 115.73149442484618 -98.24973148300015 143.1 89.1471688971675 122.87841662852045 133.67523 161.59369 -999.0 -999.0 -999.0 -999.0 -999.0 310.2221420219881 -20.67817949370042 310.25714966114936 -20.58697014884614 47.94589411879329 89.1656601329463 -999.0 6231.0 -999.0 -1 -999 {-999.0 -999.0 -999.0 -999.0 -999.0} "" -999.0 -999.0 -999.0 -999.0 -999 -999 "" "" "" "" 0 0 0.0 0.0 -999 ""
FIBERMAP 1073 R+13C13 APOGEE 0 0 0 1 0 0 111.63420086656721 263.05770058182526 143.1 -270.79463512174596 91.2697357991278 157.39192 94.29445 -999.0 -999.0 -999.0 -999.0 -999.0 309.05707444042577 -20.77092448970254 309.093634335327 -20.681860488757568 48.99702881574659 88.71373883481738 -999.0 16600.0 -999.0 2 58 {-999.0 -999.0 -999.0 -999.0 -999.0} "" -999.0 -999.0 -999.0 -999.0 -999 -999 "" "" "" "" 0 0 0.0 0.0 -999 ""
FIBERMAP 1073 R+13C13 BOSS 1 1 0 1 0 0 111.84836584028429 263.79091898958734 143.1 -271.5420300507088 91.42742189063867 157.39192 94.29445 309.0548718788797 -20.77033941716128 2.5876284 -12.685021 0.15693569 309.05490081241055 -20.77038189794216 309.0912756145739 -20.681388572090704 48.99892295598638 88.7118692636991 5400.0 5400.0 2016.0 1 96 {-999.0 14.865539 14.246024 13.981707 -999.0} sdss_psfmag_from_g3xp 14.705315 14.256977 13.634259 12.35 63050396543891034 1076151780 bright_1x1 mwm_halo_mp_xp_boss_single mwm_halo science 0 0 0.0 0.0 -999 ""
FIBERMAP 1073 R+13C13 METROLOGY 0 0 0 1 0 0 112.36442280366083 263.2263060321567 143.1 -271.01837510140456 91.98498467293746 157.39192 94.29445 -999.0 -999.0 -999.0 -999.0 -999.0 309.056485659057 -20.76870479143097 309.09290767982145 -20.67969015066976 48.9968914242977 88.71027873561627 -999.0 6231.0 -999.0 -1 -999 {-999.0 -999.0 -999.0 -999.0 -999.0} "" -999.0 -999.0 -999.0 -999.0 -999 -999 "" "" "" "" 0 0 0.0 0.0 -999 ""
FIBERMAP 1075 R-7C7 APOGEE 1 1 0 1 0 0 -84.90051241469487 -154.83867783869607 143.1 160.85466631426561 -72.85780392198643 301.93887 54.709225 310.45491037437534 -21.271790515742 7.401281 -13.251248 1.0026933 310.4549343908662 -21.271811935113345 310.4911886246405 -21.179926498840207 47.95003323109834 90.109187916888 16000.0 16600.0 2016.0 2 267 {-999.0 11.856509 10.971329 10.660278 -999.0} sdss_psfmag_from_g3xp 11.58409 11.017788 10.306939 8.869 63050396543795169 1104380885 bright_1x1 mwm_tess_rgb_apogee mwm_tessrgb science 0 0 0.0 0.0 -999 ""
FIBERMAP 1075 R-7C7 BOSS 0 0 0 1 0 0 -85.63612797765117 -154.7962641044967 143.1 160.8684132743685 -73.59450551373583 301.93887 54.709225 -999.0 -999.0 -999.0 -999.0 -999.0 310.45523485219684 -21.27400347537592 310.4912994033549 -21.182183848007103 47.95071980874231 90.11240225974944 -999.0 5400.0 -999.0 1 362 {-999.0 -999.0 -999.0 -999.0 -999.0} "" -999.0 -999.0 -999.0 -999.0 -999 -999 "" "" "" "" 0 0 0.0 0.0 -999 ""
FIBERMAP 1075 R-7C7 METROLOGY 0 0 0 1 0 0 -85.24921412082738 -154.17628714068186 143.1 160.22077009713774 -73.25594784506751 301.93887 54.709225 -999.0 -999.0 -999.0 -999.0 -999.0 310.45310093436893 -21.273011092497196 310.4892205860101 -21.181176788892518 47.952188192575186 90.10998768023876 -999.0 6231.0 -999.0 -1 -999 {-999.0 -999.0 -999.0 -999.0 -999.0} "" -999.0 -999.0 -999.0 -999.0 -999 -999 "" "" "" "" 0 0 0.0 0.0 -999 ""
FIBERMAP 1076 R-13C6 APOGEE 1 1 0 1 0 0 -31.733863661806616 -237.83558221817398 143.1 239.55948800864934 -13.52372035590911 94.62805 106.048965 310.709310349498 -21.091381249451832 0.4125464 -6.2286873 0.90840584 310.70929448763974 -21.091370347797874 310.7448664462853 -20.999064318230673 47.66514345013121 89.9796476990457 16000.0 16600.0 2016.0 2 263 {-999.0 12.592809 11.610849 11.26873 -999.0} sdss_psfmag_from_g3xp 12.27118 11.664437 10.911121 9.417 63050396543797705 1105839582 bright_1x1 mwm_tess_rgb_apogee mwm_tessrgb science 0 0 0.0 0.0 -999 ""
FIBERMAP 1076 R-13C6 BOSS 0 0 0 1 0 0 -31.020308015035432 -237.56373259890944 143.1 239.2340744905481 -12.832954012679025 94.62805 106.048965 -999.0 -999.0 -999.0 -999.0 -999.0 310.70846647784145 -21.089215920415857 310.7438385950869 -20.996980475204932 47.66531259684593 89.97625043222138 -999.0 5400.0 -999.0 1 357 {-999.0 -999.0 -999.0 -999.0 -999.0} "" -999.0 -999.0 -999.0 -999.0 -999 -999 "" "" "" "" 0 0 0.0 0.0 -999 ""
FIBERMAP 1076 R-13C6 METROLOGY 0 0 0 1 0 0 -31.14520630425102 -238.31239613989487 143.1 239.99006944479632 -12.900457140805328 94.62805 106.048965 -999.0 -999.0 -999.0 -999.0 -999.0 310.71089037341613 -21.089434246276543 310.7463158878069 -20.997174824637867 47.66321430068579 89.97772331175554 -999.0 6231.0 -999.0 -1 -999 {-999.0 -999.0 -999.0 -999.0 -999.0} "" -999.0 -999.0 -999.0 -999.0 -999 -999 "" "" "" "" 0 0 0.0 0.0 -999 ""
FIBERMAP 1077 R-13C11 APOGEE 0 0 0 1 0 0 67.2033882452412 -234.24628231427317 143.1 228.4439058986301 84.85162581641038 186.00365 36.78291 -999.0 -999.0 -999.0 -999.0 -999.0 310.6723542285615 -20.79369770678857 310.707290124308 -20.701555215409666 47.593087718273225 89.54817666654986 -999.0 16600.0 -999.0 2 159 {-999.0 -999.0 -999.0 -999.0 -999.0} "" -999.0 -999.0 -999.0 -999.0 -999 -999 "" "" "" "" 0 0 0.0 0.0 -999 ""
FIBERMAP 1077 R-13C11 BOSS 1 1 0 1 0 0 67.73730253718422 -233.74960776052836 143.1 227.9080075440687 85.34614810686807 186.00365 36.78291 310.670848721817 -20.79212886150653 -2.7665842 -2.6815226 0.0713199 310.67084221641693 -20.7921248883979 310.70558060542976 -20.700055225444082 47.59404989795344 89.54525527571764 5400.0 5400.0 2016.0 1 351 {-999.0 17.84027 17.067184 16.849808 -999.0} sdss_psfmag_ps1 17.606869 17.09442 16.425743 15.015 63050396543876948 1164639290 bright_1x1 openfibertargets_mwm_halo_gaiasgr_boss open_fiber science 0 0 0.0 0.0 -999 ""
FIBERMAP 1077 R-13C11 METROLOGY 0 0 0 1 0 0 67.91766000793733 -234.4673775386228 143.1 228.60994533291841 85.58065727140739 186.00365 36.78291 -999.0 -999.0 -999.0 -999.0 -999.0 310.6730830827406 -20.791420264289698 310.70787291380157 -20.699326936902125 47.59178670767762 89.54537507650758 -999.0 6231.0 -999.0 -1 -999 {-999.0 -999.0 -999.0 -999.0 -999.0} "" -999.0 -999.0 -999.0 -999.0 -999 -999 "" "" "" "" 0 0 0.0 0.0 -999 ""
FIBERMAP 1079 R+9C17 APOGEE 0 0 0 1 0 0 154.06177244085742 165.19413659805093 143.1 -176.44843114521032 141.02855369788278 241.40556 85.90592 -999.0 -999.0 -999.0 -999.0 -999.0 309.36201336416906 -20.621605315859327 309.39791717753803 -20.532001779151596 48.6774740367689 88.65566152868138 -999.0 16600.0 -999.0 2 -999 {-999.0 -999.0 -999.0 -999.0 -999.0} "" -999.0 -999.0 -999.0 -999.0 -999 -999 "" "" "" "" 0 0 0.0 0.0 -999 ""
FIBERMAP 1079 R+9C17 BOSS 1 1 0 1 0 0 153.443941951503 165.54913666410195 143.1 -176.75533159014438 140.3854818348036 241.40556 85.90592 309.36115714970464 -20.62342941313081 3.6415868 -8.182247 0.9323834 309.3611611616889 -20.623453714011486 309.39688231495245 -20.533918746958552 48.67906587980068 88.65784575862182 5400.0 5400.0 2016.0 1 251 {-999.0 16.789698 16.240692 16.030779 -999.0} sdss_psfmag_ps1 16.68561 16.255419 15.665376 14.604 63050396543900946 944753926 bright_1x1 openfibertargets_nov2020_6c open_fiber science 0 0 0.0 0.0 -999 ""
FIBERMAP 1079 R+9C17 METROLOGY 0 0 0 1 0 0 154.08640550075825 165.9417270134229 143.1 -177.19571819352046 140.99616569984104 241.40556 85.90592 -999.0 -999.0 -999.0 -999.0 -999.0 309.35967571373465 -20.621602161956105 309.3954473435558 -20.53205149737656 48.67965109528348 88.65447616149629 -999.0 6231.0 -999.0 -1 -999 {-999.0 -999.0 -999.0 -999.0 -999.0} "" -999.0 -999.0 -999.0 -999.0 -999 -999 "" "" "" "" 0 0 0.0 0.0 -999 ""
FIBERMAP 1082 R-2C22 APOGEE 0 0 0 1 0 0 190.6819555469943 -53.646402935541616 143.1 38.964390724347965 194.21258553509873 270.39917 72.4318 -999.0 -999.0 -999.0 -999.0 -999.0 310.0594211850352 -20.462365180612384 310.09424428957084 -20.3714825579753 48.01096588837504 88.78336711913317 -999.0 16600.0 -999.0 2 -999 {-999.0 -999.0 -999.0 -999.0 -999.0} "" -999.0 -999.0 -999.0 -999.0 -999 -999 "" "" "" "" 0 0 0.0 0.0 -999 ""
FIBERMAP 1082 R-2C22 BOSS 1 1 0 1 0 0 189.97706920437835 -53.453890726269144 143.1 38.82613600852766 193.49508950372703 270.39917 72.4318 310.05884501410424 -20.464396838756706 -13.540809 -17.979637 1.6272291 310.0591770557902 -20.464404468189024 310.0938132148608 -20.3735912411789 48.01210368679038 88.78608885106576 5400.0 5400.0 2016.0 1 311 {-999.0 12.1632 11.829227 11.732337 -999.0} sdss_psfmag_from_g3xp 12.113419 11.838039 11.403524 10.665 63050396543883389 996745876 bright_1x1 mwm_bin_gaia_sb_boss mwm_bin science 0 0 1.1215806007385254 0.0 -999 ""
FIBERMAP 1082 R-2C22 METROLOGY 0 0 0 1 0 0 190.5014760826372 -52.92050667591392 143.1 38.254359442454856 193.9773356812785 270.39917 72.4318 -999.0 -999.0 -999.0 -999.0 -999.0 310.0572794852738 -20.462938511745147 310.09196863791146 -20.372109627333025 48.013181746940475 88.78309055420709 -999.0 6231.0 -999.0 -1 -999 {-999.0 -999.0 -999.0 -999.0 -999.0} "" -999.0 -999.0 -999.0 -999.0 -999 -999 "" "" "" "" 0 0 0.0 0.0 -999 ""
FIBERMAP 1084 R-6C17 APOGEE 0 0 0 1 0 0 112.80462474472975 -114.78569021911493 143.1 105.85787201151608 121.21974173304055 247.99513 20.983757 -999.0 -999.0 -999.0 -999.0 -999.0 310.2760796455892 -20.683392482291175 310.3111810922363 -20.59203017281007 47.90045629771462 89.1996677472485 -999.0 16600.0 -999.0 2 209 {-999.0 -999.0 -999.0 -999.0 -999.0} "" -999.0 -999.0 -999.0 -999.0 -999 -999 "" "" "" "" 0 0 0.0 0.0 -999 ""
FIBERMAP 1084 R-6C17 BOSS 1 1 0 1 0 0 112.77368141229218 -114.05354829476939 143.1 105.13022205478372 121.13311621402167 247.99513 20.983757 310.2739677812313 -20.683553941718763 4.7913237 4.1291795 0.9130636 310.273963505606 -20.68353327078521 310.30887432765394 -20.592244028335372 47.90254969101218 89.19881560664624 5400.0 5400.0 2016.0 1 295 {-999.0 15.228588 14.812266 14.68833 -999.0} sdss_psfmag_from_g3xp 15.151213 14.838371 14.358369 13.536 63050396543878266 979376521 "" ops_std_boss ops_std standard_boss 0 0 0.0 0.0 -999 ""
FIBERMAP 1084 R-6C17 METROLOGY 0 0 0 1 0 0 113.44461416002183 -114.39445196368915 143.1 105.41902203179565 121.82806167677411 247.99513 20.983757 -999.0 -999.0 -999.0 -999.0 -999.0 310.2748537816637 -20.68143543160748 310.3098136348623 -20.590125593744034 47.900971908573155 89.19633233880108 -999.0 6231.0 -999.0 -1 -999 {-999.0 -999.0 -999.0 -999.0 -999.0} "" -999.0 -999.0 -999.0 -999.0 -999 -999 "" "" "" "" 0 0 0.0 0.0 -999 ""
FIBERMAP 1088 R+6C21 APOGEE 0 0 0 1 0 0 217.42852041332466 123.93335562470148 143.1 -140.135051199048 207.3536600537007 103.20147 141.82439 -999.0 -999.0 -999.0 -999.0 -999.0 309.48088909992435 -20.421759261443942 309.51621227561293 -20.33199102410076 48.50202616093793 88.43392687712424 -999.0 16600.0 -999.0 2 88 {-999.0 -999.0 -999.0 -999.0 -999.0} "" -999.0 -999.0 -999.0 -999.0 -999 -999 "" "" "" "" 0 0 0.0 0.0 -999 ""
FIBERMAP 1088 R+6C21 BOSS 1 1 0 1 0 0 217.7401009842752 124.59788925116924 143.1 -140.82138245214503 207.613709899869 103.20147 141.82439 309.4788848320597 -20.420842913534887 -4.566074 -14.319674 0.13478003 309.47886359504463 -20.420891323023774 309.51399840913245 -20.331195820571605 48.50367368822299 88.43167434824238 5400.0 5400.0 2016.0 1 262 {-999.0 16.691618 16.201864 16.011606 -999.0} sdss_psfmag_ps1 16.571318 16.22033 15.681187 14.642 63050396543902143 1071084612 bright_1x1 mwm_halo_vmp_xp_boss_single mwm_halo science 0 0 0.0 0.0 -999 ""
FIBERMAP 1088 R+6C21 METROLOGY 0 0 0 1 0 0 218.1707178325552 124.00166800404895 143.1 -140.25970280140683 208.0884895215326 103.20147 141.82439 -999.0 -999.0 -999.0 -999.0 -999.0 309.4806065773727 -20.419446933425366 309.51578969567413 -20.32972912228777 48.50157707676214 88.43052811467192 -999.0 6231.0 -999.0 -1 -999 {-999.0 -999.0 -999.0 -999.0 -999.0} "" -999.0 -999.0 -999.0 -999.0 -999 -999 "" "" "" "" 0 0 0.0 0.0 -999 ""
FIBERMAP 1089 R+7C13 APOGEE 1 1 0 1 0 0 37.71210069628024 123.56919300397573 143.1 -126.08168375420136 28.18900233635226 289.69345 17.932667 309.5224653776 -20.963857205267182 -0.70558625 -19.579369 3.1957984 309.522459985795 -20.963914955776367 309.5589876904951 -20.87389626543879 48.658175240512826 89.22063788260368 16000.0 16600.0 2016.0 2 91 {-999.0 11.805345 11.438897 11.340051 -999.0} sdss_psfmag_from_g3xp 11.747107 11.460564 11.011637 10.29 63050396543870685 1094087957 bright_1x1 mwm_bin_vis_apogee mwm_filler science 0 0 0.0 0.0 -999 ""
FIBERMAP 1089 R+7C13 BOSS 0 0 0 1 0 0 37.23390654016198 124.12214588611354 143.1 -126.59659690387637 27.670080190225963 289.69345 17.932667 -999.0 -999.0 -999.0 -999.0 -999.0 309.520903290034 -20.965402855116945 309.55724724396293 -20.875453109331904 48.66024580703439 89.22197585594267 -999.0 5400.0 -999.0 1 156 {-999.0 -999.0 -999.0 -999.0 -999.0} "" -999.0 -999.0 -999.0 -999.0 -999 -999 "" "" "" "" 0 0 0.0 0.0 -999 ""
FIBERMAP 1089 R+7C13 METROLOGY 0 0 0 1 0 0 37.96954296427595 124.26343803223745 143.1 -126.79351567971972 28.392808410308607 289.69345 17.932667 -999.0 -999.0 -999.0 -999.0 -999.0 309.5202086541902 -20.96322283658498 309.55660180541634 -20.873256284374047 48.66003589140881 89.21854160165111 -999.0 6231.0 -999.0 -1 -999 {-999.0 -999.0 -999.0 -999.0 -999.0} "" -999.0 -999.0 -999.0 -999.0 -999 -999 "" "" "" "" 0 0 0.0 0.0 -999 ""
FIBERMAP 1090 R+2C22 APOGEE 0 0 0 1 0 0 196.4107561409444 31.94410835236336 143.1 -46.812956960162076 193.4046493216346 182.82082 156.10205 -999.0 -999.0 -999.0 -999.0 -999.0 309.78193654693473 -20.464278555178954 309.8170494942326 -20.373922257563642 48.254187934489046 88.64625537155803 -999.0 16600.0 -999.0 2 -999 {-999.0 -999.0 -999.0 -999.0 -999.0} "" -999.0 -999.0 -999.0 -999.0 -999 -999 "" "" "" "" 0 0 0.0 0.0 -999 ""
FIBERMAP 1090 R+2C22 BOSS 1 1 0 1 0 0 195.69758033089326 32.178080460602885 143.1 -46.99191921807279 192.67572970065373 182.82082 156.10205 309.7814315048249 -20.466019220806146 27.474365 -117.05809 3.5189621 309.78152461439225 -20.46635362615148 309.8164525200863 -20.376066462090364 48.25548376143316 88.64895531370593 5400.0 5400.0 2016.0 1 232 {-999.0 15.280173 14.358999 14.008444 -999.0} sdss_psfmag_from_g3xp 14.98172 14.389622 13.654652 12.128 63050396543884714 1072551048 bright_1x1 mwm_halo_local_high_boss_single mwm_halo science 0 0 0.0 0.0 -999 ""
FIBERMAP 1090 R+2C22 METROLOGY 0 0 0 1 0 0 196.2844464837213 32.68136277743539 143.1 -47.538439785202684 193.22254609387548 182.82082 156.10205 -999.0 -999.0 -999.0 -999.0 -999.0 309.77970338743455 -20.46469336504589 309.81468327653033 -20.374390640114502 48.256425642076444 88.6457088860941 -999.0 6231.0 -999.0 -1 -999 {-999.0 -999.0 -999.0 -999.0 -999.0} "" -999.0 -999.0 -999.0 -999.0 -999 -999 "" "" "" "" 0 0 0.0 0.0 -999 ""
FIBERMAP 1097 R-1C6 APOGEE 0 0 0 1 0 0 -158.0049634363574 -4.654431102663393 143.1 16.677211579077174 -157.18968819174907 89.160614 77.64491 -999.0 -999.0 -999.0 -999.0 -999.0 309.9853101443996 -21.527573992785335 310.0226516613575 -21.436495932338374 48.44824371493416 90.24464991162074 -999.0 16600.0 -999.0 2 -999 {-999.0 -999.0 -999.0 -999.0 -999.0} "" -999.0 -999.0 -999.0 -999.0 -999 -999 "" "" "" "" 0 0 0.0 0.0 -999 ""
FIBERMAP 1097 R-1C6 BOSS 1 1 0 1 0 0 -157.17154797979555 -4.924082926400002 143.1 16.882590015228452 -156.3381615462495 89.160614 77.64491 309.98618266235303 -21.524928002740385 2.492758 -26.179853 0.6493115 309.9861851705629 -21.525000411737675 310.0233281508971 -21.433986578981546 48.44679227423338 90.24142114949518 5400.0 5400.0 2016.0 1 461 {-999.0 16.868448 16.344154 16.215641 -999.0} sdss_psfmag_ps1 16.775896 16.397322 15.85122 14.76 63050396543785838 1072895550 bright_1x1 mwm_halo_local_high_boss_single mwm_halo science 0 0 0.0 0.0 -999 ""
FIBERMAP 1097 R-1C6 METROLOGY 0 0 0 1 0 0 -157.7735675381749 -5.365735647215445 143.1 17.36881502902858 -156.90478192118889 89.160614 77.64491 -999.0 -999.0 -999.0 -999.0 -999.0 309.9877146517584 -21.526752829429917 310.0249143556928 -21.435717096130038 48.445998173865185 90.24463482303742 -999.0 6231.0 -999.0 -1 -999 {-999.0 -999.0 -999.0 -999.0 -999.0} "" -999.0 -999.0 -999.0 -999.0 -999 -999 "" "" "" "" 0 0 0.0 0.0 -999 ""
FIBERMAP 1102 R+4C17 APOGEE 1 1 0 1 0 0 120.32928331386998 71.31016030638104 143.1 -80.26856235168995 114.54622685788112 296.6571 139.93318 309.6724707807531 -20.702466089792654 -2.010748 -11.20258 0.39694652 309.67245071426646 -20.702501476317575 309.7082219538687 -20.612278559948567 48.434892308987315 88.9259225400341 16000.0 16600.0 2016.0 2 66 {-999.0 11.853043 10.728465 10.253574 -999.0} sdss_psfmag_from_g3xp 11.45348 10.716327 9.883565 7.982 63050396543881296 1153162566 bright_1x1 mwm_galactic_core_dist_apogee_sparse mwm_galactic science 0 0 0.0 0.0 -999 ""
FIBERMAP 1102 R+4C17 BOSS 0 0 0 1 0 0 120.17152959285137 70.5800824775689 143.1 -79.52859608711357 114.44454829383434 296.6571 139.93318 -999.0 -999.0 -999.0 -999.0 -999.0 309.67499793201836 -20.702693961167938 309.71057735576517 -20.61253394341542 48.432924061887455 88.92746810345312 -999.0 5400.0 -999.0 1 218 {-999.0 -999.0 -999.0 -999.0 -999.0} "" -999.0 -999.0 -999.0 -999.0 -999 -999 "" "" "" "" 0 0 0.0 0.0 -999 ""
FIBERMAP 1102 R+4C17 METROLOGY 0 0 0 1 0 0 119.62012852409758 71.08530362276694 143.1 -79.99033999048672 113.85626875633227 296.6571 139.93318 -999.0 -999.0 -999.0 -999.0 -999.0 309.6734286069182 -20.70447927776638 309.70906749237395 -20.61430246393123 48.43487539040099 88.92919784282384 -999.0 6231.0 -999.0 -1 -999 {-999.0 -999.0 -999.0 -999.0 -999.0} "" -999.0 -999.0 -999.0 -999.0 -999 -999 "" "" "" "" 0 0 0.0 0.0 -999 ""
FIBERMAP 1110 R-12C9 APOGEE 0 0 0 1 0 0 44.399472317711016 -235.38369778140765 143.1 231.31513990387234 62.20084701287493 68.939735 19.354084 -999.0 -999.0 -999.0 -999.0 -999.0 310.681925469194 -20.86221124307324 310.71700651195783 -20.77002908577009 47.608869503319774 89.6479070211314 -999.0 16600.0 -999.0 2 -999 {-999.0 -999.0 -999.0 -999.0 -999.0} "" -999.0 -999.0 -999.0 -999.0 -999 -999 "" "" "" "" 0 0 0.0 0.0 -999 ""
FIBERMAP 1110 R-12C9 BOSS 1 1 0 1 0 0 44.398496989971456 -236.12576559367088 143.1 232.05511827576228 62.256403065719965 68.939735 19.354084 310.6845309116293 -20.861955714674373 0.12114931 -1.6971183 -0.039261926 310.68453124517345 -20.861964997319006 310.71941333532527 -20.769847272879396 47.606700452649285 89.648836399005 5400.0 5400.0 2016.0 1 367 {-999.0 17.235477 16.33248 16.016804 -999.0} sdss_psfmag_ps1 16.929655 16.358282 15.640142 14.107 63050396543798918 1061577650 bright_1x1 manual_mwm_halo_distant_kgiant_near_boss_single mwm_halo science 0 0 0.0 0.0 -999 ""
FIBERMAP 1110 R-12C9 METROLOGY 0 0 0 1 0 0 43.74552329314537 -235.7468078061463 143.1 231.72700707168235 61.57646543797916 68.939735 19.354084 -999.0 -999.0 -999.0 -999.0 -999.0 310.6834706789631 -20.864032301047754 310.71841402352106 -20.771896279354788 47.60829962066294 89.65118820126696 -999.0 6231.0 -999.0 -1 -999 {-999.0 -999.0 -999.0 -999.0 -999.0} "" -999.0 -999.0 -999.0 -999.0 -999 -999 "" "" "" "" 0 0 0.0 0.0 -999 ""
FIBERMAP 1117 R-12C14 APOGEE 1 1 0 1 0 0 121.61505315132172 -243.56739968362626 143.1 233.59292443683444 139.81469119231818 246.1181 87.363266 310.6879111123619 -20.62765367280715 1.0842247 -6.8997364 0.58404577 310.68791945324165 -20.627664694403613 310.72246315771724 -20.53554576532047 47.52063414329932 89.32585185250042 16000.0 16600.0 2016.0 2 233 {-999.0 12.850658 11.8609295 11.510083 -999.0} sdss_psfmag_from_g3xp 12.523142 11.9026785 11.1516485 9.546 63050396544006697 1110541296 bright_1x1 mwm_tess_rgb_apogee mwm_tessrgb science 0 0 0.0 0.0 -999 ""
FIBERMAP 1117 R-12C14 BOSS 0 0 0 1 0 0 120.9421965370575 -243.28033947328814 143.1 233.35795747491738 139.121929108511 246.1181 87.363266 -999.0 -999.0 -999.0 -999.0 -999.0 310.68736746192343 -20.6296885286934 310.721720714738 -20.537640191831066 47.522032911820055 89.3283793883964 -999.0 5400.0 -999.0 1 342 {-999.0 -999.0 -999.0 -999.0 -999.0} "" -999.0 -999.0 -999.0 -999.0 -999 -999 "" "" "" "" 0 0 0.0 0.0 -999 ""
FIBERMAP 1117 R-12C14 METROLOGY 0 0 0 1 0 0 121.54573934746747 -242.8280408788719 143.1 232.86100159214755 139.689257322705 246.1181 87.363266 -999.0 -999.0 -999.0 -999.0 -999.0 310.6857524188112 -20.62796771942503 310.7201589184159 -20.535903062634024 47.52277690098378 89.32520230770393 -999.0 6231.0 -999.0 -1 -999 {-999.0 -999.0 -999.0 -999.0 -999.0} "" -999.0 -999.0 -999.0 -999.0 -999 -999 "" "" "" "" 0 0 0.0 0.0 -999 ""
FIBERMAP 1119 R-13C14 APOGEE 0 0 0 1 0 0 148.7029833644362 -269.4324732318412 143.1 257.31910141446536 168.79396280743825 311.16226 82.17909 -999.0 -999.0 -999.0 -999.0 -999.0 310.7633092553467 -20.54044145496188 310.7975767322064 -20.44820916818835 47.42363343354757 89.24256861396617 -999.0 16600.0 -999.0 2 -999 {-999.0 -999.0 -999.0 -999.0 -999.0} "" -999.0 -999.0 -999.0 -999.0 -999 -999 "" "" "" "" 0 0 0.0 0.0 -999 ""
FIBERMAP 1119 R-13C14 BOSS 1 1 0 1 0 0 148.07239499838846 -269.845992089559 143.1 257.7794508860016 168.19671377170963 311.16226 82.17909 310.76494420094036 -20.54219936215035 -2.6373682 -1.0949582 0.9908116 310.7649357953992 -20.542208020643745 310.79900949257853 -20.4500428568071 47.42303948339338 89.24581081682089 5400.0 5400.0 2016.0 1 343 {-999.0 14.616444 14.248116 14.126062 -999.0} sdss_psfmag_from_g3xp 14.55172 14.258271 13.79555 12.948 63050396544006914 979376598 "" ops_std_boss ops_std standard_boss 0 0 0.0 0.0 -999 ""
FIBERMAP 1119 R-13C14 METROLOGY 0 0 0 1 0 0 148.03275615882976 -269.10036826400557 143.1 257.0390207369702 168.10039108866428 311.16226 82.17909 -999.0 -999.0 -999.0 -999.0 -999.0 310.7625749664233 -20.54247511498538 310.79670731633087 -20.450294233572894 47.4251428449047 89.2450120182358 -999.0 6231.0 -999.0 -1 -999 {-999.0 -999.0 -999.0 -999.0 -999.0} "" -999.0 -999.0 -999.0 -999.0 -999 -999 "" "" "" "" 0 0 0.0 0.0 -999 ""
FIBERMAP 1120 R-8C16 APOGEE 0 0 0 1 0 0 137.35432288336358 -146.95511533457824 143.1 136.06337321794499 148.14842921106617 26.428753 152.48479 -999.0 -999.0 -999.0 -999.0 -999.0 310.373581579407 -20.60207062513904 310.40839643342395 -20.510550255866725 47.78630357769677 89.1348193996098 -999.0 16600.0 -999.0 2 -999 {-999.0 -999.0 -999.0 -999.0 -999.0} "" -999.0 -999.0 -999.0 -999.0 -999 -999 "" "" "" "" 0 0 0.0 0.0 -999 ""
FIBERMAP 1120 R-8C16 BOSS 1 1 0 1 0 0 138.1252022825458 -146.94606982833662 143.1 135.99563076839914 148.91637180283465 26.428753 152.48479 310.3736202180738 -20.599588009913806 -7.725955 -20.121365 0.61695915 310.3735886485468 -20.59963977843052 310.4082042465328 -20.508189836993633 47.78562558734871 89.13144374868807 5400.0 5400.0 2016.0 1 293 {-999.0 16.281712 15.858398 15.701191 -999.0} sdss_psfmag_ps1 16.168634 15.832888 15.328728 14.432 63050396543878940 1072895567 bright_1x1 mwm_halo_local_high_boss_single mwm_halo science 0 0 0.0 0.0 -999 ""
FIBERMAP 1120 R-8C16 METROLOGY 0 0 0 1 0 0 137.73639378166058 -147.59817057751667 143.1 136.67544839213662 148.5783721097486 26.428753 152.48479 -999.0 -999.0 -999.0 -999.0 -999.0 310.37575383639233 -20.6006635040293 310.4104243916988 -20.509189415712218 47.784042613265726 89.1339418346895 -999.0 6231.0 -999.0 -1 -999 {-999.0 -999.0 -999.0 -999.0 -999.0} "" -999.0 -999.0 -999.0 -999.0 -999 -999 "" "" "" "" 0 0 0.0 0.0 -999 ""
FIBERMAP 1122 R-6C16 APOGEE 0 0 0 1 0 0 106.69452741131455 -130.37578970142368 143.1 121.86796272119875 116.31506814332003 262.7021 103.249916 -999.0 -999.0 -999.0 -999.0 -999.0 310.3279343069138 -20.698305941446108 310.3630155222754 -20.60684108948243 47.86041858279662 89.2461189209331 -999.0 16600.0 -999.0 2 -999 {-999.0 -999.0 -999.0 -999.0 -999.0} "" -999.0 -999.0 -999.0 -999.0 -999 -999 "" "" "" "" 0 0 0.0 0.0 -999 ""
FIBERMAP 1122 R-6C16 BOSS 1 1 0 1 0 0 105.94366175982987 -130.44284903620598 143.1 121.99202525300807 115.57150026502165 262.7021 103.249916 310.32856357570176 -20.7003974627117 6.18202 -16.646322 0.50307417 310.3285847334333 -20.70044418943466 310.36347665115557 -20.609046594629888 47.86080225522373 89.24941930742023 5400.0 5400.0 2016.0 1 291 {-999.0 16.044758 15.628448 15.497952 -999.0} sdss_psfmag_ps1 15.926775 15.616641 15.133503 14.251 63050396543878011 1072837580 bright_1x1 mwm_halo_local_high_boss_single mwm_halo science 0 0 0.0 0.0 -999 ""
FIBERMAP 1122 R-6C16 METROLOGY 0 0 0 1 0 0 106.25462922552268 -129.77082044358235 143.1 121.29826759229529 115.83036784922805 262.7021 103.249916 -999.0 -999.0 -999.0 -999.0 -999.0 310.32629858991214 -20.699662911258006 310.36124596080367 -20.60825027397612 47.86246868679279 89.24720022450748 -999.0 6231.0 -999.0 -1 -999 {-999.0 -999.0 -999.0 -999.0 -999.0} "" -999.0 -999.0 -999.0 -999.0 -999 -999 "" "" "" "" 0 0 0.0 0.0 -999 ""
FIBERMAP 1123 R-1C3 APOGEE 1 0 0 1 1 0 -242.6717914562737 -14.356578667514945 143.1 32.80073858044138 -240.8705617980398 101.43759 152.65071 310.10983439125005 -21.7170146493894 8.133514 -8.4959955 3.4785614 310.03727241613274 -21.779984146586948 310.0751409673172 -21.688728293059373 48.48821680487272 90.62741126234266 16000.0 16600.0 2016.0 2 248 {-999.0 10.579465 10.413013 10.385808 -999.0} sdss_psfmag_from_g3xp 10.586957 10.397375 10.065188 9.596 63050396543784132 1076262976 bright_1x1 mwm_snc_ext_main_apogee mwm_snc science 0 0 0.0 0.0 -999 ""
FIBERMAP 1123 R-1C3 BOSS 0 0 0 1 1 0 -242.48237440156245 -13.599888846418413 143.1 32.03182590007624 -240.73933944802053 101.43759 152.65071 -999.0 -999.0 -999.0 -999.0 -999.0 310.034963037393 -21.77954940652009 310.072641021191 -21.688362214815527 48.49027900877541 90.62570587209461 -999.0 5400.0 -999.0 1 511 {-999.0 -999.0 -999.0 -999.0 -999.0} "" -999.0 -999.0 -999.0 -999.0 -999 -999 "" "" "" "" 0 0 0.0 0.0 -999 ""
FIBERMAP 1123 R-1C3 METROLOGY 0 0 0 1 1 0 -241.95027082972285 -14.14329636239548 143.1 32.53311485593617 -240.1673922142894 101.43759 152.65071 -999.0 -999.0 -999.0 -999.0 -999.0 310.0365529289528 -21.77788990130043 310.07427978822284 -21.686682042146163 48.48827765251597 90.62409744239403 -999.0 6231.0 -999.0 -1 -999 {-999.0 -999.0 -999.0 -999.0 -999.0} "" -999.0 -999.0 -999.0 -999.0 -999 -999 "" "" "" "" 0 0 0.0 0.0 -999 ""
FIBERMAP 1124 R-4C19 APOGEE 0 0 0 1 0 0 142.89812403412796 -67.09984703830197 143.1 56.01863828677236 147.59292687102405 174.96461 80.60336 -999.0 -999.0 -999.0 -999.0 -999.0 310.1145895227104 -20.603321524440098 310.1496766660847 -20.512289783911655 48.01314375686706 89.00769002857993 -999.0 16600.0 -999.0 2 215 {-999.0 -999.0 -999.0 -999.0 -999.0} "" -999.0 -999.0 -999.0 -999.0 -999 -999 "" "" "" "" 0 0 0.0 0.0 -999 ""
FIBERMAP 1124 R-4C19 BOSS 1 1 0 1 0 0 143.0695640674337 -66.38233601690891 143.1 55.290159604143334 147.7092091428166 174.96461 80.60336 310.1124572753906 -20.602838461747126 -999.0 -999.0 -999.0 310.11244693513765 -20.602835186678096 310.14734301144813 -20.511876773396608 48.01503614331153 89.00594240485373 5400.0 5400.0 2015.5 1 307 {-999.0 -999.0 -999.0 -999.0 -999.0} "" -999.0 -999.0 -999.0 -999.0 27021603186176741 815794694 "" ops_sky_boss_good ops_sky sky_boss 0 0 0.0 0.0 -999 ""
FIBERMAP 1124 R-4C19 METROLOGY 0 0 0 1 0 0 143.61128243250363 -66.88541893575763 143.1 55.75050911565635 148.28767132590417 174.96461 80.60336 -999.0 -999.0 -999.0 -999.0 -999.0 310.1138908831901 -20.60108990825691 310.1488359405877 -20.510109734727315 48.01309733353922 89.00422579678172 -999.0 6231.0 -999.0 -1 -999 {-999.0 -999.0 -999.0 -999.0 -999.0} "" -999.0 -999.0 -999.0 -999.0 -999 -999 "" "" "" "" 0 0 0.0 0.0 -999 ""
FIBERMAP 1128 R+2C19 APOGEE 1 1 0 1 0 0 151.36128551680162 28.88716711507564 143.1 -40.33319345271746 148.7194037188017 15.781847 60.603703 309.80232103661876 -20.599289792304365 -3.6804092 -7.2648206 0.12868568 309.8023508383889 -20.599326742282447 309.8377517133629 -20.50888887760069 48.284649960193306 88.84592729466738 16000.0 16600.0 2016.0 2 72 {-999.0 14.062442 13.123817 12.73435 -999.0} sdss_psfmag_from_g3xp 13.765679 13.135966 12.373883 10.68 63050396543882018 1153162252 bright_1x1 mwm_galactic_core_dist_apogee_sparse mwm_galactic science 0 0 0.0 0.0 -999 ""
FIBERMAP 1128 R+2C19 BOSS 0 0 0 1 0 0 151.20066511617068 28.16355619028127 143.1 -39.5994568606195 148.61437420420177 15.781847 60.603703 -999.0 -999.0 -999.0 -999.0 -999.0 309.8048998056035 -20.599517278105303 309.8401081192276 -20.509143007035494 48.28268087960801 88.84747329070842 -999.0 5400.0 -999.0 1 229 {-999.0 -999.0 -999.0 -999.0 -999.0} "" -999.0 -999.0 -999.0 -999.0 -999 -999 "" "" "" "" 0 0 0.0 0.0 -999 ""
FIBERMAP 1128 R+2C19 METROLOGY 0 0 0 1 0 0 150.65584541072624 28.664076570655894 143.1 -40.057015054605344 148.03301493031847 15.781847 60.603703 -999.0 -999.0 -999.0 -999.0 -999.0 309.8033511628051 -20.60127537007474 309.83861905154276 -20.510884069620456 48.28460717821194 88.84916400743407 -999.0 6231.0 -999.0 -1 -999 {-999.0 -999.0 -999.0 -999.0 -999.0} "" -999.0 -999.0 -999.0 -999.0 -999 -999 "" "" "" "" 0 0 0.0 0.0 -999 ""
FIBERMAP 1133 R0C15 APOGEE 1 1 0 1 0 0 25.495766623606446 17.589518789022154 143.1 -19.480423160005344 24.08150784666462 114.8644 77.301636 309.86878961419535 -20.977430115892602 7.544544 -2.024245 0.9738532 309.86881953015427 -20.977448634921142 309.9050181924546 -20.88676497037964 48.360132372882255 89.41074679792666 16000.0 16600.0 2016.0 2 110 {-999.0 12.699445 12.088198 11.861435 -999.0} sdss_psfmag_from_g3xp 12.5427 12.134248 11.520264 10.368 63050396543874910 1106909868 bright_1x1 mwm_tess_rgb_apogee mwm_tessrgb science 0 0 0.0 0.0 -999 ""
FIBERMAP 1133 R0C15 BOSS 0 0 0 1 0 0 26.229551140283778 17.735398448918005 143.1 -19.68177500040007 24.802040095878706 114.8644 77.301636 -999.0 -999.0 -999.0 -999.0 -999.0 309.868348219065 -20.975176082644253 309.9043513300911 -20.88456112146058 48.359939366075075 89.40731224763209 -999.0 5400.0 -999.0 1 188 {-999.0 -999.0 -999.0 -999.0 -999.0} "" -999.0 -999.0 -999.0 -999.0 -999 -999 "" "" "" "" 0 0 0.0 0.0 -999 ""
FIBERMAP 1133 R0C15 METROLOGY 0 0 0 1 0 0 25.968871644376268 17.012232999025244 143.1 -18.940860377592514 24.59720930559158 114.8644 77.301636 -999.0 -999.0 -999.0 -999.0 -999.0 309.87070144390987 -20.975820520049837 309.9067576459719 -20.885181869273254 48.358053811323146 89.40937823527128 -999.0 6231.0 -999.0 -1 -999 {-999.0 -999.0 -999.0 -999.0 -999.0} "" -999.0 -999.0 -999.0 -999.0 -999 -999 "" "" "" "" 0 0 0.0 0.0 -999 ""
FIBERMAP 1134 R-4C17 APOGEE 1 1 0 1 0 0 102.03430988826995 -90.9451661517895 143.1 82.90731349009805 108.66473041256265 257.39124 89.07801 310.20182213748234 -20.72124061157081 -17.208961 -25.141129 2.854163 310.2017652066811 -20.721320846243582 310.2370305684527 -20.630086873894037 47.97887055664019 89.21577740418326 16000.0 16600.0 2016.0 2 210 {-999.0 12.263574 11.845361 11.72644 -999.0} sdss_psfmag_from_g3xp 12.186634 11.872859 11.396202 10.564 63050396543878132 975404154 "" ops_std_apogee ops_std standard_apogee 0 0 0.0 0.0 -999 ""
FIBERMAP 1134 R-4C17 BOSS 0 0 0 1 0 0 101.31401361279161 -90.7716896210473 143.1 82.78921283137313 107.933319462788 257.39124 89.07801 -999.0 -999.0 -999.0 -999.0 -999.0 310.20161914571264 -20.723416467677787 310.23669670286745 -20.632250912548056 47.97993381287165 89.21863152750655 -999.0 5400.0 -999.0 1 297 {-999.0 -999.0 -999.0 -999.0 -999.0} "" -999.0 -999.0 -999.0 -999.0 -999 -999 "" "" "" "" 0 0 0.0 0.0 -999 ""
FIBERMAP 1134 R-4C17 METROLOGY 0 0 0 1 0 0 101.82515253761717 -90.23074803992199 143.1 82.21091148449754 108.40176066350426 257.39124 89.07801 -999.0 -999.0 -999.0 -999.0 -999.0 310.19969800995915 -20.722002079387675 310.2348289747971 -20.630821105605794 47.98105734545739 89.21570508953886 -999.0 6231.0 -999.0 -1 -999 {-999.0 -999.0 -999.0 -999.0 -999.0} "" -999.0 -999.0 -999.0 -999.0 -999 -999 "" "" "" "" 0 0 0.0 0.0 -999 ""
FIBERMAP 1138 R+7C7 APOGEE 0 0 0 1 1 0 -87.08713604327598 137.4742863941668 143.1 -130.43939468716457 -97.30559098278837 124.62944 154.17735 -999.0 -999.0 -999.0 -999.0 -999.0 309.5065784339104 -21.344488272274543 309.54400233550734 -21.254380482101663 48.80412550759313 89.75378125783419 -999.0 16600.0 -999.0 2 44 {-999.0 -999.0 -999.0 -999.0 -999.0} "" -999.0 -999.0 -999.0 -999.0 -999 -999 "" "" "" "" 0 0 0.0 0.0 -999 ""
FIBERMAP 1138 R+7C7 BOSS 1 0 0 1 1 0 -87.17956357536356 138.20602100266703 143.1 -131.16195483077263 -97.4534903963301 124.62944 154.17735 309.47714866237084 -21.27594016215419 -1.1320093 -5.896221 0.27925012 309.5043612339098 -21.344896921700222 309.54159960060144 -21.254858100243613 48.80639181248971 89.7532859135411 5400.0 5400.0 2016.0 1 78 {-999.0 17.461384 17.01642 16.836231 -999.0} sdss_psfmag_ps1 17.324131 16.987854 16.492334 15.534 63050396543869383 944753750 bright_1x1 openfibertargets_nov2020_6c open_fiber science 0 0 0.0 0.0 -999 ""
FIBERMAP 1138 R+7C7 METROLOGY 0 0 0 1 1 0 -86.50265046059744 137.93442568250225 143.1 -130.94271667839627 -96.75786170976528 124.62944 154.17735 -999.0 -999.0 -999.0 -999.0 -999.0 309.5050105348343 -21.342823524870045 309.54229692137426 -21.252765738847277 48.8050584121819 89.75064628193252 -999.0 6231.0 -999.0 -1 -999 {-999.0 -999.0 -999.0 -999.0 -999.0} "" -999.0 -999.0 -999.0 -999.0 -999 -999 "" "" "" "" 0 0 0.0 0.0 -999 ""
FIBERMAP 1139 R-5C16 APOGEE 1 1 0 1 0 0 111.2781255739195 -81.29844717471663 143.1 72.58455602450252 117.14673418111921 99.29732 68.23904 310.1682822520619 -20.69553637096939 3.8842664 -5.7827 0.53587157 310.16828874635365 -20.695577553599946 310.20353033143897 -20.604415014820972 47.99900673498022 89.16323292364541 16000.0 16600.0 2016.0 2 206 {-999.0 13.009215 12.10621 11.8054695 -999.0} sdss_psfmag_from_g3xp 12.7233095 12.156883 11.450558 10.0 63050396543878221 1106473873 bright_1x1 mwm_tess_rgb_apogee mwm_tessrgb science 0 0 0.0 0.0 -999 ""
FIBERMAP 1139 R-5C16 BOSS 0 0 0 1 0 0 112.01263478872004 -81.436681159256 143.1 72.66643419824412 117.88963195461122 99.29732 68.23904 -999.0 -999.0 -999.0 -999.0 -999.0 310.16878292183804 -20.693203566208744 310.20382604862857 -20.60210970586745 47.997925375701 89.16016233606109 -999.0 5400.0 -999.0 1 290 {-999.0 -999.0 -999.0 -999.0 -999.0} "" -999.0 -999.0 -999.0 -999.0 -999 -999 "" "" "" "" 0 0 0.0 0.0 -999 ""
FIBERMAP 1139 R-5C16 METROLOGY 0 0 0 1 0 0 111.47103681485733 -82.01005258958307 143.1 73.27939111513601 117.393290928274 99.29732 68.23904 -999.0 -999.0 -999.0 -999.0 -999.0 310.1707247011469 -20.69471674996228 310.20582380766416 -20.603599222654477 47.99671018584364 89.16323906447855 -999.0 6231.0 -999.0 -1 -999 {-999.0 -999.0 -999.0 -999.0 -999.0} "" -999.0 -999.0 -999.0 -999.0 -999 -999 "" "" "" "" 0 0 0.0 0.0 -999 ""
FIBERMAP 1141 R+13C2 APOGEE 0 0 0 1 0 0 -122.79796628875913 242.14097784437678 143.1 -232.08055095736285 -140.8854945576022 243.5962 142.32306 -999.0 -999.0 -999.0 -999.0 -999.0 309.1767252197507 -21.47369718133248 309.21479434643425 -21.38418238245311 49.13675237622461 89.77836307269604 -999.0 16600.0 -999.0 2 60 {-999.0 -999.0 -999.0 -999.0 -999.0} "" -999.0 -999.0 -999.0 -999.0 -999 -999 "" "" "" "" 0 0 0.0 0.0 -999 ""
FIBERMAP 1141 R+13C2 BOSS 1 1 0 1 0 0 -123.51888755291347 241.96750671276436 143.1 -231.8526679817116 -141.59109922433788 243.5962 142.32306 309.1776433545565 -21.475759079554127 0.46044996 -4.1103888 0.14015536 309.1776491923257 -21.475765720710886 309.2155352171093 -21.386312172519805 49.136836169383145 89.78178247480997 5400.0 5400.0 2016.0 1 100 {-999.0 16.650957 15.973787 15.725385 -999.0} sdss_psfmag_ps1 16.462023 15.988423 15.352244 14.024 63050396543866510 943983440 bright_1x1 openfibertargets_nov2020_6b open_fiber science 0 0 0.0 0.0 -999 ""
FIBERMAP 1141 R+13C2 METROLOGY 0 0 0 1 0 0 -123.31561013039749 242.69115480682788 143.1 -232.5896911207809 -141.44353989959887 243.5962 142.32306 -999.0 -999.0 -999.0 -999.0 -999.0 309.1751697131631 -21.475341361348164 309.2131103308169 -21.38587467369978 49.138806387614 89.77996888496148 -999.0 6231.0 -999.0 -1 -999 {-999.0 -999.0 -999.0 -999.0 -999.0} "" -999.0 -999.0 -999.0 -999.0 -999 -999 "" "" "" "" 0 0 0.0 0.0 -999 ""
FIBERMAP 1146 R-1C11 APOGEE 0 0 0 1 0 0 -72.46641175513561 -34.38267921672966 143.1 39.80270288816361 -69.63594149962432 303.90338 10.727252 -999.0 -999.0 -999.0 -999.0 -999.0 310.0612381220122 -21.26235808084223 310.0978888025294 -21.171219326233835 48.29094490125537 89.90623556187529 -999.0 16600.0 -999.0 2 247 {-999.0 -999.0 -999.0 -999.0 -999.0} "" -999.0 -999.0 -999.0 -999.0 -999 -999 "" "" "" "" 0 0 0.0 0.0 -999 ""
FIBERMAP 1146 R-1C11 BOSS 1 1 0 1 0 0 -72.99638737480484 -33.87605708999858 143.1 39.33792996076855 -70.20296478348662 303.90338 10.727252 310.06000708939706 -21.264012009382732 1.2339817 -4.1019535 -0.0066937595 310.05993819767787 -21.264053147406983 310.0964021181484 -21.172982620001935 48.29285723138206 89.9079974200061 5400.0 5400.0 2016.0 1 508 {-999.0 16.781368 16.339787 16.083494 -999.0} sdss_psfmag_ps1 16.662497 16.261265 15.676637 14.494 63050396543872710 944166268 bright_1x1 openfibertargets_nov2020_6b open_fiber science 0 0 0.0 0.0 -999 ""
FIBERMAP 1146 R-1C11 METROLOGY 0 0 0 1 0 0 -72.29685838186916 -33.65806654861014 143.1 39.067286986144666 -69.5220813692019 303.90338 10.727252 -999.0 -999.0 -999.0 -999.0 -999.0 310.0590092737254 -21.26201084093627 310.0955239090065 -21.170923934353745 48.29291039031809 89.90466828397854 -999.0 6231.0 -999.0 -1 -999 {-999.0 -999.0 -999.0 -999.0 -999.0} "" -999.0 -999.0 -999.0 -999.0 -999 -999 "" "" "" "" 0 0 0.0 0.0 -999 ""
FIBERMAP 1147 R+8C8 APOGEE 0 0 0 1 0 0 -55.23368211656948 147.7016659507601 143.1 -143.06345516777048 -66.32410767312652 214.11328 119.8712 -999.0 -999.0 -999.0 -999.0 -999.0 309.4659378546019 -21.250365255625496 309.50318627492845 -21.1603648166305 48.807227313178906 89.59985688627307 -999.0 16600.0 -999.0 2 -999 {-999.0 -999.0 -999.0 -999.0 -999.0} "" -999.0 -999.0 -999.0 -999.0 -999 -999 "" "" "" "" 0 0 0.0 0.0 -999 ""
FIBERMAP 1147 R+8C8 BOSS 1 1 0 1 0 0 -55.917869369807796 148.01824294616853 143.1 -143.32698971440468 -67.03041585938337 214.11328 119.8712 309.4650783289114 -21.252257540344484 39.909023 -68.82222 4.6208315 309.4651979060808 -21.25246424105585 309.50226340902043 -21.162529712089775 48.80878653890583 89.60248521528479 5400.0 5400.0 2016.0 1 137 {-999.0 18.670752 17.292603 16.023956 -999.0} sdss_psfmag_ps1 18.14656 16.663363 15.4651985 13.256 63050396543869422 1096485444 bright_1x1 mwm_bin_vis_boss mwm_filler science 0 0 0.0 0.0 -999 ""
FIBERMAP 1147 R+8C8 METROLOGY 0 0 0 1 0 0 -55.29433885767421 148.4471986304963 143.1 -143.8021933550165 -66.4413800300299 214.11328 119.8712 -999.0 -999.0 -999.0 -999.0 -999.0 309.4635907204608 -21.250695727042167 309.5007072461292 -21.16074637186735 48.8095277135576 89.59918037161253 -999.0 6231.0 -999.0 -1 -999 {-999.0 -999.0 -999.0 -999.0 -999.0} "" -999.0 -999.0 -999.0 -999.0 -999 -999 "" "" "" "" 0 0 0.0 0.0 -999 ""
FIBERMAP 1154 R+2C15 APOGEE 1 1 0 1 0 0 54.6995602159807 29.62499831471628 143.1 -33.70546820400156 52.283321039579015 320.80814 113.80042 309.8228064207279 -20.89168794085887 2.3212605 -4.9719567 0.32127765 309.8228193430127 -20.89170729079452 309.8588691313005 -20.801138167598182 48.370268982307785 89.26724800998556 16000.0 16600.0 2016.0 2 120 {-999.0 13.498937 12.632732 12.280123 -999.0} sdss_psfmag_from_g3xp 13.231074 12.648654 11.921935 10.343 63050396543879633 1108459783 bright_1x1 mwm_tess_rgb_apogee mwm_tessrgb science 0 0 0.0 0.0 -999 ""
FIBERMAP 1154 R+2C15 BOSS 0 0 0 1 0 0 54.54056553816154 28.892714156868784 143.1 -32.96320751122547 52.18057320877815 320.80814 113.80042 -999.0 -999.0 -999.0 -999.0 -999.0 309.8254002132923 -20.891925549236852 309.86125726333955 -20.801418790956603 48.368280006340925 89.26883152026744 -999.0 5400.0 -999.0 1 206 {-999.0 -999.0 -999.0 -999.0 -999.0} "" -999.0 -999.0 -999.0 -999.0 -999 -999 "" "" "" "" 0 0 0.0 0.0 -999 ""
FIBERMAP 1154 R+2C15 METROLOGY 0 0 0 1 0 0 53.99355373235224 29.399079620838656 143.1 -33.42642675784208 51.59658296508119 320.80814 113.80042 -999.0 -999.0 -999.0 -999.0 -999.0 309.8238312878846 -20.893709791414256 309.8597480725192 -20.803186363840517 48.370224707074 89.27056934477775 -999.0 6231.0 -999.0 -1 -999 {-999.0 -999.0 -999.0 -999.0 -999.0} "" -999.0 -999.0 -999.0 -999.0 -999 -999 "" "" "" "" 0 0 0.0 0.0 -999 ""
FIBERMAP 1157 R+10C1 APOGEE 1 1 0 1 0 0 -197.72476033330992 184.59635246816555 143.1 -168.99601336735836 -211.21023558236269 263.8475 45.14955 309.3804897412048 -21.68756062215161 -13.860754 -4.8945475 0.91316956 309.3804521838267 -21.687568830587427 309.41880565859356 -21.597595492589015 49.03126221489827 90.18362557074636 16000.0 16600.0 2016.0 2 46 {-999.0 11.129257 9.927309 9.450174 -999.0} sdss_psfmag_from_g3xp 10.682057 9.924604 9.081856 7.263 63050396543861334 1153162465 bright_1x1 mwm_galactic_core_dist_apogee_sparse mwm_galactic science 0 0 0.0 0.0 -999 ""
FIBERMAP 1157 R+10C1 BOSS 0 0 0 1 0 0 -198.18416656538622 185.17010861974782 143.1 -169.53310033646412 -211.71200931838996 263.8475 45.14955 -999.0 -999.0 -999.0 -999.0 -999.0 309.37890140335423 -21.68899361054896 309.4170716444901 -21.59908600924055 49.03328497624704 90.1849282661517 -999.0 5400.0 -999.0 1 81 {-999.0 -999.0 -999.0 -999.0 -999.0} "" -999.0 -999.0 -999.0 -999.0 -999 -999 "" "" "" "" 0 0 0.0 0.0 -999 ""
FIBERMAP 1157 R+10C1 METROLOGY 0 0 0 1 0 0 -197.47252340016345 185.30118260682775 143.1 -169.7180030119229 -211.01242600790582 263.8475 45.14955 -999.0 -999.0 -999.0 -999.0 -999.0 309.378215759519 -21.686942071384028 309.4164352801488 -21.597018520424825 49.03313902770963 90.18165575245723 -999.0 6231.0 -999.0 -1 -999 {-999.0 -999.0 -999.0 -999.0 -999.0} "" -999.0 -999.0 -999.0 -999.0 -999 -999 "" "" "" "" 0 0 0.0 0.0 -999 ""
FIBERMAP 1160 R-9C13 APOGEE 0 0 0 1 0 0 92.34472623880266 -163.0889004484255 143.1 155.57881336528078 104.49909670980074 74.84553 75.766914 -999.0 -999.0 -999.0 -999.0 -999.0 310.43706307212295 -20.734183291352224 310.47211157479194 -20.642501507580626 47.77773544193888 89.34994473885752 -999.0 16600.0 -999.0 2 185 {-999.0 -999.0 -999.0 -999.0 -999.0} "" -999.0 -999.0 -999.0 -999.0 -999 -999 "" "" "" "" 0 0 0.0 0.0 -999 ""
FIBERMAP 1160 R-9C13 BOSS 1 1 0 1 0 0 92.95048314101096 -163.55976399192622 143.1 156.002159180589 105.13895632806346 74.84553 75.766914 310.43867481665865 -20.73211373389768 -1.2241285 -6.925479 0.12255252 310.4386730271714 -20.732144842825722 310.4735210687918 -20.64052993425985 47.775800685091525 89.34790247297951 5400.0 5400.0 2016.0 1 379 {-999.0 15.373269 14.538773 14.195898 -999.0} sdss_psfmag_from_g3xp 15.1211195 14.558751 13.83986 12.302 63050396543878434 1061643712 bright_1x1 manual_mwm_halo_distant_kgiant_near_boss_single mwm_halo science 0 0 0.0 0.0 -999 ""
FIBERMAP 1160 R-9C13 METROLOGY 0 0 0 1 0 0 92.23235603965556 -163.8218263892168 143.1 156.31816225444112 104.44288629810303 74.84553 75.766914 -999.0 -999.0 -999.0 -999.0 -999.0 310.4396683906409 -20.73425847278133 310.4745752029402 -20.642621389268793 47.77562387416691 89.3513333262913 -999.0 6231.0 -999.0 -1 -999 {-999.0 -999.0 -999.0 -999.0 -999.0} "" -999.0 -999.0 -999.0 -999.0 -999 -999 "" "" "" "" 0 0 0.0 0.0 -999 ""
FIBERMAP 1161 R-13C7 APOGEE 0 0 0 1 0 0 -22.99620711232653 -237.53439207933062 143.1 238.59356718851456 -4.834485037492691 170.33444 68.785706 -999.0 -999.0 -999.0 -999.0 -999.0 310.7061120538036 -21.065075977675175 310.7416276859516 -20.972784232727705 47.65876793130215 89.94152804693147 -999.0 16600.0 -999.0 2 264 {-999.0 -999.0 -999.0 -999.0 -999.0} "" -999.0 -999.0 -999.0 -999.0 -999 -999 "" "" "" "" 0 0 0.0 0.0 -999 ""
FIBERMAP 1161 R-13C7 BOSS 1 1 0 1 0 0 -22.577834629502796 -236.89483390658089 143.1 237.92400347235696 -4.466052109319883 170.33444 68.785706 310.7041687881822 -21.06389838674031 3.802804 -3.8795273 3.106685 310.7041787777863 -21.063898946901904 310.73949799776574 -20.97167964263154 47.66024303984067 89.93895701201063 5400.0 5400.0 2016.0 1 358 {-999.0 17.560717 16.994524 16.706213 -999.0} sdss_psfmag_ps1 17.208267 17.351286 16.196009 14.949 63050396543797771 1096650369 bright_1x1 mwm_bin_vis_boss mwm_filler science 0 0 0.0 0.0 -999 ""
FIBERMAP 1161 R-13C7 METROLOGY 0 0 0 1 0 0 -22.242615074843343 -237.55223377380736 143.1 238.55395044159778 -4.081731212917884 170.33444 68.785706 -999.0 -999.0 -999.0 -999.0 -999.0 310.7061921500099 -21.06274976465422 310.7415620942551 -20.970507662075445 47.658027101013026 89.9383307595266 -999.0 6231.0 -999.0 -1 -999 {-999.0 -999.0 -999.0 -999.0 -999.0} "" -999.0 -999.0 -999.0 -999.0 -999 -999 "" "" "" "" 0 0 0.0 0.0 -999 ""
FIBERMAP 1164 R+8C9 APOGEE 0 0 0 1 0 0 -23.881193625636225 167.65925819202 143.1 -165.35119469180233 -36.58334796939574 92.02414 121.5811 -999.0 -999.0 -999.0 -999.0 -999.0 309.3940560351031 -21.15978769418019 309.4311695999593 -21.069953466342895 48.83871432404071 89.43559411670219 -999.0 16600.0 -999.0 2 -999 {-999.0 -999.0 -999.0 -999.0 -999.0} "" -999.0 -999.0 -999.0 -999.0 -999 -999 "" "" "" "" 0 0 0.0 0.0 -999 ""
FIBERMAP 1164 R+8C9 BOSS 1 1 0 1 0 0 -23.277733429765764 168.0809094372644 143.1 -165.8175862942962 -36.013767504207344 92.02414 121.5811 309.39264658201574 -21.15798720744064 8.2793455 -1.1594588 0.72846717 309.392673913694 -21.158000515948068 309.4295966745942 -21.068234892529173 48.83948981567727 89.43236877352007 5400.0 5400.0 2016.0 1 128 {-999.0 16.768318 16.248041 16.132408 -999.0} sdss_psfmag_ps1 16.620556 16.262022 15.730192 14.819 63050396543869797 944753754 bright_1x1 openfibertargets_nov2020_6c open_fiber science 0 0 0.0 0.0 -999 ""
FIBERMAP 1164 R+8C9 METROLOGY 0 0 0 1 0 0 -23.207881972155022 167.3334520624237 143.1 -165.07762945039218 -35.88718062336362 92.02414 121.5811 -999.0 -999.0 -999.0 -999.0 -999.0 309.394998987312 -21.157653207023507 309.4319718246892 -21.0678647055256 48.83728364942245 89.43301732284328 -999.0 6231.0 -999.0 -1 -999 {-999.0 -999.0 -999.0 -999.0 -999.0} "" -999.0 -999.0 -999.0 -999.0 -999 -999 "" "" "" "" 0 0 0.0 0.0 -999 ""
FIBERMAP 1165 R+13C8 APOGEE 1 1 0 1 0 0 18.37681357550063 267.2980586993892 143.1 -267.9185564706062 -2.0387474829405696 90.29761 88.24542 309.06356905938 -21.053017114507664 3.1757922 -6.127029 0.5861299 309.0635865542909 -21.053032420537534 309.10079419030967 -20.963867340897135 49.090463666390484 89.11979561630272 16000.0 16600.0 2016.0 2 99 {-999.0 12.495401 11.726192 11.446703 -999.0} sdss_psfmag_from_g3xp 12.278793 11.766869 11.098334 9.74 63050396543871360 1110109201 bright_1x1 mwm_tess_rgb_apogee mwm_tessrgb science 0 0 0.0 0.0 -999 ""
FIBERMAP 1165 R+13C8 BOSS 0 0 0 1 0 0 19.104929403261515 267.3216928534824 143.1 -267.99758742738663 -1.3145550917673139 90.29761 88.24542 -999.0 -999.0 -999.0 -999.0 -999.0 309.06354058065233 -21.050775515285675 309.10055684751876 -20.961676415711665 49.08990206276228 89.11654414803786 -999.0 5400.0 -999.0 1 173 {-999.0 -999.0 -999.0 -999.0 -999.0} "" -999.0 -999.0 -999.0 -999.0 -999 -999 "" "" "" "" 0 0 0.0 0.0 -999 ""
FIBERMAP 1165 R+13C8 METROLOGY 0 0 0 1 0 0 18.75970567488947 266.6654314001092 143.1 -267.31694139071755 -1.6087801476263983 90.29761 88.24542 -999.0 -999.0 -999.0 -999.0 -999.0 309.06561301778413 -21.051699051815927 309.1026820495607 -20.9625771929493 49.08836005761229 89.11889593619367 -999.0 6231.0 -999.0 -1 -999 {-999.0 -999.0 -999.0 -999.0 -999.0} "" -999.0 -999.0 -999.0 -999.0 -999 -999 "" "" "" "" 0 0 0.0 0.0 -999 ""
FIBERMAP 1166 R0C7 APOGEE 0 0 0 1 0 0 -146.67174187135674 16.04704991792436 143.1 -4.827238982793342 -147.46649003924588 99.612114 68.08004 -999.0 -999.0 -999.0 -999.0 -999.0 309.9152563573326 -21.498043188535927 309.952604230471 -21.40710749998528 48.49942155144665 90.16928155343356 -999.0 16600.0 -999.0 2 277 {-999.0 -999.0 -999.0 -999.0 -999.0} "" -999.0 -999.0 -999.0 -999.0 -999 -999 "" "" "" "" 0 0 0.0 0.0 -999 ""
FIBERMAP 1166 R0C7 BOSS 1 1 0 1 0 0 -145.98586576324143 15.801343162359416 143.1 -4.634496682950611 -146.763896608304 99.612114 68.08004 309.91607666015625 -21.49590533100543 -999.0 -999.0 -999.0 309.91607899735845 -21.495919693637518 309.9532298463979 -21.405048166077385 48.49816776839089 90.16666412793802 5400.0 5400.0 2015.5 1 450 {-999.0 -999.0 -999.0 -999.0 -999.0} "" -999.0 -999.0 -999.0 -999.0 27021603186173775 815794215 "" ops_sky_boss_good ops_sky sky_boss 0 0 0.0 0.0 -999 ""
FIBERMAP 1166 R0C7 METROLOGY 0 0 0 1 0 0 -146.56634768241034 15.314227012859611 143.1 -4.104581477565773 -147.30557887409248 99.612114 68.08004 -999.0 -999.0 -999.0 -999.0 -999.0 309.9177485441788 -21.49759731324091 309.95495568242995 -21.40670364576638 48.497226668707555 90.16984280101906 -999.0 6231.0 -999.0 -1 -999 {-999.0 -999.0 -999.0 -999.0 -999.0} "" -999.0 -999.0 -999.0 -999.0 -999 -999 "" "" "" "" 0 0 0.0 0.0 -999 ""
FIBERMAP 1171 R+5C19 APOGEE 0 0 0 1 0 0 158.6124462393204 112.59170024918159 143.1 -124.3460310641631 149.5730569538893 158.69925 74.22289 -999.0 -999.0 -999.0 -999.0 -999.0 309.53043311296733 -20.596175108642665 309.5661061443046 -20.506257017603694 48.521201361811485 88.70474497325176 -999.0 16600.0 -999.0 2 -999 {-999.0 -999.0 -999.0 -999.0 -999.0} "" -999.0 -999.0 -999.0 -999.0 -999 -999 "" "" "" "" 0 0 0.0 0.0 -999 ""
FIBERMAP 1171 R+5C19 BOSS 1 1 0 1 0 0 159.06482447466715 113.21600934759198 143.1 -125.00298062747821 149.97655810934518 158.69925 74.22289 309.52851555656747 -20.59474582469858 -18.075293 -24.658974 0.83827436 309.528468867732 -20.59483902633937 309.5639520876473 -20.504993081689825 48.522631031021895 88.70187070244941 5400.0 5400.0 2016.0 1 212 {-999.0 17.889133 17.03349 16.772722 -999.0} sdss_psfmag_ps1 17.635326 17.074123 16.382524 14.915 63050396543901023 1072837590 bright_1x1 mwm_halo_local_high_boss_single mwm_halo science 0 0 0.0 0.0 -999 ""
FIBERMAP 1171 R+5C19 METROLOGY 0 0 0 1 0 0 159.3548279295395 112.50022542847378 143.1 -124.31137541478705 150.320242272907 158.69925 74.22289 -999.0 -999.0 -999.0 -999.0 -999.0 309.5306400822475 -20.59380328943433 309.5661721809528 -20.503934263917696 48.52031013582768 88.70150519529392 -999.0 6231.0 -999.0 -1 -999 {-999.0 -999.0 -999.0 -999.0 -999.0} "" -999.0 -999.0 -999.0 -999.0 -999 -999 "" "" "" "" 0 0 0.0 0.0 -999 ""
FIBERMAP 1173 R-8C17 APOGEE 1 1 0 1 0 0 152.6524091020575 -170.77005657920589 143.1 158.64351124701392 165.21606089257494 275.70145 93.7 310.44626897737663 -20.550628038903245 -1.0256969 -6.7542567 0.1615402 310.44626837779674 -20.55064229962894 310.480890720532 -20.45900142416078 47.704418903513094 89.09950254565399 16000.0 16600.0 2016.0 2 221 {-999.0 13.102425 12.138046 11.739929 -999.0} sdss_psfmag_from_g3xp 12.789318 12.148712 11.378364 9.661 63050396543879110 1156316442 bright_1x1 mwm_galactic_core_dist_apogee_extra mwm_galactic science 0 0 0.0 0.0 -999 ""
FIBERMAP 1173 R-8C17 BOSS 0 0 0 1 0 0 151.9011947598785 -170.85660580603783 143.1 158.78703340403712 164.47363002278 275.70145 93.7 -999.0 -999.0 -999.0 -999.0 -999.0 310.44696324838475 -20.552787502752007 310.4813955721347 -20.461214655035608 47.70477252474722 89.1028243426552 -999.0 5400.0 -999.0 1 319 {-999.0 -999.0 -999.0 -999.0 -999.0} "" -999.0 -999.0 -999.0 -999.0 -999 -999 "" "" "" "" 0 0 0.0 0.0 -999 ""
FIBERMAP 1173 R-8C17 METROLOGY 0 0 0 1 0 0 152.2125530104877 -170.1714359512103 143.1 158.08014302986533 164.7318861898578 275.70145 93.7 -999.0 -999.0 -999.0 -999.0 -999.0 310.4446520712941 -20.551997101599504 310.4791400464037 -20.460409009590666 47.70645530452985 89.10057900696955 -999.0 6231.0 -999.0 -1 -999 {-999.0 -999.0 -999.0 -999.0 -999.0} "" -999.0 -999.0 -999.0 -999.0 -999 -999 "" "" "" "" 0 0 0.0 0.0 -999 ""
FIBERMAP 1175 R-8C4 APOGEE 0 0 0 1 0 0 -130.9600206451149 -133.75788394177104 143.1 143.34401772178532 -120.38888349258052 152.67226 24.951675 -999.0 -999.0 -999.0 -999.0 -999.0 310.39797322720915 -21.415893828194402 310.4346177923628 -21.324070250752765 48.0493561897935 90.28406097407003 -999.0 16600.0 -999.0 2 -999 {-999.0 -999.0 -999.0 -999.0 -999.0} "" -999.0 -999.0 -999.0 -999.0 -999 -999 "" "" "" "" 0 0 0.0 0.0 -999 ""
FIBERMAP 1175 R-8C4 BOSS 1 1 0 1 0 0 -130.23276126833335 -133.78167029188342 143.1 143.31233424135007 -119.66193270101644 152.67226 24.951675 310.39813334285697 -21.41356725348653 -6.2963862 -34.00398 0.69059044 310.39811752420394 -21.413667011486403 310.4345627687986 -21.321910239761657 48.04865987843177 90.2810013502704 5400.0 5400.0 2016.0 1 490 {-999.0 15.975079 15.521664 15.366686 -999.0} sdss_psfmag_ps1 15.840717 15.507338 15.000317 14.089 63050396543793294 1072895564 bright_1x1 mwm_halo_local_high_boss_single mwm_halo science 0 0 0.0 0.0 -999 ""
FIBERMAP 1175 R-8C4 METROLOGY 0 0 0 1 0 0 -130.60993218259512 -134.41889550385346 143.1 143.9764331852865 -119.9894619151541 152.67226 24.951675 -999.0 -999.0 -999.0 -999.0 -999.0 310.4002389093391 -21.414686716152715 310.43673920640776 -21.322906815336825 48.04710011116269 90.28344601574281 -999.0 6231.0 -999.0 -1 -999 {-999.0 -999.0 -999.0 -999.0 -999.0} "" -999.0 -999.0 -999.0 -999.0 -999 -999 "" "" "" "" 0 0 0.0 0.0 -999 ""
FIBERMAP 1180 R+3C19 APOGEE 0 0 0 1 0 0 138.76666855446433 64.1787418595283 143.1 -74.56244346858219 133.4731023755404 98.62403 150.84639 -999.0 -999.0 -999.0 -999.0 -999.0 309.6912374332714 -20.64523186125237 309.72685792457935 -20.554991185855123 48.398122810948266 88.85470547611715 -999.0 16600.0 -999.0 2 -999 {-999.0 -999.0 -999.0 -999.0 -999.0} "" -999.0 -999.0 -999.0 -999.0 -999 -999 "" "" "" "" 0 0 0.0 0.0 -999 ""
FIBERMAP 1180 R+3C19 BOSS 1 1 0 1 0 0 139.06815564934553 64.88918775995535 143.1 -75.29378423237142 133.71959071484264 98.62403 150.84639 309.68902758612444 -20.644335287207962 -0.9109235 -3.9933944 0.18989024 309.6890276796629 -20.64435519123548 309.7244587339824 -20.5541870937904 48.39993264915189 88.85236359735262 5400.0 5400.0 2016.0 1 225 {-999.0 17.182693 16.566422 16.336958 -999.0} sdss_psfmag_ps1 16.993359 16.572794 15.977042 14.758 63050396543881921 1071084607 bright_1x1 mwm_halo_vmp_xp_boss_single mwm_halo science 0 0 0.0 0.0 -999 ""
FIBERMAP 1180 R+3C19 METROLOGY 0 0 0 1 0 0 139.5046894494397 64.3004931444326 143.1 -74.74006000284272 134.1996966789495 98.62403 150.84639 -999.0 -999.0 -999.0 -999.0 -999.0 309.6907662738952 -20.64290943505914 309.72624597526396 -20.5527191899934 48.397844634040986 88.85120136248815 -999.0 6231.0 -999.0 -1 -999 {-999.0 -999.0 -999.0 -999.0 -999.0} "" -999.0 -999.0 -999.0 -999.0 -999 -999 "" "" "" "" 0 0 0.0 0.0 -999 ""
FIBERMAP 1181 R-7C8 APOGEE 1 1 0 1 0 0 -62.46455345692361 -148.95888725924758 143.1 153.28291499679483 -50.93516933620838 254.48108 105.965515 310.4303763330293 -21.205442841082924 1.3574519 8.170428 2.3853111 310.4303749362634 -21.20541883470042 310.4665037125475 -21.11360058671458 47.948561572955754 90.00438966490418 16000.0 16600.0 2016.0 2 270 {-999.0 11.997107 11.670535 11.595935 -999.0} sdss_psfmag_from_g3xp 11.953926 11.689991 11.268702 10.607 63050396543795623 1094146837 bright_1x1 mwm_bin_vis_apogee mwm_filler science 0 0 0.0 0.0 -999 ""
FIBERMAP 1181 R-7C8 BOSS 0 0 0 1 0 0 -63.2055239510746 -148.79196282991768 143.1 153.17292223570377 -51.68669510254972 254.48108 105.965515 -999.0 -999.0 -999.0 -999.0 -999.0 310.43027945689073 -21.207651961401513 310.4662192317387 -21.11590047464542 47.94961115543466 90.00747057061017 -999.0 5400.0 -999.0 1 372 {-999.0 -999.0 -999.0 -999.0 -999.0} "" -999.0 -999.0 -999.0 -999.0 -999 -999 "" "" "" "" 0 0 0.0 0.0 -999 ""
FIBERMAP 1181 R-7C8 METROLOGY 0 0 0 1 0 0 -62.693503436375025 -148.24816351927925 143.1 152.5917043350311 -51.21759257592243 254.48108 105.965515 -999.0 -999.0 -999.0 -999.0 -999.0 310.4283580671635 -21.206258249268405 310.464351747181 -21.11449175346666 47.9507537434642 90.0045932729048 -999.0 6231.0 -999.0 -1 -999 {-999.0 -999.0 -999.0 -999.0 -999.0} "" -999.0 -999.0 -999.0 -999.0 -999 -999 "" "" "" "" 0 0 0.0 0.0 -999 ""
FIBERMAP 1188 R+1C9 APOGEE 1 1 0 1 0 0 -84.51978296065565 5.935111819401369 143.1 0.5206616297842506 -84.72545759142044 23.266956 38.642933 309.9331371474908 -21.30796658634588 0.36036068 -0.14811964 1.0407861 309.93313241650264 -21.307969376737724 309.97002333617627 -21.217059415929786 48.41866035741481 89.9087114528648 16000.0 16600.0 2016.0 2 28 {-999.0 11.161466 10.43415 10.157839 -999.0} sdss_psfmag_from_g3xp 10.961157 10.4676895 9.811756 8.479 63050396543863619 1108592862 bright_1x1 mwm_tess_rgb_apogee mwm_tessrgb science 0 0 0.0 0.0 -999 ""
FIBERMAP 1188 R+1C9 BOSS 0 0 0 1 0 0 -84.85123577031437 5.2833424676515826 143.1 1.195779635039711 -85.00629407716886 23.266956 38.642933 -999.0 -999.0 -999.0 -999.0 -999.0 309.9355232200842 -21.308809684976648 309.9722222399374 -21.217960778418735 48.41704971994917 89.91105544440563 -999.0 5400.0 -999.0 1 46 {-999.0 -999.0 -999.0 -999.0 -999.0} "" -999.0 -999.0 -999.0 -999.0 -999 -999 "" "" "" "" 0 0 0.0 0.0 -999 ""
FIBERMAP 1188 R+1C9 METROLOGY 0 0 0 1 0 0 -85.25760602796103 5.887726011751482 143.1 0.6241144533878616 -85.45751958665528 23.266956 38.642933 -999.0 -999.0 -999.0 -999.0 -999.0 309.9336021651651 -21.310201612899203 309.9703606406887 -21.219337247770085 48.419154493888975 89.91209518167648 -999.0 6231.0 -999.0 -1 -999 {-999.0 -999.0 -999.0 -999.0 -999.0} "" -999.0 -999.0 -999.0 -999.0 -999 -999 "" "" "" "" 0 0 0.0 0.0 -999 ""
FIBERMAP 1191 R0C18 APOGEE 0 0 0 1 0 0 89.30491104162087 10.269328394315105 143.1 -17.042369513647955 88.26222663924034 67.28712 140.76346 -999.0 -999.0 -999.0 -999.0 -999.0 309.8772934793567 -20.782642997194422 309.91303659001983 -20.692004669803623 48.28420995559975 89.14078410895263 -999.0 16600.0 -999.0 2 -999 {-999.0 -999.0 -999.0 -999.0 -999.0} "" -999.0 -999.0 -999.0 -999.0 -999 -999 "" "" "" "" 0 0 0.0 0.0 -999 ""
FIBERMAP 1191 R0C18 BOSS 1 1 0 1 0 0 89.97492318039446 10.608729202447565 143.1 -17.431820237368296 88.90443058933006 67.28712 140.76346 309.8762129874658 -20.780532838422918 0.9255016 -9.012668 0.17907721 309.87621485693114 -20.780573679751832 309.9117635199103 -20.69000596142806 48.28461255022792 89.13734043723184 5400.0 5400.0 2016.0 1 252 {-999.0 15.719833 14.947465 14.643084 -999.0} sdss_psfmag_from_g3xp 15.501073 14.972788 14.291041 12.851 63050396543880277 1061643714 bright_1x1 manual_mwm_halo_distant_kgiant_near_boss_single mwm_halo science 0 0 0.0 0.0 -999 ""
FIBERMAP 1191 R0C18 METROLOGY 0 0 0 1 0 0 89.93333994465772 9.863649542729288 143.1 -16.685745409405186 88.91972657328004 67.28712 140.76346 -999.0 -999.0 -999.0 -999.0 -999.0 309.8785825437886 -20.780543120178585 309.9141827478568 -20.689951670284845 48.28247791029466 89.138473341203 -999.0 6231.0 -999.0 -1 -999 {-999.0 -999.0 -999.0 -999.0 -999.0} "" -999.0 -999.0 -999.0 -999.0 -999 -999 "" "" "" "" 0 0 0.0 0.0 -999 ""
FIBERMAP 1195 R-8C11 APOGEE 0 0 0 1 0 0 30.299585966048916 -137.22315028488146 143.1 134.51489887737497 40.664492509264214 116.02475 58.445526 -999.0 -999.0 -999.0 -999.0 -999.0 310.3692992644198 -20.92762223396211 310.4048590898892 -20.836006812452172 47.905151931573 89.58629587884354 -999.0 16600.0 -999.0 2 -999 {-999.0 -999.0 -999.0 -999.0 -999.0} "" -999.0 -999.0 -999.0 -999.0 -999 -999 "" "" "" "" 0 0 0.0 0.0 -999 ""
FIBERMAP 1195 R-8C11 BOSS 1 1 0 1 0 0 31.041648137003087 -137.29498983953224 143.1 134.53000085367793 41.409863484037785 116.02475 58.445526 310.3696105164302 -20.9252404349414 -5.407813 -17.021456 0.53892136 310.3696063649975 -20.92527400528286 310.4049667443053 -20.833727068137748 47.904253166437364 89.58316696396253 5400.0 5400.0 2016.0 1 396 {-999.0 16.122278 15.721339 15.607785 -999.0} sdss_psfmag_ps1 16.018503 15.710871 15.190206 -999.0 63050396543876342 1072837578 bright_1x1 mwm_halo_local_high_boss_single mwm_halo science 0 0 0.0 0.0 -999 ""
FIBERMAP 1195 R-8C11 METROLOGY 0 0 0 1 0 0 30.603561462624008 -137.90659531871958 143.1 135.17319515031593 41.019644493661325 116.02475 58.445526 -999.0 -999.0 -999.0 -999.0 -999.0 310.37165401950364 -20.926472512846868 310.407069876494 -20.83490197604632 47.90282874743586 89.58584165898338 -999.0 6231.0 -999.0 -1 -999 {-999.0 -999.0 -999.0 -999.0 -999.0} "" -999.0 -999.0 -999.0 -999.0 -999 -999 "" "" "" "" 0 0 0.0 0.0 -999 ""
FIBERMAP 1196 R-12C2 APOGEE 0 0 0 1 0 0 -148.29623316983145 -240.67328060811803 143.1 251.26828960276987 -129.53004720214577 230.00403 95.2107 -999.0 -999.0 -999.0 -999.0 -999.0 310.7473427670635 -21.441912487582325 310.78367142200943 -21.34942440764494 47.752853961514155 90.48660381084136 -999.0 16600.0 -999.0 2 153 {-999.0 -999.0 -999.0 -999.0 -999.0} "" -999.0 -999.0 -999.0 -999.0 -999 -999 "" "" "" "" 0 0 0.0 0.0 -999 ""
FIBERMAP 1196 R-12C2 BOSS 1 1 0 1 0 0 -148.92469207827688 -240.29299412252834 143.1 250.93698611061671 -130.18564273857416 230.00403 95.2107 310.7464531143501 -21.44379988858069 2.465416 -3.4578211 0.070318334 310.7464463524214 -21.44381979445105 310.7825841693103 -21.351399766579394 47.75448467882507 90.48884391609471 5400.0 5400.0 2016.0 1 434 {-999.0 15.101689 14.092545 13.703665 -999.0} sdss_psfmag_from_g3xp 14.76217 14.110443 13.336245 11.564 63050396543789332 1061643658 bright_1x1 manual_mwm_halo_distant_kgiant_near_boss_single mwm_halo science 0 0 0.0 0.0 -999 ""
FIBERMAP 1196 R-12C2 METROLOGY 0 0 0 1 0 0 -148.24796123141977 -239.9350660858526 143.1 250.52855036910103 -129.53815102057226 230.00403 95.2107 -999.0 -999.0 -999.0 -999.0 -999.0 310.74513063541303 -21.441920012112526 310.78132113570837 -21.34948407104613 47.75492971513097 90.48556631433507 -999.0 6231.0 -999.0 -1 -999 {-999.0 -999.0 -999.0 -999.0 -999.0} "" -999.0 -999.0 -999.0 -999.0 -999 -999 "" "" "" "" 0 0 0.0 0.0 -999 ""
FIBERMAP 1197 R-12C11 APOGEE 0 0 0 1 0 0 65.67479432045809 -252.44884328567053 143.1 246.7098352102294 84.7141063939707 313.93076 58.94625 -999.0 -999.0 -999.0 -999.0 -999.0 310.73109608247074 -20.794092495012737 310.76597080224974 -20.701839867213753 47.541874955230696 89.57746261832688 -999.0 16600.0 -999.0 2 -999 {-999.0 -999.0 -999.0 -999.0 -999.0} "" -999.0 -999.0 -999.0 -999.0 -999 -999 "" "" "" "" 0 0 0.0 0.0 -999 ""
FIBERMAP 1197 R-12C11 BOSS 1 1 0 1 0 0 64.93727153635646 -252.6020150231057 143.1 246.91874263594408 83.99040226641026 313.93076 58.94625 310.7319683779654 -20.79620845622658 2.1641095 -1.907089 0.15366536 310.73198146407384 -20.79620868534759 310.7666641308724 -20.704023336395192 47.54204402685271 89.5808275104597 5400.0 5400.0 2016.0 1 369 {-999.0 15.722092 14.960485 14.63145 -999.0} sdss_psfmag_from_g3xp 15.499691 14.971698 14.278854 12.82 63050396543799117 1061643677 bright_1x1 manual_mwm_halo_distant_kgiant_near_boss_single mwm_halo science 0 0 0.0 0.0 -999 ""
FIBERMAP 1197 R-12C11 METROLOGY 0 0 0 1 0 0 65.16704046958144 -251.8995853829363 143.1 246.20085803639432 84.16599221653676 313.93076 58.94625 -999.0 -999.0 -999.0 -999.0 -999.0 310.7296649179818 -20.795682826063583 310.76440437200154 -20.70348225204499 47.54382796361713 89.57896624538859 -999.0 6231.0 -999.0 -1 -999 {-999.0 -999.0 -999.0 -999.0 -999.0} "" -999.0 -999.0 -999.0 -999.0 -999 -999 "" "" "" "" 0 0 0.0 0.0 -999 ""
FIBERMAP 1199 R+1C1 APOGEE 0 0 0 1 0 0 -287.34289070983425 22.088104946449562 143.1 -0.13476625480115476 -288.1876565381476 84.87259 169.46252 -999.0 -999.0 -999.0 -999.0 -999.0 309.92957695167445 -21.92180565495175 309.9678894314468 -21.83070997720388 48.629847466087874 90.77866665354424 -999.0 16600.0 -999.0 2 10 {-999.0 -999.0 -999.0 -999.0 -999.0} "" -999.0 -999.0 -999.0 -999.0 -999 -999 "" "" "" "" 0 0 0.0 0.0 -999 ""
FIBERMAP 1199 R+1C1 BOSS 1 1 0 1 0 0 -287.1800706613558 22.83346397196547 143.1 -0.8903550967046756 -288.0820904956347 84.87259 169.46252 309.92733166181205 -21.9213843866278 -2.664882 -3.5811803 2.9604576 309.92730760049614 -21.921389631350472 309.96543009521395 -21.830361749268963 48.6318810042511 90.7770105873962 5400.0 5400.0 2016.0 1 12 {-999.0 21.891796 20.48249 19.008547 -999.0} sdss_psfmag_ps1 20.943964 19.73961 18.536419 16.357 63050396543780856 1096502810 bright_1x1 mwm_bin_vis_boss mwm_filler science 0 0 0.0 0.0 -999 ""
FIBERMAP 1199 R+1C1 METROLOGY 0 0 0 1 0 0 -286.6307305451943 22.304799148196835 143.1 -0.4050788750762075 -287.4940800310828 84.87259 169.46252 -999.0 -999.0 -999.0 -999.0 -999.0 309.92883830051824 -21.919710654121733 309.9670095097209 -21.828662440711845 48.629929395683426 90.77533353063382 -999.0 6231.0 -999.0 -1 -999 {-999.0 -999.0 -999.0 -999.0 -999.0} "" -999.0 -999.0 -999.0 -999.0 -999 -999 "" "" "" "" 0 0 0.0 0.0 -999 ""
FIBERMAP 1204 R+8C11 APOGEE 0 0 0 1 0 0 5.538738506016305 153.2134282705828 143.1 -153.18860988070008 -6.148758429837302 215.17258 85.86511 -999.0 -999.0 -999.0 -999.0 -999.0 309.4339771797493 -21.067702107265866 309.47083625247035 -20.97782024276449 48.77179302935626 89.32421686629345 -999.0 16600.0 -999.0 2 -999 {-999.0 -999.0 -999.0 -999.0 -999.0} "" -999.0 -999.0 -999.0 -999.0 -999 -999 "" "" "" "" 0 0 0.0 0.0 -999 ""
FIBERMAP 1204 R+8C11 BOSS 1 1 0 1 0 0 5.169100800181479 153.83299868326696 143.1 -153.77821582615357 -6.564515383954669 215.17258 85.86511 309.43214626565987 -21.06892172815586 8.742787 9.057258 2.2313178 309.43217679559814 -21.06889072239936 309.46885217673014 -20.979077769830372 48.77396892798568 89.32501808226857 5400.0 5400.0 2016.0 1 140 {-999.0 20.564589 19.017853 17.947012 -999.0} sdss_psfmag_ps1 19.827345 18.613201 17.513084 15.317 63050396543870466 1094432419 bright_1x1 mwm_bin_vis_boss mwm_filler science 0 0 0.0 0.0 -999 ""
FIBERMAP 1204 R+8C11 METROLOGY 0 0 0 1 0 0 5.902336065836302 153.86710634983055 143.1 -153.86807974017745 -5.83601632354047 215.17258 85.86511 -999.0 -999.0 -999.0 -999.0 -999.0 309.43182510220004 -21.066698467868747 309.46854914609014 -20.97686822698497 48.77345906819257 89.32172773719282 -999.0 6231.0 -999.0 -1 -999 {-999.0 -999.0 -999.0 -999.0 -999.0} "" -999.0 -999.0 -999.0 -999.0 -999 -999 "" "" "" "" 0 0 0.0 0.0 -999 ""
FIBERMAP 1205 R-2C3 APOGEE 1 0 1 1 0 0 -223.31038138256977 -30.968049444256195 143.1 47.88887815858139 -220.30019332099624 11.096702 169.514 310.1004381099297 -21.687472587925868 -7.9749465 0.49485883 0.22501938 310.0866112884292 -21.71810047484852 310.12428400838326 -21.62677043955206 48.42425277919494 90.56284610683542 16000.0 16600.0 2016.0 2 288 {-999.0 13.243188 12.38826 12.034237 -999.0} sdss_psfmag_from_g3xp 12.982904 12.40284 11.677822 10.112 63050396543784161 1153162452 bright_1x1 mwm_galactic_core_dist_apogee_sparse mwm_galactic science 0 0 0.0 0.0 -999 ""
FIBERMAP 1205 R-2C3 BOSS 0 0 1 1 0 0 -222.56457485014445 -31.012513229955367 143.1 47.87639895440327 -219.55317430795986 11.096702 169.514 -999.0 -999.0 -999.0 -999.0 -999.0 310.0867783106299 -21.7158263626815 310.12425327971357 -21.62456123126826 48.42352991576408 90.55970001075906 -999.0 5400.0 -999.0 1 473 {-999.0 -999.0 -999.0 -999.0 -999.0} "" -999.0 -999.0 -999.0 -999.0 -999 -999 "" "" "" "" 0 0 0.0 0.0 -999 ""
FIBERMAP 1205 R-2C3 METROLOGY 0 0 1 1 0 0 -222.99922474847818 -31.649136512293218 143.1 48.54427630326047 -219.9380607608827 11.096702 169.514 -999.0 -999.0 -999.0 -999.0 -999.0 310.0889056684605 -21.71703726642102 310.12643564293785 -21.62574944124235 48.42202481525006 90.56242171781037 -999.0 6231.0 -999.0 -1 -999 {-999.0 -999.0 -999.0 -999.0 -999.0} "" -999.0 -999.0 -999.0 -999.0 -999 -999 "" "" "" "" 0 0 0.0 0.0 -999 ""
FIBERMAP 1206 R0C2 APOGEE 1 1 0 1 0 0 -278.59773153196284 15.3809991954376 143.1 5.886602340551105 -278.9570691625406 159.29749 74.54882 309.94924855874945 -21.894179196913882 0.42935047 1.2629253 0.81698406 309.9492638604774 -21.894200121007078 309.9874912031778 -21.80307565086597 48.603422788507636 90.74854440255149 16000.0 16600.0 2016.0 2 253 {-999.0 12.093058 11.095734 10.765038 -999.0} sdss_psfmag_from_g3xp 11.761612 11.148465 10.405491 8.836 63050396543783275 1106564131 bright_1x1 mwm_tess_rgb_apogee mwm_tessrgb science 0 0 0.0 0.0 -999 ""
FIBERMAP 1206 R0C2 BOSS 0 0 0 1 0 0 -278.15088755438785 16.001234844337723 143.1 5.234135932720839 -278.55877582457737 159.29749 74.54882 -999.0 -999.0 -999.0 -999.0 -999.0 309.9473320113293 -21.89292222937002 309.98536690243236 -21.801865337186456 48.60487334024863 90.74581773314685 -999.0 5400.0 -999.0 1 522 {-999.0 -999.0 -999.0 -999.0 -999.0} "" -999.0 -999.0 -999.0 -999.0 -999 -999 "" "" "" "" 0 0 0.0 0.0 -999 ""
FIBERMAP 1206 R0C2 METROLOGY 0 0 0 1 0 0 -277.8536732955482 15.309982050974055 143.1 5.900732250290875 -278.20977059126085 159.29749 74.54882 -999.0 -999.0 -999.0 -999.0 -999.0 309.9494535915709 -21.891953597501907 309.98753823779975 -21.8008749845745 48.60264168438595 90.74543245778591 -999.0 6231.0 -999.0 -1 -999 {-999.0 -999.0 -999.0 -999.0 -999.0} "" -999.0 -999.0 -999.0 -999.0 -999 -999 "" "" "" "" 0 0 0.0 0.0 -999 ""
FIBERMAP 1209 R-2C21 APOGEE 0 0 0 1 0 0 182.67494304279384 -50.72922123678259 143.1 36.6656655998002 186.0066977618732 278.96036 123.56018 -999.0 -999.0 -999.0 -999.0 -999.0 310.0519708502805 -20.487114432019855 310.0868580180195 -20.39623807903276 48.02635194932115 88.8141529788158 -999.0 16600.0 -999.0 2 218 {-999.0 -999.0 -999.0 -999.0 -999.0} "" -999.0 -999.0 -999.0 -999.0 -999 -999 "" "" "" "" 0 0 0.0 0.0 -999 ""
FIBERMAP 1209 R-2C21 BOSS 1 1 0 1 0 0 182.1445171387147 -51.26578186113609 143.1 37.241067989175356 185.51869209094758 278.96036 123.56018 310.0540162275208 -20.488422966503222 3.420058 -10.627362 0.44132233 310.05403645705314 -20.488463667208126 310.08873275032863 -20.39765244318402 48.02522266765463 88.81707263402882 5400.0 5400.0 2016.0 1 310 {-999.0 17.18158 16.866648 16.770315 -999.0} sdss_psfmag_ps1 17.095837 16.845774 16.440538 15.686 63050396543883327 944753919 bright_1x1 openfibertargets_nov2020_6c open_fiber science 0 0 0.0 0.0 -999 ""
FIBERMAP 1209 R-2C21 METROLOGY 0 0 0 1 0 0 181.95530463338312 -50.53961689831311 143.1 36.531434044875134 185.27471419113286 278.96036 123.56018 -999.0 -999.0 -999.0 -999.0 -999.0 310.0516905052249 -20.48919026829542 310.08644524451677 -20.39836356581092 48.02747893363241 88.81690899545413 -999.0 6231.0 -999.0 -1 -999 {-999.0 -999.0 -999.0 -999.0 -999.0} "" -999.0 -999.0 -999.0 -999.0 -999 -999 "" "" "" "" 0 0 0.0 0.0 -999 ""
FIBERMAP 1210 R-3C6 APOGEE 0 0 0 1 0 0 -159.31985758538588 -42.47306150450174 143.1 54.4857343276445 -155.61983665082164 189.90265 43.50581 -999.0 -999.0 -999.0 -999.0 -999.0 310.10857904080854 -21.52290168977996 310.14577844155315 -21.431591286596447 48.33889167527674 90.29686088767244 -999.0 16600.0 -999.0 2 -999 {-999.0 -999.0 -999.0 -999.0 -999.0} "" -999.0 -999.0 -999.0 -999.0 -999 -999 "" "" "" "" 0 0 0.0 0.0 -999 ""
FIBERMAP 1210 R-3C6 BOSS 1 1 0 1 0 0 -158.87483818498424 -41.86810771432464 143.1 53.84864421025722 -155.22219844297547 189.90265 43.50581 310.1066996426118 -21.52160606959416 4.962831 -29.818651 0.6249493 310.106720947958 -21.521696099236717 310.14372717726417 -21.430454934241684 48.34029596549732 90.29427033242354 5400.0 5400.0 2016.0 1 475 {-999.0 14.37538 14.147141 14.076227 -999.0} sdss_psfmag_from_g3xp 14.362999 14.13306 13.750586 13.064 63050396543785616 1072479954 bright_1x1 mwm_halo_local_high_boss_single mwm_halo science 0 0 0.0 0.0 -999 ""
FIBERMAP 1210 R-3C6 METROLOGY 0 0 0 1 0 0 -158.5759702207918 -42.551354579504455 143.1 54.507131969113246 -154.87215419420733 189.90265 43.50581 -999.0 -999.0 -999.0 -999.0 -999.0 310.1088221267739 -21.520674489440893 310.14587827286005 -21.429411154009447 48.33805711499313 90.29382774854975 -999.0 6231.0 -999.0 -1 -999 {-999.0 -999.0 -999.0 -999.0 -999.0} "" -999.0 -999.0 -999.0 -999.0 -999 -999 "" "" "" "" 0 0 0.0 0.0 -999 ""
FIBERMAP 1211 R-11C11 APOGEE 1 1 0 1 0 0 39.0316983386443 -208.27371947437075 143.1 204.69311066515786 54.78356634149086 196.53589 78.08335 310.5961664713477 -20.884693804365938 13.813594 -17.284445 1.0883846 310.59620528436085 -20.8847337003325 310.63142809601766 -20.792705139534267 47.6917280040968 89.63736886205447 16000.0 16600.0 2016.0 2 182 {-999.0 11.401179 10.459995 10.136756 -999.0} sdss_psfmag_from_g3xp 11.09912 10.50871 9.781038 8.264 63050396543876733 1108543366 bright_1x1 mwm_tess_rgb_apogee mwm_tessrgb science 0 0 0.0 0.0 -999 ""
FIBERMAP 1211 R-11C11 BOSS 0 0 0 1 0 0 38.9078687620119 -207.54543860133344 143.1 203.97638630164505 54.60461954156822 196.53589 78.08335 -999.0 -999.0 -999.0 -999.0 -999.0 310.59414082935257 -20.885195843905922 310.62917177198653 -20.793239962894436 47.69389020855984 89.63700392116635 -999.0 5400.0 -999.0 1 375 {-999.0 -999.0 -999.0 -999.0 -999.0} "" -999.0 -999.0 -999.0 -999.0 -999 -999 "" "" "" "" 0 0 0.0 0.0 -999 ""
FIBERMAP 1211 R-11C11 METROLOGY 0 0 0 1 0 0 39.61246537345471 -207.80317898845414 143.1 204.17970107239628 55.32679557672479 196.53589 78.08335 -999.0 -999.0 -999.0 -999.0 -999.0 310.5947658447311 -20.88301947365202 310.62984647308997 -20.791043576404206 47.69252349065154 89.6342830663765 -999.0 6231.0 -999.0 -1 -999 {-999.0 -999.0 -999.0 -999.0 -999.0} "" -999.0 -999.0 -999.0 -999.0 -999 -999 "" "" "" "" 0 0 0.0 0.0 -999 ""
FIBERMAP 1214 R+5C1 APOGEE 1 1 0 1 0 0 -224.0787468386939 108.88724826863802 143.1 -91.50009452825762 -231.72008234089466 70.89544 90.65599 309.63223864088394 -21.751153105399982 0.019855564 0.6358099 1.1670699 309.6322404536907 -21.75116524663321 309.6704750498402 -21.660689759191676 48.83258662224543 90.39477019558666 16000.0 16600.0 2016.0 2 1 {-999.0 10.823531 10.069609 9.795483 -999.0} sdss_psfmag_from_g3xp 10.613351 10.110513 9.448379 8.165 63050396543859864 1108032764 bright_1x1 mwm_tess_rgb_apogee mwm_tessrgb science 0 0 0.0 0.0 -999 ""
FIBERMAP 1214 R+5C1 BOSS 0 0 0 1 0 0 -223.32883253312903 108.67624293373586 143.1 -91.34683070685463 -230.95628088836557 70.89544 90.65599 -999.0 -999.0 -999.0 -999.0 -999.0 309.632925526087 -21.74882605263955 309.6709642770096 -21.65841345061426 48.83138784482586 90.39175049604518 -999.0 5400.0 -999.0 1 1 {-999.0 -999.0 -999.0 -999.0 -999.0} "" -999.0 -999.0 -999.0 -999.0 -999 -999 "" "" "" "" 0 0 0.0 0.0 -999 ""
FIBERMAP 1214 R+5C1 METROLOGY 0 0 0 1 0 0 -223.91036839441455 108.15353605399072 143.1 -90.78134826127248 -231.49630282633169 70.89544 90.65599 -999.0 -999.0 -999.0 -999.0 -999.0 309.63469285615986 -21.750518919329643 309.67278740616246 -21.6600844230841 48.83035953719478 90.39501064108276 -999.0 6231.0 -999.0 -1 -999 {-999.0 -999.0 -999.0 -999.0 -999.0} "" -999.0 -999.0 -999.0 -999.0 -999 -999 "" "" "" "" 0 0 0.0 0.0 -999 ""
FIBERMAP 1216 R-2C17 APOGEE 0 0 0 1 0 0 70.63251246192559 -47.63587814699736 143.1 42.11640396508129 74.05532126127282 265.09882 41.052258 -999.0 -999.0 -999.0 -999.0 -999.0 310.0693717292608 -20.826084005848706 310.10501433010404 -20.735067422696655 48.13163543406682 89.29687032832891 -999.0 16600.0 -999.0 2 211 {-999.0 -999.0 -999.0 -999.0 -999.0} "" -999.0 -999.0 -999.0 -999.0 -999 -999 "" "" "" "" 0 0 0.0 0.0 -999 ""
FIBERMAP 1216 R-2C17 BOSS 1 1 0 1 0 0 70.20093514341237 -47.038251883289846 143.1 41.553396560323534 73.57947693991811 265.09882 41.052258 310.06776831998366 -20.827397253641713 -3.364809 -6.3431644 0.5384034 310.0677599853939 -20.827414328068354 310.1032153447593 -20.736468480636248 48.13370544143751 89.2979389673236 5400.0 5400.0 2016.0 1 300 {-999.0 15.720854 15.398965 15.30961 -999.0} sdss_psfmag_ps1 15.640482 15.373284 14.9493885 14.209 63050396543875764 978599917 "" ops_std_boss ops_std standard_boss 0 0 0.0 0.0 -999 ""
FIBERMAP 1216 R-2C17 METROLOGY 0 0 0 1 0 0 70.94649421898004 -46.956445011192955 143.1 41.41503373169753 74.3166302914478 265.09882 41.052258 -999.0 -999.0 -999.0 -999.0 -999.0 310.0672622404233 -20.825189023760053 310.1027674360015 -20.734225528852555 48.133301532621076 89.29457410605141 -999.0 6231.0 -999.0 -1 -999 {-999.0 -999.0 -999.0 -999.0 -999.0} "" -999.0 -999.0 -999.0 -999.0 -999 -999 "" "" "" "" 0 0 0.0 0.0 -999 ""
FIBERMAP 1217 R-3C13 APOGEE 0 0 0 1 0 0 -4.778649203366982 -58.73506081843614 143.1 58.927823209767 -0.29045185693964076 201.41646 94.14807 -999.0 -999.0 -999.0 -999.0 -999.0 310.1238031158361 -21.05186258239357 310.1599051512994 -20.96067162858355 48.163223313180616 89.64038161348378 -999.0 16600.0 -999.0 2 169 {-999.0 -999.0 -999.0 -999.0 -999.0} "" -999.0 -999.0 -999.0 -999.0 -999 -999 "" "" "" "" 0 0 0.0 0.0 -999 ""
FIBERMAP 1217 R-3C13 BOSS 1 1 0 1 0 0 -5.157443222038328 -58.088745511444905 143.1 58.31224785426792 -0.7173757728572571 201.41646 94.14807 310.12207031249994 -21.053073903870327 -999.0 -999.0 -999.0 310.12203079417696 -21.05309106290744 310.15794516917947 -20.961970363792044 48.165392889829924 89.64124229158915 5400.0 5400.0 2015.5 1 407 {-999.0 -999.0 -999.0 -999.0 -999.0} "" -999.0 -999.0 -999.0 -999.0 27021603186175365 815794471 "" ops_sky_boss_good ops_sky sky_boss 0 0 0.0 0.0 -999 ""
FIBERMAP 1217 R-3C13 METROLOGY 0 0 0 1 0 0 -4.397535363169062 -58.09721126817764 143.1 58.26280138753624 0.04096122601343754 201.41646 94.14807 -999.0 -999.0 -999.0 -999.0 -999.0 310.1218230206691 -21.050806459178244 310.15778689162744 -20.959667812154205 48.16472347233472 89.63793181212196 -999.0 6231.0 -999.0 -1 -999 {-999.0 -999.0 -999.0 -999.0 -999.0} "" -999.0 -999.0 -999.0 -999.0 -999 -999 "" "" "" "" 0 0 0.0 0.0 -999 ""
FIBERMAP 1218 R0C17 APOGEE 0 0 0 1 0 0 85.5922479941906 10.98035585558807 143.1 -17.468504027192612 84.50622508361796 96.02249 34.392742 -999.0 -999.0 -999.0 -999.0 -999.0 309.87587698343964 -20.794033611173 309.9116476591789 -20.70339438065626 48.28947226642858 89.15608972893654 -999.0 16600.0 -999.0 2 111 {-999.0 -999.0 -999.0 -999.0 -999.0} "" -999.0 -999.0 -999.0 -999.0 -999 -999 "" "" "" "" 0 0 0.0 0.0 -999 ""
FIBERMAP 1218 R0C17 BOSS 1 1 0 1 0 0 86.06580850510574 10.422009884068743 143.1 -16.947860536005532 85.02093792506616 96.02249 34.392742 309.87778490530786 -20.792331896433417 -1.323624 -2.719277 0.1083056 309.877753212485 -20.79235862882027 309.91332726417227 -20.701784220059857 48.28743152913428 89.15466671348997 5400.0 5400.0 2016.0 1 189 {-999.0 16.99919 16.54002 16.367422 -999.0} sdss_psfmag_ps1 16.895348 16.544441 16.01939 14.988 63050396543880268 944166282 bright_1x1 openfibertargets_nov2020_6b open_fiber science 0 0 0.0 0.0 -999 ""
FIBERMAP 1218 R0C17 METROLOGY 0 0 0 1 0 0 85.33502449180227 10.28228060896096 143.1 -16.752869716464016 84.30292891212255 96.02249 34.392742 -999.0 -999.0 -999.0 -999.0 -999.0 309.87832465328273 -20.794549782808332 309.9139572104831 -20.703954359566158 48.28765177447367 89.15803000345625 -999.0 6231.0 -999.0 -1 -999 {-999.0 -999.0 -999.0 -999.0 -999.0} "" -999.0 -999.0 -999.0 -999.0 -999 -999 "" "" "" "" 0 0 0.0 0.0 -999 ""
FIBERMAP 1219 R+1C17 APOGEE 0 0 0 1 0 0 67.71858659073263 16.36763970088055 143.1 -21.478516714336735 66.27429271292283 180.23563 132.79636 -999.0 -999.0 -999.0 -999.0 -999.0 309.86268893192744 -20.849327862288302 309.8986000402998 -20.758696257240125 48.3205036376029 89.22731055916711 -999.0 16600.0 -999.0 2 -999 {-999.0 -999.0 -999.0 -999.0 -999.0} "" -999.0 -999.0 -999.0 -999.0 -999 -999 "" "" "" "" 0 0 0.0 0.0 -999 ""
FIBERMAP 1219 R+1C17 BOSS 1 1 0 1 0 0 67.21482303465571 16.940338382729134 143.1 -22.01117028702262 65.72837154589926 180.23563 132.79636 309.86114501953125 -20.8508626320602 -999.0 -999.0 -999.0 309.8611300160983 -20.85087375234978 309.8968555355526 -20.76031221021498 48.3226016400638 89.22871380374715 5400.0 5400.0 2015.5 1 199 {-999.0 -999.0 -999.0 -999.0 -999.0} "" -999.0 -999.0 -999.0 -999.0 27021603186176325 825563015 "" ops_sky_boss_good ops_sky sky_boss 0 0 0.0 0.0 -999 ""
FIBERMAP 1219 R+1C17 METROLOGY 0 0 0 1 0 0 67.94222898387568 17.081419986952774 143.1 -22.207252161572473 66.44290932815194 180.23563 132.79636 -999.0 -999.0 -999.0 -999.0 -999.0 309.86044290185504 -20.848716557807 309.8962182506665 -20.7581378551722 48.32238841069387 89.22533840303907 -999.0 6231.0 -999.0 -1 -999 {-999.0 -999.0 -999.0 -999.0 -999.0} "" -999.0 -999.0 -999.0 -999.0 -999 -999 "" "" "" "" 0 0 0.0 0.0 -999 ""
FIBERMAP 1220 R+1C3 APOGEE 0 0 0 1 0 0 -254.70153196669878 15.373410982929055 143.1 4.073826442467884 -255.12996862404523 240.63524 57.121407 -999.0 -999.0 -999.0 -999.0 -999.0 309.9435253661414 -21.822727132810833 309.98159337875563 -21.731635937441496 48.584514927350966 90.6440531882829 -999.0 16600.0 -999.0 2 38 {-999.0 -999.0 -999.0 -999.0 -999.0} "" -999.0 -999.0 -999.0 -999.0 -999 -999 "" "" "" "" 0 0 0.0 0.0 -999 ""
FIBERMAP 1220 R+1C3 BOSS 1 1 0 1 0 0 -255.04325563947958 16.00731427008187 143.1 3.4678030059759006 -255.51898477356437 240.63524 57.121407 309.94172750341363 -21.82384443628059 0.410656 -1.9555105 -0.17636785 309.94173916937393 -21.82383986464227 309.9796201626915 -21.73281549174687 48.58663843313908 90.6447966162163 5400.0 5400.0 2016.0 1 62 {-999.0 17.1937 17.898928 17.634138 -999.0} sdss_psfmag_ps1 17.991814 17.737513 17.25879 -999.0 63050396543784444 1070890563 bright_1x1 mwm_halo_distant_rrl_boss_single mwm_halo science 0 0 0.0 0.0 -999 ""
FIBERMAP 1220 R+1C3 METROLOGY 0 0 0 1 0 0 -254.29464373435914 16.002492728333348 143.1 3.415583442575209 -254.7721883969937 240.63524 57.121407 -999.0 -999.0 -999.0 -999.0 -999.0 309.9415204145468 -21.821661621824298 309.979450874451 -21.73062027933558 48.58604561940027 90.64159249689135 -999.0 6231.0 -999.0 -1 -999 {-999.0 -999.0 -999.0 -999.0 -999.0} "" -999.0 -999.0 -999.0 -999.0 -999 -999 "" "" "" "" 0 0 0.0 0.0 -999 ""
FIBERMAP 1221 R-8C13 APOGEE 0 0 0 1 0 0 62.05561749025883 -176.68005780070857 143.1 171.43767626230138 75.33363989427504 331.34967 21.232851 -999.0 -999.0 -999.0 -999.0 -999.0 310.4885958092866 -20.822525977926663 310.52379086811357 -20.730719264024216 47.763900007708486 89.49819915649653 -999.0 16600.0 -999.0 2 -999 {-999.0 -999.0 -999.0 -999.0 -999.0} "" -999.0 -999.0 -999.0 -999.0 -999 -999 "" "" "" "" 0 0 0.0 0.0 -999 ""
FIBERMAP 1221 R-8C13 BOSS 1 1 0 1 0 0 61.31389022497708 -176.58462580535166 143.1 171.39902512453372 74.58680564611745 331.34967 21.232851 310.48873901367193 -20.82467001136257 -999.0 -999.0 -999.0 310.4887317920896 -20.824695428201437 310.5237371781312 -20.732956752656584 47.76474050982576 89.50128497458047 5400.0 5400.0 2015.5 1 418 {-999.0 -999.0 -999.0 -999.0 -999.0} "" -999.0 -999.0 -999.0 -999.0 27021603186175778 815794490 "" ops_sky_boss_good ops_sky sky_boss 0 0 0.0 0.0 -999 ""
FIBERMAP 1221 R-8C13 METROLOGY 0 0 0 1 0 0 61.7700969490826 -175.98869954527038 143.1 170.77008399725253 74.99628624802807 331.34967 21.232851 -999.0 -999.0 -999.0 -999.0 -999.0 310.4866641940384 -20.823464103655677 310.52172407586147 -20.73171015778375 47.76605875953634 89.49855755208722 -999.0 6231.0 -999.0 -1 -999 {-999.0 -999.0 -999.0 -999.0 -999.0} "" -999.0 -999.0 -999.0 -999.0 -999 -999 "" "" "" "" 0 0 0.0 0.0 -999 ""
FIBERMAP 1223 R+13C7 APOGEE 0 0 0 1 0 0 -32.87115572154232 250.31953062907354 143.1 -247.08561566292946 -51.84391262357543 255.70958 25.55007 -999.0 -999.0 -999.0 -999.0 -999.0 309.12957144907375 -21.204197135915678 309.1670623180835 -21.114857483017467 49.085318011771456 89.36881960280613 -999.0 16600.0 -999.0 2 100 {-999.0 -999.0 -999.0 -999.0 -999.0} "" -999.0 -999.0 -999.0 -999.0 -999 -999 "" "" "" "" 0 0 0.0 0.0 -999 ""
FIBERMAP 1223 R+13C7 BOSS 1 1 0 1 0 0 -32.97427031916948 251.05888303439067 143.1 -247.81495728208768 -52.003048242359036 255.70958 25.55007 309.12736967194655 -21.20458659625549 10.840148 -4.9079385 3.321027 309.1273901987749 -21.204598096465215 309.1646976728473 -21.115327203127325 49.08754935511764 89.36831862532705 5400.0 5400.0 2016.0 1 174 {-999.0 19.46641 18.036757 16.764404 -999.0} sdss_psfmag_ps1 18.968601 17.449636 16.278917 13.99 63050396543868656 1096557157 bright_1x1 mwm_bin_vis_boss mwm_filler science 0 0 0.0 0.0 -999 ""
FIBERMAP 1223 R+13C7 METROLOGY 0 0 0 1 0 0 -32.27582579045092 250.74772298673037 143.1 -247.55790996552844 -51.282936999403866 255.70958 25.55007 -999.0 -999.0 -999.0 -999.0 -999.0 309.1281312650453 -21.20245351124296 309.1654858598664 -21.11316353850045 49.08610641187051 89.36561292920567 -999.0 6231.0 -999.0 -1 -999 {-999.0 -999.0 -999.0 -999.0 -999.0} "" -999.0 -999.0 -999.0 -999.0 -999 -999 "" "" "" "" 0 0 0.0 0.0 -999 ""
FIBERMAP 1224 R+5C18 APOGEE 0 0 0 1 0 0 153.39518514889184 91.81831610926012 143.1 -103.2357828654343 145.95346358879885 287.15533 150.32954 -999.0 -999.0 -999.0 -999.0 -999.0 309.5986231498853 -20.60726783437183 309.63425173533415 -20.51721591081403 48.46555478175183 88.75472813513335 -999.0 16600.0 -999.0 2 64 {-999.0 -999.0 -999.0 -999.0 -999.0} "" -999.0 -999.0 -999.0 -999.0 -999 -999 "" "" "" "" 0 0 0.0 0.0 -999 ""
FIBERMAP 1224 R+5C18 BOSS 1 1 0 1 0 0 153.1027540618008 91.14005923489219 143.1 -102.53722713017693 145.71355278653465 287.15533 150.32954 309.60105334760283 -20.607868920256514 -5.114671 -2.3607283 1.1752567 309.6010296770488 -20.60787898894647 309.6364680155842 -20.51789033566375 48.46385897867008 88.7568001226827 5400.0 5400.0 2016.0 1 216 {-999.0 16.329687 15.210947 14.869166 -999.0} sdss_psfmag_ps1 15.890932 15.268596 14.487051 12.944 63050396543882279 942015626 bright_1x1 openfibertargets_nov2020_34a open_fiber science 0 0 0.0 0.0 -999 ""
FIBERMAP 1224 R+5C18 METROLOGY 0 0 0 1 0 0 152.65973392982949 91.73451927333166 143.1 -103.09620586204642 145.2265402106338 287.15533 150.32954 -999.0 -999.0 -999.0 -999.0 -999.0 309.5991437761015 -20.60934850683766 309.6346410425957 -20.519343697461412 48.46597739853694 88.7579209158555 -999.0 6231.0 -999.0 -1 -999 {-999.0 -999.0 -999.0 -999.0 -999.0} "" -999.0 -999.0 -999.0 -999.0 -999 -999 "" "" "" "" 0 0 0.0 0.0 -999 ""
FIBERMAP 1227 R-4C8 APOGEE 0 0 0 1 0 0 -92.02435653479155 -65.01033381607516 143.1 71.83091921939125 -86.80373441524928 98.219086 119.73426 -999.0 -999.0 -999.0 -999.0 -999.0 310.1654784896746 -21.3144745077315 310.2021383704846 -21.223121913703526 48.21777941962551 90.02997396294154 -999.0 16600.0 -999.0 2 -999 {-999.0 -999.0 -999.0 -999.0 -999.0} "" -999.0 -999.0 -999.0 -999.0 -999 -999 "" "" "" "" 0 0 0.0 0.0 -999 ""
FIBERMAP 1227 R-4C8 BOSS 1 1 0 1 0 0 -91.46152056826348 -64.53533007000375 143.1 71.31442531643074 -86.27872396247798 98.219086 119.73426 310.16404154989203 -21.31287595811963 -0.78060323 -0.34665656 0.18436673 310.1640328370505 -21.312862827323777 310.2004978997468 -21.221579785017664 48.218679864449804 90.02700781976262 5400.0 5400.0 2016.0 1 479 {-999.0 20.102886 19.826056 19.45414 -999.0} sdss_psfmag_ps1 19.73858 19.431122 18.98975 -999.0 63050396543794805 1117383405 bright_1x1 openfibertargets_bhm_quaia_boss open_fiber science 0 0 0.0 0.0 -999 ""
FIBERMAP 1227 R-4C8 METROLOGY 0 0 0 1 0 0 -91.32646719807629 -65.2794967602098 143.1 72.04613418140967 -86.08737596090357 98.219086 119.73426 -999.0 -999.0 -999.0 -999.0 -999.0 310.1663698573049 -21.312309285533313 310.20288575609436 -21.22100320899828 48.216392011732076 90.02735318097149 -999.0 6231.0 -999.0 -1 -999 {-999.0 -999.0 -999.0 -999.0 -999.0} "" -999.0 -999.0 -999.0 -999.0 -999 -999 "" "" "" "" 0 0 0.0 0.0 -999 ""
FIBERMAP 1228 R-4C5 APOGEE 1 1 0 1 0 0 -158.8674408450956 -64.54371755014958 143.1 76.45757248703896 -153.48746161232984 99.19481 116.54688 310.1802009690798 -21.51637899023765 -3.9269106 -9.038389 0.46569002 310.1801850229665 -21.5164204548797 310.21729306823795 -21.42497650857215 48.274086594882974 90.3218279729773 16000.0 16600.0 2016.0 2 296 {-999.0 12.36775 11.434982 11.059724 -999.0} sdss_psfmag_from_g3xp 12.07101 11.452798 10.701299 9.073 63050396543785628 1153162232 bright_1x1 mwm_galactic_core_dist_apogee_sparse mwm_galactic science 0 0 0.0 0.0 -999 ""
FIBERMAP 1228 R-4C5 BOSS 0 0 0 1 0 0 -158.26871851339155 -64.1039505626965 143.1 75.97347888113829 -152.92398520033402 99.19481 116.54688 -999.0 -999.0 -999.0 -999.0 -999.0 310.17883559302805 -21.514710455490082 310.21574834678154 -21.42333511420942 48.27487461225934 90.3187704926006 -999.0 5400.0 -999.0 1 487 {-999.0 -999.0 -999.0 -999.0 -999.0} "" -999.0 -999.0 -999.0 -999.0 -999 -999 "" "" "" "" 0 0 0.0 0.0 -999 ""
FIBERMAP 1228 R-4C5 METROLOGY 0 0 0 1 0 0 -158.17885799056592 -64.84861847218266 143.1 76.70913016171575 -152.7776600903976 99.19481 116.54688 -999.0 -999.0 -999.0 -999.0 -999.0 310.1811886523349 -21.5143032815038 310.218152584559 -21.422905054368723 48.27262471069212 90.31931657176591 -999.0 6231.0 -999.0 -1 -999 {-999.0 -999.0 -999.0 -999.0 -999.0} "" -999.0 -999.0 -999.0 -999.0 -999 -999 "" "" "" "" 0 0 0.0 0.0 -999 ""
FIBERMAP 1230 R+8C17 APOGEE 1 1 0 1 0 0 168.12070829776246 162.49329829668497 143.1 -174.82643626585292 155.25223808826487 35.83616 114.84927 309.36768725209413 -20.57862841234048 -7.2270427 -3.906909 1.2680439 309.3676424412852 -20.578661329010792 309.4034416282541 -20.48906053221979 48.657235879256454 88.59778273468862 16000.0 16600.0 2016.0 2 75 {-999.0 12.383665 11.663408 11.410177 -999.0} sdss_psfmag_from_g3xp 12.189751 11.708401 11.064924 9.808 63050396543901237 1103938930 bright_1x1 mwm_tess_rgb_apogee mwm_tessrgb science 0 0 0.0 0.0 -999 ""
FIBERMAP 1230 R+8C17 BOSS 0 0 0 1 0 0 168.76252181344458 162.11750276085706 143.1 -174.50062794323026 155.92080718496305 35.83616 114.84927 -999.0 -999.0 -999.0 -999.0 -999.0 309.36887361897345 -20.576555844388878 309.4044788804956 -20.487021075508796 48.65559648789188 88.5954297687216 -999.0 5400.0 -999.0 1 234 {-999.0 -999.0 -999.0 -999.0 -999.0} "" -999.0 -999.0 -999.0 -999.0 -999 -999 "" "" "" "" 0 0 0.0 0.0 -999 ""
FIBERMAP 1230 R+8C17 METROLOGY 0 0 0 1 0 0 168.11676165766454 161.74270681760717 143.1 -174.07773273483764 155.3054808003623 35.83616 114.84927 -999.0 -999.0 -999.0 -999.0 -999.0 309.3701350646378 -20.578409707577272 309.40579652796305 -20.48885273867577 48.65510253304992 88.59868867099834 -999.0 6231.0 -999.0 -1 -999 {-999.0 -999.0 -999.0 -999.0 -999.0} "" -999.0 -999.0 -999.0 -999.0 -999 -999 "" "" "" "" 0 0 0.0 0.0 -999 ""
FIBERMAP 1233 R+11C16 APOGEE 1 1 0 1 0 0 175.46014616104176 199.21142715801645 143.1 -211.99659830761988 159.7731967226391 318.0351 94.51145 309.2481445480774 -20.564744966410096 4.045866 -9.0355 2.4850936 309.24815000639495 -20.56476127903007 309.28403890808215 -20.475394272771315 48.75670768651211 88.5175476596308 16000.0 16600.0 2016.0 2 104 {-999.0 8.379447 8.698011 8.918548 -999.0} sdss_psfmag_from_g3xp 8.527391 8.562829 8.598764 8.705 63050396543901330 975404324 "" ops_std_apogee ops_std standard_apogee 0 0 0.0 0.0 -999 ""
FIBERMAP 1233 R+11C16 BOSS 0 0 0 1 0 0 175.03072819796597 198.620559824719 143.1 -211.37474204497389 159.39004139637063 318.0351 94.51145 -999.0 -999.0 -999.0 -999.0 -999.0 309.2503228909208 -20.56585344515545 309.2860249662774 -20.476549453300827 48.75538676306435 88.52019728843732 -999.0 5400.0 -999.0 1 178 {-999.0 -999.0 -999.0 -999.0 -999.0} "" -999.0 -999.0 -999.0 -999.0 -999 -999 "" "" "" "" 0 0 0.0 0.0 -999 ""
FIBERMAP 1233 R+11C16 METROLOGY 0 0 0 1 0 0 174.72428551508773 199.30704910752655 143.1 -212.03588574742093 159.0321975176421 318.0351 94.51145 -999.0 -999.0 -999.0 -999.0 -999.0 309.248091002578 -20.566917334780186 309.28385084200784 -20.477598152163775 48.757664341834776 88.52057112237719 -999.0 6231.0 -999.0 -1 -999 {-999.0 -999.0 -999.0 -999.0 -999.0} "" -999.0 -999.0 -999.0 -999.0 -999 -999 "" "" "" "" 0 0 0.0 0.0 -999 ""
FIBERMAP 1234 R+5C14 APOGEE 0 0 0 1 0 0 47.643192777826265 109.68601401338233 143.1 -112.99550694437934 39.148716734545886 138.53122 100.30027 -999.0 -999.0 -999.0 -999.0 -999.0 309.5650957137349 -20.93081882187513 309.6015029590585 -20.84072899557333 48.60930018392023 89.19488266582675 -999.0 16600.0 -999.0 2 93 {-999.0 -999.0 -999.0 -999.0 -999.0} "" -999.0 -999.0 -999.0 -999.0 -999 -999 "" "" "" "" 0 0 0.0 0.0 -999 ""
FIBERMAP 1234 R+5C14 BOSS 1 1 0 1 0 0 48.050910732244944 110.30648870439535 143.1 -113.64523119230304 39.507979924365365 138.53122 100.30027 309.56311793247176 -20.929649710613756 2.338293 4.766177 2.3544126 309.56312001918593 -20.929634242425006 309.59933754948145 -20.839615230749537 48.61080041156169 89.19222604275149 5400.0 5400.0 2016.0 1 166 {-999.0 17.329363 15.987312 15.463505 -999.0} sdss_psfmag_ps1 16.754145 15.929322 15.042722 13.263 63050396543870747 1096668419 bright_1x1 mwm_bin_vis_boss mwm_filler science 0 0 0.0 0.0 -999 ""
FIBERMAP 1234 R+5C14 METROLOGY 0 0 0 1 0 0 48.38967180847932 109.65646963144847 143.1 -113.02291327892182 39.895269768760755 138.53122 100.30027 -999.0 -999.0 -999.0 -999.0 -999.0 309.5650797485153 -20.928480708188804 309.60134615289644 -20.838439426803436 48.60862896606407 89.19156462464389 -999.0 6231.0 -999.0 -1 -999 {-999.0 -999.0 -999.0 -999.0 -999.0} "" -999.0 -999.0 -999.0 -999.0 -999 -999 "" "" "" "" 0 0 0.0 0.0 -999 ""
FIBERMAP 1236 R+13C5 APOGEE 0 0 0 1 0 0 -63.54084447131979 258.7691978677318 143.1 -253.174318764671 -83.06784472949916 109.69326 142.89287 -999.0 -999.0 -999.0 -999.0 -999.0 309.1094164701437 -21.29844088952408 309.1471474673224 -21.2091105880988 49.13548658729521 89.49397144109946 -999.0 16600.0 -999.0 2 52 {-999.0 -999.0 -999.0 -999.0 -999.0} "" -999.0 -999.0 -999.0 -999.0 -999 -999 "" "" "" "" 0 0 0.0 0.0 -999 ""
FIBERMAP 1236 R+13C5 BOSS 1 1 0 1 0 0 -63.31819750790022 259.4885586184484 143.1 -253.90854257600756 -82.90064574483043 109.69326 142.89287 309.1072459782167 -21.297802426546706 -7.233756 -13.661875 2.0794098 309.10724266950746 -21.297849502318947 309.14478804868975 -21.208587839586954 49.13736855276154 89.49205645399911 5400.0 5400.0 2016.0 1 89 {-999.0 16.200686 15.217201 14.925402 -999.0} sdss_psfmag_ps1 15.851255 15.256655 14.52127 13.027 63050396543868497 1124700369 bright_1x1 openfibertargets_mwm_snc_further_ext_boss open_fiber science 0 0 0.0 0.0 -999 ""
FIBERMAP 1236 R+13C5 METROLOGY 0 0 0 1 0 0 -62.80950489809908 258.9140269078014 143.1 -253.3744368000808 -82.3496702616019 109.69326 142.89287 -999.0 -999.0 -999.0 -999.0 -999.0 309.1088671803701 -21.296233442402325 309.1464599573113 -21.206950948870144 49.135339035778436 89.49053571220486 -999.0 6231.0 -999.0 -1 -999 {-999.0 -999.0 -999.0 -999.0 -999.0} "" -999.0 -999.0 -999.0 -999.0 -999 -999 "" "" "" "" 0 0 0.0 0.0 -999 ""
FIBERMAP 1237 R-2C7 APOGEE 0 0 0 1 0 0 -125.87049456962654 -42.67662266895376 143.1 52.14062815110311 -122.25249934866524 296.7756 149.3623 -999.0 -999.0 -999.0 -999.0 -999.0 310.1011449032523 -21.42191366770173 310.1381199088454 -21.3306490876326 48.31090383644823 90.15060493467212 -999.0 16600.0 -999.0 2 286 {-999.0 -999.0 -999.0 -999.0 -999.0} "" -999.0 -999.0 -999.0 -999.0 -999 -999 "" "" "" "" 0 0 0.0 0.0 -999 ""
FIBERMAP 1237 R-2C7 BOSS 1 1 0 1 0 0 -126.18138601948495 -43.34724181610346 143.1 52.83297468537266 -122.51139850608399 296.7756 149.3623 310.10363233285597 -21.42268339214974 -2.1579509 -3.2230725 1.2505114 310.1036197073475 -21.422692252976177 310.14040154065026 -21.331488476005607 48.30919774246973 90.15289051979732 5400.0 5400.0 2016.0 1 469 {-999.0 18.812262 17.451096 16.878685 -999.0} sdss_psfmag_ps1 18.26631 17.38536 16.475225 14.769 63050396543786047 1095509929 bright_1x1 mwm_bin_vis_boss mwm_filler science 0 0 0.0 0.0 -999 ""
FIBERMAP 1237 R-2C7 METROLOGY 0 0 0 1 0 0 -126.60089466338 -42.73755718544609 143.1 52.25702471769412 -122.97612791375242 296.7756 149.3623 -999.0 -999.0 -999.0 -999.0 -999.0 310.1016910938598 -21.424131406380347 310.13853279965247 -21.332912194844226 48.31132233363692 90.15399861150138 -999.0 6231.0 -999.0 -1 -999 {-999.0 -999.0 -999.0 -999.0 -999.0} "" -999.0 -999.0 -999.0 -999.0 -999 -999 "" "" "" "" 0 0 0.0 0.0 -999 ""
FIBERMAP 1238 R-9C3 APOGEE 0 0 0 1 0 0 -142.37021282360274 -189.6729015636846 143.1 199.9651918597805 -127.50636449403105 298.83942 99.60833 -999.0 -999.0 -999.0 -999.0 -999.0 310.5815860849646 -21.436731875419834 310.6180814000128 -21.344556285354226 47.89597958193208 90.40071397822555 -999.0 16600.0 -999.0 2 283 {-999.0 -999.0 -999.0 -999.0 -999.0} "" -999.0 -999.0 -999.0 -999.0 -999 -999 "" "" "" "" 0 0 0.0 0.0 -999 ""
FIBERMAP 1238 R-9C3 BOSS 1 1 0 1 0 0 -142.94150116496294 -190.15176716502597 143.1 200.48618023450547 -128.03950849126917 298.83942 99.60833 310.58349609375006 -21.438286661634663 -999.0 -999.0 -999.0 310.58349318706644 -21.43828427318225 310.61979482096524 -21.34617127043246 47.895037269945604 90.40379486909114 5400.0 5400.0 2015.5 1 464 {-999.0 -999.0 -999.0 -999.0 -999.0} "" -999.0 -999.0 -999.0 -999.0 27021603186164307 825561741 "" ops_sky_boss_good ops_sky sky_boss 0 0 0.0 0.0 -999 ""
FIBERMAP 1238 R-9C3 METROLOGY 0 0 0 1 0 0 -143.06080486975736 -189.40776070747376 143.1 199.7534313719252 -128.21514054462742 298.83942 99.60833 -999.0 -999.0 -999.0 -999.0 -999.0 310.58110094671264 -21.438866494658463 310.61746180307364 -21.346738905826523 47.89727282380797 90.40347399897666 -999.0 6231.0 -999.0 -1 -999 {-999.0 -999.0 -999.0 -999.0 -999.0} "" -999.0 -999.0 -999.0 -999.0 -999 -999 "" "" "" "" 0 0 0.0 0.0 -999 ""
FIBERMAP 1239 R0C25 APOGEE 0 0 0 1 0 0 237.92257223985177 6.678214358886449 143.1 -24.782981509762372 236.72010560192854 124.08529 134.30965 -999.0 -999.0 -999.0 -999.0 -999.0 309.8536473353708 -20.333920717606212 309.8883891370299 -20.243469284174292 48.14459188653646 88.50015693072618 -999.0 16600.0 -999.0 2 105 {-999.0 -999.0 -999.0 -999.0 -999.0} "" -999.0 -999.0 -999.0 -999.0 -999 -999 "" "" "" "" 0 0 0.0 0.0 -999 ""
FIBERMAP 1239 R0C25 BOSS 1 1 0 1 0 0 238.10872193774378 7.388548178927425 143.1 -25.505424457335874 236.85160138556247 124.08529 134.30965 309.8514197388716 -20.33338982728006 24.982412 -6.5575123 5.481421 309.8515039696787 -20.333422912118202 309.886056232887 -20.243045407129284 48.14647735020027 88.49837380181202 5400.0 5400.0 2016.0 1 179 {-999.0 23.687561 21.815489 19.399101 -999.0} sdss_psfmag_ps1 21.87129 20.09461 18.598343 15.643 63050396543885025 1096465338 bright_1x1 mwm_bin_vis_boss mwm_filler science 0 0 0.0 0.0 -999 ""
FIBERMAP 1239 R0C25 METROLOGY 0 0 0 1 0 0 238.6319536125925 6.907515449440056 143.1 -25.06565257922581 237.4099510639612 124.08529 134.30965 -999.0 -999.0 -999.0 -999.0 -999.0 309.8528714523103 -20.331726773155314 309.8874724550833 -20.241327461976017 48.1446154316238 88.49669807116629 -999.0 6231.0 -999.0 -1 -999 {-999.0 -999.0 -999.0 -999.0 -999.0} "" -999.0 -999.0 -999.0 -999.0 -999 -999 "" "" "" "" 0 0 0.0 0.0 -999 ""
FIBERMAP 1244 R-7C12 APOGEE 1 1 0 1 0 0 22.326394766138858 -146.91510843790235 143.1 144.78597118476662 33.452854498045895 242.42442 97.38922 310.40262702750215 -20.949473254188366 -3.782944 -9.214467 0.14731821 310.402620030586 -20.949490647020138 310.4381945481405 -20.85780553263874 47.883690534213706 89.63310651155513 16000.0 16600.0 2016.0 2 163 {-999.0 14.442531 13.321004 12.887789 -999.0} sdss_psfmag_from_g3xp 14.041511 13.333474 12.520243 10.752 63050396543876021 1153162528 bright_1x1 mwm_galactic_core_dist_apogee_sparse mwm_galactic science 0 0 0.0 0.0 -999 ""
FIBERMAP 1244 R-7C12 BOSS 0 0 0 1 0 0 21.625876259247413 -146.6745614073081 143.1 144.59948897979385 32.73605441558863 242.42442 97.38922 -999.0 -999.0 -999.0 -999.0 -999.0 310.40228206131343 -20.95158242191814 310.43766772797267 -20.85996556226135 47.88491270603724 89.63586183610943 -999.0 5400.0 -999.0 1 394 {-999.0 -999.0 -999.0 -999.0 -999.0} "" -999.0 -999.0 -999.0 -999.0 -999 -999 "" "" "" "" 0 0 0.0 0.0 -999 ""
FIBERMAP 1244 R-7C12 METROLOGY 0 0 0 1 0 0 22.16644222764485 -146.17629115611652 143.1 144.06149287546742 33.23708743186953 242.42442 97.38922 -999.0 -999.0 -999.0 -999.0 -999.0 310.4004986736265 -20.95007848401569 310.43593777346837 -20.858446111027426 47.88588984262229 89.63289174136008 -999.0 6231.0 -999.0 -1 -999 {-999.0 -999.0 -999.0 -999.0 -999.0} "" -999.0 -999.0 -999.0 -999.0 -999 -999 "" "" "" "" 0 0 0.0 0.0 -999 ""
FIBERMAP 1245 R-13C10 APOGEE 0 0 0 1 0 0 39.795571266546375 -245.64072014688372 143.1 241.89296621331292 58.39171982331346 189.87251 80.03869 -999.0 -999.0 -999.0 -999.0 -999.0 310.7160216863431 -20.873701451163072 310.75109266370237 -20.781451786586462 47.58310462708486 89.68047446904404 -999.0 16600.0 -999.0 2 158 {-999.0 -999.0 -999.0 -999.0 -999.0} "" -999.0 -999.0 -999.0 -999.0 -999 -999 "" "" "" "" 0 0 0.0 0.0 -999 ""
FIBERMAP 1245 R-13C10 BOSS 1 1 0 1 0 0 39.770971414499485 -244.89177005942113 143.1 241.14807387546057 58.31013889194384 189.87251 80.03869 310.7138054333023 -20.87386024704565 13.05547 -8.5710125 0.54948467 310.713842943539 -20.873877342773834 310.7487208134912 -20.78170095140317 47.58526689421713 89.67965682992349 5400.0 5400.0 2016.0 1 439 {-999.0 17.225306 16.671307 16.503445 -999.0} sdss_psfmag_ps1 17.052887 16.693485 16.15076 15.269 63050396543798905 944753533 bright_1x1 openfibertargets_nov2020_6c open_fiber science 0 0 0.0 0.0 -999 ""
FIBERMAP 1245 R-13C10 METROLOGY 0 0 0 1 0 0 40.43064686377161 -245.24160694741204 143.1 241.44663857164863 58.99454038679619 189.87251 80.03869 -999.0 -999.0 -999.0 -999.0 -999.0 310.71478259454346 -20.871815089870477 310.7497102838772 -20.779617975994572 47.583664654126196 89.67725367625985 -999.0 6231.0 -999.0 -1 -999 {-999.0 -999.0 -999.0 -999.0 -999.0} "" -999.0 -999.0 -999.0 -999.0 -999 -999 "" "" "" "" 0 0 0.0 0.0 -999 ""
FIBERMAP 1248 R-10C3 APOGEE 0 0 0 1 0 0 -125.85727707628416 -200.47080214583633 143.1 209.4737009522988 -110.21902532439911 303.74268 134.75374 -999.0 -999.0 -999.0 -999.0 -999.0 310.61240221914414 -21.384339168105637 310.64874482323034 -21.292122240858337 47.85108911611411 90.34201726786682 -999.0 16600.0 -999.0 2 284 {-999.0 -999.0 -999.0 -999.0 -999.0} "" -999.0 -999.0 -999.0 -999.0 -999 -999 "" "" "" "" 0 0 0.0 0.0 -999 ""
FIBERMAP 1248 R-10C3 BOSS 1 1 0 1 0 0 -125.96972301696101 -201.22300401008462 143.1 210.23227532951262 -110.27384287379624 303.74268 134.75374 310.61508178710943 -21.38444630017672 -999.0 -999.0 -999.0 310.61508011261685 -21.38444068822548 310.6512247228891 -21.292285647322547 47.84897692740482 90.34343435309091 5400.0 5400.0 2015.5 1 465 {-999.0 -999.0 -999.0 -999.0 -999.0} "" -999.0 -999.0 -999.0 -999.0 27021603186164325 815792780 "" ops_sky_boss_good ops_sky sky_boss 0 0 0.0 0.0 -999 ""
FIBERMAP 1248 R-10C3 METROLOGY 0 0 0 1 0 0 -126.54919802830301 -200.74025340946793 143.1 209.7950750407263 -110.88840275546137 303.74268 134.75374 -999.0 -999.0 -999.0 -999.0 -999.0 310.6136467058181 -21.386342398247947 310.64985256040734 -21.294170468664948 47.85082743098547 90.34541278589802 -999.0 6231.0 -999.0 -1 -999 {-999.0 -999.0 -999.0 -999.0 -999.0} "" -999.0 -999.0 -999.0 -999.0 -999 -999 "" "" "" "" 0 0 0.0 0.0 -999 ""
FIBERMAP 1250 R-9C17 APOGEE 0 0 0 1 0 0 157.50521847239975 -158.2074772357439 143.1 145.7478894528814 169.09774010008965 169.66385 59.778553 -999.0 -999.0 -999.0 -999.0 -999.0 310.4046237948894 -20.538849365342067 310.4392628107221 -20.447290602274588 47.73660889685191 89.06242396015546 -999.0 16600.0 -999.0 2 -999 {-999.0 -999.0 -999.0 -999.0 -999.0} "" -999.0 -999.0 -999.0 -999.0 -999 -999 "" "" "" "" 0 0 0.0 0.0 -999 ""
FIBERMAP 1250 R-9C17 BOSS 1 1 0 1 0 0 158.01703635168676 -157.62659843409023 143.1 145.12971561457255 169.563815975919 169.66385 59.778553 310.4028134107641 -20.53729747044498 -0.039079484 -4.6200914 0.13385572 310.4028467790581 -20.53733769936239 310.43729032540773 -20.445852749582198 47.73781671159955 89.0594410288345 5400.0 5400.0 2016.0 1 334 {-999.0 16.129519 16.232815 16.413258 -999.0} sdss_psfmag_ps1 16.20183 16.143526 16.03871 15.852 63050396543879138 1061111497 bright_1x1 manual_mwm_halo_distant_bhb_boss_single mwm_halo science 0 0 0.0 0.0 -999 ""
FIBERMAP 1250 R-9C17 METROLOGY 0 0 0 1 0 0 158.24266508309262 -158.33265995489353 143.1 145.81653065425223 169.8425724976554 169.66385 59.778553 -999.0 -999.0 -999.0 -999.0 -999.0 310.4050283781033 -20.53649412826118 310.43952267617726 -20.444985511171236 47.73555305759768 89.05935580532201 -999.0 6231.0 -999.0 -1 -999 {-999.0 -999.0 -999.0 -999.0 -999.0} "" -999.0 -999.0 -999.0 -999.0 -999 -999 "" "" "" "" 0 0 0.0 0.0 -999 ""
FIBERMAP 1255 R-8C3 APOGEE 0 0 0 1 0 0 -144.75939966034807 -166.1354367749787 143.1 176.67835934326575 -131.68159951400244 342.0585 92.00471 -999.0 -999.0 -999.0 -999.0 -999.0 310.50611974787023 -21.449680737677618 310.5427257183363 -21.357642908752922 47.96637956229995 90.38300008136332 -999.0 16600.0 -999.0 2 282 {-999.0 -999.0 -999.0 -999.0 -999.0} "" -999.0 -999.0 -999.0 -999.0 -999 -999 "" "" "" "" 0 0 0.0 0.0 -999 ""
FIBERMAP 1255 R-8C3 BOSS 1 1 0 1 0 0 -144.9712912471222 -166.84194549262088 143.1 177.39894928291156 -131.8390535127578 342.0585 92.00471 310.5086957849508 -21.450088917148193 0.3436096 -6.915915 0.036087967 310.5086878413299 -21.450106658923453 310.54509729359245 -21.358130320988888 47.964473401081456 90.38481850415081 5400.0 5400.0 2016.0 1 463 {-999.0 17.819195 17.430119 17.319101 -999.0} sdss_psfmag_ps1 17.739061 17.460962 16.98586 16.535 63050396543793780 944753583 bright_1x1 openfibertargets_nov2020_6c open_fiber science 0 0 0.0 0.0 -999 ""
FIBERMAP 1255 R-8C3 METROLOGY 0 0 0 1 0 0 -145.4804726378736 -166.29087944393112 143.1 176.88827798112965 -132.38872880683826 342.0585 92.00471 -999.0 -999.0 -999.0 -999.0 -999.0 310.50700375747687 -21.45181402826724 310.54347411495394 -21.359821479502536 47.966474638999934 90.38641329837031 -999.0 6231.0 -999.0 -1 -999 {-999.0 -999.0 -999.0 -999.0 -999.0} "" -999.0 -999.0 -999.0 -999.0 -999 -999 "" "" "" "" 0 0 0.0 0.0 -999 ""
FIBERMAP 1257 R0C5 APOGEE 0 0 0 1 0 0 -186.56696530044826 0.7049387603354177 143.1 13.509237725738252 -186.07666931552492 19.21254 101.44099 -999.0 -999.0 -999.0 -999.0 -999.0 309.9747790542249 -21.614844402387607 310.0123331221366 -21.523758958972167 48.48710075149891 90.3633784536463 -999.0 16600.0 -999.0 2 278 {-999.0 -999.0 -999.0 -999.0 -999.0} "" -999.0 -999.0 -999.0 -999.0 -999 -999 "" "" "" "" 0 0 0.0 0.0 -999 ""
FIBERMAP 1257 R0C5 BOSS 1 1 0 1 0 0 -186.30031787712198 0.013260283433310947 143.1 14.17858697698076 -185.75810936294138 19.21254 101.44099 309.97720942404186 -21.6138572027509 -12.733177 -7.929486 2.0529277 309.97716074889934 -21.61388174260671 310.0145184065907 -21.522856778450965 48.484882030701336 90.36314523451153 5400.0 5400.0 2016.0 1 452 {-999.0 16.06691 15.064237 14.752582 -999.0} sdss_psfmag_ps1 15.673584 15.083201 14.351599 12.862 63050396543785126 1096223942 bright_1x1 mwm_bin_vis_boss mwm_filler science 0 0 0.0 0.0 -999 ""
FIBERMAP 1257 R0C5 METROLOGY 0 0 0 1 0 0 -187.03761170668378 0.12529977708199488 143.1 14.123039039383455 -186.50178821271496 19.21254 101.44099 -999.0 -999.0 -999.0 -999.0 -999.0 309.9769218876519 -21.6161693803642 310.01433939184915 -21.5251258097698 48.485812583336575 90.36627753955815 -999.0 6231.0 -999.0 -1 -999 {-999.0 -999.0 -999.0 -999.0 -999.0} "" -999.0 -999.0 -999.0 -999.0 -999 -999 "" "" "" "" 0 0 0.0 0.0 -999 ""
FIBERMAP 1258 R-12C12 APOGEE 0 0 0 1 0 0 75.249109447257 -220.11550440080865 143.1 213.74143151938065 91.79744615110987 182.88356 64.29071 -999.0 -999.0 -999.0 -999.0 -999.0 310.6249117882501 -20.772695929879795 310.65985015025956 -20.680649037631035 47.62714349744005 89.49579995239208 -999.0 16600.0 -999.0 2 -999 {-999.0 -999.0 -999.0 -999.0 -999.0} "" -999.0 -999.0 -999.0 -999.0 -999 -999 "" "" "" "" 0 0 0.0 0.0 -999 ""
FIBERMAP 1258 R-12C12 BOSS 1 1 0 1 0 0 75.56448424829713 -219.40730984423968 143.1 213.01127761044668 92.05795320321924 182.88356 64.29071 310.62280911217437 -20.771804889620764 -8.087052 -10.87454 0.2119801 310.6227854302575 -20.771824971305556 310.65752881140304 -20.67985182236237 47.628889981962516 89.49354871130356 5400.0 5400.0 2016.0 1 428 {-999.0 16.380234 15.850379 15.727428 -999.0} sdss_psfmag_ps1 16.252068 15.891888 15.350175 14.247 63050396543876903 943842791 bright_1x1 openfibertargets_nov2020_5 open_fiber science 0 0 0.0 0.0 -999 ""
FIBERMAP 1258 R-12C12 METROLOGY 0 0 0 1 0 0 75.99095266570646 -220.01976070108574 143.1 213.5894555634759 92.52983281388849 182.88356 64.29071 -999.0 -999.0 -999.0 -999.0 -999.0 310.624622146557 -20.770402458973212 310.659415690989 -20.678406633956268 47.62672620528507 89.49247567415347 -999.0 6231.0 -999.0 -1 -999 {-999.0 -999.0 -999.0 -999.0 -999.0} "" -999.0 -999.0 -999.0 -999.0 -999 -999 "" "" "" "" 0 0 0.0 0.0 -999 ""
FIBERMAP 1259 R+6C4 APOGEE 0 0 0 1 0 0 -144.92975949993635 130.98183299877923 143.1 -119.5595917243553 -154.4849796754924 91.76506 68.62624 -999.0 -999.0 -999.0 -999.0 -999.0 309.54141745652043 -21.517725429383464 309.57920632703303 -21.427496677427055 48.8329444245449 90.01776871286296 -999.0 16600.0 -999.0 2 -999 {-999.0 -999.0 -999.0 -999.0 -999.0} "" -999.0 -999.0 -999.0 -999.0 -999 -999 "" "" "" "" 0 0 0.0 0.0 -999 ""
FIBERMAP 1259 R+6C4 BOSS 1 1 0 1 0 0 -144.21423049412078 130.76588379722924 143.1 -119.39877908104972 -153.7550866521088 91.76506 68.62624 309.5420192816064 -21.51533729291382 21.478956 -60.624565 0.99799466 309.5420975467768 -21.515504239172838 309.57969147133485 -21.425339112654346 48.83178056639102 90.01492483337864 5400.0 5400.0 2016.0 1 39 {-999.0 14.047092 13.777912 13.682016 -999.0} sdss_psfmag_from_g3xp 14.015599 13.765673 13.3517475 12.586 63050396543863734 1072551050 bright_1x1 mwm_halo_local_high_boss_single mwm_halo science 0 0 0.0 0.0 -999 ""
FIBERMAP 1259 R+6C4 METROLOGY 0 0 0 1 0 0 -144.78971520054202 130.2470637758233 143.1 -118.83763311954367 -154.28937116870497 91.76506 68.62624 -999.0 -999.0 -999.0 -999.0 -999.0 309.54384731670353 -21.517169633857165 309.58149683501256 -21.42698243229168 48.83076513651135 90.01814513739913 -999.0 6231.0 -999.0 -1 -999 {-999.0 -999.0 -999.0 -999.0 -999.0} "" -999.0 -999.0 -999.0 -999.0 -999 -999 "" "" "" "" 0 0 0.0 0.0 -999 ""
FIBERMAP 1262 R-5C7 APOGEE 0 0 0 1 0 0 -115.96872587844172 -101.35404916785028 143.1 109.89267416748903 -107.90972921509464 214.9092 95.93257 -999.0 -999.0 -999.0 -999.0 -999.0 310.2892761245518 -21.37834234383521 310.32595076932944 -21.286735633822882 48.131504941089126 90.17931645013994 -999.0 16600.0 -999.0 2 293 {-999.0 -999.0 -999.0 -999.0 -999.0} "" -999.0 -999.0 -999.0 -999.0 -999 -999 "" "" "" "" 0 0 0.0 0.0 -999 ""
FIBERMAP 1262 R-5C7 BOSS 1 1 0 1 0 0 -116.4451384607465 -100.75813633107215 143.1 109.3347906117354 -108.43014754476509 214.9092 95.93257 310.28770542897615 -21.379905778066636 0.6902684 -0.18053068 -0.61680305 310.28770313893114 -21.379901927694487 310.3241896315054 -21.288363984165013 48.13360719058176 90.18075739923484 5400.0 5400.0 2016.0 1 482 {-999.0 19.468887 19.10737 19.062529 -999.0} sdss_psfmag_ps1 19.243212 19.03112 18.70954 -999.0 63050396543794544 1117383404 bright_1x1 openfibertargets_bhm_quaia_boss open_fiber science 0 0 0.0 0.0 -999 ""
FIBERMAP 1262 R-5C7 METROLOGY 0 0 0 1 0 0 -115.71295967058546 -100.64817141518606 143.1 109.16937111384352 -107.70848046081034 214.9092 95.93257 -999.0 -999.0 -999.0 -999.0 -999.0 310.2871268217766 -21.37774779493168 310.32366380297833 -21.286192838223457 48.133317444062975 90.17745082235376 -999.0 6231.0 -999.0 -1 -999 {-999.0 -999.0 -999.0 -999.0 -999.0} "" -999.0 -999.0 -999.0 -999.0 -999 -999 "" "" "" "" 0 0 0.0 0.0 -999 ""
FIBERMAP 1263 R-7C13 APOGEE 0 0 0 1 0 0 63.282855295758026 -130.65203033484454 143.1 125.45037099535837 73.05101995103901 352.83273 152.4706 -999.0 -999.0 -999.0 -999.0 -999.0 310.3397782793325 -20.829398140416213 310.37514541709993 -20.737869442734826 47.89641822065612 89.43472032103676 -999.0 16600.0 -999.0 2 176 {-999.0 -999.0 -999.0 -999.0 -999.0} "" -999.0 -999.0 -999.0 -999.0 -999 -999 "" "" "" "" 0 0 0.0 0.0 -999 ""
FIBERMAP 1263 R-7C13 BOSS 1 1 0 1 0 0 63.915826166325985 -131.07725288232302 143.1 125.8261358158603 73.7145373901347 352.83273 152.4706 310.34126021593977 -20.827258969195967 -4.564998 -8.837119 0.4130472 310.34124733949994 -20.827285549023035 310.376414542451 -20.735823415186193 47.89458290826978 89.43249479521916 5400.0 5400.0 2016.0 1 419 {-999.0 17.113794 16.648722 16.480173 -999.0} sdss_psfmag_ps1 16.954432 16.629498 16.147682 15.158 63050396543876510 977478082 "" ops_std_boss ops_std standard_boss 0 0 0.0 0.0 -999 ""
FIBERMAP 1263 R-7C13 METROLOGY 0 0 0 1 0 0 63.24026475110395 -131.39854559519887 143.1 126.19795397182259 73.06542092302675 352.83273 152.4706 -999.0 -999.0 -999.0 -999.0 -999.0 310.342415616945 -20.829265570131277 310.37764095601517 -20.73778114403483 47.89420470656578 89.43583145525281 -999.0 6231.0 -999.0 -1 -999 {-999.0 -999.0 -999.0 -999.0 -999.0} "" -999.0 -999.0 -999.0 -999.0 -999 -999 "" "" "" "" 0 0 0.0 0.0 -999 ""
FIBERMAP 1268 R0C1 APOGEE 0 0 0 1 0 0 -300.0396719398945 -0.842328069222081 143.1 23.696009026489286 -299.1006434707015 139.5371 153.79866 -999.0 -999.0 -999.0 -999.0 -999.0 310.0071394047443 -21.954549642208228 310.0454441945558 -21.86329633826696 48.57296559668483 90.86160493472505 -999.0 16600.0 -999.0 2 254 {-999.0 -999.0 -999.0 -999.0 -999.0} "" -999.0 -999.0 -999.0 -999.0 -999 -999 "" "" "" "" 0 0 0.0 0.0 -999 ""
FIBERMAP 1268 R0C1 BOSS 1 1 0 1 0 0 -300.313491388714 -0.16842102638917425 143.1 23.04492573471339 -299.4250007610072 139.5371 153.79866 310.0052547424015 -21.95539061118661 -14.888872 -3.9254937 6.4983377 310.00520379784007 -21.95540236085921 310.0433207194843 -21.864215834614 48.575130532982584 90.86191589421219 5400.0 5400.0 2016.0 1 524 {-999.0 17.232145 15.965063 14.635567 -999.0} sdss_psfmag_ps1 16.737944 15.312038 14.145597 11.971 63050396543782908 942014721 bright_1x1 openfibertargets_nov2020_34a open_fiber science 0 0 0.0 0.0 -999 ""
FIBERMAP 1268 R0C1 METROLOGY 0 0 0 1 0 0 -299.609814270555 -0.24063599045026543 143.1 23.063326085878487 -298.71787431744997 139.5371 153.79866 -999.0 -999.0 -999.0 -999.0 -999.0 310.005220283355 -21.953372239781213 310.04338687709435 -21.862168365130184 48.574386387678466 90.85903149337611 -999.0 6231.0 -999.0 -1 -999 {-999.0 -999.0 -999.0 -999.0 -999.0} "" -999.0 -999.0 -999.0 -999.0 -999 -999 "" "" "" "" 0 0 0.0 0.0 -999 ""
FIBERMAP 1269 R+7C9 APOGEE 1 1 0 1 0 0 -44.25092016960727 146.10407520673004 143.1 -142.3071571186057 -55.25166975997246 149.44836 103.782005 309.4686401345246 -21.216752611503576 -32.885067 -18.617159 0.93524295 309.4685390279313 -21.21680968872293 309.50570705772725 -21.12681479244616 48.793355223277736 89.55334279982787 16000.0 16600.0 2016.0 2 139 {-999.0 12.408112 11.819396 11.578452 -999.0} sdss_psfmag_from_g3xp 12.26332 11.836287 11.236584 10.015 63050396543869460 1110055088 bright_1x1 mwm_tess_rgb_apogee mwm_tessrgb science 0 0 0.0 0.0 -999 ""
FIBERMAP 1269 R+7C9 BOSS 0 0 0 1 0 0 -44.03458572897313 146.8273284382252 143.1 -143.04478119157537 -55.09106140959588 149.44836 103.782005 -999.0 -999.0 -999.0 -999.0 -999.0 309.4662693182418 -21.216268001647 309.50324991547916 -21.126342923995722 48.79533964725791 89.55146028114132 -999.0 5400.0 -999.0 1 136 {-999.0 -999.0 -999.0 -999.0 -999.0} "" -999.0 -999.0 -999.0 -999.0 -999 -999 "" "" "" "" 0 0 0.0 0.0 -999 ""
FIBERMAP 1269 R+7C9 METROLOGY 0 0 0 1 0 0 -43.52880331993569 146.27714673385347 143.1 -142.53473273112115 -54.544842553143496 149.44836 103.782005 -999.0 -999.0 -999.0 -999.0 -999.0 309.46786119836685 -21.214645353500543 309.50488980597345 -21.124699236789116 48.793333483279206 89.54992949047323 -999.0 6231.0 -999.0 -1 -999 {-999.0 -999.0 -999.0 -999.0 -999.0} "" -999.0 -999.0 -999.0 -999.0 -999 -999 "" "" "" "" 0 0 0.0 0.0 -999 ""
FIBERMAP 1273 R+2C9 APOGEE 0 0 0 1 0 0 -97.35389474308352 24.06270413894579 143.1 -16.576409077077795 -98.90305388617249 267.5278 88.237045 -999.0 -999.0 -999.0 -999.0 -999.0 309.87730124096265 -21.350849627887197 309.914349886389 -21.26003233670023 48.482217775965026 89.94242163682515 -999.0 16600.0 -999.0 2 32 {-999.0 -999.0 -999.0 -999.0 -999.0} "" -999.0 -999.0 -999.0 -999.0 -999 -999 "" "" "" "" 0 0 0.0 0.0 -999 ""
FIBERMAP 1273 R+2C9 BOSS 1 1 0 1 0 0 -98.09706972893646 24.075320757551502 143.1 -16.532376029944327 -99.6450230025248 267.5278 88.237045 309.8776092866713 -21.35314281444863 0.4787837 0.16938615 -0.5579067 309.87762053529724 -21.353089946706127 309.91448302401193 -21.26233690807177 48.482898002479544 89.94574877649524 5400.0 5400.0 2016.0 1 54 {-999.0 18.928497 18.760847 18.617628 18.522467} sdss_psfmag_from_gaiadr2 18.873207 18.755613 18.298391 -999.0 63050396543863557 1057747409 bright_flexible_2x1 bhm_gua_bright bhm_filler science 0 0 0.0 0.0 -999 ""
FIBERMAP 1273 R+2C9 METROLOGY 0 0 0 1 0 0 -97.7062671448664 24.72329632979617 143.1 -17.20823240840394 -99.30472079683744 267.5278 88.237045 -999.0 -999.0 -999.0 -999.0 -999.0 309.8753635800547 -21.352080654702203 309.9122802586144 -21.26131364596927 48.48447057197559 89.94322960507372 -999.0 6231.0 -999.0 -1 -999 {-999.0 -999.0 -999.0 -999.0 -999.0} "" -999.0 -999.0 -999.0 -999.0 -999 -999 "" "" "" "" 0 0 0.0 0.0 -999 ""
FIBERMAP 1275 R-6C7 APOGEE 1 1 0 1 0 0 -79.72695979798657 -129.05034004856003 143.1 134.7474167621836 -69.66381595850923 329.76508 92.81528 310.37018071528615 -21.262271691955718 -1.5374763 -9.737352 0.47394574 310.3701872981199 -21.262308075328505 310.4065101069086 -21.170585277264827 48.020840266856304 90.05514391130191 16000.0 16600.0 2016.0 2 246 {-999.0 12.019487 10.775551 10.207603 -999.0} sdss_psfmag_from_g3xp 11.550315 10.72157 9.8286915 7.85 63050396543795421 1153162248 bright_1x1 mwm_galactic_core_dist_apogee_sparse mwm_galactic science 0 0 0.0 0.0 -999 ""
FIBERMAP 1275 R-6C7 BOSS 0 0 0 1 0 0 -80.06310538303816 -129.71461127944707 143.1 135.43535767510176 -69.94837918008098 329.76508 92.81528 -999.0 -999.0 -999.0 -999.0 -999.0 310.3726786632764 -21.26313055244175 310.4088068261419 -21.17146973849839 48.019138938610475 90.05749579027196 -999.0 5400.0 -999.0 1 505 {-999.0 -999.0 -999.0 -999.0 -999.0} "" -999.0 -999.0 -999.0 -999.0 -999 -999 "" "" "" "" 0 0 0.0 0.0 -999 ""
FIBERMAP 1275 R-6C7 METROLOGY 0 0 0 1 0 0 -80.4692637164864 -129.0891941921958 143.1 134.842704136615 -70.40099565656678 329.76508 92.81528 -999.0 -999.0 -999.0 -999.0 -999.0 310.37071429450486 -21.264533234131886 310.40690270587925 -21.172856703786785 48.02128563807785 90.05851865489547 -999.0 6231.0 -999.0 -1 -999 {-999.0 -999.0 -999.0 -999.0 -999.0} "" -999.0 -999.0 -999.0 -999.0 -999 -999 "" "" "" "" 0 0 0.0 0.0 -999 ""
FIBERMAP 1278 R+2C4 APOGEE 0 0 0 1 0 0 -185.0526266319435 24.050066008211644 143.1 -9.883177128934273 -186.34510911099648 38.86166 11.717326 -999.0 -999.0 -999.0 -999.0 -999.0 309.898497524159 -21.61551521044613 309.93613445776793 -21.52457454290951 48.55401229614431 90.32803028636505 -999.0 16600.0 -999.0 2 -999 {-999.0 -999.0 -999.0 -999.0 -999.0} "" -999.0 -999.0 -999.0 -999.0 -999 -999 "" "" "" "" 0 0 0.0 0.0 -999 ""
FIBERMAP 1278 R+2C4 BOSS 1 1 0 1 0 0 -185.45722331323609 23.490649009334717 143.1 -9.294570309137523 -186.70591132362355 38.86166 11.717326 309.9007934930008 -21.61665119377779 23.866913 -2.6574283 4.152422 309.9006025419342 -21.61660489576761 309.938048551668 -21.525724418701337 48.55273068809238 90.33058083010792 5400.0 5400.0 2016.0 1 35 {-999.0 16.36398 15.109149 14.540416 -999.0} sdss_psfmag_ps1 15.864013 14.991719 14.075255 12.274 63050396543785205 942014746 bright_1x1 openfibertargets_nov2020_34a open_fiber science 0 0 0.0 0.0 -999 ""
FIBERMAP 1278 R+2C4 METROLOGY 0 0 0 1 0 0 -185.79185646241027 24.164247769207762 143.1 -9.940713608570467 -187.09088150824667 38.86166 11.717326 -999.0 -999.0 -999.0 -999.0 -999.0 309.8984369126213 -21.617805177761042 309.93594219564955 -21.5269101479443 48.55497704799454 90.33125512936812 -999.0 6231.0 -999.0 -1 -999 {-999.0 -999.0 -999.0 -999.0 -999.0} "" -999.0 -999.0 -999.0 -999.0 -999 -999 "" "" "" "" 0 0 0.0 0.0 -999 ""
FIBERMAP 1279 R-5C22 APOGEE 0 0 0 1 0 0 246.41711034298027 -90.72710859571023 143.1 71.69123596822412 252.60992527953928 26.838196 120.01849 -999.0 -999.0 -999.0 -999.0 -999.0 310.165017939471 -20.286825443680343 310.1993331360859 -20.195798712940732 47.855437894633745 88.59227265536856 -999.0 16600.0 -999.0 2 236 {-999.0 -999.0 -999.0 -999.0 -999.0} "" -999.0 -999.0 -999.0 -999.0 -999 -999 "" "" "" "" 0 0 0.0 0.0 -999 ""
FIBERMAP 1279 R-5C22 BOSS 1 1 0 1 0 0 247.05654689241433 -91.11050534423848 143.1 72.02480441003698 253.27670337875944 26.838196 120.01849 310.16628560963306 -20.2847262561334 -4.4762263 -9.211174 0.24188067 310.16628361506747 -20.2847538744808 310.200400361246 -20.193795951571044 47.8537763343789 88.59003549196507 5400.0 5400.0 2016.0 1 346 {-999.0 18.153135 17.858294 17.70595 -999.0} sdss_psfmag_ps1 18.102524 17.815056 17.406786 -999.0 63050396543885339 977478148 "" ops_std_boss ops_std standard_boss 0 0 0.0 0.0 -999 ""
FIBERMAP 1279 R-5C22 METROLOGY 0 0 0 1 0 0 246.39075922073883 -91.46729089716867 143.1 72.43126738028585 252.6400358965424 26.838196 120.01849 -999.0 -999.0 -999.0 -999.0 -999.0 310.1675567019273 -20.286641217641307 310.20173095443295 -20.19566029411745 47.853291319749275 88.59330047472088 -999.0 6231.0 -999.0 -1 -999 {-999.0 -999.0 -999.0 -999.0 -999.0} "" -999.0 -999.0 -999.0 -999.0 -999 -999 "" "" "" "" 0 0 0.0 0.0 -999 ""
FIBERMAP 1282 R+11C4 APOGEE 0 0 0 1 0 0 -99.0994585405532 201.60917530964193 143.1 -193.47221436643895 -114.16849430872813 271.19867 125.81563 -999.0 -999.0 -999.0 -999.0 -999.0 309.30187647776415 -21.394117158909374 309.3396296799858 -21.304386478742597 49.00011614476114 89.72510864898453 -999.0 16600.0 -999.0 2 148 {-999.0 -999.0 -999.0 -999.0 -999.0} "" -999.0 -999.0 -999.0 -999.0 -999 -999 "" "" "" "" 0 0 0.0 0.0 -999 ""
FIBERMAP 1282 R+11C4 BOSS 1 1 0 1 0 0 -99.66630058736246 201.1679248973088 143.1 -192.98907020711235 -114.7000703901476 271.19867 125.81563 309.3035888671875 -21.395713571979798 -999.0 -999.0 -999.0 309.3035855667215 -21.39569362222208 309.3411529899241 -21.30602341312719 48.999348706771514 89.7281967908782 5400.0 5400.0 2015.5 1 151 {-999.0 -999.0 -999.0 -999.0 -999.0} "" -999.0 -999.0 -999.0 -999.0 27021603186174329 815794287 "" ops_sky_boss_good ops_sky sky_boss 0 0 0.0 0.0 -999 ""
FIBERMAP 1282 R+11C4 METROLOGY 0 0 0 1 0 0 -99.77648053965949 201.89780630279984 143.1 -193.70843022432342 -114.86552928945599 271.19867 125.81563 -999.0 -999.0 -999.0 -999.0 -999.0 309.30116839703385 -21.39621085921074 309.3387927378483 -21.306526920866677 49.00158636213013 89.72776104887788 -999.0 6231.0 -999.0 -1 -999 {-999.0 -999.0 -999.0 -999.0 -999.0} "" -999.0 -999.0 -999.0 -999.0 -999 -999 "" "" "" "" 0 0 0.0 0.0 -999 ""
FIBERMAP 1283 R+3C24 APOGEE 0 0 0 1 0 0 261.3643381728637 78.06292053567742 143.1 -97.74526713120942 254.6556431897262 131.61967 52.362274 -999.0 -999.0 -999.0 -999.0 -999.0 309.61862711985214 -20.279713739615776 309.65348479647537 -20.18972716962987 48.33038852201957 88.30463776610281 -999.0 16600.0 -999.0 2 85 {-999.0 -999.0 -999.0 -999.0 -999.0} "" -999.0 -999.0 -999.0 -999.0 -999 -999 "" "" "" "" 0 0 0.0 0.0 -999 ""
FIBERMAP 1283 R+3C24 BOSS 1 1 0 1 0 0 262.10146218465536 78.12336379435382 143.1 -97.8616860806444 255.38601348967174 131.61967 52.362274 309.61853309289677 -20.277341034016228 -21.343372 -32.15043 0.6498061 309.6184622876226 -20.27746268318435 309.65312576255064 -20.18754659586387 48.32990818431221 88.30139856958056 5400.0 5400.0 2016.0 1 258 {-999.0 15.588901 15.275072 15.162829 -999.0} sdss_psfmag_ps1 15.541938 15.253993 14.802031 13.963 63050396543904659 1072955341 bright_1x1 mwm_halo_local_high_boss_single mwm_halo science 0 0 0.0 0.0 -999 ""
FIBERMAP 1283 R+3C24 METROLOGY 0 0 0 1 0 0 261.8093685184066 77.44190847400183 143.1 -97.1599669292278 255.14668277256962 131.61967 52.362274 -999.0 -999.0 -999.0 -999.0 -999.0 309.62064307954483 -20.278152598985233 309.65535952991127 -20.18821244873024 48.328198159803975 88.30347979816469 -999.0 6231.0 -999.0 -1 -999 {-999.0 -999.0 -999.0 -999.0 -999.0} "" -999.0 -999.0 -999.0 -999.0 -999 -999 "" "" "" "" 0 0 0.0 0.0 -999 ""
FIBERMAP 1284 R+4C21 APOGEE 0 0 0 1 0 0 206.71674765416628 59.577700812048164 143.1 -75.15105480036001 201.57554484434243 325.42673 70.298454 -999.0 -999.0 -999.0 -999.0 -999.0 309.6904581875417 -20.43947936901969 309.7256081203691 -20.349305201517904 48.32523687554701 88.56521819771365 -999.0 16600.0 -999.0 2 116 {-999.0 -999.0 -999.0 -999.0 -999.0} "" -999.0 -999.0 -999.0 -999.0 -999 -999 "" "" "" "" 0 0 0.0 0.0 -999 ""
FIBERMAP 1284 R+4C21 BOSS 1 1 0 1 0 0 206.12640955585735 59.12334726341636 143.1 -74.65305585126772 201.02153938000353 325.42673 70.298454 309.6922302246093 -20.441030641301694 -999.0 -999.0 -999.0 309.6922301562529 -20.44103912393435 309.72719216517226 -20.350930014237612 48.32443930959117 88.56830396094813 5400.0 5400.0 2015.5 1 201 {-999.0 -999.0 -999.0 -999.0 -999.0} "" -999.0 -999.0 -999.0 -999.0 27021603186179405 825563283 "" ops_sky_boss_good ops_sky sky_boss 0 0 0.0 0.0 -999 ""
FIBERMAP 1284 R+4C21 METROLOGY 0 0 0 1 0 0 206.03250472607576 59.86419745364116 143.1 -75.38459246100277 200.8714725781824 325.42673 70.298454 -999.0 -999.0 -999.0 -999.0 -999.0 309.68979799390075 -20.4414770604219 309.7248172570211 -20.351352910838706 48.32666831315868 88.56768674487836 -999.0 6231.0 -999.0 -1 -999 {-999.0 -999.0 -999.0 -999.0 -999.0} "" -999.0 -999.0 -999.0 -999.0 -999 -999 "" "" "" "" 0 0 0.0 0.0 -999 ""
FIBERMAP 1288 R-12C5 APOGEE 0 0 0 1 0 0 -61.16457268192868 -216.016421727502 143.1 220.0458929024554 -44.53073393053128 104.38131 78.049446 -999.0 -999.0 -999.0 -999.0 -999.0 310.6465117177544 -21.1854443360796 310.6823645670487 -21.093226223572618 47.752696472704365 90.08048021689069 -999.0 16600.0 -999.0 2 -999 {-999.0 -999.0 -999.0 -999.0 -999.0} "" -999.0 -999.0 -999.0 -999.0 -999 -999 "" "" "" "" 0 0 0.0 0.0 -999 ""
FIBERMAP 1288 R-12C5 BOSS 1 1 0 1 0 0 -60.43715992352359 -215.9750966039211 143.1 219.94927611766198 -43.808590204552395 104.38131 78.049446 310.64651790092324 -21.18315298626297 -23.313728 -11.67537 3.1168673 310.6464354717843 -21.18319930019863 310.6820878103472 -21.091049875969357 47.75217985840507 90.0773123735654 5400.0 5400.0 2016.0 1 427 {-999.0 14.999031 13.973306 13.553745 -999.0} sdss_psfmag_from_g3xp 14.638672 14.000891 13.197453 11.641 63050396543797488 1095903697 bright_1x1 mwm_bin_vis_boss mwm_filler science 0 0 0.0 0.0 -999 ""
FIBERMAP 1288 R-12C5 METROLOGY 0 0 0 1 0 0 -60.76006743373745 -216.64560669313758 143.1 220.64242926002018 -44.079478693340036 104.38131 78.049446 -999.0 -999.0 -999.0 -999.0 -999.0 310.64865634075386 -21.18403781319798 310.6843636037994 -21.091864735717785 47.75047376812619 90.07954919298567 -999.0 6231.0 -999.0 -1 -999 {-999.0 -999.0 -999.0 -999.0 -999.0} "" -999.0 -999.0 -999.0 -999.0 -999 -999 "" "" "" "" 0 0 0.0 0.0 -999 ""
FIBERMAP 1292 R-8C6 APOGEE 0 0 0 1 0 0 -70.19806309402992 -151.0379243756837 143.1 155.94500595908116 -58.487754518551206 61.544556 57.28256 -999.0 -999.0 -999.0 -999.0 -999.0 310.4390123972985 -21.228297806290936 310.4751842217222 -21.1364560741437 47.948924764534574 90.04058684189943 -999.0 16600.0 -999.0 2 -999 {-999.0 -999.0 -999.0 -999.0 -999.0} "" -999.0 -999.0 -999.0 -999.0 -999 -999 "" "" "" "" 0 0 0.0 0.0 -999 ""
FIBERMAP 1292 R-8C6 BOSS 1 1 0 1 0 0 -69.8067733736146 -151.70585228340232 143.1 156.58117901110765 -58.04672495197462 61.544556 57.28256 310.4413700600588 -21.226895263544662 -0.85919595 -3.9919503 1.255986 310.4413363658723 -21.22691226355588 310.4773082792992 -21.13513382353155 47.9466073821134 90.03976487559402 5400.0 5400.0 2016.0 1 363 {-999.0 14.221442 13.848578 13.732863 -999.0} sdss_psfmag_from_g3xp 14.15924 13.86225 13.402176 12.613 63050396543795332 978058387 "" ops_std_boss ops_std standard_boss 0 0 0.0 0.0 -999 ""
FIBERMAP 1292 R-8C6 METROLOGY 0 0 0 1 0 0 -70.57656345636168 -151.68308768253772 143.1 156.61712112525836 -58.81600460367495 61.544556 57.28256 -999.0 -999.0 -999.0 -999.0 -999.0 310.44141822116393 -21.229270263231232 310.4774504858756 -21.13747186578158 47.94729626156158 90.04310635867392 -999.0 6231.0 -999.0 -1 -999 {-999.0 -999.0 -999.0 -999.0 -999.0} "" -999.0 -999.0 -999.0 -999.0 -999 -999 "" "" "" "" 0 0 0.0 0.0 -999 ""
FIBERMAP 1293 R+1C5 APOGEE 0 0 0 1 0 0 -192.99971757308444 9.586949367665301 143.1 5.143153574389916 -193.167270189378 228.46603 140.54959 -999.0 -999.0 -999.0 -999.0 -999.0 309.9474488196379 -21.636203202446115 309.98508136269095 -21.545162984821772 48.51822886263051 90.38070321045927 -999.0 16600.0 -999.0 2 39 {-999.0 -999.0 -999.0 -999.0 -999.0} "" -999.0 -999.0 -999.0 -999.0 -999 -999 "" "" "" "" 0 0 0.0 0.0 -999 ""
FIBERMAP 1293 R+1C5 BOSS 1 1 0 1 0 0 -193.72031989640658 9.452880587946831 143.1 5.331724792436553 -193.87555840017944 228.46603 140.54959 309.94828593917555 -21.638251008279628 -9.4221 -26.382845 2.3381004 309.94825217566023 -21.638335033260905 309.9856972996055 -21.54735716370311 48.518437862965165 90.38411225688185 5400.0 5400.0 2016.0 1 65 {-999.0 17.028143 15.809798 15.15572 -999.0} sdss_psfmag_ps1 16.516684 15.668781 14.756354 12.931 63050396543785116 1124700010 bright_1x1 openfibertargets_mwm_snc_further_ext_boss open_fiber science 0 0 0.0 0.0 -999 ""
FIBERMAP 1293 R+1C5 METROLOGY 0 0 0 1 0 0 -193.50396350514927 10.152450937859623 143.1 4.617712873838443 -193.71312407113373 228.46603 140.54959 -999.0 -999.0 -999.0 -999.0 -999.0 309.94587105261473 -21.637885771523777 309.9833719547755 -21.546894274849333 48.52031358397924 90.38234269650752 -999.0 6231.0 -999.0 -1 -999 {-999.0 -999.0 -999.0 -999.0 -999.0} "" -999.0 -999.0 -999.0 -999.0 -999 -999 "" "" "" "" 0 0 0.0 0.0 -999 ""
FIBERMAP 1294 R+13C4 APOGEE 0 0 0 1 0 0 -88.79214773959596 260.9293626878809 143.1 -253.40461514080698 -108.4100746647243 143.10927 114.481224 -999.0 -999.0 -999.0 -999.0 -999.0 309.10830591232855 -21.374991669157694 309.1462163422093 -21.285639568598608 49.162779861839944 89.6032860634079 -999.0 16600.0 -999.0 2 53 {-999.0 -999.0 -999.0 -999.0 -999.0} "" -999.0 -999.0 -999.0 -999.0 -999 -999 "" "" "" "" 0 0 0.0 0.0 -999 ""
FIBERMAP 1294 R+13C4 BOSS 1 1 0 1 0 0 -88.55339027276247 261.6420316527434 143.1 -254.1333939289698 -108.22630239150433 143.10927 114.481224 309.10614044233995 -21.37433324014494 0.32614255 0.23552844 -0.26982617 309.10616107882015 -21.374344529062775 309.143885717289 -21.285060715823988 49.164618015554886 89.60130844328131 5400.0 5400.0 2016.0 1 90 {-999.0 20.658722 20.375456 20.065496 -999.0} sdss_psfmag_ps1 20.625935 20.315376 19.686285 -999.0 63050396543867027 1117383585 bright_1x1 openfibertargets_bhm_quaia_boss open_fiber science 0 0 0.0 0.0 -999 ""
FIBERMAP 1294 R+13C4 METROLOGY 0 0 0 1 0 0 -88.04956036424818 261.0625219267586 143.1 -253.59395422647586 -107.67979622026685 143.10927 114.481224 -999.0 -999.0 -999.0 -999.0 -999.0 309.10779948410396 -21.372750403451413 309.14557155474915 -21.283445813859117 49.162586114081996 89.5998203570731 -999.0 6231.0 -999.0 -1 -999 {-999.0 -999.0 -999.0 -999.0 -999.0} "" -999.0 -999.0 -999.0 -999.0 -999 -999 "" "" "" "" 0 0 0.0 0.0 -999 ""
FIBERMAP 1295 R-12C3 APOGEE 0 0 0 1 0 0 -131.3028150425877 -232.60595774628516 143.1 241.9299811625612 -113.20072371997828 224.28142 64.22915 -999.0 -999.0 -999.0 -999.0 -999.0 310.7172560168215 -21.392804320293873 310.75350519360177 -21.30038809325065 47.7623325213789 90.40372487283383 -999.0 16600.0 -999.0 2 -999 {-999.0 -999.0 -999.0 -999.0 -999.0} "" -999.0 -999.0 -999.0 -999.0 -999 -999 "" "" "" "" 0 0 0.0 0.0 -999 ""
FIBERMAP 1295 R-12C3 BOSS 1 1 0 1 0 0 -131.57721988929944 -231.87705726382057 143.1 241.2241093761422 -113.52985393925034 224.28142 64.22915 310.7152786426669 -21.39357072730675 -31.107458 -62.66365 1.6462752 310.71517262233317 -21.39374387180195 310.75123023238746 -21.30139836669817 47.76467049298466 90.40404748501464 5400.0 5400.0 2016.0 1 425 {-999.0 14.302962 13.881192 13.723074 -999.0} sdss_psfmag_from_g3xp 14.218458 13.8897295 13.389318 12.455 63050396543793621 1072551047 bright_1x1 mwm_halo_local_high_boss_single mwm_halo science 0 0 0.0 0.0 -999 ""
FIBERMAP 1295 R-12C3 METROLOGY 0 0 0 1 0 0 -130.80484198334645 -232.0478170390562 143.1 241.33553377597795 -112.74672017420632 224.28142 64.22915 -999.0 -999.0 -999.0 -999.0 -999.0 310.7155266554645 -21.391416748250062 310.75163411121093 -21.299052302080003 47.763507762081126 90.40096482472842 -999.0 6231.0 -999.0 -1 -999 {-999.0 -999.0 -999.0 -999.0 -999.0} "" -999.0 -999.0 -999.0 -999.0 -999 -999 "" "" "" "" 0 0 0.0 0.0 -999 ""
FIBERMAP 1297 R+11C13 APOGEE 0 0 0 1 0 0 99.74353546101344 224.18270499889735 143.1 -231.12719631150847 82.3751239374778 76.56337 135.285 -999.0 -999.0 -999.0 -999.0 -999.0 309.184191798886 -20.798340793682602 309.2206853234122 -20.709023281135078 48.89561315061014 88.81676742182191 -999.0 16600.0 -999.0 2 123 {-999.0 -999.0 -999.0 -999.0 -999.0} "" -999.0 -999.0 -999.0 -999.0 -999 -999 "" "" "" "" 0 0 0.0 0.0 -999 ""
FIBERMAP 1297 R+11C13 BOSS 1 1 0 1 0 0 100.36199730059637 224.5778625051832 143.1 -231.56831420704222 82.96168051912208 76.56337 135.285 309.18303806113124 -20.796110572272106 -24.7388 -133.03831 2.5993748 309.1829549696939 -20.796487534211863 309.21925867708364 -20.707239441011016 48.89622634450828 88.81350972170173 5400.0 5400.0 2016.0 1 104 {-999.0 19.671276 18.311935 17.179127 -999.0} sdss_psfmag_ps1 19.15576 17.788977 16.668406 14.588 63050396543890641 1072837575 bright_1x1 mwm_halo_local_high_boss_single mwm_halo science 0 0 0.0 0.0 -999 ""
FIBERMAP 1297 R+11C13 METROLOGY 0 0 0 1 0 0 100.4169217592323 223.84667474752294 143.1 -230.84344244625962 83.07214455403079 76.56337 135.285 -999.0 -999.0 -999.0 -999.0 -999.0 309.1851945851112 -20.79616711181522 309.2215481869281 -20.70689598029779 48.89410253283231 88.81417946249167 -999.0 6231.0 -999.0 -1 -999 {-999.0 -999.0 -999.0 -999.0 -999.0} "" -999.0 -999.0 -999.0 -999.0 -999 -999 "" "" "" "" 0 0 0.0 0.0 -999 ""
FIBERMAP 1298 R+9C18 APOGEE 0 0 0 1 0 0 183.78792001401953 194.2664773098788 143.1 -207.70045229876817 168.45337995684204 166.5532 45.54412 -999.0 -999.0 -999.0 -999.0 -999.0 309.2622483659925 -20.538618719442663 309.2980626764753 -20.4492328602764 48.735037490525734 88.48769654781245 -999.0 16600.0 -999.0 2 102 {-999.0 -999.0 -999.0 -999.0 -999.0} "" -999.0 -999.0 -999.0 -999.0 -999 -999 "" "" "" "" 0 0 0.0 0.0 -999 ""
FIBERMAP 1298 R+9C18 BOSS 1 1 0 1 0 0 184.4267223779401 194.62786497187832 143.1 -208.10944829802042 169.06279024057758 166.5532 45.54412 309.26117464505484 -20.536681301565498 -5.694246 -12.366941 0.3037524 309.2611449986593 -20.536714279924553 309.29676885231754 -20.447398816363915 48.735508342246035 88.48444051255137 5400.0 5400.0 2016.0 1 176 {-999.0 16.051283 15.703248 15.504294 -999.0} sdss_psfmag_ps1 15.959737 15.645425 15.147328 14.222 63050396543901379 1076091570 bright_1x1 mwm_halo_mp_xp_boss_single mwm_halo science 0 0 0.0 0.0 -999 ""
FIBERMAP 1298 R+9C18 METROLOGY 0 0 0 1 0 0 184.42387257006308 193.88546009782618 143.1 -207.36899105478707 169.11650295530904 166.5532 45.54412 -999.0 -999.0 -999.0 -999.0 -999.0 309.2634311437159 -20.536543349942548 309.29910531765256 -20.44720437306461 48.733395858568535 88.48536034252669 -999.0 6231.0 -999.0 -1 -999 {-999.0 -999.0 -999.0 -999.0 -999.0} "" -999.0 -999.0 -999.0 -999.0 -999 -999 "" "" "" "" 0 0 0.0 0.0 -999 ""
FIBERMAP 1299 R+7C16 APOGEE 0 0 0 1 0 0 133.4683937038625 130.7381485059632 143.1 -140.5241677577143 123.1199771176559 319.94098 130.68677 -999.0 -999.0 -999.0 -999.0 -999.0 309.47754584137766 -20.67604961788047 309.51345671981835 -20.5862075302344 48.595865131849926 88.79085247124289 -999.0 16600.0 -999.0 2 62 {-999.0 -999.0 -999.0 -999.0 -999.0} "" -999.0 -999.0 -999.0 -999.0 -999 -999 "" "" "" "" 0 0 0.0 0.0 -999 ""
FIBERMAP 1299 R+7C16 BOSS 1 1 0 1 0 0 133.44490216599274 129.9975957463523 143.1 -139.78398480239142 123.15296720139966 319.94098 130.68677 309.4800239224322 -20.675838160063126 25.03402 -5.05524 2.066956 309.4800798732164 -20.675848633937598 309.51579920014353 -20.58606929766937 48.59376771134558 88.79184250485196 5400.0 5400.0 2016.0 1 209 {-999.0 18.142666 16.80413 16.128778 -999.0} sdss_psfmag_ps1 17.638742 16.659557 15.679054 13.756 63050396543881670 1096671439 bright_1x1 mwm_bin_vis_boss mwm_filler science 0 0 0.0 0.0 -999 ""
FIBERMAP 1299 R+7C16 METROLOGY 0 0 0 1 0 0 132.82345904169287 130.37066237266325 143.1 -140.10862392883178 122.50491697991606 319.94098 130.68677 -999.0 -999.0 -999.0 -999.0 -999.0 309.47894223115117 -20.67780956911613 309.5147206572975 -20.588012645264847 48.595405320812304 88.7940410046159 -999.0 6231.0 -999.0 -1 -999 {-999.0 -999.0 -999.0 -999.0 -999.0} "" -999.0 -999.0 -999.0 -999.0 -999 -999 "" "" "" "" 0 0 0.0 0.0 -999 ""
FIBERMAP 1305 R+6C10 APOGEE 0 0 0 1 0 0 -18.000630677651195 108.30971061568215 143.1 -106.62266379345795 -26.198858256370197 258.56778 150.20158 -999.0 -999.0 -999.0 -999.0 -999.0 309.5848423602188 -21.129233348034475 309.62168670293283 -21.03904337957849 48.661319712003326 89.48586658621787 -999.0 16600.0 -999.0 2 -999 {-999.0 -999.0 -999.0 -999.0 -999.0} "" -999.0 -999.0 -999.0 -999.0 -999 -999 "" "" "" "" 0 0 0.0 0.0 -999 ""
FIBERMAP 1305 R+6C10 BOSS 1 1 0 1 0 0 -18.490287413122832 107.75412193670715 143.1 -106.03139450687753 -26.644764133279303 258.56778 150.20158 309.58687744242854 -21.13042152749688 8.364729 -49.963898 0.51257175 309.58688638713465 -21.1305434322482 309.6235424009071 -21.040415034874773 48.66017648145734 89.48872883485808 5400.0 5400.0 2016.0 1 133 {-999.0 14.487784 14.026214 13.82435 -999.0} sdss_psfmag_from_g3xp 14.385079 14.026122 13.487311 12.435 63050396543870052 1071101223 bright_1x1 mwm_halo_vmp_xp_boss_single mwm_halo science 0 0 0.0 0.0 -999 ""
FIBERMAP 1305 R+6C10 METROLOGY 0 0 0 1 0 0 -18.73553330766763 108.4490531475632 143.1 -106.70561731300356 -26.94223274381525 258.56778 150.20158 -999.0 -999.0 -999.0 -999.0 -999.0 309.58462595808913 -21.131458273359073 309.62134007341683 -21.04131523115142 48.662416966144065 89.48891796806743 -999.0 6231.0 -999.0 -1 -999 {-999.0 -999.0 -999.0 -999.0 -999.0} "" -999.0 -999.0 -999.0 -999.0 -999 -999 "" "" "" "" 0 0 0.0 0.0 -999 ""
FIBERMAP 1307 R+1C13 APOGEE 0 0 0 1 0 0 -10.166061845529981 -2.633945636339856 143.1 3.400686118250163 -9.935773206538446 346.78833 20.21762 -999.0 -999.0 -999.0 -999.0 -999.0 309.94302969070634 -21.080923911114372 309.97938825309893 -20.990066599545948 48.331384967160595 89.59297827377446 -999.0 16600.0 -999.0 2 11 {-999.0 -999.0 -999.0 -999.0 -999.0} "" -999.0 -999.0 -999.0 -999.0 -999 -999 "" "" "" "" 0 0 0.0 0.0 -999 ""
FIBERMAP 1307 R+1C13 BOSS 1 1 0 1 0 0 -10.908220667275165 -2.746863111821721 143.1 3.569809815961515 -10.667166304798098 346.78833 20.21762 309.9437497255466 -21.083040510390884 25.033443 -14.54809 0.8892847 309.9437695033111 -21.083086985187748 309.9799409598421 -20.99229438830649 48.33168213893787 89.59638879538994 5400.0 5400.0 2016.0 1 13 {-999.0 14.533579 14.109392 13.96249 -999.0} sdss_psfmag_from_g3xp 14.450855 14.125776 13.629861 12.706 63050396543874486 1072515522 bright_1x1 mwm_halo_local_high_boss_single mwm_halo science 0 0 0.0 0.0 -999 ""
FIBERMAP 1307 R+1C13 METROLOGY 0 0 0 1 0 0 -10.63602583828349 -2.049519370680354 143.1 2.853764406286084 -10.448886736499267 346.78833 20.21762 -999.0 -999.0 -999.0 -999.0 -999.0 309.941385129099 -21.08243923993449 309.9776118211478 -20.99163244373092 48.33348698421748 89.59431028013512 -999.0 6231.0 -999.0 -1 -999 {-999.0 -999.0 -999.0 -999.0 -999.0} "" -999.0 -999.0 -999.0 -999.0 -999 -999 "" "" "" "" 0 0 0.0 0.0 -999 ""
FIBERMAP 1310 R+2C13 APOGEE 0 0 0 1 0 0 -14.936102899311331 52.773322591213706 143.1 -51.48165669947259 -18.91266789965227 190.68333 50.106884 -999.0 -999.0 -999.0 -999.0 -999.0 309.7642834324367 -21.1077595201346 309.8008909055909 -21.017233822498618 48.49698612957451 89.54341126532535 -999.0 16600.0 -999.0 2 -999 {-999.0 -999.0 -999.0 -999.0 -999.0} "" -999.0 -999.0 -999.0 -999.0 -999 -999 "" "" "" "" 0 0 0.0 0.0 -999 ""
FIBERMAP 1310 R+2C13 BOSS 1 1 0 1 0 0 -14.579166850073964 53.437622098241405 143.1 -52.171209562309166 -18.607376989189284 190.68333 50.106884 309.7621320105924 -21.106720123963488 14.269714 -15.64124 3.765268 309.76219779727035 -21.10677122822214 309.7986149377932 -21.016316153929154 48.498655243245075 89.54099203360045 5400.0 5400.0 2016.0 1 110 {-999.0 15.92864 14.576814 13.878465 -999.0} sdss_psfmag_from_g3xp 15.384848 14.503849 13.487638 11.564 63050396543865402 942015448 bright_1x1 openfibertargets_nov2020_34a open_fiber science 0 0 0.0 0.0 -999 ""
FIBERMAP 1310 R+2C13 METROLOGY 0 0 0 1 0 0 -14.188633135321574 52.80137911838987 143.1 -51.56657146024571 -18.169514888225933 190.68333 50.106884 -999.0 -999.0 -999.0 -999.0 -999.0 309.7641117471542 -21.105467394074868 309.8005777883428 -21.014990289849123 48.496474828123844 89.5400853496169 -999.0 6231.0 -999.0 -1 -999 {-999.0 -999.0 -999.0 -999.0 -999.0} "" -999.0 -999.0 -999.0 -999.0 -999 -999 "" "" "" "" 0 0 0.0 0.0 -999 ""
FIBERMAP 1311 R-8C9 APOGEE 0 0 0 1 0 0 -8.35836420834617 -142.7955255573392 143.1 143.0158746893329 2.5437491613705374 83.36933 68.569855 -999.0 -999.0 -999.0 -999.0 -999.0 310.39699083111515 -21.04325733866765 310.4327850037324 -20.951553182237685 47.92139770390293 89.76135752724429 -999.0 16600.0 -999.0 2 -999 {-999.0 -999.0 -999.0 -999.0 -999.0} "" -999.0 -999.0 -999.0 -999.0 -999 -999 "" "" "" "" 0 0 0.0 0.0 -999 ""
FIBERMAP 1311 R-8C9 BOSS 1 1 0 1 0 0 -7.706046272818718 -143.14917812638458 143.1 143.31880441441808 3.2211052630075008 83.36933 68.569855 310.39831009008526 -21.041040065550984 -23.36807 -31.181644 0.5010093 310.39823617059625 -21.04113253435009 310.4338302110897 -20.94949460688855 47.91976116744359 89.7589924003608 5400.0 5400.0 2016.0 1 387 {-999.0 16.12378 15.842175 15.791744 -999.0} sdss_psfmag_ps1 16.096106 15.825124 15.388078 14.604 63050396543873612 1072895555 bright_1x1 mwm_halo_local_high_boss_single mwm_halo science 0 0 0.0 0.0 -999 ""
FIBERMAP 1311 R-8C9 METROLOGY 0 0 0 1 0 0 -8.330840564820807 -143.54301513308135 143.1 143.75908804824846 2.6281341014878015 83.36933 68.569855 -999.0 -999.0 -999.0 -999.0 -999.0 310.39962777609884 -21.042949459357917 310.43527945031155 -20.951289089842064 47.919123679636826 89.76220850814752 -999.0 6231.0 -999.0 -1 -999 {-999.0 -999.0 -999.0 -999.0 -999.0} "" -999.0 -999.0 -999.0 -999.0 -999 -999 "" "" "" "" 0 0 0.0 0.0 -999 ""
FIBERMAP 1313 R+6C17 APOGEE 1 1 0 1 0 0 121.41471032669524 101.45606906866715 143.1 -110.40925562500723 113.33206256473598 278.30676 57.3678 309.5747495984968 -20.70595648947063 7.5762925 1.1607612 1.3300929 309.57477972684626 -20.705934458458206 309.61065944024676 -20.615896962772272 48.521485091558084 88.88185507295253 16000.0 16600.0 2016.0 2 63 {-999.0 12.242774 11.954354 11.877344 -999.0} sdss_psfmag_from_g3xp 12.209776 11.9582 11.550236 10.893 63050396543881556 946976204 bright_1x1 openfibertargets_nov2020_9 open_fiber science 0 0 0.0 0.0 -999 ""
FIBERMAP 1313 R+6C17 BOSS 0 0 0 1 0 0 120.76254917921526 101.84470494782909 143.1 -110.74707859874 112.65219786862288 278.30676 57.3678 -999.0 -999.0 -999.0 -999.0 -999.0 309.5738132169084 -20.707876090764312 309.60950934521316 -20.617907424763704 48.52320816187587 88.88411058597654 -999.0 5400.0 -999.0 1 215 {-999.0 -999.0 -999.0 -999.0 -999.0} "" -999.0 -999.0 -999.0 -999.0 -999 -999 "" "" "" "" 0 0 0.0 0.0 -999 ""
FIBERMAP 1313 R+6C17 METROLOGY 0 0 0 1 0 0 121.4275084575997 102.1983453168603 143.1 -111.1503424513306 113.2882789638271 278.30676 57.3678 -999.0 -999.0 -999.0 -999.0 -999.0 309.572451878925 -20.705951983710154 309.6081985639039 -20.615967374300503 48.52366181030753 88.88071319667671 -999.0 6231.0 -999.0 -1 -999 {-999.0 -999.0 -999.0 -999.0 -999.0} "" -999.0 -999.0 -999.0 -999.0 -999 -999 "" "" "" "" 0 0 0.0 0.0 -999 ""
FIBERMAP 1315 R+3C7 APOGEE 1 1 0 1 0 0 -120.37184232986198 37.67716592820433 143.1 -28.39773417343954 -122.89099475929517 334.58817 45.325573 309.8386020450217 -21.423426712466984 -2.717809 -1.5733466 0.2859783 309.83858528007534 -21.42345024191708 309.87584227695436 -21.332683825039826 48.54096214188896 90.02666472573293 16000.0 16600.0 2016.0 2 26 {-999.0 12.6805105 11.676334 11.266333 -999.0} sdss_psfmag_from_g3xp 12.342488 11.68331 10.901722 9.172 63050396543863353 1153162466 bright_1x1 mwm_galactic_core_dist_apogee_sparse mwm_galactic science 0 0 0.0 0.0 -999 ""
FIBERMAP 1315 R+3C7 BOSS 0 0 0 1 0 0 -121.06016622076461 37.40355676818335 143.1 -28.072488325813996 -123.55646888135226 334.58817 45.325573 -999.0 -999.0 -999.0 -999.0 -999.0 309.8398163812066 -21.42546607314545 309.87688594485803 -21.334761872341687 48.540765197798365 90.03011704744495 -999.0 5400.0 -999.0 1 44 {-999.0 -999.0 -999.0 -999.0 -999.0} "" -999.0 -999.0 -999.0 -999.0 -999 -999 "" "" "" "" 0 0 0.0 0.0 -999 ""
FIBERMAP 1315 R+3C7 METROLOGY 0 0 0 1 0 0 -120.96088758089344 38.1404485994868 143.1 -28.814794265290868 -123.5136139661076 334.58817 45.325573 -999.0 -999.0 -999.0 -999.0 -999.0 309.83733899703867 -21.425360639546522 309.8744650140802 -21.334642709783505 48.54284122377236 90.02877502574216 -999.0 6231.0 -999.0 -1 -999 {-999.0 -999.0 -999.0 -999.0 -999.0} "" -999.0 -999.0 -999.0 -999.0 -999 -999 "" "" "" "" 0 0 0.0 0.0 -999 ""
FIBERMAP 1319 R0C9 APOGEE 0 0 0 1 0 0 -113.64106755408304 -14.958920232316247 143.1 23.572143941629427 -112.17018396989856 279.04916 101.97218 -999.0 -999.0 -999.0 -999.0 -999.0 310.0080901980199 -21.391302303711974 310.04509360214615 -21.300223802116317 48.3817647619554 90.06268076084609 -999.0 16600.0 -999.0 2 276 {-999.0 -999.0 -999.0 -999.0 -999.0} "" -999.0 -999.0 -999.0 -999.0 -999 -999 "" "" "" "" 0 0 0.0 0.0 -999 ""
FIBERMAP 1319 R0C9 BOSS 1 1 0 1 0 0 -114.32640467047717 -15.216529258220156 143.1 23.881208785017137 -112.83389886936496 279.04916 101.97218 310.0093122680472 -21.3933021988242 -3.0199363 -2.9997308 0.11798126 310.0092989790524 -21.393309074883394 310.04611395291295 -21.302293313970097 48.381586441426236 90.06609921606236 5400.0 5400.0 2016.0 1 449 {-999.0 15.711347 15.862867 15.964705 -999.0} sdss_psfmag_ps1 15.805905 15.732247 15.612493 15.418 63050396543863201 1061111492 bright_1x1 manual_mwm_halo_distant_bhb_boss_single mwm_halo science 0 0 0.0 0.0 -999 ""
FIBERMAP 1319 R0C9 METROLOGY 0 0 0 1 0 0 -114.21748697062375 -14.477685538091846 143.1 23.136222372924145 -112.78158168905746 279.04916 101.97218 -999.0 -999.0 -999.0 -999.0 -999.0 310.006818363698 -21.39317757207147 310.04369002076305 -21.302147948131196 48.383655983975814 90.06472076555485 -999.0 6231.0 -999.0 -1 -999 {-999.0 -999.0 -999.0 -999.0 -999.0} "" -999.0 -999.0 -999.0 -999.0 -999 -999 "" "" "" "" 0 0 0.0 0.0 -999 ""
FIBERMAP 1320 R+5C8 APOGEE 0 0 0 1 0 0 -90.07677879766938 105.75052267569461 143.1 -98.58038966510864 -97.86989374066148 153.95618 105.760376 -999.0 -999.0 -999.0 -999.0 -999.0 309.61018038297374 -21.34674929306834 309.64750085853905 -21.25644260840272 48.71433140208999 89.80731412367726 -999.0 16600.0 -999.0 2 -999 {-999.0 -999.0 -999.0 -999.0 -999.0} "" -999.0 -999.0 -999.0 -999.0 -999 -999 "" "" "" "" 0 0 0.0 0.0 -999 ""
FIBERMAP 1320 R+5C8 BOSS 1 1 0 1 0 0 -89.97488962891661 106.47403234275471 143.1 -99.30955132274534 -97.82341649458165 153.95618 105.760376 309.60789438061454 -21.34648682176794 16.800604 -34.207275 2.685888 309.6079476573253 -21.346577881779986 309.645080674002 -21.256340568513103 48.71641252064541 89.80598695793219 5400.0 5400.0 2016.0 1 67 {-999.0 18.684015 17.508583 16.18855 -999.0} sdss_psfmag_ps1 17.997562 16.966969 15.344429 13.131 63050396543864154 1096258803 bright_1x1 mwm_bin_vis_boss mwm_filler science 0 0 0.0 0.0 -999 ""
FIBERMAP 1320 R+5C8 METROLOGY 0 0 0 1 0 0 -89.37625585998255 106.01275507371345 143.1 -98.89522121074432 -97.1913894939085 153.95618 105.760376 -999.0 -999.0 -999.0 -999.0 -999.0 309.60923674445706 -21.34469782701097 309.6464177297395 -21.254440212403555 48.71458615417126 89.8039375096962 -999.0 6231.0 -999.0 -1 -999 {-999.0 -999.0 -999.0 -999.0 -999.0} "" -999.0 -999.0 -999.0 -999.0 -999 -999 "" "" "" "" 0 0 0.0 0.0 -999 ""
FIBERMAP 1321 R-6C21 APOGEE 0 0 0 1 0 0 238.7553316043108 -118.22365629086937 143.1 99.69126031384026 247.06509281064203 5.7066193 104.102554 -999.0 -999.0 -999.0 -999.0 -999.0 310.2552914422464 -20.303715060752065 310.28955198885274 -20.212512461029306 47.7826427451865 88.66130758230304 -999.0 16600.0 -999.0 2 195 {-999.0 -999.0 -999.0 -999.0 -999.0} "" -999.0 -999.0 -999.0 -999.0 -999 -999 "" "" "" "" 0 0 0.0 0.0 -999 ""
FIBERMAP 1321 R-6C21 BOSS 1 1 0 1 0 0 239.0193009090009 -118.93395761094446 143.1 100.37938211852888 247.38240108675987 5.7066193 104.102554 310.25769288153896 -20.30269383946596 -0.80612034 -0.36307654 0.47616807 310.25769796752854 -20.302700077479493 310.29176074010024 -20.211563915727215 47.78036700605566 88.661113605553 5400.0 5400.0 2016.0 1 268 {-999.0 13.734267 13.772238 13.870024 -999.0} sdss_psfmag_from_g3xp 13.811617 13.714613 13.547761 13.24 63050396543884266 942015642 bright_1x1 openfibertargets_nov2020_34a open_fiber science 0 0 0.0 0.0 -999 ""
FIBERMAP 1321 R-6C21 METROLOGY 0 0 0 1 0 0 238.28722819672166 -118.81192741602676 143.1 100.31347488146196 246.64316706826975 5.7066193 104.102554 -999.0 -999.0 -999.0 -999.0 -999.0 310.25745792301194 -20.30489213807964 310.2915806060629 -20.213735702312277 47.78131379735181 88.66403314883462 -999.0 6231.0 -999.0 -1 -999 {-999.0 -999.0 -999.0 -999.0 -999.0} "" -999.0 -999.0 -999.0 -999.0 -999 -999 "" "" "" "" 0 0 0.0 0.0 -999 ""
FIBERMAP 1322 R+4C3 APOGEE 0 0 0 1 0 0 -200.7241765278782 65.4395640097869 143.1 -49.958178267216645 -205.1238934015629 268.36725 124.14129 -999.0 -999.0 -999.0 -999.0 -999.0 309.7677179019283 -21.67175718898272 309.8056241821131 -21.581047936724246 48.687374180351895 90.34581071730497 -999.0 16600.0 -999.0 2 20 {-999.0 -999.0 -999.0 -999.0 -999.0} "" -999.0 -999.0 -999.0 -999.0 -999 -999 "" "" "" "" 0 0 0.0 0.0 -999 ""
FIBERMAP 1322 R+4C3 BOSS 1 1 0 1 0 0 -201.3418798864907 65.05438075743353 143.1 -49.527063321304816 -205.7104535230712 268.36725 124.14129 309.7690528344903 -21.67347800710751 15.501209 -14.904695 0.5417237 309.7692975417793 -21.673514901766723 309.80701576146 -21.58286612858821 48.686775613755344 90.34906728128061 5400.0 5400.0 2016.0 1 29 {-999.0 14.184988 13.425312 13.13933 -999.0} sdss_psfmag_from_g3xp 13.969281 13.457977 12.789229 11.396 63050396543784985 1072551049 bright_1x1 mwm_halo_local_high_boss_single mwm_halo science 0 0 0.6695597171783447 0.0 -999 ""
FIBERMAP 1322 R+4C3 METROLOGY 0 0 0 1 0 0 -201.39016601535053 65.7751557975327 143.1 -50.242058414539706 -205.81350537429026 268.36725 124.14129 -999.0 -999.0 -999.0 -999.0 -999.0 309.76690419822853 -21.6738645889323 309.80467975658723 -21.583202116184218 48.688932631422 90.34842695845441 -999.0 6231.0 -999.0 -1 -999 {-999.0 -999.0 -999.0 -999.0 -999.0} "" -999.0 -999.0 -999.0 -999.0 -999 -999 "" "" "" "" 0 0 0.0 0.0 -999 ""
FIBERMAP 1327 R+4C12 APOGEE 0 0 0 1 0 0 -0.3936683400732594 64.42701628567862 143.1 -64.20917005447845 -5.300380502233747 269.65497 115.70062 -999.0 -999.0 -999.0 -999.0 -999.0 309.7230131798312 -21.06629459432779 309.75956829874576 -20.975860611700288 48.518628314720345 89.46452200923324 -999.0 16600.0 -999.0 2 -999 {-999.0 -999.0 -999.0 -999.0 -999.0} "" -999.0 -999.0 -999.0 -999.0 -999 -999 "" "" "" "" 0 0 0.0 0.0 -999 ""
FIBERMAP 1327 R+4C12 BOSS 1 1 0 1 0 0 -1.0387584605401268 64.09116430563944 143.1 -63.82515629692896 -5.918005441450897 269.65497 115.70062 309.7243939142206 -21.06810539573365 2.081664 -5.971464 -0.010849248 309.72440380843886 -21.068111519799793 309.7607716522457 -20.977740734164275 48.51823527608142 89.46777502588117 5400.0 5400.0 2016.0 1 120 {-999.0 16.989965 16.51339 16.246906 -999.0} sdss_psfmag_ps1 16.785213 16.403654 15.840774 14.729 63050396543865443 1061918829 bright_1x1 manual_mwm_halo_vmp_wise_boss_single mwm_halo science 0 0 0.0 0.0 -999 ""
FIBERMAP 1327 R+4C12 METROLOGY 0 0 0 1 0 0 -1.0184052181048495 64.83835805358389 143.1 -64.57172181055506 -5.954630560816053 269.65497 115.70062 -999.0 -999.0 -999.0 -999.0 -999.0 309.7219143650666 -21.06823429500373 309.7583389462226 -20.977849390973844 48.52040064455049 89.46672629031923 -999.0 6231.0 -999.0 -1 -999 {-999.0 -999.0 -999.0 -999.0 -999.0} "" -999.0 -999.0 -999.0 -999.0 -999 -999 "" "" "" "" 0 0 0.0 0.0 -999 ""
FIBERMAP 1337 R-5C21 APOGEE 0 0 0 1 0 0 199.0007554988381 -82.54849904929239 143.1 67.14851181996036 204.70880575901 185.60774 53.515873 -999.0 -999.0 -999.0 -999.0 -999.0 310.15052919074776 -20.430901371650236 310.1851866437431 -20.339856292543686 47.920035481964426 88.78530465273707 -999.0 16600.0 -999.0 2 -999 {-999.0 -999.0 -999.0 -999.0 -999.0} "" -999.0 -999.0 -999.0 -999.0 -999 -999 "" "" "" "" 0 0 0.0 0.0 -999 ""
FIBERMAP 1337 R-5C21 BOSS 1 1 0 1 0 0 199.35015935621325 -81.94030260232363 143.1 66.51547221077718 205.01086020574567 185.60774 53.515873 310.1486814630147 -20.429857036636392 -1.8275207 -1.1491014 1.526759 310.1486910915251 -20.429872569427864 310.1831557386952 -20.33890119872971 47.921465938684186 88.78294894793339 5400.0 5400.0 2016.0 1 277 {-999.0 20.659025 20.117086 20.068869 -999.0} sdss_psfmag_ps1 20.437199 20.158236 19.672121 -999.0 63050396543883976 1117383562 bright_1x1 openfibertargets_bhm_quaia_boss open_fiber science 0 0 0.0 0.0 -999 ""
FIBERMAP 1337 R-5C21 METROLOGY 0 0 0 1 0 0 199.74874656109773 -82.55125360475479 143.1 67.09427859121605 205.4548256460701 185.60774 53.515873 -999.0 -999.0 -999.0 -999.0 -999.0 310.1505162997497 -20.428527535837286 310.1850305103608 -20.33753333629738 47.919332524197216 88.78199374649739 -999.0 6231.0 -999.0 -1 -999 {-999.0 -999.0 -999.0 -999.0 -999.0} "" -999.0 -999.0 -999.0 -999.0 -999 -999 "" "" "" "" 0 0 0.0 0.0 -999 ""
FIBERMAP 1343 R+6C1 APOGEE 0 0 0 1 0 0 -225.08289269014705 128.48560702950058 143.1 -110.96481508672883 -234.21424543301333 85.637886 125.0558 -999.0 -999.0 -999.0 -999.0 -999.0 309.56888537931354 -21.758256739767404 309.60720379789075 -21.6679001899711 48.890356577471785 90.37481829294188 -999.0 16600.0 -999.0 2 50 {-999.0 -999.0 -999.0 -999.0 -999.0} "" -999.0 -999.0 -999.0 -999.0 -999 -999 "" "" "" "" 0 0 0.0 0.0 -999 ""
FIBERMAP 1343 R+6C1 BOSS 1 1 0 1 0 0 -224.42980778766344 128.86786084304393 143.1 -111.39570439718403 -233.59218377792652 85.637886 125.0558 309.56768553630565 -21.75628751051532 -4.7904053 -10.203252 0.06044897 309.5676724767022 -21.756321259855362 309.6057983768188 -21.666030939342985 48.890952734162454 90.37147066914315 5400.0 5400.0 2016.0 1 87 {-999.0 17.517342 17.044743 16.891685 -999.0} sdss_psfmag_ps1 17.392681 17.042477 16.53096 15.667 63050396543859813 944753758 bright_1x1 openfibertargets_nov2020_6c open_fiber science 0 0 0.0 0.0 -999 ""
FIBERMAP 1343 R+6C1 METROLOGY 0 0 0 1 0 0 -224.40860779328094 128.14476153197023 143.1 -110.67632846832062 -233.51596202672087 85.637886 125.0558 -999.0 -999.0 -999.0 -999.0 -999.0 309.5699372063211 -21.756168809751866 309.60811398450505 -21.665856267649417 48.8888686752819 90.37232883306945 -999.0 6231.0 -999.0 -1 -999 {-999.0 -999.0 -999.0 -999.0 -999.0} "" -999.0 -999.0 -999.0 -999.0 -999 -999 "" "" "" "" 0 0 0.0 0.0 -999 ""
FIBERMAP 1344 R-6C18 APOGEE 0 0 0 1 0 0 145.3128996358364 -107.62137355744976 143.1 96.23806074915368 153.08747176019287 154.34482 105.59815 -999.0 -999.0 -999.0 -999.0 -999.0 310.244787160781 -20.586929572267927 310.2797017503284 -20.495656902523628 47.893490906069644 89.04971291031939 -999.0 16600.0 -999.0 2 -999 {-999.0 -999.0 -999.0 -999.0 -999.0} "" -999.0 -999.0 -999.0 -999.0 -999 -999 "" "" "" "" 0 0 0.0 0.0 -999 ""
FIBERMAP 1344 R-6C18 BOSS 1 1 0 1 0 0 145.44159412468213 -106.95710347548328 143.1 95.56592399429626 153.1651888636372 154.34482 105.59815 310.2427803089123 -20.58648729323721 14.866494 -27.479372 0.61603147 310.2428407634589 -20.586568936509984 310.27756360639967 -20.49536950958515 47.89525733376806 89.04824135617991 5400.0 5400.0 2016.0 1 314 {-999.0 16.567225 16.234934 16.075361 -999.0} sdss_psfmag_ps1 16.49392 16.199694 15.763821 15.043 63050396543882846 1072955292 bright_1x1 mwm_halo_local_high_boss_single mwm_halo science 0 0 0.0 0.0 -999 ""
FIBERMAP 1344 R-6C18 METROLOGY 0 0 0 1 0 0 146.0166754225158 -107.36800059346211 143.1 95.93181501257307 153.76989425675595 154.34482 105.59815 -999.0 -999.0 -999.0 -999.0 -999.0 310.24397999007766 -20.584742599741976 310.27875217019846 -20.493521925435545 47.8935553303251 89.04626485528911 -999.0 6231.0 -999.0 -1 -999 {-999.0 -999.0 -999.0 -999.0 -999.0} "" -999.0 -999.0 -999.0 -999.0 -999 -999 "" "" "" "" 0 0 0.0 0.0 -999 ""
FIBERMAP 1352 R+7C11 APOGEE 0 0 0 1 0 0 20.549334782600056 135.69656594821126 143.1 -136.86628655852994 10.152452507369738 323.10373 147.68515 -999.0 -999.0 -999.0 -999.0 -999.0 309.4871780958908 -21.018495469962563 309.52386831615036 -20.92852715076059 48.70811380633399 89.28059671530059 -999.0 16600.0 -999.0 2 141 {-999.0 -999.0 -999.0 -999.0 -999.0} "" -999.0 -999.0 -999.0 -999.0 -999 -999 "" "" "" "" 0 0 0.0 0.0 -999 ""
FIBERMAP 1352 R+7C11 BOSS 1 1 0 1 0 0 20.832691066840958 135.0048816127825 143.1 -136.19820429757345 10.48767304708196 323.10373 147.68515 309.4895269361775 -21.01737199399917 -16.36835 -17.03543 2.4588723 309.4894701281589 -21.017416690858575 309.52596685557376 -20.927510480821933 48.705921416771524 89.28019857004779 5400.0 5400.0 2016.0 1 141 {-999.0 17.251144 15.894137 15.284904 -999.0} sdss_psfmag_ps1 16.671637 15.784862 14.859338 13.022 63050396543870513 1124700298 bright_1x1 openfibertargets_mwm_snc_further_ext_boss open_fiber science 0 0 0.0 0.0 -999 ""
FIBERMAP 1352 R+7C11 METROLOGY 0 0 0 1 0 0 20.083333992251937 135.1203003022501 143.1 -136.25620263543738 9.731708709393192 323.10373 147.68515 -999.0 -999.0 -999.0 -999.0 -999.0 309.4892001090109 -21.019727388148485 309.5257559066739 -20.929802213009737 48.70691146948826 89.28334473793467 -999.0 6231.0 -999.0 -1 -999 {-999.0 -999.0 -999.0 -999.0 -999.0} "" -999.0 -999.0 -999.0 -999.0 -999 -999 "" "" "" "" 0 0 0.0 0.0 -999 ""
FIBERMAP 1360 R-3C11 APOGEE 1 1 0 1 0 0 -38.32950485414089 -52.0954613398686 143.1 54.86338882650945 -34.24926427088632 55.40791 169.13531 310.11044533049085 -21.15494375616303 0.56271654 -7.8711805 0.16698593 310.11045490327564 -21.154975432918643 310.146807216817 -21.063777242519134 48.21075997287216 89.77883446957884 16000.0 16600.0 2016.0 2 151 {-999.0 13.729699 12.778398 12.386688 -999.0} sdss_psfmag_from_g3xp 13.421197 12.78969 12.026903 10.381 63050396543873165 1156316418 bright_1x1 mwm_galactic_core_dist_apogee_extra mwm_galactic science 0 0 0.0 0.0 -999 ""
FIBERMAP 1360 R-3C11 BOSS 0 0 0 1 0 0 -37.801928393574904 -51.54913272192333 143.1 54.27846398747766 -33.764843831937036 55.40791 169.13531 -999.0 -999.0 -999.0 -999.0 -999.0 310.10878113165654 -21.15345763771754 310.1449394466098 -21.062329944031006 48.21188805888784 89.77588616902113 -999.0 5400.0 -999.0 1 432 {-999.0 -999.0 -999.0 -999.0 -999.0} "" -999.0 -999.0 -999.0 -999.0 -999 -999 "" "" "" "" 0 0 0.0 0.0 -999 ""
FIBERMAP 1360 R-3C11 METROLOGY 0 0 0 1 0 0 -37.59657778769242 -52.28251079992714 143.1 54.994060661906154 -33.50422541357232 55.40791 169.13531 -999.0 -999.0 -999.0 -999.0 -999.0 310.1110627225001 -21.15268941774266 310.14727135163014 -21.06153870654718 48.20957263110834 89.77591355284824 -999.0 6231.0 -999.0 -1 -999 {-999.0 -999.0 -999.0 -999.0 -999.0} "" -999.0 -999.0 -999.0 -999.0 -999 -999 "" "" "" "" 0 0 0.0 0.0 -999 ""
FIBERMAP 1361 R+12C3 APOGEE 0 0 0 1 0 0 -114.37128258628852 224.86624220325155 143.1 -215.49810528188704 -131.16744317088202 200.99905 159.35396 -999.0 -999.0 -999.0 -999.0 -999.0 309.2304116215338 -21.444874019002224 309.2683575411761 -21.355264880625963 49.07997032802672 89.76307967822868 -999.0 16600.0 -999.0 2 -999 {-999.0 -999.0 -999.0 -999.0 -999.0} "" -999.0 -999.0 -999.0 -999.0 -999 -999 "" "" "" "" 0 0 0.0 0.0 -999 ""
FIBERMAP 1361 R+12C3 BOSS 1 1 0 1 0 0 -115.10952021412201 224.85097789493796 143.1 -215.42664871703386 -131.90236543891524 200.99905 159.35396 309.2308044433593 -21.44705325075948 -999.0 -999.0 -999.0 309.23080893562485 -21.447039565757457 309.2685722271859 -21.357492883008064 49.080549131002144 89.76637856918518 5400.0 5400.0 2015.5 1 99 {-999.0 -999.0 -999.0 -999.0 -999.0} "" -999.0 -999.0 -999.0 -999.0 27021603186174298 825562797 "" ops_sky_boss_good ops_sky sky_boss 0 0 0.0 0.0 -999 ""
FIBERMAP 1361 R+12C3 METROLOGY 0 0 0 1 0 0 -114.7369679930409 225.51875457867783 143.1 -216.12085821165326 -131.5817687716561 200.99905 159.35396 -999.0 -999.0 -999.0 -999.0 -999.0 309.22847341960465 -21.446091716323664 309.2662900203793 -21.356531715536704 49.08221419125255 89.76388425688504 -999.0 6231.0 -999.0 -1 -999 {-999.0 -999.0 -999.0 -999.0 -999.0} "" -999.0 -999.0 -999.0 -999.0 -999 -999 "" "" "" "" 0 0 0.0 0.0 -999 ""
FIBERMAP 1366 R+3C11 APOGEE 1 1 0 1 0 0 -37.31645656957522 42.218522557488726 143.1 -39.252763271855606 -40.42373090497515 281.66425 90.24246 309.8036422490418 -21.173162343664107 -4.149986 -4.7820053 0.45559394 309.803892390908 -21.1731959774545 309.8406090445552 -21.082574244178144 48.485081085905755 89.65533062881536 16000.0 16600.0 2016.0 2 12 {-999.0 11.831612 10.448895 9.171493 -999.0} sdss_psfmag_from_g3xp 11.281564 9.885129 8.723758 6.124 63050396543864981 1153162490 bright_1x1 mwm_galactic_core_dist_apogee_sparse mwm_galactic science 0 0 0.8968417644500732 0.0 -999 ""
FIBERMAP 1366 R+3C11 BOSS 0 0 0 1 0 0 -38.049590776934046 42.041504816729656 143.1 -39.02041368235727 -41.141242733920095 281.66425 90.24246 -999.0 -999.0 -999.0 -999.0 -999.0 309.8048072797473 -21.175336490096324 309.8413373965583 -21.08477848474226 48.48521293169557 89.65880498836941 -999.0 5400.0 -999.0 1 14 {-999.0 -999.0 -999.0 -999.0 -999.0} "" -999.0 -999.0 -999.0 -999.0 -999 -999 "" "" "" "" 0 0 0.0 0.0 -999 ""
FIBERMAP 1366 R+3C11 METROLOGY 0 0 0 1 0 0 -37.839928516791 42.751593793256674 143.1 -39.74440361796294 -40.98628429503466 281.66425 90.24246 -999.0 -999.0 -999.0 -999.0 -999.0 309.8023927132823 -21.174881351686256 309.8389783122823 -21.084309341146604 48.487112262727344 89.65698341140626 -999.0 6231.0 -999.0 -1 -999 {-999.0 -999.0 -999.0 -999.0 -999.0} "" -999.0 -999.0 -999.0 -999.0 -999 -999 "" "" "" "" 0 0 0.0 0.0 -999 ""
FIBERMAP 1367 R-10C9 APOGEE 0 0 0 1 0 0 -7.81795590554063 -176.69413456320532 143.1 176.7744746608973 5.66487775648642 157.4576 66.01773 -999.0 -999.0 -999.0 -999.0 -999.0 310.50635891447484 -21.03367467736601 310.5420154383212 -20.94176772774218 47.82244294314949 89.80108383562572 -999.0 16600.0 -999.0 2 -999 {-999.0 -999.0 -999.0 -999.0 -999.0} "" -999.0 -999.0 -999.0 -999.0 -999 -999 "" "" "" "" 0 0 0.0 0.0 -999 ""
FIBERMAP 1367 R-10C9 BOSS 1 1 0 1 0 0 -7.272107547034817 -176.17838438732286 143.1 176.21864720334185 6.1698461912702225 157.4576 66.01773 310.5048276702318 -21.03202523164803 -1.3869578 -19.418047 0.47569686 310.5048200009085 -21.032075976601362 310.5402799150629 -20.940240587379893 47.82342438797641 89.79810650410371 5400.0 5400.0 2016.0 1 404 {-999.0 17.576849 17.209826 17.014032 -999.0} sdss_psfmag_ps1 17.474077 17.16115 16.699074 15.816 63050396543798080 977477658 "" ops_std_boss ops_std standard_boss 0 0 0.0 0.0 -999 ""
FIBERMAP 1367 R-10C9 METROLOGY 0 0 0 1 0 0 -7.099993770667182 -176.90396446975836 143.1 176.92900050339003 6.396730664515833 157.4576 66.01773 -999.0 -999.0 -999.0 -999.0 -999.0 310.507086840574 -21.031403327862563 310.54259795916005 -20.939544578715395 47.82115289998165 89.79826817049639 -999.0 6231.0 -999.0 -1 -999 {-999.0 -999.0 -999.0 -999.0 -999.0} "" -999.0 -999.0 -999.0 -999.0 -999 -999 "" "" "" "" 0 0 0.0 0.0 -999 ""
FIBERMAP 1371 R-4C4 APOGEE 0 0 0 1 0 0 -180.7956545474184 -91.42350733341355 143.1 104.92941220423842 -173.3041134521596 268.64075 110.791916 -999.0 -999.0 -999.0 -999.0 -999.0 310.2727622774169 -21.576162926636894 310.30990854315974 -21.4845251708911 48.2134844537226 90.45015424165558 -999.0 16600.0 -999.0 2 -999 {-999.0 -999.0 -999.0 -999.0 -999.0} "" -999.0 -999.0 -999.0 -999.0 -999 -999 "" "" "" "" 0 0 0.0 0.0 -999 ""
FIBERMAP 1371 R-4C4 BOSS 1 1 0 1 0 0 -181.51589384527188 -91.69282739256971 143.1 105.25281267880081 -174.00173665255875 268.64075 110.791916 310.2740388670621 -21.578232724118084 0.16381666 -5.3524857 0.13980219 310.2740335633055 -21.57824779533195 310.31098987250346 -21.486672431840002 48.21327287616205 90.45369866908692 5400.0 5400.0 2016.0 1 493 {-999.0 16.360392 15.798153 15.535807 -999.0} sdss_psfmag_ps1 16.185013 15.763309 15.168416 13.954 63050396543784399 1076091536 bright_1x1 mwm_halo_mp_xp_boss_single mwm_halo science 0 0 0.0 0.0 -999 ""
FIBERMAP 1371 R-4C4 METROLOGY 0 0 0 1 0 0 -181.3815863171144 -90.9585533807935 143.1 104.5104485283863 -173.923755569277 268.64075 110.791916 -999.0 -999.0 -999.0 -999.0 -999.0 310.2715790936826 -21.57806096633031 310.3085924191597 -21.486471747720074 48.21530075001152 90.45227129327236 -999.0 6231.0 -999.0 -1 -999 {-999.0 -999.0 -999.0 -999.0 -999.0} "" -999.0 -999.0 -999.0 -999.0 -999 -999 "" "" "" "" 0 0 0.0 0.0 -999 ""
FIBERMAP 1375 R+7C1 APOGEE 1 1 0 1 0 0 -219.31258020661548 154.11637943138356 143.1 -136.9604180893528 -230.41323478208074 152.26273 63.69921 309.4841692626685 -21.746159008359502 -8.656978 -11.65016 1.1215255 309.48438268681934 -21.746202959893676 309.52276273700124 -21.656011980798944 48.96017187866871 90.31734709929742 16000.0 16600.0 2016.0 2 49 {-999.0 10.264621 9.118751 8.675207 -999.0} sdss_psfmag_from_g3xp 9.849288 9.128884 8.310452 6.539 63050396543860076 1153162461 bright_1x1 mwm_galactic_core_dist_apogee_sparse mwm_galactic science 0 0 0.7615690231323242 0.0 -999 ""
FIBERMAP 1375 R+7C1 BOSS 0 0 0 1 0 0 -218.71075183298794 154.56507837319174 143.1 -137.45365421472616 -229.84734179475993 152.26273 63.69921 -999.0 -999.0 -999.0 -999.0 -999.0 309.4829733091267 -21.7444235389435 309.5211619001876 -21.65429900103859 48.96099149420728 90.31412476908008 -999.0 5400.0 -999.0 1 36 {-999.0 -999.0 -999.0 -999.0 -999.0} "" -999.0 -999.0 -999.0 -999.0 -999 -999 "" "" "" "" 0 0 0.0 0.0 -999 ""
FIBERMAP 1375 R+7C1 METROLOGY 0 0 0 1 0 0 -218.62490945747533 153.82053366041418 143.1 -136.71781968102954 -229.70503250069433 152.26273 63.69921 -999.0 -999.0 -999.0 -999.0 -999.0 309.4852829025708 -21.744076482445625 309.5235217355571 -21.653929725701612 48.958802787219746 90.31472724527009 -999.0 6231.0 -999.0 -1 -999 {-999.0 -999.0 -999.0 -999.0 -999.0} "" -999.0 -999.0 -999.0 -999.0 -999 -999 "" "" "" "" 0 0 0.0 0.0 -999 ""
FIBERMAP 1377 R-3C22 APOGEE 1 1 0 1 0 0 208.53007496953396 -78.7240730437578 143.1 62.609321717472945 213.91900593601585 319.25394 41.288044 310.13582080478955 -20.4030495366518 5.5724955 -19.32308 2.164494 310.1358421462826 -20.403116929779156 310.1704515869003 -20.31210844343056 47.9228845972566 88.73924525396933 16000.0 16600.0 2016.0 2 202 {-999.0 10.975645 10.653348 10.563133 -999.0} sdss_psfmag_from_g3xp 10.933382 10.664993 10.2353945 9.575 63050396543884010 975404206 "" ops_std_apogee ops_std standard_apogee 0 0 0.0 0.0 -999 ""
FIBERMAP 1377 R-3C22 BOSS 0 0 0 1 0 0 207.803296476999 -78.72550172339359 143.1 62.666110072764134 213.19445543310258 319.25394 41.288044 -999.0 -999.0 -999.0 -999.0 -999.0 310.1362325608888 -20.405189845508247 310.1706540246146 -20.3142499452647 47.9234824335571 88.74232692110564 -999.0 5400.0 -999.0 1 285 {-999.0 -999.0 -999.0 -999.0 -999.0} "" -999.0 -999.0 -999.0 -999.0 -999 -999 "" "" "" "" 0 0 0.0 0.0 -999 ""
FIBERMAP 1377 R-3C22 METROLOGY 0 0 0 1 0 0 208.15140653774708 -78.08853301256138 143.1 62.00448065213961 213.49302806951468 319.25394 41.288044 -999.0 -999.0 -999.0 -999.0 -999.0 310.1340502108737 -20.404272389218974 310.168526341689 -20.313317075282207 47.925005095311306 88.73995180297402 -999.0 6231.0 -999.0 -1 -999 {-999.0 -999.0 -999.0 -999.0 -999.0} "" -999.0 -999.0 -999.0 -999.0 -999 -999 "" "" "" "" 0 0 0.0 0.0 -999 ""
FIBERMAP 1379 R-4C9 APOGEE 0 0 0 1 0 0 -72.73133488295151 -59.36617354910782 143.1 64.73353084997848 -67.99692326629349 148.69078 66.08932 -999.0 -999.0 -999.0 -999.0 -999.0 310.1424502210245 -21.257425696610053 310.1790036388495 -21.166134649869022 48.218245506765946 89.93852686823789 -999.0 16600.0 -999.0 2 292 {-999.0 -999.0 -999.0 -999.0 -999.0} "" -999.0 -999.0 -999.0 -999.0 -999 -999 "" "" "" "" 0 0 0.0 0.0 -999 ""
FIBERMAP 1379 R-4C9 BOSS 1 1 0 1 0 0 -72.09182456743424 -58.98768201974605 143.1 64.30742692553986 -67.38811001737848 148.69078 66.08932 310.1412963867187 -21.25556025615724 -999.0 -999.0 -999.0 310.1412975903416 -21.255550516003105 310.1776554231152 -21.164328738518755 48.21879724383008 89.93532981255771 5400.0 5400.0 2015.5 1 480 {-999.0 -999.0 -999.0 -999.0 -999.0} "" -999.0 -999.0 -999.0 -999.0 27021603186175203 825562923 "" ops_sky_boss_good ops_sky sky_boss 0 0 0.0 0.0 -999 ""
FIBERMAP 1379 R-4C9 METROLOGY 0 0 0 1 0 0 -72.0928655718483 -59.74761968724296 143.1 65.06522805039427 -67.33125817685408 148.69078 66.08932 -999.0 -999.0 -999.0 -999.0 -999.0 310.1437177720079 -21.255403434161288 310.1801272480369 -21.164158281153817 48.21657646381746 89.93629159290788 -999.0 6231.0 -999.0 -1 -999 {-999.0 -999.0 -999.0 -999.0 -999.0} "" -999.0 -999.0 -999.0 -999.0 -999 -999 "" "" "" "" 0 0 0.0 0.0 -999 ""
FIBERMAP 1385 R-13C3 APOGEE 0 0 0 1 0 0 -114.7527354646018 -259.3313469719665 143.1 267.31670766271174 -94.663039928641 225.8249 98.19237 -999.0 -999.0 -999.0 -999.0 -999.0 310.7990691029627 -21.336339603763808 310.835101672665 -21.24378805857535 47.6714210689582 90.36383337374451 -999.0 16600.0 -999.0 2 156 {-999.0 -999.0 -999.0 -999.0 -999.0} "" -999.0 -999.0 -999.0 -999.0 -999 -999 "" "" "" "" 0 0 0.0 0.0 -999 ""
FIBERMAP 1385 R-13C3 BOSS 1 1 0 1 0 0 -115.37679052914737 -258.88949104070844 143.1 266.923678778624 -95.31893464072618 225.8249 98.19237 310.7979931569373 -21.338228540272834 -6.4826465 -13.150404 0.28614962 310.7979761367894 -21.338252320883548 310.8338178030382 -21.245769731878244 47.67322946460694 90.36597960900463 5400.0 5400.0 2016.0 1 437 {-999.0 18.200605 17.82653 17.710129 -999.0} sdss_psfmag_ps1 18.094654 17.813868 17.362566 -999.0 63050396543795875 977477650 "" ops_std_boss ops_std standard_boss 0 0 0.0 0.0 -999 ""
FIBERMAP 1385 R-13C3 METROLOGY 0 0 0 1 0 0 -114.67648605959485 -258.5850104772778 143.1 266.56673889798236 -94.64386656569447 225.8249 98.19237 -999.0 -999.0 -999.0 -999.0 -999.0 310.79682941627055 -21.336258872261936 310.83272345446824 -21.24375992895676 47.67349100839116 90.36265509324437 -999.0 6231.0 -999.0 -1 -999 {-999.0 -999.0 -999.0 -999.0 -999.0} "" -999.0 -999.0 -999.0 -999.0 -999 -999 "" "" "" "" 0 0 0.0 0.0 -999 ""
FIBERMAP 1386 R-3C2 APOGEE 0 0 0 1 0 0 -240.80677739532445 -38.31294091874486 143.1 56.545177064522164 -237.18606078626283 162.41121 47.90591 -999.0 -999.0 -999.0 -999.0 -999.0 310.11468488995047 -21.768897119051907 310.1524446733505 -21.67749794812814 48.41682014891623 90.64812482960451 -999.0 16600.0 -999.0 2 -999 {-999.0 -999.0 -999.0 -999.0 -999.0} "" -999.0 -999.0 -999.0 -999.0 -999 -999 "" "" "" "" 0 0 0.0 0.0 -999 ""
FIBERMAP 1386 R-3C2 BOSS 1 1 0 1 0 0 -240.17001137731862 -37.93564640500641 143.1 56.120475717910104 -236.5798926478563 162.41121 47.90591 310.11350231187754 -21.76703175937701 0.645803 -0.57680655 -0.24794011 310.1135050001775 -21.767035238541265 310.1510692559551 -21.675703240217914 48.41741536821472 90.64492850978576 5400.0 5400.0 2016.0 1 514 {-999.0 19.554335 19.268093 18.98096 -999.0} sdss_psfmag_ps1 19.588604 19.452333 18.66419 -999.0 63050396543783487 1117383278 bright_1x1 openfibertargets_bhm_quaia_boss open_fiber science 0 0 0.0 0.0 -999 ""
FIBERMAP 1386 R-3C2 METROLOGY 0 0 0 1 0 0 -240.1610468000316 -38.69047265926328 143.1 56.87241813780211 -236.51345377251127 162.41121 47.90591 -999.0 -999.0 -999.0 -999.0 -999.0 310.1159114521322 -21.766892120719724 310.15352733308146 -21.675537374194228 48.41520980777846 90.64585836863148 -999.0 6231.0 -999.0 -1 -999 {-999.0 -999.0 -999.0 -999.0 -999.0} "" -999.0 -999.0 -999.0 -999.0 -999 -999 "" "" "" "" 0 0 0.0 0.0 -999 ""
FIBERMAP 1389 R+2C3 APOGEE 1 1 0 1 0 0 -224.2896239410855 21.95494249694335 143.1 -4.805203927095718 -225.30809797565732 296.8661 86.994576 309.914789380043 -21.73298269497466 1.5396622 -10.241378 0.5257567 309.91478650104807 -21.733012153659658 309.95267770160183 -21.642003689497674 48.579480433595926 90.50281262829049 16000.0 16600.0 2016.0 2 37 {-999.0 12.827242 11.947475 11.640323 -999.0} sdss_psfmag_from_g3xp 12.557172 11.99259 11.28544 9.885 63050396543784605 1107042134 bright_1x1 mwm_tess_rgb_apogee mwm_tessrgb science 0 0 0.0 0.0 -999 ""
FIBERMAP 1389 R+2C3 BOSS 0 0 0 1 0 0 -224.94142834232287 21.631262137103246 143.1 -4.432814825361519 -225.93334481611285 296.8661 86.994576 -999.0 -999.0 -999.0 -999.0 -999.0 309.9161871017861 -21.734872436631868 309.9538897772345 -21.643924812178557 48.57907185383293 90.50612181981546 -999.0 5400.0 -999.0 1 61 {-999.0 -999.0 -999.0 -999.0 -999.0} "" -999.0 -999.0 -999.0 -999.0 -999 -999 "" "" "" "" 0 0 0.0 0.0 -999 ""
FIBERMAP 1389 R+2C3 METROLOGY 0 0 0 1 0 0 -224.8913520199407 22.384855547537875 143.1 -5.188025557740257 -225.94082103016228 296.8661 86.994576 -999.0 -999.0 -999.0 -999.0 -999.0 309.91366930768964 -21.734943404702886 309.951429071559 -21.64398238088006 48.58124313571915 90.50503163341074 -999.0 6231.0 -999.0 -1 -999 {-999.0 -999.0 -999.0 -999.0 -999.0} "" -999.0 -999.0 -999.0 -999.0 -999 -999 "" "" "" "" 0 0 0.0 0.0 -999 ""
FIBERMAP 1390 R+5C10 APOGEE 0 0 0 1 0 0 -26.08237092808812 94.37641934036724 143.1 -92.1143563915453 -33.195636563814375 275.2386 165.05899 -999.0 -999.0 -999.0 -999.0 -999.0 309.6319235548363 -21.1506642634162 309.6687682378291 -21.060377594927413 48.62760304144996 89.5393554970849 -999.0 16600.0 -999.0 2 138 {-999.0 -999.0 -999.0 -999.0 -999.0} "" -999.0 -999.0 -999.0 -999.0 -999 -999 "" "" "" "" 0 0 0.0 0.0 -999 ""
FIBERMAP 1390 R+5C10 BOSS 1 1 0 1 0 0 -26.192057303800684 93.64103448953315 143.1 -91.37276020783871 -33.24898366511722 275.2386 165.05899 309.63452005257926 -21.150719812684443 -14.730041 -27.632095 0.75964284 309.63446924112975 -21.150788793163773 309.6711220482208 -21.060563125442993 48.62560952347628 89.54077900719153 5400.0 5400.0 2016.0 1 134 {-999.0 16.696651 15.945757 15.73429 -999.0} sdss_psfmag_ps1 16.436676 15.987007 15.364746 14.135 63050396543865223 1072895534 bright_1x1 mwm_halo_local_high_boss_single mwm_halo science 0 0 0.0 0.0 -999 ""
FIBERMAP 1390 R+5C10 METROLOGY 0 0 0 1 0 0 -26.787333254607134 94.12213794567586 143.1 -91.80711448597911 -33.87917293890663 275.2386 165.05899 -999.0 -999.0 -999.0 -999.0 -999.0 309.6329858113035 -21.152718082670035 309.66969832901793 -21.062475958320647 48.62752242259028 89.54278896904998 -999.0 6231.0 -999.0 -1 -999 {-999.0 -999.0 -999.0 -999.0 -999.0} "" -999.0 -999.0 -999.0 -999.0 -999 -999 "" "" "" "" 0 0 0.0 0.0 -999 ""
FIBERMAP 1394 R+6C7 APOGEE 1 1 0 1 0 0 -91.33834573019695 133.90240973146234 143.1 -126.554088370408 -101.27230987072444 127.40694 81.20174 309.5191731191997 -21.35655227468095 -4.81802 -7.4168997 0.0940863 309.51916405107903 -21.356576959363302 309.55660276543153 -21.266441284735894 48.797276348488836 89.77712616950276 16000.0 16600.0 2016.0 2 41 {-999.0 13.969052 12.792513 12.297105 -999.0} sdss_psfmag_from_g3xp 13.535497 12.771259 11.924516 10.008 63050396543864282 1153162489 bright_1x1 mwm_galactic_core_dist_apogee_sparse mwm_galactic science 0 0 0.0 0.0 -999 ""
FIBERMAP 1394 R+6C7 BOSS 0 0 0 1 0 0 -90.68102715752585 134.26079280483768 143.1 -126.96149905203933 -100.64420848751764 127.40694 81.20174 -999.0 -999.0 -999.0 -999.0 -999.0 309.5179802683653 -21.354642769302547 309.55522685711946 -21.26457480585444 48.79783444344366 89.77379453053447 -999.0 5400.0 -999.0 1 68 {-999.0 -999.0 -999.0 -999.0 -999.0} "" -999.0 -999.0 -999.0 -999.0 -999 -999 "" "" "" "" 0 0 0.0 0.0 -999 ""
FIBERMAP 1394 R+6C7 METROLOGY 0 0 0 1 0 0 -90.71254406759908 133.5021327007689 143.1 -126.20265020088135 -100.61784101133637 127.40694 81.20174 -999.0 -999.0 -999.0 -999.0 -999.0 309.52037739585046 -21.354607427475475 309.5576749085184 -21.264516515193364 48.7956735291026 89.77490856054811 -999.0 6231.0 -999.0 -1 -999 {-999.0 -999.0 -999.0 -999.0 -999.0} "" -999.0 -999.0 -999.0 -999.0 -999 -999 "" "" "" "" 0 0 0.0 0.0 -999 ""
FIBERMAP 1397 R-3C19 APOGEE 0 0 0 1 0 0 147.30186775962588 -39.102023560437075 143.1 27.766987285118304 149.85103846801061 129.9309 64.581085 -999.0 -999.0 -999.0 -999.0 -999.0 310.02305677951335 -20.596325746657904 310.05822283390546 -20.505469600740795 48.09066072799166 88.95222140895817 -999.0 16600.0 -999.0 2 -999 {-999.0 -999.0 -999.0 -999.0 -999.0} "" -999.0 -999.0 -999.0 -999.0 -999 -999 "" "" "" "" 0 0 0.0 0.0 -999 ""
FIBERMAP 1397 R-3C19 BOSS 1 1 0 1 0 0 148.01764228278435 -38.916804790148916 143.1 27.527782988364763 150.5506165002766 129.9309 64.581085 310.02229769242103 -20.594038872703678 -12.861574 -8.251748 0.18125205 310.02248891430605 -20.594074425713483 310.0574587708718 -20.50328903889347 48.09054675185714 88.94878979016084 5400.0 5400.0 2016.0 1 305 {-999.0 13.823205 13.170313 12.886084 -999.0} sdss_psfmag_from_g3xp 13.650043 13.179333 12.537678 11.229 63050396543883058 1061927089 bright_1x1 manual_mwm_halo_vmp_wise_boss_single mwm_halo science 0 0 0.7620320916175842 0.0 -999 ""
FIBERMAP 1397 R-3C19 METROLOGY 0 0 0 1 0 0 147.82487889011492 -39.63677357135869 143.1 28.260336615027825 150.4132602691416 129.9309 64.581085 -999.0 -999.0 -999.0 -999.0 -999.0 310.024811678055 -20.59449643328102 310.05983439444265 -20.50368696637604 48.08861237135086 88.9505406170477 -999.0 6231.0 -999.0 -1 -999 {-999.0 -999.0 -999.0 -999.0 -999.0} "" -999.0 -999.0 -999.0 -999.0 -999 -999 "" "" "" "" 0 0 0.0 0.0 -999 ""
FIBERMAP 1399 R+5C21 APOGEE 0 0 1 1 0 0 209.67151546204448 115.81643253858442 143.1 -131.45088986663362 200.23759640564745 143.73221 65.35818 -999.0 -999.0 -999.0 -999.0 -999.0 309.5086949264554 -20.44323040730772 309.5440390467087 -20.35340218512903 48.48544417622221 88.47828730908611 -999.0 16600.0 -999.0 2 -999 {-999.0 -999.0 -999.0 -999.0 -999.0} "" -999.0 -999.0 -999.0 -999.0 -999 -999 "" "" "" "" 0 0 0.0 0.0 -999 ""
FIBERMAP 1399 R+5C21 BOSS 1 0 1 1 0 0 210.29460545300947 116.18364886450081 143.1 -131.8645006122364 200.83089612049514 143.73221 65.35818 309.5318703862907 -20.378834622559214 7.4567127 -2.6009562 0.25617883 309.5075494105023 -20.441349914699305 309.5427017813805 -20.351593035334723 48.48595922666024 88.47505857670012 5400.0 5400.0 2016.0 1 247 {-999.0 16.889866 16.59655 16.485895 -999.0} sdss_psfmag_ps1 16.803652 16.54474 16.118305 15.492 63050396543902302 944753967 bright_1x1 openfibertargets_nov2020_6c open_fiber science 0 0 0.0 0.0 -999 ""
FIBERMAP 1399 R+5C21 METROLOGY 0 0 1 1 0 0 210.31279092435625 115.43138189485956 143.1 -131.1158124350467 200.90633404465868 143.73221 65.35818 -999.0 -999.0 -999.0 -999.0 -999.0 309.50988842061855 -20.44111138900856 309.54509129894154 -20.351330686384646 48.483775534173326 88.47591138062273 -999.0 6231.0 -999.0 -1 -999 {-999.0 -999.0 -999.0 -999.0 -999.0} "" -999.0 -999.0 -999.0 -999.0 -999 -999 "" "" "" "" 0 0 0.0 0.0 -999 ""
FIBERMAP 1401 R-2C6 APOGEE 0 0 0 1 0 0 -145.74593116848047 -21.737164289023852 143.1 32.77627763726852 -143.6650888680469 110.554825 50.40877 -999.0 -999.0 -999.0 -999.0 -999.0 310.0378915083917 -21.486713092582264 310.07508291229226 -21.395548067433282 48.388348622269234 90.21192131372027 -999.0 16600.0 -999.0 2 -999 {-999.0 -999.0 -999.0 -999.0 -999.0} "" -999.0 -999.0 -999.0 -999.0 -999 -999 "" "" "" "" 0 0 0.0 0.0 -999 ""
FIBERMAP 1401 R-2C6 BOSS 1 1 0 1 0 0 -145.03521581951105 -21.960535236857787 143.1 32.944857076541204 -142.93943009900448 110.554825 50.40877 310.0386670769478 -21.484478729068297 -1.9812814 -10.145953 0.15359265 310.0386540010996 -21.484516700201517 310.07564756841236 -21.393416271154226 48.38712283399759 90.20917822178063 5400.0 5400.0 2016.0 1 470 {-999.0 16.853554 16.559544 16.489557 -999.0} sdss_psfmag_ps1 16.827995 16.554401 16.126596 15.31 63050396543785988 944753454 bright_1x1 openfibertargets_nov2020_6c open_fiber science 0 0 0.0 0.0 -999 ""
FIBERMAP 1401 R-2C6 METROLOGY 0 0 0 1 0 0 -145.59127085670548 -22.46899651348364 143.1 33.494194402646855 -143.45513069845614 110.554825 50.40877 -999.0 -999.0 -999.0 -999.0 -999.0 310.0403912544219 -21.48611329368656 310.07744104370533 -21.394990545295123 48.38609505454303 90.21226805580051 -999.0 6231.0 -999.0 -1 -999 {-999.0 -999.0 -999.0 -999.0 -999.0} "" -999.0 -999.0 -999.0 -999.0 -999 -999 "" "" "" "" 0 0 0.0 0.0 -999 ""
